"Date","PM2.5 AQI Value","Main Pollutant","Site Name","Site ID","Source"
"01/01/1999","84","","E. Rivers School","13-121-0032","AQS"
"01/02/1999","68","","E. Rivers School","13-121-0032","AQS"
"01/03/1999","63","","Doraville","13-089-2001","AQS"
"01/04/1999","61","","Doraville","13-089-2001","AQS"
"01/05/1999","8","","E. Rivers School","13-121-0032","AQS"
"01/06/1999","96","","Doraville","13-089-2001","AQS"
"01/07/1999","75","","E. Rivers School","13-121-0032","AQS"
"01/08/1999","70","","E. Rivers School","13-121-0032","AQS"
"01/09/1999","69","","Forest Park","13-063-0091","AQS"
"01/10/1999","65","","E. Rivers School","13-121-0032","AQS"
"01/12/1999","63","","Forest Park","13-063-0091","AQS"
"01/13/1999","72","","Doraville","13-089-2001","AQS"
"01/14/1999","87","","Doraville","13-089-2001","AQS"
"01/15/1999","135","","Doraville","13-089-2001","AQS"
"01/16/1999","160","","Doraville","13-089-2001","AQS"
"01/17/1999","81","","E. Rivers School","13-121-0032","AQS"
"01/18/1999","79","","Not Available","13-121-1001","AQS"
"01/19/1999","55","","Doraville","13-089-2001","AQS"
"01/21/1999","74","","Not Available","13-121-1001","AQS"
"01/22/1999","63","","Doraville","13-089-2001","AQS"
"01/23/1999","34","","E. Rivers School","13-121-0032","AQS"
"01/24/1999","55","","Fire Station #8","13-121-0039","AQS"
"01/25/1999","68","","South DeKalb","13-089-0002","AQS"
"01/26/1999","71","","Doraville","13-089-2001","AQS"
"01/27/1999","91","","Fire Station #8","13-121-0039","AQS"
"01/28/1999","106","","Doraville","13-089-2001","AQS"
"01/29/1999","98","","Doraville","13-089-2001","AQS"
"01/30/1999","131","","Fire Station #8","13-121-0039","AQS"
"01/31/1999","64","","Doraville","13-089-2001","AQS"
"02/01/1999","53","","Doraville","13-089-2001","AQS"
"02/02/1999","74","","Fire Station #8","13-121-0039","AQS"
"02/03/1999","75","","Doraville","13-089-2001","AQS"
"02/04/1999","59","","Doraville","13-089-2001","AQS"
"02/05/1999","64","","Fire Station #8","13-121-0039","AQS"
"02/06/1999","77","","E. Rivers School","13-121-0032","AQS"
"02/07/1999","72","","Kennesaw","13-067-0003","AQS"
"02/08/1999","62","","Doraville","13-089-2001","AQS"
"02/09/1999","84","","Doraville","13-089-2001","AQS"
"02/11/1999","75","","Fire Station #8","13-121-0039","AQS"
"02/14/1999","58","","Fire Station #8","13-121-0039","AQS"
"02/17/1999","72","","Fire Station #8","13-121-0039","AQS"
"02/18/1999","66","","Doraville","13-089-2001","AQS"
"02/20/1999","66","","Doraville","13-089-2001","AQS"
"02/21/1999","63","","Doraville","13-089-2001","AQS"
"02/22/1999","63","","South DeKalb","13-089-0002","AQS"
"02/23/1999","66","","Forest Park","13-063-0091","AQS"
"02/24/1999","97","","Doraville","13-089-2001","AQS"
"02/25/1999","94","","Doraville","13-089-2001","AQS"
"02/26/1999","90","","Doraville","13-089-2001","AQS"
"02/27/1999","110","","Doraville","13-089-2001","AQS"
"02/28/1999","53","","Doraville","13-089-2001","AQS"
"03/01/1999","62","","Fire Station #8","13-121-0039","AQS"
"03/02/1999","64","","South DeKalb","13-089-0002","AQS"
"03/03/1999","65","","Doraville","13-089-2001","AQS"
"03/04/1999","74","","Doraville","13-089-2001","AQS"
"03/05/1999","81","","Doraville","13-089-2001","AQS"
"03/06/1999","80","","Doraville","13-089-2001","AQS"
"03/07/1999","64","","Forest Park","13-063-0091","AQS"
"03/08/1999","53","","South DeKalb","13-089-0002","AQS"
"03/09/1999","72","","Doraville","13-089-2001","AQS"
"03/10/1999","75","","Forest Park","13-063-0091","AQS"
"03/11/1999","76","","South DeKalb","13-089-0002","AQS"
"03/12/1999","58","","Doraville","13-089-2001","AQS"
"03/13/1999","83","","Doraville","13-089-2001","AQS"
"03/14/1999","71","","South DeKalb","13-089-0002","AQS"
"03/15/1999","53","","Doraville","13-089-2001","AQS"
"03/16/1999","70","","Fire Station #8","13-121-0039","AQS"
"03/17/1999","75","","E. Rivers School","13-121-0032","AQS"
"03/18/1999","77","","Doraville","13-089-2001","AQS"
"03/19/1999","68","","Kennesaw","13-067-0003","AQS"
"03/20/1999","72","","Doraville","13-089-2001","AQS"
"03/21/1999","83","","South DeKalb","13-089-0002","AQS"
"03/22/1999","92","","South DeKalb","13-089-0002","AQS"
"03/23/1999","74","","Doraville","13-089-2001","AQS"
"03/24/1999","84","","Doraville","13-089-2001","AQS"
"03/25/1999","90","","Doraville","13-089-2001","AQS"
"03/26/1999","66","","Doraville","13-089-2001","AQS"
"03/27/1999","79","","Doraville","13-089-2001","AQS"
"03/28/1999","97","","Kennesaw","13-067-0003","AQS"
"03/29/1999","85","","Doraville","13-089-2001","AQS"
"03/30/1999","77","","Doraville","13-089-2001","AQS"
"03/31/1999","92","","Doraville","13-089-2001","AQS"
"04/01/1999","72","","Doraville","13-089-2001","AQS"
"04/02/1999","79","","South DeKalb","13-089-0002","AQS"
"04/03/1999","82","","Doraville","13-089-2001","AQS"
"04/04/1999","55","","E. Rivers School","13-121-0032","AQS"
"04/05/1999","62","","South DeKalb","13-089-0002","AQS"
"04/06/1999","79","","Kennesaw","13-067-0003","AQS"
"04/07/1999","77","","South DeKalb","13-089-0002","AQS"
"04/08/1999","90","","Doraville","13-089-2001","AQS"
"04/09/1999","87","","Yorkville, King Farm","13-223-0003","AQS"
"04/10/1999","93","","Doraville","13-089-2001","AQS"
"04/11/1999","64","","South DeKalb","13-089-0002","AQS"
"04/12/1999","56","","Kennesaw","13-067-0003","AQS"
"04/13/1999","67","","Doraville","13-089-2001","AQS"
"04/14/1999","65","","South DeKalb","13-089-0002","AQS"
"04/15/1999","66","","Doraville","13-089-2001","AQS"
"04/16/1999","48","","Doraville","13-089-2001","AQS"
"04/17/1999","48","","Doraville","13-089-2001","AQS"
"04/18/1999","55","","Doraville","13-089-2001","AQS"
"04/19/1999","58","","E. Rivers School","13-121-0032","AQS"
"04/20/1999","68","","E. Rivers School","13-121-0032","AQS"
"04/21/1999","81","","Forest Park","13-063-0091","AQS"
"04/22/1999","80","","South DeKalb","13-089-0002","AQS"
"04/23/1999","78","","South DeKalb","13-089-0002","AQS"
"04/24/1999","82","","Forest Park","13-063-0091","AQS"
"04/25/1999","90","","South DeKalb","13-089-0002","AQS"
"04/26/1999","71","","E. Rivers School","13-121-0032","AQS"
"04/27/1999","72","","Fire Station #8","13-121-0039","AQS"
"04/28/1999","68","","Doraville","13-089-2001","AQS"
"04/29/1999","48","","E. Rivers School","13-121-0032","AQS"
"04/30/1999","56","","Kennesaw","13-067-0003","AQS"
"05/01/1999","48","","Doraville","13-089-2001","AQS"
"05/02/1999","63","","South DeKalb","13-089-0002","AQS"
"05/03/1999","181","","Yorkville, King Farm","13-223-0003","AQS"
"05/04/1999","74","","Doraville","13-089-2001","AQS"
"05/05/1999","71","","Doraville","13-089-2001","AQS"
"05/06/1999","66","","E. Rivers School","13-121-0032","AQS"
"05/07/1999","56","","E. Rivers School","13-121-0032","AQS"
"05/08/1999","57","","E. Rivers School","13-121-0032","AQS"
"05/09/1999","88","","E. Rivers School","13-121-0032","AQS"
"05/10/1999","79","","E. Rivers School","13-121-0032","AQS"
"05/11/1999","77","","Doraville","13-089-2001","AQS"
"05/12/1999","76","","Forest Park","13-063-0091","AQS"
"05/13/1999","66","","South DeKalb","13-089-0002","AQS"
"05/14/1999","73","","South DeKalb","13-089-0002","AQS"
"05/15/1999","56","","Kennesaw","13-067-0003","AQS"
"05/16/1999","63","","South DeKalb","13-089-0002","AQS"
"05/17/1999","67","","South DeKalb","13-089-0002","AQS"
"05/18/1999","74","","South DeKalb","13-089-0002","AQS"
"05/19/1999","59","","E. Rivers School","13-121-0032","AQS"
"05/20/1999","63","","E. Rivers School","13-121-0032","AQS"
"05/21/1999","126","","Yorkville, King Farm","13-223-0003","AQS"
"05/22/1999","92","","Doraville","13-089-2001","AQS"
"05/23/1999","90","","E. Rivers School","13-121-0032","AQS"
"05/24/1999","92","","Doraville","13-089-2001","AQS"
"05/25/1999","74","","E. Rivers School","13-121-0032","AQS"
"05/26/1999","66","","E. Rivers School","13-121-0032","AQS"
"05/27/1999","85","","Forest Park","13-063-0091","AQS"
"05/28/1999","76","","South DeKalb","13-089-0002","AQS"
"05/29/1999","106","","Doraville","13-089-2001","AQS"
"05/30/1999","94","","Kennesaw","13-067-0003","AQS"
"05/31/1999","115","","South DeKalb","13-089-0002","AQS"
"06/01/1999","88","","E. Rivers School","13-121-0032","AQS"
"06/02/1999","91","","Forest Park","13-063-0091","AQS"
"06/03/1999","66","","South DeKalb","13-089-0002","AQS"
"06/04/1999","78","","South DeKalb","13-089-0002","AQS"
"06/05/1999","124","","Kennesaw","13-067-0003","AQS"
"06/06/1999","106","","E. Rivers School","13-121-0032","AQS"
"06/07/1999","73","","E. Rivers School","13-121-0032","AQS"
"06/08/1999","97","","Fire Station #8","13-121-0039","AQS"
"06/09/1999","97","","E. Rivers School","13-121-0032","AQS"
"06/10/1999","82","","Doraville","13-089-2001","AQS"
"06/11/1999","73","","Kennesaw","13-067-0003","AQS"
"06/12/1999","87","","E. Rivers School","13-121-0032","AQS"
"06/13/1999","82","","E. Rivers School","13-121-0032","AQS"
"06/14/1999","73","","Fire Station #8","13-121-0039","AQS"
"06/15/1999","83","","Doraville","13-089-2001","AQS"
"06/16/1999","71","","Doraville","13-089-2001","AQS"
"06/17/1999","89","","South DeKalb","13-089-0002","AQS"
"06/18/1999","117","","South DeKalb","13-089-0002","AQS"
"06/19/1999","134","","Doraville","13-089-2001","AQS"
"06/20/1999","70","","Yorkville, King Farm","13-223-0003","AQS"
"06/21/1999","62","","Doraville","13-089-2001","AQS"
"06/22/1999","74","","Doraville","13-089-2001","AQS"
"06/23/1999","86","","Doraville","13-089-2001","AQS"
"06/24/1999","70","","Doraville","13-089-2001","AQS"
"06/25/1999","66","","Doraville","13-089-2001","AQS"
"06/26/1999","55","","Fire Station #8","13-121-0039","AQS"
"06/27/1999","52","","Forest Park","13-063-0091","AQS"
"06/28/1999","57","","Doraville","13-089-2001","AQS"
"06/29/1999","80","","E. Rivers School","13-121-0032","AQS"
"06/30/1999","70","","South DeKalb","13-089-0002","AQS"
"07/01/1999","85","","E. Rivers School","13-121-0032","AQS"
"07/02/1999","92","","Kennesaw","13-067-0003","AQS"
"07/03/1999","66","","Doraville","13-089-2001","AQS"
"07/04/1999","55","","E. Rivers School","13-121-0032","AQS"
"07/05/1999","109","","E. Rivers School","13-121-0032","AQS"
"07/06/1999","92","","South DeKalb","13-089-0002","AQS"
"07/07/1999","77","","Doraville","13-089-2001","AQS"
"07/08/1999","79","","Forest Park","13-063-0091","AQS"
"07/09/1999","63","","E. Rivers School","13-121-0032","AQS"
"07/10/1999","60","","South DeKalb","13-089-0002","AQS"
"07/11/1999","58","","Doraville","13-089-2001","AQS"
"07/12/1999","54","","South DeKalb","13-089-0002","AQS"
"07/13/1999","47","","Doraville","13-089-2001","AQS"
"07/14/1999","70","","Doraville","13-089-2001","AQS"
"07/15/1999","73","","South DeKalb","13-089-0002","AQS"
"07/16/1999","77","","Doraville","13-089-2001","AQS"
"07/17/1999","77","","Doraville","13-089-2001","AQS"
"07/18/1999","87","","Doraville","13-089-2001","AQS"
"07/19/1999","93","","Doraville","13-089-2001","AQS"
"07/20/1999","123","","Forest Park","13-063-0091","AQS"
"07/21/1999","168","","Doraville","13-089-2001","AQS"
"07/22/1999","88","","South DeKalb","13-089-0002","AQS"
"07/23/1999","114","","Forest Park","13-063-0091","AQS"
"07/24/1999","123","","South DeKalb","13-089-0002","AQS"
"07/25/1999","121","","Doraville","13-089-2001","AQS"
"07/26/1999","98","","Forest Park","13-063-0091","AQS"
"07/27/1999","160","","South DeKalb","13-089-0002","AQS"
"07/28/1999","120","","E. Rivers School","13-121-0032","AQS"
"07/29/1999","166","","Fire Station #8","13-121-0039","AQS"
"07/30/1999","87","","Doraville","13-089-2001","AQS"
"07/31/1999","99","","South DeKalb","13-089-0002","AQS"
"08/01/1999","153","","Doraville","13-089-2001","AQS"
"08/02/1999","80","","E. Rivers School","13-121-0032","AQS"
"08/03/1999","93","","E. Rivers School","13-121-0032","AQS"
"08/04/1999","155","","South DeKalb","13-089-0002","AQS"
"08/05/1999","119","","South DeKalb","13-089-0002","AQS"
"08/06/1999","108","","Doraville","13-089-2001","AQS"
"08/07/1999","102","","South DeKalb","13-089-0002","AQS"
"08/08/1999","145","","Doraville","13-089-2001","AQS"
"08/09/1999","87","","Doraville","13-089-2001","AQS"
"08/10/1999","132","","South DeKalb","13-089-0002","AQS"
"08/11/1999","106","","Doraville","13-089-2001","AQS"
"08/12/1999","154","","South DeKalb","13-089-0002","AQS"
"08/13/1999","128","","Doraville","13-089-2001","AQS"
"08/14/1999","69","","Doraville","13-089-2001","AQS"
"08/15/1999","73","","Doraville","13-089-2001","AQS"
"08/16/1999","95","","Fire Station #8","13-121-0039","AQS"
"08/17/1999","96","","South DeKalb","13-089-0002","AQS"
"08/18/1999","90","","Doraville","13-089-2001","AQS"
"08/19/1999","109","","Forest Park","13-063-0091","AQS"
"08/20/1999","107","","E. Rivers School","13-121-0032","AQS"
"08/21/1999","82","","South DeKalb","13-089-0002","AQS"
"08/22/1999","103","","Not Available","13-121-1001","AQS"
"08/23/1999","98","","Doraville","13-089-2001","AQS"
"08/24/1999","54","","Doraville","13-089-2001","AQS"
"08/25/1999","87","","Yorkville, King Farm","13-223-0003","AQS"
"08/26/1999","75","","Doraville","13-089-2001","AQS"
"08/27/1999","96","","Doraville","13-089-2001","AQS"
"08/28/1999","102","","Fire Station #8","13-121-0039","AQS"
"08/29/1999","100","","Doraville","13-089-2001","AQS"
"08/30/1999","100","","Doraville","13-089-2001","AQS"
"08/31/1999","61","","Kennesaw","13-067-0003","AQS"
"09/01/1999","73","","South DeKalb","13-089-0002","AQS"
"09/02/1999","101","","E. Rivers School","13-121-0032","AQS"
"09/03/1999","112","","Fire Station #8","13-121-0039","AQS"
"09/04/1999","78","","South DeKalb","13-089-0002","AQS"
"09/05/1999","97","","South DeKalb","13-089-0002","AQS"
"09/06/1999","88","","South DeKalb","13-089-0002","AQS"
"09/07/1999","89","","South DeKalb","13-089-0002","AQS"
"09/08/1999","118","","Doraville","13-089-2001","AQS"
"09/09/1999","112","","South DeKalb","13-089-0002","AQS"
"09/10/1999","64","","South DeKalb","13-089-0002","AQS"
"09/11/1999","158","","E. Rivers School","13-121-0032","AQS"
"09/12/1999","74","","Kennesaw","13-067-0003","AQS"
"09/13/1999","89","","South DeKalb","13-089-0002","AQS"
"09/14/1999","215","","E. Rivers School","13-121-0032","AQS"
"09/15/1999","84","","Doraville","13-089-2001","AQS"
"09/16/1999","58","","South DeKalb","13-089-0002","AQS"
"09/17/1999","70","","South DeKalb","13-089-0002","AQS"
"09/18/1999","76","","Forest Park","13-063-0091","AQS"
"09/19/1999","88","","South DeKalb","13-089-0002","AQS"
"09/20/1999","71","","E. Rivers School","13-121-0032","AQS"
"09/21/1999","69","","Forest Park","13-063-0091","AQS"
"09/22/1999","54","","E. Rivers School","13-121-0032","AQS"
"09/23/1999","63","","Doraville","13-089-2001","AQS"
"09/24/1999","85","","South DeKalb","13-089-0002","AQS"
"09/25/1999","90","","E. Rivers School","13-121-0032","AQS"
"09/26/1999","66","","South DeKalb","13-089-0002","AQS"
"09/27/1999","41","","Fire Station #8","13-121-0039","AQS"
"09/28/1999","61","","Doraville","13-089-2001","AQS"
"09/29/1999","73","","Yorkville, King Farm","13-223-0003","AQS"
"09/30/1999","62","","Kennesaw","13-067-0003","AQS"
"10/01/1999","71","","South DeKalb","13-089-0002","AQS"
"10/02/1999","83","","South DeKalb","13-089-0002","AQS"
"10/03/1999","74","","South DeKalb","13-089-0002","AQS"
"10/04/1999","62","","E. Rivers School","13-121-0032","AQS"
"10/05/1999","85","","Doraville","13-089-2001","AQS"
"10/06/1999","113","","Forest Park","13-063-0091","AQS"
"10/07/1999","94","","Doraville","13-089-2001","AQS"
"10/08/1999","88","","Doraville","13-089-2001","AQS"
"10/09/1999","75","","E. Rivers School","13-121-0032","AQS"
"10/10/1999","54","","South DeKalb","13-089-0002","AQS"
"10/11/1999","73","","South DeKalb","13-089-0002","AQS"
"10/12/1999","92","","Not Available","13-121-1001","AQS"
"10/13/1999","68","","Doraville","13-089-2001","AQS"
"10/14/1999","89","","Doraville","13-089-2001","AQS"
"10/15/1999","89","","Doraville","13-089-2001","AQS"
"10/16/1999","65","","Doraville","13-089-2001","AQS"
"10/17/1999","72","","South DeKalb","13-089-0002","AQS"
"10/18/1999","84","","Fire Station #8","13-121-0039","AQS"
"10/19/1999","72","","E. Rivers School","13-121-0032","AQS"
"10/20/1999","73","","Doraville","13-089-2001","AQS"
"10/21/1999","69","","Fire Station #8","13-121-0039","AQS"
"10/22/1999","73","","E. Rivers School","13-121-0032","AQS"
"10/23/1999","41","","E. Rivers School","13-121-0032","AQS"
"10/24/1999","54","","Forest Park","13-063-0091","AQS"
"10/25/1999","71","","E. Rivers School","13-121-0032","AQS"
"10/26/1999","82","","Doraville","13-089-2001","AQS"
"10/27/1999","96","","Forest Park","13-063-0091","AQS"
"10/28/1999","93","","Doraville","13-089-2001","AQS"
"10/29/1999","104","","Doraville","13-089-2001","AQS"
"10/30/1999","87","","South DeKalb","13-089-0002","AQS"
"10/31/1999","68","","E. Rivers School","13-121-0032","AQS"
"11/01/1999","68","","E. Rivers School","13-121-0032","AQS"
"11/02/1999","53","","Fire Station #8","13-121-0039","AQS"
"11/03/1999","46","","Doraville","13-089-2001","AQS"
"11/04/1999","79","","South DeKalb","13-089-0002","AQS"
"11/05/1999","89","","Fire Station #8","13-121-0039","AQS"
"11/06/1999","84","","E. Rivers School","13-121-0032","AQS"
"11/07/1999","83","","E. Rivers School","13-121-0032","AQS"
"11/08/1999","206","","Yorkville, King Farm","13-223-0003","AQS"
"11/09/1999","92","","South DeKalb","13-089-0002","AQS"
"11/10/1999","92","","South DeKalb","13-089-0002","AQS"
"11/11/1999","95","","South DeKalb","13-089-0002","AQS"
"11/12/1999","107","","Doraville","13-089-2001","AQS"
"11/13/1999","104","","Doraville","13-089-2001","AQS"
"11/14/1999","104","","Fire Station #8","13-121-0039","AQS"
"11/15/1999","67","","E. Rivers School","13-121-0032","AQS"
"11/16/1999","179","","South DeKalb","13-089-0002","AQS"
"11/17/1999","84","","Forest Park","13-063-0091","AQS"
"11/18/1999","99","","Doraville","13-089-2001","AQS"
"11/19/1999","80","","Doraville","13-089-2001","AQS"
"11/20/1999","92","","South DeKalb","13-089-0002","AQS"
"11/21/1999","61","","South DeKalb","13-089-0002","AQS"
"11/22/1999","65","","Doraville","13-089-2001","AQS"
"11/23/1999","75","","Doraville","13-089-2001","AQS"
"11/24/1999","62","","South DeKalb","13-089-0002","AQS"
"11/25/1999","27","","Doraville","13-089-2001","AQS"
"11/26/1999","59","","South DeKalb","13-089-0002","AQS"
"11/27/1999","60","","E. Rivers School","13-121-0032","AQS"
"11/28/1999","78","","E. Rivers School","13-121-0032","AQS"
"11/29/1999","79","","Forest Park","13-063-0091","AQS"
"11/30/1999","44","","Doraville","13-089-2001","AQS"
"12/01/1999","65","","Doraville","13-089-2001","AQS"
"12/02/1999","112","","Fire Station #8","13-121-0039","AQS"
"12/03/1999","72","","E. Rivers School","13-121-0032","AQS"
"12/04/1999","71","","E. Rivers School","13-121-0032","AQS"
"12/05/1999","59","","E. Rivers School","13-121-0032","AQS"
"12/06/1999","60","","Doraville","13-089-2001","AQS"
"12/07/1999","83","","E. Rivers School","13-121-0032","AQS"
"12/08/1999","69","","Doraville","13-089-2001","AQS"
"12/09/1999","92","","Doraville","13-089-2001","AQS"
"12/10/1999","65","","Doraville","13-089-2001","AQS"
"12/11/1999","57","","South DeKalb","13-089-0002","AQS"
"12/12/1999","66","","Doraville","13-089-2001","AQS"
"12/13/1999","56","","Doraville","13-089-2001","AQS"
"12/14/1999","67","","Fire Station #8","13-121-0039","AQS"
"12/15/1999","66","","Doraville","13-089-2001","AQS"
"12/16/1999","58","","Doraville","13-089-2001","AQS"
"12/17/1999","83","","Doraville","13-089-2001","AQS"
"12/18/1999","73","","Doraville","13-089-2001","AQS"
"12/19/1999","49","","Doraville","13-089-2001","AQS"
"12/20/1999","72","","Fire Station #8","13-121-0039","AQS"
"12/21/1999","63","","Doraville","13-089-2001","AQS"
"12/22/1999","56","","Doraville","13-089-2001","AQS"
"12/23/1999","62","","Fire Station #8","13-121-0039","AQS"
"12/24/1999","60","","E. Rivers School","13-121-0032","AQS"
"12/25/1999","77","","E. Rivers School","13-121-0032","AQS"
"12/26/1999","66","","Fire Station #8","13-121-0039","AQS"
"12/27/1999","44","","E. Rivers School","13-121-0032","AQS"
"12/28/1999","61","","E. Rivers School","13-121-0032","AQS"
"12/29/1999","75","","Fire Station #8","13-121-0039","AQS"
"12/30/1999","79","","South DeKalb","13-089-0002","AQS"
"12/31/1999","82","","South DeKalb","13-089-0002","AQS"
"01/01/2000","97","","E. Rivers School","13-121-0032","AQS"
"01/02/2000","60","","Doraville","13-089-2001","AQS"
"01/03/2000","56","","Doraville","13-089-2001","AQS"
"01/04/2000","49","","Fire Station #8","13-121-0039","AQS"
"01/05/2000","54","","Doraville","13-089-2001","AQS"
"01/06/2000","60","","Doraville","13-089-2001","AQS"
"01/07/2000","72","","Fire Station #8","13-121-0039","AQS"
"01/08/2000","64","","E. Rivers School","13-121-0032","AQS"
"01/09/2000","73","","Doraville","13-089-2001","AQS"
"01/10/2000","56","","Fire Station #8","13-121-0039","AQS"
"01/11/2000","62","","Doraville","13-089-2001","AQS"
"01/12/2000","72","","Doraville","13-089-2001","AQS"
"01/13/2000","63","","Kennesaw","13-067-0003","AQS"
"01/14/2000","52","","South DeKalb","13-089-0002","AQS"
"01/15/2000","69","","Doraville","13-089-2001","AQS"
"01/16/2000","67","","Fire Station #8","13-121-0039","AQS"
"01/17/2000","62","","Doraville","13-089-2001","AQS"
"01/18/2000","74","","Doraville","13-089-2001","AQS"
"01/19/2000","70","","Fire Station #8","13-121-0039","AQS"
"01/20/2000","52","","E. Rivers School","13-121-0032","AQS"
"01/21/2000","57","","Doraville","13-089-2001","AQS"
"01/22/2000","67","","Not Available","13-121-1001","AQS"
"01/23/2000","104","","South DeKalb","13-089-0002","AQS"
"01/24/2000","80","","South DeKalb","13-089-0002","AQS"
"01/25/2000","65","","Forest Park","13-063-0091","AQS"
"01/26/2000","55","","Doraville","13-089-2001","AQS"
"01/27/2000","62","","South DeKalb","13-089-0002","AQS"
"01/28/2000","58","","Not Available","13-121-1001","AQS"
"01/29/2000","49","","E. Rivers School","13-121-0032","AQS"
"01/30/2000","66","","E. Rivers School","13-121-0032","AQS"
"01/31/2000","65","","South DeKalb","13-089-0002","AQS"
"02/01/2000","76","","Doraville","13-089-2001","AQS"
"02/02/2000","67","","E. Rivers School","13-121-0032","AQS"
"02/03/2000","89","","Fire Station #8","13-121-0039","AQS"
"02/04/2000","65","","Doraville","13-089-2001","AQS"
"02/05/2000","66","","E. Rivers School","13-121-0032","AQS"
"02/06/2000","90","","Yorkville, King Farm","13-223-0003","AQS"
"02/07/2000","84","","Doraville","13-089-2001","AQS"
"02/08/2000","124","","Not Available","13-121-1001","AQS"
"02/09/2000","122","","Fire Station #8","13-121-0039","AQS"
"02/10/2000","107","","Doraville","13-089-2001","AQS"
"02/11/2000","79","","E. Rivers School","13-121-0032","AQS"
"02/12/2000","78","","Kennesaw","13-067-0003","AQS"
"02/13/2000","54","","E. Rivers School","13-121-0032","AQS"
"02/14/2000","57","","South DeKalb","13-089-0002","AQS"
"02/15/2000","60","","Forest Park","13-063-0091","AQS"
"02/16/2000","80","","Doraville","13-089-2001","AQS"
"02/17/2000","68","","E. Rivers School","13-121-0032","AQS"
"02/18/2000","125","","Kennesaw","13-067-0003","AQS"
"02/19/2000","61","","Doraville","13-089-2001","AQS"
"02/20/2000","58","","South DeKalb","13-089-0002","AQS"
"02/21/2000","66","","Kennesaw","13-067-0003","AQS"
"02/22/2000","79","","Doraville","13-089-2001","AQS"
"02/23/2000","87","","South DeKalb","13-089-0002","AQS"
"02/24/2000","77","","Gwinnett","13-135-0002","AQS"
"02/25/2000","70","","Doraville","13-089-2001","AQS"
"02/26/2000","58","","South DeKalb","13-089-0002","AQS"
"02/27/2000","98","","Not Available","13-121-1001","AQS"
"02/28/2000","49","","South DeKalb","13-089-0002","AQS"
"02/29/2000","64","","South DeKalb","13-089-0002","AQS"
"03/01/2000","89","","Fire Station #8","13-121-0039","AQS"
"03/02/2000","55","","Doraville","13-089-2001","AQS"
"03/03/2000","67","","South DeKalb","13-089-0002","AQS"
"03/04/2000","76","","Fire Station #8","13-121-0039","AQS"
"03/05/2000","63","","South DeKalb","13-089-0002","AQS"
"03/06/2000","66","","Doraville","13-089-2001","AQS"
"03/07/2000","87","","Forest Park","13-063-0091","AQS"
"03/08/2000","84","","E. Rivers School","13-121-0032","AQS"
"03/09/2000","81","","Doraville","13-089-2001","AQS"
"03/10/2000","95","","South DeKalb","13-089-0002","AQS"
"03/11/2000","48","","Doraville","13-089-2001","AQS"
"03/12/2000","45","","Doraville","13-089-2001","AQS"
"03/13/2000","63","","Fire Station #8","13-121-0039","AQS"
"03/14/2000","80","","Doraville","13-089-2001","AQS"
"03/15/2000","72","","South DeKalb","13-089-0002","AQS"
"03/16/2000","55","","Fire Station #8","13-121-0039","AQS"
"03/17/2000","47","","Doraville","13-089-2001","AQS"
"03/18/2000","60","","Doraville","13-089-2001","AQS"
"03/19/2000","57","","Not Available","13-121-1001","AQS"
"03/20/2000","52","","Doraville","13-089-2001","AQS"
"03/21/2000","59","","South DeKalb","13-089-0002","AQS"
"03/22/2000","69","","Forest Park","13-063-0091","AQS"
"03/23/2000","57","","Doraville","13-089-2001","AQS"
"03/24/2000","76","","Doraville","13-089-2001","AQS"
"03/25/2000","89","","South DeKalb","13-089-0002","AQS"
"03/26/2000","62","","South DeKalb","13-089-0002","AQS"
"03/27/2000","60","","Doraville","13-089-2001","AQS"
"03/28/2000","56","","Fire Station #8","13-121-0039","AQS"
"03/29/2000","55","","Doraville","13-089-2001","AQS"
"03/30/2000","67","","Doraville","13-089-2001","AQS"
"03/31/2000","80","","Doraville","13-089-2001","AQS"
"04/01/2000","76","","South DeKalb","13-089-0002","AQS"
"04/02/2000","55","","Doraville","13-089-2001","AQS"
"04/03/2000","55","","Fire Station #8","13-121-0039","AQS"
"04/04/2000","35","","South DeKalb","13-089-0002","AQS"
"04/05/2000","53","","Doraville","13-089-2001","AQS"
"04/06/2000","69","","Fire Station #8","13-121-0039","AQS"
"04/08/2000","57","","South DeKalb","13-089-0002","AQS"
"04/09/2000","55","","Fire Station #8","13-121-0039","AQS"
"04/10/2000","65","","South DeKalb","13-089-0002","AQS"
"04/11/2000","97","","E. Rivers School","13-121-0032","AQS"
"04/12/2000","76","","Fire Station #8","13-121-0039","AQS"
"04/13/2000","74","","South DeKalb","13-089-0002","AQS"
"04/14/2000","66","","South DeKalb","13-089-0002","AQS"
"04/15/2000","58","","Fire Station #8","13-121-0039","AQS"
"04/16/2000","67","","South DeKalb","13-089-0002","AQS"
"04/17/2000","58","","South DeKalb","13-089-0002","AQS"
"04/18/2000","58","","Kennesaw","13-067-0003","AQS"
"04/19/2000","80","","South DeKalb","13-089-0002","AQS"
"04/20/2000","69","","Doraville","13-089-2001","AQS"
"04/21/2000","57","","Not Available","13-121-1001","AQS"
"04/22/2000","71","","South DeKalb","13-089-0002","AQS"
"04/23/2000","64","","E. Rivers School","13-121-0032","AQS"
"04/24/2000","64","","South DeKalb","13-089-0002","AQS"
"04/25/2000","44","","E. Rivers School","13-121-0032","AQS"
"04/26/2000","64","","Doraville","13-089-2001","AQS"
"04/27/2000","88","","E. Rivers School","13-121-0032","AQS"
"04/28/2000","60","","South DeKalb","13-089-0002","AQS"
"04/29/2000","69","","South DeKalb","13-089-0002","AQS"
"04/30/2000","74","","Fire Station #8","13-121-0039","AQS"
"05/01/2000","77","","South DeKalb","13-089-0002","AQS"
"05/02/2000","84","","Doraville","13-089-2001","AQS"
"05/03/2000","90","","Kennesaw","13-067-0003","AQS"
"05/04/2000","85","","E. Rivers School","13-121-0032","AQS"
"05/05/2000","65","","Doraville","13-089-2001","AQS"
"05/06/2000","178","","Kennesaw","13-067-0003","AQS"
"05/07/2000","62","","E. Rivers School","13-121-0032","AQS"
"05/08/2000","62","","E. Rivers School","13-121-0032","AQS"
"05/09/2000","64","","South DeKalb","13-089-0002","AQS"
"05/10/2000","73","","E. Rivers School","13-121-0032","AQS"
"05/11/2000","74","","E. Rivers School","13-121-0032","AQS"
"05/12/2000","81","","Gwinnett","13-135-0002","AQS"
"05/13/2000","64","","South DeKalb","13-089-0002","AQS"
"05/14/2000","58","","South DeKalb","13-089-0002","AQS"
"05/15/2000","72","","E. Rivers School","13-121-0032","AQS"
"05/17/2000","84","","South DeKalb","13-089-0002","AQS"
"05/18/2000","77","","Fire Station #8","13-121-0039","AQS"
"05/19/2000","73","","E. Rivers School","13-121-0032","AQS"
"05/20/2000","71","","Doraville","13-089-2001","AQS"
"05/21/2000","63","","Fire Station #8","13-121-0039","AQS"
"05/22/2000","61","","South DeKalb","13-089-0002","AQS"
"05/23/2000","69","","Doraville","13-089-2001","AQS"
"05/24/2000","72","","Kennesaw","13-067-0003","AQS"
"05/25/2000","69","","Doraville","13-089-2001","AQS"
"05/26/2000","70","","South DeKalb","13-089-0002","AQS"
"05/27/2000","77","","Doraville","13-089-2001","AQS"
"05/28/2000","59","","Doraville","13-089-2001","AQS"
"05/29/2000","58","","South DeKalb","13-089-0002","AQS"
"05/30/2000","60","","Kennesaw","13-067-0003","AQS"
"05/31/2000","72","","E. Rivers School","13-121-0032","AQS"
"06/01/2000","95","","E. Rivers School","13-121-0032","AQS"
"06/02/2000","137","","Fire Station #8","13-121-0039","AQS"
"06/03/2000","95","","E. Rivers School","13-121-0032","AQS"
"06/04/2000","83","","E. Rivers School","13-121-0032","AQS"
"06/05/2000","82","","Doraville","13-089-2001","AQS"
"06/06/2000","62","","South DeKalb","13-089-0002","AQS"
"06/07/2000","61","","Doraville","13-089-2001","AQS"
"06/08/2000","73","","Kennesaw","13-067-0003","AQS"
"06/09/2000","75","","Doraville","13-089-2001","AQS"
"06/10/2000","75","","E. Rivers School","13-121-0032","AQS"
"06/11/2000","82","","Kennesaw","13-067-0003","AQS"
"06/12/2000","69","","South DeKalb","13-089-0002","AQS"
"06/13/2000","59","","Doraville","13-089-2001","AQS"
"06/14/2000","73","","Yorkville, King Farm","13-223-0003","AQS"
"06/15/2000","56","","South DeKalb","13-089-0002","AQS"
"06/16/2000","37","","Doraville","13-089-2001","AQS"
"06/17/2000","54","","Kennesaw","13-067-0003","AQS"
"06/18/2000","57","","South DeKalb","13-089-0002","AQS"
"06/19/2000","62","","Doraville","13-089-2001","AQS"
"06/20/2000","70","","Fire Station #8","13-121-0039","AQS"
"06/21/2000","67","","E. Rivers School","13-121-0032","AQS"
"06/22/2000","152","","E. Rivers School","13-121-0032","AQS"
"06/23/2000","61","","South DeKalb","13-089-0002","AQS"
"06/24/2000","71","","Doraville","13-089-2001","AQS"
"06/25/2000","70","","Doraville","13-089-2001","AQS"
"06/26/2000","67","","Fire Station #8","13-121-0039","AQS"
"06/27/2000","57","","Doraville","13-089-2001","AQS"
"06/28/2000","67","","Doraville","13-089-2001","AQS"
"06/29/2000","66","","Fire Station #8","13-121-0039","AQS"
"06/30/2000","78","","South DeKalb","13-089-0002","AQS"
"07/01/2000","76","","South DeKalb","13-089-0002","AQS"
"07/02/2000","93","","Doraville","13-089-2001","AQS"
"07/03/2000","98","","Doraville","13-089-2001","AQS"
"07/04/2000","104","","South DeKalb","13-089-0002","AQS"
"07/05/2000","90","","Fire Station #8","13-121-0039","AQS"
"07/06/2000","80","","E. Rivers School","13-121-0032","AQS"
"07/07/2000","73","","South DeKalb","13-089-0002","AQS"
"07/08/2000","89","","Not Available","13-121-1001","AQS"
"07/09/2000","74","","Doraville","13-089-2001","AQS"
"07/10/2000","90","","Doraville","13-089-2001","AQS"
"07/11/2000","97","","Doraville","13-089-2001","AQS"
"07/12/2000","83","","Doraville","13-089-2001","AQS"
"07/13/2000","82","","South DeKalb","13-089-0002","AQS"
"07/14/2000","99","","Not Available","13-121-1001","AQS"
"07/15/2000","69","","South DeKalb","13-089-0002","AQS"
"07/16/2000","66","","South DeKalb","13-089-0002","AQS"
"07/17/2000","67","","Yorkville, King Farm","13-223-0003","AQS"
"07/18/2000","76","","South DeKalb","13-089-0002","AQS"
"07/19/2000","90","","E. Rivers School","13-121-0032","AQS"
"07/20/2000","70","","Forest Park","13-063-0091","AQS"
"07/21/2000","66","","South DeKalb","13-089-0002","AQS"
"07/22/2000","86","","South DeKalb","13-089-0002","AQS"
"07/23/2000","78","","Yorkville, King Farm","13-223-0003","AQS"
"07/24/2000","69","","E. Rivers School","13-121-0032","AQS"
"07/25/2000","71","","Doraville","13-089-2001","AQS"
"07/26/2000","83","","Doraville","13-089-2001","AQS"
"07/27/2000","83","","Doraville","13-089-2001","AQS"
"07/28/2000","81","","South DeKalb","13-089-0002","AQS"
"07/29/2000","86","","Yorkville, King Farm","13-223-0003","AQS"
"07/30/2000","72","","Doraville","13-089-2001","AQS"
"07/31/2000","61","","Doraville","13-089-2001","AQS"
"08/01/2000","53","","Not Available","13-121-1001","AQS"
"08/02/2000","59","","Yorkville, King Farm","13-223-0003","AQS"
"08/03/2000","64","","Doraville","13-089-2001","AQS"
"08/04/2000","73","","Doraville","13-089-2001","AQS"
"08/05/2000","92","","Fire Station #8","13-121-0039","AQS"
"08/06/2000","89","","E. Rivers School","13-121-0032","AQS"
"08/07/2000","76","","Fire Station #8","13-121-0039","AQS"
"08/08/2000","68","","South DeKalb","13-089-0002","AQS"
"08/09/2000","70","","South DeKalb","13-089-0002","AQS"
"08/10/2000","75","","Doraville","13-089-2001","AQS"
"08/11/2000","74","","South DeKalb","13-089-0002","AQS"
"08/12/2000","63","","Doraville","13-089-2001","AQS"
"08/13/2000","75","","Forest Park","13-063-0091","AQS"
"08/14/2000","76","","South DeKalb","13-089-0002","AQS"
"08/15/2000","78","","Doraville","13-089-2001","AQS"
"08/16/2000","88","","Forest Park","13-063-0091","AQS"
"08/17/2000","113","","Doraville","13-089-2001","AQS"
"08/18/2000","95","","South DeKalb","13-089-0002","AQS"
"08/19/2000","78","","South DeKalb","13-089-0002","AQS"
"08/20/2000","106","","E. Rivers School","13-121-0032","AQS"
"08/21/2000","81","","E. Rivers School","13-121-0032","AQS"
"08/22/2000","88","","Doraville","13-089-2001","AQS"
"08/23/2000","98","","Doraville","13-089-2001","AQS"
"08/24/2000","93","","E. Rivers School","13-121-0032","AQS"
"08/25/2000","71","","Doraville","13-089-2001","AQS"
"08/26/2000","80","","South DeKalb","13-089-0002","AQS"
"08/27/2000","76","","Doraville","13-089-2001","AQS"
"08/28/2000","88","","Doraville","13-089-2001","AQS"
"08/29/2000","80","","Doraville","13-089-2001","AQS"
"08/30/2000","76","","Doraville","13-089-2001","AQS"
"08/31/2000","74","","Yorkville, King Farm","13-223-0003","AQS"
"09/01/2000","72","","Doraville","13-089-2001","AQS"
"09/02/2000","59","","Doraville","13-089-2001","AQS"
"09/03/2000","63","","Not Available","13-121-1001","AQS"
"09/04/2000","59","","Doraville","13-089-2001","AQS"
"09/05/2000","69","","E. Rivers School","13-121-0032","AQS"
"09/06/2000","55","","Doraville","13-089-2001","AQS"
"09/07/2000","56","","Doraville","13-089-2001","AQS"
"09/08/2000","55","","E. Rivers School","13-121-0032","AQS"
"09/09/2000","61","","Kennesaw","13-067-0003","AQS"
"09/10/2000","58","","Doraville","13-089-2001","AQS"
"09/11/2000","69","","Doraville","13-089-2001","AQS"
"09/12/2000","78","","Fire Station #8","13-121-0039","AQS"
"09/14/2000","87","","Doraville","13-089-2001","AQS"
"09/15/2000","74","","Gwinnett","13-135-0002","AQS"
"09/16/2000","52","","Doraville","13-089-2001","AQS"
"09/17/2000","56","","Doraville","13-089-2001","AQS"
"09/18/2000","59","","Forest Park","13-063-0091","AQS"
"09/19/2000","68","","Doraville","13-089-2001","AQS"
"09/20/2000","65","","E. Rivers School","13-121-0032","AQS"
"09/21/2000","57","","Fire Station #8","13-121-0039","AQS"
"09/22/2000","33","","South DeKalb","13-089-0002","AQS"
"09/23/2000","58","","Doraville","13-089-2001","AQS"
"09/24/2000","63","","Doraville","13-089-2001","AQS"
"09/25/2000","56","","South DeKalb","13-089-0002","AQS"
"09/26/2000","40","","South DeKalb","13-089-0002","AQS"
"09/27/2000","69","","E. Rivers School","13-121-0032","AQS"
"09/28/2000","67","","South DeKalb","13-089-0002","AQS"
"09/29/2000","71","","Doraville","13-089-2001","AQS"
"09/30/2000","71","","Kennesaw","13-067-0003","AQS"
"10/01/2000","74","","South DeKalb","13-089-0002","AQS"
"10/02/2000","72","","Doraville","13-089-2001","AQS"
"10/03/2000","101","","Fire Station #8","13-121-0039","AQS"
"10/04/2000","93","","Doraville","13-089-2001","AQS"
"10/05/2000","82","","South DeKalb","13-089-0002","AQS"
"10/06/2000","79","","Fire Station #8","13-121-0039","AQS"
"10/07/2000","54","","South DeKalb","13-089-0002","AQS"
"10/08/2000","51","","E. Rivers School","13-121-0032","AQS"
"10/09/2000","54","","Forest Park","13-063-0091","AQS"
"10/10/2000","56","","Doraville","13-089-2001","AQS"
"10/11/2000","68","","Doraville","13-089-2001","AQS"
"10/12/2000","77","","Fire Station #8","13-121-0039","AQS"
"10/13/2000","74","","Doraville","13-089-2001","AQS"
"10/15/2000","92","","Kennesaw","13-067-0003","AQS"
"10/16/2000","89","","Doraville","13-089-2001","AQS"
"10/17/2000","105","","Doraville","13-089-2001","AQS"
"10/18/2000","99","","Not Available","13-121-1001","AQS"
"10/19/2000","78","","Doraville","13-089-2001","AQS"
"10/20/2000","38","","Doraville","13-089-2001","AQS"
"10/21/2000","159","","Doraville","13-089-2001","AQS"
"10/22/2000","89","","E. Rivers School","13-121-0032","AQS"
"10/23/2000","117","","E. Rivers School","13-121-0032","AQS"
"10/24/2000","125","","Yorkville, King Farm","13-223-0003","AQS"
"10/25/2000","111","","South DeKalb","13-089-0002","AQS"
"10/26/2000","110","","Doraville","13-089-2001","AQS"
"10/27/2000","147","","Not Available","13-121-1001","AQS"
"10/28/2000","111","","E. Rivers School","13-121-0032","AQS"
"10/29/2000","79","","E. Rivers School","13-121-0032","AQS"
"10/30/2000","105","","Fire Station #8","13-121-0039","AQS"
"10/31/2000","98","","South DeKalb","13-089-0002","AQS"
"11/01/2000","92","","South DeKalb","13-089-0002","AQS"
"11/02/2000","134","","Forest Park","13-063-0091","AQS"
"11/03/2000","130","","Doraville","13-089-2001","AQS"
"11/04/2000","151","","Doraville","13-089-2001","AQS"
"11/05/2000","167","","Fire Station #8","13-121-0039","AQS"
"11/06/2000","85","","Doraville","13-089-2001","AQS"
"11/07/2000","97","","E. Rivers School","13-121-0032","AQS"
"11/08/2000","111","","Gwinnett","13-135-0002","AQS"
"11/09/2000","54","","Doraville","13-089-2001","AQS"
"11/10/2000","43","","Kennesaw","13-067-0003","AQS"
"11/11/2000","119","","Not Available","13-121-1001","AQS"
"11/12/2000","79","","E. Rivers School","13-121-0032","AQS"
"11/13/2000","88","","Doraville","13-089-2001","AQS"
"11/14/2000","144","","Forest Park","13-063-0091","AQS"
"11/15/2000","57","","South DeKalb","13-089-0002","AQS"
"11/16/2000","72","","E. Rivers School","13-121-0032","AQS"
"11/17/2000","58","","Fire Station #8","13-121-0039","AQS"
"11/18/2000","69","","Doraville","13-089-2001","AQS"
"11/19/2000","66","","Doraville","13-089-2001","AQS"
"11/20/2000","54","","Doraville","13-089-2001","AQS"
"11/21/2000","48","","E. Rivers School","13-121-0032","AQS"
"11/22/2000","63","","E. Rivers School","13-121-0032","AQS"
"11/23/2000","75","","Fire Station #8","13-121-0039","AQS"
"11/24/2000","74","","Doraville","13-089-2001","AQS"
"11/25/2000","56","","E. Rivers School","13-121-0032","AQS"
"11/26/2000","63","","Fire Station #8","13-121-0039","AQS"
"11/27/2000","69","","E. Rivers School","13-121-0032","AQS"
"11/28/2000","68","","E. Rivers School","13-121-0032","AQS"
"11/29/2000","89","","Fire Station #8","13-121-0039","AQS"
"11/30/2000","56","","E. Rivers School","13-121-0032","AQS"
"12/01/2000","80","","E. Rivers School","13-121-0032","AQS"
"12/02/2000","80","","Kennesaw","13-067-0003","AQS"
"12/03/2000","62","","Doraville","13-089-2001","AQS"
"12/04/2000","71","","Doraville","13-089-2001","AQS"
"12/05/2000","88","","Fire Station #8","13-121-0039","AQS"
"12/06/2000","72","","South DeKalb","13-089-0002","AQS"
"12/07/2000","78","","E. Rivers School","13-121-0032","AQS"
"12/08/2000","113","","Fire Station #8","13-121-0039","AQS"
"12/09/2000","75","","Doraville","13-089-2001","AQS"
"12/10/2000","98","","E. Rivers School","13-121-0032","AQS"
"12/11/2000","95","","Fire Station #8","13-121-0039","AQS"
"12/12/2000","53","","Doraville","13-089-2001","AQS"
"12/13/2000","55","","E. Rivers School","13-121-0032","AQS"
"12/14/2000","71","","Gwinnett","13-135-0002","AQS"
"12/15/2000","69","","Doraville","13-089-2001","AQS"
"12/16/2000","66","","E. Rivers School","13-121-0032","AQS"
"12/17/2000","80","","Not Available","13-121-1001","AQS"
"12/18/2000","71","","E. Rivers School","13-121-0032","AQS"
"12/19/2000","70","","E. Rivers School","13-121-0032","AQS"
"12/20/2000","83","","Fire Station #8","13-121-0039","AQS"
"12/21/2000","80","","Doraville","13-089-2001","AQS"
"12/22/2000","55","","Doraville","13-089-2001","AQS"
"12/23/2000","106","","E. Rivers School","13-121-0032","AQS"
"12/24/2000","69","","South DeKalb","13-089-0002","AQS"
"12/25/2000","55","","E. Rivers School","13-121-0032","AQS"
"12/26/2000","64","","Fire Station #8","13-121-0039","AQS"
"12/27/2000","44","","South DeKalb","13-089-0002","AQS"
"12/29/2000","71","","Fire Station #8","13-121-0039","AQS"
"12/30/2000","56","","E. Rivers School","13-121-0032","AQS"
"12/31/2000","56","","Doraville","13-089-2001","AQS"
"01/01/2001","65","","Gwinnett","13-135-0002","AQS"
"01/02/2001","152","","E. Rivers School","13-121-0032","AQS"
"01/03/2001","77","","Fire Station #8","13-121-0039","AQS"
"01/04/2001","153","","Fire Station #8","13-121-0039","AQS"
"01/05/2001","76","","South DeKalb","13-089-0002","AQS"
"01/06/2001","60","","E. Rivers School","13-121-0032","AQS"
"01/07/2001","91","","Fire Station #8","13-121-0039","AQS"
"01/08/2001","70","","Doraville","13-089-2001","AQS"
"01/09/2001","55","","Doraville","13-089-2001","AQS"
"01/10/2001","90","","Fire Station #8","13-121-0039","AQS"
"01/11/2001","126","","E. Rivers School","13-121-0032","AQS"
"01/12/2001","72","","South DeKalb","13-089-0002","AQS"
"01/13/2001","78","","Doraville","13-089-2001","AQS"
"01/14/2001","66","","Doraville","13-089-2001","AQS"
"01/15/2001","63","","Doraville","13-089-2001","AQS"
"01/16/2001","67","","Fire Station #8","13-121-0039","AQS"
"01/17/2001","85","","Doraville","13-089-2001","AQS"
"01/18/2001","80","","E. Rivers School","13-121-0032","AQS"
"01/19/2001","55","","Fire Station #8","13-121-0039","AQS"
"01/20/2001","51","","Doraville","13-089-2001","AQS"
"01/21/2001","58","","South DeKalb","13-089-0002","AQS"
"01/22/2001","78","","Fire Station #8","13-121-0039","AQS"
"01/23/2001","106","","E. Rivers School","13-121-0032","AQS"
"01/24/2001","65","","E. Rivers School","13-121-0032","AQS"
"01/25/2001","63","","Forest Park","13-063-0091","AQS"
"01/26/2001","63","","South DeKalb","13-089-0002","AQS"
"01/27/2001","66","","Doraville","13-089-2001","AQS"
"01/28/2001","106","","Yorkville, King Farm","13-223-0003","AQS"
"01/29/2001","73","","Doraville","13-089-2001","AQS"
"01/30/2001","28","","Doraville","13-089-2001","AQS"
"01/31/2001","52","","Fire Station #8","13-121-0039","AQS"
"02/01/2001","56","","E. Rivers School","13-121-0032","AQS"
"02/02/2001","57","","South DeKalb","13-089-0002","AQS"
"02/03/2001","59","","Not Available","13-121-1001","AQS"
"02/04/2001","68","","E. Rivers School","13-121-0032","AQS"
"02/05/2001","63","","E. Rivers School","13-121-0032","AQS"
"02/06/2001","82","","Fire Station #8","13-121-0039","AQS"
"02/07/2001","88","","Doraville","13-089-2001","AQS"
"02/08/2001","89","","E. Rivers School","13-121-0032","AQS"
"02/09/2001","67","","South DeKalb","13-089-0002","AQS"
"02/10/2001","36","","Doraville","13-089-2001","AQS"
"02/11/2001","54","","E. Rivers School","13-121-0032","AQS"
"02/12/2001","62","","Doraville","13-089-2001","AQS"
"02/13/2001","80","","Doraville","13-089-2001","AQS"
"02/14/2001","58","","Doraville","13-089-2001","AQS"
"02/15/2001","56","","Fire Station #8","13-121-0039","AQS"
"02/16/2001","38","","Doraville","13-089-2001","AQS"
"02/17/2001","51","","South DeKalb","13-089-0002","AQS"
"02/18/2001","54","","Kennesaw","13-067-0003","AQS"
"02/19/2001","62","","E. Rivers School","13-121-0032","AQS"
"02/20/2001","89","","Doraville","13-089-2001","AQS"
"02/21/2001","131","","Not Available","13-121-1001","AQS"
"02/22/2001","94","","South DeKalb","13-089-0002","AQS"
"02/23/2001","57","","Yorkville, King Farm","13-223-0003","AQS"
"02/24/2001","80","","Doraville","13-089-2001","AQS"
"02/25/2001","52","","Doraville","13-089-2001","AQS"
"02/26/2001","64","","South DeKalb","13-089-0002","AQS"
"02/27/2001","67","","Kennesaw","13-067-0003","AQS"
"02/28/2001","65","","Doraville","13-089-2001","AQS"
"03/01/2001","142","","Doraville","13-089-2001","AQS"
"03/02/2001","72","","Fire Station #8","13-121-0039","AQS"
"03/03/2001","78","","Doraville","13-089-2001","AQS"
"03/04/2001","28","","Doraville","13-089-2001","AQS"
"03/05/2001","86","","Fire Station #8","13-121-0039","AQS"
"03/06/2001","47","","Doraville","13-089-2001","AQS"
"03/07/2001","118","","South DeKalb","13-089-0002","AQS"
"03/08/2001","79","","South DeKalb","13-089-0002","AQS"
"03/09/2001","64","","Doraville","13-089-2001","AQS"
"03/10/2001","65","","South DeKalb","13-089-0002","AQS"
"03/11/2001","79","","Kennesaw","13-067-0003","AQS"
"03/12/2001","61","","E. Rivers School","13-121-0032","AQS"
"03/13/2001","32","","South DeKalb","13-089-0002","AQS"
"03/14/2001","60","","Fire Station #8","13-121-0039","AQS"
"03/15/2001","79","","E. Rivers School","13-121-0032","AQS"
"03/16/2001","51","","Doraville","13-089-2001","AQS"
"03/17/2001","58","","Fire Station #8","13-121-0039","AQS"
"03/18/2001","73","","South DeKalb","13-089-0002","AQS"
"03/19/2001","58","","South DeKalb","13-089-0002","AQS"
"03/20/2001","151","","Kennesaw","13-067-0003","AQS"
"03/21/2001","51","","Doraville","13-089-2001","AQS"
"03/22/2001","58","","South DeKalb","13-089-0002","AQS"
"03/23/2001","73","","Kennesaw","13-067-0003","AQS"
"03/24/2001","79","","Doraville","13-089-2001","AQS"
"03/25/2001","66","","Doraville","13-089-2001","AQS"
"03/26/2001","73","","Not Available","13-121-1001","AQS"
"03/27/2001","62","","South DeKalb","13-089-0002","AQS"
"03/28/2001","73","","South DeKalb","13-089-0002","AQS"
"03/29/2001","61","","Fire Station #8","13-121-0039","AQS"
"03/30/2001","66","","Doraville","13-089-2001","AQS"
"03/31/2001","58","","E. Rivers School","13-121-0032","AQS"
"04/01/2001","55","","Forest Park","13-063-0091","AQS"
"04/02/2001","55","","E. Rivers School","13-121-0032","AQS"
"04/03/2001","60","","Doraville","13-089-2001","AQS"
"04/04/2001","80","","Yorkville, King Farm","13-223-0003","AQS"
"04/05/2001","99","","Doraville","13-089-2001","AQS"
"04/06/2001","77","","E. Rivers School","13-121-0032","AQS"
"04/07/2001","73","","Forest Park","13-063-0091","AQS"
"04/08/2001","64","","Doraville","13-089-2001","AQS"
"04/09/2001","72","","Doraville","13-089-2001","AQS"
"04/10/2001","87","","South DeKalb","13-089-0002","AQS"
"04/11/2001","75","","Doraville","13-089-2001","AQS"
"04/12/2001","63","","E. Rivers School","13-121-0032","AQS"
"04/13/2001","61","","Fire Station #8","13-121-0039","AQS"
"04/14/2001","68","","Not Available","13-121-1001","AQS"
"04/15/2001","60","","E. Rivers School","13-121-0032","AQS"
"04/16/2001","60","","Yorkville, King Farm","13-223-0003","AQS"
"04/17/2001","49","","E. Rivers School","13-121-0032","AQS"
"04/18/2001","61","","Doraville","13-089-2001","AQS"
"04/19/2001","83","","Fire Station #8","13-121-0039","AQS"
"04/20/2001","79","","Doraville","13-089-2001","AQS"
"04/21/2001","73","","Doraville","13-089-2001","AQS"
"04/22/2001","71","","Kennesaw","13-067-0003","AQS"
"04/23/2001","61","","Doraville","13-089-2001","AQS"
"04/24/2001","64","","Doraville","13-089-2001","AQS"
"04/25/2001","60","","Forest Park","13-063-0091","AQS"
"04/26/2001","63","","South DeKalb","13-089-0002","AQS"
"04/27/2001","82","","E. Rivers School","13-121-0032","AQS"
"04/28/2001","81","","Fire Station #8","13-121-0039","AQS"
"04/29/2001","78","","South DeKalb","13-089-0002","AQS"
"04/30/2001","76","","Doraville","13-089-2001","AQS"
"05/01/2001","91","","Forest Park","13-063-0091","AQS"
"05/02/2001","72","","E. Rivers School","13-121-0032","AQS"
"05/03/2001","56","","South DeKalb","13-089-0002","AQS"
"05/04/2001","67","","Kennesaw","13-067-0003","AQS"
"05/05/2001","73","","Doraville","13-089-2001","AQS"
"05/06/2001","89","","Doraville","13-089-2001","AQS"
"05/07/2001","67","","Yorkville, King Farm","13-223-0003","AQS"
"05/08/2001","59","","Doraville","13-089-2001","AQS"
"05/09/2001","70","","Doraville","13-089-2001","AQS"
"05/10/2001","74","","Doraville","13-089-2001","AQS"
"05/11/2001","68","","Doraville","13-089-2001","AQS"
"05/12/2001","63","","E. Rivers School","13-121-0032","AQS"
"05/13/2001","60","","Forest Park","13-063-0091","AQS"
"05/14/2001","57","","Doraville","13-089-2001","AQS"
"05/15/2001","71","","Doraville","13-089-2001","AQS"
"05/16/2001","78","","Forest Park","13-063-0091","AQS"
"05/17/2001","87","","Doraville","13-089-2001","AQS"
"05/18/2001","82","","Doraville","13-089-2001","AQS"
"05/19/2001","69","","South DeKalb","13-089-0002","AQS"
"05/20/2001","64","","E. Rivers School","13-121-0032","AQS"
"05/21/2001","68","","Doraville","13-089-2001","AQS"
"05/22/2001","56","","South DeKalb","13-089-0002","AQS"
"05/23/2001","54","","Kennesaw","13-067-0003","AQS"
"05/24/2001","59","","Doraville","13-089-2001","AQS"
"05/25/2001","57","","Fire Station #8","13-121-0039","AQS"
"05/26/2001","59","","South DeKalb","13-089-0002","AQS"
"05/27/2001","64","","South DeKalb","13-089-0002","AQS"
"05/28/2001","69","","South DeKalb","13-089-0002","AQS"
"05/29/2001","57","","E. Rivers School","13-121-0032","AQS"
"05/30/2001","76","","South DeKalb","13-089-0002","AQS"
"05/31/2001","89","","Forest Park","13-063-0091","AQS"
"06/01/2001","59","","Doraville","13-089-2001","AQS"
"06/02/2001","47","","E. Rivers School","13-121-0032","AQS"
"06/03/2001","68","","E. Rivers School","13-121-0032","AQS"
"06/04/2001","55","","E. Rivers School","13-121-0032","AQS"
"06/05/2001","58","","Fire Station #8","13-121-0039","AQS"
"06/06/2001","70","","Fire Station #8","13-121-0039","AQS"
"06/07/2001","69","","South DeKalb","13-089-0002","AQS"
"06/08/2001","61","","Doraville","13-089-2001","AQS"
"06/09/2001","87","","Fire Station #8","13-121-0039","AQS"
"06/10/2001","96","","Doraville","13-089-2001","AQS"
"06/11/2001","58","","Doraville","13-089-2001","AQS"
"06/12/2001","62","","South DeKalb","13-089-0002","AQS"
"06/13/2001","113","","E. Rivers School","13-121-0032","AQS"
"06/14/2001","59","","South DeKalb","13-089-0002","AQS"
"06/15/2001","61","","South DeKalb","13-089-0002","AQS"
"06/16/2001","123","","South DeKalb","13-089-0002","AQS"
"06/17/2001","62","","E. Rivers School","13-121-0032","AQS"
"06/18/2001","123","","South DeKalb","13-089-0002","AQS"
"06/19/2001","81","","Doraville","13-089-2001","AQS"
"06/20/2001","74","","South DeKalb","13-089-0002","AQS"
"06/21/2001","151","","Doraville","13-089-2001","AQS"
"06/22/2001","68","","Doraville","13-089-2001","AQS"
"06/23/2001","81","","E. Rivers School","13-121-0032","AQS"
"06/24/2001","76","","Yorkville, King Farm","13-223-0003","AQS"
"06/25/2001","159","","South DeKalb","13-089-0002","AQS"
"06/26/2001","80","","Doraville","13-089-2001","AQS"
"06/27/2001","98","","South DeKalb","13-089-0002","AQS"
"06/28/2001","57","","E. Rivers School","13-121-0032","AQS"
"06/29/2001","61","","South DeKalb","13-089-0002","AQS"
"06/30/2001","62","","E. Rivers School","13-121-0032","AQS"
"07/01/2001","66","","E. Rivers School","13-121-0032","AQS"
"07/02/2001","72","","Doraville","13-089-2001","AQS"
"07/03/2001","77","","Forest Park","13-063-0091","AQS"
"07/04/2001","53","","Doraville","13-089-2001","AQS"
"07/05/2001","53","","E. Rivers School","13-121-0032","AQS"
"07/06/2001","70","","Forest Park","13-063-0091","AQS"
"07/07/2001","83","","South DeKalb","13-089-0002","AQS"
"07/08/2001","91","","South DeKalb","13-089-0002","AQS"
"07/09/2001","83","","Doraville","13-089-2001","AQS"
"07/10/2001","155","","Doraville","13-089-2001","AQS"
"07/11/2001","86","","Doraville","13-089-2001","AQS"
"07/12/2001","116","","Forest Park","13-063-0091","AQS"
"07/13/2001","86","","South DeKalb","13-089-0002","AQS"
"07/14/2001","90","","Doraville","13-089-2001","AQS"
"07/15/2001","92","","Kennesaw","13-067-0003","AQS"
"07/16/2001","100","","Doraville","13-089-2001","AQS"
"07/17/2001","166","","E. Rivers School","13-121-0032","AQS"
"07/18/2001","138","","Forest Park","13-063-0091","AQS"
"07/19/2001","117","","Doraville","13-089-2001","AQS"
"07/20/2001","88","","Doraville","13-089-2001","AQS"
"07/21/2001","80","","Kennesaw","13-067-0003","AQS"
"07/22/2001","80","","Doraville","13-089-2001","AQS"
"07/23/2001","71","","E. Rivers School","13-121-0032","AQS"
"07/24/2001","55","","Yorkville, King Farm","13-223-0003","AQS"
"07/25/2001","54","","Doraville","13-089-2001","AQS"
"07/26/2001","56","","Doraville","13-089-2001","AQS"
"07/27/2001","63","","Fire Station #8","13-121-0039","AQS"
"07/28/2001","58","","Doraville","13-089-2001","AQS"
"07/29/2001","55","","South DeKalb","13-089-0002","AQS"
"07/30/2001","72","","Fire Station #8","13-121-0039","AQS"
"07/31/2001","62","","E. Rivers School","13-121-0032","AQS"
"08/01/2001","64","","Doraville","13-089-2001","AQS"
"08/02/2001","85","","Doraville","13-089-2001","AQS"
"08/03/2001","88","","Doraville","13-089-2001","AQS"
"08/04/2001","96","","Doraville","13-089-2001","AQS"
"08/05/2001","76","","Yorkville, King Farm","13-223-0003","AQS"
"08/06/2001","57","","E. Rivers School","13-121-0032","AQS"
"08/07/2001","104","","Forest Park","13-063-0091","AQS"
"08/08/2001","82","","Fire Station #8","13-121-0039","AQS"
"08/09/2001","92","","Doraville","13-089-2001","AQS"
"08/10/2001","70","","Doraville","13-089-2001","AQS"
"08/11/2001","73","","Gwinnett","13-135-0002","AQS"
"08/12/2001","57","","Doraville","13-089-2001","AQS"
"08/13/2001","65","","South DeKalb","13-089-0002","AQS"
"08/14/2001","80","","Forest Park","13-063-0091","AQS"
"08/15/2001","89","","Doraville","13-089-2001","AQS"
"08/16/2001","80","","E. Rivers School","13-121-0032","AQS"
"08/17/2001","106","","Fire Station #8","13-121-0039","AQS"
"08/18/2001","82","","Doraville","13-089-2001","AQS"
"08/19/2001","66","","E. Rivers School","13-121-0032","AQS"
"08/20/2001","75","","Fire Station #8","13-121-0039","AQS"
"08/21/2001","62","","Doraville","13-089-2001","AQS"
"08/22/2001","77","","South DeKalb","13-089-0002","AQS"
"08/23/2001","109","","Gwinnett","13-135-0002","AQS"
"08/24/2001","102","","Doraville","13-089-2001","AQS"
"08/25/2001","82","","Doraville","13-089-2001","AQS"
"08/26/2001","107","","Doraville","13-089-2001","AQS"
"08/27/2001","92","","Doraville","13-089-2001","AQS"
"08/28/2001","83","","Doraville","13-089-2001","AQS"
"08/29/2001","86","","Fire Station #8","13-121-0039","AQS"
"08/30/2001","61","","South DeKalb","13-089-0002","AQS"
"08/31/2001","61","","Doraville","13-089-2001","AQS"
"09/01/2001","53","","Yorkville, King Farm","13-223-0003","AQS"
"09/02/2001","55","","Doraville","13-089-2001","AQS"
"09/03/2001","41","","Doraville","13-089-2001","AQS"
"09/04/2001","62","","Not Available","13-121-1001","AQS"
"09/05/2001","57","","Doraville","13-089-2001","AQS"
"09/06/2001","80","","Doraville","13-089-2001","AQS"
"09/07/2001","84","","Kennesaw","13-067-0003","AQS"
"09/08/2001","62","","E. Rivers School","13-121-0032","AQS"
"09/09/2001","53","","Doraville","13-089-2001","AQS"
"09/10/2001","65","","Yorkville, King Farm","13-223-0003","AQS"
"09/11/2001","66","","Doraville","13-089-2001","AQS"
"09/13/2001","87","","Doraville","13-089-2001","AQS"
"09/14/2001","96","","Doraville","13-089-2001","AQS"
"09/15/2001","55","","Doraville","13-089-2001","AQS"
"09/16/2001","57","","Kennesaw","13-067-0003","AQS"
"09/17/2001","66","","Doraville","13-089-2001","AQS"
"09/18/2001","91","","Doraville","13-089-2001","AQS"
"09/19/2001","100","","Fire Station #8","13-121-0039","AQS"
"09/20/2001","79","","Doraville","13-089-2001","AQS"
"09/21/2001","67","","Doraville","13-089-2001","AQS"
"09/22/2001","73","","Fire Station #8","13-121-0039","AQS"
"09/23/2001","66","","E. Rivers School","13-121-0032","AQS"
"09/24/2001","59","","South DeKalb","13-089-0002","AQS"
"09/25/2001","43","","Forest Park","13-063-0091","AQS"
"09/26/2001","49","","South DeKalb","13-089-0002","AQS"
"09/27/2001","57","","Doraville","13-089-2001","AQS"
"09/28/2001","69","","Fire Station #8","13-121-0039","AQS"
"09/29/2001","55","","Doraville","13-089-2001","AQS"
"09/30/2001","56","","South DeKalb","13-089-0002","AQS"
"10/01/2001","66","","Forest Park","13-063-0091","AQS"
"10/02/2001","69","","South DeKalb","13-089-0002","AQS"
"10/03/2001","86","","Doraville","13-089-2001","AQS"
"10/04/2001","110","","Fire Station #8","13-121-0039","AQS"
"10/05/2001","73","","Doraville","13-089-2001","AQS"
"10/06/2001","38","","South DeKalb","13-089-0002","AQS"
"10/07/2001","151","","South DeKalb","13-089-0002","AQS"
"10/08/2001","52","","Doraville","13-089-2001","AQS"
"10/09/2001","175","","Doraville","13-089-2001","AQS"
"10/10/2001","53","","Doraville","13-089-2001","AQS"
"10/11/2001","49","","Doraville","13-089-2001","AQS"
"10/12/2001","31","","Doraville","13-089-2001","AQS"
"10/13/2001","43","","Not Available","13-121-1001","AQS"
"10/14/2001","29","","Doraville","13-089-2001","AQS"
"10/15/2001","53","","Doraville","13-089-2001","AQS"
"10/16/2001","54","","Forest Park","13-063-0091","AQS"
"10/17/2001","39","","E. Rivers School","13-121-0032","AQS"
"10/18/2001","56","","Doraville","13-089-2001","AQS"
"10/19/2001","66","","Kennesaw","13-067-0003","AQS"
"10/20/2001","74","","South DeKalb","13-089-0002","AQS"
"10/21/2001","79","","E. Rivers School","13-121-0032","AQS"
"10/22/2001","80","","Kennesaw","13-067-0003","AQS"
"10/23/2001","83","","Doraville","13-089-2001","AQS"
"10/24/2001","68","","South DeKalb","13-089-0002","AQS"
"10/25/2001","32","","Kennesaw","13-067-0003","AQS"
"10/26/2001","30","","Doraville","13-089-2001","AQS"
"10/27/2001","39","","E. Rivers School","13-121-0032","AQS"
"10/28/2001","58","","Kennesaw","13-067-0003","AQS"
"10/29/2001","72","","E. Rivers School","13-121-0032","AQS"
"10/30/2001","78","","Doraville","13-089-2001","AQS"
"10/31/2001","76","","Forest Park","13-063-0091","AQS"
"11/01/2001","70","","Doraville","13-089-2001","AQS"
"11/02/2001","71","","E. Rivers School","13-121-0032","AQS"
"11/03/2001","69","","South DeKalb","13-089-0002","AQS"
"11/04/2001","56","","South DeKalb","13-089-0002","AQS"
"11/05/2001","61","","South DeKalb","13-089-0002","AQS"
"11/06/2001","77","","Fire Station #8","13-121-0039","AQS"
"11/07/2001","95","","Doraville","13-089-2001","AQS"
"11/08/2001","101","","South DeKalb","13-089-0002","AQS"
"11/09/2001","98","","Fire Station #8","13-121-0039","AQS"
"11/10/2001","79","","South DeKalb","13-089-0002","AQS"
"11/11/2001","67","","E. Rivers School","13-121-0032","AQS"
"11/12/2001","72","","Kennesaw","13-067-0003","AQS"
"11/13/2001","58","","E. Rivers School","13-121-0032","AQS"
"11/14/2001","65","","South DeKalb","13-089-0002","AQS"
"11/15/2001","99","","Kennesaw","13-067-0003","AQS"
"11/16/2001","151","","E. Rivers School","13-121-0032","AQS"
"11/17/2001","125","","Doraville","13-089-2001","AQS"
"11/18/2001","110","","Fire Station #8","13-121-0039","AQS"
"11/19/2001","96","","Doraville","13-089-2001","AQS"
"11/20/2001","66","","E. Rivers School","13-121-0032","AQS"
"11/21/2001","56","","Not Available","13-121-1001","AQS"
"11/22/2001","73","","South DeKalb","13-089-0002","AQS"
"11/23/2001","69","","Doraville","13-089-2001","AQS"
"11/24/2001","61","","Doraville","13-089-2001","AQS"
"11/25/2001","54","","South DeKalb","13-089-0002","AQS"
"11/26/2001","67","","South DeKalb","13-089-0002","AQS"
"11/27/2001","71","","Fire Station #8","13-121-0039","AQS"
"11/28/2001","58","","South DeKalb","13-089-0002","AQS"
"11/29/2001","48","","Doraville","13-089-2001","AQS"
"11/30/2001","55","","Fire Station #8","13-121-0039","AQS"
"12/01/2001","60","","South DeKalb","13-089-0002","AQS"
"12/02/2001","70","","South DeKalb","13-089-0002","AQS"
"12/03/2001","68","","E. Rivers School","13-121-0032","AQS"
"12/04/2001","74","","Doraville","13-089-2001","AQS"
"12/05/2001","72","","South DeKalb","13-089-0002","AQS"
"12/06/2001","77","","Fire Station #8","13-121-0039","AQS"
"12/07/2001","69","","South DeKalb","13-089-0002","AQS"
"12/08/2001","68","","E. Rivers School","13-121-0032","AQS"
"12/09/2001","58","","Kennesaw","13-067-0003","AQS"
"12/10/2001","57","","Doraville","13-089-2001","AQS"
"12/11/2001","62","","Doraville","13-089-2001","AQS"
"12/12/2001","66","","Doraville","13-089-2001","AQS"
"12/13/2001","43","","Doraville","13-089-2001","AQS"
"12/14/2001","46","","Doraville","13-089-2001","AQS"
"12/15/2001","47","","South DeKalb","13-089-0002","AQS"
"12/16/2001","51","","South DeKalb","13-089-0002","AQS"
"12/17/2001","55","","E. Rivers School","13-121-0032","AQS"
"12/18/2001","44","","Kennesaw","13-067-0003","AQS"
"12/19/2001","58","","South DeKalb","13-089-0002","AQS"
"12/20/2001","41","","South DeKalb","13-089-0002","AQS"
"12/21/2001","59","","Fire Station #8","13-121-0039","AQS"
"12/22/2001","60","","E. Rivers School","13-121-0032","AQS"
"12/23/2001","55","","E. Rivers School","13-121-0032","AQS"
"12/24/2001","31","","Forest Park","13-063-0091","AQS"
"12/25/2001","52","","E. Rivers School","13-121-0032","AQS"
"12/26/2001","52","","E. Rivers School","13-121-0032","AQS"
"12/27/2001","63","","Gwinnett","13-135-0002","AQS"
"12/28/2001","52","","Doraville","13-089-2001","AQS"
"12/29/2001","53","","Doraville","13-089-2001","AQS"
"12/30/2001","50","","Forest Park","13-063-0091","AQS"
"12/31/2001","54","","Doraville","13-089-2001","AQS"
"01/01/2002","63","","E. Rivers School","13-121-0032","AQS"
"01/02/2002","72","","E. Rivers School","13-121-0032","AQS"
"01/03/2002","68","","E. Rivers School","13-121-0032","AQS"
"01/04/2002","71","","South DeKalb","13-089-0002","AQS"
"01/05/2002","88","","Fire Station #8","13-121-0039","AQS"
"01/06/2002","56","","E. Rivers School","13-121-0032","AQS"
"01/07/2002","52","","Doraville","13-089-2001","AQS"
"01/08/2002","60","","Fire Station #8","13-121-0039","AQS"
"01/09/2002","63","","South DeKalb","13-089-0002","AQS"
"01/10/2002","59","","South DeKalb","13-089-0002","AQS"
"01/11/2002","47","","South DeKalb","13-089-0002","AQS"
"01/12/2002","68","","E. Rivers School","13-121-0032","AQS"
"01/13/2002","63","","E. Rivers School","13-121-0032","AQS"
"01/14/2002","74","","Fire Station #8","13-121-0039","AQS"
"01/15/2002","59","","E. Rivers School","13-121-0032","AQS"
"01/16/2002","58","","Doraville","13-089-2001","AQS"
"01/17/2002","86","","Fire Station #8","13-121-0039","AQS"
"01/18/2002","81","","South DeKalb","13-089-0002","AQS"
"01/19/2002","63","","Doraville","13-089-2001","AQS"
"01/20/2002","53","","E. Rivers School","13-121-0032","AQS"
"01/21/2002","52","","South DeKalb","13-089-0002","AQS"
"01/22/2002","57","","South DeKalb","13-089-0002","AQS"
"01/23/2002","64","","Doraville","13-089-2001","AQS"
"01/24/2002","39","","Doraville","13-089-2001","AQS"
"01/25/2002","39","","E. Rivers School","13-121-0032","AQS"
"01/26/2002","56","","Doraville","13-089-2001","AQS"
"01/27/2002","71","","E. Rivers School","13-121-0032","AQS"
"01/28/2002","70","","Doraville","13-089-2001","AQS"
"01/29/2002","65","","Fire Station #8","13-121-0039","AQS"
"01/30/2002","64","","E. Rivers School","13-121-0032","AQS"
"01/31/2002","58","","South DeKalb","13-089-0002","AQS"
"02/01/2002","48","","Gwinnett","13-135-0002","AQS"
"02/02/2002","52","","E. Rivers School","13-121-0032","AQS"
"02/03/2002","68","","South DeKalb","13-089-0002","AQS"
"02/04/2002","47","","Fire Station #8","13-121-0039","AQS"
"02/05/2002","52","","Doraville","13-089-2001","AQS"
"02/06/2002","61","","Doraville","13-089-2001","AQS"
"02/07/2002","53","","Doraville","13-089-2001","AQS"
"02/08/2002","70","","Doraville","13-089-2001","AQS"
"02/09/2002","75","","E. Rivers School","13-121-0032","AQS"
"02/10/2002","59","","Forest Park","13-063-0091","AQS"
"02/11/2002","47","","South DeKalb","13-089-0002","AQS"
"02/12/2002","64","","E. Rivers School","13-121-0032","AQS"
"02/13/2002","58","","Yorkville, King Farm","13-223-0003","AQS"
"02/14/2002","62","","Doraville","13-089-2001","AQS"
"02/15/2002","86","","E. Rivers School","13-121-0032","AQS"
"02/16/2002","65","","South DeKalb","13-089-0002","AQS"
"02/17/2002","36","","South DeKalb","13-089-0002","AQS"
"02/18/2002","55","","Doraville","13-089-2001","AQS"
"02/19/2002","65","","Fire Station #8","13-121-0039","AQS"
"02/20/2002","55","","South DeKalb","13-089-0002","AQS"
"02/21/2002","50","","Doraville","13-089-2001","AQS"
"02/22/2002","62","","South DeKalb","13-089-0002","AQS"
"02/23/2002","61","","South DeKalb","13-089-0002","AQS"
"02/24/2002","76","","Doraville","13-089-2001","AQS"
"02/25/2002","87","","Fire Station #8","13-121-0039","AQS"
"02/26/2002","63","","Doraville","13-089-2001","AQS"
"02/27/2002","44","","Doraville","13-089-2001","AQS"
"02/28/2002","60","","Kennesaw","13-067-0003","AQS"
"03/01/2002","85","","South DeKalb","13-089-0002","AQS"
"03/02/2002","52","","Doraville","13-089-2001","AQS"
"03/03/2002","54","","Kennesaw","13-067-0003","AQS"
"03/04/2002","46","","E. Rivers School","13-121-0032","AQS"
"03/05/2002","62","","Doraville","13-089-2001","AQS"
"03/06/2002","91","","Fire Station #8","13-121-0039","AQS"
"03/07/2002","70","","South DeKalb","13-089-0002","AQS"
"03/08/2002","65","","South DeKalb","13-089-0002","AQS"
"03/09/2002","51","","Gwinnett","13-135-0002","AQS"
"03/10/2002","27","","E. Rivers School","13-121-0032","AQS"
"03/11/2002","49","","E. Rivers School","13-121-0032","AQS"
"03/12/2002","67","","E. Rivers School","13-121-0032","AQS"
"03/13/2002","55","","South DeKalb","13-089-0002","AQS"
"03/14/2002","63","","E. Rivers School","13-121-0032","AQS"
"03/15/2002","66","","Fire Station #8","13-121-0039","AQS"
"03/16/2002","57","","South DeKalb","13-089-0002","AQS"
"03/17/2002","58","","South DeKalb","13-089-0002","AQS"
"03/18/2002","64","","Forest Park","13-063-0091","AQS"
"03/19/2002","76","","E. Rivers School","13-121-0032","AQS"
"03/20/2002","57","","E. Rivers School","13-121-0032","AQS"
"03/21/2002","53","","Forest Park","13-063-0091","AQS"
"03/22/2002","45","","E. Rivers School","13-121-0032","AQS"
"03/23/2002","53","","South DeKalb","13-089-0002","AQS"
"03/24/2002","71","","Fire Station #8","13-121-0039","AQS"
"03/25/2002","67","","South DeKalb","13-089-0002","AQS"
"03/26/2002","61","","South DeKalb","13-089-0002","AQS"
"03/27/2002","60","","E. Rivers School","13-121-0032","AQS"
"03/28/2002","67","","E. Rivers School","13-121-0032","AQS"
"03/29/2002","71","","Doraville","13-089-2001","AQS"
"03/30/2002","50","","Doraville","13-089-2001","AQS"
"03/31/2002","56","","Doraville","13-089-2001","AQS"
"04/01/2002","54","","South DeKalb","13-089-0002","AQS"
"04/02/2002","66","","Forest Park","13-063-0091","AQS"
"04/03/2002","63","","South DeKalb","13-089-0002","AQS"
"04/04/2002","63","","South DeKalb","13-089-0002","AQS"
"04/05/2002","61","","South DeKalb","13-089-0002","AQS"
"04/06/2002","67","","South DeKalb","13-089-0002","AQS"
"04/07/2002","68","","South DeKalb","13-089-0002","AQS"
"04/08/2002","65","","Gwinnett","13-135-0002","AQS"
"04/09/2002","52","","E. Rivers School","13-121-0032","AQS"
"04/10/2002","57","","South DeKalb","13-089-0002","AQS"
"04/11/2002","59","","South DeKalb","13-089-0002","AQS"
"04/12/2002","57","","South DeKalb","13-089-0002","AQS"
"04/13/2002","53","","South DeKalb","13-089-0002","AQS"
"04/14/2002","53","","South DeKalb","13-089-0002","AQS"
"04/15/2002","59","","South DeKalb","13-089-0002","AQS"
"04/16/2002","60","","Doraville","13-089-2001","AQS"
"04/17/2002","75","","Fire Station #8","13-121-0039","AQS"
"04/18/2002","78","","South DeKalb","13-089-0002","AQS"
"04/19/2002","78","","South DeKalb","13-089-0002","AQS"
"04/20/2002","77","","Forest Park","13-063-0091","AQS"
"04/21/2002","69","","E. Rivers School","13-121-0032","AQS"
"04/22/2002","56","","South DeKalb","13-089-0002","AQS"
"04/23/2002","56","","South DeKalb","13-089-0002","AQS"
"04/24/2002","67","","South DeKalb","13-089-0002","AQS"
"04/25/2002","58","","South DeKalb","13-089-0002","AQS"
"04/26/2002","53","","South DeKalb","13-089-0002","AQS"
"04/27/2002","63","","South DeKalb","13-089-0002","AQS"
"04/28/2002","70","","South DeKalb","13-089-0002","AQS"
"04/29/2002","60","","South DeKalb","13-089-0002","AQS"
"04/30/2002","68","","South DeKalb","13-089-0002","AQS"
"05/01/2002","66","","South DeKalb","13-089-0002","AQS"
"05/02/2002","82","","Fire Station #8","13-121-0039","AQS"
"05/03/2002","79","","South DeKalb","13-089-0002","AQS"
"05/04/2002","58","","South DeKalb","13-089-0002","AQS"
"05/05/2002","56","","South DeKalb","13-089-0002","AQS"
"05/06/2002","65","","South DeKalb","13-089-0002","AQS"
"05/07/2002","79","","South DeKalb","13-089-0002","AQS"
"05/08/2002","83","","Fire Station #8","13-121-0039","AQS"
"05/09/2002","69","","South DeKalb","13-089-0002","AQS"
"05/10/2002","65","","South DeKalb","13-089-0002","AQS"
"05/11/2002","74","","Kennesaw","13-067-0003","AQS"
"05/12/2002","75","","E. Rivers School","13-121-0032","AQS"
"05/13/2002","58","","Doraville","13-089-2001","AQS"
"05/14/2002","58","","Forest Park","13-063-0091","AQS"
"05/15/2002","61","","South DeKalb","13-089-0002","AQS"
"05/16/2002","69","","E. Rivers School","13-121-0032","AQS"
"05/17/2002","62","","Fire Station #8","13-121-0039","AQS"
"05/18/2002","76","","South DeKalb","13-089-0002","AQS"
"05/19/2002","52","","South DeKalb","13-089-0002","AQS"
"05/20/2002","58","","Yorkville, King Farm","13-223-0003","AQS"
"05/21/2002","64","","South DeKalb","13-089-0002","AQS"
"05/22/2002","68","","South DeKalb","13-089-0002","AQS"
"05/23/2002","73","","South DeKalb","13-089-0002","AQS"
"05/24/2002","78","","Doraville","13-089-2001","AQS"
"05/25/2002","90","","E. Rivers School","13-121-0032","AQS"
"05/26/2002","97","","Kennesaw","13-067-0003","AQS"
"05/27/2002","71","","E. Rivers School","13-121-0032","AQS"
"05/28/2002","64","","Doraville","13-089-2001","AQS"
"05/29/2002","91","","Forest Park","13-063-0091","AQS"
"05/30/2002","55","","South DeKalb","13-089-0002","AQS"
"05/31/2002","64","","Doraville","13-089-2001","AQS"
"06/01/2002","84","","Forest Park","13-063-0091","AQS"
"06/02/2002","81","","South DeKalb","13-089-0002","AQS"
"06/03/2002","82","","South DeKalb","13-089-0002","AQS"
"06/04/2002","95","","Fire Station #8","13-121-0039","AQS"
"06/05/2002","82","","Doraville","13-089-2001","AQS"
"06/06/2002","70","","E. Rivers School","13-121-0032","AQS"
"06/07/2002","77","","Fire Station #8","13-121-0039","AQS"
"06/08/2002","59","","Doraville","13-089-2001","AQS"
"06/09/2002","55","","E. Rivers School","13-121-0032","AQS"
"06/10/2002","63","","Yorkville, King Farm","13-223-0003","AQS"
"06/11/2002","64","","E. Rivers School","13-121-0032","AQS"
"06/12/2002","88","","E. Rivers School","13-121-0032","AQS"
"06/13/2002","100","","E. Rivers School","13-121-0032","AQS"
"06/14/2002","66","","E. Rivers School","13-121-0032","AQS"
"06/15/2002","54","","South DeKalb","13-089-0002","AQS"
"06/16/2002","66","","South DeKalb","13-089-0002","AQS"
"06/17/2002","71","","South DeKalb","13-089-0002","AQS"
"06/18/2002","78","","South DeKalb","13-089-0002","AQS"
"06/19/2002","79","","South DeKalb","13-089-0002","AQS"
"06/20/2002","66","","South DeKalb","13-089-0002","AQS"
"06/21/2002","62","","E. Rivers School","13-121-0032","AQS"
"06/22/2002","57","","Yorkville, King Farm","13-223-0003","AQS"
"06/23/2002","39","","E. Rivers School","13-121-0032","AQS"
"06/24/2002","46","","Doraville","13-089-2001","AQS"
"06/25/2002","59","","Kennesaw","13-067-0003","AQS"
"06/26/2002","60","","Doraville","13-089-2001","AQS"
"06/27/2002","53","","South DeKalb","13-089-0002","AQS"
"06/28/2002","55","","Fire Station #8","13-121-0039","AQS"
"06/29/2002","64","","South DeKalb","13-089-0002","AQS"
"06/30/2002","72","","South DeKalb","13-089-0002","AQS"
"07/01/2002","96","","Forest Park","13-063-0091","AQS"
"07/02/2002","93","","South DeKalb","13-089-0002","AQS"
"07/03/2002","84","","South DeKalb","13-089-0002","AQS"
"07/04/2002","87","","Forest Park","13-063-0091","AQS"
"07/05/2002","107","","Doraville","13-089-2001","AQS"
"07/06/2002","99","","E. Rivers School","13-121-0032","AQS"
"07/07/2002","93","","Yorkville, King Farm","13-223-0003","AQS"
"07/08/2002","79","","Doraville","13-089-2001","AQS"
"07/09/2002","65","","E. Rivers School","13-121-0032","AQS"
"07/10/2002","67","","Fire Station #8","13-121-0039","AQS"
"07/11/2002","71","","E. Rivers School","13-121-0032","AQS"
"07/12/2002","84","","South DeKalb","13-089-0002","AQS"
"07/13/2002","73","","E. Rivers School","13-121-0032","AQS"
"07/14/2002","59","","Doraville","13-089-2001","AQS"
"07/15/2002","72","","Doraville","13-089-2001","AQS"
"07/16/2002","76","","Forest Park","13-063-0091","AQS"
"07/17/2002","73","","South DeKalb","13-089-0002","AQS"
"07/18/2002","62","","South DeKalb","13-089-0002","AQS"
"07/19/2002","60","","Doraville","13-089-2001","AQS"
"07/20/2002","66","","E. Rivers School","13-121-0032","AQS"
"07/21/2002","67","","South DeKalb","13-089-0002","AQS"
"07/22/2002","84","","Yorkville, King Farm","13-223-0003","AQS"
"07/23/2002","75","","Doraville","13-089-2001","AQS"
"07/24/2002","75","","Doraville","13-089-2001","AQS"
"07/25/2002","70","","Kennesaw","13-067-0003","AQS"
"07/26/2002","62","","Doraville","13-089-2001","AQS"
"07/27/2002","61","","South DeKalb","13-089-0002","AQS"
"07/28/2002","56","","Kennesaw","13-067-0003","AQS"
"07/29/2002","65","","Doraville","13-089-2001","AQS"
"07/30/2002","67","","South DeKalb","13-089-0002","AQS"
"07/31/2002","62","","Fire Station #8","13-121-0039","AQS"
"08/01/2002","80","","South DeKalb","13-089-0002","AQS"
"08/02/2002","86","","E. Rivers School","13-121-0032","AQS"
"08/03/2002","75","","Yorkville, King Farm","13-223-0003","AQS"
"08/04/2002","62","","Doraville","13-089-2001","AQS"
"08/05/2002","76","","E. Rivers School","13-121-0032","AQS"
"08/06/2002","103","","South DeKalb","13-089-0002","AQS"
"08/07/2002","71","","South DeKalb","13-089-0002","AQS"
"08/08/2002","77","","South DeKalb","13-089-0002","AQS"
"08/09/2002","92","","Yorkville, King Farm","13-223-0003","AQS"
"08/10/2002","79","","E. Rivers School","13-121-0032","AQS"
"08/11/2002","77","","Doraville","13-089-2001","AQS"
"08/12/2002","84","","Fire Station #8","13-121-0039","AQS"
"08/13/2002","70","","South DeKalb","13-089-0002","AQS"
"08/14/2002","59","","E. Rivers School","13-121-0032","AQS"
"08/15/2002","63","","Kennesaw","13-067-0003","AQS"
"08/16/2002","53","","E. Rivers School","13-121-0032","AQS"
"08/17/2002","61","","South DeKalb","13-089-0002","AQS"
"08/18/2002","63","","Fire Station #8","13-121-0039","AQS"
"08/19/2002","57","","South DeKalb","13-089-0002","AQS"
"08/20/2002","66","","Doraville","13-089-2001","AQS"
"08/21/2002","77","","South DeKalb","13-089-0002","AQS"
"08/22/2002","71","","Doraville","13-089-2001","AQS"
"08/23/2002","76","","South DeKalb","13-089-0002","AQS"
"08/24/2002","71","","Fire Station #8","13-121-0039","AQS"
"08/25/2002","57","","Doraville","13-089-2001","AQS"
"08/26/2002","67","","E. Rivers School","13-121-0032","AQS"
"08/27/2002","69","","Yorkville, King Farm","13-223-0003","AQS"
"08/28/2002","67","","South DeKalb","13-089-0002","AQS"
"08/29/2002","65","","South DeKalb","13-089-0002","AQS"
"08/30/2002","60","","South DeKalb","13-089-0002","AQS"
"08/31/2002","44","","E. Rivers School","13-121-0032","AQS"
"09/01/2002","32","","South DeKalb","13-089-0002","AQS"
"09/02/2002","56","","Doraville","13-089-2001","AQS"
"09/03/2002","61","","Doraville","13-089-2001","AQS"
"09/04/2002","78","","Doraville","13-089-2001","AQS"
"09/05/2002","97","","Yorkville, King Farm","13-223-0003","AQS"
"09/06/2002","85","","E. Rivers School","13-121-0032","AQS"
"09/07/2002","85","","E. Rivers School","13-121-0032","AQS"
"09/08/2002","74","","Yorkville, King Farm","13-223-0003","AQS"
"09/09/2002","67","","South DeKalb","13-089-0002","AQS"
"09/10/2002","82","","South DeKalb","13-089-0002","AQS"
"09/11/2002","113","","Fire Station #8","13-121-0039","AQS"
"09/12/2002","74","","South DeKalb","13-089-0002","AQS"
"09/13/2002","63","","South DeKalb","13-089-0002","AQS"
"09/14/2002","52","","South DeKalb","13-089-0002","AQS"
"09/15/2002","47","","South DeKalb","13-089-0002","AQS"
"09/16/2002","77","","South DeKalb","13-089-0002","AQS"
"09/17/2002","93","","Fire Station #8","13-121-0039","AQS"
"09/18/2002","60","","South DeKalb","13-089-0002","AQS"
"09/19/2002","81","","E. Rivers School","13-121-0032","AQS"
"09/20/2002","66","","South DeKalb","13-089-0002","AQS"
"09/21/2002","55","","South DeKalb","13-089-0002","AQS"
"09/22/2002","57","","South DeKalb","13-089-0002","AQS"
"09/23/2002","68","","Yorkville, King Farm","13-223-0003","AQS"
"09/24/2002","94","","E. Rivers School","13-121-0032","AQS"
"09/25/2002","72","","South DeKalb","13-089-0002","AQS"
"09/26/2002","55","","South DeKalb","13-089-0002","AQS"
"09/27/2002","29","","South DeKalb","13-089-0002","AQS"
"09/28/2002","53","","South DeKalb","13-089-0002","AQS"
"09/29/2002","70","","Yorkville, King Farm","13-223-0003","AQS"
"09/30/2002","71","","E. Rivers School","13-121-0032","AQS"
"10/01/2002","69","","Doraville","13-089-2001","AQS"
"10/02/2002","69","","South DeKalb","13-089-0002","AQS"
"10/03/2002","66","","South DeKalb","13-089-0002","AQS"
"10/04/2002","55","","South DeKalb","13-089-0002","AQS"
"10/05/2002","72","","Fire Station #8","13-121-0039","AQS"
"10/06/2002","74","","South DeKalb","13-089-0002","AQS"
"10/07/2002","57","","E. Rivers School","13-121-0032","AQS"
"10/08/2002","75","","Kennesaw","13-067-0003","AQS"
"10/09/2002","75","","South DeKalb","13-089-0002","AQS"
"10/10/2002","82","","E. Rivers School","13-121-0032","AQS"
"10/11/2002","93","","Fire Station #8","13-121-0039","AQS"
"10/12/2002","82","","Doraville","13-089-2001","AQS"
"10/13/2002","57","","Doraville","13-089-2001","AQS"
"10/14/2002","55","","Forest Park","13-063-0091","AQS"
"10/15/2002","35","","E. Rivers School","13-121-0032","AQS"
"10/16/2002","54","","South DeKalb","13-089-0002","AQS"
"10/17/2002","62","","South DeKalb","13-089-0002","AQS"
"10/18/2002","65","","South DeKalb","13-089-0002","AQS"
"10/19/2002","69","","E. Rivers School","13-121-0032","AQS"
"10/20/2002","70","","Kennesaw","13-067-0003","AQS"
"10/21/2002","56","","South DeKalb","13-089-0002","AQS"
"10/22/2002","73","","South DeKalb","13-089-0002","AQS"
"10/23/2002","77","","Gwinnett","13-135-0002","AQS"
"10/24/2002","73","","Doraville","13-089-2001","AQS"
"10/25/2002","66","","Doraville","13-089-2001","AQS"
"10/26/2002","57","","South DeKalb","13-089-0002","AQS"
"10/27/2002","62","","E. Rivers School","13-121-0032","AQS"
"10/28/2002","57","","E. Rivers School","13-121-0032","AQS"
"10/29/2002","56","","Fire Station #8","13-121-0039","AQS"
"10/30/2002","52","","Doraville","13-089-2001","AQS"
"10/31/2002","50","","Doraville","13-089-2001","AQS"
"11/01/2002","60","","Forest Park","13-063-0091","AQS"
"11/02/2002","52","","South DeKalb","13-089-0002","AQS"
"11/03/2002","54","","E. Rivers School","13-121-0032","AQS"
"11/04/2002","61","","Fire Station #8","13-121-0039","AQS"
"11/05/2002","50","","E. Rivers School","13-121-0032","AQS"
"11/06/2002","42","","South DeKalb","13-089-0002","AQS"
"11/07/2002","61","","South DeKalb","13-089-0002","AQS"
"11/08/2002","71","","E. Rivers School","13-121-0032","AQS"
"11/09/2002","70","","South DeKalb","13-089-0002","AQS"
"11/10/2002","54","","Fire Station #8","13-121-0039","AQS"
"11/11/2002","50","","Doraville","13-089-2001","AQS"
"11/12/2002","51","","Doraville","13-089-2001","AQS"
"11/13/2002","56","","E. Rivers School","13-121-0032","AQS"
"11/14/2002","68","","South DeKalb","13-089-0002","AQS"
"11/15/2002","74","","South DeKalb","13-089-0002","AQS"
"11/16/2002","53","","South DeKalb","13-089-0002","AQS"
"11/17/2002","52","","E. Rivers School","13-121-0032","AQS"
"11/18/2002","67","","E. Rivers School","13-121-0032","AQS"
"11/19/2002","77","","Fire Station #8","13-121-0039","AQS"
"11/20/2002","86","","South DeKalb","13-089-0002","AQS"
"11/21/2002","67","","E. Rivers School","13-121-0032","AQS"
"11/22/2002","44","","Fire Station #8","13-121-0039","AQS"
"11/23/2002","59","","E. Rivers School","13-121-0032","AQS"
"11/24/2002","84","","E. Rivers School","13-121-0032","AQS"
"11/25/2002","101","","Fire Station #8","13-121-0039","AQS"
"11/26/2002","82","","E. Rivers School","13-121-0032","AQS"
"11/27/2002","59","","Doraville","13-089-2001","AQS"
"11/28/2002","63","","E. Rivers School","13-121-0032","AQS"
"11/29/2002","59","","E. Rivers School","13-121-0032","AQS"
"11/30/2002","43","","South DeKalb","13-089-0002","AQS"
"12/01/2002","61","","E. Rivers School","13-121-0032","AQS"
"12/02/2002","63","","South DeKalb","13-089-0002","AQS"
"12/03/2002","73","","South DeKalb","13-089-0002","AQS"
"12/04/2002","81","","Forest Park","13-063-0091","AQS"
"12/05/2002","50","","Doraville","13-089-2001","AQS"
"12/06/2002","62","","Doraville","13-089-2001","AQS"
"12/07/2002","91","","E. Rivers School","13-121-0032","AQS"
"12/08/2002","91","","South DeKalb","13-089-0002","AQS"
"12/09/2002","67","","Doraville","13-089-2001","AQS"
"12/10/2002","71","","E. Rivers School","13-121-0032","AQS"
"12/11/2002","57","","South DeKalb","13-089-0002","AQS"
"12/12/2002","79","","South DeKalb","13-089-0002","AQS"
"12/13/2002","41","","South DeKalb","13-089-0002","AQS"
"12/14/2002","55","","E. Rivers School","13-121-0032","AQS"
"12/15/2002","69","","E. Rivers School","13-121-0032","AQS"
"12/16/2002","80","","Fire Station #8","13-121-0039","AQS"
"12/17/2002","82","","South DeKalb","13-089-0002","AQS"
"12/18/2002","59","","Kennesaw","13-067-0003","AQS"
"12/19/2002","74","","Fire Station #8","13-121-0039","AQS"
"12/20/2002","33","","Doraville","13-089-2001","AQS"
"12/21/2002","41","","South DeKalb","13-089-0002","AQS"
"12/22/2002","53","","Fire Station #8","13-121-0039","AQS"
"12/23/2002","57","","E. Rivers School","13-121-0032","AQS"
"12/24/2002","55","","South DeKalb","13-089-0002","AQS"
"12/25/2002","44","","E. Rivers School","13-121-0032","AQS"
"12/26/2002","62","","E. Rivers School","13-121-0032","AQS"
"12/27/2002","106","","South DeKalb","13-089-0002","AQS"
"12/28/2002","71","","E. Rivers School","13-121-0032","AQS"
"12/29/2002","67","","E. Rivers School","13-121-0032","AQS"
"12/30/2002","77","","E. Rivers School","13-121-0032","AQS"
"12/31/2002","61","","Fire Station #8","13-121-0039","AQS"
"01/01/2003","27","","E. Rivers School","13-121-0032","AQS"
"01/02/2003","32","","Doraville","13-089-2001","AQS"
"01/03/2003","42","","Forest Park","13-063-0091","AQS"
"01/04/2003","62","","E. Rivers School","13-121-0032","AQS"
"01/05/2003","68","","E. Rivers School","13-121-0032","AQS"
"01/06/2003","56","","E. Rivers School","13-121-0032","AQS"
"01/07/2003","54","","E. Rivers School","13-121-0032","AQS"
"01/08/2003","52","","Doraville","13-089-2001","AQS"
"01/09/2003","62","","Fire Station #8","13-121-0039","AQS"
"01/10/2003","37","","E. Rivers School","13-121-0032","AQS"
"01/11/2003","40","","Doraville","13-089-2001","AQS"
"01/12/2003","48","","Forest Park","13-063-0091","AQS"
"01/13/2003","60","","South DeKalb","13-089-0002","AQS"
"01/14/2003","59","","E. Rivers School","13-121-0032","AQS"
"01/15/2003","57","","E. Rivers School","13-121-0032","AQS"
"01/16/2003","66","","South DeKalb","13-089-0002","AQS"
"01/17/2003","51","","E. Rivers School","13-121-0032","AQS"
"01/18/2003","59","","Kennesaw","13-067-0003","AQS"
"01/19/2003","45","","Doraville","13-089-2001","AQS"
"01/20/2003","58","","South DeKalb","13-089-0002","AQS"
"01/21/2003","61","","Kennesaw","13-067-0003","AQS"
"01/22/2003","74","","Doraville","13-089-2001","AQS"
"01/23/2003","53","","South DeKalb","13-089-0002","AQS"
"01/24/2003","57","","South DeKalb","13-089-0002","AQS"
"01/25/2003","61","","E. Rivers School","13-121-0032","AQS"
"01/26/2003","61","","E. Rivers School","13-121-0032","AQS"
"01/27/2003","63","","Forest Park","13-063-0091","AQS"
"01/28/2003","70","","South DeKalb","13-089-0002","AQS"
"01/29/2003","65","","South DeKalb","13-089-0002","AQS"
"01/30/2003","61","","Fire Station #8","13-121-0039","AQS"
"01/31/2003","63","","E. Rivers School","13-121-0032","AQS"
"02/01/2003","53","","South DeKalb","13-089-0002","AQS"
"02/02/2003","64","","Fire Station #8","13-121-0039","AQS"
"02/03/2003","58","","Doraville","13-089-2001","AQS"
"02/04/2003","29","","E. Rivers School","13-121-0032","AQS"
"02/05/2003","48","","Forest Park","13-063-0091","AQS"
"02/06/2003","58","","Doraville","13-089-2001","AQS"
"02/07/2003","56","","Doraville","13-089-2001","AQS"
"02/08/2003","57","","Kennesaw","13-067-0003","AQS"
"02/09/2003","52","","E. Rivers School","13-121-0032","AQS"
"02/10/2003","53","","Doraville","13-089-2001","AQS"
"02/11/2003","58","","Fire Station #8","13-121-0039","AQS"
"02/12/2003","39","","South DeKalb","13-089-0002","AQS"
"02/13/2003","41","","E. Rivers School","13-121-0032","AQS"
"02/14/2003","75","","Doraville","13-089-2001","AQS"
"02/15/2003","70","","Doraville","13-089-2001","AQS"
"02/16/2003","45","","E. Rivers School","13-121-0032","AQS"
"02/17/2003","59","","Doraville","13-089-2001","AQS"
"02/18/2003","75","","E. Rivers School","13-121-0032","AQS"
"02/19/2003","85","","Doraville","13-089-2001","AQS"
"02/20/2003","81","","Fire Station #8","13-121-0039","AQS"
"02/21/2003","99","","Doraville","13-089-2001","AQS"
"02/22/2003","58","","E. Rivers School","13-121-0032","AQS"
"02/23/2003","56","","MACLAND AQUATIC CENTER","13-067-0004","AQS"
"02/24/2003","58","","South DeKalb","13-089-0002","AQS"
"02/25/2003","64","","South DeKalb","13-089-0002","AQS"
"02/26/2003","77","","Kennesaw","13-067-0003","AQS"
"02/27/2003","46","","E. Rivers School","13-121-0032","AQS"
"02/28/2003","65","","E. Rivers School","13-121-0032","AQS"
"03/01/2003","65","","E. Rivers School","13-121-0032","AQS"
"03/02/2003","57","","E. Rivers School","13-121-0032","AQS"
"03/03/2003","61","","E. Rivers School","13-121-0032","AQS"
"03/04/2003","67","","Fire Station #8","13-121-0039","AQS"
"03/05/2003","52","","E. Rivers School","13-121-0032","AQS"
"03/06/2003","39","","Doraville","13-089-2001","AQS"
"03/07/2003","59","","Kennesaw","13-067-0003","AQS"
"03/08/2003","62","","Doraville","13-089-2001","AQS"
"03/09/2003","58","","South DeKalb","13-089-0002","AQS"
"03/10/2003","58","","Forest Park","13-063-0091","AQS"
"03/11/2003","66","","Doraville","13-089-2001","AQS"
"03/12/2003","77","","Doraville","13-089-2001","AQS"
"03/13/2003","79","","Fire Station #8","13-121-0039","AQS"
"03/14/2003","63","","E. Rivers School","13-121-0032","AQS"
"03/15/2003","82","","Kennesaw","13-067-0003","AQS"
"03/16/2003","62","","Yorkville, King Farm","13-223-0003","AQS"
"03/17/2003","53","","Doraville","13-089-2001","AQS"
"03/18/2003","45","","Doraville","13-089-2001","AQS"
"03/19/2003","55","","E. Rivers School","13-121-0032","AQS"
"03/20/2003","44","","Doraville","13-089-2001","AQS"
"03/21/2003","49","","E. Rivers School","13-121-0032","AQS"
"03/22/2003","64","","South DeKalb","13-089-0002","AQS"
"03/23/2003","59","","E. Rivers School","13-121-0032","AQS"
"03/24/2003","60","","South DeKalb","13-089-0002","AQS"
"03/25/2003","83","","Fire Station #8","13-121-0039","AQS"
"03/26/2003","77","","South DeKalb","13-089-0002","AQS"
"03/27/2003","62","","South DeKalb","13-089-0002","AQS"
"03/28/2003","64","","Kennesaw","13-067-0003","AQS"
"03/29/2003","60","","South DeKalb","13-089-0002","AQS"
"03/30/2003","52","","South DeKalb","13-089-0002","AQS"
"03/31/2003","56","","Fire Station #8","13-121-0039","AQS"
"04/01/2003","58","","E. Rivers School","13-121-0032","AQS"
"04/02/2003","57","","South DeKalb","13-089-0002","AQS"
"04/03/2003","70","","Gwinnett","13-135-0002","AQS"
"04/04/2003","59","","South DeKalb","13-089-0002","AQS"
"04/05/2003","60","","Doraville","13-089-2001","AQS"
"04/06/2003","66","","Doraville","13-089-2001","AQS"
"04/07/2003","60","","E. Rivers School","13-121-0032","AQS"
"04/08/2003","63","","E. Rivers School","13-121-0032","AQS"
"04/09/2003","41","","Doraville","13-089-2001","AQS"
"04/10/2003","32","","Doraville","13-089-2001","AQS"
"04/11/2003","57","","Yorkville, King Farm","13-223-0003","AQS"
"04/12/2003","67","","Fire Station #8","13-121-0039","AQS"
"04/13/2003","69","","Yorkville, King Farm","13-223-0003","AQS"
"04/14/2003","70","","E. Rivers School","13-121-0032","AQS"
"04/15/2003","75","","Forest Park","13-063-0091","AQS"
"04/16/2003","67","","Doraville","13-089-2001","AQS"
"04/17/2003","66","","E. Rivers School","13-121-0032","AQS"
"04/18/2003","65","","Forest Park","13-063-0091","AQS"
"04/19/2003","56","","Yorkville, King Farm","13-223-0003","AQS"
"04/20/2003","69","","Yorkville, King Farm","13-223-0003","AQS"
"04/21/2003","72","","Fire Station #8","13-121-0039","AQS"
"04/22/2003","45","","Doraville","13-089-2001","AQS"
"04/23/2003","56","","South DeKalb","13-089-0002","AQS"
"04/24/2003","72","","Forest Park","13-063-0091","AQS"
"04/25/2003","54","","E. Rivers School","13-121-0032","AQS"
"04/26/2003","55","","South DeKalb","13-089-0002","AQS"
"04/27/2003","77","","Yorkville, King Farm","13-223-0003","AQS"
"04/28/2003","72","","Yorkville, King Farm","13-223-0003","AQS"
"04/29/2003","101","","Forest Park","13-063-0091","AQS"
"04/30/2003","109","","Fire Station #8","13-121-0039","AQS"
"05/01/2003","65","","MACLAND AQUATIC CENTER","13-067-0004","AQS"
"05/02/2003","64","","Doraville","13-089-2001","AQS"
"05/03/2003","67","","Kennesaw","13-067-0003","AQS"
"05/04/2003","131","","Doraville","13-089-2001","AQS"
"05/05/2003","63","","E. Rivers School","13-121-0032","AQS"
"05/06/2003","39","","Kennesaw","13-067-0003","AQS"
"05/07/2003","60","","South DeKalb","13-089-0002","AQS"
"05/08/2003","71","","Fire Station #8","13-121-0039","AQS"
"05/09/2003","60","","South DeKalb","13-089-0002","AQS"
"05/10/2003","59","","E. Rivers School","13-121-0032","AQS"
"05/11/2003","56","","E. Rivers School","13-121-0032","AQS"
"05/12/2003","53","","Kennesaw","13-067-0003","AQS"
"05/13/2003","57","","Yorkville, King Farm","13-223-0003","AQS"
"05/14/2003","66","","E. Rivers School","13-121-0032","AQS"
"05/15/2003","71","","E. Rivers School","13-121-0032","AQS"
"05/16/2003","85","","Forest Park","13-063-0091","AQS"
"05/17/2003","80","","E. Rivers School","13-121-0032","AQS"
"05/18/2003","51","","Forest Park","13-063-0091","AQS"
"05/19/2003","57","","E. Rivers School","13-121-0032","AQS"
"05/20/2003","63","","E. Rivers School","13-121-0032","AQS"
"05/21/2003","60","","MACLAND AQUATIC CENTER","13-067-0004","AQS"
"05/22/2003","22","","Doraville","13-089-2001","AQS"
"05/23/2003","51","","Doraville","13-089-2001","AQS"
"05/24/2003","98","","MACLAND AQUATIC CENTER","13-067-0004","AQS"
"05/25/2003","96","","South DeKalb","13-089-0002","AQS"
"05/26/2003","69","","Doraville","13-089-2001","AQS"
"05/27/2003","74","","MACLAND AQUATIC CENTER","13-067-0004","AQS"
"05/28/2003","72","","South DeKalb","13-089-0002","AQS"
"05/29/2003","63","","E. Rivers School","13-121-0032","AQS"
"05/30/2003","62","","Fire Station #8","13-121-0039","AQS"
"05/31/2003","74","","South DeKalb","13-089-0002","AQS"
"06/01/2003","63","","South DeKalb","13-089-0002","AQS"
"06/02/2003","74","","Forest Park","13-063-0091","AQS"
"06/03/2003","61","","Yorkville, King Farm","13-223-0003","AQS"
"06/04/2003","58","","Doraville","13-089-2001","AQS"
"06/05/2003","72","","Forest Park","13-063-0091","AQS"
"06/06/2003","74","","South DeKalb","13-089-0002","AQS"
"06/07/2003","49","","E. Rivers School","13-121-0032","AQS"
"06/08/2003","67","","Gwinnett","13-135-0002","AQS"
"06/09/2003","67","","Doraville","13-089-2001","AQS"
"06/10/2003","73","","South DeKalb","13-089-0002","AQS"
"06/11/2003","156","","Fire Station #8","13-121-0039","AQS"
"06/12/2003","52","","E. Rivers School","13-121-0032","AQS"
"06/13/2003","39","","E. Rivers School","13-121-0032","AQS"
"06/14/2003","54","","E. Rivers School","13-121-0032","AQS"
"06/15/2003","65","","South DeKalb","13-089-0002","AQS"
"06/16/2003","75","","E. Rivers School","13-121-0032","AQS"
"06/17/2003","57","","E. Rivers School","13-121-0032","AQS"
"06/18/2003","46","","E. Rivers School","13-121-0032","AQS"
"06/19/2003","68","","E. Rivers School","13-121-0032","AQS"
"06/20/2003","71","","Forest Park","13-063-0091","AQS"
"06/21/2003","59","","South DeKalb","13-089-0002","AQS"
"06/22/2003","67","","Yorkville, King Farm","13-223-0003","AQS"
"06/23/2003","87","","Fire Station #8","13-121-0039","AQS"
"06/24/2003","101","","E. Rivers School","13-121-0032","AQS"
"06/25/2003","129","","Yorkville, King Farm","13-223-0003","AQS"
"06/26/2003","123","","Fire Station #8","13-121-0039","AQS"
"06/27/2003","90","","E. Rivers School","13-121-0032","AQS"
"06/28/2003","76","","E. Rivers School","13-121-0032","AQS"
"06/29/2003","85","","E. Rivers School","13-121-0032","AQS"
"06/30/2003","63","","E. Rivers School","13-121-0032","AQS"
"07/01/2003","52","","E. Rivers School","13-121-0032","AQS"
"07/02/2003","72","","Gwinnett","13-135-0002","AQS"
"07/03/2003","75","","South DeKalb","13-089-0002","AQS"
"07/04/2003","72","","Yorkville, King Farm","13-223-0003","AQS"
"07/05/2003","56","","E. Rivers School","13-121-0032","AQS"
"07/06/2003","63","","E. Rivers School","13-121-0032","AQS"
"07/07/2003","82","","E. Rivers School","13-121-0032","AQS"
"07/08/2003","93","","E. Rivers School","13-121-0032","AQS"
"07/09/2003","65","","E. Rivers School","13-121-0032","AQS"
"07/10/2003","60","","E. Rivers School","13-121-0032","AQS"
"07/11/2003","59","","Fire Station #8","13-121-0039","AQS"
"07/12/2003","70","","Doraville","13-089-2001","AQS"
"07/13/2003","60","","E. Rivers School","13-121-0032","AQS"
"07/14/2003","68","","E. Rivers School","13-121-0032","AQS"
"07/15/2003","75","","E. Rivers School","13-121-0032","AQS"
"07/16/2003","72","","South DeKalb","13-089-0002","AQS"
"07/17/2003","88","","South DeKalb","13-089-0002","AQS"
"07/18/2003","110","","South DeKalb","13-089-0002","AQS"
"07/19/2003","90","","E. Rivers School","13-121-0032","AQS"
"07/20/2003","87","","South DeKalb","13-089-0002","AQS"
"07/21/2003","69","","E. Rivers School","13-121-0032","AQS"
"07/22/2003","56","","South DeKalb","13-089-0002","AQS"
"07/23/2003","68","","Fire Station #8","13-121-0039","AQS"
"07/24/2003","67","","South DeKalb","13-089-0002","AQS"
"07/25/2003","77","","South DeKalb","13-089-0002","AQS"
"07/26/2003","62","","Forest Park","13-063-0091","AQS"
"07/27/2003","66","","South DeKalb","13-089-0002","AQS"
"07/28/2003","80","","South DeKalb","13-089-0002","AQS"
"07/29/2003","77","","Fire Station #8","13-121-0039","AQS"
"07/30/2003","69","","South DeKalb","13-089-0002","AQS"
"07/31/2003","69","","E. Rivers School","13-121-0032","AQS"
"08/01/2003","77","","Gwinnett","13-135-0002","AQS"
"08/02/2003","92","","E. Rivers School","13-121-0032","AQS"
"08/03/2003","64","","E. Rivers School","13-121-0032","AQS"
"08/04/2003","65","","Fire Station #8","13-121-0039","AQS"
"08/05/2003","62","","South DeKalb","13-089-0002","AQS"
"08/06/2003","55","","Doraville","13-089-2001","AQS"
"08/07/2003","75","","Fire Station #8","13-121-0039","AQS"
"08/08/2003","80","","Yorkville, King Farm","13-223-0003","AQS"
"08/09/2003","80","","Yorkville, King Farm","13-223-0003","AQS"
"08/10/2003","97","","Fire Station #8","13-121-0039","AQS"
"08/11/2003","88","","South DeKalb","13-089-0002","AQS"
"08/12/2003","92","","E. Rivers School","13-121-0032","AQS"
"08/13/2003","66","","Kennesaw","13-067-0003","AQS"
"08/14/2003","60","","Doraville","13-089-2001","AQS"
"08/15/2003","71","","Yorkville, King Farm","13-223-0003","AQS"
"08/16/2003","83","","Doraville","13-089-2001","AQS"
"08/17/2003","84","","E. Rivers School","13-121-0032","AQS"
"08/18/2003","103","","South DeKalb","13-089-0002","AQS"
"08/19/2003","120","","E. Rivers School","13-121-0032","AQS"
"08/20/2003","120","","Yorkville, King Farm","13-223-0003","AQS"
"08/21/2003","86","","Doraville","13-089-2001","AQS"
"08/22/2003","84","","Kennesaw","13-067-0003","AQS"
"08/23/2003","79","","South DeKalb","13-089-0002","AQS"
"08/24/2003","97","","South DeKalb","13-089-0002","AQS"
"08/25/2003","129","","Yorkville, King Farm","13-223-0003","AQS"
"08/26/2003","129","","E. Rivers School","13-121-0032","AQS"
"08/27/2003","128","","Doraville","13-089-2001","AQS"
"08/28/2003","85","","Kennesaw","13-067-0003","AQS"
"08/29/2003","58","","E. Rivers School","13-121-0032","AQS"
"08/30/2003","57","","E. Rivers School","13-121-0032","AQS"
"08/31/2003","60","","E. Rivers School","13-121-0032","AQS"
"09/01/2003","69","","South DeKalb","13-089-0002","AQS"
"09/02/2003","65","","South DeKalb","13-089-0002","AQS"
"09/03/2003","59","","Kennesaw","13-067-0003","AQS"
"09/04/2003","58","","South DeKalb","13-089-0002","AQS"
"09/05/2003","76","","E. Rivers School","13-121-0032","AQS"
"09/06/2003","91","","Kennesaw","13-067-0003","AQS"
"09/07/2003","80","","Doraville","13-089-2001","AQS"
"09/08/2003","88","","South DeKalb","13-089-0002","AQS"
"09/09/2003","94","","Fire Station #8","13-121-0039","AQS"
"09/10/2003","86","","Yorkville, King Farm","13-223-0003","AQS"
"09/11/2003","74","","Yorkville, King Farm","13-223-0003","AQS"
"09/12/2003","72","","Yorkville, King Farm","13-223-0003","AQS"
"09/13/2003","69","","Doraville","13-089-2001","AQS"
"09/14/2003","66","","Doraville","13-089-2001","AQS"
"09/15/2003","62","","Forest Park","13-063-0091","AQS"
"09/16/2003","65","","Doraville","13-089-2001","AQS"
"09/17/2003","65","","Doraville","13-089-2001","AQS"
"09/18/2003","71","","Fire Station #8","13-121-0039","AQS"
"09/19/2003","92","","McDonough","13-151-0002","AQS"
"09/20/2003","102","","McDonough","13-151-0002","AQS"
"09/21/2003","87","","Yorkville, King Farm","13-223-0003","AQS"
"09/22/2003","57","","Gwinnett","13-135-0002","AQS"
"09/23/2003","49","","McDonough","13-151-0002","AQS"
"09/24/2003","69","","Forest Park","13-063-0091","AQS"
"09/25/2003","80","","Doraville","13-089-2001","AQS"
"09/26/2003","89","","Doraville","13-089-2001","AQS"
"09/27/2003","75","","Gwinnett","13-135-0002","AQS"
"09/28/2003","42","","South DeKalb","13-089-0002","AQS"
"09/29/2003","41","","Newnan","13-077-0002","AQS"
"09/30/2003","56","","South DeKalb","13-089-0002","AQS"
"10/01/2003","60","","South DeKalb","13-089-0002","AQS"
"10/02/2003","54","","McDonough","13-151-0002","AQS"
"10/03/2003","61","","Yorkville, King Farm","13-223-0003","AQS"
"10/04/2003","79","","Newnan","13-077-0002","AQS"
"10/05/2003","81","","Newnan","13-077-0002","AQS"
"10/06/2003","81","","Newnan","13-077-0002","AQS"
"10/07/2003","86","","Newnan","13-077-0002","AQS"
"10/08/2003","64","","Gwinnett","13-135-0002","AQS"
"10/09/2003","145","","Fire Station #8","13-121-0039","AQS"
"10/10/2003","66","","Gwinnett","13-135-0002","AQS"
"10/11/2003","57","","Newnan","13-077-0002","AQS"
"10/12/2003","72","","Gwinnett","13-135-0002","AQS"
"10/13/2003","69","","South DeKalb","13-089-0002","AQS"
"10/14/2003","68","","South DeKalb","13-089-0002","AQS"
"10/15/2003","56","","Fire Station #8","13-121-0039","AQS"
"10/16/2003","67","","South DeKalb","13-089-0002","AQS"
"10/17/2003","83","","South DeKalb","13-089-0002","AQS"
"10/18/2003","79","","Fire Station #8","13-121-0039","AQS"
"10/19/2003","68","","South DeKalb","13-089-0002","AQS"
"10/20/2003","77","","South DeKalb","13-089-0002","AQS"
"10/21/2003","85","","South DeKalb","13-089-0002","AQS"
"10/22/2003","63","","South DeKalb","13-089-0002","AQS"
"10/23/2003","57","","South DeKalb","13-089-0002","AQS"
"10/24/2003","70","","Fire Station #8","13-121-0039","AQS"
"10/25/2003","77","","Newnan","13-077-0002","AQS"
"10/26/2003","88","","Doraville","13-089-2001","AQS"
"10/27/2003","58","","Fire Station #8","13-121-0039","AQS"
"10/28/2003","59","","Newnan","13-077-0002","AQS"
"10/29/2003","61","","Doraville","13-089-2001","AQS"
"10/30/2003","74","","Forest Park","13-063-0091","AQS"
"10/31/2003","69","","Gwinnett","13-135-0002","AQS"
"11/01/2003","74","","Gwinnett","13-135-0002","AQS"
"11/02/2003","85","","MACLAND AQUATIC CENTER","13-067-0004","AQS"
"11/03/2003","73","","E. Rivers School","13-121-0032","AQS"
"11/04/2003","69","","Gwinnett","13-135-0002","AQS"
"11/05/2003","55","","E. Rivers School","13-121-0032","AQS"
"11/06/2003","56","","E. Rivers School","13-121-0032","AQS"
"11/07/2003","62","","Doraville","13-089-2001","AQS"
"11/08/2003","58","","Newnan","13-077-0002","AQS"
"11/09/2003","60","","E. Rivers School","13-121-0032","AQS"
"11/10/2003","57","","E. Rivers School","13-121-0032","AQS"
"11/11/2003","66","","MACLAND AQUATIC CENTER","13-067-0004","AQS"
"11/12/2003","59","","E. Rivers School","13-121-0032","AQS"
"11/13/2003","27","","Doraville","13-089-2001","AQS"
"11/14/2003","61","","McDonough","13-151-0002","AQS"
"11/15/2003","84","","McDonough","13-151-0002","AQS"
"11/16/2003","76","","Gwinnett","13-135-0002","AQS"
"11/17/2003","68","","Gwinnett","13-135-0002","AQS"
"11/18/2003","51","","Fire Station #8","13-121-0039","AQS"
"11/19/2003","33","","South DeKalb","13-089-0002","AQS"
"11/20/2003","52","","Fire Station #8","13-121-0039","AQS"
"11/21/2003","62","","E. Rivers School","13-121-0032","AQS"
"11/22/2003","77","","E. Rivers School","13-121-0032","AQS"
"11/23/2003","75","","Gwinnett","13-135-0002","AQS"
"11/24/2003","43","","South DeKalb","13-089-0002","AQS"
"11/25/2003","52","","Doraville","13-089-2001","AQS"
"11/26/2003","63","","South DeKalb","13-089-0002","AQS"
"11/27/2003","74","","E. Rivers School","13-121-0032","AQS"
"11/28/2003","26","","E. Rivers School","13-121-0032","AQS"
"11/29/2003","56","","Fire Station #8","13-121-0039","AQS"
"11/30/2003","71","","E. Rivers School","13-121-0032","AQS"
"12/01/2003","57","","E. Rivers School","13-121-0032","AQS"
"12/02/2003","52","","Forest Park","13-063-0091","AQS"
"12/03/2003","58","","E. Rivers School","13-121-0032","AQS"
"12/04/2003","60","","E. Rivers School","13-121-0032","AQS"
"12/05/2003","61","","Fire Station #8","13-121-0039","AQS"
"12/06/2003","52","","E. Rivers School","13-121-0032","AQS"
"12/07/2003","58","","South DeKalb","13-089-0002","AQS"
"12/08/2003","102","","Fire Station #8","13-121-0039","AQS"
"12/09/2003","82","","Doraville","13-089-2001","AQS"
"12/10/2003","53","","E. Rivers School","13-121-0032","AQS"
"12/11/2003","52","","Forest Park","13-063-0091","AQS"
"12/12/2003","65","","E. Rivers School","13-121-0032","AQS"
"12/13/2003","65","","E. Rivers School","13-121-0032","AQS"
"12/14/2003","46","","Forest Park","13-063-0091","AQS"
"12/15/2003","59","","Doraville","13-089-2001","AQS"
"12/16/2003","64","","South DeKalb","13-089-0002","AQS"
"12/17/2003","43","","South DeKalb","13-089-0002","AQS"
"12/18/2003","44","","E. Rivers School","13-121-0032","AQS"
"12/19/2003","33","","South DeKalb","13-089-0002","AQS"
"12/20/2003","62","","E. Rivers School","13-121-0032","AQS"
"12/21/2003","89","","E. Rivers School","13-121-0032","AQS"
"12/22/2003","71","","South DeKalb","13-089-0002","AQS"
"12/23/2003","66","","South DeKalb","13-089-0002","AQS"
"12/24/2003","52","","E. Rivers School","13-121-0032","AQS"
"12/25/2003","61","","E. Rivers School","13-121-0032","AQS"
"12/26/2003","64","","E. Rivers School","13-121-0032","AQS"
"12/27/2003","77","","E. Rivers School","13-121-0032","AQS"
"12/28/2003","77","","E. Rivers School","13-121-0032","AQS"
"12/29/2003","57","","South DeKalb","13-089-0002","AQS"
"12/30/2003","53","","E. Rivers School","13-121-0032","AQS"
"12/31/2003","68","","E. Rivers School","13-121-0032","AQS"
"01/01/2004","91","","Fire Station #8","13-121-0039","AQS"
"01/02/2004","77","","Gwinnett","13-135-0002","AQS"
"01/03/2004","88","","E. Rivers School","13-121-0032","AQS"
"01/04/2004","53","","South DeKalb","13-089-0002","AQS"
"01/05/2004","40","","Doraville","13-089-2001","AQS"
"01/06/2004","44","","Yorkville, King Farm","13-223-0003","AQS"
"01/07/2004","52","","Forest Park","13-063-0091","AQS"
"01/08/2004","77","","South DeKalb","13-089-0002","AQS"
"01/09/2004","65","","South DeKalb","13-089-0002","AQS"
"01/10/2004","68","","Forest Park","13-063-0091","AQS"
"01/11/2004","77","","E. Rivers School","13-121-0032","AQS"
"01/12/2004","66","","South DeKalb","13-089-0002","AQS"
"01/13/2004","65","","Fire Station #8","13-121-0039","AQS"
"01/14/2004","69","","Newnan","13-077-0002","AQS"
"01/15/2004","55","","Doraville","13-089-2001","AQS"
"01/16/2004","71","","McDonough","13-151-0002","AQS"
"01/17/2004","129","","McDonough","13-151-0002","AQS"
"01/18/2004","56","","Doraville","13-089-2001","AQS"
"01/19/2004","62","","Forest Park","13-063-0091","AQS"
"01/20/2004","64","","E. Rivers School","13-121-0032","AQS"
"01/21/2004","70","","South DeKalb","13-089-0002","AQS"
"01/22/2004","94","","MACLAND AQUATIC CENTER","13-067-0004","AQS"
"01/23/2004","43","","E. Rivers School","13-121-0032","AQS"
"01/24/2004","74","","South DeKalb","13-089-0002","AQS"
"01/25/2004","64","","Doraville","13-089-2001","AQS"
"01/26/2004","70","","E. Rivers School","13-121-0032","AQS"
"01/27/2004","56","","E. Rivers School","13-121-0032","AQS"
"01/28/2004","56","","Doraville","13-089-2001","AQS"
"01/29/2004","59","","South DeKalb","13-089-0002","AQS"
"01/30/2004","57","","South DeKalb","13-089-0002","AQS"
"01/31/2004","58","","Kennesaw","13-067-0003","AQS"
"02/01/2004","46","","Doraville","13-089-2001","AQS"
"02/02/2004","61","","Doraville","13-089-2001","AQS"
"02/03/2004","64","","Fire Station #8","13-121-0039","AQS"
"02/04/2004","65","","E. Rivers School","13-121-0032","AQS"
"02/05/2004","77","","E. Rivers School","13-121-0032","AQS"
"02/06/2004","59","","Forest Park","13-063-0091","AQS"
"02/07/2004","53","","E. Rivers School","13-121-0032","AQS"
"02/08/2004","51","","Doraville","13-089-2001","AQS"
"02/09/2004","65","","Doraville","13-089-2001","AQS"
"02/10/2004","82","","Doraville","13-089-2001","AQS"
"02/11/2004","63","","Doraville","13-089-2001","AQS"
"02/12/2004","58","","Fire Station #8","13-121-0039","AQS"
"02/13/2004","58","","Doraville","13-089-2001","AQS"
"02/14/2004","58","","E. Rivers School","13-121-0032","AQS"
"02/15/2004","70","","Gwinnett","13-135-0002","AQS"
"02/16/2004","74","","Doraville","13-089-2001","AQS"
"02/17/2004","67","","Doraville","13-089-2001","AQS"
"02/18/2004","68","","Doraville","13-089-2001","AQS"
"02/19/2004","68","","South DeKalb","13-089-0002","AQS"
"02/20/2004","73","","Newnan","13-077-0002","AQS"
"02/21/2004","60","","Fire Station #8","13-121-0039","AQS"
"02/22/2004","62","","South DeKalb","13-089-0002","AQS"
"02/23/2004","78","","McDonough","13-151-0002","AQS"
"02/24/2004","104","","Fire Station #8","13-121-0039","AQS"
"02/25/2004","73","","Gwinnett","13-135-0002","AQS"
"02/26/2004","54","","E. Rivers School","13-121-0032","AQS"
"02/27/2004","69","","Forest Park","13-063-0091","AQS"
"02/28/2004","63","","South DeKalb","13-089-0002","AQS"
"02/29/2004","60","","E. Rivers School","13-121-0032","AQS"
"03/01/2004","54","","South DeKalb","13-089-0002","AQS"
"03/02/2004","46","","McDonough","13-151-0002","AQS"
"03/03/2004","59","","Newnan","13-077-0002","AQS"
"03/04/2004","82","","Fire Station #8","13-121-0039","AQS"
"03/05/2004","63","","South DeKalb","13-089-0002","AQS"
"03/06/2004","48","","South DeKalb","13-089-0002","AQS"
"03/07/2004","52","","Fire Station #8","13-121-0039","AQS"
"03/08/2004","27","","Doraville","13-089-2001","AQS"
"03/09/2004","53","","South DeKalb","13-089-0002","AQS"
"03/10/2004","63","","Fire Station #8","13-121-0039","AQS"
"03/11/2004","86","","Doraville","13-089-2001","AQS"
"03/12/2004","62","","Newnan","13-077-0002","AQS"
"03/13/2004","59","","Forest Park","13-063-0091","AQS"
"03/14/2004","67","","Newnan","13-077-0002","AQS"
"03/15/2004","92","","Yorkville, King Farm","13-223-0003","AQS"
"03/16/2004","63","","Fire Station #8","13-121-0039","AQS"
"03/17/2004","54","","Doraville","13-089-2001","AQS"
"03/18/2004","66","","Doraville","13-089-2001","AQS"
"03/19/2004","75","","Fire Station #8","13-121-0039","AQS"
"03/20/2004","73","","McDonough","13-151-0002","AQS"
"03/21/2004","51","","Newnan","13-077-0002","AQS"
"03/22/2004","54","","Gwinnett","13-135-0002","AQS"
"03/23/2004","60","","Gwinnett","13-135-0002","AQS"
"03/24/2004","80","","South DeKalb","13-089-0002","AQS"
"03/25/2004","71","","South DeKalb","13-089-0002","AQS"
"03/26/2004","53","","McDonough","13-151-0002","AQS"
"03/27/2004","53","","Newnan","13-077-0002","AQS"
"03/28/2004","70","","Gwinnett","13-135-0002","AQS"
"03/29/2004","78","","South DeKalb","13-089-0002","AQS"
"03/30/2004","48","","McDonough","13-151-0002","AQS"
"03/31/2004","51","","Fire Station #8","13-121-0039","AQS"
"04/01/2004","53","","Doraville","13-089-2001","AQS"
"04/02/2004","56","","South DeKalb","13-089-0002","AQS"
"04/03/2004","54","","South DeKalb","13-089-0002","AQS"
"04/04/2004","44","","Yorkville, King Farm","13-223-0003","AQS"
"04/05/2004","34","","Newnan","13-077-0002","AQS"
"04/06/2004","58","","Fire Station #8","13-121-0039","AQS"
"04/07/2004","66","","South DeKalb","13-089-0002","AQS"
"04/08/2004","64","","Doraville","13-089-2001","AQS"
"04/09/2004","64","","South DeKalb","13-089-0002","AQS"
"04/10/2004","70","","South DeKalb","13-089-0002","AQS"
"04/11/2004","64","","South DeKalb","13-089-0002","AQS"
"04/12/2004","84","","MACLAND AQUATIC CENTER","13-067-0004","AQS"
"04/13/2004","36","","South DeKalb","13-089-0002","AQS"
"04/14/2004","52","","E. Rivers School","13-121-0032","AQS"
"04/15/2004","59","","Fire Station #8","13-121-0039","AQS"
"04/16/2004","68","","Newnan","13-077-0002","AQS"
"04/17/2004","71","","Gwinnett","13-135-0002","AQS"
"04/18/2004","75","","Fire Station #8","13-121-0039","AQS"
"04/19/2004","65","","South DeKalb","13-089-0002","AQS"
"04/20/2004","64","","South DeKalb","13-089-0002","AQS"
"04/21/2004","60","","Fire Station #8","13-121-0039","AQS"
"04/22/2004","58","","South DeKalb","13-089-0002","AQS"
"04/23/2004","65","","Gwinnett","13-135-0002","AQS"
"04/24/2004","81","","Fire Station #8","13-121-0039","AQS"
"04/25/2004","77","","Gwinnett","13-135-0002","AQS"
"04/26/2004","58","","South DeKalb","13-089-0002","AQS"
"04/27/2004","58","","Fire Station #8","13-121-0039","AQS"
"04/28/2004","55","","South DeKalb","13-089-0002","AQS"
"04/29/2004","70","","Doraville","13-089-2001","AQS"
"04/30/2004","68","","Doraville","13-089-2001","AQS"
"05/01/2004","38","","Doraville","13-089-2001","AQS"
"05/02/2004","33","","South DeKalb","13-089-0002","AQS"
"05/03/2004","54","","Forest Park","13-063-0091","AQS"
"05/04/2004","65","","Doraville","13-089-2001","AQS"
"05/05/2004","75","","Gwinnett","13-135-0002","AQS"
"05/06/2004","78","","Fire Station #8","13-121-0039","AQS"
"05/07/2004","72","","McDonough","13-151-0002","AQS"
"05/08/2004","69","","South DeKalb","13-089-0002","AQS"
"05/09/2004","84","","Forest Park","13-063-0091","AQS"
"05/10/2004","80","","South DeKalb","13-089-0002","AQS"
"05/11/2004","80","","E. Rivers School","13-121-0032","AQS"
"05/12/2004","68","","Kennesaw","13-067-0003","AQS"
"05/13/2004","66","","Gwinnett","13-135-0002","AQS"
"05/14/2004","60","","Yorkville, King Farm","13-223-0003","AQS"
"05/15/2004","56","","Gwinnett","13-135-0002","AQS"
"05/16/2004","59","","E. Rivers School","13-121-0032","AQS"
"05/17/2004","60","","Doraville","13-089-2001","AQS"
"05/18/2004","61","","Forest Park","13-063-0091","AQS"
"05/19/2004","70","","E. Rivers School","13-121-0032","AQS"
"05/20/2004","75","","South DeKalb","13-089-0002","AQS"
"05/21/2004","82","","Doraville","13-089-2001","AQS"
"05/22/2004","79","","E. Rivers School","13-121-0032","AQS"
"05/23/2004","65","","Gwinnett","13-135-0002","AQS"
"05/24/2004","71","","Forest Park","13-063-0091","AQS"
"05/25/2004","67","","South DeKalb","13-089-0002","AQS"
"05/26/2004","66","","Yorkville, King Farm","13-223-0003","AQS"
"05/27/2004","68","","Fire Station #8","13-121-0039","AQS"
"05/28/2004","69","","McDonough","13-151-0002","AQS"
"05/29/2004","67","","Doraville","13-089-2001","AQS"
"05/30/2004","70","","Fire Station #8","13-121-0039","AQS"
"05/31/2004","42","","South DeKalb","13-089-0002","AQS"
"06/01/2004","61","","South DeKalb","13-089-0002","AQS"
"06/02/2004","83","","Fire Station #8","13-121-0039","AQS"
"06/03/2004","67","","Doraville","13-089-2001","AQS"
"06/04/2004","65","","South DeKalb","13-089-0002","AQS"
"06/05/2004","78","","Fire Station #8","13-121-0039","AQS"
"06/06/2004","97","","South DeKalb","13-089-0002","AQS"
"06/07/2004","108","","Gwinnett","13-135-0002","AQS"
"06/08/2004","66","","Yorkville, King Farm","13-223-0003","AQS"
"06/09/2004","59","","Newnan","13-077-0002","AQS"
"06/10/2004","86","","Yorkville, King Farm","13-223-0003","AQS"
"06/11/2004","132","","Fire Station #8","13-121-0039","AQS"
"06/12/2004","122","","Newnan","13-077-0002","AQS"
"06/13/2004","65","","E. Rivers School","13-121-0032","AQS"
"06/14/2004","66","","Doraville","13-089-2001","AQS"
"06/15/2004","51","","Yorkville, King Farm","13-223-0003","AQS"
"06/16/2004","57","","Gwinnett","13-135-0002","AQS"
"06/17/2004","82","","Kennesaw","13-067-0003","AQS"
"06/18/2004","65","","Gwinnett","13-135-0002","AQS"
"06/19/2004","72","","Doraville","13-089-2001","AQS"
"06/20/2004","80","","MACLAND AQUATIC CENTER","13-067-0004","AQS"
"06/21/2004","79","","E. Rivers School","13-121-0032","AQS"
"06/22/2004","63","","Gwinnett","13-135-0002","AQS"
"06/23/2004","58","","Forest Park","13-063-0091","AQS"
"06/24/2004","58","","E. Rivers School","13-121-0032","AQS"
"06/25/2004","52","","E. Rivers School","13-121-0032","AQS"
"06/26/2004","68","","E. Rivers School","13-121-0032","AQS"
"06/27/2004","65","","Gwinnett","13-135-0002","AQS"
"06/28/2004","86","","Newnan","13-077-0002","AQS"
"06/29/2004","86","","Newnan","13-077-0002","AQS"
"06/30/2004","77","","Gwinnett","13-135-0002","AQS"
"07/01/2004","69","","South DeKalb","13-089-0002","AQS"
"07/02/2004","65","","Doraville","13-089-2001","AQS"
"07/03/2004","67","","E. Rivers School","13-121-0032","AQS"
"07/04/2004","67","","E. Rivers School","13-121-0032","AQS"
"07/05/2004","76","","McDonough","13-151-0002","AQS"
"07/06/2004","82","","McDonough","13-151-0002","AQS"
"07/07/2004","61","","Doraville","13-089-2001","AQS"
"07/08/2004","79","","Kennesaw","13-067-0003","AQS"
"07/09/2004","88","","Gwinnett","13-135-0002","AQS"
"07/10/2004","83","","South DeKalb","13-089-0002","AQS"
"07/11/2004","71","","South DeKalb","13-089-0002","AQS"
"07/12/2004","66","","South DeKalb","13-089-0002","AQS"
"07/13/2004","73","","South DeKalb","13-089-0002","AQS"
"07/14/2004","62","","McDonough","13-151-0002","AQS"
"07/15/2004","69","","McDonough","13-151-0002","AQS"
"07/16/2004","98","","McDonough","13-151-0002","AQS"
"07/17/2004","87","","E. Rivers School","13-121-0032","AQS"
"07/18/2004","74","","McDonough","13-151-0002","AQS"
"07/19/2004","85","","McDonough","13-151-0002","AQS"
"07/20/2004","110","","Forest Park","13-063-0091","AQS"
"07/21/2004","122","","Newnan","13-077-0002","AQS"
"07/22/2004","145","","Gwinnett","13-135-0002","AQS"
"07/23/2004","84","","Yorkville, King Farm","13-223-0003","AQS"
"07/24/2004","84","","McDonough","13-151-0002","AQS"
"07/25/2004","95","","Newnan","13-077-0002","AQS"
"07/26/2004","67","","Yorkville, King Farm","13-223-0003","AQS"
"07/27/2004","82","","Newnan","13-077-0002","AQS"
"07/28/2004","74","","McDonough","13-151-0002","AQS"
"07/29/2004","80","","Yorkville, King Farm","13-223-0003","AQS"
"07/30/2004","44","","Yorkville, King Farm","13-223-0003","AQS"
"07/31/2004","52","","South DeKalb","13-089-0002","AQS"
"08/01/2004","70","","Fire Station #8","13-121-0039","AQS"
"08/02/2004","72","","Yorkville, King Farm","13-223-0003","AQS"
"08/03/2004","82","","Newnan","13-077-0002","AQS"
"08/04/2004","102","","Fire Station #8","13-121-0039","AQS"
"08/05/2004","90","","Newnan","13-077-0002","AQS"
"08/06/2004","67","","Yorkville, King Farm","13-223-0003","AQS"
"08/07/2004","68","","Yorkville, King Farm","13-223-0003","AQS"
"08/08/2004","72","","Yorkville, King Farm","13-223-0003","AQS"
"08/09/2004","71","","South DeKalb","13-089-0002","AQS"
"08/10/2004","81","","Fire Station #8","13-121-0039","AQS"
"08/11/2004","74","","South DeKalb","13-089-0002","AQS"
"08/12/2004","61","","E. Rivers School","13-121-0032","AQS"
"08/13/2004","63","","South DeKalb","13-089-0002","AQS"
"08/14/2004","72","","McDonough","13-151-0002","AQS"
"08/15/2004","76","","Yorkville, King Farm","13-223-0003","AQS"
"08/16/2004","71","","Yorkville, King Farm","13-223-0003","AQS"
"08/17/2004","78","","South DeKalb","13-089-0002","AQS"
"08/18/2004","127","","Newnan","13-077-0002","AQS"
"08/19/2004","123","","McDonough","13-151-0002","AQS"
"08/20/2004","106","","Gwinnett","13-135-0002","AQS"
"08/21/2004","54","","McDonough","13-151-0002","AQS"
"08/22/2004","72","","MACLAND AQUATIC CENTER","13-067-0004","AQS"
"08/23/2004","89","","E. Rivers School","13-121-0032","AQS"
"08/24/2004","120","","Newnan","13-077-0002","AQS"
"08/25/2004","83","","Fire Station #8","13-121-0039","AQS"
"08/26/2004","94","","Yorkville, King Farm","13-223-0003","AQS"
"08/27/2004","94","","Yorkville, King Farm","13-223-0003","AQS"
"08/28/2004","99","","Yorkville, King Farm","13-223-0003","AQS"
"08/29/2004","77","","South DeKalb","13-089-0002","AQS"
"08/30/2004","81","","McDonough","13-151-0002","AQS"
"08/31/2004","86","","E. Rivers School","13-121-0032","AQS"
"09/01/2004","85","","Doraville","13-089-2001","AQS"
"09/02/2004","64","","Doraville","13-089-2001","AQS"
"09/03/2004","84","","Yorkville, King Farm","13-223-0003","AQS"
"09/04/2004","88","","Yorkville, King Farm","13-223-0003","AQS"
"09/05/2004","72","","Yorkville, King Farm","13-223-0003","AQS"
"09/06/2004","54","","Doraville","13-089-2001","AQS"
"09/07/2004","16","","Doraville","13-089-2001","AQS"
"09/08/2004","41","","E. Rivers School","13-121-0032","AQS"
"09/09/2004","69","","Forest Park","13-063-0091","AQS"
"09/10/2004","65","","Newnan","13-077-0002","AQS"
"09/11/2004","67","","Yorkville, King Farm","13-223-0003","AQS"
"09/12/2004","66","","Doraville","13-089-2001","AQS"
"09/13/2004","68","","South DeKalb","13-089-0002","AQS"
"09/14/2004","72","","Doraville","13-089-2001","AQS"
"09/15/2004","59","","Doraville","13-089-2001","AQS"
"09/16/2004","47","","South DeKalb","13-089-0002","AQS"
"09/17/2004","33","","Yorkville, King Farm","13-223-0003","AQS"
"09/18/2004","51","","Forest Park","13-063-0091","AQS"
"09/19/2004","37","","South DeKalb","13-089-0002","AQS"
"09/20/2004","41","","Doraville","13-089-2001","AQS"
"09/21/2004","55","","Kennesaw","13-067-0003","AQS"
"09/22/2004","61","","Doraville","13-089-2001","AQS"
"09/23/2004","71","","South DeKalb","13-089-0002","AQS"
"09/24/2004","88","","Newnan","13-077-0002","AQS"
"09/25/2004","95","","Yorkville, King Farm","13-223-0003","AQS"
"09/26/2004","64","","E. Rivers School","13-121-0032","AQS"
"09/27/2004","58","","Yorkville, King Farm","13-223-0003","AQS"
"09/28/2004","81","","Newnan","13-077-0002","AQS"
"09/29/2004","103","","South DeKalb","13-089-0002","AQS"
"09/30/2004","97","","South DeKalb","13-089-0002","AQS"
"10/01/2004","105","","South DeKalb","13-089-0002","AQS"
"10/02/2004","134","","McDonough","13-151-0002","AQS"
"10/03/2004","115","","McDonough","13-151-0002","AQS"
"10/04/2004","61","","Newnan","13-077-0002","AQS"
"10/05/2004","69","","Newnan","13-077-0002","AQS"
"10/06/2004","87","","Forest Park","13-063-0091","AQS"
"10/07/2004","91","","Yorkville, King Farm","13-223-0003","AQS"
"10/08/2004","68","","Yorkville, King Farm","13-223-0003","AQS"
"10/09/2004","72","","Doraville","13-089-2001","AQS"
"10/10/2004","55","","E. Rivers School","13-121-0032","AQS"
"10/11/2004","59","","McDonough","13-151-0002","AQS"
"10/12/2004","83","","MACLAND AQUATIC CENTER","13-067-0004","AQS"
"10/13/2004","57","","South DeKalb","13-089-0002","AQS"
"10/14/2004","66","","Doraville","13-089-2001","AQS"
"10/15/2004","43","","Fire Station #8","13-121-0039","AQS"
"10/16/2004","54","","McDonough","13-151-0002","AQS"
"10/17/2004","62","","E. Rivers School","13-121-0032","AQS"
"10/18/2004","71","","Fire Station #8","13-121-0039","AQS"
"10/19/2004","41","","E. Rivers School","13-121-0032","AQS"
"10/20/2004","59","","South DeKalb","13-089-0002","AQS"
"10/21/2004","80","","Fire Station #8","13-121-0039","AQS"
"10/22/2004","74","","Newnan","13-077-0002","AQS"
"10/23/2004","65","","E. Rivers School","13-121-0032","AQS"
"10/24/2004","76","","Fire Station #8","13-121-0039","AQS"
"10/25/2004","65","","South DeKalb","13-089-0002","AQS"
"10/26/2004","79","","Newnan","13-077-0002","AQS"
"10/27/2004","83","","South DeKalb","13-089-0002","AQS"
"10/28/2004","97","","Gwinnett","13-135-0002","AQS"
"10/29/2004","109","","McDonough","13-151-0002","AQS"
"10/30/2004","92","","South DeKalb","13-089-0002","AQS"
"10/31/2004","74","","Newnan","13-077-0002","AQS"
"11/01/2004","74","","Gwinnett","13-135-0002","AQS"
"11/02/2004","57","","Fire Station #8","13-121-0039","AQS"
"11/03/2004","52","","McDonough","13-151-0002","AQS"
"11/04/2004","45","","McDonough","13-151-0002","AQS"
"11/05/2004","46","","Forest Park","13-063-0091","AQS"
"11/06/2004","58","","South DeKalb","13-089-0002","AQS"
"11/07/2004","66","","E. Rivers School","13-121-0032","AQS"
"11/08/2004","56","","Fire Station #8","13-121-0039","AQS"
"11/09/2004","55","","South DeKalb","13-089-0002","AQS"
"11/10/2004","56","","Newnan","13-077-0002","AQS"
"11/11/2004","65","","Gwinnett","13-135-0002","AQS"
"11/12/2004","56","","Doraville","13-089-2001","AQS"
"11/13/2004","34","","McDonough","13-151-0002","AQS"
"11/14/2004","37","","E. Rivers School","13-121-0032","AQS"
"11/15/2004","56","","South DeKalb","13-089-0002","AQS"
"11/16/2004","71","","South DeKalb","13-089-0002","AQS"
"11/17/2004","82","","Fire Station #8","13-121-0039","AQS"
"11/18/2004","81","","E. Rivers School","13-121-0032","AQS"
"11/19/2004","82","","South DeKalb","13-089-0002","AQS"
"11/20/2004","65","","McDonough","13-151-0002","AQS"
"11/21/2004","58","","E. Rivers School","13-121-0032","AQS"
"11/22/2004","58","","E. Rivers School","13-121-0032","AQS"
"11/23/2004","60","","Gwinnett","13-135-0002","AQS"
"11/24/2004","22","","E. Rivers School","13-121-0032","AQS"
"11/25/2004","37","","E. Rivers School","13-121-0032","AQS"
"11/26/2004","61","","Doraville","13-089-2001","AQS"
"11/27/2004","65","","E. Rivers School","13-121-0032","AQS"
"11/28/2004","66","","Doraville","13-089-2001","AQS"
"11/29/2004","65","","Doraville","13-089-2001","AQS"
"11/30/2004","66","","Doraville","13-089-2001","AQS"
"12/01/2004","66","","E. Rivers School","13-121-0032","AQS"
"12/02/2004","64","","Forest Park","13-063-0091","AQS"
"12/03/2004","60","","E. Rivers School","13-121-0032","AQS"
"12/04/2004","81","","E. Rivers School","13-121-0032","AQS"
"12/05/2004","105","","Fire Station #8","13-121-0039","AQS"
"12/06/2004","73","","E. Rivers School","13-121-0032","AQS"
"12/07/2004","57","","E. Rivers School","13-121-0032","AQS"
"12/08/2004","63","","Fire Station #8","13-121-0039","AQS"
"12/09/2004","55","","Doraville","13-089-2001","AQS"
"12/10/2004","47","","Doraville","13-089-2001","AQS"
"12/11/2004","37","","Forest Park","13-063-0091","AQS"
"12/12/2004","44","","E. Rivers School","13-121-0032","AQS"
"12/13/2004","47","","South DeKalb","13-089-0002","AQS"
"12/14/2004","47","","Fire Station #8","13-121-0039","AQS"
"12/15/2004","64","","E. Rivers School","13-121-0032","AQS"
"12/16/2004","102","","E. Rivers School","13-121-0032","AQS"
"12/17/2004","99","","Gwinnett","13-135-0002","AQS"
"12/18/2004","82","","E. Rivers School","13-121-0032","AQS"
"12/19/2004","64","","E. Rivers School","13-121-0032","AQS"
"12/20/2004","56","","South DeKalb","13-089-0002","AQS"
"12/21/2004","61","","Doraville","13-089-2001","AQS"
"12/22/2004","60","","Doraville","13-089-2001","AQS"
"12/23/2004","47","","Gwinnett","13-135-0002","AQS"
"12/24/2004","61","","South DeKalb","13-089-0002","AQS"
"12/25/2004","67","","E. Rivers School","13-121-0032","AQS"
"12/26/2004","80","","Doraville","13-089-2001","AQS"
"12/27/2004","65","","E. Rivers School","13-121-0032","AQS"
"12/28/2004","72","","South DeKalb","13-089-0002","AQS"
"12/29/2004","88","","Fire Station #8","13-121-0039","AQS"
"12/30/2004","80","","South DeKalb","13-089-0002","AQS"
"12/31/2004","73","","South DeKalb","13-089-0002","AQS"
"01/01/2005","97","","Gwinnett","13-135-0002","AQS"
"01/02/2005","66","","E. Rivers School","13-121-0032","AQS"
"01/03/2005","64","","E. Rivers School","13-121-0032","AQS"
"01/04/2005","84","","Fire Station #8","13-121-0039","AQS"
"01/05/2005","58","","Newnan","13-077-0002","AQS"
"01/06/2005","39","","Doraville","13-089-2001","AQS"
"01/07/2005","63","","Kennesaw","13-067-0003","AQS"
"01/08/2005","52","","E. Rivers School","13-121-0032","AQS"
"01/09/2005","55","","E. Rivers School","13-121-0032","AQS"
"01/10/2005","82","","Fire Station #8","13-121-0039","AQS"
"01/11/2005","75","","Gwinnett","13-135-0002","AQS"
"01/12/2005","64","","McDonough","13-151-0002","AQS"
"01/13/2005","53","","Fire Station #8","13-121-0039","AQS"
"01/14/2005","34","","South DeKalb","13-089-0002","AQS"
"01/15/2005","52","","E. Rivers School","13-121-0032","AQS"
"01/16/2005","56","","Kennesaw","13-067-0003","AQS"
"01/17/2005","46","","E. Rivers School","13-121-0032","AQS"
"01/18/2005","44","","McDonough","13-151-0002","AQS"
"01/19/2005","78","","Fire Station #8","13-121-0039","AQS"
"01/20/2005","65","","E. Rivers School","13-121-0032","AQS"
"01/21/2005","78","","South DeKalb","13-089-0002","AQS"
"01/22/2005","84","","MACLAND AQUATIC CENTER","13-067-0004","AQS"
"01/23/2005","38","","South DeKalb","13-089-0002","AQS"
"01/24/2005","54","","E. Rivers School","13-121-0032","AQS"
"01/25/2005","71","","Fire Station #8","13-121-0039","AQS"
"01/26/2005","78","","McDonough","13-151-0002","AQS"
"01/27/2005","68","","Doraville","13-089-2001","AQS"
"01/28/2005","52","","Yorkville, King Farm","13-223-0003","AQS"
"01/29/2005","55","","Doraville","13-089-2001","AQS"
"01/30/2005","68","","E. Rivers School","13-121-0032","AQS"
"01/31/2005","64","","E. Rivers School","13-121-0032","AQS"
"02/01/2005","68","","Doraville","13-089-2001","AQS"
"02/02/2005","61","","Doraville","13-089-2001","AQS"
"02/03/2005","55","","South DeKalb","13-089-0002","AQS"
"02/04/2005","61","","E. Rivers School","13-121-0032","AQS"
"02/05/2005","67","","South DeKalb","13-089-0002","AQS"
"02/06/2005","60","","MACLAND AQUATIC CENTER","13-067-0004","AQS"
"02/07/2005","52","","South DeKalb","13-089-0002","AQS"
"02/08/2005","69","","Newnan","13-077-0002","AQS"
"02/09/2005","59","","Fire Station #8","13-121-0039","AQS"
"02/10/2005","42","","Doraville","13-089-2001","AQS"
"02/11/2005","54","","Doraville","13-089-2001","AQS"
"02/12/2005","59","","Fire Station #8","13-121-0039","AQS"
"02/13/2005","69","","E. Rivers School","13-121-0032","AQS"
"02/14/2005","75","","E. Rivers School","13-121-0032","AQS"
"02/15/2005","65","","Kennesaw","13-067-0003","AQS"
"02/16/2005","58","","South DeKalb","13-089-0002","AQS"
"02/17/2005","37","","South DeKalb","13-089-0002","AQS"
"02/18/2005","50","","Fire Station #8","13-121-0039","AQS"
"02/19/2005","68","","South DeKalb","13-089-0002","AQS"
"02/20/2005","84","","E. Rivers School","13-121-0032","AQS"
"02/21/2005","67","","Kennesaw","13-067-0003","AQS"
"02/22/2005","59","","Doraville","13-089-2001","AQS"
"02/23/2005","59","","South DeKalb","13-089-0002","AQS"
"02/24/2005","62","","MACLAND AQUATIC CENTER","13-067-0004","AQS"
"02/25/2005","66","","E. Rivers School","13-121-0032","AQS"
"02/26/2005","69","","Doraville","13-089-2001","AQS"
"02/27/2005","77","","Gwinnett","13-135-0002","AQS"
"02/28/2005","53","","Doraville","13-089-2001","AQS"
"03/01/2005","54","","Doraville","13-089-2001","AQS"
"03/02/2005","56","","MACLAND AQUATIC CENTER","13-067-0004","AQS"
"03/03/2005","58","","South DeKalb","13-089-0002","AQS"
"03/04/2005","66","","E. Rivers School","13-121-0032","AQS"
"03/05/2005","58","","Fire Station #8","13-121-0039","AQS"
"03/06/2005","59","","E. Rivers School","13-121-0032","AQS"
"03/07/2005","74","","E. Rivers School","13-121-0032","AQS"
"03/08/2005","39","","MACLAND AQUATIC CENTER","13-067-0004","AQS"
"03/09/2005","54","","Doraville","13-089-2001","AQS"
"03/10/2005","54","","Doraville","13-089-2001","AQS"
"03/11/2005","52","","Fire Station #8","13-121-0039","AQS"
"03/12/2005","33","","E. Rivers School","13-121-0032","AQS"
"03/13/2005","61","","Gwinnett","13-135-0002","AQS"
"03/14/2005","61","","McDonough","13-151-0002","AQS"
"03/15/2005","69","","McDonough","13-151-0002","AQS"
"03/16/2005","61","","Kennesaw","13-067-0003","AQS"
"03/17/2005","58","","E. Rivers School","13-121-0032","AQS"
"03/18/2005","63","","Doraville","13-089-2001","AQS"
"03/19/2005","70","","Doraville","13-089-2001","AQS"
"03/20/2005","80","","Fire Station #8","13-121-0039","AQS"
"03/21/2005","69","","McDonough","13-151-0002","AQS"
"03/22/2005","76","","E. Rivers School","13-121-0032","AQS"
"03/23/2005","51","","Fire Station #8","13-121-0039","AQS"
"03/24/2005","55","","Doraville","13-089-2001","AQS"
"03/25/2005","84","","Not Available","13-297-0001","AQS"
"03/26/2005","79","","Fire Station #8","13-121-0039","AQS"
"03/27/2005","40","","Gwinnett","13-135-0002","AQS"
"03/28/2005","41","","South DeKalb","13-089-0002","AQS"
"03/29/2005","56","","MACLAND AQUATIC CENTER","13-067-0004","AQS"
"03/30/2005","93","","Newnan","13-077-0002","AQS"
"03/31/2005","58","","Newnan","13-077-0002","AQS"
"04/01/2005","53","","Forest Park","13-063-0091","AQS"
"04/02/2005","38","","E. Rivers School","13-121-0032","AQS"
"04/03/2005","47","","South DeKalb","13-089-0002","AQS"
"04/04/2005","70","","Fire Station #8","13-121-0039","AQS"
"04/05/2005","66","","Not Available","13-297-0001","AQS"
"04/06/2005","67","","Yorkville, King Farm","13-223-0003","AQS"
"04/07/2005","53","","MACLAND AQUATIC CENTER","13-067-0004","AQS"
"04/08/2005","52","","McDonough","13-151-0002","AQS"
"04/09/2005","66","","Yorkville, King Farm","13-223-0003","AQS"
"04/10/2005","77","","MACLAND AQUATIC CENTER","13-067-0004","AQS"
"04/11/2005","63","","E. Rivers School","13-121-0032","AQS"
"04/12/2005","61","","MACLAND AQUATIC CENTER","13-067-0004","AQS"
"04/13/2005","54","","E. Rivers School","13-121-0032","AQS"
"04/14/2005","51","","E. Rivers School","13-121-0032","AQS"
"04/15/2005","56","","South DeKalb","13-089-0002","AQS"
"04/16/2005","59","","MACLAND AQUATIC CENTER","13-067-0004","AQS"
"04/17/2005","58","","Gwinnett","13-135-0002","AQS"
"04/18/2005","82","","E. Rivers School","13-121-0032","AQS"
"04/19/2005","88","","Fire Station #8","13-121-0039","AQS"
"04/20/2005","74","","South DeKalb","13-089-0002","AQS"
"04/21/2005","65","","South DeKalb","13-089-0002","AQS"
"04/22/2005","63","","Fire Station #8","13-121-0039","AQS"
"04/23/2005","43","","South DeKalb","13-089-0002","AQS"
"04/24/2005","39","","E. Rivers School","13-121-0032","AQS"
"04/25/2005","51","","Fire Station #8","13-121-0039","AQS"
"04/26/2005","53","","Gwinnett","13-135-0002","AQS"
"04/27/2005","41","","South DeKalb","13-089-0002","AQS"
"04/28/2005","71","","Fire Station #8","13-121-0039","AQS"
"04/29/2005","59","","South DeKalb","13-089-0002","AQS"
"04/30/2005","52","","Not Available","13-297-0001","AQS"
"05/01/2005","55","","Forest Park","13-063-0091","AQS"
"05/02/2005","52","","Doraville","13-089-2001","AQS"
"05/03/2005","57","","South DeKalb","13-089-0002","AQS"
"05/04/2005","60","","Kennesaw","13-067-0003","AQS"
"05/05/2005","75","","E. Rivers School","13-121-0032","AQS"
"05/06/2005","70","","Newnan","13-077-0002","AQS"
"05/07/2005","93","","South DeKalb","13-089-0002","AQS"
"05/08/2005","83","","South DeKalb","13-089-0002","AQS"
"05/09/2005","101","","E. Rivers School","13-121-0032","AQS"
"05/10/2005","85","","Fire Station #8","13-121-0039","AQS"
"05/11/2005","68","","Gwinnett","13-135-0002","AQS"
"05/12/2005","80","","Gwinnett","13-135-0002","AQS"
"05/13/2005","93","","Kennesaw","13-067-0003","AQS"
"05/14/2005","82","","Gwinnett","13-135-0002","AQS"
"05/15/2005","65","","Gwinnett","13-135-0002","AQS"
"05/16/2005","58","","Forest Park","13-063-0091","AQS"
"05/17/2005","74","","E. Rivers School","13-121-0032","AQS"
"05/18/2005","92","","Yorkville, King Farm","13-223-0003","AQS"
"05/19/2005","90","","Kennesaw","13-067-0003","AQS"
"05/20/2005","57","","Newnan","13-077-0002","AQS"
"05/21/2005","60","","Yorkville, King Farm","13-223-0003","AQS"
"05/22/2005","79","","MACLAND AQUATIC CENTER","13-067-0004","AQS"
"05/23/2005","78","","Doraville","13-089-2001","AQS"
"05/24/2005","55","","South DeKalb","13-089-0002","AQS"
"05/25/2005","58","","Forest Park","13-063-0091","AQS"
"05/26/2005","77","","South DeKalb","13-089-0002","AQS"
"05/27/2005","81","","South DeKalb","13-089-0002","AQS"
"05/28/2005","87","","McDonough","13-151-0002","AQS"
"05/29/2005","59","","South DeKalb","13-089-0002","AQS"
"05/30/2005","49","","South DeKalb","13-089-0002","AQS"
"05/31/2005","63","","MACLAND AQUATIC CENTER","13-067-0004","AQS"
"06/01/2005","21","","E. Rivers School","13-121-0032","AQS"
"06/02/2005","53","","Yorkville, King Farm","13-223-0003","AQS"
"06/03/2005","62","","Yorkville, King Farm","13-223-0003","AQS"
"06/04/2005","68","","Yorkville, King Farm","13-223-0003","AQS"
"06/05/2005","65","","Gwinnett","13-135-0002","AQS"
"06/06/2005","69","","Fire Station #8","13-121-0039","AQS"
"06/07/2005","62","","E. Rivers School","13-121-0032","AQS"
"06/08/2005","85","","Newnan","13-077-0002","AQS"
"06/09/2005","75","","Newnan","13-077-0002","AQS"
"06/10/2005","56","","E. Rivers School","13-121-0032","AQS"
"06/11/2005","51","","E. Rivers School","13-121-0032","AQS"
"06/12/2005","36","","MACLAND AQUATIC CENTER","13-067-0004","AQS"
"06/13/2005","75","","E. Rivers School","13-121-0032","AQS"
"06/14/2005","97","","Not Available","13-297-0001","AQS"
"06/15/2005","95","","Not Available","13-297-0001","AQS"
"06/16/2005","62","","South DeKalb","13-089-0002","AQS"
"06/17/2005","64","","McDonough","13-151-0002","AQS"
"06/18/2005","77","","Forest Park","13-063-0091","AQS"
"06/19/2005","73","","Gwinnett","13-135-0002","AQS"
"06/20/2005","85","","Yorkville, King Farm","13-223-0003","AQS"
"06/21/2005","86","","Newnan","13-077-0002","AQS"
"06/22/2005","98","","McDonough","13-151-0002","AQS"
"06/23/2005","125","","McDonough","13-151-0002","AQS"
"06/24/2005","120","","Newnan","13-077-0002","AQS"
"06/25/2005","113","","Yorkville, King Farm","13-223-0003","AQS"
"06/26/2005","71","","Yorkville, King Farm","13-223-0003","AQS"
"06/27/2005","69","","E. Rivers School","13-121-0032","AQS"
"06/28/2005","64","","Yorkville, King Farm","13-223-0003","AQS"
"06/29/2005","79","","Yorkville, King Farm","13-223-0003","AQS"
"06/30/2005","80","","E. Rivers School","13-121-0032","AQS"
"07/01/2005","93","","United Avenue","13-121-0055","AQS"
"07/02/2005","89","","McDonough","13-151-0002","AQS"
"07/03/2005","88","","United Avenue","13-121-0055","AQS"
"07/04/2005","80","","Yorkville, King Farm","13-223-0003","AQS"
"07/05/2005","76","","Gwinnett","13-135-0002","AQS"
"07/06/2005","57","","Forest Park","13-063-0091","AQS"
"07/07/2005","50","","Not Available","13-297-0001","AQS"
"07/08/2005","74","","Newnan","13-077-0002","AQS"
"07/09/2005","74","","Newnan","13-077-0002","AQS"
"07/10/2005","55","","Newnan","13-077-0002","AQS"
"07/11/2005","53","","Not Available","13-297-0001","AQS"
"07/12/2005","70","","Newnan","13-077-0002","AQS"
"07/13/2005","69","","Gwinnett","13-135-0002","AQS"
"07/14/2005","70","","Gwinnett","13-135-0002","AQS"
"07/15/2005","55","","E. Rivers School","13-121-0032","AQS"
"07/16/2005","52","","E. Rivers School","13-121-0032","AQS"
"07/17/2005","56","","South DeKalb","13-089-0002","AQS"
"07/18/2005","71","","Forest Park","13-063-0091","AQS"
"07/19/2005","74","","Gwinnett","13-135-0002","AQS"
"07/20/2005","86","","Newnan","13-077-0002","AQS"
"07/21/2005","86","","McDonough","13-151-0002","AQS"
"07/22/2005","73","","Not Available","13-297-0001","AQS"
"07/23/2005","70","","Yorkville, King Farm","13-223-0003","AQS"
"07/24/2005","125","","Doraville","13-089-2001","AQS"
"07/25/2005","152","","McDonough","13-151-0002","AQS"
"07/26/2005","163","","Newnan","13-077-0002","AQS"
"07/27/2005","154","","Not Available","13-297-0001","AQS"
"07/28/2005","111","","McDonough","13-151-0002","AQS"
"07/29/2005","92","","United Avenue","13-121-0055","AQS"
"07/30/2005","61","","Fire Station #8","13-121-0039","AQS"
"07/31/2005","62","","Yorkville, King Farm","13-223-0003","AQS"
"08/01/2005","56","","Yorkville, King Farm","13-223-0003","AQS"
"08/02/2005","81","","Fire Station #8","13-121-0039","AQS"
"08/03/2005","116","","Newnan","13-077-0002","AQS"
"08/04/2005","135","","Yorkville, King Farm","13-223-0003","AQS"
"08/05/2005","87","","Yorkville, King Farm","13-223-0003","AQS"
"08/06/2005","81","","Yorkville, King Farm","13-223-0003","AQS"
"08/07/2005","42","","United Avenue","13-121-0055","AQS"
"08/08/2005","58","","Gwinnett","13-135-0002","AQS"
"08/09/2005","66","","McDonough","13-151-0002","AQS"
"08/10/2005","78","","Newnan","13-077-0002","AQS"
"08/11/2005","65","","Forest Park","13-063-0091","AQS"
"08/12/2005","70","","Yorkville, King Farm","13-223-0003","AQS"
"08/13/2005","77","","Newnan","13-077-0002","AQS"
"08/14/2005","80","","Yorkville, King Farm","13-223-0003","AQS"
"08/15/2005","96","","Yorkville, King Farm","13-223-0003","AQS"
"08/16/2005","90","","Yorkville, King Farm","13-223-0003","AQS"
"08/17/2005","110","","Newnan","13-077-0002","AQS"
"08/18/2005","84","","E. Rivers School","13-121-0032","AQS"
"08/19/2005","94","","Doraville","13-089-2001","AQS"
"08/20/2005","97","","McDonough","13-151-0002","AQS"
"08/21/2005","86","","Newnan","13-077-0002","AQS"
"08/22/2005","92","","Newnan","13-077-0002","AQS"
"08/23/2005","87","","MACLAND AQUATIC CENTER","13-067-0004","AQS"
"08/24/2005","107","","Yorkville, King Farm","13-223-0003","AQS"
"08/25/2005","89","","Yorkville, King Farm","13-223-0003","AQS"
"08/26/2005","96","","Yorkville, King Farm","13-223-0003","AQS"
"08/27/2005","83","","Yorkville, King Farm","13-223-0003","AQS"
"08/28/2005","65","","Newnan","13-077-0002","AQS"
"08/29/2005","53","","Newnan","13-077-0002","AQS"
"08/30/2005","53","","Doraville","13-089-2001","AQS"
"08/31/2005","90","","McDonough","13-151-0002","AQS"
"09/01/2005","89","","McDonough","13-151-0002","AQS"
"09/02/2005","90","","Newnan","13-077-0002","AQS"
"09/03/2005","93","","Newnan","13-077-0002","AQS"
"09/04/2005","86","","United Avenue","13-121-0055","AQS"
"09/05/2005","79","","Yorkville, King Farm","13-223-0003","AQS"
"09/06/2005","63","","Not Available","13-297-0001","AQS"
"09/07/2005","57","","Forest Park","13-063-0091","AQS"
"09/08/2005","61","","Newnan","13-077-0002","AQS"
"09/09/2005","79","","Yorkville, King Farm","13-223-0003","AQS"
"09/10/2005","91","","United Avenue","13-121-0055","AQS"
"09/11/2005","108","","Yorkville, King Farm","13-223-0003","AQS"
"09/12/2005","97","","United Avenue","13-121-0055","AQS"
"09/13/2005","143","","E. Rivers School","13-121-0032","AQS"
"09/14/2005","126","","United Avenue","13-121-0055","AQS"
"09/15/2005","113","","McDonough","13-151-0002","AQS"
"09/16/2005","88","","Forest Park","13-063-0091","AQS"
"09/17/2005","82","","Gwinnett","13-135-0002","AQS"
"09/18/2005","72","","United Avenue","13-121-0055","AQS"
"09/19/2005","123","","Yorkville, King Farm","13-223-0003","AQS"
"09/20/2005","130","","Yorkville, King Farm","13-223-0003","AQS"
"09/21/2005","108","","Yorkville, King Farm","13-223-0003","AQS"
"09/22/2005","68","","MACLAND AQUATIC CENTER","13-067-0004","AQS"
"09/23/2005","63","","Doraville","13-089-2001","AQS"
"09/24/2005","65","","South DeKalb","13-089-0002","AQS"
"09/25/2005","66","","South DeKalb","13-089-0002","AQS"
"09/26/2005","53","","United Avenue","13-121-0055","AQS"
"09/27/2005","62","","Yorkville, King Farm","13-223-0003","AQS"
"09/28/2005","78","","Kennesaw","13-067-0003","AQS"
"09/29/2005","77","","McDonough","13-151-0002","AQS"
"09/30/2005","67","","Newnan","13-077-0002","AQS"
"10/01/2005","87","","Yorkville, King Farm","13-223-0003","AQS"
"10/02/2005","72","","Doraville","13-089-2001","AQS"
"10/03/2005","75","","Doraville","13-089-2001","AQS"
"10/04/2005","65","","Kennesaw","13-067-0003","AQS"
"10/05/2005","63","","United Avenue","13-121-0055","AQS"
"10/06/2005","22","","United Avenue","13-121-0055","AQS"
"10/07/2005","49","","Kennesaw","13-067-0003","AQS"
"10/08/2005","49","","United Avenue","13-121-0055","AQS"
"10/09/2005","67","","Newnan","13-077-0002","AQS"
"10/10/2005","72","","Forest Park","13-063-0091","AQS"
"10/11/2005","78","","Newnan","13-077-0002","AQS"
"10/12/2005","74","","Newnan","13-077-0002","AQS"
"10/13/2005","82","","Newnan","13-077-0002","AQS"
"10/14/2005","85","","United Avenue","13-121-0055","AQS"
"10/15/2005","77","","United Avenue","13-121-0055","AQS"
"10/16/2005","59","","Fire Station #8","13-121-0039","AQS"
"10/17/2005","62","","United Avenue","13-121-0055","AQS"
"10/18/2005","81","","United Avenue","13-121-0055","AQS"
"10/19/2005","111","","Fire Station #8","13-121-0039","AQS"
"10/20/2005","98","","Newnan","13-077-0002","AQS"
"10/21/2005","98","","Newnan","13-077-0002","AQS"
"10/22/2005","61","","Forest Park","13-063-0091","AQS"
"10/23/2005","61","","United Avenue","13-121-0055","AQS"
"10/24/2005","52","","South DeKalb","13-089-0002","AQS"
"10/25/2005","51","","United Avenue","13-121-0055","AQS"
"10/26/2005","54","","South DeKalb","13-089-0002","AQS"
"10/27/2005","70","","United Avenue","13-121-0055","AQS"
"10/28/2005","71","","Forest Park","13-063-0091","AQS"
"10/29/2005","80","","South DeKalb","13-089-0002","AQS"
"10/30/2005","97","","United Avenue","13-121-0055","AQS"
"10/31/2005","84","","United Avenue","13-121-0055","AQS"
"11/01/2005","69","","United Avenue","13-121-0055","AQS"
"11/02/2005","65","","United Avenue","13-121-0055","AQS"
"11/03/2005","75","","Kennesaw","13-067-0003","AQS"
"11/04/2005","77","","United Avenue","13-121-0055","AQS"
"11/05/2005","74","","United Avenue","13-121-0055","AQS"
"11/06/2005","72","","Gwinnett","13-135-0002","AQS"
"11/07/2005","74","","United Avenue","13-121-0055","AQS"
"11/08/2005","86","","United Avenue","13-121-0055","AQS"
"11/09/2005","84","","Fire Station #8","13-121-0039","AQS"
"11/10/2005","55","","Doraville","13-089-2001","AQS"
"11/11/2005","58","","South DeKalb","13-089-0002","AQS"
"11/12/2005","66","","Kennesaw","13-067-0003","AQS"
"11/13/2005","62","","Gwinnett","13-135-0002","AQS"
"11/14/2005","67","","United Avenue","13-121-0055","AQS"
"11/15/2005","62","","Doraville","13-089-2001","AQS"
"11/16/2005","48","","United Avenue","13-121-0055","AQS"
"11/17/2005","42","","United Avenue","13-121-0055","AQS"
"11/18/2005","64","","Fire Station #8","13-121-0039","AQS"
"11/19/2005","69","","E. Rivers School","13-121-0032","AQS"
"11/20/2005","63","","Doraville","13-089-2001","AQS"
"11/21/2005","56","","Forest Park","13-063-0091","AQS"
"11/22/2005","56","","United Avenue","13-121-0055","AQS"
"11/23/2005","47","","E. Rivers School","13-121-0032","AQS"
"11/24/2005","52","","United Avenue","13-121-0055","AQS"
"11/25/2005","56","","E. Rivers School","13-121-0032","AQS"
"11/26/2005","73","","Doraville","13-089-2001","AQS"
"11/27/2005","71","","Kennesaw","13-067-0003","AQS"
"11/28/2005","51","","United Avenue","13-121-0055","AQS"
"11/29/2005","48","","United Avenue","13-121-0055","AQS"
"11/30/2005","56","","Forest Park","13-063-0091","AQS"
"12/01/2005","57","","E. Rivers School","13-121-0032","AQS"
"12/02/2005","54","","South DeKalb","13-089-0002","AQS"
"12/03/2005","78","","E. Rivers School","13-121-0032","AQS"
"12/04/2005","56","","United Avenue","13-121-0055","AQS"
"12/05/2005","58","","E. Rivers School","13-121-0032","AQS"
"12/06/2005","74","","Forest Park","13-063-0091","AQS"
"12/07/2005","65","","South DeKalb","13-089-0002","AQS"
"12/08/2005","57","","Doraville","13-089-2001","AQS"
"12/09/2005","57","","Forest Park","13-063-0091","AQS"
"12/10/2005","64","","E. Rivers School","13-121-0032","AQS"
"12/11/2005","59","","E. Rivers School","13-121-0032","AQS"
"12/12/2005","65","","Gwinnett","13-135-0002","AQS"
"12/13/2005","58","","Doraville","13-089-2001","AQS"
"12/14/2005","67","","Doraville","13-089-2001","AQS"
"12/15/2005","53","","Doraville","13-089-2001","AQS"
"12/16/2005","52","","Doraville","13-089-2001","AQS"
"12/17/2005","56","","Doraville","13-089-2001","AQS"
"12/18/2005","62","","E. Rivers School","13-121-0032","AQS"
"12/19/2005","68","","Doraville","13-089-2001","AQS"
"12/20/2005","62","","South DeKalb","13-089-0002","AQS"
"12/21/2005","59","","E. Rivers School","13-121-0032","AQS"
"12/22/2005","77","","South DeKalb","13-089-0002","AQS"
"12/23/2005","90","","Doraville","13-089-2001","AQS"
"12/24/2005","91","","Gwinnett","13-135-0002","AQS"
"12/25/2005","52","","E. Rivers School","13-121-0032","AQS"
"12/26/2005","51","","E. Rivers School","13-121-0032","AQS"
"12/27/2005","64","","Fire Station #8","13-121-0039","AQS"
"12/28/2005","57","","South DeKalb","13-089-0002","AQS"
"12/29/2005","68","","MACLAND AQUATIC CENTER","13-067-0004","AQS"
"12/30/2005","67","","Forest Park","13-063-0091","AQS"
"12/31/2005","59","","United Avenue","13-121-0055","AQS"
"01/01/2006","120","","Gwinnett","13-135-0002","AQS"
"01/02/2006","55","","South DeKalb","13-089-0002","AQS"
"01/03/2006","63","","United Avenue","13-121-0055","AQS"
"01/04/2006","66","","United Avenue","13-121-0055","AQS"
"01/05/2006","74","","South DeKalb","13-089-0002","AQS"
"01/06/2006","45","","E. Rivers School","13-121-0032","AQS"
"01/07/2006","48","","United Avenue","13-121-0055","AQS"
"01/08/2006","58","","South DeKalb","13-089-0002","AQS"
"01/09/2006","57","","United Avenue","13-121-0055","AQS"
"01/10/2006","66","","United Avenue","13-121-0055","AQS"
"01/11/2006","69","","South DeKalb","13-089-0002","AQS"
"01/12/2006","66","","United Avenue","13-121-0055","AQS"
"01/13/2006","61","","United Avenue","13-121-0055","AQS"
"01/14/2006","59","","South DeKalb","13-089-0002","AQS"
"01/15/2006","51","","E. Rivers School","13-121-0032","AQS"
"01/16/2006","55","","United Avenue","13-121-0055","AQS"
"01/17/2006","53","","United Avenue","13-121-0055","AQS"
"01/18/2006","46","","United Avenue","13-121-0055","AQS"
"01/19/2006","62","","United Avenue","13-121-0055","AQS"
"01/20/2006","71","","United Avenue","13-121-0055","AQS"
"01/21/2006","63","","United Avenue","13-121-0055","AQS"
"01/22/2006","60","","Doraville","13-089-2001","AQS"
"01/23/2006","52","","Fire Station #8","13-121-0039","AQS"
"01/24/2006","39","","United Avenue","13-121-0055","AQS"
"01/25/2006","51","","E. Rivers School","13-121-0032","AQS"
"01/26/2006","53","","South DeKalb","13-089-0002","AQS"
"01/27/2006","61","","Newnan","13-077-0002","AQS"
"01/28/2006","68","","United Avenue","13-121-0055","AQS"
"01/29/2006","56","","United Avenue","13-121-0055","AQS"
"01/30/2006","63","","United Avenue","13-121-0055","AQS"
"01/31/2006","53","","United Avenue","13-121-0055","AQS"
"02/01/2006","78","","Fire Station #8","13-121-0039","AQS"
"02/02/2006","71","","United Avenue","13-121-0055","AQS"
"02/03/2006","60","","United Avenue","13-121-0055","AQS"
"02/04/2006","46","","United Avenue","13-121-0055","AQS"
"02/05/2006","40","","United Avenue","13-121-0055","AQS"
"02/06/2006","57","","E. Rivers School","13-121-0032","AQS"
"02/07/2006","56","","South DeKalb","13-089-0002","AQS"
"02/08/2006","52","","United Avenue","13-121-0055","AQS"
"02/09/2006","55","","E. Rivers School","13-121-0032","AQS"
"02/10/2006","84","","Fire Station #8","13-121-0039","AQS"
"02/11/2006","63","","United Avenue","13-121-0055","AQS"
"02/12/2006","54","","United Avenue","13-121-0055","AQS"
"02/13/2006","61","","South DeKalb","13-089-0002","AQS"
"02/14/2006","74","","Fire Station #8","13-121-0039","AQS"
"02/15/2006","80","","Not Available","13-297-0001","AQS"
"02/16/2006","81","","Not Available","13-297-0001","AQS"
"02/17/2006","71","","United Avenue","13-121-0055","AQS"
"02/18/2006","59","","South DeKalb","13-089-0002","AQS"
"02/19/2006","80","","Fire Station #8","13-121-0039","AQS"
"02/20/2006","73","","E. Rivers School","13-121-0032","AQS"
"02/21/2006","66","","Doraville","13-089-2001","AQS"
"02/22/2006","61","","Fire Station #8","13-121-0039","AQS"
"02/23/2006","52","","United Avenue","13-121-0055","AQS"
"02/24/2006","55","","United Avenue","13-121-0055","AQS"
"02/25/2006","57","","Fire Station #8","13-121-0039","AQS"
"02/26/2006","52","","United Avenue","13-121-0055","AQS"
"02/27/2006","50","","United Avenue","13-121-0055","AQS"
"02/28/2006","66","","Fire Station #8","13-121-0039","AQS"
"03/01/2006","77","","United Avenue","13-121-0055","AQS"
"03/02/2006","81","","United Avenue","13-121-0055","AQS"
"03/03/2006","64","","United Avenue","13-121-0055","AQS"
"03/04/2006","61","","United Avenue","13-121-0055","AQS"
"03/05/2006","64","","United Avenue","13-121-0055","AQS"
"03/06/2006","76","","United Avenue","13-121-0055","AQS"
"03/07/2006","68","","United Avenue","13-121-0055","AQS"
"03/08/2006","88","","Newnan","13-077-0002","AQS"
"03/09/2006","106","","United Avenue","13-121-0055","AQS"
"03/10/2006","55","","United Avenue","13-121-0055","AQS"
"03/11/2006","65","","United Avenue","13-121-0055","AQS"
"03/12/2006","83","","Doraville","13-089-2001","AQS"
"03/13/2006","61","","United Avenue","13-121-0055","AQS"
"03/14/2006","47","","United Avenue","13-121-0055","AQS"
"03/15/2006","55","","United Avenue","13-121-0055","AQS"
"03/16/2006","70","","United Avenue","13-121-0055","AQS"
"03/17/2006","71","","United Avenue","13-121-0055","AQS"
"03/18/2006","72","","Doraville","13-089-2001","AQS"
"03/19/2006","72","","United Avenue","13-121-0055","AQS"
"03/20/2006","68","","United Avenue","13-121-0055","AQS"
"03/21/2006","52","","United Avenue","13-121-0055","AQS"
"03/22/2006","60","","United Avenue","13-121-0055","AQS"
"03/23/2006","69","","United Avenue","13-121-0055","AQS"
"03/24/2006","60","","United Avenue","13-121-0055","AQS"
"03/25/2006","55","","United Avenue","13-121-0055","AQS"
"03/26/2006","56","","United Avenue","13-121-0055","AQS"
"03/27/2006","68","","South DeKalb","13-089-0002","AQS"
"03/28/2006","82","","United Avenue","13-121-0055","AQS"
"03/29/2006","72","","United Avenue","13-121-0055","AQS"
"03/30/2006","110","","Not Available","13-297-0001","AQS"
"03/31/2006","82","","United Avenue","13-121-0055","AQS"
"04/01/2006","67","","United Avenue","13-121-0055","AQS"
"04/02/2006","80","","United Avenue","13-121-0055","AQS"
"04/03/2006","57","","United Avenue","13-121-0055","AQS"
"04/04/2006","55","","United Avenue","13-121-0055","AQS"
"04/05/2006","61","","Fire Station #8","13-121-0039","AQS"
"04/06/2006","77","","United Avenue","13-121-0055","AQS"
"04/07/2006","70","","United Avenue","13-121-0055","AQS"
"04/08/2006","58","","United Avenue","13-121-0055","AQS"
"04/09/2006","57","","United Avenue","13-121-0055","AQS"
"04/10/2006","65","","United Avenue","13-121-0055","AQS"
"04/11/2006","77","","United Avenue","13-121-0055","AQS"
"04/12/2006","71","","United Avenue","13-121-0055","AQS"
"04/13/2006","84","","Newnan","13-077-0002","AQS"
"04/14/2006","94","","MACLAND AQUATIC CENTER","13-067-0004","AQS"
"04/15/2006","64","","United Avenue","13-121-0055","AQS"
"04/16/2006","62","","United Avenue","13-121-0055","AQS"
"04/17/2006","73","","McDonough","13-151-0002","AQS"
"04/18/2006","75","","Newnan","13-077-0002","AQS"
"04/19/2006","89","","Newnan","13-077-0002","AQS"
"04/20/2006","80","","United Avenue","13-121-0055","AQS"
"04/21/2006","66","","United Avenue","13-121-0055","AQS"
"04/22/2006","57","","United Avenue","13-121-0055","AQS"
"04/23/2006","71","","United Avenue","13-121-0055","AQS"
"04/24/2006","85","","United Avenue","13-121-0055","AQS"
"04/25/2006","86","","United Avenue","13-121-0055","AQS"
"04/26/2006","70","","United Avenue","13-121-0055","AQS"
"04/27/2006","63","","United Avenue","13-121-0055","AQS"
"04/28/2006","73","","United Avenue","13-121-0055","AQS"
"04/29/2006","78","","United Avenue","13-121-0055","AQS"
"04/30/2006","54","","United Avenue","13-121-0055","AQS"
"05/01/2006","65","","United Avenue","13-121-0055","AQS"
"05/02/2006","90","","United Avenue","13-121-0055","AQS"
"05/03/2006","77","","United Avenue","13-121-0055","AQS"
"05/04/2006","74","","United Avenue","13-121-0055","AQS"
"05/05/2006","66","","United Avenue","13-121-0055","AQS"
"05/06/2006","69","","United Avenue","13-121-0055","AQS"
"05/07/2006","79","","United Avenue","13-121-0055","AQS"
"05/08/2006","78","","Newnan","13-077-0002","AQS"
"05/09/2006","77","","Yorkville, King Farm","13-223-0003","AQS"
"05/10/2006","74","","United Avenue","13-121-0055","AQS"
"05/11/2006","44","","United Avenue","13-121-0055","AQS"
"05/12/2006","48","","United Avenue","13-121-0055","AQS"
"05/13/2006","57","","United Avenue","13-121-0055","AQS"
"05/14/2006","54","","United Avenue","13-121-0055","AQS"
"05/15/2006","49","","United Avenue","13-121-0055","AQS"
"05/16/2006","61","","United Avenue","13-121-0055","AQS"
"05/17/2006","61","","Gwinnett","13-135-0002","AQS"
"05/18/2006","56","","United Avenue","13-121-0055","AQS"
"05/19/2006","63","","United Avenue","13-121-0055","AQS"
"05/20/2006","70","","United Avenue","13-121-0055","AQS"
"05/21/2006","63","","United Avenue","13-121-0055","AQS"
"05/22/2006","70","","Newnan","13-077-0002","AQS"
"05/23/2006","75","","United Avenue","13-121-0055","AQS"
"05/24/2006","80","","United Avenue","13-121-0055","AQS"
"05/25/2006","90","","United Avenue","13-121-0055","AQS"
"05/26/2006","84","","United Avenue","13-121-0055","AQS"
"05/27/2006","80","","Not Available","13-297-0001","AQS"
"05/28/2006","82","","United Avenue","13-121-0055","AQS"
"05/29/2006","89","","United Avenue","13-121-0055","AQS"
"05/30/2006","109","","United Avenue","13-121-0055","AQS"
"05/31/2006","108","","United Avenue","13-121-0055","AQS"
"06/01/2006","84","","Newnan","13-077-0002","AQS"
"06/02/2006","66","","United Avenue","13-121-0055","AQS"
"06/03/2006","58","","United Avenue","13-121-0055","AQS"
"06/04/2006","85","","Fire Station #8","13-121-0039","AQS"
"06/05/2006","63","","United Avenue","13-121-0055","AQS"
"06/06/2006","64","","United Avenue","13-121-0055","AQS"
"06/07/2006","89","","Fire Station #8","13-121-0039","AQS"
"06/08/2006","95","","United Avenue","13-121-0055","AQS"
"06/09/2006","69","","United Avenue","13-121-0055","AQS"
"06/10/2006","107","","United Avenue","13-121-0055","AQS"
"06/11/2006","115","","Gwinnett","13-135-0002","AQS"
"06/12/2006","80","","United Avenue","13-121-0055","AQS"
"06/13/2006","82","","South DeKalb","13-089-0002","AQS"
"06/14/2006","85","","United Avenue","13-121-0055","AQS"
"06/15/2006","99","","United Avenue","13-121-0055","AQS"
"06/16/2006","104","","South DeKalb","13-089-0002","AQS"
"06/17/2006","95","","United Avenue","13-121-0055","AQS"
"06/18/2006","77","","United Avenue","13-121-0055","AQS"
"06/19/2006","88","","South DeKalb","13-089-0002","AQS"
"06/20/2006","101","","United Avenue","13-121-0055","AQS"
"06/21/2006","97","","McDonough","13-151-0002","AQS"
"06/22/2006","124","","United Avenue","13-121-0055","AQS"
"06/23/2006","136","","United Avenue","13-121-0055","AQS"
"06/24/2006","78","","United Avenue","13-121-0055","AQS"
"06/25/2006","56","","Forest Park","13-063-0091","AQS"
"06/26/2006","55","","United Avenue","13-121-0055","AQS"
"06/27/2006","82","","United Avenue","13-121-0055","AQS"
"06/28/2006","103","","Gwinnett","13-135-0002","AQS"
"06/29/2006","86","","Newnan","13-077-0002","AQS"
"06/30/2006","97","","Newnan","13-077-0002","AQS"
"07/01/2006","85","","McDonough","13-151-0002","AQS"
"07/02/2006","117","","McDonough","13-151-0002","AQS"
"07/03/2006","135","","Yorkville, King Farm","13-223-0003","AQS"
"07/04/2006","132","","Gwinnett","13-135-0002","AQS"
"07/05/2006","86","","South DeKalb","13-089-0002","AQS"
"07/06/2006","80","","United Avenue","13-121-0055","AQS"
"07/07/2006","80","","South DeKalb","13-089-0002","AQS"
"07/08/2006","89","","United Avenue","13-121-0055","AQS"
"07/09/2006","103","","McDonough","13-151-0002","AQS"
"07/10/2006","116","","Not Available","13-297-0001","AQS"
"07/11/2006","115","","United Avenue","13-121-0055","AQS"
"07/12/2006","85","","United Avenue","13-121-0055","AQS"
"07/13/2006","80","","South DeKalb","13-089-0002","AQS"
"07/14/2006","72","","Gwinnett","13-135-0002","AQS"
"07/15/2006","81","","Gwinnett","13-135-0002","AQS"
"07/16/2006","85","","E. Rivers School","13-121-0032","AQS"
"07/17/2006","102","","McDonough","13-151-0002","AQS"
"07/18/2006","112","","Yorkville, King Farm","13-223-0003","AQS"
"07/19/2006","135","","Newnan","13-077-0002","AQS"
"07/20/2006","125","","United Avenue","13-121-0055","AQS"
"07/21/2006","117","","United Avenue","13-121-0055","AQS"
"07/22/2006","85","","McDonough","13-151-0002","AQS"
"07/23/2006","86","","United Avenue","13-121-0055","AQS"
"07/24/2006","95","","United Avenue","13-121-0055","AQS"
"07/25/2006","90","","United Avenue","13-121-0055","AQS"
"07/26/2006","67","","Not Available","13-297-0001","AQS"
"07/27/2006","81","","United Avenue","13-121-0055","AQS"
"07/28/2006","89","","Gwinnett","13-135-0002","AQS"
"07/29/2006","66","","United Avenue","13-121-0055","AQS"
"07/30/2006","77","","United Avenue","13-121-0055","AQS"
"07/31/2006","84","","Newnan","13-077-0002","AQS"
"08/01/2006","97","","Newnan","13-077-0002","AQS"
"08/02/2006","93","","McDonough","13-151-0002","AQS"
"08/03/2006","94","","McDonough","13-151-0002","AQS"
"08/04/2006","99","","United Avenue","13-121-0055","AQS"
"08/05/2006","80","","United Avenue","13-121-0055","AQS"
"08/06/2006","88","","United Avenue","13-121-0055","AQS"
"08/07/2006","111","","United Avenue","13-121-0055","AQS"
"08/08/2006","86","","United Avenue","13-121-0055","AQS"
"08/09/2006","82","","MACLAND AQUATIC CENTER","13-067-0004","AQS"
"08/10/2006","87","","United Avenue","13-121-0055","AQS"
"08/11/2006","66","","United Avenue","13-121-0055","AQS"
"08/12/2006","73","","United Avenue","13-121-0055","AQS"
"08/13/2006","64","","Newnan","13-077-0002","AQS"
"08/14/2006","66","","Yorkville, King Farm","13-223-0003","AQS"
"08/15/2006","74","","United Avenue","13-121-0055","AQS"
"08/16/2006","79","","Yorkville, King Farm","13-223-0003","AQS"
"08/17/2006","101","","United Avenue","13-121-0055","AQS"
"08/18/2006","108","","Newnan","13-077-0002","AQS"
"08/19/2006","116","","Gwinnett","13-135-0002","AQS"
"08/20/2006","131","","McDonough","13-151-0002","AQS"
"08/21/2006","91","","South DeKalb","13-089-0002","AQS"
"08/22/2006","77","","United Avenue","13-121-0055","AQS"
"08/23/2006","96","","United Avenue","13-121-0055","AQS"
"08/24/2006","116","","Yorkville, King Farm","13-223-0003","AQS"
"08/25/2006","77","","Yorkville, King Farm","13-223-0003","AQS"
"08/26/2006","72","","United Avenue","13-121-0055","AQS"
"08/27/2006","74","","United Avenue","13-121-0055","AQS"
"08/28/2006","71","","Gwinnett","13-135-0002","AQS"
"08/29/2006","74","","McDonough","13-151-0002","AQS"
"08/30/2006","87","","United Avenue","13-121-0055","AQS"
"08/31/2006","67","","Newnan","13-077-0002","AQS"
"09/01/2006","61","","Newnan","13-077-0002","AQS"
"09/02/2006","83","","United Avenue","13-121-0055","AQS"
"09/03/2006","84","","United Avenue","13-121-0055","AQS"
"09/04/2006","78","","United Avenue","13-121-0055","AQS"
"09/05/2006","102","","Gwinnett","13-135-0002","AQS"
"09/06/2006","89","","Newnan","13-077-0002","AQS"
"09/07/2006","71","","United Avenue","13-121-0055","AQS"
"09/08/2006","85","","South DeKalb","13-089-0002","AQS"
"09/09/2006","80","","United Avenue","13-121-0055","AQS"
"09/10/2006","92","","United Avenue","13-121-0055","AQS"
"09/11/2006","112","","Newnan","13-077-0002","AQS"
"09/12/2006","87","","United Avenue","13-121-0055","AQS"
"09/13/2006","56","","Newnan","13-077-0002","AQS"
"09/14/2006","67","","Forest Park","13-063-0091","AQS"
"09/15/2006","78","","United Avenue","13-121-0055","AQS"
"09/16/2006","88","","United Avenue","13-121-0055","AQS"
"09/17/2006","89","","Newnan","13-077-0002","AQS"
"09/18/2006","70","","Gwinnett","13-135-0002","AQS"
"09/19/2006","55","","Doraville","13-089-2001","AQS"
"09/20/2006","57","","United Avenue","13-121-0055","AQS"
"09/21/2006","65","","United Avenue","13-121-0055","AQS"
"09/22/2006","77","","United Avenue","13-121-0055","AQS"
"09/23/2006","69","","United Avenue","13-121-0055","AQS"
"09/24/2006","55","","United Avenue","13-121-0055","AQS"
"09/25/2006","53","","United Avenue","13-121-0055","AQS"
"09/26/2006","76","","Kennesaw","13-067-0003","AQS"
"09/27/2006","72","","United Avenue","13-121-0055","AQS"
"09/28/2006","70","","United Avenue","13-121-0055","AQS"
"09/29/2006","109","","Kennesaw","13-067-0003","AQS"
"09/30/2006","76","","United Avenue","13-121-0055","AQS"
"10/01/2006","75","","United Avenue","13-121-0055","AQS"
"10/02/2006","77","","Newnan","13-077-0002","AQS"
"10/03/2006","83","","United Avenue","13-121-0055","AQS"
"10/04/2006","93","","United Avenue","13-121-0055","AQS"
"10/05/2006","119","","E. Rivers School","13-121-0032","AQS"
"10/06/2006","70","","Not Available","13-297-0001","AQS"
"10/07/2006","58","","United Avenue","13-121-0055","AQS"
"10/08/2006","52","","United Avenue","13-121-0055","AQS"
"10/09/2006","52","","United Avenue","13-121-0055","AQS"
"10/10/2006","62","","United Avenue","13-121-0055","AQS"
"10/11/2006","74","","United Avenue","13-121-0055","AQS"
"10/12/2006","58","","United Avenue","13-121-0055","AQS"
"10/13/2006","44","","United Avenue","13-121-0055","AQS"
"10/14/2006","55","","United Avenue","13-121-0055","AQS"
"10/15/2006","57","","United Avenue","13-121-0055","AQS"
"10/16/2006","61","","United Avenue","13-121-0055","AQS"
"10/17/2006","67","","South DeKalb","13-089-0002","AQS"
"10/18/2006","78","","United Avenue","13-121-0055","AQS"
"10/19/2006","98","","United Avenue","13-121-0055","AQS"
"10/20/2006","43","","United Avenue","13-121-0055","AQS"
"10/21/2006","59","","United Avenue","13-121-0055","AQS"
"10/22/2006","63","","United Avenue","13-121-0055","AQS"
"10/23/2006","55","","United Avenue","13-121-0055","AQS"
"10/24/2006","57","","United Avenue","13-121-0055","AQS"
"10/25/2006","67","","United Avenue","13-121-0055","AQS"
"10/26/2006","75","","United Avenue","13-121-0055","AQS"
"10/27/2006","56","","United Avenue","13-121-0055","AQS"
"10/28/2006","51","","United Avenue","13-121-0055","AQS"
"10/29/2006","60","","South DeKalb","13-089-0002","AQS"
"10/30/2006","63","","South DeKalb","13-089-0002","AQS"
"10/31/2006","74","","United Avenue","13-121-0055","AQS"
"11/01/2006","81","","United Avenue","13-121-0055","AQS"
"11/02/2006","52","","United Avenue","13-121-0055","AQS"
"11/03/2006","40","","United Avenue","13-121-0055","AQS"
"11/04/2006","57","","MACLAND AQUATIC CENTER","13-067-0004","AQS"
"11/05/2006","59","","United Avenue","13-121-0055","AQS"
"11/06/2006","59","","United Avenue","13-121-0055","AQS"
"11/07/2006","64","","Georgia Tech, Ford Environmental Science and Technology Bldg, roof","13-121-0048","AQS"
"11/08/2006","70","","Doraville","13-089-2001","AQS"
"11/09/2006","76","","United Avenue","13-121-0055","AQS"
"11/10/2006","89","","United Avenue","13-121-0055","AQS"
"11/11/2006","77","","Gwinnett","13-135-0002","AQS"
"11/12/2006","46","","E. Rivers School","13-121-0032","AQS"
"11/13/2006","71","","South DeKalb","13-089-0002","AQS"
"11/14/2006","68","","United Avenue","13-121-0055","AQS"
"11/15/2006","71","","United Avenue","13-121-0055","AQS"
"11/16/2006","37","","United Avenue","13-121-0055","AQS"
"11/17/2006","54","","United Avenue","13-121-0055","AQS"
"11/18/2006","63","","Doraville","13-089-2001","AQS"
"11/19/2006","76","","Georgia Tech, Ford Environmental Science and Technology Bldg, roof","13-121-0048","AQS"
"11/20/2006","52","","South DeKalb","13-089-0002","AQS"
"11/21/2006","66","","Doraville","13-089-2001","AQS"
"11/22/2006","54","","United Avenue","13-121-0055","AQS"
"11/23/2006","62","","E. Rivers School","13-121-0032","AQS"
"11/24/2006","59","","South DeKalb","13-089-0002","AQS"
"11/25/2006","71","","Gwinnett","13-135-0002","AQS"
"11/26/2006","73","","E. Rivers School","13-121-0032","AQS"
"11/27/2006","71","","Gwinnett","13-135-0002","AQS"
"11/28/2006","68","","Kennesaw","13-067-0003","AQS"
"11/29/2006","56","","United Avenue","13-121-0055","AQS"
"11/30/2006","46","","United Avenue","13-121-0055","AQS"
"12/01/2006","41","","United Avenue","13-121-0055","AQS"
"12/02/2006","59","","E. Rivers School","13-121-0032","AQS"
"12/03/2006","58","","E. Rivers School","13-121-0032","AQS"
"12/04/2006","55","","Forest Park","13-063-0091","AQS"
"12/05/2006","61","","United Avenue","13-121-0055","AQS"
"12/06/2006","72","","United Avenue","13-121-0055","AQS"
"12/07/2006","154","","South DeKalb","13-089-0002","AQS"
"12/08/2006","54","","E. Rivers School","13-121-0032","AQS"
"12/09/2006","76","","E. Rivers School","13-121-0032","AQS"
"12/10/2006","93","","Kennesaw","13-067-0003","AQS"
"12/11/2006","73","","Gwinnett","13-135-0002","AQS"
"12/12/2006","62","","South DeKalb","13-089-0002","AQS"
"12/13/2006","72","","United Avenue","13-121-0055","AQS"
"12/14/2006","82","","United Avenue","13-121-0055","AQS"
"12/15/2006","70","","South DeKalb","13-089-0002","AQS"
"12/16/2006","77","","Forest Park","13-063-0091","AQS"
"12/17/2006","82","","United Avenue","13-121-0055","AQS"
"12/18/2006","84","","United Avenue","13-121-0055","AQS"
"12/19/2006","88","","Forest Park","13-063-0091","AQS"
"12/20/2006","64","","Newnan","13-077-0002","AQS"
"12/21/2006","65","","E. Rivers School","13-121-0032","AQS"
"12/22/2006","47","","United Avenue","13-121-0055","AQS"
"12/23/2006","51","","E. Rivers School","13-121-0032","AQS"
"12/24/2006","55","","United Avenue","13-121-0055","AQS"
"12/25/2006","33","","South DeKalb","13-089-0002","AQS"
"12/26/2006","45","","United Avenue","13-121-0055","AQS"
"12/27/2006","60","","United Avenue","13-121-0055","AQS"
"12/28/2006","70","","South DeKalb","13-089-0002","AQS"
"12/29/2006","60","","E. Rivers School","13-121-0032","AQS"
"12/30/2006","59","","E. Rivers School","13-121-0032","AQS"
"12/31/2006","51","","South DeKalb","13-089-0002","AQS"
"01/01/2007","47","","United Avenue","13-121-0055","AQS"
"01/02/2007","52","","United Avenue","13-121-0055","AQS"
"01/03/2007","57","","South DeKalb","13-089-0002","AQS"
"01/04/2007","60","","United Avenue","13-121-0055","AQS"
"01/05/2007","44","","United Avenue","13-121-0055","AQS"
"01/06/2007","58","","United Avenue","13-121-0055","AQS"
"01/07/2007","62","","United Avenue","13-121-0055","AQS"
"01/08/2007","36","","United Avenue","13-121-0055","AQS"
"01/09/2007","41","","United Avenue","13-121-0055","AQS"
"01/10/2007","48","","United Avenue","13-121-0055","AQS"
"01/11/2007","56","","South DeKalb","13-089-0002","AQS"
"01/12/2007","63","","Doraville","13-089-2001","AQS"
"01/13/2007","68","","United Avenue","13-121-0055","AQS"
"01/14/2007","64","","United Avenue","13-121-0055","AQS"
"01/15/2007","51","","United Avenue","13-121-0055","AQS"
"01/16/2007","48","","United Avenue","13-121-0055","AQS"
"01/17/2007","51","","United Avenue","13-121-0055","AQS"
"01/18/2007","59","","Kennesaw","13-067-0003","AQS"
"01/19/2007","54","","United Avenue","13-121-0055","AQS"
"01/20/2007","45","","United Avenue","13-121-0055","AQS"
"01/21/2007","53","","E. Rivers School","13-121-0032","AQS"
"01/22/2007","52","","United Avenue","13-121-0055","AQS"
"01/23/2007","56","","United Avenue","13-121-0055","AQS"
"01/24/2007","62","","Forest Park","13-063-0091","AQS"
"01/25/2007","54","","E. Rivers School","13-121-0032","AQS"
"01/26/2007","60","","E. Rivers School","13-121-0032","AQS"
"01/27/2007","64","","United Avenue","13-121-0055","AQS"
"01/28/2007","49","","United Avenue","13-121-0055","AQS"
"01/29/2007","53","","United Avenue","13-121-0055","AQS"
"01/30/2007","57","","South DeKalb","13-089-0002","AQS"
"01/31/2007","58","","South DeKalb","13-089-0002","AQS"
"02/01/2007","67","","E. Rivers School","13-121-0032","AQS"
"02/02/2007","66","","Georgia Tech, Ford Environmental Science and Technology Bldg, roof","13-121-0048","AQS"
"02/03/2007","57","","South DeKalb","13-089-0002","AQS"
"02/04/2007","57","","E. Rivers School","13-121-0032","AQS"
"02/05/2007","46","","Forest Park","13-063-0091","AQS"
"02/06/2007","54","","United Avenue","13-121-0055","AQS"
"02/07/2007","70","","United Avenue","13-121-0055","AQS"
"02/08/2007","59","","Yorkville, King Farm","13-223-0003","AQS"
"02/09/2007","53","","South DeKalb","13-089-0002","AQS"
"02/10/2007","53","","E. Rivers School","13-121-0032","AQS"
"02/11/2007","59","","Doraville","13-089-2001","AQS"
"02/12/2007","64","","E. Rivers School","13-121-0032","AQS"
"02/13/2007","76","","United Avenue","13-121-0055","AQS"
"02/14/2007","57","","Doraville","13-089-2001","AQS"
"02/15/2007","53","","United Avenue","13-121-0055","AQS"
"02/16/2007","59","","E. Rivers School","13-121-0032","AQS"
"02/17/2007","66","","E. Rivers School","13-121-0032","AQS"
"02/18/2007","52","","United Avenue","13-121-0055","AQS"
"02/19/2007","58","","South DeKalb","13-089-0002","AQS"
"02/20/2007","58","","United Avenue","13-121-0055","AQS"
"02/21/2007","55","","United Avenue","13-121-0055","AQS"
"02/22/2007","44","","United Avenue","13-121-0055","AQS"
"02/23/2007","42","","United Avenue","13-121-0055","AQS"
"02/24/2007","61","","United Avenue","13-121-0055","AQS"
"02/25/2007","56","","United Avenue","13-121-0055","AQS"
"02/26/2007","42","","United Avenue","13-121-0055","AQS"
"02/27/2007","58","","United Avenue","13-121-0055","AQS"
"02/28/2007","106","","South DeKalb","13-089-0002","AQS"
"03/01/2007","70","","United Avenue","13-121-0055","AQS"
"03/02/2007","47","","Doraville","13-089-2001","AQS"
"03/03/2007","35","","United Avenue","13-121-0055","AQS"
"03/04/2007","47","","United Avenue","13-121-0055","AQS"
"03/05/2007","46","","United Avenue","13-121-0055","AQS"
"03/06/2007","54","","South DeKalb","13-089-0002","AQS"
"03/07/2007","82","","Georgia Tech, Ford Environmental Science and Technology Bldg, roof","13-121-0048","AQS"
"03/08/2007","84","","Newnan","13-077-0002","AQS"
"03/09/2007","100","","McDonough","13-151-0002","AQS"
"03/10/2007","82","","United Avenue","13-121-0055","AQS"
"03/11/2007","87","","United Avenue","13-121-0055","AQS"
"03/12/2007","76","","Newnan","13-077-0002","AQS"
"03/13/2007","96","","Newnan","13-077-0002","AQS"
"03/14/2007","88","","United Avenue","13-121-0055","AQS"
"03/15/2007","80","","United Avenue","13-121-0055","AQS"
"03/16/2007","54","","United Avenue","13-121-0055","AQS"
"03/17/2007","48","","United Avenue","13-121-0055","AQS"
"03/18/2007","54","","United Avenue","13-121-0055","AQS"
"03/19/2007","67","","United Avenue","13-121-0055","AQS"
"03/20/2007","84","","McDonough","13-151-0002","AQS"
"03/21/2007","92","","Not Available","13-297-0001","AQS"
"03/22/2007","64","","Gwinnett","13-135-0002","AQS"
"03/23/2007","74","","Kennesaw","13-067-0003","AQS"
"03/24/2007","97","","Newnan","13-077-0002","AQS"
"03/25/2007","95","","Newnan","13-077-0002","AQS"
"03/26/2007","93","","United Avenue","13-121-0055","AQS"
"03/27/2007","80","","United Avenue","13-121-0055","AQS"
"03/28/2007","88","","Doraville","13-089-2001","AQS"
"03/29/2007","86","","United Avenue","13-121-0055","AQS"
"03/30/2007","68","","United Avenue","13-121-0055","AQS"
"03/31/2007","87","","United Avenue","13-121-0055","AQS"
"04/01/2007","60","","United Avenue","13-121-0055","AQS"
"04/02/2007","63","","United Avenue","13-121-0055","AQS"
"04/03/2007","73","","United Avenue","13-121-0055","AQS"
"04/04/2007","50","","United Avenue","13-121-0055","AQS"
"04/05/2007","46","","United Avenue","13-121-0055","AQS"
"04/06/2007","53","","Georgia Tech, Ford Environmental Science and Technology Bldg, roof","13-121-0048","AQS"
"04/07/2007","50","","United Avenue","13-121-0055","AQS"
"04/08/2007","51","","United Avenue","13-121-0055","AQS"
"04/09/2007","60","","Georgia Tech, Ford Environmental Science and Technology Bldg, roof","13-121-0048","AQS"
"04/10/2007","75","","United Avenue","13-121-0055","AQS"
"04/11/2007","86","","United Avenue","13-121-0055","AQS"
"04/12/2007","54","","E. Rivers School","13-121-0032","AQS"
"04/13/2007","63","","United Avenue","13-121-0055","AQS"
"04/14/2007","71","","United Avenue","13-121-0055","AQS"
"04/15/2007","49","","South DeKalb","13-089-0002","AQS"
"04/16/2007","57","","United Avenue","13-121-0055","AQS"
"04/17/2007","72","","South DeKalb","13-089-0002","AQS"
"04/18/2007","61","","United Avenue","13-121-0055","AQS"
"04/19/2007","67","","United Avenue","13-121-0055","AQS"
"04/20/2007","71","","United Avenue","13-121-0055","AQS"
"04/21/2007","75","","United Avenue","13-121-0055","AQS"
"04/22/2007","79","","Doraville","13-089-2001","AQS"
"04/23/2007","221","","E. Rivers School","13-121-0032","AQS"
"04/24/2007","87","","Doraville","13-089-2001","AQS"
"04/25/2007","62","","United Avenue","13-121-0055","AQS"
"04/26/2007","58","","United Avenue","13-121-0055","AQS"
"04/27/2007","55","","United Avenue","13-121-0055","AQS"
"04/28/2007","52","","United Avenue","13-121-0055","AQS"
"04/29/2007","59","","United Avenue","13-121-0055","AQS"
"04/30/2007","70","","Yorkville, King Farm","13-223-0003","AQS"
"05/01/2007","80","","United Avenue","13-121-0055","AQS"
"05/02/2007","89","","Gwinnett","13-135-0002","AQS"
"05/03/2007","155","","Georgia Tech, Ford Environmental Science and Technology Bldg, roof","13-121-0048","AQS"
"05/04/2007","104","","Newnan","13-077-0002","AQS"
"05/05/2007","79","","Newnan","13-077-0002","AQS"
"05/06/2007","75","","Yorkville, King Farm","13-223-0003","AQS"
"05/07/2007","44","","South DeKalb","13-089-0002","AQS"
"05/08/2007","33","","United Avenue","13-121-0055","AQS"
"05/09/2007","64","","South DeKalb","13-089-0002","AQS"
"05/10/2007","75","","Yorkville, King Farm","13-223-0003","AQS"
"05/11/2007","74","","Newnan","13-077-0002","AQS"
"05/12/2007","99","","Georgia Tech, Ford Environmental Science and Technology Bldg, roof","13-121-0048","AQS"
"05/13/2007","83","","United Avenue","13-121-0055","AQS"
"05/14/2007","74","","Newnan","13-077-0002","AQS"
"05/15/2007","67","","United Avenue","13-121-0055","AQS"
"05/16/2007","158","","Not Available","13-297-0001","AQS"
"05/17/2007","61","","South DeKalb","13-089-0002","AQS"
"05/18/2007","59","","South DeKalb","13-089-0002","AQS"
"05/19/2007","62","","South DeKalb","13-089-0002","AQS"
"05/20/2007","69","","South DeKalb","13-089-0002","AQS"
"05/21/2007","82","","South DeKalb","13-089-0002","AQS"
"05/22/2007","176","","McDonough","13-151-0002","AQS"
"05/23/2007","75","","South DeKalb","13-089-0002","AQS"
"05/24/2007","60","","South DeKalb","13-089-0002","AQS"
"05/25/2007","63","","South DeKalb","13-089-0002","AQS"
"05/26/2007","151","","Yorkville, King Farm","13-223-0003","AQS"
"05/27/2007","166","","Kennesaw","13-067-0003","AQS"
"05/28/2007","84","","Yorkville, King Farm","13-223-0003","AQS"
"05/29/2007","81","","South DeKalb","13-089-0002","AQS"
"05/30/2007","96","","South DeKalb","13-089-0002","AQS"
"05/31/2007","166","","Yorkville, King Farm","13-223-0003","AQS"
"06/01/2007","96","","South DeKalb","13-089-0002","AQS"
"06/02/2007","68","","Yorkville, King Farm","13-223-0003","AQS"
"06/03/2007","74","","South DeKalb","13-089-0002","AQS"
"06/04/2007","67","","South DeKalb","13-089-0002","AQS"
"06/05/2007","96","","E. Rivers School","13-121-0032","AQS"
"06/06/2007","75","","Doraville","13-089-2001","AQS"
"06/07/2007","75","","Newnan","13-077-0002","AQS"
"06/08/2007","65","","Newnan","13-077-0002","AQS"
"06/09/2007","93","","Newnan","13-077-0002","AQS"
"06/10/2007","80","","South DeKalb","13-089-0002","AQS"
"06/11/2007","105","","Forest Park","13-063-0091","AQS"
"06/12/2007","82","","Yorkville, King Farm","13-223-0003","AQS"
"06/13/2007","72","","United Avenue","13-121-0055","AQS"
"06/14/2007","77","","Yorkville, King Farm","13-223-0003","AQS"
"06/15/2007","68","","Yorkville, King Farm","13-223-0003","AQS"
"06/16/2007","75","","United Avenue","13-121-0055","AQS"
"06/17/2007","109","","Newnan","13-077-0002","AQS"
"06/18/2007","89","","South DeKalb","13-089-0002","AQS"
"06/19/2007","64","","Gwinnett","13-135-0002","AQS"
"06/20/2007","60","","South DeKalb","13-089-0002","AQS"
"06/21/2007","74","","South DeKalb","13-089-0002","AQS"
"06/22/2007","92","","United Avenue","13-121-0055","AQS"
"06/23/2007","110","","South DeKalb","13-089-0002","AQS"
"06/24/2007","127","","United Avenue","13-121-0055","AQS"
"06/25/2007","120","","United Avenue","13-121-0055","AQS"
"06/26/2007","86","","South DeKalb","13-089-0002","AQS"
"06/27/2007","82","","Yorkville, King Farm","13-223-0003","AQS"
"06/28/2007","71","","United Avenue","13-121-0055","AQS"
"06/29/2007","79","","United Avenue","13-121-0055","AQS"
"06/30/2007","97","","South DeKalb","13-089-0002","AQS"
"07/01/2007","79","","South DeKalb","13-089-0002","AQS"
"07/02/2007","74","","South DeKalb","13-089-0002","AQS"
"07/03/2007","73","","Yorkville, King Farm","13-223-0003","AQS"
"07/04/2007","73","","Gwinnett","13-135-0002","AQS"
"07/05/2007","122","","South DeKalb","13-089-0002","AQS"
"07/06/2007","96","","South DeKalb","13-089-0002","AQS"
"07/07/2007","77","","Gwinnett","13-135-0002","AQS"
"07/08/2007","76","","Gwinnett","13-135-0002","AQS"
"07/09/2007","78","","South DeKalb","13-089-0002","AQS"
"07/10/2007","69","","South DeKalb","13-089-0002","AQS"
"07/11/2007","58","","Doraville","13-089-2001","AQS"
"07/12/2007","71","","South DeKalb","13-089-0002","AQS"
"07/13/2007","79","","South DeKalb","13-089-0002","AQS"
"07/14/2007","90","","McDonough","13-151-0002","AQS"
"07/15/2007","78","","Doraville","13-089-2001","AQS"
"07/16/2007","66","","South DeKalb","13-089-0002","AQS"
"07/17/2007","77","","South DeKalb","13-089-0002","AQS"
"07/18/2007","65","","Newnan","13-077-0002","AQS"
"07/19/2007","69","","South DeKalb","13-089-0002","AQS"
"07/20/2007","69","","United Avenue","13-121-0055","AQS"
"07/21/2007","70","","South DeKalb","13-089-0002","AQS"
"07/22/2007","81","","South DeKalb","13-089-0002","AQS"
"07/23/2007","78","","United Avenue","13-121-0055","AQS"
"07/24/2007","75","","United Avenue","13-121-0055","AQS"
"07/25/2007","68","","Gwinnett","13-135-0002","AQS"
"07/26/2007","75","","United Avenue","13-121-0055","AQS"
"07/27/2007","91","","Gwinnett","13-135-0002","AQS"
"07/28/2007","79","","South DeKalb","13-089-0002","AQS"
"07/29/2007","81","","United Avenue","13-121-0055","AQS"
"07/30/2007","94","","McDonough","13-151-0002","AQS"
"07/31/2007","83","","Gwinnett","13-135-0002","AQS"
"08/01/2007","82","","Gwinnett","13-135-0002","AQS"
"08/02/2007","85","","Yorkville, King Farm","13-223-0003","AQS"
"08/03/2007","96","","Yorkville, King Farm","13-223-0003","AQS"
"08/04/2007","117","","Newnan","13-077-0002","AQS"
"08/05/2007","139","","South DeKalb","13-089-0002","AQS"
"08/06/2007","141","","South DeKalb","13-089-0002","AQS"
"08/07/2007","151","","South DeKalb","13-089-0002","AQS"
"08/08/2007","140","","McDonough","13-151-0002","AQS"
"08/09/2007","93","","South DeKalb","13-089-0002","AQS"
"08/10/2007","90","","South DeKalb","13-089-0002","AQS"
"08/11/2007","87","","South DeKalb","13-089-0002","AQS"
"08/12/2007","89","","South DeKalb","13-089-0002","AQS"
"08/13/2007","107","","McDonough","13-151-0002","AQS"
"08/14/2007","102","","Gwinnett","13-135-0002","AQS"
"08/15/2007","128","","Newnan","13-077-0002","AQS"
"08/16/2007","125","","South DeKalb","13-089-0002","AQS"
"08/17/2007","124","","South DeKalb","13-089-0002","AQS"
"08/18/2007","113","","United Avenue","13-121-0055","AQS"
"08/19/2007","90","","United Avenue","13-121-0055","AQS"
"08/20/2007","71","","United Avenue","13-121-0055","AQS"
"08/21/2007","73","","South DeKalb","13-089-0002","AQS"
"08/22/2007","96","","South DeKalb","13-089-0002","AQS"
"08/23/2007","80","","South DeKalb","13-089-0002","AQS"
"08/24/2007","82","","Gwinnett","13-135-0002","AQS"
"08/25/2007","75","","MACLAND AQUATIC CENTER","13-067-0004","AQS"
"08/26/2007","75","","United Avenue","13-121-0055","AQS"
"08/27/2007","96","","Newnan","13-077-0002","AQS"
"08/28/2007","70","","United Avenue","13-121-0055","AQS"
"08/29/2007","74","","United Avenue","13-121-0055","AQS"
"08/30/2007","66","","South DeKalb","13-089-0002","AQS"
"08/31/2007","75","","South DeKalb","13-089-0002","AQS"
"09/01/2007","87","","Gwinnett","13-135-0002","AQS"
"09/02/2007","95","","United Avenue","13-121-0055","AQS"
"09/03/2007","81","","United Avenue","13-121-0055","AQS"
"09/04/2007","109","","United Avenue","13-121-0055","AQS"
"09/05/2007","124","","United Avenue","13-121-0055","AQS"
"09/06/2007","83","","Newnan","13-077-0002","AQS"
"09/07/2007","63","","United Avenue","13-121-0055","AQS"
"09/08/2007","76","","Gwinnett","13-135-0002","AQS"
"09/09/2007","142","","Doraville","13-089-2001","AQS"
"09/10/2007","94","","South DeKalb","13-089-0002","AQS"
"09/11/2007","77","","South DeKalb","13-089-0002","AQS"
"09/12/2007","80","","Doraville","13-089-2001","AQS"
"09/13/2007","75","","United Avenue","13-121-0055","AQS"
"09/14/2007","47","","South DeKalb","13-089-0002","AQS"
"09/15/2007","74","","South DeKalb","13-089-0002","AQS"
"09/16/2007","68","","South DeKalb","13-089-0002","AQS"
"09/17/2007","75","","South DeKalb","13-089-0002","AQS"
"09/18/2007","87","","South DeKalb","13-089-0002","AQS"
"09/19/2007","69","","Newnan","13-077-0002","AQS"
"09/20/2007","59","","United Avenue","13-121-0055","AQS"
"09/21/2007","49","","Kennesaw","13-067-0003","AQS"
"09/22/2007","56","","United Avenue","13-121-0055","AQS"
"09/23/2007","54","","United Avenue","13-121-0055","AQS"
"09/24/2007","72","","Newnan","13-077-0002","AQS"
"09/25/2007","99","","Newnan","13-077-0002","AQS"
"09/26/2007","89","","Gwinnett","13-135-0002","AQS"
"09/27/2007","78","","South DeKalb","13-089-0002","AQS"
"09/28/2007","61","","United Avenue","13-121-0055","AQS"
"09/29/2007","57","","South DeKalb","13-089-0002","AQS"
"09/30/2007","56","","South DeKalb","13-089-0002","AQS"
"10/01/2007","55","","South DeKalb","13-089-0002","AQS"
"10/02/2007","54","","South DeKalb","13-089-0002","AQS"
"10/03/2007","64","","South DeKalb","13-089-0002","AQS"
"10/04/2007","53","","South DeKalb","13-089-0002","AQS"
"10/05/2007","52","","United Avenue","13-121-0055","AQS"
"10/06/2007","54","","United Avenue","13-121-0055","AQS"
"10/07/2007","59","","United Avenue","13-121-0055","AQS"
"10/08/2007","62","","E. Rivers School","13-121-0032","AQS"
"10/09/2007","74","","Gwinnett","13-135-0002","AQS"
"10/10/2007","58","","United Avenue","13-121-0055","AQS"
"10/11/2007","43","","United Avenue","13-121-0055","AQS"
"10/12/2007","55","","Forest Park","13-063-0091","AQS"
"10/13/2007","67","","United Avenue","13-121-0055","AQS"
"10/14/2007","90","","United Avenue","13-121-0055","AQS"
"10/15/2007","78","","South DeKalb","13-089-0002","AQS"
"10/16/2007","68","","E. Rivers School","13-121-0032","AQS"
"10/17/2007","70","","E. Rivers School","13-121-0032","AQS"
"10/18/2007","55","","United Avenue","13-121-0055","AQS"
"10/19/2007","48","","South DeKalb","13-089-0002","AQS"
"10/20/2007","55","","United Avenue","13-121-0055","AQS"
"10/21/2007","61","","United Avenue","13-121-0055","AQS"
"10/22/2007","70","","E. Rivers School","13-121-0032","AQS"
"10/23/2007","42","","Doraville","13-089-2001","AQS"
"10/24/2007","51","","Doraville","13-089-2001","AQS"
"10/25/2007","54","","South DeKalb","13-089-0002","AQS"
"10/26/2007","61","","United Avenue","13-121-0055","AQS"
"10/27/2007","57","","South DeKalb","13-089-0002","AQS"
"10/28/2007","58","","United Avenue","13-121-0055","AQS"
"10/29/2007","55","","E. Rivers School","13-121-0032","AQS"
"10/30/2007","57","","South DeKalb","13-089-0002","AQS"
"10/31/2007","59","","South DeKalb","13-089-0002","AQS"
"11/01/2007","70","","South DeKalb","13-089-0002","AQS"
"11/02/2007","69","","Kennesaw","13-067-0003","AQS"
"11/03/2007","68","","South DeKalb","13-089-0002","AQS"
"11/04/2007","61","","South DeKalb","13-089-0002","AQS"
"11/05/2007","66","","South DeKalb","13-089-0002","AQS"
"11/06/2007","56","","South DeKalb","13-089-0002","AQS"
"11/07/2007","54","","E. Rivers School","13-121-0032","AQS"
"11/08/2007","69","","South DeKalb","13-089-0002","AQS"
"11/09/2007","78","","South DeKalb","13-089-0002","AQS"
"11/10/2007","66","","South DeKalb","13-089-0002","AQS"
"11/11/2007","72","","E. Rivers School","13-121-0032","AQS"
"11/12/2007","81","","South DeKalb","13-089-0002","AQS"
"11/13/2007","84","","South DeKalb","13-089-0002","AQS"
"11/14/2007","78","","United Avenue","13-121-0055","AQS"
"11/15/2007","52","","United Avenue","13-121-0055","AQS"
"11/16/2007","61","","E. Rivers School","13-121-0032","AQS"
"11/17/2007","72","","South DeKalb","13-089-0002","AQS"
"11/18/2007","73","","Gwinnett","13-135-0002","AQS"
"11/19/2007","71","","South DeKalb","13-089-0002","AQS"
"11/20/2007","77","","South DeKalb","13-089-0002","AQS"
"11/21/2007","73","","South DeKalb","13-089-0002","AQS"
"11/22/2007","48","","South DeKalb","13-089-0002","AQS"
"11/23/2007","48","","South DeKalb","13-089-0002","AQS"
"11/24/2007","51","","United Avenue","13-121-0055","AQS"
"11/25/2007","60","","E. Rivers School","13-121-0032","AQS"
"11/26/2007","51","","South DeKalb","13-089-0002","AQS"
"11/27/2007","47","","South DeKalb","13-089-0002","AQS"
"11/28/2007","58","","South DeKalb","13-089-0002","AQS"
"11/29/2007","73","","South DeKalb","13-089-0002","AQS"
"11/30/2007","65","","South DeKalb","13-089-0002","AQS"
"12/01/2007","63","","South DeKalb","13-089-0002","AQS"
"12/02/2007","65","","Newnan","13-077-0002","AQS"
"12/03/2007","43","","United Avenue","13-121-0055","AQS"
"12/04/2007","47","","Doraville","13-089-2001","AQS"
"12/05/2007","63","","South DeKalb","13-089-0002","AQS"
"12/06/2007","59","","Doraville","13-089-2001","AQS"
"12/07/2007","72","","South DeKalb","13-089-0002","AQS"
"12/08/2007","89","","Not Available","13-297-0001","AQS"
"12/09/2007","75","","United Avenue","13-121-0055","AQS"
"12/10/2007","68","","South DeKalb","13-089-0002","AQS"
"12/11/2007","69","","South DeKalb","13-089-0002","AQS"
"12/12/2007","61","","South DeKalb","13-089-0002","AQS"
"12/13/2007","55","","South DeKalb","13-089-0002","AQS"
"12/14/2007","52","","E. Rivers School","13-121-0032","AQS"
"12/15/2007","55","","South DeKalb","13-089-0002","AQS"
"12/16/2007","46","","United Avenue","13-121-0055","AQS"
"12/17/2007","56","","Forest Park","13-063-0091","AQS"
"12/18/2007","65","","South DeKalb","13-089-0002","AQS"
"12/19/2007","76","","Doraville","13-089-2001","AQS"
"12/20/2007","99","","E. Rivers School","13-121-0032","AQS"
"12/21/2007","66","","South DeKalb","13-089-0002","AQS"
"12/22/2007","66","","South DeKalb","13-089-0002","AQS"
"12/23/2007","37","","South DeKalb","13-089-0002","AQS"
"12/24/2007","41","","United Avenue","13-121-0055","AQS"
"12/25/2007","55","","South DeKalb","13-089-0002","AQS"
"12/26/2007","49","","Yorkville, King Farm","13-223-0003","AQS"
"12/27/2007","58","","United Avenue","13-121-0055","AQS"
"12/28/2007","59","","South DeKalb","13-089-0002","AQS"
"12/29/2007","54","","E. Rivers School","13-121-0032","AQS"
"12/30/2007","58","","E. Rivers School","13-121-0032","AQS"
"12/31/2007","64","","E. Rivers School","13-121-0032","AQS"
"01/01/2008","57","","Gwinnett","13-135-0002","AQS"
"01/02/2008","39","","South DeKalb","13-089-0002","AQS"
"01/03/2008","58","","Kennesaw","13-067-0003","AQS"
"01/04/2008","71","","Kennesaw","13-067-0003","AQS"
"01/05/2008","67","","South DeKalb","13-089-0002","AQS"
"01/06/2008","65","","South DeKalb","13-089-0002","AQS"
"01/07/2008","57","","South DeKalb","13-089-0002","AQS"
"01/08/2008","51","","South DeKalb","13-089-0002","AQS"
"01/09/2008","57","","South DeKalb","13-089-0002","AQS"
"01/10/2008","57","","Gwinnett","13-135-0002","AQS"
"01/11/2008","48","","Doraville","13-089-2001","AQS"
"01/12/2008","58","","South DeKalb","13-089-0002","AQS"
"01/13/2008","67","","E. Rivers School","13-121-0032","AQS"
"01/14/2008","53","","Doraville","13-089-2001","AQS"
"01/15/2008","59","","E. Rivers School","13-121-0032","AQS"
"01/16/2008","63","","Doraville","13-089-2001","AQS"
"01/17/2008","58","","Doraville","13-089-2001","AQS"
"01/18/2008","58","","Doraville","13-089-2001","AQS"
"01/19/2008","55","","E. Rivers School","13-121-0032","AQS"
"01/20/2008","45","","Doraville","13-089-2001","AQS"
"01/21/2008","44","","Doraville","13-089-2001","AQS"
"01/22/2008","63","","Kennesaw","13-067-0003","AQS"
"01/23/2008","56","","E. Rivers School","13-121-0032","AQS"
"01/24/2008","60","","Doraville","13-089-2001","AQS"
"01/25/2008","57","","Kennesaw","13-067-0003","AQS"
"01/26/2008","56","","Doraville","13-089-2001","AQS"
"01/27/2008","63","","E. Rivers School","13-121-0032","AQS"
"01/28/2008","61","","Forest Park","13-063-0091","AQS"
"01/29/2008","55","","South DeKalb","13-089-0002","AQS"
"01/30/2008","38","","United Avenue","13-121-0055","AQS"
"01/31/2008","52","","South DeKalb","13-089-0002","AQS"
"02/01/2008","42","","South DeKalb","13-089-0002","AQS"
"02/02/2008","60","","E. Rivers School","13-121-0032","AQS"
"02/03/2008","68","","United Avenue","13-121-0055","AQS"
"02/04/2008","63","","Doraville","13-089-2001","AQS"
"02/05/2008","76","","E. Rivers School","13-121-0032","AQS"
"02/06/2008","45","","United Avenue","13-121-0055","AQS"
"02/07/2008","52","","United Avenue","13-121-0055","AQS"
"02/08/2008","64","","United Avenue","13-121-0055","AQS"
"02/09/2008","65","","United Avenue","13-121-0055","AQS"
"02/10/2008","40","","United Avenue","13-121-0055","AQS"
"02/11/2008","55","","United Avenue","13-121-0055","AQS"
"02/12/2008","75","","United Avenue","13-121-0055","AQS"
"02/13/2008","55","","South DeKalb","13-089-0002","AQS"
"02/14/2008","62","","United Avenue","13-121-0055","AQS"
"02/15/2008","72","","South DeKalb","13-089-0002","AQS"
"02/16/2008","67","","Newnan","13-077-0002","AQS"
"02/17/2008","73","","South DeKalb","13-089-0002","AQS"
"02/18/2008","38","","United Avenue","13-121-0055","AQS"
"02/19/2008","44","","South DeKalb","13-089-0002","AQS"
"02/20/2008","60","","South DeKalb","13-089-0002","AQS"
"02/21/2008","73","","Doraville","13-089-2001","AQS"
"02/22/2008","58","","Doraville","13-089-2001","AQS"
"02/23/2008","60","","Doraville","13-089-2001","AQS"
"02/24/2008","59","","United Avenue","13-121-0055","AQS"
"02/25/2008","74","","United Avenue","13-121-0055","AQS"
"02/26/2008","60","","United Avenue","13-121-0055","AQS"
"02/27/2008","53","","United Avenue","13-121-0055","AQS"
"02/28/2008","54","","United Avenue","13-121-0055","AQS"
"02/29/2008","73","","Not Available","13-297-0001","AQS"
"03/01/2008","64","","United Avenue","13-121-0055","AQS"
"03/02/2008","58","","Newnan","13-077-0002","AQS"
"03/03/2008","60","","United Avenue","13-121-0055","AQS"
"03/04/2008","90","","South DeKalb","13-089-0002","AQS"
"03/05/2008","54","","South DeKalb","13-089-0002","AQS"
"03/06/2008","58","","South DeKalb","13-089-0002","AQS"
"03/07/2008","58","","Yorkville, King Farm","13-223-0003","AQS"
"03/08/2008","52","","United Avenue","13-121-0055","AQS"
"03/09/2008","58","","South DeKalb","13-089-0002","AQS"
"03/10/2008","71","","Forest Park","13-063-0091","AQS"
"03/11/2008","75","","South DeKalb","13-089-0002","AQS"
"03/12/2008","64","","Newnan","13-077-0002","AQS"
"03/13/2008","93","","Newnan","13-077-0002","AQS"
"03/14/2008","76","","United Avenue","13-121-0055","AQS"
"03/15/2008","56","","South DeKalb","13-089-0002","AQS"
"03/16/2008","54","","South DeKalb","13-089-0002","AQS"
"03/17/2008","64","","Yorkville, King Farm","13-223-0003","AQS"
"03/18/2008","69","","United Avenue","13-121-0055","AQS"
"03/19/2008","61","","United Avenue","13-121-0055","AQS"
"03/20/2008","53","","United Avenue","13-121-0055","AQS"
"03/21/2008","61","","South DeKalb","13-089-0002","AQS"
"03/22/2008","72","","United Avenue","13-121-0055","AQS"
"03/23/2008","63","","South DeKalb","13-089-0002","AQS"
"03/24/2008","56","","South DeKalb","13-089-0002","AQS"
"03/25/2008","63","","South DeKalb","13-089-0002","AQS"
"03/26/2008","92","","United Avenue","13-121-0055","AQS"
"03/27/2008","82","","United Avenue","13-121-0055","AQS"
"03/28/2008","77","","United Avenue","13-121-0055","AQS"
"03/29/2008","70","","United Avenue","13-121-0055","AQS"
"03/30/2008","63","","Doraville","13-089-2001","AQS"
"03/31/2008","63","","Yorkville, King Farm","13-223-0003","AQS"
"04/01/2008","60","","United Avenue","13-121-0055","AQS"
"04/02/2008","56","","United Avenue","13-121-0055","AQS"
"04/03/2008","68","","Doraville","13-089-2001","AQS"
"04/04/2008","53","","Doraville","13-089-2001","AQS"
"04/05/2008","40","","South DeKalb","13-089-0002","AQS"
"04/06/2008","74","","South DeKalb","13-089-0002","AQS"
"04/07/2008","66","","Doraville","13-089-2001","AQS"
"04/08/2008","58","","United Avenue","13-121-0055","AQS"
"04/09/2008","63","","MACLAND AQUATIC CENTER","13-067-0004","AQS"
"04/10/2008","72","","United Avenue","13-121-0055","AQS"
"04/11/2008","62","","McDonough","13-151-0002","AQS"
"04/12/2008","49","","United Avenue","13-121-0055","AQS"
"04/13/2008","41","","United Avenue","13-121-0055","AQS"
"04/14/2008","46","","United Avenue","13-121-0055","AQS"
"04/15/2008","58","","United Avenue","13-121-0055","AQS"
"04/16/2008","72","","South DeKalb","13-089-0002","AQS"
"04/17/2008","82","","United Avenue","13-121-0055","AQS"
"04/18/2008","77","","United Avenue","13-121-0055","AQS"
"04/19/2008","58","","United Avenue","13-121-0055","AQS"
"04/20/2008","56","","South DeKalb","13-089-0002","AQS"
"04/21/2008","59","","South DeKalb","13-089-0002","AQS"
"04/22/2008","63","","South DeKalb","13-089-0002","AQS"
"04/23/2008","56","","Yorkville, King Farm","13-223-0003","AQS"
"04/24/2008","65","","McDonough","13-151-0002","AQS"
"04/25/2008","61","","United Avenue","13-121-0055","AQS"
"04/26/2008","62","","United Avenue","13-121-0055","AQS"
"04/27/2008","61","","Forest Park","13-063-0091","AQS"
"04/28/2008","59","","South DeKalb","13-089-0002","AQS"
"04/29/2008","56","","United Avenue","13-121-0055","AQS"
"04/30/2008","68","","United Avenue","13-121-0055","AQS"
"05/01/2008","75","","United Avenue","13-121-0055","AQS"
"05/02/2008","66","","United Avenue","13-121-0055","AQS"
"05/03/2008","61","","United Avenue","13-121-0055","AQS"
"05/04/2008","62","","United Avenue","13-121-0055","AQS"
"05/05/2008","57","","South DeKalb","13-089-0002","AQS"
"05/06/2008","65","","United Avenue","13-121-0055","AQS"
"05/07/2008","78","","United Avenue","13-121-0055","AQS"
"05/08/2008","75","","United Avenue","13-121-0055","AQS"
"05/09/2008","66","","South DeKalb","13-089-0002","AQS"
"05/10/2008","82","","Newnan","13-077-0002","AQS"
"05/11/2008","59","","United Avenue","13-121-0055","AQS"
"05/12/2008","63","","Gwinnett","13-135-0002","AQS"
"05/13/2008","64","","South DeKalb","13-089-0002","AQS"
"05/14/2008","69","","United Avenue","13-121-0055","AQS"
"05/15/2008","87","","South DeKalb","13-089-0002","AQS"
"05/16/2008","54","","South DeKalb","13-089-0002","AQS"
"05/17/2008","61","","United Avenue","13-121-0055","AQS"
"05/18/2008","62","","United Avenue","13-121-0055","AQS"
"05/19/2008","60","","United Avenue","13-121-0055","AQS"
"05/20/2008","72","","United Avenue","13-121-0055","AQS"
"05/21/2008","64","","South DeKalb","13-089-0002","AQS"
"05/22/2008","80","","South DeKalb","13-089-0002","AQS"
"05/23/2008","87","","United Avenue","13-121-0055","AQS"
"05/24/2008","72","","United Avenue","13-121-0055","AQS"
"05/25/2008","71","","United Avenue","13-121-0055","AQS"
"05/26/2008","79","","McDonough","13-151-0002","AQS"
"05/27/2008","80","","Gwinnett","13-135-0002","AQS"
"05/28/2008","74","","United Avenue","13-121-0055","AQS"
"05/29/2008","74","","United Avenue","13-121-0055","AQS"
"05/30/2008","92","","South DeKalb","13-089-0002","AQS"
"05/31/2008","83","","United Avenue","13-121-0055","AQS"
"06/01/2008","77","","Newnan","13-077-0002","AQS"
"06/02/2008","73","","Forest Park","13-063-0091","AQS"
"06/03/2008","100","","Gwinnett","13-135-0002","AQS"
"06/04/2008","75","","United Avenue","13-121-0055","AQS"
"06/05/2008","62","","Kennesaw","13-067-0003","AQS"
"06/06/2008","74","","United Avenue","13-121-0055","AQS"
"06/07/2008","82","","United Avenue","13-121-0055","AQS"
"06/08/2008","99","","Gwinnett","13-135-0002","AQS"
"06/09/2008","85","","Yorkville, King Farm","13-223-0003","AQS"
"06/10/2008","76","","Doraville","13-089-2001","AQS"
"06/11/2008","90","","Newnan","13-077-0002","AQS"
"06/12/2008","71","","United Avenue","13-121-0055","AQS"
"06/13/2008","65","","United Avenue","13-121-0055","AQS"
"06/14/2008","65","","Gwinnett","13-135-0002","AQS"
"06/15/2008","63","","United Avenue","13-121-0055","AQS"
"06/16/2008","80","","United Avenue","13-121-0055","AQS"
"06/17/2008","74","","United Avenue","13-121-0055","AQS"
"06/18/2008","61","","United Avenue","13-121-0055","AQS"
"06/19/2008","67","","United Avenue","13-121-0055","AQS"
"06/20/2008","85","","Kennesaw","13-067-0003","AQS"
"06/21/2008","90","","United Avenue","13-121-0055","AQS"
"06/22/2008","108","","United Avenue","13-121-0055","AQS"
"06/23/2008","81","","United Avenue","13-121-0055","AQS"
"06/24/2008","77","","United Avenue","13-121-0055","AQS"
"06/25/2008","80","","United Avenue","13-121-0055","AQS"
"06/26/2008","84","","United Avenue","13-121-0055","AQS"
"06/27/2008","66","","Gwinnett","13-135-0002","AQS"
"06/28/2008","59","","United Avenue","13-121-0055","AQS"
"06/29/2008","65","","United Avenue","13-121-0055","AQS"
"06/30/2008","56","","United Avenue","13-121-0055","AQS"
"07/01/2008","55","","United Avenue","13-121-0055","AQS"
"07/02/2008","73","","Gwinnett","13-135-0002","AQS"
"07/03/2008","88","","Gwinnett","13-135-0002","AQS"
"07/04/2008","85","","Gwinnett","13-135-0002","AQS"
"07/05/2008","73","","Gwinnett","13-135-0002","AQS"
"07/06/2008","61","","United Avenue","13-121-0055","AQS"
"07/07/2008","73","","United Avenue","13-121-0055","AQS"
"07/08/2008","73","","Gwinnett","13-135-0002","AQS"
"07/09/2008","75","","Gwinnett","13-135-0002","AQS"
"07/10/2008","67","","Gwinnett","13-135-0002","AQS"
"07/11/2008","68","","United Avenue","13-121-0055","AQS"
"07/12/2008","70","","United Avenue","13-121-0055","AQS"
"07/13/2008","62","","Not Available","13-297-0001","AQS"
"07/14/2008","60","","United Avenue","13-121-0055","AQS"
"07/15/2008","73","","United Avenue","13-121-0055","AQS"
"07/16/2008","84","","Newnan","13-077-0002","AQS"
"07/17/2008","119","","Gwinnett","13-135-0002","AQS"
"07/18/2008","99","","McDonough","13-151-0002","AQS"
"07/19/2008","94","","United Avenue","13-121-0055","AQS"
"07/20/2008","132","","Newnan","13-077-0002","AQS"
"07/21/2008","116","","Gwinnett","13-135-0002","AQS"
"07/22/2008","83","","United Avenue","13-121-0055","AQS"
"07/23/2008","78","","United Avenue","13-121-0055","AQS"
"07/24/2008","71","","Not Available","13-297-0001","AQS"
"07/25/2008","88","","Newnan","13-077-0002","AQS"
"07/26/2008","83","","Not Available","13-297-0001","AQS"
"07/27/2008","86","","Newnan","13-077-0002","AQS"
"07/28/2008","107","","United Avenue","13-121-0055","AQS"
"07/29/2008","98","","United Avenue","13-121-0055","AQS"
"07/30/2008","77","","Gwinnett","13-135-0002","AQS"
"07/31/2008","67","","Gwinnett","13-135-0002","AQS"
"08/01/2008","80","","Gwinnett","13-135-0002","AQS"
"08/02/2008","86","","United Avenue","13-121-0055","AQS"
"08/03/2008","74","","Not Available","13-297-0001","AQS"
"08/04/2008","87","","United Avenue","13-121-0055","AQS"
"08/05/2008","88","","Gwinnett","13-135-0002","AQS"
"08/06/2008","95","","United Avenue","13-121-0055","AQS"
"08/07/2008","67","","Gwinnett","13-135-0002","AQS"
"08/08/2008","63","","McDonough","13-151-0002","AQS"
"08/09/2008","76","","Gwinnett","13-135-0002","AQS"
"08/10/2008","78","","United Avenue","13-121-0055","AQS"
"08/11/2008","85","","Newnan","13-077-0002","AQS"
"08/12/2008","84","","Newnan","13-077-0002","AQS"
"08/13/2008","85","","Yorkville, King Farm","13-223-0003","AQS"
"08/14/2008","82","","Yorkville, King Farm","13-223-0003","AQS"
"08/15/2008","99","","United Avenue","13-121-0055","AQS"
"08/16/2008","90","","Gwinnett","13-135-0002","AQS"
"08/17/2008","98","","Newnan","13-077-0002","AQS"
"08/18/2008","90","","United Avenue","13-121-0055","AQS"
"08/19/2008","86","","United Avenue","13-121-0055","AQS"
"08/20/2008","72","","United Avenue","13-121-0055","AQS"
"08/21/2008","58","","United Avenue","13-121-0055","AQS"
"08/22/2008","67","","United Avenue","13-121-0055","AQS"
"08/23/2008","54","","United Avenue","13-121-0055","AQS"
"08/24/2008","52","","United Avenue","13-121-0055","AQS"
"08/25/2008","52","","Gwinnett","13-135-0002","AQS"
"08/26/2008","50","","Gwinnett","13-135-0002","AQS"
"08/27/2008","45","","Gwinnett","13-135-0002","AQS"
"08/28/2008","61","","United Avenue","13-121-0055","AQS"
"08/29/2008","75","","Yorkville, King Farm","13-223-0003","AQS"
"08/30/2008","79","","United Avenue","13-121-0055","AQS"
"08/31/2008","60","","Yorkville, King Farm","13-223-0003","AQS"
"09/01/2008","61","","United Avenue","13-121-0055","AQS"
"09/02/2008","78","","United Avenue","13-121-0055","AQS"
"09/03/2008","75","","South DeKalb","13-089-0002","AQS"
"09/04/2008","69","","Gwinnett","13-135-0002","AQS"
"09/05/2008","61","","Gwinnett","13-135-0002","AQS"
"09/06/2008","79","","United Avenue","13-121-0055","AQS"
"09/07/2008","64","","United Avenue","13-121-0055","AQS"
"09/08/2008","77","","McDonough","13-151-0002","AQS"
"09/09/2008","66","","United Avenue","13-121-0055","AQS"
"09/10/2008","59","","United Avenue","13-121-0055","AQS"
"09/11/2008","55","","United Avenue","13-121-0055","AQS"
"09/12/2008","54","","Kennesaw","13-067-0003","AQS"
"09/13/2008","57","","Yorkville, King Farm","13-223-0003","AQS"
"09/14/2008","52","","United Avenue","13-121-0055","AQS"
"09/15/2008","55","","United Avenue","13-121-0055","AQS"
"09/16/2008","60","","United Avenue","13-121-0055","AQS"
"09/17/2008","62","","United Avenue","13-121-0055","AQS"
"09/18/2008","65","","United Avenue","13-121-0055","AQS"
"09/19/2008","67","","United Avenue","13-121-0055","AQS"
"09/20/2008","62","","United Avenue","13-121-0055","AQS"
"09/21/2008","61","","Georgia Tech, Ford Environmental Science and Technology Bldg, roof","13-121-0048","AQS"
"09/22/2008","56","","United Avenue","13-121-0055","AQS"
"09/23/2008","72","","United Avenue","13-121-0055","AQS"
"09/24/2008","64","","United Avenue","13-121-0055","AQS"
"09/25/2008","51","","United Avenue","13-121-0055","AQS"
"09/26/2008","56","","United Avenue","13-121-0055","AQS"
"09/27/2008","58","","United Avenue","13-121-0055","AQS"
"09/28/2008","118","","South DeKalb","13-089-0002","AQS"
"09/29/2008","78","","United Avenue","13-121-0055","AQS"
"09/30/2008","75","","United Avenue","13-121-0055","AQS"
"10/01/2008","63","","United Avenue","13-121-0055","AQS"
"10/02/2008","63","","United Avenue","13-121-0055","AQS"
"10/03/2008","77","","United Avenue","13-121-0055","AQS"
"10/04/2008","93","","United Avenue","13-121-0055","AQS"
"10/05/2008","91","","United Avenue","13-121-0055","AQS"
"10/06/2008","89","","Kennesaw","13-067-0003","AQS"
"10/07/2008","155","","Kennesaw","13-067-0003","AQS"
"10/08/2008","54","","United Avenue","13-121-0055","AQS"
"10/09/2008","58","","Newnan","13-077-0002","AQS"
"10/10/2008","58","","Newnan","13-077-0002","AQS"
"10/11/2008","56","","United Avenue","13-121-0055","AQS"
"10/12/2008","51","","United Avenue","13-121-0055","AQS"
"10/13/2008","53","","Yorkville, King Farm","13-223-0003","AQS"
"10/14/2008","58","","South DeKalb","13-089-0002","AQS"
"10/15/2008","63","","Kennesaw","13-067-0003","AQS"
"10/16/2008","65","","Newnan","13-077-0002","AQS"
"10/17/2008","63","","Newnan","13-077-0002","AQS"
"10/18/2008","58","","United Avenue","13-121-0055","AQS"
"10/19/2008","63","","United Avenue","13-121-0055","AQS"
"10/20/2008","55","","Kennesaw","13-067-0003","AQS"
"10/21/2008","69","","United Avenue","13-121-0055","AQS"
"10/22/2008","65","","United Avenue","13-121-0055","AQS"
"10/23/2008","49","","United Avenue","13-121-0055","AQS"
"10/24/2008","51","","Kennesaw","13-067-0003","AQS"
"10/25/2008","39","","United Avenue","13-121-0055","AQS"
"10/26/2008","53","","United Avenue","13-121-0055","AQS"
"10/27/2008","40","","United Avenue","13-121-0055","AQS"
"10/28/2008","43","","United Avenue","13-121-0055","AQS"
"10/29/2008","44","","United Avenue","13-121-0055","AQS"
"10/30/2008","58","","South DeKalb","13-089-0002","AQS"
"10/31/2008","65","","United Avenue","13-121-0055","AQS"
"11/01/2008","76","","United Avenue","13-121-0055","AQS"
"11/02/2008","80","","United Avenue","13-121-0055","AQS"
"11/03/2008","62","","United Avenue","13-121-0055","AQS"
"11/04/2008","55","","United Avenue","13-121-0055","AQS"
"11/05/2008","211","","Georgia Tech, Ford Environmental Science and Technology Bldg, roof","13-121-0048","AQS"
"11/06/2008","72","","Doraville","13-089-2001","AQS"
"11/07/2008","65","","United Avenue","13-121-0055","AQS"
"11/08/2008","52","","South DeKalb","13-089-0002","AQS"
"11/09/2008","52","","United Avenue","13-121-0055","AQS"
"11/10/2008","59","","United Avenue","13-121-0055","AQS"
"11/11/2008","68","","South DeKalb","13-089-0002","AQS"
"11/12/2008","64","","United Avenue","13-121-0055","AQS"
"11/13/2008","83","","Kennesaw","13-067-0003","AQS"
"11/14/2008","63","","Kennesaw","13-067-0003","AQS"
"11/15/2008","27","","United Avenue","13-121-0055","AQS"
"11/16/2008","37","","United Avenue","13-121-0055","AQS"
"11/17/2008","48","","United Avenue","13-121-0055","AQS"
"11/18/2008","42","","United Avenue","13-121-0055","AQS"
"11/19/2008","49","","Doraville","13-089-2001","AQS"
"11/20/2008","64","","United Avenue","13-121-0055","AQS"
"11/21/2008","58","","United Avenue","13-121-0055","AQS"
"11/22/2008","61","","Kennesaw","13-067-0003","AQS"
"11/23/2008","63","","South DeKalb","13-089-0002","AQS"
"11/24/2008","61","","Kennesaw","13-067-0003","AQS"
"11/25/2008","51","","United Avenue","13-121-0055","AQS"
"11/26/2008","88","","Kennesaw","13-067-0003","AQS"
"11/27/2008","67","","Kennesaw","13-067-0003","AQS"
"11/28/2008","79","","Doraville","13-089-2001","AQS"
"11/29/2008","112","","E. Rivers School","13-121-0032","AQS"
"11/30/2008","44","","E. Rivers School","13-121-0032","AQS"
"12/01/2008","51","","United Avenue","13-121-0055","AQS"
"12/02/2008","60","","Fire Station #8","13-121-0039","AQS"
"12/03/2008","76","","E. Rivers School","13-121-0032","AQS"
"12/04/2008","60","","United Avenue","13-121-0055","AQS"
"12/05/2008","56","","Kennesaw","13-067-0003","AQS"
"12/06/2008","64","","Kennesaw","13-067-0003","AQS"
"12/07/2008","51","","Kennesaw","13-067-0003","AQS"
"12/08/2008","61","","Fire Station #8","13-121-0039","AQS"
"12/09/2008","57","","Kennesaw","13-067-0003","AQS"
"12/10/2008","48","","Doraville","13-089-2001","AQS"
"12/11/2008","57","","Georgia Tech, Ford Environmental Science and Technology Bldg, roof","13-121-0048","AQS"
"12/12/2008","39","","United Avenue","13-121-0055","AQS"
"12/13/2008","54","","United Avenue","13-121-0055","AQS"
"12/14/2008","56","","Kennesaw","13-067-0003","AQS"
"12/15/2008","74","","Kennesaw","13-067-0003","AQS"
"12/16/2008","66","","United Avenue","13-121-0055","AQS"
"12/17/2008","54","","United Avenue","13-121-0055","AQS"
"12/18/2008","53","","United Avenue","13-121-0055","AQS"
"12/19/2008","56","","E. Rivers School","13-121-0032","AQS"
"12/20/2008","57","","United Avenue","13-121-0055","AQS"
"12/21/2008","46","","United Avenue","13-121-0055","AQS"
"12/22/2008","55","","E. Rivers School","13-121-0032","AQS"
"12/23/2008","90","","E. Rivers School","13-121-0032","AQS"
"12/24/2008","53","","United Avenue","13-121-0055","AQS"
"12/25/2008","47","","E. Rivers School","13-121-0032","AQS"
"12/26/2008","61","","Yorkville, King Farm","13-223-0003","AQS"
"12/27/2008","46","","Doraville","13-089-2001","AQS"
"12/28/2008","34","","United Avenue","13-121-0055","AQS"
"12/29/2008","38","","United Avenue","13-121-0055","AQS"
"12/30/2008","44","","South DeKalb","13-089-0002","AQS"
"12/31/2008","48","","United Avenue","13-121-0055","AQS"
"01/01/2009","55","","South DeKalb","13-089-0002","AQS"
"01/02/2009","57","","E. Rivers School","13-121-0032","AQS"
"01/03/2009","71","","E. Rivers School","13-121-0032","AQS"
"01/04/2009","53","","Doraville","13-089-2001","AQS"
"01/05/2009","51","","South DeKalb","13-089-0002","AQS"
"01/06/2009","41","","United Avenue","13-121-0055","AQS"
"01/07/2009","32","","Yorkville, King Farm","13-223-0003","AQS"
"01/08/2009","36","","United Avenue","13-121-0055","AQS"
"01/09/2009","49","","United Avenue","13-121-0055","AQS"
"01/10/2009","62","","United Avenue","13-121-0055","AQS"
"01/11/2009","60","","United Avenue","13-121-0055","AQS"
"01/12/2009","58","","United Avenue","13-121-0055","AQS"
"01/13/2009","61","","South DeKalb","13-089-0002","AQS"
"01/14/2009","52","","United Avenue","13-121-0055","AQS"
"01/15/2009","46","","United Avenue","13-121-0055","AQS"
"01/16/2009","46","","Forest Park","13-063-0091","AQS"
"01/17/2009","57","","Doraville","13-089-2001","AQS"
"01/18/2009","53","","Doraville","13-089-2001","AQS"
"01/19/2009","54","","Gwinnett","13-135-0002","AQS"
"01/20/2009","59","","United Avenue","13-121-0055","AQS"
"01/21/2009","75","","E. Rivers School","13-121-0032","AQS"
"01/22/2009","78","","Yorkville, King Farm","13-223-0003","AQS"
"01/23/2009","69","","Kennesaw","13-067-0003","AQS"
"01/24/2009","63","","Kennesaw","13-067-0003","AQS"
"01/25/2009","85","","Kennesaw","13-067-0003","AQS"
"01/26/2009","81","","Doraville","13-089-2001","AQS"
"01/27/2009","68","","Kennesaw","13-067-0003","AQS"
"01/28/2009","54","","South DeKalb","13-089-0002","AQS"
"01/29/2009","53","","United Avenue","13-121-0055","AQS"
"01/30/2009","58","","Kennesaw","13-067-0003","AQS"
"01/31/2009","58","","E. Rivers School","13-121-0032","AQS"
"02/01/2009","72","","E. Rivers School","13-121-0032","AQS"
"02/02/2009","65","","United Avenue","13-121-0055","AQS"
"02/03/2009","33","","Forest Park","13-063-0091","AQS"
"02/04/2009","86","","South DeKalb","13-089-0002","AQS"
"02/05/2009","65","","E. Rivers School","13-121-0032","AQS"
"02/06/2009","73","","South DeKalb","13-089-0002","AQS"
"02/07/2009","87","","Doraville","13-089-2001","AQS"
"02/08/2009","69","","United Avenue","13-121-0055","AQS"
"02/09/2009","93","","South DeKalb","13-089-0002","AQS"
"02/10/2009","81","","United Avenue","13-121-0055","AQS"
"02/11/2009","61","","United Avenue","13-121-0055","AQS"
"02/12/2009","37","","United Avenue","13-121-0055","AQS"
"02/13/2009","142","","South DeKalb","13-089-0002","AQS"
"02/14/2009","70","","United Avenue","13-121-0055","AQS"
"02/15/2009","63","","United Avenue","13-121-0055","AQS"
"02/16/2009","52","","Kennesaw","13-067-0003","AQS"
"02/17/2009","60","","United Avenue","13-121-0055","AQS"
"02/18/2009","70","","Gwinnett","13-135-0002","AQS"
"02/19/2009","54","","United Avenue","13-121-0055","AQS"
"02/20/2009","50","","E. Rivers School","13-121-0032","AQS"
"02/21/2009","61","","Fire Station #8","13-121-0039","AQS"
"02/22/2009","56","","United Avenue","13-121-0055","AQS"
"02/23/2009","48","","Kennesaw","13-067-0003","AQS"
"02/24/2009","81","","McDonough","13-151-0002","AQS"
"02/25/2009","96","","United Avenue","13-121-0055","AQS"
"02/26/2009","69","","Doraville","13-089-2001","AQS"
"02/27/2009","59","","Doraville","13-089-2001","AQS"
"02/28/2009","21","","Doraville","13-089-2001","AQS"
"03/01/2009","29","","Doraville","13-089-2001","AQS"
"03/02/2009","51","","Doraville","13-089-2001","AQS"
"03/03/2009","52","","United Avenue","13-121-0055","AQS"
"03/04/2009","61","","E. Rivers School","13-121-0032","AQS"
"03/05/2009","78","","Newnan","13-077-0002","AQS"
"03/06/2009","69","","United Avenue","13-121-0055","AQS"
"03/07/2009","66","","United Avenue","13-121-0055","AQS"
"03/08/2009","65","","United Avenue","13-121-0055","AQS"
"03/09/2009","67","","United Avenue","13-121-0055","AQS"
"03/10/2009","70","","United Avenue","13-121-0055","AQS"
"03/11/2009","67","","Fire Station #8","13-121-0039","AQS"
"03/12/2009","52","","United Avenue","13-121-0055","AQS"
"03/13/2009","64","","United Avenue","13-121-0055","AQS"
"03/14/2009","52","","South DeKalb","13-089-0002","AQS"
"03/15/2009","27","","United Avenue","13-121-0055","AQS"
"03/16/2009","41","","Doraville","13-089-2001","AQS"
"03/17/2009","54","","Forest Park","13-063-0091","AQS"
"03/18/2009","65","","United Avenue","13-121-0055","AQS"
"03/19/2009","67","","United Avenue","13-121-0055","AQS"
"03/20/2009","106","","Doraville","13-089-2001","AQS"
"03/21/2009","58","","United Avenue","13-121-0055","AQS"
"03/22/2009","66","","United Avenue","13-121-0055","AQS"
"03/23/2009","71","","MACLAND AQUATIC CENTER","13-067-0004","AQS"
"03/24/2009","69","","Gwinnett","13-135-0002","AQS"
"03/25/2009","56","","Doraville","13-089-2001","AQS"
"03/26/2009","55","","South DeKalb","13-089-0002","AQS"
"03/27/2009","31","","United Avenue","13-121-0055","AQS"
"03/28/2009","33","","United Avenue","13-121-0055","AQS"
"03/29/2009","51","","Forest Park","13-063-0091","AQS"
"03/30/2009","53","","United Avenue","13-121-0055","AQS"
"03/31/2009","60","","Doraville","13-089-2001","AQS"
"04/01/2009","55","","South DeKalb","13-089-0002","AQS"
"04/02/2009","58","","South DeKalb","13-089-0002","AQS"
"04/03/2009","60","","Newnan","13-077-0002","AQS"
"04/04/2009","64","","Fire Station #8","13-121-0039","AQS"
"04/05/2009","69","","United Avenue","13-121-0055","AQS"
"04/06/2009","52","","South DeKalb","13-089-0002","AQS"
"04/07/2009","39","","United Avenue","13-121-0055","AQS"
"04/08/2009","54","","United Avenue","13-121-0055","AQS"
"04/09/2009","64","","United Avenue","13-121-0055","AQS"
"04/10/2009","59","","United Avenue","13-121-0055","AQS"
"04/11/2009","64","","United Avenue","13-121-0055","AQS"
"04/12/2009","63","","United Avenue","13-121-0055","AQS"
"04/13/2009","64","","South DeKalb","13-089-0002","AQS"
"04/14/2009","42","","United Avenue","13-121-0055","AQS"
"04/15/2009","55","","United Avenue","13-121-0055","AQS"
"04/16/2009","59","","United Avenue","13-121-0055","AQS"
"04/17/2009","56","","United Avenue","13-121-0055","AQS"
"04/18/2009","61","","Kennesaw","13-067-0003","AQS"
"04/19/2009","66","","MACLAND AQUATIC CENTER","13-067-0004","AQS"
"04/20/2009","45","","United Avenue","13-121-0055","AQS"
"04/21/2009","52","","South DeKalb","13-089-0002","AQS"
"04/22/2009","52","","Fire Station #8","13-121-0039","AQS"
"04/23/2009","70","","United Avenue","13-121-0055","AQS"
"04/24/2009","61","","United Avenue","13-121-0055","AQS"
"04/25/2009","67","","United Avenue","13-121-0055","AQS"
"04/26/2009","58","","United Avenue","13-121-0055","AQS"
"04/27/2009","62","","United Avenue","13-121-0055","AQS"
"04/28/2009","58","","Fire Station #8","13-121-0039","AQS"
"04/29/2009","63","","United Avenue","13-121-0055","AQS"
"04/30/2009","61","","United Avenue","13-121-0055","AQS"
"05/01/2009","58","","United Avenue","13-121-0055","AQS"
"05/02/2009","52","","Doraville","13-089-2001","AQS"
"05/03/2009","52","","United Avenue","13-121-0055","AQS"
"05/04/2009","49","","United Avenue","13-121-0055","AQS"
"05/05/2009","58","","United Avenue","13-121-0055","AQS"
"05/06/2009","53","","United Avenue","13-121-0055","AQS"
"05/07/2009","59","","Gwinnett","13-135-0002","AQS"
"05/08/2009","66","","United Avenue","13-121-0055","AQS"
"05/09/2009","72","","United Avenue","13-121-0055","AQS"
"05/10/2009","54","","United Avenue","13-121-0055","AQS"
"05/11/2009","59","","United Avenue","13-121-0055","AQS"
"05/12/2009","55","","United Avenue","13-121-0055","AQS"
"05/13/2009","58","","United Avenue","13-121-0055","AQS"
"05/14/2009","63","","United Avenue","13-121-0055","AQS"
"05/15/2009","60","","Newnan","13-077-0002","AQS"
"05/16/2009","48","","United Avenue","13-121-0055","AQS"
"05/17/2009","43","","United Avenue","13-121-0055","AQS"
"05/18/2009","52","","United Avenue","13-121-0055","AQS"
"05/19/2009","45","","United Avenue","13-121-0055","AQS"
"05/20/2009","47","","United Avenue","13-121-0055","AQS"
"05/21/2009","49","","United Avenue","13-121-0055","AQS"
"05/22/2009","44","","Doraville","13-089-2001","AQS"
"05/23/2009","41","","E. Rivers School","13-121-0032","AQS"
"05/24/2009","44","","United Avenue","13-121-0055","AQS"
"05/25/2009","57","","South DeKalb","13-089-0002","AQS"
"05/26/2009","52","","United Avenue","13-121-0055","AQS"
"05/27/2009","52","","E. Rivers School","13-121-0032","AQS"
"05/28/2009","63","","United Avenue","13-121-0055","AQS"
"05/29/2009","56","","United Avenue","13-121-0055","AQS"
"05/30/2009","60","","United Avenue","13-121-0055","AQS"
"05/31/2009","63","","United Avenue","13-121-0055","AQS"
"06/01/2009","65","","United Avenue","13-121-0055","AQS"
"06/02/2009","73","","United Avenue","13-121-0055","AQS"
"06/03/2009","73","","United Avenue","13-121-0055","AQS"
"06/04/2009","56","","Kennesaw","13-067-0003","AQS"
"06/05/2009","58","","United Avenue","13-121-0055","AQS"
"06/06/2009","61","","Forest Park","13-063-0091","AQS"
"06/07/2009","56","","United Avenue","13-121-0055","AQS"
"06/08/2009","71","","United Avenue","13-121-0055","AQS"
"06/09/2009","97","","United Avenue","13-121-0055","AQS"
"06/10/2009","82","","United Avenue","13-121-0055","AQS"
"06/11/2009","65","","South DeKalb","13-089-0002","AQS"
"06/12/2009","67","","Gwinnett","13-135-0002","AQS"
"06/13/2009","57","","South DeKalb","13-089-0002","AQS"
"06/14/2009","66","","United Avenue","13-121-0055","AQS"
"06/15/2009","70","","United Avenue","13-121-0055","AQS"
"06/16/2009","65","","United Avenue","13-121-0055","AQS"
"06/17/2009","82","","United Avenue","13-121-0055","AQS"
"06/18/2009","75","","United Avenue","13-121-0055","AQS"
"06/19/2009","75","","United Avenue","13-121-0055","AQS"
"06/20/2009","69","","United Avenue","13-121-0055","AQS"
"06/21/2009","71","","United Avenue","13-121-0055","AQS"
"06/22/2009","67","","United Avenue","13-121-0055","AQS"
"06/23/2009","66","","Yorkville, King Farm","13-223-0003","AQS"
"06/24/2009","82","","Yorkville, King Farm","13-223-0003","AQS"
"06/25/2009","99","","South DeKalb","13-089-0002","AQS"
"06/26/2009","95","","Newnan","13-077-0002","AQS"
"06/27/2009","99","","McDonough","13-151-0002","AQS"
"06/28/2009","86","","United Avenue","13-121-0055","AQS"
"06/29/2009","60","","United Avenue","13-121-0055","AQS"
"06/30/2009","57","","United Avenue","13-121-0055","AQS"
"07/01/2009","60","","United Avenue","13-121-0055","AQS"
"07/02/2009","61","","United Avenue","13-121-0055","AQS"
"07/03/2009","63","","United Avenue","13-121-0055","AQS"
"07/04/2009","70","","United Avenue","13-121-0055","AQS"
"07/05/2009","96","","United Avenue","13-121-0055","AQS"
"07/06/2009","56","","United Avenue","13-121-0055","AQS"
"07/07/2009","64","","United Avenue","13-121-0055","AQS"
"07/08/2009","64","","Newnan","13-077-0002","AQS"
"07/09/2009","61","","United Avenue","13-121-0055","AQS"
"07/10/2009","65","","Newnan","13-077-0002","AQS"
"07/11/2009","65","","United Avenue","13-121-0055","AQS"
"07/12/2009","76","","Gwinnett","13-135-0002","AQS"
"07/13/2009","52","","United Avenue","13-121-0055","AQS"
"07/14/2009","61","","United Avenue","13-121-0055","AQS"
"07/15/2009","94","","United Avenue","13-121-0055","AQS"
"07/16/2009","79","","United Avenue","13-121-0055","AQS"
"07/17/2009","63","","United Avenue","13-121-0055","AQS"
"07/18/2009","67","","Gwinnett","13-135-0002","AQS"
"07/19/2009","57","","United Avenue","13-121-0055","AQS"
"07/20/2009","57","","United Avenue","13-121-0055","AQS"
"07/21/2009","69","","United Avenue","13-121-0055","AQS"
"07/22/2009","74","","United Avenue","13-121-0055","AQS"
"07/23/2009","78","","Gwinnett","13-135-0002","AQS"
"07/24/2009","67","","United Avenue","13-121-0055","AQS"
"07/25/2009","71","","United Avenue","13-121-0055","AQS"
"07/26/2009","86","","United Avenue","13-121-0055","AQS"
"07/27/2009","69","","South DeKalb","13-089-0002","AQS"
"07/28/2009","62","","United Avenue","13-121-0055","AQS"
"07/29/2009","58","","United Avenue","13-121-0055","AQS"
"07/30/2009","66","","United Avenue","13-121-0055","AQS"
"07/31/2009","57","","United Avenue","13-121-0055","AQS"
"08/01/2009","63","","United Avenue","13-121-0055","AQS"
"08/02/2009","56","","United Avenue","13-121-0055","AQS"
"08/03/2009","67","","United Avenue","13-121-0055","AQS"
"08/04/2009","77","","United Avenue","13-121-0055","AQS"
"08/05/2009","72","","South DeKalb","13-089-0002","AQS"
"08/06/2009","67","","United Avenue","13-121-0055","AQS"
"08/07/2009","87","","United Avenue","13-121-0055","AQS"
"08/08/2009","82","","United Avenue","13-121-0055","AQS"
"08/09/2009","79","","United Avenue","13-121-0055","AQS"
"08/10/2009","71","","United Avenue","13-121-0055","AQS"
"08/11/2009","70","","Yorkville, King Farm","13-223-0003","AQS"
"08/12/2009","53","","United Avenue","13-121-0055","AQS"
"08/13/2009","59","","Yorkville, King Farm","13-223-0003","AQS"
"08/14/2009","61","","Newnan","13-077-0002","AQS"
"08/15/2009","66","","Newnan","13-077-0002","AQS"
"08/16/2009","56","","United Avenue","13-121-0055","AQS"
"08/17/2009","56","","Gwinnett","13-135-0002","AQS"
"08/18/2009","51","","United Avenue","13-121-0055","AQS"
"08/19/2009","53","","United Avenue","13-121-0055","AQS"
"08/20/2009","53","","United Avenue","13-121-0055","AQS"
"08/21/2009","52","","United Avenue","13-121-0055","AQS"
"08/22/2009","52","","United Avenue","13-121-0055","AQS"
"08/23/2009","61","","United Avenue","13-121-0055","AQS"
"08/24/2009","72","","United Avenue","13-121-0055","AQS"
"08/25/2009","77","","United Avenue","13-121-0055","AQS"
"08/26/2009","69","","United Avenue","13-121-0055","AQS"
"08/27/2009","58","","United Avenue","13-121-0055","AQS"
"08/28/2009","37","","United Avenue","13-121-0055","AQS"
"08/29/2009","63","","United Avenue","13-121-0055","AQS"
"08/30/2009","70","","United Avenue","13-121-0055","AQS"
"08/31/2009","63","","Newnan","13-077-0002","AQS"
"09/01/2009","63","","United Avenue","13-121-0055","AQS"
"09/02/2009","63","","United Avenue","13-121-0055","AQS"
"09/03/2009","58","","United Avenue","13-121-0055","AQS"
"09/04/2009","70","","United Avenue","13-121-0055","AQS"
"09/05/2009","76","","United Avenue","13-121-0055","AQS"
"09/06/2009","77","","United Avenue","13-121-0055","AQS"
"09/07/2009","86","","United Avenue","13-121-0055","AQS"
"09/08/2009","104","","South DeKalb","13-089-0002","AQS"
"09/09/2009","102","","Newnan","13-077-0002","AQS"
"09/10/2009","66","","Yorkville, King Farm","13-223-0003","AQS"
"09/11/2009","75","","United Avenue","13-121-0055","AQS"
"09/12/2009","79","","United Avenue","13-121-0055","AQS"
"09/13/2009","75","","United Avenue","13-121-0055","AQS"
"09/14/2009","82","","United Avenue","13-121-0055","AQS"
"09/15/2009","86","","Kennesaw","13-067-0003","AQS"
"09/16/2009","58","","United Avenue","13-121-0055","AQS"
"09/17/2009","52","","Gwinnett","13-135-0002","AQS"
"09/18/2009","54","","South DeKalb","13-089-0002","AQS"
"09/19/2009","57","","South DeKalb","13-089-0002","AQS"
"09/20/2009","52","","United Avenue","13-121-0055","AQS"
"09/21/2009","40","","South DeKalb","13-089-0002","AQS"
"09/22/2009","56","","United Avenue","13-121-0055","AQS"
"09/23/2009","55","","South DeKalb","13-089-0002","AQS"
"09/24/2009","58","","Doraville","13-089-2001","AQS"
"09/25/2009","57","","Gwinnett","13-135-0002","AQS"
"09/26/2009","52","","United Avenue","13-121-0055","AQS"
"09/27/2009","47","","United Avenue","13-121-0055","AQS"
"09/28/2009","61","","South DeKalb","13-089-0002","AQS"
"09/29/2009","40","","South DeKalb","13-089-0002","AQS"
"09/30/2009","54","","South DeKalb","13-089-0002","AQS"
"10/01/2009","96","","E. Rivers School","13-121-0032","AQS"
"10/02/2009","67","","United Avenue","13-121-0055","AQS"
"10/03/2009","56","","South DeKalb","13-089-0002","AQS"
"10/04/2009","55","","United Avenue","13-121-0055","AQS"
"10/05/2009","24","","United Avenue","13-121-0055","AQS"
"10/06/2009","52","","United Avenue","13-121-0055","AQS"
"10/07/2009","54","","United Avenue","13-121-0055","AQS"
"10/08/2009","56","","United Avenue","13-121-0055","AQS"
"10/09/2009","55","","United Avenue","13-121-0055","AQS"
"10/10/2009","43","","South DeKalb","13-089-0002","AQS"
"10/11/2009","51","","United Avenue","13-121-0055","AQS"
"10/12/2009","33","","South DeKalb","13-089-0002","AQS"
"10/13/2009","47","","United Avenue","13-121-0055","AQS"
"10/14/2009","32","","South DeKalb","13-089-0002","AQS"
"10/15/2009","32","","United Avenue","13-121-0055","AQS"
"10/16/2009","38","","United Avenue","13-121-0055","AQS"
"10/17/2009","43","","United Avenue","13-121-0055","AQS"
"10/18/2009","49","","United Avenue","13-121-0055","AQS"
"10/19/2009","64","","Forest Park","13-063-0091","AQS"
"10/20/2009","69","","South DeKalb","13-089-0002","AQS"
"10/21/2009","67","","South DeKalb","13-089-0002","AQS"
"10/22/2009","60","","South DeKalb","13-089-0002","AQS"
"10/23/2009","42","","South DeKalb","13-089-0002","AQS"
"10/24/2009","37","","United Avenue","13-121-0055","AQS"
"10/25/2009","49","","United Avenue","13-121-0055","AQS"
"10/26/2009","54","","United Avenue","13-121-0055","AQS"
"10/27/2009","46","","South DeKalb","13-089-0002","AQS"
"10/28/2009","57","","Fire Station #8","13-121-0039","AQS"
"10/29/2009","66","","South DeKalb","13-089-0002","AQS"
"10/30/2009","63","","Gwinnett","13-135-0002","AQS"
"10/31/2009","41","","South DeKalb","13-089-0002","AQS"
"11/01/2009","47","","E. Rivers School","13-121-0032","AQS"
"11/02/2009","63","","South DeKalb","13-089-0002","AQS"
"11/03/2009","64","","Forest Park","13-063-0091","AQS"
"11/04/2009","64","","South DeKalb","13-089-0002","AQS"
"11/05/2009","58","","South DeKalb","13-089-0002","AQS"
"11/06/2009","62","","Fire Station #8","13-121-0039","AQS"
"11/07/2009","71","","E. Rivers School","13-121-0032","AQS"
"11/08/2009","79","","Kennesaw","13-067-0003","AQS"
"11/09/2009","67","","Doraville","13-089-2001","AQS"
"11/10/2009","42","","South DeKalb","13-089-0002","AQS"
"11/11/2009","25","","Kennesaw","13-067-0003","AQS"
"11/12/2009","48","","Forest Park","13-063-0091","AQS"
"11/13/2009","55","","United Avenue","13-121-0055","AQS"
"11/14/2009","65","","South DeKalb","13-089-0002","AQS"
"11/15/2009","74","","Fire Station #8","13-121-0039","AQS"
"11/16/2009","88","","E. Rivers School","13-121-0032","AQS"
"11/17/2009","83","","Gwinnett","13-135-0002","AQS"
"11/18/2009","71","","Doraville","13-089-2001","AQS"
"11/19/2009","82","","E. Rivers School","13-121-0032","AQS"
"11/20/2009","55","","South DeKalb","13-089-0002","AQS"
"11/21/2009","69","","E. Rivers School","13-121-0032","AQS"
"11/22/2009","56","","Doraville","13-089-2001","AQS"
"11/23/2009","42","","Doraville","13-089-2001","AQS"
"11/24/2009","58","","Doraville","13-089-2001","AQS"
"11/25/2009","62","","E. Rivers School","13-121-0032","AQS"
"11/26/2009","51","","South DeKalb","13-089-0002","AQS"
"11/27/2009","59","","Gwinnett","13-135-0002","AQS"
"11/28/2009","59","","Kennesaw","13-067-0003","AQS"
"11/29/2009","61","","Kennesaw","13-067-0003","AQS"
"11/30/2009","52","","Forest Park","13-063-0091","AQS"
"12/01/2009","42","","United Avenue","13-121-0055","AQS"
"12/02/2009","28","","South DeKalb","13-089-0002","AQS"
"12/03/2009","42","","United Avenue","13-121-0055","AQS"
"12/04/2009","61","","E. Rivers School","13-121-0032","AQS"
"12/05/2009","61","","E. Rivers School","13-121-0032","AQS"
"12/06/2009","63","","South DeKalb","13-089-0002","AQS"
"12/07/2009","76","","Doraville","13-089-2001","AQS"
"12/08/2009","61","","Kennesaw","13-067-0003","AQS"
"12/09/2009","32","","United Avenue","13-121-0055","AQS"
"12/10/2009","52","","United Avenue","13-121-0055","AQS"
"12/11/2009","40","","United Avenue","13-121-0055","AQS"
"12/12/2009","44","","E. Rivers School","13-121-0032","AQS"
"12/13/2009","67","","E. Rivers School","13-121-0032","AQS"
"12/14/2009","64","","E. Rivers School","13-121-0032","AQS"
"12/15/2009","51","","Forest Park","13-063-0091","AQS"
"12/16/2009","58","","Kennesaw","13-067-0003","AQS"
"12/17/2009","67","","South DeKalb","13-089-0002","AQS"
"12/18/2009","37","","E. Rivers School","13-121-0032","AQS"
"12/19/2009","47","","United Avenue","13-121-0055","AQS"
"12/20/2009","58","","United Avenue","13-121-0055","AQS"
"12/21/2009","81","","E. Rivers School","13-121-0032","AQS"
"12/22/2009","88","","Doraville","13-089-2001","AQS"
"12/23/2009","75","","Doraville","13-089-2001","AQS"
"12/24/2009","66","","Gwinnett","13-135-0002","AQS"
"12/25/2009","32","","United Avenue","13-121-0055","AQS"
"12/26/2009","63","","E. Rivers School","13-121-0032","AQS"
"12/27/2009","58","","Gwinnett","13-135-0002","AQS"
"12/28/2009","41","","United Avenue","13-121-0055","AQS"
"12/29/2009","56","","E. Rivers School","13-121-0032","AQS"
"12/30/2009","65","","Forest Park","13-063-0091","AQS"
"12/31/2009","77","","E. Rivers School","13-121-0032","AQS"
"01/01/2010","47","","United Avenue","13-121-0055","AQS"
"01/02/2010","39","","South DeKalb","13-089-0002","AQS"
"01/03/2010","45","","Doraville","13-089-2001","AQS"
"01/04/2010","49","","United Avenue","13-121-0055","AQS"
"01/05/2010","55","","Forest Park","13-063-0091","AQS"
"01/06/2010","57","","E. Rivers School","13-121-0032","AQS"
"01/07/2010","57","","Kennesaw","13-067-0003","AQS"
"01/08/2010","60","","South DeKalb","13-089-0002","AQS"
"01/09/2010","56","","Kennesaw","13-067-0003","AQS"
"01/10/2010","61","","Doraville","13-089-2001","AQS"
"01/11/2010","59","","South DeKalb","13-089-0002","AQS"
"01/12/2010","55","","South DeKalb","13-089-0002","AQS"
"01/13/2010","80","","Doraville","13-089-2001","AQS"
"01/14/2010","111","","Fire Station #8","13-121-0039","AQS"
"01/15/2010","97","","Doraville","13-089-2001","AQS"
"01/16/2010","77","","E. Rivers School","13-121-0032","AQS"
"01/17/2010","22","","South DeKalb","13-089-0002","AQS"
"01/18/2010","53","","South DeKalb","13-089-0002","AQS"
"01/19/2010","62","","South DeKalb","13-089-0002","AQS"
"01/20/2010","61","","South DeKalb","13-089-0002","AQS"
"01/21/2010","29","","United Avenue","13-121-0055","AQS"
"01/22/2010","58","","United Avenue","13-121-0055","AQS"
"01/23/2010","52","","Gwinnett","13-135-0002","AQS"
"01/24/2010","38","","South DeKalb","13-089-0002","AQS"
"01/25/2010","36","","South DeKalb","13-089-0002","AQS"
"01/26/2010","57","","South DeKalb","13-089-0002","AQS"
"01/27/2010","52","","South DeKalb","13-089-0002","AQS"
"01/28/2010","60","","South DeKalb","13-089-0002","AQS"
"01/29/2010","53","","South DeKalb","13-089-0002","AQS"
"01/30/2010","41","","Doraville","13-089-2001","AQS"
"01/31/2010","61","","South DeKalb","13-089-0002","AQS"
"02/01/2010","66","","Fire Station #8","13-121-0039","AQS"
"02/02/2010","57","","Kennesaw","13-067-0003","AQS"
"02/03/2010","60","","South DeKalb","13-089-0002","AQS"
"02/04/2010","70","","Doraville","13-089-2001","AQS"
"02/05/2010","28","","Doraville","13-089-2001","AQS"
"02/06/2010","47","","United Avenue","13-121-0055","AQS"
"02/07/2010","63","","E. Rivers School","13-121-0032","AQS"
"02/08/2010","63","","South DeKalb","13-089-0002","AQS"
"02/09/2010","55","","United Avenue","13-121-0055","AQS"
"02/10/2010","52","","United Avenue","13-121-0055","AQS"
"02/11/2010","44","","United Avenue","13-121-0055","AQS"
"02/12/2010","53","","Doraville","13-089-2001","AQS"
"02/13/2010","59","","United Avenue","13-121-0055","AQS"
"02/14/2010","63","","Doraville","13-089-2001","AQS"
"02/15/2010","45","","United Avenue","13-121-0055","AQS"
"02/16/2010","41","","United Avenue","13-121-0055","AQS"
"02/17/2010","42","","United Avenue","13-121-0055","AQS"
"02/18/2010","44","","United Avenue","13-121-0055","AQS"
"02/19/2010","54","","South DeKalb","13-089-0002","AQS"
"02/20/2010","60","","South DeKalb","13-089-0002","AQS"
"02/21/2010","71","","United Avenue","13-121-0055","AQS"
"02/22/2010","66","","South DeKalb","13-089-0002","AQS"
"02/23/2010","56","","South DeKalb","13-089-0002","AQS"
"02/24/2010","63","","South DeKalb","13-089-0002","AQS"
"02/25/2010","55","","South DeKalb","13-089-0002","AQS"
"02/26/2010","53","","South DeKalb","13-089-0002","AQS"
"02/27/2010","52","","South DeKalb","13-089-0002","AQS"
"02/28/2010","53","","South DeKalb","13-089-0002","AQS"
"03/01/2010","55","","South DeKalb","13-089-0002","AQS"
"03/02/2010","53","","South DeKalb","13-089-0002","AQS"
"03/03/2010","55","","South DeKalb","13-089-0002","AQS"
"03/04/2010","56","","South DeKalb","13-089-0002","AQS"
"03/05/2010","53","","South DeKalb","13-089-0002","AQS"
"03/06/2010","55","","South DeKalb","13-089-0002","AQS"
"03/07/2010","62","","South DeKalb","13-089-0002","AQS"
"03/08/2010","72","","South DeKalb","13-089-0002","AQS"
"03/09/2010","83","","South DeKalb","13-089-0002","AQS"
"03/10/2010","60","","E. Rivers School","13-121-0032","AQS"
"03/11/2010","53","","Kennesaw","13-067-0003","AQS"
"03/12/2010","69","","Fire Station #8","13-121-0039","AQS"
"03/13/2010","43","","South DeKalb","13-089-0002","AQS"
"03/14/2010","38","","South DeKalb","13-089-0002","AQS"
"03/15/2010","44","","South DeKalb","13-089-0002","AQS"
"03/16/2010","54","","South DeKalb","13-089-0002","AQS"
"03/17/2010","57","","South DeKalb","13-089-0002","AQS"
"03/18/2010","59","","South DeKalb","13-089-0002","AQS"
"03/19/2010","66","","South DeKalb","13-089-0002","AQS"
"03/20/2010","76","","South DeKalb","13-089-0002","AQS"
"03/21/2010","63","","South DeKalb","13-089-0002","AQS"
"03/22/2010","33","","South DeKalb","13-089-0002","AQS"
"03/23/2010","56","","South DeKalb","13-089-0002","AQS"
"03/24/2010","73","","South DeKalb","13-089-0002","AQS"
"03/25/2010","77","","South DeKalb","13-089-0002","AQS"
"03/26/2010","46","","South DeKalb","13-089-0002","AQS"
"03/27/2010","55","","South DeKalb","13-089-0002","AQS"
"03/28/2010","52","","South DeKalb","13-089-0002","AQS"
"03/29/2010","48","","South DeKalb","13-089-0002","AQS"
"03/30/2010","57","","South DeKalb","13-089-0002","AQS"
"03/31/2010","67","","South DeKalb","13-089-0002","AQS"
"04/01/2010","80","","South DeKalb","13-089-0002","AQS"
"04/02/2010","91","","South DeKalb","13-089-0002","AQS"
"04/03/2010","75","","South DeKalb","13-089-0002","AQS"
"04/04/2010","74","","South DeKalb","13-089-0002","AQS"
"04/05/2010","74","","South DeKalb","13-089-0002","AQS"
"04/06/2010","75","","South DeKalb","13-089-0002","AQS"
"04/07/2010","64","","South DeKalb","13-089-0002","AQS"
"04/08/2010","55","","South DeKalb","13-089-0002","AQS"
"04/09/2010","53","","South DeKalb","13-089-0002","AQS"
"04/10/2010","62","","South DeKalb","13-089-0002","AQS"
"04/11/2010","62","","South DeKalb","13-089-0002","AQS"
"04/12/2010","69","","South DeKalb","13-089-0002","AQS"
"04/13/2010","180","","South DeKalb","13-089-0002","AQS"
"04/14/2010","81","","South DeKalb","13-089-0002","AQS"
"04/15/2010","81","","South DeKalb","13-089-0002","AQS"
"04/16/2010","87","","South DeKalb","13-089-0002","AQS"
"04/17/2010","75","","South DeKalb","13-089-0002","AQS"
"04/18/2010","52","","South DeKalb","13-089-0002","AQS"
"04/19/2010","60","","South DeKalb","13-089-0002","AQS"
"04/20/2010","67","","MACLAND AQUATIC CENTER","13-067-0004","AQS"
"04/21/2010","71","","South DeKalb","13-089-0002","AQS"
"04/22/2010","78","","South DeKalb","13-089-0002","AQS"
"04/23/2010","78","","South DeKalb","13-089-0002","AQS"
"04/24/2010","68","","Gwinnett","13-135-0002","AQS"
"04/25/2010","58","","South DeKalb","13-089-0002","AQS"
"04/26/2010","49","","South DeKalb","13-089-0002","AQS"
"04/27/2010","55","","Doraville","13-089-2001","AQS"
"04/28/2010","79","","Doraville","13-089-2001","AQS"
"04/29/2010","68","","South DeKalb","13-089-0002","AQS"
"04/30/2010","67","","Newnan","13-077-0002","AQS"
"05/01/2010","61","","Newnan","13-077-0002","AQS"
"05/02/2010","90","","Newnan","13-077-0002","AQS"
"05/03/2010","63","","Newnan","13-077-0002","AQS"
"05/04/2010","58","","Kennesaw","13-067-0003","AQS"
"05/05/2010","72","","South DeKalb","13-089-0002","AQS"
"05/06/2010","82","","South DeKalb","13-089-0002","AQS"
"05/07/2010","89","","South DeKalb","13-089-0002","AQS"
"05/08/2010","58","","South DeKalb","13-089-0002","AQS"
"05/09/2010","41","","South DeKalb","13-089-0002","AQS"
"05/10/2010","53","","South DeKalb","13-089-0002","AQS"
"05/11/2010","59","","South DeKalb","13-089-0002","AQS"
"05/12/2010","67","","South DeKalb","13-089-0002","AQS"
"05/13/2010","73","","South DeKalb","13-089-0002","AQS"
"05/14/2010","80","","Fire Station #8","13-121-0039","AQS"
"05/15/2010","75","","South DeKalb","13-089-0002","AQS"
"05/16/2010","61","","South DeKalb","13-089-0002","AQS"
"05/17/2010","50","","South DeKalb","13-089-0002","AQS"
"05/18/2010","56","","South DeKalb","13-089-0002","AQS"
"05/19/2010","58","","South DeKalb","13-089-0002","AQS"
"05/20/2010","68","","South DeKalb","13-089-0002","AQS"
"05/21/2010","55","","South DeKalb","13-089-0002","AQS"
"05/22/2010","72","","South DeKalb","13-089-0002","AQS"
"05/23/2010","72","","South DeKalb","13-089-0002","AQS"
"05/24/2010","61","","South DeKalb","13-089-0002","AQS"
"05/25/2010","45","","South DeKalb","13-089-0002","AQS"
"05/26/2010","58","","South DeKalb","13-089-0002","AQS"
"05/27/2010","63","","South DeKalb","13-089-0002","AQS"
"05/28/2010","74","","South DeKalb","13-089-0002","AQS"
"05/29/2010","66","","Newnan","13-077-0002","AQS"
"05/30/2010","52","","South DeKalb","13-089-0002","AQS"
"05/31/2010","52","","South DeKalb","13-089-0002","AQS"
"06/01/2010","68","","South DeKalb","13-089-0002","AQS"
"06/02/2010","66","","United Avenue","13-121-0055","AQS"
"06/03/2010","71","","South DeKalb","13-089-0002","AQS"
"06/04/2010","64","","E. Rivers School","13-121-0032","AQS"
"06/05/2010","54","","South DeKalb","13-089-0002","AQS"
"06/06/2010","62","","South DeKalb","13-089-0002","AQS"
"06/07/2010","55","","South DeKalb","13-089-0002","AQS"
"06/08/2010","68","","South DeKalb","13-089-0002","AQS"
"06/09/2010","81","","South DeKalb","13-089-0002","AQS"
"06/10/2010","78","","United Avenue","13-121-0055","AQS"
"06/11/2010","88","","South DeKalb","13-089-0002","AQS"
"06/12/2010","83","","McDonough","13-151-0002","AQS"
"06/13/2010","76","","South DeKalb","13-089-0002","AQS"
"06/14/2010","68","","South DeKalb","13-089-0002","AQS"
"06/15/2010","74","","South DeKalb","13-089-0002","AQS"
"06/16/2010","61","","South DeKalb","13-089-0002","AQS"
"06/17/2010","60","","South DeKalb","13-089-0002","AQS"
"06/18/2010","63","","South DeKalb","13-089-0002","AQS"
"06/19/2010","69","","South DeKalb","13-089-0002","AQS"
"06/20/2010","60","","South DeKalb","13-089-0002","AQS"
"06/21/2010","71","","Newnan","13-077-0002","AQS"
"06/22/2010","75","","Gwinnett","13-135-0002","AQS"
"06/23/2010","66","","South DeKalb","13-089-0002","AQS"
"06/24/2010","69","","South DeKalb","13-089-0002","AQS"
"06/25/2010","65","","South DeKalb","13-089-0002","AQS"
"06/26/2010","57","","South DeKalb","13-089-0002","AQS"
"06/27/2010","63","","South DeKalb","13-089-0002","AQS"
"06/28/2010","69","","E. Rivers School","13-121-0032","AQS"
"06/29/2010","59","","South DeKalb","13-089-0002","AQS"
"06/30/2010","64","","South DeKalb","13-089-0002","AQS"
"07/01/2010","75","","Yorkville, King Farm","13-223-0003","AQS"
"07/02/2010","74","","Yorkville, King Farm","13-223-0003","AQS"
"07/03/2010","71","","Kennesaw","13-067-0003","AQS"
"07/04/2010","74","","Gwinnett","13-135-0002","AQS"
"07/05/2010","88","","Gwinnett","13-135-0002","AQS"
"07/06/2010","60","","Newnan","13-077-0002","AQS"
"07/07/2010","69","","South DeKalb","13-089-0002","AQS"
"07/08/2010","82","","South DeKalb","13-089-0002","AQS"
"07/09/2010","89","","South DeKalb","13-089-0002","AQS"
"07/10/2010","61","","South DeKalb","13-089-0002","AQS"
"07/11/2010","65","","South DeKalb","13-089-0002","AQS"
"07/12/2010","66","","South DeKalb","13-089-0002","AQS"
"07/13/2010","63","","Forest Park","13-063-0091","AQS"
"07/14/2010","58","","South DeKalb","13-089-0002","AQS"
"07/15/2010","67","","South DeKalb","13-089-0002","AQS"
"07/16/2010","72","","E. Rivers School","13-121-0032","AQS"
"07/17/2010","58","","Doraville","13-089-2001","AQS"
"07/18/2010","53","","South DeKalb","13-089-0002","AQS"
"07/19/2010","60","","Fire Station #8","13-121-0039","AQS"
"07/20/2010","68","","South DeKalb","13-089-0002","AQS"
"07/21/2010","66","","South DeKalb","13-089-0002","AQS"
"07/22/2010","69","","South DeKalb","13-089-0002","AQS"
"07/23/2010","71","","South DeKalb","13-089-0002","AQS"
"07/24/2010","79","","South DeKalb","13-089-0002","AQS"
"07/25/2010","57","","Gwinnett","13-135-0002","AQS"
"07/26/2010","56","","South DeKalb","13-089-0002","AQS"
"07/27/2010","55","","South DeKalb","13-089-0002","AQS"
"07/28/2010","67","","Forest Park","13-063-0091","AQS"
"07/29/2010","58","","South DeKalb","13-089-0002","AQS"
"07/30/2010","67","","South DeKalb","13-089-0002","AQS"
"07/31/2010","75","","South DeKalb","13-089-0002","AQS"
"08/01/2010","67","","Newnan","13-077-0002","AQS"
"08/02/2010","88","","Newnan","13-077-0002","AQS"
"08/03/2010","78","","United Avenue","13-121-0055","AQS"
"08/04/2010","74","","South DeKalb","13-089-0002","AQS"
"08/05/2010","72","","South DeKalb","13-089-0002","AQS"
"08/06/2010","68","","South DeKalb","13-089-0002","AQS"
"08/07/2010","64","","South DeKalb","13-089-0002","AQS"
"08/08/2010","71","","South DeKalb","13-089-0002","AQS"
"08/09/2010","87","","United Avenue","13-121-0055","AQS"
"08/10/2010","89","","United Avenue","13-121-0055","AQS"
"08/11/2010","60","","Kennesaw","13-067-0003","AQS"
"08/12/2010","72","","Fire Station #8","13-121-0039","AQS"
"08/13/2010","65","","McDonough","13-151-0002","AQS"
"08/14/2010","59","","South DeKalb","13-089-0002","AQS"
"08/15/2010","54","","Yorkville, King Farm","13-223-0003","AQS"
"08/16/2010","52","","Newnan","13-077-0002","AQS"
"08/17/2010","54","","South DeKalb","13-089-0002","AQS"
"08/18/2010","55","","South DeKalb","13-089-0002","AQS"
"08/19/2010","55","","South DeKalb","13-089-0002","AQS"
"08/20/2010","59","","South DeKalb","13-089-0002","AQS"
"08/21/2010","62","","South DeKalb","13-089-0002","AQS"
"08/22/2010","54","","South DeKalb","13-089-0002","AQS"
"08/23/2010","63","","South DeKalb","13-089-0002","AQS"
"08/24/2010","77","","South DeKalb","13-089-0002","AQS"
"08/25/2010","83","","United Avenue","13-121-0055","AQS"
"08/26/2010","86","","United Avenue","13-121-0055","AQS"
"08/27/2010","71","","Yorkville, King Farm","13-223-0003","AQS"
"08/28/2010","57","","Kennesaw","13-067-0003","AQS"
"08/29/2010","69","","Doraville","13-089-2001","AQS"
"08/30/2010","68","","McDonough","13-151-0002","AQS"
"08/31/2010","57","","South DeKalb","13-089-0002","AQS"
"09/01/2010","78","","United Avenue","13-121-0055","AQS"
"09/02/2010","86","","United Avenue","13-121-0055","AQS"
"09/03/2010","80","","South DeKalb","13-089-0002","AQS"
"09/04/2010","52","","South DeKalb","13-089-0002","AQS"
"09/05/2010","56","","South DeKalb","13-089-0002","AQS"
"09/06/2010","61","","South DeKalb","13-089-0002","AQS"
"09/07/2010","71","","United Avenue","13-121-0055","AQS"
"09/08/2010","83","","United Avenue","13-121-0055","AQS"
"09/09/2010","70","","McDonough","13-151-0002","AQS"
"09/10/2010","64","","South DeKalb","13-089-0002","AQS"
"09/11/2010","67","","South DeKalb","13-089-0002","AQS"
"09/12/2010","49","","South DeKalb","13-089-0002","AQS"
"09/13/2010","52","","South DeKalb","13-089-0002","AQS"
"09/14/2010","59","","Forest Park","13-063-0091","AQS"
"09/15/2010","66","","Newnan","13-077-0002","AQS"
"09/16/2010","65","","United Avenue","13-121-0055","AQS"
"09/17/2010","72","","South DeKalb","13-089-0002","AQS"
"09/18/2010","78","","South DeKalb","13-089-0002","AQS"
"09/19/2010","74","","Newnan","13-077-0002","AQS"
"09/20/2010","84","","McDonough","13-151-0002","AQS"
"09/21/2010","80","","United Avenue","13-121-0055","AQS"
"09/22/2010","96","","United Avenue","13-121-0055","AQS"
"09/23/2010","77","","South DeKalb","13-089-0002","AQS"
"09/24/2010","61","","South DeKalb","13-089-0002","AQS"
"09/25/2010","62","","South DeKalb","13-089-0002","AQS"
"09/26/2010","66","","Yorkville, King Farm","13-223-0003","AQS"
"09/27/2010","39","","South DeKalb","13-089-0002","AQS"
"09/28/2010","57","","South DeKalb","13-089-0002","AQS"
"09/29/2010","61","","South DeKalb","13-089-0002","AQS"
"09/30/2010","49","","Kennesaw","13-067-0003","AQS"
"10/01/2010","63","","South DeKalb","13-089-0002","AQS"
"10/02/2010","60","","United Avenue","13-121-0055","AQS"
"10/03/2010","51","","South DeKalb","13-089-0002","AQS"
"10/04/2010","37","","South DeKalb","13-089-0002","AQS"
"10/05/2010","52","","South DeKalb","13-089-0002","AQS"
"10/06/2010","52","","South DeKalb","13-089-0002","AQS"
"10/07/2010","58","","South DeKalb","13-089-0002","AQS"
"10/08/2010","67","","Fire Station #8","13-121-0039","AQS"
"10/09/2010","65","","Kennesaw","13-067-0003","AQS"
"10/10/2010","65","","United Avenue","13-121-0055","AQS"
"10/11/2010","74","","McDonough","13-151-0002","AQS"
"10/12/2010","70","","Kennesaw","13-067-0003","AQS"
"10/13/2010","65","","McDonough","13-151-0002","AQS"
"10/14/2010","51","","Fire Station #8","13-121-0039","AQS"
"10/15/2010","46","","McDonough","13-151-0002","AQS"
"10/16/2010","52","","Kennesaw","13-067-0003","AQS"
"10/17/2010","62","","Fire Station #8","13-121-0039","AQS"
"10/18/2010","65","","E. Rivers School","13-121-0032","AQS"
"10/19/2010","78","","Gwinnett","13-135-0002","AQS"
"10/20/2010","71","","McDonough","13-151-0002","AQS"
"10/21/2010","56","","McDonough","13-151-0002","AQS"
"10/22/2010","52","","McDonough","13-151-0002","AQS"
"10/23/2010","62","","McDonough","13-151-0002","AQS"
"10/24/2010","53","","Newnan","13-077-0002","AQS"
"10/25/2010","44","","South DeKalb","13-089-0002","AQS"
"10/26/2010","37","","Fire Station #8","13-121-0039","AQS"
"10/27/2010","36","","Gwinnett","13-135-0002","AQS"
"10/28/2010","44","","Kennesaw","13-067-0003","AQS"
"10/29/2010","39","","Forest Park","13-063-0091","AQS"
"10/30/2010","58","","E. Rivers School","13-121-0032","AQS"
"10/31/2010","66","","United Avenue","13-121-0055","AQS"
"11/01/2010","72","","Forest Park","13-063-0091","AQS"
"11/02/2010","55","","Newnan","13-077-0002","AQS"
"11/03/2010","51","","Doraville","13-089-2001","AQS"
"11/04/2010","78","","Fire Station #8","13-121-0039","AQS"
"11/05/2010","41","","E. Rivers School","13-121-0032","AQS"
"11/06/2010","56","","E. Rivers School","13-121-0032","AQS"
"11/07/2010","59","","E. Rivers School","13-121-0032","AQS"
"11/08/2010","54","","E. Rivers School","13-121-0032","AQS"
"11/09/2010","53","","Kennesaw","13-067-0003","AQS"
"11/10/2010","76","","Forest Park","13-063-0091","AQS"
"11/11/2010","71","","United Avenue","13-121-0055","AQS"
"11/12/2010","65","","E. Rivers School","13-121-0032","AQS"
"11/13/2010","69","","E. Rivers School","13-121-0032","AQS"
"11/14/2010","70","","Kennesaw","13-067-0003","AQS"
"11/15/2010","62","","Kennesaw","13-067-0003","AQS"
"11/16/2010","42","","Gwinnett","13-135-0002","AQS"
"11/17/2010","43","","South DeKalb","13-089-0002","AQS"
"11/18/2010","61","","South DeKalb","13-089-0002","AQS"
"11/19/2010","70","","Fire Station #8","13-121-0039","AQS"
"11/20/2010","71","","E. Rivers School","13-121-0032","AQS"
"11/21/2010","69","","E. Rivers School","13-121-0032","AQS"
"11/22/2010","55","","MACLAND AQUATIC CENTER","13-067-0004","AQS"
"11/23/2010","55","","Gwinnett","13-135-0002","AQS"
"11/24/2010","36","","Kennesaw","13-067-0003","AQS"
"11/25/2010","89","","South DeKalb","13-089-0002","AQS"
"11/26/2010","20","","E. Rivers School","13-121-0032","AQS"
"11/27/2010","57","","E. Rivers School","13-121-0032","AQS"
"11/28/2010","56","","E. Rivers School","13-121-0032","AQS"
"11/29/2010","51","","Doraville","13-089-2001","AQS"
"11/30/2010","29","","South DeKalb","13-089-0002","AQS"
"12/01/2010","43","","Fire Station #8","13-121-0039","AQS"
"12/02/2010","51","","E. Rivers School","13-121-0032","AQS"
"12/03/2010","82","","E. Rivers School","13-121-0032","AQS"
"12/04/2010","70","","Gwinnett","13-135-0002","AQS"
"12/05/2010","44","","E. Rivers School","13-121-0032","AQS"
"12/06/2010","33","","Doraville","13-089-2001","AQS"
"12/07/2010","141","","Kennesaw","13-067-0003","AQS"
"12/08/2010","57","","South DeKalb","13-089-0002","AQS"
"12/09/2010","65","","E. Rivers School","13-121-0032","AQS"
"12/10/2010","79","","E. Rivers School","13-121-0032","AQS"
"12/11/2010","64","","Kennesaw","13-067-0003","AQS"
"12/12/2010","44","","E. Rivers School","13-121-0032","AQS"
"12/13/2010","33","","Forest Park","13-063-0091","AQS"
"12/14/2010","24","","Newnan","13-077-0002","AQS"
"12/15/2010","33","","United Avenue","13-121-0055","AQS"
"12/16/2010","54","","Doraville","13-089-2001","AQS"
"12/17/2010","47","","Doraville","13-089-2001","AQS"
"12/18/2010","75","","Doraville","13-089-2001","AQS"
"12/19/2010","63","","Forest Park","13-063-0091","AQS"
"12/20/2010","63","","E. Rivers School","13-121-0032","AQS"
"12/21/2010","62","","Doraville","13-089-2001","AQS"
"12/22/2010","55","","United Avenue","13-121-0055","AQS"
"12/23/2010","51","","E. Rivers School","13-121-0032","AQS"
"12/24/2010","76","","E. Rivers School","13-121-0032","AQS"
"12/25/2010","108","","E. Rivers School","13-121-0032","AQS"
"12/26/2010","47","","E. Rivers School","13-121-0032","AQS"
"12/27/2010","30","","E. Rivers School","13-121-0032","AQS"
"12/28/2010","54","","Gwinnett","13-135-0002","AQS"
"12/29/2010","62","","E. Rivers School","13-121-0032","AQS"
"12/30/2010","58","","South DeKalb","13-089-0002","AQS"
"12/31/2010","63","","Gwinnett","13-135-0002","AQS"
"01/01/2011","54","","Doraville","13-089-2001","AQS"
"01/02/2011","18","","South DeKalb","13-089-0002","AQS"
"01/03/2011","52","","South DeKalb","13-089-0002","AQS"
"01/04/2011","61","","Kennesaw","13-067-0003","AQS"
"01/05/2011","60","","Gwinnett","13-135-0002","AQS"
"01/06/2011","54","","MACLAND AQUATIC CENTER","13-067-0004","AQS"
"01/07/2011","37","","South DeKalb","13-089-0002","AQS"
"01/08/2011","34","","South DeKalb","13-089-0002","AQS"
"01/09/2011","49","","South DeKalb","13-089-0002","AQS"
"01/10/2011","49","","South DeKalb","13-089-0002","AQS"
"01/11/2011","53","","South DeKalb","13-089-0002","AQS"
"01/12/2011","60","","South DeKalb","13-089-0002","AQS"
"01/13/2011","58","","South DeKalb","13-089-0002","AQS"
"01/14/2011","65","","South DeKalb","13-089-0002","AQS"
"01/15/2011","64","","South DeKalb","13-089-0002","AQS"
"01/16/2011","61","","South DeKalb","13-089-0002","AQS"
"01/17/2011","71","","South DeKalb","13-089-0002","AQS"
"01/18/2011","72","","South DeKalb","13-089-0002","AQS"
"01/19/2011","54","","South DeKalb","13-089-0002","AQS"
"01/20/2011","60","","South DeKalb","13-089-0002","AQS"
"01/21/2011","35","","South DeKalb","13-089-0002","AQS"
"01/22/2011","48","","South DeKalb","13-089-0002","AQS"
"01/23/2011","56","","South DeKalb","13-089-0002","AQS"
"01/24/2011","65","","South DeKalb","13-089-0002","AQS"
"01/25/2011","62","","South DeKalb","13-089-0002","AQS"
"01/26/2011","41","","South DeKalb","13-089-0002","AQS"
"01/27/2011","58","","South DeKalb","13-089-0002","AQS"
"01/28/2011","53","","South DeKalb","13-089-0002","AQS"
"01/29/2011","58","","South DeKalb","13-089-0002","AQS"
"01/30/2011","62","","Gwinnett","13-135-0002","AQS"
"01/31/2011","66","","Gwinnett","13-135-0002","AQS"
"02/01/2011","78","","South DeKalb","13-089-0002","AQS"
"02/02/2011","32","","South DeKalb","13-089-0002","AQS"
"02/03/2011","42","","United Avenue","13-121-0055","AQS"
"02/04/2011","21","","United Avenue","13-121-0055","AQS"
"02/05/2011","16","","South DeKalb","13-089-0002","AQS"
"02/06/2011","49","","South DeKalb","13-089-0002","AQS"
"02/07/2011","66","","South DeKalb","13-089-0002","AQS"
"02/08/2011","55","","South DeKalb","13-089-0002","AQS"
"02/09/2011","52","","South DeKalb","13-089-0002","AQS"
"02/10/2011","52","","South DeKalb","13-089-0002","AQS"
"02/11/2011","59","","South DeKalb","13-089-0002","AQS"
"02/12/2011","43","","South DeKalb","13-089-0002","AQS"
"02/13/2011","52","","South DeKalb","13-089-0002","AQS"
"02/14/2011","56","","South DeKalb","13-089-0002","AQS"
"02/15/2011","85","","McDonough","13-151-0002","AQS"
"02/16/2011","69","","South DeKalb","13-089-0002","AQS"
"02/17/2011","83","","South DeKalb","13-089-0002","AQS"
"02/18/2011","83","","Newnan","13-077-0002","AQS"
"02/19/2011","77","","South DeKalb","13-089-0002","AQS"
"02/20/2011","65","","Newnan","13-077-0002","AQS"
"02/21/2011","64","","United Avenue","13-121-0055","AQS"
"02/22/2011","53","","Newnan","13-077-0002","AQS"
"02/23/2011","87","","McDonough","13-151-0002","AQS"
"02/24/2011","99","","McDonough","13-151-0002","AQS"
"02/25/2011","49","","McDonough","13-151-0002","AQS"
"02/26/2011","56","","South DeKalb","13-089-0002","AQS"
"02/27/2011","60","","Gwinnett","13-135-0002","AQS"
"02/28/2011","59","","United Avenue","13-121-0055","AQS"
"03/01/2011","47","","Kennesaw","13-067-0003","AQS"
"03/02/2011","53","","South DeKalb","13-089-0002","AQS"
"03/03/2011","64","","Newnan","13-077-0002","AQS"
"03/04/2011","60","","Yorkville, King Farm","13-223-0003","AQS"
"03/05/2011","51","","E. Rivers School","13-121-0032","AQS"
"03/06/2011","59","","Fire Station #8","13-121-0039","AQS"
"03/07/2011","51","","Doraville","13-089-2001","AQS"
"03/08/2011","55","","Yorkville, King Farm","13-223-0003","AQS"
"03/09/2011","55","","Gwinnett","13-135-0002","AQS"
"03/10/2011","46","","Yorkville, King Farm","13-223-0003","AQS"
"03/11/2011","59","","Yorkville, King Farm","13-223-0003","AQS"
"03/12/2011","56","","South DeKalb","13-089-0002","AQS"
"03/13/2011","63","","Yorkville, King Farm","13-223-0003","AQS"
"03/14/2011","63","","South DeKalb","13-089-0002","AQS"
"03/15/2011","58","","E. Rivers School","13-121-0032","AQS"
"03/16/2011","52","","Forest Park","13-063-0091","AQS"
"03/17/2011","56","","South DeKalb","13-089-0002","AQS"
"03/18/2011","86","","McDonough","13-151-0002","AQS"
"03/19/2011","79","","McDonough","13-151-0002","AQS"
"03/20/2011","67","","Yorkville, King Farm","13-223-0003","AQS"
"03/21/2011","62","","Yorkville, King Farm","13-223-0003","AQS"
"03/22/2011","76","","Yorkville, King Farm","13-223-0003","AQS"
"03/23/2011","65","","Yorkville, King Farm","13-223-0003","AQS"
"03/24/2011","50","","Yorkville, King Farm","13-223-0003","AQS"
"03/25/2011","52","","Forest Park","13-063-0091","AQS"
"03/26/2011","73","","Newnan","13-077-0002","AQS"
"03/27/2011","54","","Doraville","13-089-2001","AQS"
"03/28/2011","38","","Doraville","13-089-2001","AQS"
"03/29/2011","60","","Yorkville, King Farm","13-223-0003","AQS"
"03/30/2011","52","","Doraville","13-089-2001","AQS"
"03/31/2011","58","","Yorkville, King Farm","13-223-0003","AQS"
"04/01/2011","62","","E. Rivers School","13-121-0032","AQS"
"04/02/2011","47","","South DeKalb","13-089-0002","AQS"
"04/03/2011","54","","Forest Park","13-063-0091","AQS"
"04/04/2011","56","","Doraville","13-089-2001","AQS"
"04/05/2011","31","","Yorkville, King Farm","13-223-0003","AQS"
"04/06/2011","56","","Forest Park","13-063-0091","AQS"
"04/07/2011","64","","Doraville","13-089-2001","AQS"
"04/08/2011","75","","Gwinnett","13-135-0002","AQS"
"04/09/2011","72","","Fire Station #8","13-121-0039","AQS"
"04/10/2011","63","","Yorkville, King Farm","13-223-0003","AQS"
"04/11/2011","57","","Gwinnett","13-135-0002","AQS"
"04/12/2011","59","","Kennesaw","13-067-0003","AQS"
"04/13/2011","51","","Yorkville, King Farm","13-223-0003","AQS"
"04/14/2011","73","","Yorkville, King Farm","13-223-0003","AQS"
"04/15/2011","68","","Yorkville, King Farm","13-223-0003","AQS"
"04/16/2011","47","","Yorkville, King Farm","13-223-0003","AQS"
"04/17/2011","51","","Yorkville, King Farm","13-223-0003","AQS"
"04/18/2011","66","","Fire Station #8","13-121-0039","AQS"
"04/19/2011","71","","Newnan","13-077-0002","AQS"
"04/20/2011","62","","Gwinnett","13-135-0002","AQS"
"04/21/2011","53","","Forest Park","13-063-0091","AQS"
"04/22/2011","68","","Yorkville, King Farm","13-223-0003","AQS"
"04/23/2011","54","","Yorkville, King Farm","13-223-0003","AQS"
"04/24/2011","62","","Fire Station #8","13-121-0039","AQS"
"04/25/2011","60","","McDonough","13-151-0002","AQS"
"04/26/2011","55","","McDonough","13-151-0002","AQS"
"04/27/2011","63","","Newnan","13-077-0002","AQS"
"04/28/2011","34","","Yorkville, King Farm","13-223-0003","AQS"
"04/29/2011","44","","South DeKalb","13-089-0002","AQS"
"04/30/2011","59","","E. Rivers School","13-121-0032","AQS"
"05/01/2011","67","","Yorkville, King Farm","13-223-0003","AQS"
"05/02/2011","64","","Gwinnett","13-135-0002","AQS"
"05/03/2011","60","","Gwinnett","13-135-0002","AQS"
"05/04/2011","43","","Kennesaw","13-067-0003","AQS"
"05/05/2011","53","","Forest Park","13-063-0091","AQS"
"05/06/2011","56","","Fire Station #8","13-121-0039","AQS"
"05/07/2011","56","","South DeKalb","13-089-0002","AQS"
"05/08/2011","73","","McDonough","13-151-0002","AQS"
"05/09/2011","85","","Gwinnett","13-135-0002","AQS"
"05/10/2011","90","","McDonough","13-151-0002","AQS"
"05/11/2011","83","","United Avenue","13-121-0055","AQS"
"05/12/2011","77","","Yorkville, King Farm","13-223-0003","AQS"
"05/13/2011","66","","Gwinnett","13-135-0002","AQS"
"05/14/2011","52","","Yorkville, King Farm","13-223-0003","AQS"
"05/15/2011","36","","Yorkville, King Farm","13-223-0003","AQS"
"05/16/2011","33","","Yorkville, King Farm","13-223-0003","AQS"
"05/17/2011","52","","Yorkville, King Farm","13-223-0003","AQS"
"05/18/2011","63","","Yorkville, King Farm","13-223-0003","AQS"
"05/19/2011","71","","McDonough","13-151-0002","AQS"
"05/20/2011","72","","McDonough","13-151-0002","AQS"
"05/21/2011","71","","Yorkville, King Farm","13-223-0003","AQS"
"05/22/2011","79","","Gwinnett","13-135-0002","AQS"
"05/23/2011","77","","Gwinnett","13-135-0002","AQS"
"05/24/2011","70","","Fire Station #8","13-121-0039","AQS"
"05/25/2011","75","","Doraville","13-089-2001","AQS"
"05/26/2011","61","","Doraville","13-089-2001","AQS"
"05/27/2011","62","","South DeKalb","13-089-0002","AQS"
"05/28/2011","71","","Gwinnett","13-135-0002","AQS"
"05/29/2011","94","","McDonough","13-151-0002","AQS"
"05/30/2011","83","","Yorkville, King Farm","13-223-0003","AQS"
"05/31/2011","83","","United Avenue","13-121-0055","AQS"
"06/01/2011","105","","United Avenue","13-121-0055","AQS"
"06/02/2011","108","","Yorkville, King Farm","13-223-0003","AQS"
"06/03/2011","101","","Newnan","13-077-0002","AQS"
"06/04/2011","91","","McDonough","13-151-0002","AQS"
"06/05/2011","102","","United Avenue","13-121-0055","AQS"
"06/06/2011","69","","United Avenue","13-121-0055","AQS"
"06/07/2011","89","","Yorkville, King Farm","13-223-0003","AQS"
"06/08/2011","88","","Gwinnett","13-135-0002","AQS"
"06/09/2011","95","","United Avenue","13-121-0055","AQS"
"06/10/2011","90","","United Avenue","13-121-0055","AQS"
"06/11/2011","96","","Newnan","13-077-0002","AQS"
"06/12/2011","72","","McDonough","13-151-0002","AQS"
"06/13/2011","71","","Doraville","13-089-2001","AQS"
"06/14/2011","67","","Yorkville, King Farm","13-223-0003","AQS"
"06/15/2011","80","","United Avenue","13-121-0055","AQS"
"06/16/2011","58","","United Avenue","13-121-0055","AQS"
"06/17/2011","71","","Gwinnett","13-135-0002","AQS"
"06/18/2011","59","","Yorkville, King Farm","13-223-0003","AQS"
"06/19/2011","59","","Yorkville, King Farm","13-223-0003","AQS"
"06/20/2011","69","","Gwinnett","13-135-0002","AQS"
"06/21/2011","57","","Gwinnett","13-135-0002","AQS"
"06/22/2011","47","","Yorkville, King Farm","13-223-0003","AQS"
"06/23/2011","53","","Yorkville, King Farm","13-223-0003","AQS"
"06/24/2011","55","","Yorkville, King Farm","13-223-0003","AQS"
"06/25/2011","56","","Yorkville, King Farm","13-223-0003","AQS"
"06/26/2011","60","","United Avenue","13-121-0055","AQS"
"06/27/2011","63","","Yorkville, King Farm","13-223-0003","AQS"
"06/28/2011","61","","Yorkville, King Farm","13-223-0003","AQS"
"06/29/2011","82","","Forest Park","13-063-0091","AQS"
"06/30/2011","76","","South DeKalb","13-089-0002","AQS"
"07/01/2011","81","","Yorkville, King Farm","13-223-0003","AQS"
"07/02/2011","84","","Yorkville, King Farm","13-223-0003","AQS"
"07/03/2011","82","","South DeKalb","13-089-0002","AQS"
"07/04/2011","91","","Gwinnett","13-135-0002","AQS"
"07/05/2011","73","","McDonough","13-151-0002","AQS"
"07/06/2011","69","","South DeKalb","13-089-0002","AQS"
"07/07/2011","84","","South DeKalb","13-089-0002","AQS"
"07/08/2011","78","","South DeKalb","13-089-0002","AQS"
"07/09/2011","79","","Yorkville, King Farm","13-223-0003","AQS"
"07/10/2011","74","","South DeKalb","13-089-0002","AQS"
"07/11/2011","89","","McDonough","13-151-0002","AQS"
"07/12/2011","98","","United Avenue","13-121-0055","AQS"
"07/13/2011","85","","South DeKalb","13-089-0002","AQS"
"07/14/2011","81","","Yorkville, King Farm","13-223-0003","AQS"
"07/15/2011","64","","Yorkville, King Farm","13-223-0003","AQS"
"07/16/2011","55","","Yorkville, King Farm","13-223-0003","AQS"
"07/17/2011","55","","South DeKalb","13-089-0002","AQS"
"07/18/2011","64","","United Avenue","13-121-0055","AQS"
"07/19/2011","78","","United Avenue","13-121-0055","AQS"
"07/20/2011","82","","Gwinnett","13-135-0002","AQS"
"07/21/2011","93","","Gwinnett","13-135-0002","AQS"
"07/22/2011","84","","Yorkville, King Farm","13-223-0003","AQS"
"07/23/2011","72","","Fire Station #8","13-121-0039","AQS"
"07/24/2011","56","","Yorkville, King Farm","13-223-0003","AQS"
"07/25/2011","59","","Yorkville, King Farm","13-223-0003","AQS"
"07/26/2011","72","","United Avenue","13-121-0055","AQS"
"07/27/2011","78","","Yorkville, King Farm","13-223-0003","AQS"
"07/28/2011","58","","Yorkville, King Farm","13-223-0003","AQS"
"07/29/2011","52","","Yorkville, King Farm","13-223-0003","AQS"
"07/30/2011","54","","South DeKalb","13-089-0002","AQS"
"07/31/2011","60","","Yorkville, King Farm","13-223-0003","AQS"
"08/01/2011","76","","Yorkville, King Farm","13-223-0003","AQS"
"08/02/2011","100","","McDonough","13-151-0002","AQS"
"08/03/2011","89","","McDonough","13-151-0002","AQS"
"08/04/2011","67","","Gwinnett","13-135-0002","AQS"
"08/05/2011","64","","Yorkville, King Farm","13-223-0003","AQS"
"08/06/2011","67","","Yorkville, King Farm","13-223-0003","AQS"
"08/07/2011","74","","Gwinnett","13-135-0002","AQS"
"08/08/2011","64","","Gwinnett","13-135-0002","AQS"
"08/09/2011","59","","Gwinnett","13-135-0002","AQS"
"08/10/2011","65","","South DeKalb","13-089-0002","AQS"
"08/11/2011","66","","Yorkville, King Farm","13-223-0003","AQS"
"08/12/2011","80","","McDonough","13-151-0002","AQS"
"08/13/2011","68","","Gwinnett","13-135-0002","AQS"
"08/14/2011","58","","Gwinnett","13-135-0002","AQS"
"08/15/2011","59","","Gwinnett","13-135-0002","AQS"
"08/16/2011","67","","Fire Station #8","13-121-0039","AQS"
"08/17/2011","74","","Yorkville, King Farm","13-223-0003","AQS"
"08/18/2011","76","","Yorkville, King Farm","13-223-0003","AQS"
"08/19/2011","87","","United Avenue","13-121-0055","AQS"
"08/20/2011","90","","Gwinnett","13-135-0002","AQS"
"08/21/2011","82","","McDonough","13-151-0002","AQS"
"08/22/2011","66","","Gwinnett","13-135-0002","AQS"
"08/23/2011","58","","Yorkville, King Farm","13-223-0003","AQS"
"08/24/2011","67","","Gwinnett","13-135-0002","AQS"
"08/25/2011","72","","United Avenue","13-121-0055","AQS"
"08/26/2011","82","","Gwinnett","13-135-0002","AQS"
"08/27/2011","73","","Gwinnett","13-135-0002","AQS"
"08/28/2011","66","","Gwinnett","13-135-0002","AQS"
"08/29/2011","72","","Gwinnett","13-135-0002","AQS"
"08/30/2011","87","","McDonough","13-151-0002","AQS"
"08/31/2011","92","","Yorkville, King Farm","13-223-0003","AQS"
"09/01/2011","82","","Gwinnett","13-135-0002","AQS"
"09/02/2011","89","","Gwinnett","13-135-0002","AQS"
"09/03/2011","85","","Gwinnett","13-135-0002","AQS"
"09/04/2011","73","","Yorkville, King Farm","13-223-0003","AQS"
"09/05/2011","40","","United Avenue","13-121-0055","AQS"
"09/06/2011","18","","Forest Park","13-063-0091","AQS"
"09/07/2011","41","","Yorkville, King Farm","13-223-0003","AQS"
"09/08/2011","53","","South DeKalb","13-089-0002","AQS"
"09/09/2011","58","","South DeKalb","13-089-0002","AQS"
"09/10/2011","63","","South DeKalb","13-089-0002","AQS"
"09/11/2011","66","","South DeKalb","13-089-0002","AQS"
"09/12/2011","78","","Gwinnett","13-135-0002","AQS"
"09/13/2011","82","","Gwinnett","13-135-0002","AQS"
"09/14/2011","82","","Gwinnett","13-135-0002","AQS"
"09/15/2011","93","","Gwinnett","13-135-0002","AQS"
"09/16/2011","51","","Yorkville, King Farm","13-223-0003","AQS"
"09/17/2011","54","","South DeKalb","13-089-0002","AQS"
"09/18/2011","51","","Yorkville, King Farm","13-223-0003","AQS"
"09/19/2011","51","","South DeKalb","13-089-0002","AQS"
"09/20/2011","56","","Gwinnett","13-135-0002","AQS"
"09/21/2011","54","","Yorkville, King Farm","13-223-0003","AQS"
"09/22/2011","57","","Gwinnett","13-135-0002","AQS"
"09/23/2011","49","","South DeKalb","13-089-0002","AQS"
"09/24/2011","46","","South DeKalb","13-089-0002","AQS"
"09/25/2011","61","","Gwinnett","13-135-0002","AQS"
"09/26/2011","61","","Yorkville, King Farm","13-223-0003","AQS"
"09/27/2011","62","","Gwinnett","13-135-0002","AQS"
"09/28/2011","68","","Gwinnett","13-135-0002","AQS"
"09/29/2011","66","","Gwinnett","13-135-0002","AQS"
"09/30/2011","64","","Gwinnett","13-135-0002","AQS"
"10/01/2011","33","","Gwinnett","13-135-0002","AQS"
"10/02/2011","34","","South DeKalb","13-089-0002","AQS"
"10/03/2011","43","","Forest Park","13-063-0091","AQS"
"10/04/2011","65","","McDonough","13-151-0002","AQS"
"10/05/2011","62","","South DeKalb","13-089-0002","AQS"
"10/06/2011","60","","South DeKalb","13-089-0002","AQS"
"10/07/2011","62","","Gwinnett","13-135-0002","AQS"
"10/08/2011","56","","South DeKalb","13-089-0002","AQS"
"10/09/2011","52","","Gwinnett","13-135-0002","AQS"
"10/10/2011","48","","Gwinnett","13-135-0002","AQS"
"10/11/2011","32","","Yorkville, King Farm","13-223-0003","AQS"
"10/12/2011","34","","Gwinnett","13-135-0002","AQS"
"10/13/2011","50","","Yorkville, King Farm","13-223-0003","AQS"
"10/14/2011","49","","Gwinnett","13-135-0002","AQS"
"10/15/2011","56","","Gwinnett","13-135-0002","AQS"
"10/16/2011","54","","Gwinnett","13-135-0002","AQS"
"10/17/2011","69","","Gwinnett","13-135-0002","AQS"
"10/18/2011","67","","McDonough","13-151-0002","AQS"
"10/19/2011","39","","Yorkville, King Farm","13-223-0003","AQS"
"10/20/2011","45","","Gwinnett","13-135-0002","AQS"
"10/21/2011","53","","South DeKalb","13-089-0002","AQS"
"10/22/2011","57","","South DeKalb","13-089-0002","AQS"
"10/23/2011","67","","Gwinnett","13-135-0002","AQS"
"10/24/2011","63","","Fire Station #8","13-121-0039","AQS"
"10/25/2011","63","","South DeKalb","13-089-0002","AQS"
"10/26/2011","73","","Gwinnett","13-135-0002","AQS"
"10/27/2011","76","","Gwinnett","13-135-0002","AQS"
"10/28/2011","58","","McDonough","13-151-0002","AQS"
"10/29/2011","39","","South DeKalb","13-089-0002","AQS"
"10/30/2011","61","","Gwinnett","13-135-0002","AQS"
"10/31/2011","60","","South DeKalb","13-089-0002","AQS"
"11/01/2011","64","","Gwinnett","13-135-0002","AQS"
"11/02/2011","65","","South DeKalb","13-089-0002","AQS"
"11/03/2011","57","","South DeKalb","13-089-0002","AQS"
"11/04/2011","47","","Yorkville, King Farm","13-223-0003","AQS"
"11/05/2011","61","","Yorkville, King Farm","13-223-0003","AQS"
"11/06/2011","52","","Gwinnett","13-135-0002","AQS"
"11/07/2011","54","","South DeKalb","13-089-0002","AQS"
"11/08/2011","55","","South DeKalb","13-089-0002","AQS"
"11/09/2011","61","","Gwinnett","13-135-0002","AQS"
"11/10/2011","31","","South DeKalb","13-089-0002","AQS"
"11/11/2011","52","","E. Rivers School","13-121-0032","AQS"
"11/12/2011","67","","South DeKalb","13-089-0002","AQS"
"11/13/2011","63","","Gwinnett","13-135-0002","AQS"
"11/14/2011","56","","Gwinnett","13-135-0002","AQS"
"11/15/2011","63","","Gwinnett","13-135-0002","AQS"
"11/16/2011","43","","South DeKalb","13-089-0002","AQS"
"11/17/2011","33","","South DeKalb","13-089-0002","AQS"
"11/18/2011","54","","South DeKalb","13-089-0002","AQS"
"11/19/2011","57","","Yorkville, King Farm","13-223-0003","AQS"
"11/20/2011","71","","Yorkville, King Farm","13-223-0003","AQS"
"11/21/2011","74","","Gwinnett","13-135-0002","AQS"
"11/22/2011","60","","McDonough","13-151-0002","AQS"
"11/23/2011","31","","South DeKalb","13-089-0002","AQS"
"11/24/2011","53","","E. Rivers School","13-121-0032","AQS"
"11/25/2011","62","","Kennesaw","13-067-0003","AQS"
"11/26/2011","58","","Gwinnett","13-135-0002","AQS"
"11/27/2011","35","","Gwinnett","13-135-0002","AQS"
"11/28/2011","14","","Doraville","13-089-2001","AQS"
"11/29/2011","27","","Forest Park","13-063-0091","AQS"
"11/30/2011","40","","Yorkville, King Farm","13-223-0003","AQS"
"12/01/2011","60","","South DeKalb","13-089-0002","AQS"
"12/02/2011","78","","Forest Park","13-063-0091","AQS"
"12/03/2011","75","","E. Rivers School","13-121-0032","AQS"
"12/04/2011","62","","South DeKalb","13-089-0002","AQS"
"12/05/2011","59","","Gwinnett","13-135-0002","AQS"
"12/06/2011","44","","Gwinnett","13-135-0002","AQS"
"12/07/2011","14","","Yorkville, King Farm","13-223-0003","AQS"
"12/08/2011","55","","South DeKalb","13-089-0002","AQS"
"12/09/2011","62","","South DeKalb","13-089-0002","AQS"
"12/10/2011","61","","South DeKalb","13-089-0002","AQS"
"12/11/2011","62","","South DeKalb","13-089-0002","AQS"
"12/12/2011","57","","South DeKalb","13-089-0002","AQS"
"12/13/2011","59","","South DeKalb","13-089-0002","AQS"
"12/14/2011","67","","Forest Park","13-063-0091","AQS"
"12/15/2011","63","","South DeKalb","13-089-0002","AQS"
"12/16/2011","55","","South DeKalb","13-089-0002","AQS"
"12/17/2011","43","","E. Rivers School","13-121-0032","AQS"
"12/18/2011","62","","E. Rivers School","13-121-0032","AQS"
"12/19/2011","73","","E. Rivers School","13-121-0032","AQS"
"12/20/2011","67","","South DeKalb","13-089-0002","AQS"
"12/21/2011","33","","South DeKalb","13-089-0002","AQS"
"12/22/2011","31","","Gwinnett","13-135-0002","AQS"
"12/23/2011","44","","South DeKalb","13-089-0002","AQS"
"12/24/2011","59","","South DeKalb","13-089-0002","AQS"
"12/25/2011","72","","E. Rivers School","13-121-0032","AQS"
"12/26/2011","56","","South DeKalb","13-089-0002","AQS"
"12/27/2011","38","","South DeKalb","13-089-0002","AQS"
"12/28/2011","46","","South DeKalb","13-089-0002","AQS"
"12/29/2011","70","","South DeKalb","13-089-0002","AQS"
"12/30/2011","65","","South DeKalb","13-089-0002","AQS"
"12/31/2011","55","","South DeKalb","13-089-0002","AQS"
"01/01/2012","134","","Gwinnett","13-135-0002","AQS"
"01/02/2012","21","","Gwinnett","13-135-0002","AQS"
"01/03/2012","41","","South DeKalb","13-089-0002","AQS"
"01/04/2012","61","","Fire Station #8","13-121-0039","AQS"
"01/05/2012","61","","South DeKalb","13-089-0002","AQS"
"01/06/2012","91","","Newnan","13-077-0002","AQS"
"01/07/2012","64","","Fire Station #8","13-121-0039","AQS"
"01/08/2012","58","","E. Rivers School","13-121-0032","AQS"
"01/09/2012","53","","South DeKalb","13-089-0002","AQS"
"01/10/2012","55","","Fire Station #8","13-121-0039","AQS"
"01/11/2012","47","","South DeKalb","13-089-0002","AQS"
"01/12/2012","35","","Yorkville, King Farm","13-223-0003","AQS"
"01/13/2012","35","","South DeKalb","13-089-0002","AQS"
"01/14/2012","42","","South DeKalb","13-089-0002","AQS"
"01/15/2012","55","","E. Rivers School","13-121-0032","AQS"
"01/16/2012","67","","Fire Station #8","13-121-0039","AQS"
"01/17/2012","57","","Gwinnett","13-135-0002","AQS"
"01/18/2012","53","","South DeKalb","13-089-0002","AQS"
"01/19/2012","57","","South DeKalb","13-089-0002","AQS"
"01/20/2012","55","","Kennesaw","13-067-0003","AQS"
"01/21/2012","38","","Yorkville, King Farm","13-223-0003","AQS"
"01/22/2012","46","","Kennesaw","13-067-0003","AQS"
"01/23/2012","45","","Yorkville, King Farm","13-223-0003","AQS"
"01/24/2012","43","","South DeKalb","13-089-0002","AQS"
"01/25/2012","55","","South DeKalb","13-089-0002","AQS"
"01/26/2012","52","","Yorkville, King Farm","13-223-0003","AQS"
"01/27/2012","32","","Yorkville, King Farm","13-223-0003","AQS"
"01/28/2012","53","","South DeKalb","13-089-0002","AQS"
"01/29/2012","41","","South DeKalb","13-089-0002","AQS"
"01/30/2012","56","","South DeKalb","13-089-0002","AQS"
"01/31/2012","72","","Forest Park","13-063-0091","AQS"
"02/01/2012","68","","Gwinnett","13-135-0002","AQS"
"02/02/2012","46","","Yorkville, King Farm","13-223-0003","AQS"
"02/03/2012","43","","South DeKalb","13-089-0002","AQS"
"02/04/2012","65","","Kennesaw","13-067-0003","AQS"
"02/05/2012","42","","Gwinnett","13-135-0002","AQS"
"02/06/2012","53","","South DeKalb","13-089-0002","AQS"
"02/07/2012","59","","South DeKalb","13-089-0002","AQS"
"02/08/2012","56","","South DeKalb","13-089-0002","AQS"
"02/09/2012","68","","South DeKalb","13-089-0002","AQS"
"02/10/2012","82","","South DeKalb","13-089-0002","AQS"
"02/11/2012","46","","South DeKalb","13-089-0002","AQS"
"02/12/2012","52","","E. Rivers School","13-121-0032","AQS"
"02/13/2012","65","","South DeKalb","13-089-0002","AQS"
"02/14/2012","97","","South DeKalb","13-089-0002","AQS"
"02/15/2012","72","","Fire Station #8","13-121-0039","AQS"
"02/16/2012","62","","Doraville","13-089-2001","AQS"
"02/17/2012","54","","South DeKalb","13-089-0002","AQS"
"02/18/2012","64","","South DeKalb","13-089-0002","AQS"
"02/19/2012","27","","Yorkville, King Farm","13-223-0003","AQS"
"02/20/2012","52","","South DeKalb","13-089-0002","AQS"
"02/21/2012","49","","Yorkville, King Farm","13-223-0003","AQS"
"02/22/2012","51","","Yorkville, King Farm","13-223-0003","AQS"
"02/23/2012","57","","Yorkville, King Farm","13-223-0003","AQS"
"02/24/2012","55","","South DeKalb","13-089-0002","AQS"
"02/25/2012","33","","South DeKalb","13-089-0002","AQS"
"02/26/2012","52","","South DeKalb","13-089-0002","AQS"
"02/27/2012","53","","Yorkville, King Farm","13-223-0003","AQS"
"02/28/2012","56","","Kennesaw","13-067-0003","AQS"
"02/29/2012","37","","Kennesaw","13-067-0003","AQS"
"03/01/2012","54","","Fire Station #8","13-121-0039","AQS"
"03/02/2012","53","","E. Rivers School","13-121-0032","AQS"
"03/03/2012","33","","South DeKalb","13-089-0002","AQS"
"03/04/2012","38","","South DeKalb","13-089-0002","AQS"
"03/05/2012","42","","South DeKalb","13-089-0002","AQS"
"03/06/2012","54","","South DeKalb","13-089-0002","AQS"
"03/07/2012","66","","Doraville","13-089-2001","AQS"
"03/08/2012","60","","Newnan","13-077-0002","AQS"
"03/09/2012","32","","South DeKalb","13-089-0002","AQS"
"03/10/2012","51","","Yorkville, King Farm","13-223-0003","AQS"
"03/11/2012","65","","Yorkville, King Farm","13-223-0003","AQS"
"03/12/2012","55","","Yorkville, King Farm","13-223-0003","AQS"
"03/13/2012","56","","Fire Station #8","13-121-0039","AQS"
"03/14/2012","58","","South DeKalb","13-089-0002","AQS"
"03/15/2012","63","","South DeKalb","13-089-0002","AQS"
"03/16/2012","54","","Newnan","13-077-0002","AQS"
"03/17/2012","64","","McDonough","13-151-0002","AQS"
"03/18/2012","69","","South DeKalb","13-089-0002","AQS"
"03/19/2012","79","","Kennesaw","13-067-0003","AQS"
"03/20/2012","79","","United Avenue","13-121-0055","AQS"
"03/21/2012","61","","South DeKalb","13-089-0002","AQS"
"03/22/2012","58","","Doraville","13-089-2001","AQS"
"03/23/2012","52","","South DeKalb","13-089-0002","AQS"
"03/24/2012","56","","E. Rivers School","13-121-0032","AQS"
"03/25/2012","53","","E. Rivers School","13-121-0032","AQS"
"03/26/2012","56","","South DeKalb","13-089-0002","AQS"
"03/27/2012","65","","South DeKalb","13-089-0002","AQS"
"03/28/2012","75","","Yorkville, King Farm","13-223-0003","AQS"
"03/29/2012","71","","Yorkville, King Farm","13-223-0003","AQS"
"03/30/2012","66","","South DeKalb","13-089-0002","AQS"
"03/31/2012","67","","Yorkville, King Farm","13-223-0003","AQS"
"04/01/2012","55","","Yorkville, King Farm","13-223-0003","AQS"
"04/02/2012","65","","E. Rivers School","13-121-0032","AQS"
"04/03/2012","69","","Forest Park","13-063-0091","AQS"
"04/04/2012","104","","Yorkville, King Farm","13-223-0003","AQS"
"04/05/2012","55","","Yorkville, King Farm","13-223-0003","AQS"
"04/06/2012","53","","Yorkville, King Farm","13-223-0003","AQS"
"04/07/2012","56","","South DeKalb","13-089-0002","AQS"
"04/08/2012","61","","South DeKalb","13-089-0002","AQS"
"04/09/2012","54","","South DeKalb","13-089-0002","AQS"
"04/10/2012","57","","South DeKalb","13-089-0002","AQS"
"04/11/2012","43","","Yorkville, King Farm","13-223-0003","AQS"
"04/12/2012","51","","Yorkville, King Farm","13-223-0003","AQS"
"04/13/2012","59","","South DeKalb","13-089-0002","AQS"
"04/14/2012","66","","South DeKalb","13-089-0002","AQS"
"04/15/2012","61","","South DeKalb","13-089-0002","AQS"
"04/16/2012","60","","South DeKalb","13-089-0002","AQS"
"04/17/2012","63","","South DeKalb","13-089-0002","AQS"
"04/18/2012","62","","Gwinnett","13-135-0002","AQS"
"04/19/2012","56","","South DeKalb","13-089-0002","AQS"
"04/20/2012","67","","Newnan","13-077-0002","AQS"
"04/21/2012","69","","Yorkville, King Farm","13-223-0003","AQS"
"04/22/2012","37","","South DeKalb","13-089-0002","AQS"
"04/23/2012","51","","Yorkville, King Farm","13-223-0003","AQS"
"04/24/2012","53","","Fire Station #8","13-121-0039","AQS"
"04/25/2012","65","","Yorkville, King Farm","13-223-0003","AQS"
"04/26/2012","71","","Yorkville, King Farm","13-223-0003","AQS"
"04/27/2012","76","","South DeKalb","13-089-0002","AQS"
"04/28/2012","72","","McDonough","13-151-0002","AQS"
"04/29/2012","74","","South DeKalb","13-089-0002","AQS"
"04/30/2012","77","","South DeKalb","13-089-0002","AQS"
"05/01/2012","71","","South DeKalb","13-089-0002","AQS"
"05/02/2012","69","","South DeKalb","13-089-0002","AQS"
"05/03/2012","63","","South DeKalb","13-089-0002","AQS"
"05/04/2012","63","","South DeKalb","13-089-0002","AQS"
"05/05/2012","66","","Yorkville, King Farm","13-223-0003","AQS"
"05/06/2012","62","","South DeKalb","13-089-0002","AQS"
"05/07/2012","60","","Yorkville, King Farm","13-223-0003","AQS"
"05/08/2012","55","","Yorkville, King Farm","13-223-0003","AQS"
"05/09/2012","56","","Yorkville, King Farm","13-223-0003","AQS"
"05/10/2012","53","","Yorkville, King Farm","13-223-0003","AQS"
"05/11/2012","56","","Yorkville, King Farm","13-223-0003","AQS"
"05/12/2012","71","","McDonough","13-151-0002","AQS"
"05/13/2012","67","","McDonough","13-151-0002","AQS"
"05/14/2012","51","","E. Rivers School","13-121-0032","AQS"
"05/15/2012","60","","McDonough","13-151-0002","AQS"
"05/16/2012","59","","Yorkville, King Farm","13-223-0003","AQS"
"05/17/2012","65","","Yorkville, King Farm","13-223-0003","AQS"
"05/18/2012","62","","Yorkville, King Farm","13-223-0003","AQS"
"05/19/2012","67","","Yorkville, King Farm","13-223-0003","AQS"
"05/20/2012","63","","Yorkville, King Farm","13-223-0003","AQS"
"05/21/2012","64","","Forest Park","13-063-0091","AQS"
"05/22/2012","54","","Yorkville, King Farm","13-223-0003","AQS"
"05/23/2012","63","","United Avenue","13-121-0055","AQS"
"05/24/2012","75","","United Avenue","13-121-0055","AQS"
"05/25/2012","75","","Yorkville, King Farm","13-223-0003","AQS"
"05/26/2012","76","","Gwinnett","13-135-0002","AQS"
"05/27/2012","64","","Yorkville, King Farm","13-223-0003","AQS"
"05/28/2012","42","","Yorkville, King Farm","13-223-0003","AQS"
"05/29/2012","53","","Yorkville, King Farm","13-223-0003","AQS"
"05/30/2012","52","","Forest Park","13-063-0091","AQS"
"05/31/2012","59","","South DeKalb","13-089-0002","AQS"
"06/01/2012","52","","Yorkville, King Farm","13-223-0003","AQS"
"06/02/2012","49","","Yorkville, King Farm","13-223-0003","AQS"
"06/03/2012","68","","United Avenue","13-121-0055","AQS"
"06/04/2012","57","","Newnan","13-077-0002","AQS"
"06/05/2012","54","","Yorkville, King Farm","13-223-0003","AQS"
"06/06/2012","60","","McDonough","13-151-0002","AQS"
"06/07/2012","57","","Yorkville, King Farm","13-223-0003","AQS"
"06/08/2012","60","","Yorkville, King Farm","13-223-0003","AQS"
"06/09/2012","58","","Yorkville, King Farm","13-223-0003","AQS"
"06/10/2012","42","","Gwinnett","13-135-0002","AQS"
"06/11/2012","41","","Yorkville, King Farm","13-223-0003","AQS"
"06/12/2012","51","","Yorkville, King Farm","13-223-0003","AQS"
"06/13/2012","69","","Yorkville, King Farm","13-223-0003","AQS"
"06/14/2012","68","","Yorkville, King Farm","13-223-0003","AQS"
"06/15/2012","64","","Yorkville, King Farm","13-223-0003","AQS"
"06/16/2012","59","","Yorkville, King Farm","13-223-0003","AQS"
"06/17/2012","61","","Yorkville, King Farm","13-223-0003","AQS"
"06/18/2012","70","","Yorkville, King Farm","13-223-0003","AQS"
"06/19/2012","68","","McDonough","13-151-0002","AQS"
"06/20/2012","61","","South DeKalb","13-089-0002","AQS"
"06/21/2012","64","","Yorkville, King Farm","13-223-0003","AQS"
"06/22/2012","67","","Yorkville, King Farm","13-223-0003","AQS"
"06/23/2012","75","","Yorkville, King Farm","13-223-0003","AQS"
"06/24/2012","67","","Yorkville, King Farm","13-223-0003","AQS"
"06/25/2012","55","","Yorkville, King Farm","13-223-0003","AQS"
"06/26/2012","67","","Yorkville, King Farm","13-223-0003","AQS"
"06/27/2012","61","","Yorkville, King Farm","13-223-0003","AQS"
"06/28/2012","73","","Gwinnett","13-135-0002","AQS"
"06/29/2012","82","","Yorkville, King Farm","13-223-0003","AQS"
"06/30/2012","99","","McDonough","13-151-0002","AQS"
"07/01/2012","91","","Yorkville, King Farm","13-223-0003","AQS"
"07/02/2012","69","","Yorkville, King Farm","13-223-0003","AQS"
"07/03/2012","74","","United Avenue","13-121-0055","AQS"
"07/04/2012","79","","United Avenue","13-121-0055","AQS"
"07/05/2012","88","","Gwinnett","13-135-0002","AQS"
"07/06/2012","63","","McDonough","13-151-0002","AQS"
"07/07/2012","69","","Yorkville, King Farm","13-223-0003","AQS"
"07/08/2012","72","","Yorkville, King Farm","13-223-0003","AQS"
"07/09/2012","71","","McDonough","13-151-0002","AQS"
"07/10/2012","62","","McDonough","13-151-0002","AQS"
"07/11/2012","52","","Yorkville, King Farm","13-223-0003","AQS"
"07/12/2012","55","","E. Rivers School","13-121-0032","AQS"
"07/13/2012","49","","Yorkville, King Farm","13-223-0003","AQS"
"07/14/2012","53","","Yorkville, King Farm","13-223-0003","AQS"
"07/15/2012","53","","Yorkville, King Farm","13-223-0003","AQS"
"07/16/2012","57","","Yorkville, King Farm","13-223-0003","AQS"
"07/17/2012","61","","Yorkville, King Farm","13-223-0003","AQS"
"07/18/2012","54","","Yorkville, King Farm","13-223-0003","AQS"
"07/19/2012","56","","Gwinnett","13-135-0002","AQS"
"07/20/2012","62","","Forest Park","13-063-0091","AQS"
"07/21/2012","58","","Yorkville, King Farm","13-223-0003","AQS"
"07/22/2012","56","","Yorkville, King Farm","13-223-0003","AQS"
"07/23/2012","61","","South DeKalb","13-089-0002","AQS"
"07/24/2012","64","","Yorkville, King Farm","13-223-0003","AQS"
"07/25/2012","68","","Yorkville, King Farm","13-223-0003","AQS"
"07/26/2012","73","","South DeKalb","13-089-0002","AQS"
"07/27/2012","62","","South DeKalb","13-089-0002","AQS"
"07/28/2012","61","","South DeKalb","13-089-0002","AQS"
"07/29/2012","66","","South DeKalb","13-089-0002","AQS"
"07/30/2012","67","","South DeKalb","13-089-0002","AQS"
"07/31/2012","63","","South DeKalb","13-089-0002","AQS"
"08/01/2012","68","","Yorkville, King Farm","13-223-0003","AQS"
"08/02/2012","69","","McDonough","13-151-0002","AQS"
"08/03/2012","69","","Yorkville, King Farm","13-223-0003","AQS"
"08/04/2012","66","","Yorkville, King Farm","13-223-0003","AQS"
"08/05/2012","55","","Yorkville, King Farm","13-223-0003","AQS"
"08/06/2012","51","","Gwinnett","13-135-0002","AQS"
"08/07/2012","53","","Yorkville, King Farm","13-223-0003","AQS"
"08/08/2012","54","","Newnan","13-077-0002","AQS"
"08/09/2012","55","","Yorkville, King Farm","13-223-0003","AQS"
"08/10/2012","61","","Yorkville, King Farm","13-223-0003","AQS"
"08/11/2012","52","","South DeKalb","13-089-0002","AQS"
"08/12/2012","61","","South DeKalb","13-089-0002","AQS"
"08/13/2012","67","","South DeKalb","13-089-0002","AQS"
"08/14/2012","58","","South DeKalb","13-089-0002","AQS"
"08/15/2012","67","","Yorkville, King Farm","13-223-0003","AQS"
"08/16/2012","80","","McDonough","13-151-0002","AQS"
"08/17/2012","66","","McDonough","13-151-0002","AQS"
"08/18/2012","63","","Yorkville, King Farm","13-223-0003","AQS"
"08/19/2012","53","","Yorkville, King Farm","13-223-0003","AQS"
"08/20/2012","67","","South DeKalb","13-089-0002","AQS"
"08/21/2012","73","","South DeKalb","13-089-0002","AQS"
"08/22/2012","63","","South DeKalb","13-089-0002","AQS"
"08/23/2012","65","","Yorkville, King Farm","13-223-0003","AQS"
"08/24/2012","61","","South DeKalb","13-089-0002","AQS"
"08/25/2012","71","","Gwinnett","13-135-0002","AQS"
"08/26/2012","71","","Yorkville, King Farm","13-223-0003","AQS"
"08/27/2012","64","","South DeKalb","13-089-0002","AQS"
"08/28/2012","39","","Gwinnett","13-135-0002","AQS"
"08/29/2012","53","","Yorkville, King Farm","13-223-0003","AQS"
"08/30/2012","43","","Yorkville, King Farm","13-223-0003","AQS"
"08/31/2012","53","","Yorkville, King Farm","13-223-0003","AQS"
"09/01/2012","61","","South DeKalb","13-089-0002","AQS"
"09/02/2012","57","","Yorkville, King Farm","13-223-0003","AQS"
"09/03/2012","55","","South DeKalb","13-089-0002","AQS"
"09/04/2012","51","","South DeKalb","13-089-0002","AQS"
"09/05/2012","53","","Yorkville, King Farm","13-223-0003","AQS"
"09/06/2012","56","","South DeKalb","13-089-0002","AQS"
"09/07/2012","69","","South DeKalb","13-089-0002","AQS"
"09/08/2012","52","","Yorkville, King Farm","13-223-0003","AQS"
"09/09/2012","38","","Yorkville, King Farm","13-223-0003","AQS"
"09/10/2012","67","","South DeKalb","13-089-0002","AQS"
"09/11/2012","70","","South DeKalb","13-089-0002","AQS"
"09/12/2012","73","","South DeKalb","13-089-0002","AQS"
"09/13/2012","70","","South DeKalb","13-089-0002","AQS"
"09/14/2012","67","","South DeKalb","13-089-0002","AQS"
"09/15/2012","70","","South DeKalb","13-089-0002","AQS"
"09/16/2012","69","","South DeKalb","13-089-0002","AQS"
"09/17/2012","58","","Yorkville, King Farm","13-223-0003","AQS"
"09/18/2012","44","","Yorkville, King Farm","13-223-0003","AQS"
"09/19/2012","62","","South DeKalb","13-089-0002","AQS"
"09/20/2012","70","","South DeKalb","13-089-0002","AQS"
"09/21/2012","71","","South DeKalb","13-089-0002","AQS"
"09/22/2012","73","","South DeKalb","13-089-0002","AQS"
"09/23/2012","64","","South DeKalb","13-089-0002","AQS"
"09/24/2012","61","","South DeKalb","13-089-0002","AQS"
"09/25/2012","67","","South DeKalb","13-089-0002","AQS"
"09/26/2012","69","","South DeKalb","13-089-0002","AQS"
"09/27/2012","71","","South DeKalb","13-089-0002","AQS"
"09/28/2012","67","","South DeKalb","13-089-0002","AQS"
"09/29/2012","71","","Yorkville, King Farm","13-223-0003","AQS"
"09/30/2012","65","","South DeKalb","13-089-0002","AQS"
"10/01/2012","23","","Doraville","13-089-2001","AQS"
"10/02/2012","36","","Yorkville, King Farm","13-223-0003","AQS"
"10/03/2012","59","","South DeKalb","13-089-0002","AQS"
"10/04/2012","72","","South DeKalb","13-089-0002","AQS"
"10/05/2012","79","","South DeKalb","13-089-0002","AQS"
"10/06/2012","74","","South DeKalb","13-089-0002","AQS"
"10/07/2012","60","","South DeKalb","13-089-0002","AQS"
"10/08/2012","62","","South DeKalb","13-089-0002","AQS"
"10/09/2012","69","","South DeKalb","13-089-0002","AQS"
"10/10/2012","69","","South DeKalb","13-089-0002","AQS"
"10/11/2012","71","","South DeKalb","13-089-0002","AQS"
"10/12/2012","69","","South DeKalb","13-089-0002","AQS"
"10/13/2012","66","","South DeKalb","13-089-0002","AQS"
"10/14/2012","68","","South DeKalb","13-089-0002","AQS"
"10/15/2012","61","","South DeKalb","13-089-0002","AQS"
"10/16/2012","66","","South DeKalb","13-089-0002","AQS"
"10/17/2012","71","","South DeKalb","13-089-0002","AQS"
"10/18/2012","68","","South DeKalb","13-089-0002","AQS"
"10/19/2012","68","","South DeKalb","13-089-0002","AQS"
"10/20/2012","63","","South DeKalb","13-089-0002","AQS"
"10/21/2012","63","","South DeKalb","13-089-0002","AQS"
"10/22/2012","82","","South DeKalb","13-089-0002","AQS"
"10/23/2012","69","","South DeKalb","13-089-0002","AQS"
"10/24/2012","72","","South DeKalb","13-089-0002","AQS"
"10/25/2012","65","","South DeKalb","13-089-0002","AQS"
"10/26/2012","58","","South DeKalb","13-089-0002","AQS"
"10/27/2012","64","","South DeKalb","13-089-0002","AQS"
"10/28/2012","55","","South DeKalb","13-089-0002","AQS"
"10/29/2012","61","","South DeKalb","13-089-0002","AQS"
"10/30/2012","62","","South DeKalb","13-089-0002","AQS"
"10/31/2012","42","","Yorkville, King Farm","13-223-0003","AQS"
"11/01/2012","39","","Yorkville, King Farm","13-223-0003","AQS"
"11/02/2012","66","","Fire Station #8","13-121-0039","AQS"
"11/03/2012","83","","South DeKalb","13-089-0002","AQS"
"11/04/2012","76","","South DeKalb","13-089-0002","AQS"
"11/05/2012","67","","South DeKalb","13-089-0002","AQS"
"11/06/2012","74","","South DeKalb","13-089-0002","AQS"
"11/07/2012","73","","South DeKalb","13-089-0002","AQS"
"11/08/2012","74","","South DeKalb","13-089-0002","AQS"
"11/09/2012","66","","Yorkville, King Farm","13-223-0003","AQS"
"11/10/2012","73","","E. Rivers School","13-121-0032","AQS"
"11/11/2012","65","","E. Rivers School","13-121-0032","AQS"
"11/12/2012","39","","E. Rivers School","13-121-0032","AQS"
"11/13/2012","37","","E. Rivers School","13-121-0032","AQS"
"11/14/2012","51","","E. Rivers School","13-121-0032","AQS"
"11/15/2012","61","","Doraville","13-089-2001","AQS"
"11/16/2012","76","","South DeKalb","13-089-0002","AQS"
"11/17/2012","72","","South DeKalb","13-089-0002","AQS"
"11/18/2012","56","","South DeKalb","13-089-0002","AQS"
"11/19/2012","53","","South DeKalb","13-089-0002","AQS"
"11/20/2012","65","","Kennesaw","13-067-0003","AQS"
"11/21/2012","69","","South DeKalb","13-089-0002","AQS"
"11/22/2012","74","","South DeKalb","13-089-0002","AQS"
"11/23/2012","73","","Gwinnett","13-135-0002","AQS"
"11/24/2012","58","","South DeKalb","13-089-0002","AQS"
"11/25/2012","62","","South DeKalb","13-089-0002","AQS"
"11/26/2012","70","","South DeKalb","13-089-0002","AQS"
"11/27/2012","70","","South DeKalb","13-089-0002","AQS"
"11/28/2012","66","","South DeKalb","13-089-0002","AQS"
"11/29/2012","80","","E. Rivers School","13-121-0032","AQS"
"11/30/2012","79","","South DeKalb","13-089-0002","AQS"
"12/01/2012","82","","E. Rivers School","13-121-0032","AQS"
"12/02/2012","65","","Gwinnett","13-135-0002","AQS"
"12/03/2012","62","","South DeKalb","13-089-0002","AQS"
"12/04/2012","61","","South DeKalb","13-089-0002","AQS"
"12/05/2012","58","","South DeKalb","13-089-0002","AQS"
"12/06/2012","53","","South DeKalb","13-089-0002","AQS"
"12/07/2012","60","","South DeKalb","13-089-0002","AQS"
"12/08/2012","69","","Kennesaw","13-067-0003","AQS"
"12/09/2012","57","","Kennesaw","13-067-0003","AQS"
"12/10/2012","26","","Kennesaw","13-067-0003","AQS"
"12/11/2012","61","","South DeKalb","13-089-0002","AQS"
"12/12/2012","62","","South DeKalb","13-089-0002","AQS"
"12/13/2012","66","","South DeKalb","13-089-0002","AQS"
"12/14/2012","71","","South DeKalb","13-089-0002","AQS"
"12/15/2012","70","","South DeKalb","13-089-0002","AQS"
"12/16/2012","64","","South DeKalb","13-089-0002","AQS"
"12/17/2012","34","","South DeKalb","13-089-0002","AQS"
"12/18/2012","58","","South DeKalb","13-089-0002","AQS"
"12/19/2012","73","","South DeKalb","13-089-0002","AQS"
"12/20/2012","64","","South DeKalb","13-089-0002","AQS"
"12/21/2012","51","","South DeKalb","13-089-0002","AQS"
"12/22/2012","42","","E. Rivers School","13-121-0032","AQS"
"12/23/2012","67","","South DeKalb","13-089-0002","AQS"
"12/24/2012","50","","E. Rivers School","13-121-0032","AQS"
"12/25/2012","47","","South DeKalb","13-089-0002","AQS"
"12/26/2012","30","","Yorkville, King Farm","13-223-0003","AQS"
"12/27/2012","52","","Yorkville, King Farm","13-223-0003","AQS"
"12/28/2012","74","","South DeKalb","13-089-0002","AQS"
"12/29/2012","52","","South DeKalb","13-089-0002","AQS"
"12/30/2012","58","","E. Rivers School","13-121-0032","AQS"
"12/31/2012","77","","South DeKalb","13-089-0002","AQS"
"01/01/2013","68","","Gwinnett","13-135-0002","AQS"
"01/02/2013","58","","McDonough","13-151-0002","AQS"
"01/03/2013","60","","Yorkville, King Farm","13-223-0003","AQS"
"01/04/2013","54","","Fire Station #8","13-121-0039","AQS"
"01/05/2013","74","","South DeKalb","13-089-0002","AQS"
"01/06/2013","46","","Kennesaw","13-067-0003","AQS"
"01/07/2013","62","","South DeKalb","13-089-0002","AQS"
"01/08/2013","68","","South DeKalb","13-089-0002","AQS"
"01/09/2013","65","","South DeKalb","13-089-0002","AQS"
"01/10/2013","60","","South DeKalb","13-089-0002","AQS"
"01/11/2013","54","","United Avenue","13-121-0055","AQS"
"01/12/2013","53","","South DeKalb","13-089-0002","AQS"
"01/13/2013","55","","South DeKalb","13-089-0002","AQS"
"01/14/2013","41","","South DeKalb","13-089-0002","AQS"
"01/15/2013","51","","South DeKalb","13-089-0002","AQS"
"01/16/2013","35","","Forest Park","13-063-0091","AQS"
"01/17/2013","30","","Yorkville, King Farm","13-223-0003","AQS"
"01/18/2013","49","","Kennesaw","13-067-0003","AQS"
"01/19/2013","55","","South DeKalb","13-089-0002","AQS"
"01/20/2013","56","","Kennesaw","13-067-0003","AQS"
"01/21/2013","53","","South DeKalb","13-089-0002","AQS"
"01/22/2013","34","","Yorkville, King Farm","13-223-0003","AQS"
"01/23/2013","56","","Yorkville, King Farm","13-223-0003","AQS"
"01/24/2013","58","","Kennesaw","13-067-0003","AQS"
"01/25/2013","62","","Kennesaw","13-067-0003","AQS"
"01/26/2013","57","","Kennesaw","13-067-0003","AQS"
"01/27/2013","63","","Yorkville, King Farm","13-223-0003","AQS"
"01/28/2013","83","","Gwinnett","13-135-0002","AQS"
"01/29/2013","78","","Kennesaw","13-067-0003","AQS"
"01/30/2013","34","","South DeKalb","13-089-0002","AQS"
"01/31/2013","31","","Yorkville, King Farm","13-223-0003","AQS"
"02/01/2013","36","","South DeKalb","13-089-0002","AQS"
"02/02/2013","62","","Kennesaw","13-067-0003","AQS"
"02/03/2013","52","","South DeKalb","13-089-0002","AQS"
"02/04/2013","52","","South DeKalb","13-089-0002","AQS"
"02/05/2013","68","","South DeKalb","13-089-0002","AQS"
"02/06/2013","60","","South DeKalb","13-089-0002","AQS"
"02/07/2013","59","","South DeKalb","13-089-0002","AQS"
"02/08/2013","55","","Kennesaw","13-067-0003","AQS"
"02/09/2013","54","","Yorkville, King Farm","13-223-0003","AQS"
"02/10/2013","49","","Yorkville, King Farm","13-223-0003","AQS"
"02/11/2013","27","","Yorkville, King Farm","13-223-0003","AQS"
"02/12/2013","32","","Forest Park","13-063-0091","AQS"
"02/13/2013","33","","Yorkville, King Farm","13-223-0003","AQS"
"02/14/2013","48","","Yorkville, King Farm","13-223-0003","AQS"
"02/15/2013","57","","Fire Station #8","13-121-0039","AQS"
"02/16/2013","38","","Yorkville, King Farm","13-223-0003","AQS"
"02/17/2013","39","","South DeKalb","13-089-0002","AQS"
"02/18/2013","64","","South DeKalb","13-089-0002","AQS"
"02/19/2013","55","","Yorkville, King Farm","13-223-0003","AQS"
"02/20/2013","33","","South DeKalb","13-089-0002","AQS"
"02/21/2013","55","","South DeKalb","13-089-0002","AQS"
"02/22/2013","53","","Yorkville, King Farm","13-223-0003","AQS"
"02/23/2013","26","","South DeKalb","13-089-0002","AQS"
"02/24/2013","52","","South DeKalb","13-089-0002","AQS"
"02/25/2013","53","","South DeKalb","13-089-0002","AQS"
"02/26/2013","27","","Yorkville, King Farm","13-223-0003","AQS"
"02/27/2013","48","","Yorkville, King Farm","13-223-0003","AQS"
"02/28/2013","48","","Yorkville, King Farm","13-223-0003","AQS"
"03/01/2013","54","","South DeKalb","13-089-0002","AQS"
"03/02/2013","47","","South DeKalb","13-089-0002","AQS"
"03/03/2013","55","","South DeKalb","13-089-0002","AQS"
"03/04/2013","65","","South DeKalb","13-089-0002","AQS"
"03/05/2013","55","","Yorkville, King Farm","13-223-0003","AQS"
"03/06/2013","55","","South DeKalb","13-089-0002","AQS"
"03/07/2013","59","","South DeKalb","13-089-0002","AQS"
"03/08/2013","59","","South DeKalb","13-089-0002","AQS"
"03/09/2013","71","","McDonough","13-151-0002","AQS"
"03/10/2013","61","","South DeKalb","13-089-0002","AQS"
"03/11/2013","28","","South DeKalb","13-089-0002","AQS"
"03/12/2013","38","","South DeKalb","13-089-0002","AQS"
"03/13/2013","42","","South DeKalb","13-089-0002","AQS"
"03/14/2013","54","","South DeKalb","13-089-0002","AQS"
"03/15/2013","67","","Newnan","13-077-0002","AQS"
"03/16/2013","61","","South DeKalb","13-089-0002","AQS"
"03/17/2013","58","","Yorkville, King Farm","13-223-0003","AQS"
"03/18/2013","54","","Kennesaw","13-067-0003","AQS"
"03/19/2013","41","","South DeKalb","13-089-0002","AQS"
"03/20/2013","39","","South DeKalb","13-089-0002","AQS"
"03/21/2013","53","","South DeKalb","13-089-0002","AQS"
"03/22/2013","56","","South DeKalb","13-089-0002","AQS"
"03/23/2013","66","","South DeKalb","13-089-0002","AQS"
"03/24/2013","29","","Yorkville, King Farm","13-223-0003","AQS"
"03/25/2013","47","","Yorkville, King Farm","13-223-0003","AQS"
"03/26/2013","53","","South DeKalb","13-089-0002","AQS"
"03/27/2013","57","","South DeKalb","13-089-0002","AQS"
"03/28/2013","65","","South DeKalb","13-089-0002","AQS"
"03/29/2013","75","","South DeKalb","13-089-0002","AQS"
"03/30/2013","69","","South DeKalb","13-089-0002","AQS"
"03/31/2013","58","","South DeKalb","13-089-0002","AQS"
"04/01/2013","47","","South DeKalb","13-089-0002","AQS"
"04/02/2013","54","","South DeKalb","13-089-0002","AQS"
"04/03/2013","59","","McDonough","13-151-0002","AQS"
"04/04/2013","53","","South DeKalb","13-089-0002","AQS"
"04/05/2013","48","","South DeKalb","13-089-0002","AQS"
"04/06/2013","64","","South DeKalb","13-089-0002","AQS"
"04/07/2013","61","","South DeKalb","13-089-0002","AQS"
"04/08/2013","63","","South DeKalb","13-089-0002","AQS"
"04/09/2013","71","","South DeKalb","13-089-0002","AQS"
"04/10/2013","78","","Yorkville, King Farm","13-223-0003","AQS"
"04/11/2013","59","","Yorkville, King Farm","13-223-0003","AQS"
"04/12/2013","26","","South DeKalb","13-089-0002","AQS"
"04/13/2013","49","","South DeKalb","13-089-0002","AQS"
"04/14/2013","56","","South DeKalb","13-089-0002","AQS"
"04/15/2013","58","","Yorkville, King Farm","13-223-0003","AQS"
"04/16/2013","64","","South DeKalb","13-089-0002","AQS"
"04/17/2013","66","","South DeKalb","13-089-0002","AQS"
"04/18/2013","57","","South DeKalb","13-089-0002","AQS"
"04/19/2013","41","","Yorkville, King Farm","13-223-0003","AQS"
"04/20/2013","44","","South DeKalb","13-089-0002","AQS"
"04/21/2013","58","","South DeKalb","13-089-0002","AQS"
"04/22/2013","58","","South DeKalb","13-089-0002","AQS"
"04/23/2013","56","","South DeKalb","13-089-0002","AQS"
"04/24/2013","58","","South DeKalb","13-089-0002","AQS"
"04/25/2013","52","","South DeKalb","13-089-0002","AQS"
"04/26/2013","63","","South DeKalb","13-089-0002","AQS"
"04/27/2013","69","","South DeKalb","13-089-0002","AQS"
"04/28/2013","57","","South DeKalb","13-089-0002","AQS"
"04/29/2013","52","","Yorkville, King Farm","13-223-0003","AQS"
"04/30/2013","59","","South DeKalb","13-089-0002","AQS"
"05/01/2013","52","","Yorkville, King Farm","13-223-0003","AQS"
"05/02/2013","39","","South DeKalb","13-089-0002","AQS"
"05/03/2013","48","","South DeKalb","13-089-0002","AQS"
"05/04/2013","21","","South DeKalb","13-089-0002","AQS"
"05/05/2013","35","","South DeKalb","13-089-0002","AQS"
"05/06/2013","40","","South DeKalb","13-089-0002","AQS"
"05/07/2013","34","","South DeKalb","13-089-0002","AQS"
"05/08/2013","56","","South DeKalb","13-089-0002","AQS"
"05/09/2013","62","","South DeKalb","13-089-0002","AQS"
"05/10/2013","66","","South DeKalb","13-089-0002","AQS"
"05/11/2013","55","","South DeKalb","13-089-0002","AQS"
"05/12/2013","46","","South DeKalb","13-089-0002","AQS"
"05/13/2013","55","","Yorkville, King Farm","13-223-0003","AQS"
"05/14/2013","64","","South DeKalb","13-089-0002","AQS"
"05/15/2013","70","","South DeKalb","13-089-0002","AQS"
"05/16/2013","77","","South DeKalb","13-089-0002","AQS"
"05/17/2013","68","","South DeKalb","13-089-0002","AQS"
"05/18/2013","52","","Yorkville, King Farm","13-223-0003","AQS"
"05/19/2013","53","","Yorkville, King Farm","13-223-0003","AQS"
"05/20/2013","61","","South DeKalb","13-089-0002","AQS"
"05/21/2013","67","","South DeKalb","13-089-0002","AQS"
"05/22/2013","58","","South DeKalb","13-089-0002","AQS"
"05/23/2013","51","","Yorkville, King Farm","13-223-0003","AQS"
"05/24/2013","40","","Yorkville, King Farm","13-223-0003","AQS"
"05/25/2013","43","","Yorkville, King Farm","13-223-0003","AQS"
"05/26/2013","56","","Yorkville, King Farm","13-223-0003","AQS"
"05/27/2013","62","","Yorkville, King Farm","13-223-0003","AQS"
"05/28/2013","57","","Yorkville, King Farm","13-223-0003","AQS"
"05/29/2013","55","","Yorkville, King Farm","13-223-0003","AQS"
"05/30/2013","56","","Yorkville, King Farm","13-223-0003","AQS"
"05/31/2013","48","","United Avenue","13-121-0055","AQS"
"06/01/2013","52","","Yorkville, King Farm","13-223-0003","AQS"
"06/02/2013","47","","Yorkville, King Farm","13-223-0003","AQS"
"06/03/2013","54","","Yorkville, King Farm","13-223-0003","AQS"
"06/04/2013","56","","Kennesaw","13-067-0003","AQS"
"06/05/2013","54","","Kennesaw","13-067-0003","AQS"
"06/06/2013","33","","Fire Station #8","13-121-0039","AQS"
"06/07/2013","51","","Yorkville, King Farm","13-223-0003","AQS"
"06/08/2013","69","","South DeKalb","13-089-0002","AQS"
"06/09/2013","61","","South DeKalb","13-089-0002","AQS"
"06/10/2013","45","","Yorkville, King Farm","13-223-0003","AQS"
"06/11/2013","61","","Newnan","13-077-0002","AQS"
"06/12/2013","73","","Newnan","13-077-0002","AQS"
"06/13/2013","72","","South DeKalb","13-089-0002","AQS"
"06/14/2013","56","","South DeKalb","13-089-0002","AQS"
"06/15/2013","65","","South DeKalb","13-089-0002","AQS"
"06/16/2013","71","","South DeKalb","13-089-0002","AQS"
"06/17/2013","53","","Yorkville, King Farm","13-223-0003","AQS"
"06/18/2013","56","","Fire Station #8","13-121-0039","AQS"
"06/19/2013","48","","Yorkville, King Farm","13-223-0003","AQS"
"06/20/2013","63","","South DeKalb","13-089-0002","AQS"
"06/21/2013","63","","South DeKalb","13-089-0002","AQS"
"06/22/2013","65","","Yorkville, King Farm","13-223-0003","AQS"
"06/23/2013","56","","Yorkville, King Farm","13-223-0003","AQS"
"06/24/2013","59","","Forest Park","13-063-0091","AQS"
"06/25/2013","77","","Yorkville, King Farm","13-223-0003","AQS"
"06/26/2013","69","","Yorkville, King Farm","13-223-0003","AQS"
"06/27/2013","65","","Yorkville, King Farm","13-223-0003","AQS"
"06/28/2013","67","","Yorkville, King Farm","13-223-0003","AQS"
"06/29/2013","59","","Yorkville, King Farm","13-223-0003","AQS"
"06/30/2013","56","","Gwinnett","13-135-0002","AQS"
"07/01/2013","61","","Yorkville, King Farm","13-223-0003","AQS"
"07/02/2013","59","","Yorkville, King Farm","13-223-0003","AQS"
"07/03/2013","37","","Yorkville, King Farm","13-223-0003","AQS"
"07/04/2013","41","","Yorkville, King Farm","13-223-0003","AQS"
"07/05/2013","52","","Yorkville, King Farm","13-223-0003","AQS"
"07/06/2013","31","","Yorkville, King Farm","13-223-0003","AQS"
"07/07/2013","41","","Yorkville, King Farm","13-223-0003","AQS"
"07/08/2013","33","","South DeKalb","13-089-0002","AQS"
"07/09/2013","53","","Yorkville, King Farm","13-223-0003","AQS"
"07/10/2013","53","","Yorkville, King Farm","13-223-0003","AQS"
"07/11/2013","52","","South DeKalb","13-089-0002","AQS"
"07/12/2013","60","","Yorkville, King Farm","13-223-0003","AQS"
"07/13/2013","51","","Yorkville, King Farm","13-223-0003","AQS"
"07/14/2013","45","","Yorkville, King Farm","13-223-0003","AQS"
"07/15/2013","41","","Yorkville, King Farm","13-223-0003","AQS"
"07/16/2013","50","","Yorkville, King Farm","13-223-0003","AQS"
"07/17/2013","52","","Yorkville, King Farm","13-223-0003","AQS"
"07/18/2013","56","","Fire Station #8","13-121-0039","AQS"
"07/19/2013","60","","United Avenue","13-121-0055","AQS"
"07/20/2013","59","","Yorkville, King Farm","13-223-0003","AQS"
"07/21/2013","48","","Yorkville, King Farm","13-223-0003","AQS"
"07/22/2013","51","","South DeKalb","13-089-0002","AQS"
"07/23/2013","43","","Yorkville, King Farm","13-223-0003","AQS"
"07/24/2013","57","","Yorkville, King Farm","13-223-0003","AQS"
"07/25/2013","61","","United Avenue","13-121-0055","AQS"
"07/26/2013","65","","United Avenue","13-121-0055","AQS"
"07/27/2013","75","","United Avenue","13-121-0055","AQS"
"07/28/2013","66","","South DeKalb","13-089-0002","AQS"
"07/29/2013","59","","South DeKalb","13-089-0002","AQS"
"07/30/2013","63","","South DeKalb","13-089-0002","AQS"
"07/31/2013","55","","Yorkville, King Farm","13-223-0003","AQS"
"08/01/2013","54","","Yorkville, King Farm","13-223-0003","AQS"
"08/02/2013","63","","Newnan","13-077-0002","AQS"
"08/03/2013","71","","McDonough","13-151-0002","AQS"
"08/04/2013","63","","Yorkville, King Farm","13-223-0003","AQS"
"08/05/2013","66","","Forest Park","13-063-0091","AQS"
"08/06/2013","66","","United Avenue","13-121-0055","AQS"
"08/07/2013","68","","Yorkville, King Farm","13-223-0003","AQS"
"08/08/2013","61","","Yorkville, King Farm","13-223-0003","AQS"
"08/09/2013","56","","McDonough","13-151-0002","AQS"
"08/10/2013","52","","United Avenue","13-121-0055","AQS"
"08/11/2013","52","","Fire Station #8","13-121-0039","AQS"
"08/12/2013","52","","Yorkville, King Farm","13-223-0003","AQS"
"08/13/2013","53","","Yorkville, King Farm","13-223-0003","AQS"
"08/14/2013","61","","Yorkville, King Farm","13-223-0003","AQS"
"08/15/2013","63","","Yorkville, King Farm","13-223-0003","AQS"
"08/16/2013","56","","South DeKalb","13-089-0002","AQS"
"08/17/2013","44","","South DeKalb","13-089-0002","AQS"
"08/18/2013","38","","Yorkville, King Farm","13-223-0003","AQS"
"08/19/2013","42","","Yorkville, King Farm","13-223-0003","AQS"
"08/20/2013","52","","Yorkville, King Farm","13-223-0003","AQS"
"08/21/2013","55","","Yorkville, King Farm","13-223-0003","AQS"
"08/22/2013","50","","Kennesaw","13-067-0003","AQS"
"08/23/2013","58","","Yorkville, King Farm","13-223-0003","AQS"
"08/24/2013","64","","Yorkville, King Farm","13-223-0003","AQS"
"08/25/2013","58","","South DeKalb","13-089-0002","AQS"
"08/26/2013","62","","South DeKalb","13-089-0002","AQS"
"08/27/2013","68","","South DeKalb","13-089-0002","AQS"
"08/28/2013","75","","Fire Station #8","13-121-0039","AQS"
"08/29/2013","78","","United Avenue","13-121-0055","AQS"
"08/30/2013","86","","Yorkville, King Farm","13-223-0003","AQS"
"08/31/2013","74","","Yorkville, King Farm","13-223-0003","AQS"
"09/01/2013","67","","Yorkville, King Farm","13-223-0003","AQS"
"09/02/2013","54","","Gwinnett","13-135-0002","AQS"
"09/03/2013","60","","South DeKalb","13-089-0002","AQS"
"09/04/2013","66","","McDonough","13-151-0002","AQS"
"09/05/2013","71","","United Avenue","13-121-0055","AQS"
"09/06/2013","65","","Yorkville, King Farm","13-223-0003","AQS"
"09/07/2013","70","","McDonough","13-151-0002","AQS"
"09/08/2013","76","","Yorkville, King Farm","13-223-0003","AQS"
"09/09/2013","77","","Yorkville, King Farm","13-223-0003","AQS"
"09/10/2013","77","","Yorkville, King Farm","13-223-0003","AQS"
"09/11/2013","69","","South DeKalb","13-089-0002","AQS"
"09/12/2013","68","","South DeKalb","13-089-0002","AQS"
"09/13/2013","61","","South DeKalb","13-089-0002","AQS"
"09/14/2013","55","","South DeKalb","13-089-0002","AQS"
"09/15/2013","71","","Newnan","13-077-0002","AQS"
"09/16/2013","69","","South DeKalb","13-089-0002","AQS"
"09/17/2013","66","","South DeKalb","13-089-0002","AQS"
"09/18/2013","63","","South DeKalb","13-089-0002","AQS"
"09/19/2013","66","","Fire Station #8","13-121-0039","AQS"
"09/20/2013","62","","Yorkville, King Farm","13-223-0003","AQS"
"09/21/2013","51","","South DeKalb","13-089-0002","AQS"
"09/22/2013","49","","Yorkville, King Farm","13-223-0003","AQS"
"09/23/2013","55","","South DeKalb","13-089-0002","AQS"
"09/24/2013","55","","South DeKalb","13-089-0002","AQS"
"09/25/2013","54","","South DeKalb","13-089-0002","AQS"
"09/26/2013","58","","South DeKalb","13-089-0002","AQS"
"09/27/2013","64","","South DeKalb","13-089-0002","AQS"
"09/28/2013","56","","South DeKalb","13-089-0002","AQS"
"09/29/2013","56","","South DeKalb","13-089-0002","AQS"
"09/30/2013","58","","South DeKalb","13-089-0002","AQS"
"10/01/2013","64","","South DeKalb","13-089-0002","AQS"
"10/02/2013","64","","South DeKalb","13-089-0002","AQS"
"10/03/2013","70","","South DeKalb","13-089-0002","AQS"
"10/04/2013","71","","South DeKalb","13-089-0002","AQS"
"10/05/2013","71","","South DeKalb","13-089-0002","AQS"
"10/06/2013","57","","South DeKalb","13-089-0002","AQS"
"10/07/2013","38","","South DeKalb","13-089-0002","AQS"
"10/08/2013","50","","South DeKalb","13-089-0002","AQS"
"10/09/2013","54","","South DeKalb","13-089-0002","AQS"
"10/10/2013","59","","South DeKalb","13-089-0002","AQS"
"10/11/2013","64","","South DeKalb","13-089-0002","AQS"
"10/12/2013","61","","South DeKalb","13-089-0002","AQS"
"10/13/2013","56","","Yorkville, King Farm","13-223-0003","AQS"
"10/14/2013","51","","South DeKalb","13-089-0002","AQS"
"10/15/2013","54","","South DeKalb","13-089-0002","AQS"
"10/16/2013","60","","South DeKalb","13-089-0002","AQS"
"10/17/2013","58","","South DeKalb","13-089-0002","AQS"
"10/18/2013","55","","South DeKalb","13-089-0002","AQS"
"10/19/2013","61","","South DeKalb","13-089-0002","AQS"
"10/20/2013","58","","South DeKalb","13-089-0002","AQS"
"10/21/2013","67","","South DeKalb","13-089-0002","AQS"
"10/22/2013","69","","South DeKalb","13-089-0002","AQS"
"10/23/2013","58","","South DeKalb","13-089-0002","AQS"
"10/24/2013","56","","South DeKalb","13-089-0002","AQS"
"10/25/2013","57","","South DeKalb","13-089-0002","AQS"
"10/26/2013","68","","South DeKalb","13-089-0002","AQS"
"10/27/2013","69","","South DeKalb","13-089-0002","AQS"
"10/28/2013","71","","South DeKalb","13-089-0002","AQS"
"10/29/2013","75","","South DeKalb","13-089-0002","AQS"
"10/30/2013","76","","South DeKalb","13-089-0002","AQS"
"10/31/2013","68","","South DeKalb","13-089-0002","AQS"
"11/01/2013","53","","South DeKalb","13-089-0002","AQS"
"11/02/2013","57","","South DeKalb","13-089-0002","AQS"
"11/03/2013","62","","South DeKalb","13-089-0002","AQS"
"11/04/2013","62","","South DeKalb","13-089-0002","AQS"
"11/05/2013","58","","South DeKalb","13-089-0002","AQS"
"11/06/2013","59","","South DeKalb","13-089-0002","AQS"
"11/07/2013","42","","South DeKalb","13-089-0002","AQS"
"11/08/2013","39","","South DeKalb","13-089-0002","AQS"
"11/09/2013","62","","Kennesaw","13-067-0003","AQS"
"11/10/2013","65","","Kennesaw","13-067-0003","AQS"
"11/11/2013","56","","South DeKalb","13-089-0002","AQS"
"11/12/2013","58","","South DeKalb","13-089-0002","AQS"
"11/13/2013","46","","South DeKalb","13-089-0002","AQS"
"11/14/2013","63","","Kennesaw","13-067-0003","AQS"
"11/15/2013","78","","Fire Station #8","13-121-0039","AQS"
"11/16/2013","74","","Kennesaw","13-067-0003","AQS"
"11/17/2013","55","","Kennesaw","13-067-0003","AQS"
"11/18/2013","35","","Fire Station #8","13-121-0039","AQS"
"11/19/2013","63","","Gwinnett","13-135-0002","AQS"
"11/20/2013","53","","Yorkville, King Farm","13-223-0003","AQS"
"11/21/2013","56","","Yorkville, King Farm","13-223-0003","AQS"
"11/22/2013","70","","Kennesaw","13-067-0003","AQS"
"11/23/2013","52","","South DeKalb","13-089-0002","AQS"
"11/24/2013","49","","South DeKalb","13-089-0002","AQS"
"11/25/2013","56","","South DeKalb","13-089-0002","AQS"
"11/26/2013","37","","South DeKalb","13-089-0002","AQS"
"11/27/2013","51","","South DeKalb","13-089-0002","AQS"
"11/28/2013","64","","South DeKalb","13-089-0002","AQS"
"11/29/2013","76","","South DeKalb","13-089-0002","AQS"
"11/30/2013","69","","South DeKalb","13-089-0002","AQS"
"12/01/2013","66","","South DeKalb","13-089-0002","AQS"
"12/02/2013","78","","Kennesaw","13-067-0003","AQS"
"12/03/2013","67","","Kennesaw","13-067-0003","AQS"
"12/04/2013","55","","Yorkville, King Farm","13-223-0003","AQS"
"12/05/2013","36","","Kennesaw","13-067-0003","AQS"
"12/06/2013","51","","Kennesaw","13-067-0003","AQS"
"12/07/2013","39","","South DeKalb","13-089-0002","AQS"
"12/08/2013","21","","Yorkville, King Farm","13-223-0003","AQS"
"12/09/2013","23","","Fire Station #8","13-121-0039","AQS"
"12/10/2013","36","","South DeKalb","13-089-0002","AQS"
"12/11/2013","63","","South DeKalb","13-089-0002","AQS"
"12/12/2013","56","","South DeKalb","13-089-0002","AQS"
"12/13/2013","60","","South DeKalb","13-089-0002","AQS"
"12/14/2013","55","","Kennesaw","13-067-0003","AQS"
"12/15/2013","48","","Yorkville, King Farm","13-223-0003","AQS"
"12/16/2013","61","","South DeKalb","13-089-0002","AQS"
"12/17/2013","61","","South DeKalb","13-089-0002","AQS"
"12/18/2013","47","","Fire Station #8","13-121-0039","AQS"
"12/19/2013","71","","South DeKalb","13-089-0002","AQS"
"12/20/2013","71","","McDonough","13-151-0002","AQS"
"12/21/2013","58","","South DeKalb","13-089-0002","AQS"
"12/22/2013","24","","Kennesaw","13-067-0003","AQS"
"12/23/2013","28","","South DeKalb","13-089-0002","AQS"
"12/24/2013","52","","South DeKalb","13-089-0002","AQS"
"12/25/2013","58","","South DeKalb","13-089-0002","AQS"
"12/26/2013","56","","South DeKalb","13-089-0002","AQS"
"12/27/2013","70","","Fire Station #8","13-121-0039","AQS"
"12/28/2013","69","","Kennesaw","13-067-0003","AQS"
"12/29/2013","22","","Yorkville, King Farm","13-223-0003","AQS"
"12/30/2013","60","","Fire Station #8","13-121-0039","AQS"
"12/31/2013","56","","South DeKalb","13-089-0002","AQS"
"01/01/2014","76","","South DeKalb","13-089-0002","AQS"
"01/02/2014","55","","South DeKalb","13-089-0002","AQS"
"01/03/2014","59","","South DeKalb","13-089-0002","AQS"
"01/04/2014","63","","South DeKalb","13-089-0002","AQS"
"01/05/2014","72","","Fire Station #8","13-121-0039","AQS"
"01/06/2014","45","","South DeKalb","13-089-0002","AQS"
"01/07/2014","53","","South DeKalb","13-089-0002","AQS"
"01/08/2014","65","","Fire Station #8","13-121-0039","AQS"
"01/09/2014","65","","South DeKalb","13-089-0002","AQS"
"01/10/2014","43","","South DeKalb","13-089-0002","AQS"
"01/11/2014","26","","South DeKalb","13-089-0002","AQS"
"01/12/2014","34","","Kennesaw","13-067-0003","AQS"
"01/13/2014","57","","South DeKalb","13-089-0002","AQS"
"01/14/2014","37","","South DeKalb","13-089-0002","AQS"
"01/15/2014","47","","South DeKalb","13-089-0002","AQS"
"01/16/2014","53","","South DeKalb","13-089-0002","AQS"
"01/17/2014","54","","South DeKalb","13-089-0002","AQS"
"01/18/2014","41","","South DeKalb","13-089-0002","AQS"
"01/19/2014","48","","Kennesaw","13-067-0003","AQS"
"01/20/2014","59","","Fire Station #8","13-121-0039","AQS"
"01/21/2014","53","","South DeKalb","13-089-0002","AQS"
"01/22/2014","41","","South DeKalb","13-089-0002","AQS"
"01/23/2014","60","","South DeKalb","13-089-0002","AQS"
"01/24/2014","55","","South DeKalb","13-089-0002","AQS"
"01/25/2014","69","","South DeKalb","13-089-0002","AQS"
"01/26/2014","55","","South DeKalb","13-089-0002","AQS"
"01/27/2014","57","","South DeKalb","13-089-0002","AQS"
"01/28/2014","52","","South DeKalb","13-089-0002","AQS"
"01/29/2014","61","","South DeKalb","13-089-0002","AQS"
"01/30/2014","76","","South DeKalb","13-089-0002","AQS"
"01/31/2014","80","","South DeKalb","13-089-0002","AQS"
"02/01/2014","72","","South DeKalb","13-089-0002","AQS"
"02/02/2014","51","","South DeKalb","13-089-0002","AQS"
"02/03/2014","27","","McDonough","13-151-0002","AQS"
"02/04/2014","38","","South DeKalb","13-089-0002","AQS"
"02/05/2014","34","","Yorkville, King Farm","13-223-0003","AQS"
"02/06/2014","67","","South DeKalb","13-089-0002","AQS"
"02/07/2014","70","","South DeKalb","13-089-0002","AQS"
"02/08/2014","62","","South DeKalb","13-089-0002","AQS"
"02/09/2014","63","","South DeKalb","13-089-0002","AQS"
"02/10/2014","66","","South DeKalb","13-089-0002","AQS"
"02/11/2014","56","","Yorkville, King Farm","13-223-0003","AQS"
"02/12/2014","62","","South DeKalb","13-089-0002","AQS"
"02/13/2014","55","","South DeKalb","13-089-0002","AQS"
"02/14/2014","59","","South DeKalb","13-089-0002","AQS"
"02/15/2014","52","","South DeKalb","13-089-0002","AQS"
"02/16/2014","78","","South DeKalb","13-089-0002","AQS"
"02/17/2014","60","","South DeKalb","13-089-0002","AQS"
"02/18/2014","57","","South DeKalb","13-089-0002","AQS"
"02/19/2014","57","","Fire Station #8","13-121-0039","AQS"
"02/20/2014","53","","Gwinnett","13-135-0002","AQS"
"02/21/2014","36","","South DeKalb","13-089-0002","AQS"
"02/22/2014","43","","South DeKalb","13-089-0002","AQS"
"02/23/2014","59","","South DeKalb","13-089-0002","AQS"
"02/24/2014","49","","Yorkville, King Farm","13-223-0003","AQS"
"02/25/2014","55","","McDonough","13-151-0002","AQS"
"02/26/2014","56","","South DeKalb","13-089-0002","AQS"
"02/27/2014","53","","South DeKalb","13-089-0002","AQS"
"02/28/2014","64","","South DeKalb","13-089-0002","AQS"
"03/01/2014","69","","Kennesaw","13-067-0003","AQS"
"03/02/2014","79","","McDonough","13-151-0002","AQS"
"03/03/2014","52","","Forest Park","13-063-0091","AQS"
"03/04/2014","54","","South DeKalb","13-089-0002","AQS"
"03/05/2014","51","","South DeKalb","13-089-0002","AQS"
"03/06/2014","57","","South DeKalb","13-089-0002","AQS"
"03/07/2014","51","","Yorkville, King Farm","13-223-0003","AQS"
"03/08/2014","60","","South DeKalb","13-089-0002","AQS"
"03/09/2014","61","","South DeKalb","13-089-0002","AQS"
"03/10/2014","66","","Kennesaw","13-067-0003","AQS"
"03/11/2014","104","","Newnan","13-077-0002","AQS"
"03/12/2014","55","","South DeKalb","13-089-0002","AQS"
"03/13/2014","47","","South DeKalb","13-089-0002","AQS"
"03/14/2014","76","","McDonough","13-151-0002","AQS"
"03/15/2014","77","","South DeKalb","13-089-0002","AQS"
"03/16/2014","60","","Kennesaw","13-067-0003","AQS"
"03/17/2014","16","","Yorkville, King Farm","13-223-0003","AQS"
"03/18/2014","42","","South DeKalb","13-089-0002","AQS"
"03/19/2014","50","","Yorkville, King Farm","13-223-0003","AQS"
"03/20/2014","54","","Kennesaw","13-067-0003","AQS"
"03/21/2014","71","","Forest Park","13-063-0091","AQS"
"03/22/2014","84","","Kennesaw","13-067-0003","AQS"
"03/23/2014","70","","South DeKalb","13-089-0002","AQS"
"03/24/2014","59","","South DeKalb","13-089-0002","AQS"
"03/25/2014","59","","South DeKalb","13-089-0002","AQS"
"03/26/2014","56","","South DeKalb","13-089-0002","AQS"
"03/27/2014","67","","Yorkville, King Farm","13-223-0003","AQS"
"03/28/2014","55","","Yorkville, King Farm","13-223-0003","AQS"
"03/29/2014","24","","Kennesaw","13-067-0003","AQS"
"03/30/2014","48","","Yorkville, King Farm","13-223-0003","AQS"
"03/31/2014","55","","South DeKalb","13-089-0002","AQS"
"04/01/2014","62","","South DeKalb","13-089-0002","AQS"
"04/02/2014","72","","Fire Station #8","13-121-0039","AQS"
"04/03/2014","66","","South DeKalb","13-089-0002","AQS"
"04/04/2014","47","","Yorkville, King Farm","13-223-0003","AQS"
"04/05/2014","54","","South DeKalb","13-089-0002","AQS"
"04/06/2014","58","","Yorkville, King Farm","13-223-0003","AQS"
"04/07/2014","27","","Yorkville, King Farm","13-223-0003","AQS"
"04/08/2014","51","","Yorkville, King Farm","13-223-0003","AQS"
"04/09/2014","55","","South DeKalb","13-089-0002","AQS"
"04/10/2014","60","","South DeKalb","13-089-0002","AQS"
"04/11/2014","65","","South DeKalb","13-089-0002","AQS"
"04/12/2014","67","","South DeKalb","13-089-0002","AQS"
"04/13/2014","63","","South DeKalb","13-089-0002","AQS"
"04/14/2014","49","","Yorkville, King Farm","13-223-0003","AQS"
"04/15/2014","24","","Yorkville, King Farm","13-223-0003","AQS"
"04/16/2014","47","","Yorkville, King Farm","13-223-0003","AQS"
"04/17/2014","56","","South DeKalb","13-089-0002","AQS"
"04/18/2014","57","","South DeKalb","13-089-0002","AQS"
"04/19/2014","46","","Yorkville, King Farm","13-223-0003","AQS"
"04/20/2014","55","","South DeKalb","13-089-0002","AQS"
"04/21/2014","61","","South DeKalb","13-089-0002","AQS"
"04/22/2014","63","","Newnan","13-077-0002","AQS"
"04/23/2014","58","","South DeKalb","13-089-0002","AQS"
"04/24/2014","63","","Newnan","13-077-0002","AQS"
"04/25/2014","55","","Kennesaw","13-067-0003","AQS"
"04/26/2014","53","","Forest Park","13-063-0091","AQS"
"04/27/2014","70","","Newnan","13-077-0002","AQS"
"04/28/2014","62","","Yorkville, King Farm","13-223-0003","AQS"
"04/29/2014","45","","Yorkville, King Farm","13-223-0003","AQS"
"04/30/2014","28","","Yorkville, King Farm","13-223-0003","AQS"
"05/01/2014","39","","South DeKalb","13-089-0002","AQS"
"05/02/2014","51","","South DeKalb","13-089-0002","AQS"
"05/03/2014","49","","South DeKalb","13-089-0002","AQS"
"05/04/2014","55","","South DeKalb","13-089-0002","AQS"
"05/05/2014","64","","Fire Station #8","13-121-0039","AQS"
"05/06/2014","66","","Yorkville, King Farm","13-223-0003","AQS"
"05/07/2014","62","","South DeKalb","13-089-0002","AQS"
"05/08/2014","65","","Yorkville, King Farm","13-223-0003","AQS"
"05/09/2014","58","","Yorkville, King Farm","13-223-0003","AQS"
"05/10/2014","52","","Yorkville, King Farm","13-223-0003","AQS"
"05/11/2014","55","","Fire Station #8","13-121-0039","AQS"
"05/12/2014","61","","Gwinnett","13-135-0002","AQS"
"05/13/2014","64","","Gwinnett","13-135-0002","AQS"
"05/14/2014","55","","Yorkville, King Farm","13-223-0003","AQS"
"05/15/2014","19","","South DeKalb","13-089-0002","AQS"
"05/16/2014","51","","Yorkville, King Farm","13-223-0003","AQS"
"05/17/2014","58","","South DeKalb","13-089-0002","AQS"
"05/18/2014","43","","Yorkville, King Farm","13-223-0003","AQS"
"05/19/2014","52","","Yorkville, King Farm","13-223-0003","AQS"
"05/20/2014","61","","South DeKalb","13-089-0002","AQS"
"05/21/2014","63","","Yorkville, King Farm","13-223-0003","AQS"
"05/22/2014","71","","Yorkville, King Farm","13-223-0003","AQS"
"05/23/2014","70","","Yorkville, King Farm","13-223-0003","AQS"
"05/24/2014","73","","Gwinnett","13-135-0002","AQS"
"05/25/2014","75","","United Avenue","13-121-0055","AQS"
"05/26/2014","63","","Yorkville, King Farm","13-223-0003","AQS"
"05/27/2014","67","","Kennesaw","13-067-0003","AQS"
"05/28/2014","63","","United Avenue","13-121-0055","AQS"
"05/29/2014","59","","Fire Station #8","13-121-0039","AQS"
"05/30/2014","57","","Yorkville, King Farm","13-223-0003","AQS"
"05/31/2014","55","","Yorkville, King Farm","13-223-0003","AQS"
"06/01/2014","57","","Yorkville, King Farm","13-223-0003","AQS"
"06/02/2014","55","","Yorkville, King Farm","13-223-0003","AQS"
"06/03/2014","53","","Yorkville, King Farm","13-223-0003","AQS"
"06/04/2014","57","","Fire Station #8","13-121-0039","AQS"
"06/05/2014","55","","Yorkville, King Farm","13-223-0003","AQS"
"06/06/2014","42","","Yorkville, King Farm","13-223-0003","AQS"
"06/07/2014","55","","South DeKalb","13-089-0002","AQS"
"06/08/2014","48","","Yorkville, King Farm","13-223-0003","AQS"
"06/09/2014","56","","Yorkville, King Farm","13-223-0003","AQS"
"06/10/2014","35","","Forest Park","13-063-0091","AQS"
"06/11/2014","39","","Kennesaw","13-067-0003","AQS"
"06/12/2014","50","","Yorkville, King Farm","13-223-0003","AQS"
"06/13/2014","55","","Forest Park","13-063-0091","AQS"
"06/14/2014","55","","Kennesaw","13-067-0003","AQS"
"06/15/2014","63","","United Avenue","13-121-0055","AQS"
"06/16/2014","78","","Yorkville, King Farm","13-223-0003","AQS"
"06/17/2014","82","","Yorkville, King Farm","13-223-0003","AQS"
"06/18/2014","72","","United Avenue","13-121-0055","AQS"
"06/19/2014","71","","Kennesaw","13-067-0003","AQS"
"06/20/2014","66","","Yorkville, King Farm","13-223-0003","AQS"
"06/21/2014","61","","Yorkville, King Farm","13-223-0003","AQS"
"06/22/2014","64","","Yorkville, King Farm","13-223-0003","AQS"
"06/23/2014","63","","Kennesaw","13-067-0003","AQS"
"06/24/2014","80","","Yorkville, King Farm","13-223-0003","AQS"
"06/25/2014","65","","Yorkville, King Farm","13-223-0003","AQS"
"06/26/2014","53","","Yorkville, King Farm","13-223-0003","AQS"
"06/27/2014","56","","Gwinnett","13-135-0002","AQS"
"06/28/2014","56","","Yorkville, King Farm","13-223-0003","AQS"
"06/29/2014","55","","Yorkville, King Farm","13-223-0003","AQS"
"06/30/2014","59","","Yorkville, King Farm","13-223-0003","AQS"
"07/01/2014","95","","Yorkville, King Farm","13-223-0003","AQS"
"07/02/2014","88","","Yorkville, King Farm","13-223-0003","AQS"
"07/03/2014","58","","Yorkville, King Farm","13-223-0003","AQS"
"07/04/2014","79","","Yorkville, King Farm","13-223-0003","AQS"
"07/05/2014","57","","Yorkville, King Farm","13-223-0003","AQS"
"07/06/2014","69","","Yorkville, King Farm","13-223-0003","AQS"
"07/07/2014","69","","Fire Station #8","13-121-0039","AQS"
"07/08/2014","74","","Yorkville, King Farm","13-223-0003","AQS"
"07/09/2014","63","","Yorkville, King Farm","13-223-0003","AQS"
"07/10/2014","87","","South DeKalb","13-089-0002","AQS"
"07/11/2014","57","","Yorkville, King Farm","13-223-0003","AQS"
"07/12/2014","63","","Yorkville, King Farm","13-223-0003","AQS"
"07/13/2014","63","","Yorkville, King Farm","13-223-0003","AQS"
"07/14/2014","64","","Yorkville, King Farm","13-223-0003","AQS"
"07/15/2014","53","","South DeKalb","13-089-0002","AQS"
"07/16/2014","52","","Yorkville, King Farm","13-223-0003","AQS"
"07/17/2014","57","","Yorkville, King Farm","13-223-0003","AQS"
"07/18/2014","69","","Yorkville, King Farm","13-223-0003","AQS"
"07/19/2014","59","","Yorkville, King Farm","13-223-0003","AQS"
"07/20/2014","53","","Yorkville, King Farm","13-223-0003","AQS"
"07/21/2014","55","","Yorkville, King Farm","13-223-0003","AQS"
"07/22/2014","54","","Yorkville, King Farm","13-223-0003","AQS"
"07/23/2014","54","","Yorkville, King Farm","13-223-0003","AQS"
"07/24/2014","58","","South DeKalb","13-089-0002","AQS"
"07/25/2014","63","","McDonough","13-151-0002","AQS"
"07/26/2014","60","","South DeKalb","13-089-0002","AQS"
"07/27/2014","72","","Yorkville, King Farm","13-223-0003","AQS"
"07/28/2014","68","","South DeKalb","13-089-0002","AQS"
"07/29/2014","52","","Yorkville, King Farm","13-223-0003","AQS"
"07/30/2014","58","","Yorkville, King Farm","13-223-0003","AQS"
"07/31/2014","65","","Yorkville, King Farm","13-223-0003","AQS"
"08/01/2014","52","","Yorkville, King Farm","13-223-0003","AQS"
"08/02/2014","46","","Yorkville, King Farm","13-223-0003","AQS"
"08/03/2014","59","","Yorkville, King Farm","13-223-0003","AQS"
"08/04/2014","63","","Yorkville, King Farm","13-223-0003","AQS"
"08/05/2014","70","","Yorkville, King Farm","13-223-0003","AQS"
"08/06/2014","79","","Forest Park","13-063-0091","AQS"
"08/07/2014","83","","United Avenue","13-121-0055","AQS"
"08/08/2014","61","","Yorkville, King Farm","13-223-0003","AQS"
"08/09/2014","58","","Forest Park","13-063-0091","AQS"
"08/10/2014","60","","Yorkville, King Farm","13-223-0003","AQS"
"08/11/2014","63","","Yorkville, King Farm","13-223-0003","AQS"
"08/12/2014","59","","Yorkville, King Farm","13-223-0003","AQS"
"08/13/2014","56","","South DeKalb","13-089-0002","AQS"
"08/14/2014","61","","Kennesaw","13-067-0003","AQS"
"08/15/2014","71","","Forest Park","13-063-0091","AQS"
"08/16/2014","71","","United Avenue","13-121-0055","AQS"
"08/17/2014","71","","Yorkville, King Farm","13-223-0003","AQS"
"08/18/2014","55","","Forest Park","13-063-0091","AQS"
"08/19/2014","60","","Yorkville, King Farm","13-223-0003","AQS"
"08/20/2014","63","","Yorkville, King Farm","13-223-0003","AQS"
"08/21/2014","68","","South DeKalb","13-089-0002","AQS"
"08/22/2014","66","","Yorkville, King Farm","13-223-0003","AQS"
"08/23/2014","68","","Yorkville, King Farm","13-223-0003","AQS"
"08/24/2014","65","","Yorkville, King Farm","13-223-0003","AQS"
"08/25/2014","52","","Kennesaw","13-067-0003","AQS"
"08/26/2014","58","","Yorkville, King Farm","13-223-0003","AQS"
"08/27/2014","61","","South DeKalb","13-089-0002","AQS"
"08/28/2014","61","","Kennesaw","13-067-0003","AQS"
"08/29/2014","64","","Kennesaw","13-067-0003","AQS"
"08/30/2014","64","","Yorkville, King Farm","13-223-0003","AQS"
"08/31/2014","51","","Yorkville, King Farm","13-223-0003","AQS"
"09/01/2014","63","","United Avenue","13-121-0055","AQS"
"09/02/2014","57","","Forest Park","13-063-0091","AQS"
"09/03/2014","49","","Kennesaw","13-067-0003","AQS"
"09/04/2014","53","","Yorkville, King Farm","13-223-0003","AQS"
"09/05/2014","56","","Kennesaw","13-067-0003","AQS"
"09/06/2014","54","","Kennesaw","13-067-0003","AQS"
"09/07/2014","54","","Yorkville, King Farm","13-223-0003","AQS"
"09/08/2014","46","","Yorkville, King Farm","13-223-0003","AQS"
"09/09/2014","58","","Fire Station #8","13-121-0039","AQS"
"09/10/2014","48","","Kennesaw","13-067-0003","AQS"
"09/11/2014","54","","Forest Park","13-063-0091","AQS"
"09/12/2014","53","","McDonough","13-151-0002","AQS"
"09/13/2014","51","","South DeKalb","13-089-0002","AQS"
"09/14/2014","62","","Yorkville, King Farm","13-223-0003","AQS"
"09/15/2014","70","","South DeKalb","13-089-0002","AQS"
"09/16/2014","63","","South DeKalb","13-089-0002","AQS"
"09/17/2014","57","","South DeKalb","13-089-0002","AQS"
"09/18/2014","63","","South DeKalb","13-089-0002","AQS"
"09/19/2014","63","","South DeKalb","13-089-0002","AQS"
"09/20/2014","64","","United Avenue","13-121-0055","AQS"
"09/21/2014","61","","South DeKalb","13-089-0002","AQS"
"09/22/2014","55","","South DeKalb","13-089-0002","AQS"
"09/23/2014","54","","South DeKalb","13-089-0002","AQS"
"09/24/2014","54","","South DeKalb","13-089-0002","AQS"
"09/25/2014","42","","South DeKalb","13-089-0002","AQS"
"09/26/2014","42","","South DeKalb","13-089-0002","AQS"
"09/27/2014","52","","South DeKalb","13-089-0002","AQS"
"09/28/2014","55","","South DeKalb","13-089-0002","AQS"
"09/29/2014","55","","Yorkville, King Farm","13-223-0003","AQS"
"09/30/2014","45","","South DeKalb","13-089-0002","AQS"
"10/01/2014","59","","Kennesaw","13-067-0003","AQS"
"10/02/2014","61","","South DeKalb","13-089-0002","AQS"
"10/03/2014","52","","South DeKalb","13-089-0002","AQS"
"10/04/2014","52","","South DeKalb","13-089-0002","AQS"
"10/05/2014","54","","South DeKalb","13-089-0002","AQS"
"10/06/2014","57","","South DeKalb","13-089-0002","AQS"
"10/07/2014","58","","South DeKalb","13-089-0002","AQS"
"10/08/2014","62","","South DeKalb","13-089-0002","AQS"
"10/09/2014","71","","South DeKalb","13-089-0002","AQS"
"10/10/2014","62","","South DeKalb","13-089-0002","AQS"
"10/11/2014","63","","South DeKalb","13-089-0002","AQS"
"10/12/2014","58","","McDonough","13-151-0002","AQS"
"10/13/2014","54","","Yorkville, King Farm","13-223-0003","AQS"
"10/14/2014","31","","Yorkville, King Farm","13-223-0003","AQS"
"10/15/2014","54","","South DeKalb","13-089-0002","AQS"
"10/16/2014","52","","South DeKalb","13-089-0002","AQS"
"10/17/2014","60","","South DeKalb","13-089-0002","AQS"
"10/18/2014","63","","South DeKalb","13-089-0002","AQS"
"10/19/2014","56","","South DeKalb","13-089-0002","AQS"
"10/20/2014","64","","South DeKalb","13-089-0002","AQS"
"10/21/2014","61","","South DeKalb","13-089-0002","AQS"
"10/22/2014","52","","South DeKalb","13-089-0002","AQS"
"10/23/2014","57","","South DeKalb","13-089-0002","AQS"
"10/24/2014","64","","South DeKalb","13-089-0002","AQS"
"10/25/2014","61","","South DeKalb","13-089-0002","AQS"
"10/26/2014","69","","Yorkville, King Farm","13-223-0003","AQS"
"10/27/2014","79","","South DeKalb","13-089-0002","AQS"
"10/28/2014","78","","South DeKalb","13-089-0002","AQS"
"10/29/2014","59","","South DeKalb","13-089-0002","AQS"
"10/30/2014","55","","South DeKalb","13-089-0002","AQS"
"10/31/2014","57","","South DeKalb","13-089-0002","AQS"
"11/01/2014","52","","South DeKalb","13-089-0002","AQS"
"11/02/2014","56","","South DeKalb","13-089-0002","AQS"
"11/03/2014","69","","South DeKalb","13-089-0002","AQS"
"11/04/2014","75","","South DeKalb","13-089-0002","AQS"
"11/05/2014","75","","South DeKalb","13-089-0002","AQS"
"11/06/2014","57","","South DeKalb","13-089-0002","AQS"
"11/07/2014","55","","South DeKalb","13-089-0002","AQS"
"11/08/2014","64","","South DeKalb","13-089-0002","AQS"
"11/09/2014","68","","South DeKalb","13-089-0002","AQS"
"11/10/2014","75","","South DeKalb","13-089-0002","AQS"
"11/11/2014","80","","South DeKalb","13-089-0002","AQS"
"11/12/2014","70","","South DeKalb","13-089-0002","AQS"
"11/13/2014","65","","South DeKalb","13-089-0002","AQS"
"11/14/2014","79","","South DeKalb","13-089-0002","AQS"
"11/15/2014","76","","South DeKalb","13-089-0002","AQS"
"11/16/2014","65","","Kennesaw","13-067-0003","AQS"
"11/17/2014","43","","South DeKalb","13-089-0002","AQS"
"11/18/2014","59","","South DeKalb","13-089-0002","AQS"
"11/19/2014","67","","South DeKalb","13-089-0002","AQS"
"11/20/2014","73","","South DeKalb","13-089-0002","AQS"
"11/21/2014","73","","South DeKalb","13-089-0002","AQS"
"11/22/2014","67","","South DeKalb","13-089-0002","AQS"
"11/23/2014","48","","South DeKalb","13-089-0002","AQS"
"11/24/2014","55","","South DeKalb","13-089-0002","AQS"
"11/25/2014","54","","South DeKalb","13-089-0002","AQS"
"11/26/2014","58","","South DeKalb","13-089-0002","AQS"
"11/27/2014","57","","South DeKalb","13-089-0002","AQS"
"11/28/2014","69","","South DeKalb","13-089-0002","AQS"
"11/29/2014","74","","South DeKalb","13-089-0002","AQS"
"11/30/2014","65","","South DeKalb","13-089-0002","AQS"
"12/01/2014","66","","Fire Station #8","13-121-0039","AQS"
"12/02/2014","69","","South DeKalb","13-089-0002","AQS"
"12/03/2014","71","","South DeKalb","13-089-0002","AQS"
"12/04/2014","73","","South DeKalb","13-089-0002","AQS"
"12/05/2014","69","","South DeKalb","13-089-0002","AQS"
"12/06/2014","52","","South DeKalb","13-089-0002","AQS"
"12/07/2014","53","","South DeKalb","13-089-0002","AQS"
"12/08/2014","57","","South DeKalb","13-089-0002","AQS"
"12/09/2014","52","","Kennesaw","13-067-0003","AQS"
"12/10/2014","56","","South DeKalb","13-089-0002","AQS"
"12/11/2014","61","","South DeKalb","13-089-0002","AQS"
"12/12/2014","65","","South DeKalb","13-089-0002","AQS"
"12/13/2014","63","","South DeKalb","13-089-0002","AQS"
"12/14/2014","75","","South DeKalb","13-089-0002","AQS"
"12/15/2014","85","","South DeKalb","13-089-0002","AQS"
"12/16/2014","60","","South DeKalb","13-089-0002","AQS"
"12/17/2014","54","","South DeKalb","13-089-0002","AQS"
"12/18/2014","61","","South DeKalb","13-089-0002","AQS"
"12/19/2014","64","","South DeKalb","13-089-0002","AQS"
"12/20/2014","73","","South DeKalb","13-089-0002","AQS"
"12/21/2014","76","","South DeKalb","13-089-0002","AQS"
"12/22/2014","55","","South DeKalb","13-089-0002","AQS"
"12/23/2014","38","","South DeKalb","13-089-0002","AQS"
"12/24/2014","31","","South DeKalb","13-089-0002","AQS"
"12/25/2014","56","","South DeKalb","13-089-0002","AQS"
"12/26/2014","67","","South DeKalb","13-089-0002","AQS"
"12/27/2014","69","","South DeKalb","13-089-0002","AQS"
"12/28/2014","52","","South DeKalb","13-089-0002","AQS"
"12/29/2014","41","","South DeKalb","13-089-0002","AQS"
"12/30/2014","43","","South DeKalb","13-089-0002","AQS"
"12/31/2014","62","","South DeKalb","13-089-0002","AQS"
"01/01/2015","77","","South DeKalb","13-089-0002","AQS"
"01/02/2015","65","","South DeKalb","13-089-0002","AQS"
"01/03/2015","43","","South DeKalb","13-089-0002","AQS"
"01/04/2015","36","","South DeKalb","13-089-0002","AQS"
"01/05/2015","57","","South DeKalb","13-089-0002","AQS"
"01/06/2015","63","","South DeKalb","13-089-0002","AQS"
"01/07/2015","68","","NR-GA Tech","13-121-0056","AQS"
"01/08/2015","65","","South DeKalb","13-089-0002","AQS"
"01/09/2015","71","","South DeKalb","13-089-0002","AQS"
"01/10/2015","66","","South DeKalb","13-089-0002","AQS"
"01/11/2015","77","","South DeKalb","13-089-0002","AQS"
"01/12/2015","67","","NR-GA Tech","13-121-0056","AQS"
"01/13/2015","53","","South DeKalb","13-089-0002","AQS"
"01/14/2015","60","","South DeKalb","13-089-0002","AQS"
"01/15/2015","72","","South DeKalb","13-089-0002","AQS"
"01/16/2015","57","","Kennesaw","13-067-0003","AQS"
"01/17/2015","56","","Kennesaw","13-067-0003","AQS"
"01/18/2015","51","","Fire Station #8","13-121-0039","AQS"
"01/19/2015","46","","South DeKalb","13-089-0002","AQS"
"01/20/2015","64","","Yorkville, King Farm","13-223-0003","AQS"
"01/21/2015","65","","Fire Station #8","13-121-0039","AQS"
"01/22/2015","62","","Kennesaw","13-067-0003","AQS"
"01/23/2015","51","","NR-GA Tech","13-121-0056","AQS"
"01/24/2015","33","","NR-GA Tech","13-121-0056","AQS"
"01/25/2015","42","","South DeKalb","13-089-0002","AQS"
"01/26/2015","38","","NR-GA Tech","13-121-0056","AQS"
"01/27/2015","51","","NR-GA Tech","13-121-0056","AQS"
"01/28/2015","52","","NR-GA Tech","13-121-0056","AQS"
"01/29/2015","64","","Yorkville, King Farm","13-223-0003","AQS"
"01/30/2015","51","","South DeKalb","13-089-0002","AQS"
"01/31/2015","57","","NR-GA Tech","13-121-0056","AQS"
"02/01/2015","59","","NR-GA Tech","13-121-0056","AQS"
"02/02/2015","38","","Yorkville, King Farm","13-223-0003","AQS"
"02/03/2015","53","","South DeKalb","13-089-0002","AQS"
"02/04/2015","67","","NR-GA Tech","13-121-0056","AQS"
"02/05/2015","54","","South DeKalb","13-089-0002","AQS"
"02/06/2015","53","","Newnan","13-077-0002","AQS"
"02/07/2015","64","","Kennesaw","13-067-0003","AQS"
"02/08/2015","57","","South DeKalb","13-089-0002","AQS"
"02/09/2015","57","","Yorkville, King Farm","13-223-0003","AQS"
"02/10/2015","43","","NR-GA Tech","13-121-0056","AQS"
"02/11/2015","54","","NR-GA Tech","13-121-0056","AQS"
"02/12/2015","55","","NR-GA Tech","13-121-0056","AQS"
"02/13/2015","51","","South DeKalb","13-089-0002","AQS"
"02/14/2015","57","","South DeKalb","13-089-0002","AQS"
"02/15/2015","40","","Kennesaw","13-067-0003","AQS"
"02/16/2015","53","","NR-GA Tech","13-121-0056","AQS"
"02/17/2015","48","","NR-GA Tech","13-121-0056","AQS"
"02/18/2015","53","","South DeKalb","13-089-0002","AQS"
"02/19/2015","41","","Yorkville, King Farm","13-223-0003","AQS"
"02/20/2015","55","","South DeKalb","13-089-0002","AQS"
"02/21/2015","60","","NR-GA Tech","13-121-0056","AQS"
"02/22/2015","66","","NR-GA Tech","13-121-0056","AQS"
"02/23/2015","63","","NR-GA Tech","13-121-0056","AQS"
"02/24/2015","63","","NR-GA Tech","13-121-0056","AQS"
"02/25/2015","61","","NR-GA Tech","13-121-0056","AQS"
"02/26/2015","55","","NR-GA Tech","13-121-0056","AQS"
"02/27/2015","68","","NR-GA Tech","13-121-0056","AQS"
"02/28/2015","65","","NR-GA Tech","13-121-0056","AQS"
"03/01/2015","71","","NR-GA Tech","13-121-0056","AQS"
"03/02/2015","62","","NR-GA Tech","13-121-0056","AQS"
"03/03/2015","55","","NR-GA Tech","13-121-0056","AQS"
"03/04/2015","42","","Fire Station #8","13-121-0039","AQS"
"03/05/2015","41","","McDonough","13-151-0002","AQS"
"03/06/2015","46","","South DeKalb","13-089-0002","AQS"
"03/07/2015","54","","South DeKalb","13-089-0002","AQS"
"03/08/2015","71","","McDonough","13-151-0002","AQS"
"03/09/2015","61","","Yorkville, King Farm","13-223-0003","AQS"
"03/10/2015","60","","Fire Station #8","13-121-0039","AQS"
"03/11/2015","60","","McDonough","13-151-0002","AQS"
"03/12/2015","51","","NR-GA Tech","13-121-0056","AQS"
"03/13/2015","42","","South DeKalb","13-089-0002","AQS"
"03/14/2015","36","","Yorkville, King Farm","13-223-0003","AQS"
"03/15/2015","36","","Yorkville, King Farm","13-223-0003","AQS"
"03/16/2015","54","","Fire Station #8","13-121-0039","AQS"
"03/17/2015","65","","Yorkville, King Farm","13-223-0003","AQS"
"03/18/2015","78","","McDonough","13-151-0002","AQS"
"03/19/2015","63","","NR-GA Tech","13-121-0056","AQS"
"03/20/2015","55","","NR-GA Tech","13-121-0056","AQS"
"03/21/2015","50","","Yorkville, King Farm","13-223-0003","AQS"
"03/22/2015","44","","NR-GA Tech","13-121-0056","AQS"
"03/23/2015","49","","NR-GA Tech","13-121-0056","AQS"
"03/24/2015","54","","NR-GA Tech","13-121-0056","AQS"
"03/25/2015","48","","NR-GA Tech","13-121-0056","AQS"
"03/26/2015","42","","Yorkville, King Farm","13-223-0003","AQS"
"03/27/2015","27","","United Avenue","13-121-0055","AQS"
"03/28/2015","46","","Yorkville, King Farm","13-223-0003","AQS"
"03/29/2015","52","","South DeKalb","13-089-0002","AQS"
"03/30/2015","55","","Yorkville, King Farm","13-223-0003","AQS"
"03/31/2015","56","","Fire Station #8","13-121-0039","AQS"
"04/01/2015","54","","NR-GA Tech","13-121-0056","AQS"
"04/02/2015","63","","NR-GA Tech","13-121-0056","AQS"
"04/03/2015","62","","Forest Park","13-063-0091","AQS"
"04/04/2015","37","","United Avenue","13-121-0055","AQS"
"04/05/2015","39","","Yorkville, King Farm","13-223-0003","AQS"
"04/06/2015","57","","Yorkville, King Farm","13-223-0003","AQS"
"04/07/2015","57","","NR-GA Tech","13-121-0056","AQS"
"04/08/2015","61","","United Avenue","13-121-0055","AQS"
"04/09/2015","67","","Newnan","13-077-0002","AQS"
"04/10/2015","52","","Yorkville, King Farm","13-223-0003","AQS"
"04/11/2015","40","","NR-GA Tech","13-121-0056","AQS"
"04/12/2015","61","","Yorkville, King Farm","13-223-0003","AQS"
"04/13/2015","52","","NR-GA Tech","13-121-0056","AQS"
"04/14/2015","51","","Yorkville, King Farm","13-223-0003","AQS"
"04/15/2015","50","","Yorkville, King Farm","13-223-0003","AQS"
"04/16/2015","33","","NR-GA Tech","13-121-0056","AQS"
"04/17/2015","36","","NR-GA Tech","13-121-0056","AQS"
"04/18/2015","29","","Yorkville, King Farm","13-223-0003","AQS"
"04/19/2015","32","","Yorkville, King Farm","13-223-0003","AQS"
"04/20/2015","45","","Yorkville, King Farm","13-223-0003","AQS"
"04/21/2015","38","","Yorkville, King Farm","13-223-0003","AQS"
"04/22/2015","58","","NR-GA Tech","13-121-0056","AQS"
"04/23/2015","48","","McDonough","13-151-0002","AQS"
"04/24/2015","59","","Newnan","13-077-0002","AQS"
"04/25/2015","64","","Yorkville, King Farm","13-223-0003","AQS"
"04/26/2015","54","","United Avenue","13-121-0055","AQS"
"04/27/2015","50","","Yorkville, King Farm","13-223-0003","AQS"
"04/28/2015","58","","Yorkville, King Farm","13-223-0003","AQS"
"04/29/2015","56","","Yorkville, King Farm","13-223-0003","AQS"
"04/30/2015","59","","United Avenue","13-121-0055","AQS"
"05/01/2015","52","","United Avenue","13-121-0055","AQS"
"05/02/2015","58","","United Avenue","13-121-0055","AQS"
"05/03/2015","65","","United Avenue","13-121-0055","AQS"
"05/04/2015","62","","United Avenue","13-121-0055","AQS"
"05/05/2015","60","","South DeKalb","13-089-0002","AQS"
"05/06/2015","69","","Yorkville, King Farm","13-223-0003","AQS"
"05/07/2015","71","","United Avenue","13-121-0055","AQS"
"05/08/2015","78","","United Avenue","13-121-0055","AQS"
"05/09/2015","69","","United Avenue","13-121-0055","AQS"
"05/10/2015","67","","United Avenue","13-121-0055","AQS"
"05/11/2015","63","","Gwinnett","13-135-0002","AQS"
"05/12/2015","61","","Newnan","13-077-0002","AQS"
"05/13/2015","57","","South DeKalb","13-089-0002","AQS"
"05/14/2015","68","","South DeKalb","13-089-0002","AQS"
"05/15/2015","67","","South DeKalb","13-089-0002","AQS"
"05/16/2015","62","","South DeKalb","13-089-0002","AQS"
"05/17/2015","61","","South DeKalb","13-089-0002","AQS"
"05/18/2015","60","","NR-GA Tech","13-121-0056","AQS"
"05/19/2015","54","","United Avenue","13-121-0055","AQS"
"05/20/2015","61","","United Avenue","13-121-0055","AQS"
"05/21/2015","51","","United Avenue","13-121-0055","AQS"
"05/22/2015","57","","South DeKalb","13-089-0002","AQS"
"05/23/2015","64","","South DeKalb","13-089-0002","AQS"
"05/24/2015","62","","South DeKalb","13-089-0002","AQS"
"05/25/2015","59","","South DeKalb","13-089-0002","AQS"
"05/26/2015","46","","NR-GA Tech","13-121-0056","AQS"
"05/27/2015","48","","United Avenue","13-121-0055","AQS"
"05/28/2015","44","","South DeKalb","13-089-0002","AQS"
"05/29/2015","53","","NR-GA Tech","13-121-0056","AQS"
"05/30/2015","56","","South DeKalb","13-089-0002","AQS"
"05/31/2015","46","","South DeKalb","13-089-0002","AQS"
"06/01/2015","45","","United Avenue","13-121-0055","AQS"
"06/02/2015","49","","United Avenue","13-121-0055","AQS"
"06/03/2015","51","","Yorkville, King Farm","13-223-0003","AQS"
"06/04/2015","47","","South DeKalb","13-089-0002","AQS"
"06/05/2015","56","","South DeKalb","13-089-0002","AQS"
"06/06/2015","61","","South DeKalb","13-089-0002","AQS"
"06/07/2015","67","","Yorkville, King Farm","13-223-0003","AQS"
"06/08/2015","63","","United Avenue","13-121-0055","AQS"
"06/09/2015","58","","South DeKalb","13-089-0002","AQS"
"06/10/2015","60","","United Avenue","13-121-0055","AQS"
"06/11/2015","61","","United Avenue","13-121-0055","AQS"
"06/12/2015","54","","South DeKalb","13-089-0002","AQS"
"06/13/2015","67","","South DeKalb","13-089-0002","AQS"
"06/14/2015","69","","South DeKalb","13-089-0002","AQS"
"06/15/2015","74","","South DeKalb","13-089-0002","AQS"
"06/16/2015","80","","South DeKalb","13-089-0002","AQS"
"06/17/2015","75","","South DeKalb","13-089-0002","AQS"
"06/18/2015","69","","South DeKalb","13-089-0002","AQS"
"06/19/2015","63","","South DeKalb","13-089-0002","AQS"
"06/20/2015","74","","South DeKalb","13-089-0002","AQS"
"06/21/2015","82","","South DeKalb","13-089-0002","AQS"
"06/22/2015","66","","South DeKalb","13-089-0002","AQS"
"06/23/2015","94","","Forest Park","13-063-0091","AQS"
"06/24/2015","81","","South DeKalb","13-089-0002","AQS"
"06/25/2015","60","","South DeKalb","13-089-0002","AQS"
"06/26/2015","69","","South DeKalb","13-089-0002","AQS"
"06/27/2015","55","","United Avenue","13-121-0055","AQS"
"06/28/2015","52","","South DeKalb","13-089-0002","AQS"
"06/29/2015","63","","South DeKalb","13-089-0002","AQS"
"06/30/2015","66","","Yorkville, King Farm","13-223-0003","AQS"
"07/01/2015","72","","South DeKalb","13-089-0002","AQS"
"07/02/2015","72","","South DeKalb","13-089-0002","AQS"
"07/03/2015","68","","South DeKalb","13-089-0002","AQS"
"07/04/2015","65","","South DeKalb","13-089-0002","AQS"
"07/05/2015","55","","Yorkville, King Farm","13-223-0003","AQS"
"07/06/2015","66","","South DeKalb","13-089-0002","AQS"
"07/07/2015","81","","South DeKalb","13-089-0002","AQS"
"07/08/2015","85","","South DeKalb","13-089-0002","AQS"
"07/09/2015","91","","South DeKalb","13-089-0002","AQS"
"07/10/2015","91","","South DeKalb","13-089-0002","AQS"
"07/11/2015","80","","South DeKalb","13-089-0002","AQS"
"07/12/2015","72","","South DeKalb","13-089-0002","AQS"
"07/13/2015","65","","Yorkville, King Farm","13-223-0003","AQS"
"07/14/2015","61","","Forest Park","13-063-0091","AQS"
"07/15/2015","55","","NR-GA Tech","13-121-0056","AQS"
"07/16/2015","58","","South DeKalb","13-089-0002","AQS"
"07/17/2015","62","","NR-GA Tech","13-121-0056","AQS"
"07/18/2015","65","","South DeKalb","13-089-0002","AQS"
"07/19/2015","57","","United Avenue","13-121-0055","AQS"
"07/20/2015","59","","Forest Park","13-063-0091","AQS"
"07/21/2015","61","","NR-GA Tech","13-121-0056","AQS"
"07/22/2015","54","","United Avenue","13-121-0055","AQS"
"07/23/2015","54","","Forest Park","13-063-0091","AQS"
"07/24/2015","54","","Newnan","13-077-0002","AQS"
"07/25/2015","60","","Yorkville, King Farm","13-223-0003","AQS"
"07/26/2015","67","","United Avenue","13-121-0055","AQS"
"07/27/2015","68","","United Avenue","13-121-0055","AQS"
"07/28/2015","67","","NR-GA Tech","13-121-0056","AQS"
"07/29/2015","64","","Yorkville, King Farm","13-223-0003","AQS"
"07/30/2015","63","","NR-GA Tech","13-121-0056","AQS"
"07/31/2015","56","","United Avenue","13-121-0055","AQS"
"08/01/2015","56","","South DeKalb","13-089-0002","AQS"
"08/02/2015","62","","South DeKalb","13-089-0002","AQS"
"08/03/2015","62","","NR-GA Tech","13-121-0056","AQS"
"08/04/2015","63","","South DeKalb","13-089-0002","AQS"
"08/05/2015","74","","South DeKalb","13-089-0002","AQS"
"08/06/2015","61","","Yorkville, King Farm","13-223-0003","AQS"
"08/07/2015","48","","South DeKalb","13-089-0002","AQS"
"08/08/2015","56","","United Avenue","13-121-0055","AQS"
"08/09/2015","64","","United Avenue","13-121-0055","AQS"
"08/10/2015","59","","United Avenue","13-121-0055","AQS"
"08/11/2015","54","","United Avenue","13-121-0055","AQS"
"08/12/2015","57","","South DeKalb","13-089-0002","AQS"
"08/13/2015","61","","Yorkville, King Farm","13-223-0003","AQS"
"08/14/2015","60","","South DeKalb","13-089-0002","AQS"
"08/15/2015","58","","United Avenue","13-121-0055","AQS"
"08/16/2015","55","","NR-GA Tech","13-121-0056","AQS"
"08/17/2015","43","","NR-GA Tech","13-121-0056","AQS"
"08/18/2015","46","","Yorkville, King Farm","13-223-0003","AQS"
"08/19/2015","42","","Yorkville, King Farm","13-223-0003","AQS"
"08/20/2015","53","","Yorkville, King Farm","13-223-0003","AQS"
"08/21/2015","51","","United Avenue","13-121-0055","AQS"
"08/22/2015","57","","Kennesaw","13-067-0003","AQS"
"08/23/2015","37","","South DeKalb","13-089-0002","AQS"
"08/24/2015","60","","South DeKalb","13-089-0002","AQS"
"08/25/2015","58","","South DeKalb","13-089-0002","AQS"
"08/26/2015","55","","South DeKalb","13-089-0002","AQS"
"08/27/2015","64","","South DeKalb","13-089-0002","AQS"
"08/28/2015","67","","Yorkville, King Farm","13-223-0003","AQS"
"08/29/2015","61","","United Avenue","13-121-0055","AQS"
"08/30/2015","62","","United Avenue","13-121-0055","AQS"
"08/31/2015","52","","United Avenue","13-121-0055","AQS"
"09/01/2015","55","","South DeKalb","13-089-0002","AQS"
"09/02/2015","64","","South DeKalb","13-089-0002","AQS"
"09/03/2015","77","","South DeKalb","13-089-0002","AQS"
"09/04/2015","71","","South DeKalb","13-089-0002","AQS"
"09/05/2015","69","","NR-GA Tech","13-121-0056","AQS"
"09/06/2015","65","","Yorkville, King Farm","13-223-0003","AQS"
"09/07/2015","58","","South DeKalb","13-089-0002","AQS"
"09/08/2015","55","","South DeKalb","13-089-0002","AQS"
"09/09/2015","51","","South DeKalb","13-089-0002","AQS"
"09/10/2015","59","","South DeKalb","13-089-0002","AQS"
"09/11/2015","66","","South DeKalb","13-089-0002","AQS"
"09/12/2015","57","","South DeKalb","13-089-0002","AQS"
"09/13/2015","55","","South DeKalb","13-089-0002","AQS"
"09/14/2015","57","","South DeKalb","13-089-0002","AQS"
"09/15/2015","58","","South DeKalb","13-089-0002","AQS"
"09/16/2015","60","","South DeKalb","13-089-0002","AQS"
"09/17/2015","64","","South DeKalb","13-089-0002","AQS"
"09/18/2015","66","","South DeKalb","13-089-0002","AQS"
"09/19/2015","69","","South DeKalb","13-089-0002","AQS"
"09/20/2015","76","","South DeKalb","13-089-0002","AQS"
"09/21/2015","62","","South DeKalb","13-089-0002","AQS"
"09/22/2015","63","","South DeKalb","13-089-0002","AQS"
"09/23/2015","58","","South DeKalb","13-089-0002","AQS"
"09/24/2015","57","","South DeKalb","13-089-0002","AQS"
"09/25/2015","42","","South DeKalb","13-089-0002","AQS"
"09/26/2015","28","","South DeKalb","13-089-0002","AQS"
"09/27/2015","33","","South DeKalb","13-089-0002","AQS"
"09/28/2015","37","","South DeKalb","13-089-0002","AQS"
"09/29/2015","36","","NR-GA Tech","13-121-0056","AQS"
"09/30/2015","40","","South DeKalb","13-089-0002","AQS"
"10/01/2015","33","","United Avenue","13-121-0055","AQS"
"10/02/2015","33","","South DeKalb","13-089-0002","AQS"
"10/03/2015","33","","South DeKalb","13-089-0002","AQS"
"10/04/2015","34","","South DeKalb","13-089-0002","AQS"
"10/05/2015","42","","South DeKalb","13-089-0002","AQS"
"10/06/2015","56","","South DeKalb","13-089-0002","AQS"
"10/07/2015","63","","South DeKalb","13-089-0002","AQS"
"10/08/2015","63","","South DeKalb","13-089-0002","AQS"
"10/09/2015","67","","Yorkville, King Farm","13-223-0003","AQS"
"10/10/2015","57","","South DeKalb","13-089-0002","AQS"
"10/11/2015","56","","Yorkville, King Farm","13-223-0003","AQS"
"10/12/2015","62","","South DeKalb","13-089-0002","AQS"
"10/13/2015","66","","South DeKalb","13-089-0002","AQS"
"10/14/2015","58","","South DeKalb","13-089-0002","AQS"
"10/15/2015","66","","South DeKalb","13-089-0002","AQS"
"10/16/2015","72","","United Avenue","13-121-0055","AQS"
"10/17/2015","57","","South DeKalb","13-089-0002","AQS"
"10/18/2015","57","","South DeKalb","13-089-0002","AQS"
"10/19/2015","62","","South DeKalb","13-089-0002","AQS"
"10/20/2015","65","","South DeKalb","13-089-0002","AQS"
"10/21/2015","70","","South DeKalb","13-089-0002","AQS"
"10/22/2015","67","","South DeKalb","13-089-0002","AQS"
"10/23/2015","66","","United Avenue","13-121-0055","AQS"
"10/24/2015","77","","United Avenue","13-121-0055","AQS"
"10/25/2015","76","","United Avenue","13-121-0055","AQS"
"10/26/2015","55","","United Avenue","13-121-0055","AQS"
"10/27/2015","54","","South DeKalb","13-089-0002","AQS"
"10/28/2015","49","","United Avenue","13-121-0055","AQS"
"10/29/2015","66","","United Avenue","13-121-0055","AQS"
"10/30/2015","60","","United Avenue","13-121-0055","AQS"
"10/31/2015","67","","United Avenue","13-121-0055","AQS"
"11/01/2015","56","","United Avenue","13-121-0055","AQS"
"11/02/2015","41","","United Avenue","13-121-0055","AQS"
"11/03/2015","44","","United Avenue","13-121-0055","AQS"
"11/04/2015","47","","United Avenue","13-121-0055","AQS"
"11/05/2015","52","","United Avenue","13-121-0055","AQS"
"11/06/2015","55","","United Avenue","13-121-0055","AQS"
"11/07/2015","49","","United Avenue","13-121-0055","AQS"
"11/08/2015","51","","South DeKalb","13-089-0002","AQS"
"11/09/2015","41","","South DeKalb","13-089-0002","AQS"
"11/10/2015","51","","South DeKalb","13-089-0002","AQS"
"11/11/2015","62","","Forest Park","13-063-0091","AQS"
"11/12/2015","55","","South DeKalb","13-089-0002","AQS"
"11/13/2015","55","","South DeKalb","13-089-0002","AQS"
"11/14/2015","57","","South DeKalb","13-089-0002","AQS"
"11/15/2015","70","","South DeKalb","13-089-0002","AQS"
"11/16/2015","68","","South DeKalb","13-089-0002","AQS"
"11/17/2015","62","","South DeKalb","13-089-0002","AQS"
"11/18/2015","34","","South DeKalb","13-089-0002","AQS"
"11/19/2015","31","","South DeKalb","13-089-0002","AQS"
"11/20/2015","57","","South DeKalb","13-089-0002","AQS"
"11/21/2015","60","","South DeKalb","13-089-0002","AQS"
"11/22/2015","55","","South DeKalb","13-089-0002","AQS"
"11/23/2015","60","","South DeKalb","13-089-0002","AQS"
"11/24/2015","72","","South DeKalb","13-089-0002","AQS"
"11/25/2015","69","","South DeKalb","13-089-0002","AQS"
"11/26/2015","57","","South DeKalb","13-089-0002","AQS"
"11/27/2015","55","","South DeKalb","13-089-0002","AQS"
"11/28/2015","61","","Gwinnett","13-135-0002","AQS"
"11/29/2015","71","","Gwinnett","13-135-0002","AQS"
"11/30/2015","56","","NR-GA Tech","13-121-0056","AQS"
"12/01/2015","65","","NR-GA Tech","13-121-0056","AQS"
"12/02/2015","36","","United Avenue","13-121-0055","AQS"
"12/03/2015","56","","South DeKalb","13-089-0002","AQS"
"12/04/2015","67","","South DeKalb","13-089-0002","AQS"
"12/05/2015","69","","South DeKalb","13-089-0002","AQS"
"12/06/2015","66","","South DeKalb","13-089-0002","AQS"
"12/07/2015","69","","South DeKalb","13-089-0002","AQS"
"12/08/2015","76","","South DeKalb","13-089-0002","AQS"
"12/09/2015","75","","South DeKalb","13-089-0002","AQS"
"12/10/2015","74","","South DeKalb","13-089-0002","AQS"
"12/11/2015","59","","South DeKalb","13-089-0002","AQS"
"12/12/2015","75","","Yorkville, King Farm","13-223-0003","AQS"
"12/13/2015","87","","Yorkville, King Farm","13-223-0003","AQS"
"12/14/2015","40","","Yorkville, King Farm","13-223-0003","AQS"
"12/15/2015","54","","South DeKalb","13-089-0002","AQS"
"12/16/2015","63","","South DeKalb","13-089-0002","AQS"
"12/17/2015","45","","South DeKalb","13-089-0002","AQS"
"12/18/2015","55","","Kennesaw","13-067-0003","AQS"
"12/19/2015","63","","South DeKalb","13-089-0002","AQS"
"12/20/2015","69","","South DeKalb","13-089-0002","AQS"
"12/21/2015","62","","South DeKalb","13-089-0002","AQS"
"12/22/2015","52","","South DeKalb","13-089-0002","AQS"
"12/23/2015","28","","South DeKalb","13-089-0002","AQS"
"12/24/2015","39","","Yorkville, King Farm","13-223-0003","AQS"
"12/25/2015","36","","South DeKalb","13-089-0002","AQS"
"12/26/2015","37","","South DeKalb","13-089-0002","AQS"
"12/27/2015","35","","Yorkville, King Farm","13-223-0003","AQS"
"12/28/2015","37","","Yorkville, King Farm","13-223-0003","AQS"
"12/29/2015","51","","United Avenue","13-121-0055","AQS"
"12/30/2015","53","","NR-GA Tech","13-121-0056","AQS"
"12/31/2015","42","","South DeKalb","13-089-0002","AQS"
"01/01/2016","61","","South DeKalb","13-089-0002","AQS"
"01/02/2016","61","","South DeKalb","13-089-0002","AQS"
"01/03/2016","59","","South DeKalb","13-089-0002","AQS"
"01/04/2016","55","","South DeKalb","13-089-0002","AQS"
"01/05/2016","57","","South DeKalb","13-089-0002","AQS"
"01/06/2016","62","","South DeKalb","13-089-0002","AQS"
"01/07/2016","56","","South DeKalb","13-089-0002","AQS"
"01/08/2016","54","","South DeKalb","13-089-0002","AQS"
"01/09/2016","51","","NR-GA Tech","13-121-0056","AQS"
"01/10/2016","42","","South DeKalb","13-089-0002","AQS"
"01/11/2016","58","","South DeKalb","13-089-0002","AQS"
"01/12/2016","67","","South DeKalb","13-089-0002","AQS"
"01/13/2016","57","","South DeKalb","13-089-0002","AQS"
"01/14/2016","74","","South DeKalb","13-089-0002","AQS"
"01/15/2016","63","","South DeKalb","13-089-0002","AQS"
"01/16/2016","52","","South DeKalb","13-089-0002","AQS"
"01/17/2016","62","","South DeKalb","13-089-0002","AQS"
"01/18/2016","57","","South DeKalb","13-089-0002","AQS"
"01/19/2016","61","","South DeKalb","13-089-0002","AQS"
"01/20/2016","77","","South DeKalb","13-089-0002","AQS"
"01/21/2016","78","","NR-GA Tech","13-121-0056","AQS"
"01/22/2016","54","","South DeKalb","13-089-0002","AQS"
"01/23/2016","59","","South DeKalb","13-089-0002","AQS"
"01/24/2016","68","","South DeKalb","13-089-0002","AQS"
"01/25/2016","82","","South DeKalb","13-089-0002","AQS"
"01/26/2016","71","","South DeKalb","13-089-0002","AQS"
"01/27/2016","62","","South DeKalb","13-089-0002","AQS"
"01/28/2016","58","","South DeKalb","13-089-0002","AQS"
"01/29/2016","56","","South DeKalb","13-089-0002","AQS"
"01/30/2016","61","","South DeKalb","13-089-0002","AQS"
"01/31/2016","64","","South DeKalb","13-089-0002","AQS"
"02/01/2016","57","","United Avenue","13-121-0055","AQS"
"02/02/2016","56","","NR-GA Tech","13-121-0056","AQS"
"02/03/2016","39","","NR-GA Tech","13-121-0056","AQS"
"02/04/2016","52","","South DeKalb","13-089-0002","AQS"
"02/05/2016","56","","South DeKalb","13-089-0002","AQS"
"02/06/2016","65","","South DeKalb","13-089-0002","AQS"
"02/07/2016","67","","South DeKalb","13-089-0002","AQS"
"02/08/2016","60","","South DeKalb","13-089-0002","AQS"
"02/09/2016","51","","South DeKalb","13-089-0002","AQS"
"02/10/2016","58","","South DeKalb","13-089-0002","AQS"
"02/11/2016","64","","South DeKalb","13-089-0002","AQS"
"02/12/2016","63","","South DeKalb","13-089-0002","AQS"
"02/13/2016","60","","South DeKalb","13-089-0002","AQS"
"02/14/2016","65","","South DeKalb","13-089-0002","AQS"
"02/15/2016","61","","South DeKalb","13-089-0002","AQS"
"02/16/2016","42","","South DeKalb","13-089-0002","AQS"
"02/17/2016","53","","South DeKalb","13-089-0002","AQS"
"02/18/2016","62","","South DeKalb","13-089-0002","AQS"
"02/19/2016","67","","South DeKalb","13-089-0002","AQS"
"02/20/2016","69","","South DeKalb","13-089-0002","AQS"
"02/21/2016","64","","South DeKalb","13-089-0002","AQS"
"02/22/2016","50","","NR-GA Tech","13-121-0056","AQS"
"02/23/2016","42","","NR-GA Tech","13-121-0056","AQS"
"02/24/2016","32","","United Avenue","13-121-0055","AQS"
"02/25/2016","37","","United Avenue","13-121-0055","AQS"
"02/26/2016","55","","South DeKalb","13-089-0002","AQS"
"02/27/2016","57","","South DeKalb","13-089-0002","AQS"
"02/28/2016","66","","South DeKalb","13-089-0002","AQS"
"02/29/2016","56","","Yorkville, King Farm","13-223-0003","AQS"
"03/01/2016","60","","United Avenue","13-121-0055","AQS"
"03/02/2016","53","","South DeKalb","13-089-0002","AQS"
"03/03/2016","58","","South DeKalb","13-089-0002","AQS"
"03/04/2016","57","","South DeKalb","13-089-0002","AQS"
"03/05/2016","58","","South DeKalb","13-089-0002","AQS"
"03/06/2016","59","","South DeKalb","13-089-0002","AQS"
"03/07/2016","67","","South DeKalb","13-089-0002","AQS"
"03/08/2016","73","","South DeKalb","13-089-0002","AQS"
"03/09/2016","63","","Newnan","13-077-0002","AQS"
"03/10/2016","62","","Yorkville, King Farm","13-223-0003","AQS"
"03/11/2016","52","","United Avenue","13-121-0055","AQS"
"03/12/2016","63","","South DeKalb","13-089-0002","AQS"
"03/13/2016","54","","South DeKalb","13-089-0002","AQS"
"03/14/2016","53","","United Avenue","13-121-0055","AQS"
"03/15/2016","58","","South DeKalb","13-089-0002","AQS"
"03/16/2016","62","","South DeKalb","13-089-0002","AQS"
"03/17/2016","59","","South DeKalb","13-089-0002","AQS"
"03/18/2016","69","","South DeKalb","13-089-0002","AQS"
"03/19/2016","48","","Yorkville, King Farm","13-223-0003","AQS"
"03/20/2016","57","","South DeKalb","13-089-0002","AQS"
"03/21/2016","62","","South DeKalb","13-089-0002","AQS"
"03/22/2016","75","","South DeKalb","13-089-0002","AQS"
"03/23/2016","71","","South DeKalb","13-089-0002","AQS"
"03/24/2016","65","","United Avenue","13-121-0055","AQS"
"03/25/2016","61","","Yorkville, King Farm","13-223-0003","AQS"
"03/26/2016","67","","United Avenue","13-121-0055","AQS"
"03/27/2016","56","","Kennesaw","13-067-0003","AQS"
"03/28/2016","65","","NR-GA Tech","13-121-0056","AQS"
"03/29/2016","39","","United Avenue","13-121-0055","AQS"
"03/30/2016","58","","United Avenue","13-121-0055","AQS"
"03/31/2016","53","","United Avenue","13-121-0055","AQS"
"04/01/2016","43","","United Avenue","13-121-0055","AQS"
"04/02/2016","37","","United Avenue","13-121-0055","AQS"
"04/03/2016","44","","United Avenue","13-121-0055","AQS"
"04/04/2016","58","","NR-GA Tech","13-121-0056","AQS"
"04/05/2016","48","","United Avenue","13-121-0055","AQS"
"04/06/2016","53","","United Avenue","13-121-0055","AQS"
"04/07/2016","36","","United Avenue","13-121-0055","AQS"
"04/08/2016","33","","United Avenue","13-121-0055","AQS"
"04/09/2016","33","","United Avenue","13-121-0055","AQS"
"04/10/2016","66","","United Avenue","13-121-0055","AQS"
"04/11/2016","59","","Yorkville, King Farm","13-223-0003","AQS"
"04/12/2016","46","","NR-GA Tech","13-121-0056","AQS"
"04/13/2016","52","","NR-GA Tech","13-121-0056","AQS"
"04/14/2016","57","","NR-GA Tech","13-121-0056","AQS"
"04/15/2016","48","","United Avenue","13-121-0055","AQS"
"04/16/2016","53","","Yorkville, King Farm","13-223-0003","AQS"
"04/17/2016","55","","NR-GA Tech","13-121-0056","AQS"
"04/18/2016","72","","McDonough","13-151-0002","AQS"
"04/19/2016","69","","South DeKalb","13-089-0002","AQS"
"04/20/2016","66","","Kennesaw","13-067-0003","AQS"
"04/21/2016","62","","Kennesaw","13-067-0003","AQS"
"04/22/2016","53","","NR-GA Tech","13-121-0056","AQS"
"04/23/2016","44","","NR-GA Tech","13-121-0056","AQS"
"04/24/2016","53","","Kennesaw","13-067-0003","AQS"
"04/25/2016","61","","Yorkville, King Farm","13-223-0003","AQS"
"04/26/2016","74","","Kennesaw","13-067-0003","AQS"
"04/27/2016","59","","Kennesaw","13-067-0003","AQS"
"04/28/2016","59","","Kennesaw","13-067-0003","AQS"
"04/29/2016","58","","NR-GA Tech","13-121-0056","AQS"
"04/30/2016","60","","South DeKalb","13-089-0002","AQS"
"05/01/2016","57","","Yorkville, King Farm","13-223-0003","AQS"
"05/02/2016","60","","NR-GA Tech","13-121-0056","AQS"
"05/03/2016","46","","Kennesaw","13-067-0003","AQS"
"05/04/2016","41","","Yorkville, King Farm","13-223-0003","AQS"
"05/05/2016","34","","South DeKalb","13-089-0002","AQS"
"05/06/2016","42","","NR-GA Tech","13-121-0056","AQS"
"05/07/2016","56","","South DeKalb","13-089-0002","AQS"
"05/08/2016","57","","Yorkville, King Farm","13-223-0003","AQS"
"05/09/2016","62","","South DeKalb","13-089-0002","AQS"
"05/10/2016","60","","South DeKalb","13-089-0002","AQS"
"05/11/2016","64","","South DeKalb","13-089-0002","AQS"
"05/12/2016","59","","Fire Station #8","13-121-0039","AQS"
"05/13/2016","43","","NR-GA Tech","13-121-0056","AQS"
"05/14/2016","48","","South DeKalb","13-089-0002","AQS"
"05/15/2016","48","","South DeKalb","13-089-0002","AQS"
"05/16/2016","53","","South DeKalb","13-089-0002","AQS"
"05/17/2016","56","","Yorkville, King Farm","13-223-0003","AQS"
"05/18/2016","53","","United Avenue","13-121-0055","AQS"
"05/19/2016","51","","United Avenue","13-121-0055","AQS"
"05/20/2016","29","","NR-GA Tech","13-121-0056","AQS"
"05/21/2016","37","","United Avenue","13-121-0055","AQS"
"05/22/2016","45","","United Avenue","13-121-0055","AQS"
"05/23/2016","57","","United Avenue","13-121-0055","AQS"
"05/24/2016","69","","South DeKalb","13-089-0002","AQS"
"05/25/2016","69","","South DeKalb","13-089-0002","AQS"
"05/26/2016","73","","United Avenue","13-121-0055","AQS"
"05/27/2016","72","","Yorkville, King Farm","13-223-0003","AQS"
"05/28/2016","66","","Yorkville, King Farm","13-223-0003","AQS"
"05/29/2016","57","","United Avenue","13-121-0055","AQS"
"05/30/2016","68","","NR-GA Tech","13-121-0056","AQS"
"05/31/2016","61","","United Avenue","13-121-0055","AQS"
"06/01/2016","62","","Yorkville, King Farm","13-223-0003","AQS"
"06/02/2016","59","","NR-GA Tech","13-121-0056","AQS"
"06/03/2016","58","","Yorkville, King Farm","13-223-0003","AQS"
"06/04/2016","58","","United Avenue","13-121-0055","AQS"
"06/05/2016","37","","United Avenue","13-121-0055","AQS"
"06/06/2016","51","","United Avenue","13-121-0055","AQS"
"06/07/2016","51","","United Avenue","13-121-0055","AQS"
"06/08/2016","56","","South DeKalb","13-089-0002","AQS"
"06/09/2016","62","","South DeKalb","13-089-0002","AQS"
"06/10/2016","64","","United Avenue","13-121-0055","AQS"
"06/11/2016","69","","South DeKalb","13-089-0002","AQS"
"06/12/2016","65","","South DeKalb","13-089-0002","AQS"
"06/13/2016","72","","NR-GA Tech","13-121-0056","AQS"
"06/14/2016","70","","United Avenue","13-121-0055","AQS"
"06/15/2016","55","","South DeKalb","13-089-0002","AQS"
"06/16/2016","54","","United Avenue","13-121-0055","AQS"
"06/17/2016","62","","Yorkville, King Farm","13-223-0003","AQS"
"06/18/2016","51","","Yorkville, King Farm","13-223-0003","AQS"
"06/19/2016","52","","Yorkville, King Farm","13-223-0003","AQS"
"06/20/2016","57","","South DeKalb","13-089-0002","AQS"
"06/21/2016","61","","South DeKalb","13-089-0002","AQS"
"06/22/2016","62","","South DeKalb","13-089-0002","AQS"
"06/23/2016","66","","South DeKalb","13-089-0002","AQS"
"06/24/2016","64","","United Avenue","13-121-0055","AQS"
"06/25/2016","63","","United Avenue","13-121-0055","AQS"
"06/26/2016","60","","United Avenue","13-121-0055","AQS"
"06/27/2016","61","","United Avenue","13-121-0055","AQS"
"06/28/2016","57","","United Avenue","13-121-0055","AQS"
"06/29/2016","59","","United Avenue","13-121-0055","AQS"
"06/30/2016","63","","United Avenue","13-121-0055","AQS"
"07/01/2016","63","","Yorkville, King Farm","13-223-0003","AQS"
"07/02/2016","63","","United Avenue","13-121-0055","AQS"
"07/03/2016","67","","United Avenue","13-121-0055","AQS"
"07/04/2016","66","","Kennesaw","13-067-0003","AQS"
"07/05/2016","55","","United Avenue","13-121-0055","AQS"
"07/06/2016","52","","Yorkville, King Farm","13-223-0003","AQS"
"07/07/2016","53","","Yorkville, King Farm","13-223-0003","AQS"
"07/08/2016","57","","Yorkville, King Farm","13-223-0003","AQS"
"07/09/2016","54","","United Avenue","13-121-0055","AQS"
"07/10/2016","52","","United Avenue","13-121-0055","AQS"
"07/11/2016","51","","United Avenue","13-121-0055","AQS"
"07/12/2016","56","","Yorkville, King Farm","13-223-0003","AQS"
"07/13/2016","53","","United Avenue","13-121-0055","AQS"
"07/14/2016","48","","United Avenue","13-121-0055","AQS"
"07/15/2016","52","","United Avenue","13-121-0055","AQS"
"07/16/2016","56","","United Avenue","13-121-0055","AQS"
"07/17/2016","60","","United Avenue","13-121-0055","AQS"
"07/18/2016","38","","NR-GA Tech","13-121-0056","AQS"
"07/19/2016","49","","NR-GA Tech","13-121-0056","AQS"
"07/20/2016","74","","Fire Station #8","13-121-0039","AQS"
"07/21/2016","59","","Yorkville, King Farm","13-223-0003","AQS"
"07/22/2016","57","","United Avenue","13-121-0055","AQS"
"07/23/2016","59","","United Avenue","13-121-0055","AQS"
"07/24/2016","58","","United Avenue","13-121-0055","AQS"
"07/25/2016","60","","United Avenue","13-121-0055","AQS"
"07/26/2016","57","","South DeKalb","13-089-0002","AQS"
"07/27/2016","52","","South DeKalb","13-089-0002","AQS"
"07/28/2016","60","","South DeKalb","13-089-0002","AQS"
"07/29/2016","56","","United Avenue","13-121-0055","AQS"
"07/30/2016","54","","United Avenue","13-121-0055","AQS"
"07/31/2016","56","","South DeKalb","13-089-0002","AQS"
"08/01/2016","59","","South DeKalb","13-089-0002","AQS"
"08/02/2016","55","","United Avenue","13-121-0055","AQS"
"08/03/2016","56","","United Avenue","13-121-0055","AQS"
"08/04/2016","59","","Yorkville, King Farm","13-223-0003","AQS"
"08/05/2016","61","","United Avenue","13-121-0055","AQS"
"08/06/2016","63","","United Avenue","13-121-0055","AQS"
"08/07/2016","60","","United Avenue","13-121-0055","AQS"
"08/08/2016","51","","NR-GA Tech","13-121-0056","AQS"
"08/09/2016","47","","Yorkville, King Farm","13-223-0003","AQS"
"08/10/2016","52","","United Avenue","13-121-0055","AQS"
"08/11/2016","51","","United Avenue","13-121-0055","AQS"
"08/12/2016","46","","United Avenue","13-121-0055","AQS"
"08/13/2016","47","","United Avenue","13-121-0055","AQS"
"08/14/2016","49","","United Avenue","13-121-0055","AQS"
"08/15/2016","46","","United Avenue","13-121-0055","AQS"
"08/16/2016","53","","United Avenue","13-121-0055","AQS"
"08/17/2016","52","","United Avenue","13-121-0055","AQS"
"08/18/2016","54","","United Avenue","13-121-0055","AQS"
"08/19/2016","51","","United Avenue","13-121-0055","AQS"
"08/20/2016","46","","United Avenue","13-121-0055","AQS"
"08/21/2016","54","","United Avenue","13-121-0055","AQS"
"08/22/2016","55","","South DeKalb","13-089-0002","AQS"
"08/23/2016","61","","United Avenue","13-121-0055","AQS"
"08/24/2016","57","","Yorkville, King Farm","13-223-0003","AQS"
"08/25/2016","62","","Newnan","13-077-0002","AQS"
"08/26/2016","71","","Newnan","13-077-0002","AQS"
"08/27/2016","65","","NR-GA Tech","13-121-0056","AQS"
"08/28/2016","60","","South DeKalb","13-089-0002","AQS"
"08/29/2016","67","","NR-GA Tech","13-121-0056","AQS"
"08/30/2016","62","","South DeKalb","13-089-0002","AQS"
"08/31/2016","60","","South DeKalb","13-089-0002","AQS"
"09/01/2016","55","","Kennesaw","13-067-0003","AQS"
"09/02/2016","52","","NR-GA Tech","13-121-0056","AQS"
"09/03/2016","52","","United Avenue","13-121-0055","AQS"
"09/04/2016","58","","United Avenue","13-121-0055","AQS"
"09/05/2016","57","","United Avenue","13-121-0055","AQS"
"09/06/2016","61","","United Avenue","13-121-0055","AQS"
"09/07/2016","64","","United Avenue","13-121-0055","AQS"
"09/08/2016","65","","United Avenue","13-121-0055","AQS"
"09/09/2016","69","","Yorkville, King Farm","13-223-0003","AQS"
"09/10/2016","68","","Yorkville, King Farm","13-223-0003","AQS"
"09/11/2016","54","","United Avenue","13-121-0055","AQS"
"09/12/2016","54","","United Avenue","13-121-0055","AQS"
"09/13/2016","55","","Yorkville, King Farm","13-223-0003","AQS"
"09/14/2016","52","","Yorkville, King Farm","13-223-0003","AQS"
"09/15/2016","54","","Yorkville, King Farm","13-223-0003","AQS"
"09/16/2016","59","","United Avenue","13-121-0055","AQS"
"09/17/2016","59","","Yorkville, King Farm","13-223-0003","AQS"
"09/18/2016","51","","NR-GA Tech","13-121-0056","AQS"
"09/19/2016","37","","United Avenue","13-121-0055","AQS"
"09/20/2016","53","","NR-GA Tech","13-121-0056","AQS"
"09/21/2016","56","","NR-GA Tech","13-121-0056","AQS"
"09/22/2016","45","","NR-GA Tech","13-121-0056","AQS"
"09/23/2016","55","","NR-GA Tech","13-121-0056","AQS"
"09/24/2016","59","","Forest Park","13-063-0091","AQS"
"09/25/2016","59","","United Avenue","13-121-0055","AQS"
"09/26/2016","65","","NR-GA Tech","13-121-0056","AQS"
"09/27/2016","57","","South DeKalb","13-089-0002","AQS"
"09/28/2016","66","","Yorkville, King Farm","13-223-0003","AQS"
"09/29/2016","55","","South DeKalb","13-089-0002","AQS"
"09/30/2016","52","","United Avenue","13-121-0055","AQS"
"10/01/2016","59","","United Avenue","13-121-0055","AQS"
"10/02/2016","69","","United Avenue","13-121-0055","AQS"
"10/03/2016","65","","United Avenue","13-121-0055","AQS"
"10/04/2016","61","","Yorkville, King Farm","13-223-0003","AQS"
"10/05/2016","49","","NR-GA Tech","13-121-0056","AQS"
"10/06/2016","50","","NR-GA Tech","13-121-0056","AQS"
"10/07/2016","36","","Yorkville, King Farm","13-223-0003","AQS"
"10/08/2016","43","","Yorkville, King Farm","13-223-0003","AQS"
"10/09/2016","33","","Yorkville, King Farm","13-223-0003","AQS"
"10/10/2016","55","","NR-GA Tech","13-121-0056","AQS"
"10/11/2016","52","","South DeKalb","13-089-0002","AQS"
"10/12/2016","61","","NR-GA Tech","13-121-0056","AQS"
"10/13/2016","65","","United Avenue","13-121-0055","AQS"
"10/14/2016","67","","United Avenue","13-121-0055","AQS"
"10/15/2016","61","","United Avenue","13-121-0055","AQS"
"10/16/2016","59","","United Avenue","13-121-0055","AQS"
"10/17/2016","55","","South DeKalb","13-089-0002","AQS"
"10/18/2016","58","","South DeKalb","13-089-0002","AQS"
"10/19/2016","64","","Newnan","13-077-0002","AQS"
"10/20/2016","61","","United Avenue","13-121-0055","AQS"
"10/21/2016","41","","South DeKalb","13-089-0002","AQS"
"10/22/2016","53","","South DeKalb","13-089-0002","AQS"
"10/23/2016","59","","South DeKalb","13-089-0002","AQS"
"10/24/2016","65","","South DeKalb","13-089-0002","AQS"
"10/25/2016","61","","South DeKalb","13-089-0002","AQS"
"10/26/2016","63","","South DeKalb","13-089-0002","AQS"
"10/27/2016","62","","United Avenue","13-121-0055","AQS"
"10/28/2016","66","","United Avenue","13-121-0055","AQS"
"10/29/2016","81","","United Avenue","13-121-0055","AQS"
"10/30/2016","77","","United Avenue","13-121-0055","AQS"
"10/31/2016","65","","United Avenue","13-121-0055","AQS"
"11/01/2016","71","","United Avenue","13-121-0055","AQS"
"11/02/2016","62","","United Avenue","13-121-0055","AQS"
"11/03/2016","64","","Kennesaw","13-067-0003","AQS"
"11/04/2016","60","","United Avenue","13-121-0055","AQS"
"11/05/2016","58","","United Avenue","13-121-0055","AQS"
"11/06/2016","73","","Yorkville, King Farm","13-223-0003","AQS"
"11/07/2016","66","","South DeKalb","13-089-0002","AQS"
"11/08/2016","66","","Yorkville, King Farm","13-223-0003","AQS"
"11/09/2016","79","","South DeKalb","13-089-0002","AQS"
"11/10/2016","112","","Gwinnett","13-135-0002","AQS"
"11/11/2016","84","","Gwinnett","13-135-0002","AQS"
"11/12/2016","79","","Yorkville, King Farm","13-223-0003","AQS"
"11/13/2016","65","","Gwinnett","13-135-0002","AQS"
"11/14/2016","151","","South DeKalb","13-089-0002","AQS"
"11/15/2016","112","","South DeKalb","13-089-0002","AQS"
"11/16/2016","68","","South DeKalb","13-089-0002","AQS"
"11/17/2016","68","","Fire Station #8","13-121-0039","AQS"
"11/18/2016","73","","South DeKalb","13-089-0002","AQS"
"11/19/2016","56","","South DeKalb","13-089-0002","AQS"
"11/20/2016","54","","South DeKalb","13-089-0002","AQS"
"11/21/2016","58","","South DeKalb","13-089-0002","AQS"
"11/22/2016","71","","South DeKalb","13-089-0002","AQS"
"11/23/2016","69","","South DeKalb","13-089-0002","AQS"
"11/24/2016","58","","South DeKalb","13-089-0002","AQS"
"11/25/2016","60","","South DeKalb","13-089-0002","AQS"
"11/26/2016","63","","South DeKalb","13-089-0002","AQS"
"11/27/2016","67","","South DeKalb","13-089-0002","AQS"
"11/28/2016","58","","South DeKalb","13-089-0002","AQS"
"11/29/2016","52","","NR-GA Tech","13-121-0056","AQS"
"11/30/2016","33","","South DeKalb","13-089-0002","AQS"
"12/01/2016","54","","South DeKalb","13-089-0002","AQS"
"12/02/2016","58","","South DeKalb","13-089-0002","AQS"
"12/03/2016","64","","South DeKalb","13-089-0002","AQS"
"12/04/2016","59","","South DeKalb","13-089-0002","AQS"
"12/05/2016","52","","South DeKalb","13-089-0002","AQS"
"12/06/2016","47","","South DeKalb","13-089-0002","AQS"
"12/07/2016","55","","South DeKalb","13-089-0002","AQS"
"12/08/2016","59","","South DeKalb","13-089-0002","AQS"
"12/09/2016","62","","South DeKalb","13-089-0002","AQS"
"12/10/2016","76","","South DeKalb","13-089-0002","AQS"
"12/11/2016","80","","South DeKalb","13-089-0002","AQS"
"12/12/2016","67","","South DeKalb","13-089-0002","AQS"
"12/13/2016","62","","South DeKalb","13-089-0002","AQS"
"12/14/2016","57","","South DeKalb","13-089-0002","AQS"
"12/15/2016","61","","South DeKalb","13-089-0002","AQS"
"12/16/2016","63","","South DeKalb","13-089-0002","AQS"
"12/17/2016","71","","South DeKalb","13-089-0002","AQS"
"12/18/2016","54","","South DeKalb","13-089-0002","AQS"
"12/19/2016","67","","South DeKalb","13-089-0002","AQS"
"12/20/2016","65","","South DeKalb","13-089-0002","AQS"
"12/21/2016","77","","South DeKalb","13-089-0002","AQS"
"12/22/2016","71","","South DeKalb","13-089-0002","AQS"
"12/23/2016","66","","South DeKalb","13-089-0002","AQS"
"12/24/2016","69","","South DeKalb","13-089-0002","AQS"
"12/25/2016","72","","United Avenue","13-121-0055","AQS"
"12/26/2016","61","","South DeKalb","13-089-0002","AQS"
"12/27/2016","46","","South DeKalb","13-089-0002","AQS"
"12/28/2016","57","","South DeKalb","13-089-0002","AQS"
"12/29/2016","47","","South DeKalb","13-089-0002","AQS"
"12/30/2016","50","","South DeKalb","13-089-0002","AQS"
"12/31/2016","66","","South DeKalb","13-089-0002","AQS"
"01/01/2017","60","","South DeKalb","13-089-0002","AQS"
"01/02/2017","38","","South DeKalb","13-089-0002","AQS"
"01/03/2017","42","","South DeKalb","13-089-0002","AQS"
"01/04/2017","46","","South DeKalb","13-089-0002","AQS"
"01/05/2017","57","","South DeKalb","13-089-0002","AQS"
"01/06/2017","64","","South DeKalb","13-089-0002","AQS"
"01/07/2017","66","","South DeKalb","13-089-0002","AQS"
"01/08/2017","72","","South DeKalb","13-089-0002","AQS"
"01/09/2017","75","","South DeKalb","13-089-0002","AQS"
"01/10/2017","65","","South DeKalb","13-089-0002","AQS"
"01/11/2017","57","","South DeKalb","13-089-0002","AQS"
"01/12/2017","64","","South DeKalb","13-089-0002","AQS"
"01/13/2017","66","","South DeKalb","13-089-0002","AQS"
"01/14/2017","70","","United Avenue","13-121-0055","AQS"
"01/15/2017","77","","Gwinnett","13-135-0002","AQS"
"01/16/2017","78","","NR-GA Tech","13-121-0056","AQS"
"01/17/2017","61","","United Avenue","13-121-0055","AQS"
"01/18/2017","53","","South DeKalb","13-089-0002","AQS"
"01/19/2017","59","","South DeKalb","13-089-0002","AQS"
"01/20/2017","52","","United Avenue","13-121-0055","AQS"
"01/21/2017","33","","United Avenue","13-121-0055","AQS"
"01/22/2017","23","","NR-GA Tech","13-121-0056","AQS"
"01/23/2017","43","","South DeKalb","13-089-0002","AQS"
"01/24/2017","54","","South DeKalb","13-089-0002","AQS"
"01/25/2017","59","","South DeKalb","13-089-0002","AQS"
"01/26/2017","36","","United Avenue","13-121-0055","AQS"
"01/27/2017","35","","United Avenue","13-121-0055","AQS"
"01/28/2017","31","","United Avenue","13-121-0055","AQS"
"01/29/2017","36","","United Avenue","13-121-0055","AQS"
"01/30/2017","38","","United Avenue","13-121-0055","AQS"
"01/31/2017","59","","United Avenue","13-121-0055","AQS"
"02/01/2017","56","","United Avenue","13-121-0055","AQS"
"02/02/2017","59","","United Avenue","13-121-0055","AQS"
"02/03/2017","39","","United Avenue","13-121-0055","AQS"
"02/04/2017","43","","South DeKalb","13-089-0002","AQS"
"02/05/2017","66","","McDonough","13-151-0002","AQS"
"02/06/2017","74","","NR-GA Tech","13-121-0056","AQS"
"02/07/2017","58","","United Avenue","13-121-0055","AQS"
"02/08/2017","48","","United Avenue","13-121-0055","AQS"
"02/09/2017","34","","United Avenue","13-121-0055","AQS"
"02/10/2017","52","","South DeKalb","13-089-0002","AQS"
"02/11/2017","58","","United Avenue","13-121-0055","AQS"
"02/12/2017","60","","United Avenue","13-121-0055","AQS"
"02/13/2017","27","","United Avenue","13-121-0055","AQS"
"02/14/2017","55","","South DeKalb","13-089-0002","AQS"
"02/15/2017","56","","United Avenue","13-121-0055","AQS"
"02/16/2017","33","","South DeKalb","13-089-0002","AQS"
"02/17/2017","56","","South DeKalb","13-089-0002","AQS"
"02/18/2017","67","","United Avenue","13-121-0055","AQS"
"02/19/2017","57","","United Avenue","13-121-0055","AQS"
"02/20/2017","56","","United Avenue","13-121-0055","AQS"
"02/21/2017","67","","United Avenue","13-121-0055","AQS"
"02/22/2017","58","","United Avenue","13-121-0055","AQS"
"02/23/2017","56","","United Avenue","13-121-0055","AQS"
"02/24/2017","56","","United Avenue","13-121-0055","AQS"
"02/25/2017","42","","United Avenue","13-121-0055","AQS"
"02/26/2017","43","","United Avenue","13-121-0055","AQS"
"02/27/2017","55","","United Avenue","13-121-0055","AQS"
"02/28/2017","58","","United Avenue","13-121-0055","AQS"
"03/01/2017","56","","United Avenue","13-121-0055","AQS"
"03/02/2017","34","","United Avenue","13-121-0055","AQS"
"03/03/2017","45","","South DeKalb","13-089-0002","AQS"
"03/04/2017","57","","South DeKalb","13-089-0002","AQS"
"03/05/2017","66","","NR-GA Tech","13-121-0056","AQS"
"03/06/2017","58","","United Avenue","13-121-0055","AQS"
"03/07/2017","55","","United Avenue","13-121-0055","AQS"
"03/08/2017","34","","McDonough","13-151-0002","AQS"
"03/09/2017","55","","United Avenue","13-121-0055","AQS"
"03/10/2017","50","","United Avenue","13-121-0055","AQS"
"03/11/2017","37","","United Avenue","13-121-0055","AQS"
"03/12/2017","37","","South DeKalb","13-089-0002","AQS"
"03/13/2017","49","","South DeKalb","13-089-0002","AQS"
"03/14/2017","40","","Fire Station #8","13-121-0039","AQS"
"03/15/2017","43","","South DeKalb","13-089-0002","AQS"
"03/16/2017","55","","South DeKalb","13-089-0002","AQS"
"03/17/2017","66","","Fire Station #8","13-121-0039","AQS"
"03/18/2017","61","","United Avenue","13-121-0055","AQS"
"03/19/2017","37","","United Avenue","13-121-0055","AQS"
"03/20/2017","65","","Newnan","13-077-0002","AQS"
"03/21/2017","69","","United Avenue","13-121-0055","AQS"
"03/22/2017","52","","United Avenue","13-121-0055","AQS"
"03/23/2017","56","","United Avenue","13-121-0055","AQS"
"03/24/2017","60","","United Avenue","13-121-0055","AQS"
"03/25/2017","52","","United Avenue","13-121-0055","AQS"
"03/26/2017","56","","United Avenue","13-121-0055","AQS"
"03/27/2017","58","","United Avenue","13-121-0055","AQS"
"03/28/2017","56","","United Avenue","13-121-0055","AQS"
"03/29/2017","64","","United Avenue","13-121-0055","AQS"
"03/30/2017","61","","United Avenue","13-121-0055","AQS"
"03/31/2017","31","","United Avenue","13-121-0055","AQS"
"04/01/2017","36","","United Avenue","13-121-0055","AQS"
"04/02/2017","53","","Newnan","13-077-0002","AQS"
"04/03/2017","52","","United Avenue","13-121-0055","AQS"
"04/04/2017","49","","United Avenue","13-121-0055","AQS"
"04/05/2017","46","","United Avenue","13-121-0055","AQS"
"04/06/2017","17","","United Avenue","13-121-0055","AQS"
"04/07/2017","27","","United Avenue","13-121-0055","AQS"
"04/08/2017","52","","United Avenue","13-121-0055","AQS"
"04/09/2017","64","","United Avenue","13-121-0055","AQS"
"04/10/2017","60","","United Avenue","13-121-0055","AQS"
"04/11/2017","66","","United Avenue","13-121-0055","AQS"
"04/12/2017","74","","United Avenue","13-121-0055","AQS"
"04/13/2017","66","","United Avenue","13-121-0055","AQS"
"04/14/2017","72","","United Avenue","13-121-0055","AQS"
"04/15/2017","55","","United Avenue","13-121-0055","AQS"
"04/16/2017","59","","United Avenue","13-121-0055","AQS"
"04/17/2017","61","","United Avenue","13-121-0055","AQS"
"04/18/2017","55","","United Avenue","13-121-0055","AQS"
"04/19/2017","55","","United Avenue","13-121-0055","AQS"
"04/20/2017","57","","United Avenue","13-121-0055","AQS"
"04/21/2017","64","","United Avenue","13-121-0055","AQS"
"04/22/2017","58","","United Avenue","13-121-0055","AQS"
"04/23/2017","33","","Newnan","13-077-0002","AQS"
"04/24/2017","25","","United Avenue","13-121-0055","AQS"
"04/25/2017","46","","United Avenue","13-121-0055","AQS"
"04/26/2017","58","","United Avenue","13-121-0055","AQS"
"04/27/2017","59","","United Avenue","13-121-0055","AQS"
"04/28/2017","61","","United Avenue","13-121-0055","AQS"
"04/29/2017","68","","United Avenue","13-121-0055","AQS"
"04/30/2017","52","","United Avenue","13-121-0055","AQS"
"05/01/2017","37","","NR-GA Tech","13-121-0056","AQS"
"05/02/2017","41","","United Avenue","13-121-0055","AQS"
"05/03/2017","56","","McDonough","13-151-0002","AQS"
"05/04/2017","56","","United Avenue","13-121-0055","AQS"
"05/05/2017","17","","United Avenue","13-121-0055","AQS"
"05/06/2017","40","","United Avenue","13-121-0055","AQS"
"05/07/2017","41","","United Avenue","13-121-0055","AQS"
"05/08/2017","53","","United Avenue","13-121-0055","AQS"
"05/09/2017","59","","McDonough","13-151-0002","AQS"
"05/10/2017","67","","United Avenue","13-121-0055","AQS"
"05/11/2017","61","","Gwinnett","13-135-0002","AQS"
"05/12/2017","57","","McDonough","13-151-0002","AQS"
"05/13/2017","50","","United Avenue","13-121-0055","AQS"
"05/14/2017","56","","United Avenue","13-121-0055","AQS"
"05/15/2017","58","","United Avenue","13-121-0055","AQS"
"05/16/2017","65","","McDonough","13-151-0002","AQS"
"05/17/2017","57","","United Avenue","13-121-0055","AQS"
"05/18/2017","58","","United Avenue","13-121-0055","AQS"
"05/19/2017","58","","United Avenue","13-121-0055","AQS"
"05/20/2017","62","","United Avenue","13-121-0055","AQS"
"05/21/2017","36","","United Avenue","13-121-0055","AQS"
"05/22/2017","55","","NR-GA Tech","13-121-0056","AQS"
"05/23/2017","26","","United Avenue","13-121-0055","AQS"
"05/24/2017","25","","United Avenue","13-121-0055","AQS"
"05/25/2017","39","","United Avenue","13-121-0055","AQS"
"05/26/2017","52","","United Avenue","13-121-0055","AQS"
"05/27/2017","60","","United Avenue","13-121-0055","AQS"
"05/28/2017","41","","United Avenue","13-121-0055","AQS"
"05/29/2017","51","","United Avenue","13-121-0055","AQS"
"05/30/2017","45","","United Avenue","13-121-0055","AQS"
"05/31/2017","62","","United Avenue","13-121-0055","AQS"
"06/01/2017","62","","United Avenue","13-121-0055","AQS"
"06/02/2017","56","","United Avenue","13-121-0055","AQS"
"06/03/2017","64","","United Avenue","13-121-0055","AQS"
"06/04/2017","56","","United Avenue","13-121-0055","AQS"
"06/05/2017","40","","United Avenue","13-121-0055","AQS"
"06/06/2017","46","","United Avenue","13-121-0055","AQS"
"06/07/2017","46","","United Avenue","13-121-0055","AQS"
"06/08/2017","56","","United Avenue","13-121-0055","AQS"
"06/09/2017","59","","United Avenue","13-121-0055","AQS"
"06/10/2017","60","","United Avenue","13-121-0055","AQS"
"06/11/2017","53","","United Avenue","13-121-0055","AQS"
"06/12/2017","56","","NR-GA Tech","13-121-0056","AQS"
"06/13/2017","55","","United Avenue","13-121-0055","AQS"
"06/14/2017","58","","United Avenue","13-121-0055","AQS"
"06/15/2017","49","","Forest Park","13-063-0091","AQS"
"06/16/2017","39","","South DeKalb","13-089-0002","AQS"
"06/17/2017","43","","Gwinnett","13-135-0002","AQS"
"06/18/2017","36","","Forest Park","13-063-0091","AQS"
"06/19/2017","38","","South DeKalb","13-089-0002","AQS"
"06/20/2017","42","","United Avenue","13-121-0055","AQS"
"06/21/2017","45","","Gwinnett","13-135-0002","AQS"
"06/22/2017","53","","United Avenue","13-121-0055","AQS"
"06/23/2017","55","","United Avenue","13-121-0055","AQS"
"06/24/2017","46","","South DeKalb","13-089-0002","AQS"
"06/25/2017","48","","United Avenue","13-121-0055","AQS"
"06/26/2017","47","","United Avenue","13-121-0055","AQS"
"06/27/2017","48","","United Avenue","13-121-0055","AQS"
"06/28/2017","56","","United Avenue","13-121-0055","AQS"
"06/29/2017","54","","United Avenue","13-121-0055","AQS"
"06/30/2017","37","","United Avenue","13-121-0055","AQS"
"07/01/2017","53","","United Avenue","13-121-0055","AQS"
"07/02/2017","53","","United Avenue","13-121-0055","AQS"
"07/03/2017","54","","Kennesaw","13-067-0003","AQS"
"07/04/2017","72","","United Avenue","13-121-0055","AQS"
"07/05/2017","86","","United Avenue","13-121-0055","AQS"
"07/06/2017","53","","United Avenue","13-121-0055","AQS"
"07/07/2017","49","","United Avenue","13-121-0055","AQS"
"07/08/2017","52","","United Avenue","13-121-0055","AQS"
"07/09/2017","54","","United Avenue","13-121-0055","AQS"
"07/10/2017","58","","United Avenue","13-121-0055","AQS"
"07/11/2017","57","","United Avenue","13-121-0055","AQS"
"07/12/2017","53","","United Avenue","13-121-0055","AQS"
"07/13/2017","55","","United Avenue","13-121-0055","AQS"
"07/14/2017","52","","United Avenue","13-121-0055","AQS"
"07/15/2017","40","","United Avenue","13-121-0055","AQS"
"07/16/2017","60","","United Avenue","13-121-0055","AQS"
"07/17/2017","48","","United Avenue","13-121-0055","AQS"
"07/18/2017","56","","United Avenue","13-121-0055","AQS"
"07/19/2017","63","","United Avenue","13-121-0055","AQS"
"07/20/2017","68","","United Avenue","13-121-0055","AQS"
"07/21/2017","70","","United Avenue","13-121-0055","AQS"
"07/22/2017","66","","United Avenue","13-121-0055","AQS"
"07/23/2017","62","","United Avenue","13-121-0055","AQS"
"07/24/2017","56","","NR-GA Tech","13-121-0056","AQS"
"07/25/2017","58","","United Avenue","13-121-0055","AQS"
"07/26/2017","63","","United Avenue","13-121-0055","AQS"
"07/27/2017","58","","United Avenue","13-121-0055","AQS"
"07/28/2017","62","","United Avenue","13-121-0055","AQS"
"07/29/2017","50","","United Avenue","13-121-0055","AQS"
"07/30/2017","46","","United Avenue","13-121-0055","AQS"
"07/31/2017","51","","United Avenue","13-121-0055","AQS"
"08/01/2017","58","","United Avenue","13-121-0055","AQS"
"08/02/2017","62","","United Avenue","13-121-0055","AQS"
"08/03/2017","60","","United Avenue","13-121-0055","AQS"
"08/04/2017","47","","United Avenue","13-121-0055","AQS"
"08/05/2017","59","","Newnan","13-077-0002","AQS"
"08/06/2017","56","","United Avenue","13-121-0055","AQS"
"08/07/2017","55","","United Avenue","13-121-0055","AQS"
"08/08/2017","51","","South DeKalb","13-089-0002","AQS"
"08/09/2017","44","","United Avenue","13-121-0055","AQS"
"08/10/2017","53","","United Avenue","13-121-0055","AQS"
"08/11/2017","36","","United Avenue","13-121-0055","AQS"
"08/12/2017","52","","United Avenue","13-121-0055","AQS"
"08/13/2017","55","","United Avenue","13-121-0055","AQS"
"08/14/2017","61","","United Avenue","13-121-0055","AQS"
"08/15/2017","53","","United Avenue","13-121-0055","AQS"
"08/16/2017","51","","United Avenue","13-121-0055","AQS"
"08/17/2017","53","","United Avenue","13-121-0055","AQS"
"08/18/2017","60","","United Avenue","13-121-0055","AQS"
"08/19/2017","63","","United Avenue","13-121-0055","AQS"
"08/20/2017","74","","United Avenue","13-121-0055","AQS"
"08/21/2017","67","","United Avenue","13-121-0055","AQS"
"08/22/2017","56","","United Avenue","13-121-0055","AQS"
"08/23/2017","56","","United Avenue","13-121-0055","AQS"
"08/24/2017","57","","Newnan","13-077-0002","AQS"
"08/25/2017","61","","United Avenue","13-121-0055","AQS"
"08/26/2017","62","","NR-GA Tech","13-121-0056","AQS"
"08/27/2017","56","","South DeKalb","13-089-0002","AQS"
"08/28/2017","78","","United Avenue","13-121-0055","AQS"
"08/29/2017","53","","United Avenue","13-121-0055","AQS"
"08/30/2017","54","","United Avenue","13-121-0055","AQS"
"08/31/2017","42","","United Avenue","13-121-0055","AQS"
"09/01/2017","43","","United Avenue","13-121-0055","AQS"
"09/02/2017","49","","United Avenue","13-121-0055","AQS"
"09/03/2017","61","","United Avenue","13-121-0055","AQS"
"09/04/2017","83","","NR-GA Tech","13-121-0056","AQS"
"09/05/2017","71","","Newnan","13-077-0002","AQS"
"09/06/2017","58","","South DeKalb","13-089-0002","AQS"
"09/07/2017","51","","United Avenue","13-121-0055","AQS"
"09/08/2017","55","","United Avenue","13-121-0055","AQS"
"09/09/2017","50","","United Avenue","13-121-0055","AQS"
"09/10/2017","38","","United Avenue","13-121-0055","AQS"
"09/11/2017","24","","United Avenue","13-121-0055","AQS"
"09/12/2017","29","","United Avenue","13-121-0055","AQS"
"09/13/2017","57","","United Avenue","13-121-0055","AQS"
"09/14/2017","66","","United Avenue","13-121-0055","AQS"
"09/15/2017","74","","United Avenue","13-121-0055","AQS"
"09/16/2017","70","","United Avenue","13-121-0055","AQS"
"09/17/2017","71","","Newnan","13-077-0002","AQS"
"09/18/2017","63","","South DeKalb","13-089-0002","AQS"
"09/19/2017","69","","Forest Park","13-063-0091","AQS"
"09/20/2017","68","","United Avenue","13-121-0055","AQS"
"09/21/2017","67","","United Avenue","13-121-0055","AQS"
"09/22/2017","62","","United Avenue","13-121-0055","AQS"
"09/23/2017","65","","United Avenue","13-121-0055","AQS"
"09/24/2017","63","","United Avenue","13-121-0055","AQS"
"09/25/2017","66","","Fire Station #8","13-121-0039","AQS"
"09/26/2017","59","","Newnan","13-077-0002","AQS"
"09/27/2017","61","","Newnan","13-077-0002","AQS"
"09/28/2017","63","","United Avenue","13-121-0055","AQS"
"09/29/2017","63","","United Avenue","13-121-0055","AQS"
"09/30/2017","50","","United Avenue","13-121-0055","AQS"
"10/01/2017","32","","Gwinnett","13-135-0002","AQS"
"10/02/2017","51","","United Avenue","13-121-0055","AQS"
"10/03/2017","44","","United Avenue","13-121-0055","AQS"
"10/04/2017","49","","NR-GA Tech","13-121-0056","AQS"
"10/05/2017","54","","United Avenue","13-121-0055","AQS"
"10/06/2017","55","","United Avenue","13-121-0055","AQS"
"10/07/2017","43","","United Avenue","13-121-0055","AQS"
"10/08/2017","40","","United Avenue","13-121-0055","AQS"
"10/09/2017","42","","United Avenue","13-121-0055","AQS"
"10/10/2017","54","","United Avenue","13-121-0055","AQS"
"10/11/2017","59","","United Avenue","13-121-0055","AQS"
"10/12/2017","61","","United Avenue","13-121-0055","AQS"
"10/13/2017","62","","United Avenue","13-121-0055","AQS"
"10/14/2017","53","","South DeKalb","13-089-0002","AQS"
"10/15/2017","56","","United Avenue","13-121-0055","AQS"
"10/16/2017","27","","South DeKalb","13-089-0002","AQS"
"10/17/2017","33","","United Avenue","13-121-0055","AQS"
"10/18/2017","47","","United Avenue","13-121-0055","AQS"
"10/19/2017","54","","Forest Park","13-063-0091","AQS"
"10/20/2017","61","","Newnan","13-077-0002","AQS"
"10/21/2017","59","","United Avenue","13-121-0055","AQS"
"10/22/2017","44","","United Avenue","13-121-0055","AQS"
"10/23/2017","22","","South DeKalb","13-089-0002","AQS"
"10/24/2017","24","","United Avenue","13-121-0055","AQS"
"10/25/2017","36","","United Avenue","13-121-0055","AQS"
"10/26/2017","53","","United Avenue","13-121-0055","AQS"
"10/27/2017","57","","United Avenue","13-121-0055","AQS"
"10/28/2017","41","","United Avenue","13-121-0055","AQS"
"10/29/2017","37","","United Avenue","13-121-0055","AQS"
"10/30/2017","48","","United Avenue","13-121-0055","AQS"
"10/31/2017","63","","United Avenue","13-121-0055","AQS"
"11/01/2017","69","","United Avenue","13-121-0055","AQS"
"11/02/2017","64","","United Avenue","13-121-0055","AQS"
"11/03/2017","66","","United Avenue","13-121-0055","AQS"
"11/04/2017","61","","United Avenue","13-121-0055","AQS"
"11/05/2017","64","","United Avenue","13-121-0055","AQS"
"11/06/2017","62","","McDonough","13-151-0002","AQS"
"11/07/2017","60","","United Avenue","13-121-0055","AQS"
"11/08/2017","43","","South DeKalb","13-089-0002","AQS"
"11/09/2017","31","","South DeKalb","13-089-0002","AQS"
"11/10/2017","49","","United Avenue","13-121-0055","AQS"
"11/11/2017","53","","United Avenue","13-121-0055","AQS"
"11/12/2017","56","","NR-GA Tech","13-121-0056","AQS"
"11/13/2017","57","","South DeKalb","13-089-0002","AQS"
"11/14/2017","58","","South DeKalb","13-089-0002","AQS"
"11/15/2017","69","","Gwinnett","13-135-0002","AQS"
"11/16/2017","60","","Gwinnett","13-135-0002","AQS"
"11/17/2017","57","","United Avenue","13-121-0055","AQS"
"11/18/2017","66","","Gwinnett","13-135-0002","AQS"
"11/19/2017","31","","United Avenue","13-121-0055","AQS"
"11/20/2017","52","","Gwinnett","13-135-0002","AQS"
"11/21/2017","57","","NR-GA Tech","13-121-0056","AQS"
"11/22/2017","57","","United Avenue","13-121-0055","AQS"
"11/23/2017","58","","United Avenue","13-121-0055","AQS"
"11/24/2017","73","","Gwinnett","13-135-0002","AQS"
"11/25/2017","74","","Gwinnett","13-135-0002","AQS"
"11/26/2017","39","","South DeKalb","13-089-0002","AQS"
"11/27/2017","48","","Fire Station #8","13-121-0039","AQS"
"11/28/2017","60","","South DeKalb","13-089-0002","AQS"
"11/29/2017","76","","Gwinnett","13-135-0002","AQS"
"11/30/2017","70","","Gwinnett","13-135-0002","AQS"
"12/01/2017","74","","South DeKalb","13-089-0002","AQS"
"12/02/2017","83","","Gwinnett","13-135-0002","AQS"
"12/03/2017","77","","Gwinnett","13-135-0002","AQS"
"12/04/2017","73","","Gwinnett","13-135-0002","AQS"
"12/05/2017","62","","United Avenue","13-121-0055","AQS"
"12/06/2017","32","","United Avenue","13-121-0055","AQS"
"12/07/2017","39","","United Avenue","13-121-0055","AQS"
"12/08/2017","41","","South DeKalb","13-089-0002","AQS"
"12/09/2017","53","","NR-GA Tech","13-121-0056","AQS"
"12/10/2017","58","","Gwinnett","13-135-0002","AQS"
"12/11/2017","54","","Gwinnett","13-135-0002","AQS"
"12/12/2017","45","","United Avenue","13-121-0055","AQS"
"12/13/2017","44","","Gwinnett","13-135-0002","AQS"
"12/14/2017","58","","United Avenue","13-121-0055","AQS"
"12/15/2017","65","","Gwinnett","13-135-0002","AQS"
"12/16/2017","69","","South DeKalb","13-089-0002","AQS"
"12/17/2017","83","","Gwinnett","13-135-0002","AQS"
"12/18/2017","74","","NR-GA Tech","13-121-0056","AQS"
"12/19/2017","59","","Gwinnett","13-135-0002","AQS"
"12/20/2017","32","","Gwinnett","13-135-0002","AQS"
"12/21/2017","49","","Gwinnett","13-135-0002","AQS"
"12/22/2017","56","","Gwinnett","13-135-0002","AQS"
"12/23/2017","44","","United Avenue","13-121-0055","AQS"
"12/24/2017","28","","United Avenue","13-121-0055","AQS"
"12/25/2017","35","","Gwinnett","13-135-0002","AQS"
"12/26/2017","39","","South DeKalb","13-089-0002","AQS"
"12/27/2017","52","","Fire Station #8","13-121-0039","AQS"
"12/28/2017","52","","Gwinnett","13-135-0002","AQS"
"12/29/2017","61","","Gwinnett","13-135-0002","AQS"
"12/30/2017","66","","Gwinnett","13-135-0002","AQS"
"12/31/2017","68","","Gwinnett","13-135-0002","AQS"
"01/01/2018","54","","South DeKalb","13-089-0002","AQS"
"01/02/2018","58","","Fire Station #8","13-121-0039","AQS"
"01/03/2018","54","","Gwinnett","13-135-0002","AQS"
"01/04/2018","54","","Gwinnett","13-135-0002","AQS"
"01/05/2018","57","","NR-GA Tech","13-121-0056","AQS"
"01/06/2018","49","","South DeKalb","13-089-0002","AQS"
"01/07/2018","60","","South DeKalb","13-089-0002","AQS"
"01/08/2018","61","","NR-GA Tech","13-121-0056","AQS"
"01/09/2018","61","","South DeKalb","13-089-0002","AQS"
"01/10/2018","47","","Gwinnett","13-135-0002","AQS"
"01/11/2018","36","","NR-GA Tech","13-121-0056","AQS"
"01/12/2018","32","","United Avenue","13-121-0055","AQS"
"01/13/2018","39","","United Avenue","13-121-0055","AQS"
"01/14/2018","52","","South DeKalb","13-089-0002","AQS"
"01/15/2018","63","","South DeKalb","13-089-0002","AQS"
"01/16/2018","65","","Gwinnett","13-135-0002","AQS"
"01/17/2018","57","","Gwinnett","13-135-0002","AQS"
"01/18/2018","53","","South DeKalb","13-089-0002","AQS"
"01/19/2018","49","","South DeKalb","13-089-0002","AQS"
"01/20/2018","63","","Fire Station #8","13-121-0039","AQS"
"01/21/2018","61","","Gwinnett","13-135-0002","AQS"
"01/22/2018","63","","Gwinnett","13-135-0002","AQS"
"01/23/2018","62","","Forest Park","13-063-0091","AQS"
"01/24/2018","33","","United Avenue","13-121-0055","AQS"
"01/25/2018","53","","Gwinnett","13-135-0002","AQS"
"01/26/2018","65","","Gwinnett","13-135-0002","AQS"
"01/27/2018","60","","South DeKalb","13-089-0002","AQS"
"01/28/2018","49","","South DeKalb","13-089-0002","AQS"
"01/29/2018","42","","South DeKalb","13-089-0002","AQS"
"01/30/2018","42","","South DeKalb","13-089-0002","AQS"
"01/31/2018","51","","South DeKalb","13-089-0002","AQS"
"02/01/2018","61","","South DeKalb","13-089-0002","AQS"
"02/02/2018","23","","South DeKalb","13-089-0002","AQS"
"02/03/2018","38","","South DeKalb","13-089-0002","AQS"
"02/04/2018","51","","South DeKalb","13-089-0002","AQS"
"02/05/2018","56","","Gwinnett","13-135-0002","AQS"
"02/06/2018","59","","Gwinnett","13-135-0002","AQS"
"02/07/2018","36","","Forest Park","13-063-0091","AQS"
"02/08/2018","51","","South DeKalb","13-089-0002","AQS"
"02/09/2018","48","","South DeKalb","13-089-0002","AQS"
"02/10/2018","51","","Gwinnett","13-135-0002","AQS"
"02/11/2018","21","","South DeKalb","13-089-0002","AQS"
"02/12/2018","28","","South DeKalb","13-089-0002","AQS"
"02/13/2018","44","","Gwinnett","13-135-0002","AQS"
"02/14/2018","57","","Gwinnett","13-135-0002","AQS"
"02/15/2018","47","","South DeKalb","13-089-0002","AQS"
"02/16/2018","56","","NR-GA Tech","13-121-0056","AQS"
"02/17/2018","29","","South DeKalb","13-089-0002","AQS"
"02/18/2018","17","","South DeKalb","13-089-0002","AQS"
"02/19/2018","56","","South DeKalb","13-089-0002","AQS"
"02/20/2018","55","","Gwinnett","13-135-0002","AQS"
"02/21/2018","52","","Gwinnett","13-135-0002","AQS"
"02/22/2018","64","","NR-GA Tech","13-121-0056","AQS"
"02/23/2018","61","","United Avenue","13-121-0055","AQS"
"02/24/2018","66","","United Avenue","13-121-0055","AQS"
"02/25/2018","46","","United Avenue","13-121-0055","AQS"
"02/26/2018","29","","United Avenue","13-121-0055","AQS"
"02/27/2018","27","","United Avenue","13-121-0055","AQS"
"02/28/2018","56","","NR-GA Tech","13-121-0056","AQS"
"03/01/2018","44","","Gwinnett","13-135-0002","AQS"
"03/02/2018","29","","United Avenue","13-121-0055","AQS"
"03/03/2018","27","","United Avenue","13-121-0055","AQS"
"03/04/2018","44","","United Avenue","13-121-0055","AQS"
"03/05/2018","75","","Gwinnett","13-135-0002","AQS"
"03/06/2018","71","","Gwinnett","13-135-0002","AQS"
"03/07/2018","58","","South DeKalb","13-089-0002","AQS"
"03/08/2018","50","","Gwinnett","13-135-0002","AQS"
"03/09/2018","64","","South DeKalb","13-089-0002","AQS"
"03/10/2018","76","","Gwinnett","13-135-0002","AQS"
"03/11/2018","66","","South DeKalb","13-089-0002","AQS"
"03/12/2018","36","","McDonough","13-151-0002","AQS"
"03/13/2018","53","","Gwinnett","13-135-0002","AQS"
"03/14/2018","39","","United Avenue","13-121-0055","AQS"
"03/15/2018","59","","Fire Station #8","13-121-0039","AQS"
"03/16/2018","71","","Gwinnett","13-135-0002","AQS"
"03/17/2018","64","","Gwinnett","13-135-0002","AQS"
"03/18/2018","57","","United Avenue","13-121-0055","AQS"
"03/19/2018","59","","South DeKalb","13-089-0002","AQS"
"03/20/2018","45","","Gwinnett","13-135-0002","AQS"
"03/21/2018","42","","United Avenue","13-121-0055","AQS"
"03/22/2018","41","","United Avenue","13-121-0055","AQS"
"03/23/2018","52","","United Avenue","13-121-0055","AQS"
"03/24/2018","62","","Gwinnett","13-135-0002","AQS"
"03/25/2018","56","","Gwinnett","13-135-0002","AQS"
"03/26/2018","40","","United Avenue","13-121-0055","AQS"
"03/27/2018","55","","Gwinnett","13-135-0002","AQS"
"03/28/2018","59","","Gwinnett","13-135-0002","AQS"
"03/29/2018","63","","Gwinnett","13-135-0002","AQS"
"03/30/2018","38","","United Avenue","13-121-0055","AQS"
"03/31/2018","34","","United Avenue","13-121-0055","AQS"
"04/01/2018","58","","United Avenue","13-121-0055","AQS"
"04/02/2018","70","","United Avenue","13-121-0055","AQS"
"04/03/2018","80","","Gwinnett","13-135-0002","AQS"
"04/04/2018","37","","United Avenue","13-121-0055","AQS"
"04/05/2018","51","","United Avenue","13-121-0055","AQS"
"04/06/2018","69","","Gwinnett","13-135-0002","AQS"
"04/07/2018","57","","South DeKalb","13-089-0002","AQS"
"04/08/2018","34","","South DeKalb","13-089-0002","AQS"
"04/09/2018","49","","Gwinnett","13-135-0002","AQS"
"04/10/2018","50","","Gwinnett","13-135-0002","AQS"
"04/11/2018","57","","United Avenue","13-121-0055","AQS"
"04/12/2018","56","","South DeKalb","13-089-0002","AQS"
"04/13/2018","65","","Gwinnett","13-135-0002","AQS"
"04/14/2018","63","","United Avenue","13-121-0055","AQS"
"04/15/2018","51","","United Avenue","13-121-0055","AQS"
"04/16/2018","33","","Gwinnett","13-135-0002","AQS"
"04/17/2018","44","","United Avenue","13-121-0055","AQS"
"04/18/2018","54","","United Avenue","13-121-0055","AQS"
"04/19/2018","56","","United Avenue","13-121-0055","AQS"
"04/20/2018","40","","NR-GA Tech","13-121-0056","AQS"
"04/21/2018","62","","United Avenue","13-121-0055","AQS"
"04/22/2018","44","","United Avenue","13-121-0055","AQS"
"04/23/2018","21","","United Avenue","13-121-0055","AQS"
"04/24/2018","36","","United Avenue","13-121-0055","AQS"
"04/25/2018","34","","United Avenue","13-121-0055","AQS"
"04/26/2018","47","","United Avenue","13-121-0055","AQS"
"04/27/2018","51","","United Avenue","13-121-0055","AQS"
"04/28/2018","54","","United Avenue","13-121-0055","AQS"
"04/29/2018","41","","United Avenue","13-121-0055","AQS"
"04/30/2018","58","","United Avenue","13-121-0055","AQS"
"05/01/2018","65","","United Avenue","13-121-0055","AQS"
"05/02/2018","64","","United Avenue","13-121-0055","AQS"
"05/03/2018","61","","United Avenue","13-121-0055","AQS"
"05/04/2018","62","","Gwinnett","13-135-0002","AQS"
"05/05/2018","68","","Gwinnett","13-135-0002","AQS"
"05/06/2018","48","","South DeKalb","13-089-0002","AQS"
"05/07/2018","55","","McDonough","13-151-0002","AQS"
"05/08/2018","59","","United Avenue","13-121-0055","AQS"
"05/09/2018","63","","United Avenue","13-121-0055","AQS"
"05/10/2018","64","","United Avenue","13-121-0055","AQS"
"05/11/2018","65","","Gwinnett","13-135-0002","AQS"
"05/12/2018","71","","United Avenue","13-121-0055","AQS"
"05/13/2018","69","","South DeKalb","13-089-0002","AQS"
"05/14/2018","75","","United Avenue","13-121-0055","AQS"
"05/15/2018","44","","United Avenue","13-121-0055","AQS"
"05/16/2018","27","","United Avenue","13-121-0055","AQS"
"05/17/2018","38","","United Avenue","13-121-0055","AQS"
"05/18/2018","54","","United Avenue","13-121-0055","AQS"
"05/19/2018","64","","United Avenue","13-121-0055","AQS"
"05/20/2018","60","","McDonough","13-151-0002","AQS"
"05/21/2018","35","","South DeKalb","13-089-0002","AQS"
"05/22/2018","45","","United Avenue","13-121-0055","AQS"
"05/23/2018","31","","United Avenue","13-121-0055","AQS"
"05/24/2018","40","","United Avenue","13-121-0055","AQS"
"05/25/2018","36","","United Avenue","13-121-0055","AQS"
"05/26/2018","52","","United Avenue","13-121-0055","AQS"
"05/27/2018","48","","United Avenue","13-121-0055","AQS"
"05/28/2018","22","","United Avenue","13-121-0055","AQS"
"05/29/2018","36","","Gwinnett","13-135-0002","AQS"
"05/30/2018","46","","United Avenue","13-121-0055","AQS"
"05/31/2018","56","","United Avenue","13-121-0055","AQS"
"06/01/2018","46","","United Avenue","13-121-0055","AQS"
"06/02/2018","55","","United Avenue","13-121-0055","AQS"
"06/03/2018","61","","United Avenue","13-121-0055","AQS"
"06/04/2018","44","","United Avenue","13-121-0055","AQS"
"06/05/2018","53","","United Avenue","13-121-0055","AQS"
"06/06/2018","57","","United Avenue","13-121-0055","AQS"
"06/07/2018","65","","United Avenue","13-121-0055","AQS"
"06/08/2018","67","","United Avenue","13-121-0055","AQS"
"06/09/2018","68","","United Avenue","13-121-0055","AQS"
"06/10/2018","66","","Gwinnett","13-135-0002","AQS"
"06/11/2018","60","","Gwinnett","13-135-0002","AQS"
"06/12/2018","54","","United Avenue","13-121-0055","AQS"
"06/13/2018","56","","United Avenue","13-121-0055","AQS"
"06/14/2018","57","","United Avenue","13-121-0055","AQS"
"06/15/2018","61","","United Avenue","13-121-0055","AQS"
"06/16/2018","62","","United Avenue","13-121-0055","AQS"
"06/17/2018","53","","United Avenue","13-121-0055","AQS"
"06/18/2018","57","","United Avenue","13-121-0055","AQS"
"06/19/2018","63","","United Avenue","13-121-0055","AQS"
"06/20/2018","71","","United Avenue","13-121-0055","AQS"
"06/21/2018","67","","United Avenue","13-121-0055","AQS"
"06/22/2018","51","","United Avenue","13-121-0055","AQS"
"06/23/2018","53","","United Avenue","13-121-0055","AQS"
"06/24/2018","58","","United Avenue","13-121-0055","AQS"
"06/25/2018","53","","United Avenue","13-121-0055","AQS"
"06/26/2018","49","","United Avenue","13-121-0055","AQS"
"06/27/2018","43","","United Avenue","13-121-0055","AQS"
"06/28/2018","46","","United Avenue","13-121-0055","AQS"
"06/29/2018","55","","United Avenue","13-121-0055","AQS"
"06/30/2018","57","","United Avenue","13-121-0055","AQS"
"07/01/2018","51","","United Avenue","13-121-0055","AQS"
"07/02/2018","44","","United Avenue","13-121-0055","AQS"
"07/03/2018","51","","United Avenue","13-121-0055","AQS"
"07/04/2018","64","","NR-GA Tech","13-121-0056","AQS"
"07/05/2018","58","","United Avenue","13-121-0055","AQS"
"07/06/2018","52","","United Avenue","13-121-0055","AQS"
"07/07/2018","51","","United Avenue","13-121-0055","AQS"
"07/08/2018","53","","United Avenue","13-121-0055","AQS"
"07/09/2018","56","","United Avenue","13-121-0055","AQS"
"07/10/2018","58","","United Avenue","13-121-0055","AQS"
"07/11/2018","64","","United Avenue","13-121-0055","AQS"
"07/12/2018","73","","United Avenue","13-121-0055","AQS"
"07/13/2018","67","","United Avenue","13-121-0055","AQS"
"07/14/2018","60","","United Avenue","13-121-0055","AQS"
"07/15/2018","59","","United Avenue","13-121-0055","AQS"
"07/16/2018","56","","United Avenue","13-121-0055","AQS"
"07/17/2018","54","","United Avenue","13-121-0055","AQS"
"07/18/2018","54","","United Avenue","13-121-0055","AQS"
"07/19/2018","57","","United Avenue","13-121-0055","AQS"
"07/20/2018","54","","Gwinnett","13-135-0002","AQS"
"07/21/2018","49","","United Avenue","13-121-0055","AQS"
"07/22/2018","52","","United Avenue","13-121-0055","AQS"
"07/23/2018","50","","Gwinnett","13-135-0002","AQS"
"07/24/2018","53","","United Avenue","13-121-0055","AQS"
"07/25/2018","55","","United Avenue","13-121-0055","AQS"
"07/26/2018","56","","United Avenue","13-121-0055","AQS"
"07/27/2018","71","","United Avenue","13-121-0055","AQS"
"07/28/2018","59","","United Avenue","13-121-0055","AQS"
"07/29/2018","59","","United Avenue","13-121-0055","AQS"
"07/30/2018","66","","United Avenue","13-121-0055","AQS"
"07/31/2018","56","","United Avenue","13-121-0055","AQS"
"08/01/2018","35","","United Avenue","13-121-0055","AQS"
"08/02/2018","28","","United Avenue","13-121-0055","AQS"
"08/03/2018","42","","United Avenue","13-121-0055","AQS"
"08/04/2018","54","","United Avenue","13-121-0055","AQS"
"08/05/2018","56","","United Avenue","13-121-0055","AQS"
"08/06/2018","59","","United Avenue","13-121-0055","AQS"
"08/07/2018","49","","South DeKalb","13-089-0002","AQS"
"08/08/2018","55","","United Avenue","13-121-0055","AQS"
"08/09/2018","52","","United Avenue","13-121-0055","AQS"
"08/10/2018","53","","Gwinnett","13-135-0002","AQS"
"08/11/2018","52","","United Avenue","13-121-0055","AQS"
"08/12/2018","61","","United Avenue","13-121-0055","AQS"
"08/13/2018","68","","United Avenue","13-121-0055","AQS"
"08/14/2018","68","","United Avenue","13-121-0055","AQS"
"08/15/2018","77","","United Avenue","13-121-0055","AQS"
"08/16/2018","72","","United Avenue","13-121-0055","AQS"
"08/17/2018","38","","United Avenue","13-121-0055","AQS"
"08/18/2018","41","","United Avenue","13-121-0055","AQS"
"08/19/2018","54","","Gwinnett","13-135-0002","AQS"
"08/20/2018","48","","United Avenue","13-121-0055","AQS"
"08/21/2018","54","","Gwinnett","13-135-0002","AQS"
"08/22/2018","56","","United Avenue","13-121-0055","AQS"
"08/23/2018","76","","Gwinnett","13-135-0002","AQS"
"08/24/2018","66","","United Avenue","13-121-0055","AQS"
"08/25/2018","65","","United Avenue","13-121-0055","AQS"
"08/26/2018","65","","United Avenue","13-121-0055","AQS"
"08/27/2018","63","","United Avenue","13-121-0055","AQS"
"08/28/2018","65","","United Avenue","13-121-0055","AQS"
"08/29/2018","57","","United Avenue","13-121-0055","AQS"
"08/30/2018","34","","United Avenue","13-121-0055","AQS"
"08/31/2018","44","","United Avenue","13-121-0055","AQS"
"09/01/2018","49","","United Avenue","13-121-0055","AQS"
"09/02/2018","38","","United Avenue","13-121-0055","AQS"
"09/03/2018","40","","United Avenue","13-121-0055","AQS"
"09/04/2018","51","","United Avenue","13-121-0055","AQS"
"09/05/2018","51","","United Avenue","13-121-0055","AQS"
"09/06/2018","51","","United Avenue","13-121-0055","AQS"
"09/07/2018","54","","United Avenue","13-121-0055","AQS"
"09/08/2018","54","","United Avenue","13-121-0055","AQS"
"09/09/2018","55","","United Avenue","13-121-0055","AQS"
"09/10/2018","55","","United Avenue","13-121-0055","AQS"
"09/11/2018","52","","United Avenue","13-121-0055","AQS"
"09/12/2018","55","","United Avenue","13-121-0055","AQS"
"09/13/2018","53","","United Avenue","13-121-0055","AQS"
"09/14/2018","48","","United Avenue","13-121-0055","AQS"
"09/15/2018","33","","United Avenue","13-121-0055","AQS"
"09/16/2018","27","","United Avenue","13-121-0055","AQS"
"09/17/2018","33","","United Avenue","13-121-0055","AQS"
"09/18/2018","39","","United Avenue","13-121-0055","AQS"
"09/19/2018","57","","United Avenue","13-121-0055","AQS"
"09/20/2018","61","","United Avenue","13-121-0055","AQS"
"09/21/2018","57","","United Avenue","13-121-0055","AQS"
"09/22/2018","60","","Gwinnett","13-135-0002","AQS"
"09/23/2018","58","","Gwinnett","13-135-0002","AQS"
"09/24/2018","52","","Gwinnett","13-135-0002","AQS"
"09/25/2018","53","","Gwinnett","13-135-0002","AQS"
"09/26/2018","48","","United Avenue","13-121-0055","AQS"
"09/27/2018","47","","United Avenue","13-121-0055","AQS"
"09/28/2018","46","","United Avenue","13-121-0055","AQS"
"09/29/2018","54","","United Avenue","13-121-0055","AQS"
"09/30/2018","52","","United Avenue","13-121-0055","AQS"
"10/01/2018","52","","United Avenue","13-121-0055","AQS"
"10/02/2018","56","","South DeKalb","13-089-0002","AQS"
"10/03/2018","60","","United Avenue","13-121-0055","AQS"
"10/04/2018","64","","Gwinnett","13-135-0002","AQS"
"10/05/2018","68","","United Avenue","13-121-0055","AQS"
"10/06/2018","80","","McDonough","13-151-0002","AQS"
"10/07/2018","60","","Gwinnett","13-135-0002","AQS"
"10/08/2018","54","","Gwinnett","13-135-0002","AQS"
"10/09/2018","39","","United Avenue","13-121-0055","AQS"
"10/10/2018","31","","United Avenue","13-121-0055","AQS"
"10/11/2018","38","","United Avenue","13-121-0055","AQS"
"10/12/2018","46","","South DeKalb","13-089-0002","AQS"
"10/13/2018","49","","United Avenue","13-121-0055","AQS"
"10/14/2018","58","","United Avenue","13-121-0055","AQS"
"10/15/2018","59","","United Avenue","13-121-0055","AQS"
"10/16/2018","59","","United Avenue","13-121-0055","AQS"
"10/17/2018","27","","United Avenue","13-121-0055","AQS"
"10/18/2018","43","","United Avenue","13-121-0055","AQS"
"10/19/2018","58","","United Avenue","13-121-0055","AQS"
"10/20/2018","60","","Gwinnett","13-135-0002","AQS"
"10/21/2018","29","","United Avenue","13-121-0055","AQS"
"10/22/2018","44","","United Avenue","13-121-0055","AQS"
"10/23/2018","54","","Forest Park","13-063-0091","AQS"
"10/24/2018","55","","Gwinnett","13-135-0002","AQS"
"10/25/2018","57","","United Avenue","13-121-0055","AQS"
"10/26/2018","25","","NR-GA Tech","13-121-0056","AQS"
"10/27/2018","36","","United Avenue","13-121-0055","AQS"
"10/28/2018","54","","Gwinnett","13-135-0002","AQS"
"10/29/2018","44","","United Avenue","13-121-0055","AQS"
"10/30/2018","53","","United Avenue","13-121-0055","AQS"
"10/31/2018","68","","Gwinnett","13-135-0002","AQS"
"11/01/2018","52","","United Avenue","13-121-0055","AQS"
"11/02/2018","36","","Gwinnett","13-135-0002","AQS"
"11/03/2018","53","","Gwinnett","13-135-0002","AQS"
"11/04/2018","52","","Gwinnett","13-135-0002","AQS"
"11/05/2018","52","","Gwinnett","13-135-0002","AQS"
"11/06/2018","42","","United Avenue","13-121-0055","AQS"
"11/07/2018","55","","United Avenue","13-121-0055","AQS"
"11/08/2018","55","","United Avenue","13-121-0055","AQS"
"11/09/2018","28","","United Avenue","13-121-0055","AQS"
"11/10/2018","52","","Gwinnett","13-135-0002","AQS"
"11/11/2018","53","","Gwinnett","13-135-0002","AQS"
"11/12/2018","37","","Gwinnett","13-135-0002","AQS"
"11/13/2018","41","","Gwinnett","13-135-0002","AQS"
"11/14/2018","51","","Gwinnett","13-135-0002","AQS"
"11/15/2018","33","","Gwinnett","13-135-0002","AQS"
"11/16/2018","53","","NR-GA Tech","13-121-0056","AQS"
"11/17/2018","70","","Gwinnett","13-135-0002","AQS"
"11/18/2018","87","","Gwinnett","13-135-0002","AQS"
"11/19/2018","85","","Gwinnett","13-135-0002","AQS"
"11/20/2018","57","","Gwinnett","13-135-0002","AQS"
"11/21/2018","53","","Gwinnett","13-135-0002","AQS"
"11/22/2018","62","","Gwinnett","13-135-0002","AQS"
"11/23/2018","61","","Gwinnett","13-135-0002","AQS"
"11/24/2018","49","","South DeKalb","13-089-0002","AQS"
"11/25/2018","62","","South DeKalb","13-089-0002","AQS"
"11/26/2018","46","","Gwinnett","13-135-0002","AQS"
"11/27/2018","48","","Gwinnett","13-135-0002","AQS"
"11/28/2018","54","","Gwinnett","13-135-0002","AQS"
"11/29/2018","66","","Gwinnett","13-135-0002","AQS"
"11/30/2018","61","","Gwinnett","13-135-0002","AQS"
"12/01/2018","53","","Gwinnett","13-135-0002","AQS"
"12/02/2018","57","","Gwinnett","13-135-0002","AQS"
"12/03/2018","55","","Gwinnett","13-135-0002","AQS"
"12/04/2018","33","","Gwinnett","13-135-0002","AQS"
"12/05/2018","39","","Gwinnett","13-135-0002","AQS"
"12/06/2018","53","","Gwinnett","13-135-0002","AQS"
"12/07/2018","74","","Gwinnett","13-135-0002","AQS"
"12/08/2018","52","","South DeKalb","13-089-0002","AQS"
"12/09/2018","19","","United Avenue","13-121-0055","AQS"
"12/10/2018","42","","South DeKalb","13-089-0002","AQS"
"12/11/2018","53","","South DeKalb","13-089-0002","AQS"
"12/12/2018","62","","Gwinnett","13-135-0002","AQS"
"12/13/2018","71","","Gwinnett","13-135-0002","AQS"
"12/14/2018","40","","Gwinnett","13-135-0002","AQS"
"12/15/2018","45","","Gwinnett","13-135-0002","AQS"
"12/16/2018","31","","Gwinnett","13-135-0002","AQS"
"12/17/2018","35","","United Avenue","13-121-0055","AQS"
"12/18/2018","49","","Gwinnett","13-135-0002","AQS"
"12/19/2018","65","","Gwinnett","13-135-0002","AQS"
"12/20/2018","53","","Gwinnett","13-135-0002","AQS"
"12/21/2018","32","","United Avenue","13-121-0055","AQS"
"12/22/2018","52","","Gwinnett","13-135-0002","AQS"
"12/23/2018","66","","Gwinnett","13-135-0002","AQS"
"12/24/2018","51","","Gwinnett","13-135-0002","AQS"
"12/25/2018","75","","Gwinnett","13-135-0002","AQS"
"12/26/2018","69","","Gwinnett","13-135-0002","AQS"
"12/27/2018","53","","Gwinnett","13-135-0002","AQS"
"12/28/2018","33","","United Avenue","13-121-0055","AQS"
"12/29/2018","52","","Gwinnett","13-135-0002","AQS"
"12/30/2018","52","","South DeKalb","13-089-0002","AQS"
"12/31/2018","51","","Gwinnett","13-135-0002","AQS"
"01/01/2019","48","","Gwinnett","13-135-0002","AQS"
"01/02/2019","49","","Gwinnett","13-135-0002","AQS"
"01/03/2019","40","","NR-GA Tech","13-121-0056","AQS"
"01/04/2019","23","","Gwinnett","13-135-0002","AQS"
"01/05/2019","31","","United Avenue","13-121-0055","AQS"
"01/06/2019","54","","Kennesaw","13-067-0003","AQS"
"01/07/2019","61","","United Avenue","13-121-0055","AQS"
"01/08/2019","55","","Gwinnett","13-135-0002","AQS"
"01/09/2019","19","","United Avenue","13-121-0055","AQS"
"01/10/2019","48","","Gwinnett","13-135-0002","AQS"
"01/11/2019","56","","Gwinnett","13-135-0002","AQS"
"01/12/2019","60","","Gwinnett","13-135-0002","AQS"
"01/13/2019","58","","Gwinnett","13-135-0002","AQS"
"01/14/2019","37","","Gwinnett","13-135-0002","AQS"
"01/15/2019","44","","NR-GA Tech","13-121-0056","AQS"
"01/16/2019","60","","NR-GA Tech","13-121-0056","AQS"
"01/17/2019","69","","Gwinnett","13-135-0002","AQS"
"01/18/2019","77","","Gwinnett","13-135-0002","AQS"
"01/19/2019","56","","Gwinnett","13-135-0002","AQS"
"01/20/2019","32","","United Avenue","13-121-0055","AQS"
"01/21/2019","38","","United Avenue","13-121-0055","AQS"
"01/22/2019","38","","Gwinnett","13-135-0002","AQS"
"01/23/2019","53","","Gwinnett","13-135-0002","AQS"
"01/24/2019","43","","Gwinnett","13-135-0002","AQS"
"01/25/2019","55","","Gwinnett","13-135-0002","AQS"
"01/26/2019","64","","Gwinnett","13-135-0002","AQS"
"01/27/2019","78","","Gwinnett","13-135-0002","AQS"
"01/28/2019","71","","Gwinnett","13-135-0002","AQS"
"01/29/2019","57","","Gwinnett","13-135-0002","AQS"
"01/30/2019","47","","Gwinnett","13-135-0002","AQS"
"01/31/2019","53","","Gwinnett","13-135-0002","AQS"
"02/01/2019","77","","Gwinnett","13-135-0002","AQS"
"02/02/2019","71","","Gwinnett","13-135-0002","AQS"
"02/03/2019","73","","Gwinnett","13-135-0002","AQS"
"02/04/2019","77","","Gwinnett","13-135-0002","AQS"
"02/05/2019","65","","Gwinnett","13-135-0002","AQS"
"02/06/2019","58","","Gwinnett","13-135-0002","AQS"
"02/07/2019","57","","Gwinnett","13-135-0002","AQS"
"02/08/2019","30","","Gwinnett","13-135-0002","AQS"
"02/09/2019","41","","Gwinnett","13-135-0002","AQS"
"02/10/2019","60","","Gwinnett","13-135-0002","AQS"
"02/11/2019","60","","Gwinnett","13-135-0002","AQS"
"02/12/2019","37","","Gwinnett","13-135-0002","AQS"
"02/13/2019","24","","United Avenue","13-121-0055","AQS"
"02/14/2019","47","","NR-GA Tech","13-121-0056","AQS"
"02/15/2019","62","","Gwinnett","13-135-0002","AQS"
"02/16/2019","39","","Gwinnett","13-135-0002","AQS"
"02/17/2019","45","","Gwinnett","13-135-0002","AQS"
"02/18/2019","33","","Gwinnett","13-135-0002","AQS"
"02/19/2019","40","","Gwinnett","13-135-0002","AQS"
"02/20/2019","24","","Gwinnett","13-135-0002","AQS"
"02/21/2019","58","","Gwinnett","13-135-0002","AQS"
"02/22/2019","50","","South DeKalb","13-089-0002","AQS"
"02/23/2019","23","","Gwinnett","13-135-0002","AQS"
"02/24/2019","24","","United Avenue","13-121-0055","AQS"
"02/25/2019","44","","Gwinnett","13-135-0002","AQS"
"02/26/2019","59","","Gwinnett","13-135-0002","AQS"
"02/27/2019","77","","Gwinnett","13-135-0002","AQS"
"02/28/2019","67","","Gwinnett","13-135-0002","AQS"
"03/01/2019","53","","Gwinnett","13-135-0002","AQS"
"03/02/2019","53","","Gwinnett","13-135-0002","AQS"
"03/03/2019","53","","Gwinnett","13-135-0002","AQS"
"03/04/2019","55","","Gwinnett","13-135-0002","AQS"
"03/05/2019","37","","Gwinnett","13-135-0002","AQS"
"03/06/2019","45","","South DeKalb","13-089-0002","AQS"
"03/07/2019","60","","Fire Station #8","13-121-0039","AQS"
"03/08/2019","109","","Gwinnett","13-135-0002","AQS"
"03/09/2019","92","","Gwinnett","13-135-0002","AQS"
"03/10/2019","57","","Gwinnett","13-135-0002","AQS"
"03/11/2019","48","","United Avenue","13-121-0055","AQS"
"03/12/2019","47","","Gwinnett","13-135-0002","AQS"
"03/13/2019","72","","Gwinnett","13-135-0002","AQS"
"03/14/2019","64","","Gwinnett","13-135-0002","AQS"
"03/15/2019","58","","Gwinnett","13-135-0002","AQS"
"03/16/2019","30","","Gwinnett","13-135-0002","AQS"
"03/17/2019","36","","United Avenue","13-121-0055","AQS"
"03/18/2019","39","","Gwinnett","13-135-0002","AQS"
"03/19/2019","58","","Gwinnett","13-135-0002","AQS"
"03/20/2019","78","","Gwinnett","13-135-0002","AQS"
"03/21/2019","74","","Gwinnett","13-135-0002","AQS"
"03/22/2019","56","","Gwinnett","13-135-0002","AQS"
"03/23/2019","57","","Gwinnett","13-135-0002","AQS"
"03/24/2019","85","","Gwinnett","13-135-0002","AQS"
"03/25/2019","77","","Gwinnett","13-135-0002","AQS"
"03/26/2019","60","","Gwinnett","13-135-0002","AQS"
"03/27/2019","56","","Gwinnett","13-135-0002","AQS"
"03/28/2019","63","","Gwinnett","13-135-0002","AQS"
"03/29/2019","77","","Gwinnett","13-135-0002","AQS"
"03/30/2019","81","","Gwinnett","13-135-0002","AQS"
"03/31/2019","35","","United Avenue","13-121-0055","AQS"
"04/01/2019","39","","Gwinnett","13-135-0002","AQS"
"04/02/2019","55","","Gwinnett","13-135-0002","AQS"
"04/03/2019","66","","Gwinnett","13-135-0002","AQS"
"04/04/2019","72","","United Avenue","13-121-0055","AQS"
"04/05/2019","55","","South DeKalb","13-089-0002","AQS"
"04/06/2019","58","","South DeKalb","13-089-0002","AQS"
"04/07/2019","51","","United Avenue","13-121-0055","AQS"
"04/08/2019","55","","Gwinnett","13-135-0002","AQS"
"04/09/2019","46","","Gwinnett","13-135-0002","AQS"
"04/10/2019","55","","United Avenue","13-121-0055","AQS"
"04/11/2019","58","","Gwinnett","13-135-0002","AQS"
"04/12/2019","56","","Gwinnett","13-135-0002","AQS"
"04/13/2019","66","","Gwinnett","13-135-0002","AQS"
"04/14/2019","53","","Gwinnett","13-135-0002","AQS"
"04/15/2019","32","","Gwinnett","13-135-0002","AQS"
"04/16/2019","61","","Gwinnett","13-135-0002","AQS"
"04/17/2019","77","","Gwinnett","13-135-0002","AQS"
"04/18/2019","62","","Gwinnett","13-135-0002","AQS"
"04/19/2019","28","","Gwinnett","13-135-0002","AQS"
"04/20/2019","29","","United Avenue","13-121-0055","AQS"
"04/21/2019","42","","Gwinnett","13-135-0002","AQS"
"04/22/2019","55","","United Avenue","13-121-0055","AQS"
"04/23/2019","65","","Gwinnett","13-135-0002","AQS"
"04/24/2019","69","","Gwinnett","13-135-0002","AQS"
"04/25/2019","64","","Gwinnett","13-135-0002","AQS"
"04/26/2019","46","","Gwinnett","13-135-0002","AQS"
"04/27/2019","52","","Gwinnett","13-135-0002","AQS"
"04/28/2019","64","","Gwinnett","13-135-0002","AQS"
"04/29/2019","81","","Gwinnett","13-135-0002","AQS"
"04/30/2019","77","","Gwinnett","13-135-0002","AQS"
"05/01/2019","66","","South DeKalb","13-089-0002","AQS"
"05/02/2019","61","","South DeKalb","13-089-0002","AQS"
"05/03/2019","65","","United Avenue","13-121-0055","AQS"
"05/04/2019","54","","United Avenue","13-121-0055","AQS"
"05/05/2019","26","","United Avenue","13-121-0055","AQS"
"05/06/2019","49","","United Avenue","13-121-0055","AQS"
"05/07/2019","59","","United Avenue","13-121-0055","AQS"
"05/08/2019","58","","United Avenue","13-121-0055","AQS"
"05/09/2019","53","","United Avenue","13-121-0055","AQS"
"05/10/2019","56","","United Avenue","13-121-0055","AQS"
"05/11/2019","53","","United Avenue","13-121-0055","AQS"
"05/12/2019","35","","United Avenue","13-121-0055","AQS"
"05/13/2019","35","","United Avenue","13-121-0055","AQS"
"05/14/2019","41","","United Avenue","13-121-0055","AQS"
"05/15/2019","56","","United Avenue","13-121-0055","AQS"
"05/16/2019","63","","United Avenue","13-121-0055","AQS"
"05/17/2019","63","","United Avenue","13-121-0055","AQS"
"05/18/2019","64","","United Avenue","13-121-0055","AQS"
"05/19/2019","65","","United Avenue","13-121-0055","AQS"
"05/20/2019","61","","United Avenue","13-121-0055","AQS"
"05/21/2019","61","","United Avenue","13-121-0055","AQS"
"05/22/2019","67","","United Avenue","13-121-0055","AQS"
"05/23/2019","67","","United Avenue","13-121-0055","AQS"
"05/24/2019","68","","United Avenue","13-121-0055","AQS"
"05/25/2019","65","","United Avenue","13-121-0055","AQS"
"05/26/2019","65","","United Avenue","13-121-0055","AQS"
"05/27/2019","68","","United Avenue","13-121-0055","AQS"
"05/28/2019","62","","United Avenue","13-121-0055","AQS"
"05/29/2019","61","","United Avenue","13-121-0055","AQS"
"05/30/2019","61","","United Avenue","13-121-0055","AQS"
"05/31/2019","56","","South DeKalb","13-089-0002","AQS"
"06/01/2019","56","","United Avenue","13-121-0055","AQS"
"06/02/2019","68","","McDonough","13-151-0002","AQS"
"06/03/2019","73","","McDonough","13-151-0002","AQS"
"06/04/2019","78","","United Avenue","13-121-0055","AQS"
"06/05/2019","79","","NR-GA Tech","13-121-0056","AQS"
"06/06/2019","60","","United Avenue","13-121-0055","AQS"
"06/07/2019","41","","United Avenue","13-121-0055","AQS"
"06/08/2019","29","","United Avenue","13-121-0055","AQS"
"06/09/2019","32","","United Avenue","13-121-0055","AQS"
"06/10/2019","46","","United Avenue","13-121-0055","AQS"
"06/11/2019","57","","United Avenue","13-121-0055","AQS"
"06/12/2019","41","","United Avenue","13-121-0055","AQS"
"06/13/2019","39","","United Avenue","13-121-0055","AQS"
"06/14/2019","52","","United Avenue","13-121-0055","AQS"
"06/15/2019","59","","United Avenue","13-121-0055","AQS"
"06/16/2019","59","","United Avenue","13-121-0055","AQS"
"06/17/2019","58","","United Avenue","13-121-0055","AQS"
"06/18/2019","46","","United Avenue","13-121-0055","AQS"
"06/19/2019","46","","United Avenue","13-121-0055","AQS"
"06/20/2019","52","","United Avenue","13-121-0055","AQS"
"06/21/2019","58","","United Avenue","13-121-0055","AQS"
"06/22/2019","56","","United Avenue","13-121-0055","AQS"
"06/23/2019","55","","United Avenue","13-121-0055","AQS"
"06/24/2019","67","","United Avenue","13-121-0055","AQS"
"06/25/2019","54","","United Avenue","13-121-0055","AQS"
"06/26/2019","65","","United Avenue","13-121-0055","AQS"
"06/27/2019","75","","United Avenue","13-121-0055","AQS"
"06/28/2019","61","","United Avenue","13-121-0055","AQS"
"06/29/2019","58","","United Avenue","13-121-0055","AQS"
"06/30/2019","57","","United Avenue","13-121-0055","AQS"
"07/01/2019","65","","United Avenue","13-121-0055","AQS"
"07/02/2019","65","","United Avenue","13-121-0055","AQS"
"07/03/2019","65","","United Avenue","13-121-0055","AQS"
"07/04/2019","73","","United Avenue","13-121-0055","AQS"
"07/05/2019","73","","United Avenue","13-121-0055","AQS"
"07/06/2019","63","","United Avenue","13-121-0055","AQS"
"07/07/2019","61","","United Avenue","13-121-0055","AQS"
"07/08/2019","59","","United Avenue","13-121-0055","AQS"
"07/09/2019","58","","United Avenue","13-121-0055","AQS"
"07/10/2019","56","","United Avenue","13-121-0055","AQS"
"07/11/2019","51","","United Avenue","13-121-0055","AQS"
"07/12/2019","44","","United Avenue","13-121-0055","AQS"
"07/13/2019","52","","United Avenue","13-121-0055","AQS"
"07/14/2019","60","","McDonough","13-151-0002","AQS"
"07/15/2019","66","","United Avenue","13-121-0055","AQS"
"07/16/2019","69","","United Avenue","13-121-0055","AQS"
"07/17/2019","63","","United Avenue","13-121-0055","AQS"
"07/18/2019","53","","United Avenue","13-121-0055","AQS"
"07/19/2019","54","","United Avenue","13-121-0055","AQS"
"07/20/2019","52","","United Avenue","13-121-0055","AQS"
"07/21/2019","39","","United Avenue","13-121-0055","AQS"
"07/22/2019","47","","United Avenue","13-121-0055","AQS"
"07/23/2019","36","","United Avenue","13-121-0055","AQS"
"07/24/2019","38","","South DeKalb","13-089-0002","AQS"
"07/25/2019","57","","United Avenue","13-121-0055","AQS"
"07/26/2019","61","","United Avenue","13-121-0055","AQS"
"07/27/2019","63","","United Avenue","13-121-0055","AQS"
"07/28/2019","65","","United Avenue","13-121-0055","AQS"
"07/29/2019","67","","United Avenue","13-121-0055","AQS"
"07/30/2019","67","","United Avenue","13-121-0055","AQS"
"07/31/2019","67","","United Avenue","13-121-0055","AQS"
"08/01/2019","63","","United Avenue","13-121-0055","AQS"
"08/02/2019","52","","NR-GA Tech","13-121-0056","AQS"
"08/03/2019","52","","Gwinnett","13-135-0002","AQS"
"08/04/2019","46","","United Avenue","13-121-0055","AQS"
"08/05/2019","53","","United Avenue","13-121-0055","AQS"
"08/06/2019","54","","United Avenue","13-121-0055","AQS"
"08/07/2019","62","","United Avenue","13-121-0055","AQS"
"08/08/2019","55","","United Avenue","13-121-0055","AQS"
"08/09/2019","63","","United Avenue","13-121-0055","AQS"
"08/10/2019","72","","United Avenue","13-121-0055","AQS"
"08/11/2019","57","","NR-GA Tech","13-121-0056","AQS"
"08/12/2019","63","","NR-GA Tech","13-121-0056","AQS"
"08/13/2019","62","","NR-GA Tech","13-121-0056","AQS"
"08/14/2019","56","","United Avenue","13-121-0055","AQS"
"08/15/2019","52","","United Avenue","13-121-0055","AQS"
"08/16/2019","57","","United Avenue","13-121-0055","AQS"
"08/17/2019","60","","United Avenue","13-121-0055","AQS"
"08/18/2019","61","","United Avenue","13-121-0055","AQS"
"08/19/2019","54","","United Avenue","13-121-0055","AQS"
"08/20/2019","44","","United Avenue","13-121-0055","AQS"
"08/21/2019","53","","United Avenue","13-121-0055","AQS"
"08/22/2019","57","","United Avenue","13-121-0055","AQS"
"08/23/2019","52","","United Avenue","13-121-0055","AQS"
"08/24/2019","54","","United Avenue","13-121-0055","AQS"
"08/25/2019","37","","United Avenue","13-121-0055","AQS"
"08/26/2019","47","","United Avenue","13-121-0055","AQS"
"08/27/2019","46","","United Avenue","13-121-0055","AQS"
"08/28/2019","40","","South DeKalb","13-089-0002","AQS"
"08/29/2019","47","","United Avenue","13-121-0055","AQS"
"08/30/2019","53","","United Avenue","13-121-0055","AQS"
"08/31/2019","57","","United Avenue","13-121-0055","AQS"
"09/01/2019","55","","United Avenue","13-121-0055","AQS"
"09/02/2019","54","","United Avenue","13-121-0055","AQS"
"09/03/2019","58","","United Avenue","13-121-0055","AQS"
"09/04/2019","58","","United Avenue","13-121-0055","AQS"
"09/05/2019","61","","United Avenue","13-121-0055","AQS"
"09/06/2019","58","","United Avenue","13-121-0055","AQS"
"09/07/2019","65","","United Avenue","13-121-0055","AQS"
"09/08/2019","65","","McDonough","13-151-0002","AQS"
"09/09/2019","66","","McDonough","13-151-0002","AQS"
"09/10/2019","70","","United Avenue","13-121-0055","AQS"
"09/11/2019","63","","United Avenue","13-121-0055","AQS"
"09/12/2019","72","","United Avenue","13-121-0055","AQS"
"09/13/2019","71","","United Avenue","13-121-0055","AQS"
"09/14/2019","58","","NR-GA Tech","13-121-0056","AQS"
"09/15/2019","56","","NR-GA Tech","13-121-0056","AQS"
"09/16/2019","61","","United Avenue","13-121-0055","AQS"
"09/17/2019","70","","United Avenue","13-121-0055","AQS"
"09/18/2019","64","","United Avenue","13-121-0055","AQS"
"09/19/2019","52","","United Avenue","13-121-0055","AQS"
"09/20/2019","54","","United Avenue","13-121-0055","AQS"
"09/21/2019","53","","United Avenue","13-121-0055","AQS"
"09/22/2019","52","","United Avenue","13-121-0055","AQS"
"09/23/2019","57","","United Avenue","13-121-0055","AQS"
"09/24/2019","61","","South DeKalb","13-089-0002","AQS"
"09/25/2019","57","","United Avenue","13-121-0055","AQS"
"09/26/2019","60","","United Avenue","13-121-0055","AQS"
"09/27/2019","59","","United Avenue","13-121-0055","AQS"
"09/28/2019","67","","United Avenue","13-121-0055","AQS"
"09/29/2019","60","","United Avenue","13-121-0055","AQS"
"09/30/2019","63","","United Avenue","13-121-0055","AQS"
"10/01/2019","72","","United Avenue","13-121-0055","AQS"
"10/02/2019","81","","United Avenue","13-121-0055","AQS"
"10/03/2019","75","","United Avenue","13-121-0055","AQS"
"10/04/2019","64","","United Avenue","13-121-0055","AQS"
"10/05/2019","58","","United Avenue","13-121-0055","AQS"
"10/06/2019","44","","United Avenue","13-121-0055","AQS"
"10/07/2019","42","","United Avenue","13-121-0055","AQS"
"10/08/2019","44","","United Avenue","13-121-0055","AQS"
"10/09/2019","35","","United Avenue","13-121-0055","AQS"
"10/10/2019","49","","United Avenue","13-121-0055","AQS"
"10/11/2019","53","","United Avenue","13-121-0055","AQS"
"10/12/2019","56","","United Avenue","13-121-0055","AQS"
"10/13/2019","44","","United Avenue","13-121-0055","AQS"
"10/14/2019","44","","United Avenue","13-121-0055","AQS"
"10/15/2019","58","","United Avenue","13-121-0055","AQS"
"10/16/2019","27","","South DeKalb","13-089-0002","AQS"
"10/17/2019","34","","United Avenue","13-121-0055","AQS"
"10/18/2019","52","","United Avenue","13-121-0055","AQS"
"10/19/2019","41","","United Avenue","13-121-0055","AQS"
"10/20/2019","41","","United Avenue","13-121-0055","AQS"
"10/21/2019","60","","United Avenue","13-121-0055","AQS"
"10/22/2019","42","","United Avenue","13-121-0055","AQS"
"10/23/2019","40","","United Avenue","13-121-0055","AQS"
"10/24/2019","57","","United Avenue","13-121-0055","AQS"
"10/25/2019","55","","United Avenue","13-121-0055","AQS"
"10/26/2019","40","","United Avenue","13-121-0055","AQS"
"10/27/2019","34","","United Avenue","13-121-0055","AQS"
"10/28/2019","50","","United Avenue","13-121-0055","AQS"
"10/29/2019","63","","United Avenue","13-121-0055","AQS"
"10/30/2019","40","","NR-GA Tech","13-121-0056","AQS"
"10/31/2019","27","","South DeKalb","13-089-0002","AQS"
"11/01/2019","43","","United Avenue","13-121-0055","AQS"
"11/02/2019","55","","United Avenue","13-121-0055","AQS"
"11/03/2019","52","","United Avenue","13-121-0055","AQS"
"11/04/2019","55","","United Avenue","13-121-0055","AQS"
"11/05/2019","57","","United Avenue","13-121-0055","AQS"
"11/06/2019","60","","South DeKalb","13-089-0002","AQS"
"11/07/2019","67","","McDonough","13-151-0002","AQS"
"11/08/2019","45","","South DeKalb","13-089-0002","AQS"
"11/09/2019","61","","Gwinnett","13-135-0002","AQS"
"11/10/2019","73","","United Avenue","13-121-0055","AQS"
"11/11/2019","69","","Gwinnett","13-135-0002","AQS"
"11/12/2019","36","","United Avenue","13-121-0055","AQS"
"11/13/2019","42","","Gwinnett","13-135-0002","AQS"
"11/14/2019","58","","NR-GA Tech","13-121-0056","AQS"
"11/15/2019","57","","South DeKalb","13-089-0002","AQS"
"11/16/2019","56","","United Avenue","13-121-0055","AQS"
"11/17/2019","61","","Kennesaw","13-067-0003","AQS"
"11/18/2019","53","","United Avenue","13-121-0055","AQS"
"11/19/2019","58","","Gwinnett","13-135-0002","AQS"
"11/20/2019","51","","United Avenue","13-121-0055","AQS"
"11/21/2019","72","","Gwinnett","13-135-0002","AQS"
"11/22/2019","73","","Gwinnett","13-135-0002","AQS"
"11/23/2019","56","","South DeKalb","13-089-0002","AQS"
"11/24/2019","29","","South DeKalb","13-089-0002","AQS"
"11/25/2019","62","","Gwinnett","13-135-0002","AQS"
"11/26/2019","70","","Gwinnett","13-135-0002","AQS"
"11/27/2019","54","","United Avenue","13-121-0055","AQS"
"11/28/2019","34","","United Avenue","13-121-0055","AQS"
"11/29/2019","53","","United Avenue","13-121-0055","AQS"
"11/30/2019","69","","Gwinnett","13-135-0002","AQS"
"12/01/2019","31","","United Avenue","13-121-0055","AQS"
"12/02/2019","26","","United Avenue","13-121-0055","AQS"
"12/03/2019","38","","NR-GA Tech","13-121-0056","AQS"
"12/04/2019","48","","NR-GA Tech","13-121-0056","AQS"
"12/05/2019","53","","Forest Park","13-063-0091","AQS"
"12/06/2019","77","","Gwinnett","13-135-0002","AQS"
"12/07/2019","80","","NR-GA Tech","13-121-0056","AQS"
"12/08/2019","55","","NR-GA Tech","13-121-0056","AQS"
"12/09/2019","67","","Gwinnett","13-135-0002","AQS"
"12/10/2019","39","","Gwinnett","13-135-0002","AQS"
"12/11/2019","33","","Gwinnett","13-135-0002","AQS"
"12/12/2019","34","","United Avenue","13-121-0055","AQS"
"12/13/2019","28","","NR-GA Tech","13-121-0056","AQS"
"12/14/2019","44","","South DeKalb","13-089-0002","AQS"
"12/15/2019","68","","NR-GA Tech","13-121-0056","AQS"
"12/16/2019","57","","United Avenue","13-121-0055","AQS"
"12/17/2019","28","","South DeKalb","13-089-0002","AQS"
"12/18/2019","42","","South DeKalb","13-089-0002","AQS"
"12/19/2019","54","","South DeKalb","13-089-0002","AQS"
"12/20/2019","58","","South DeKalb","13-089-0002","AQS"
"12/21/2019","64","","Gwinnett","13-135-0002","AQS"
"12/22/2019","55","","Gwinnett","13-135-0002","AQS"
"12/23/2019","18","","United Avenue","13-121-0055","AQS"
"12/24/2019","33","","United Avenue","13-121-0055","AQS"
"12/25/2019","53","","United Avenue","13-121-0055","AQS"
"12/26/2019","68","","Fire Station #8","13-121-0039","AQS"
"12/27/2019","61","","NR-GA Tech","13-121-0056","AQS"
"12/28/2019","52","","South DeKalb","13-089-0002","AQS"
"12/29/2019","23","","NR-GA Tech","13-121-0056","AQS"
"12/30/2019","24","","United Avenue","13-121-0055","AQS"
"12/31/2019","28","","United Avenue","13-121-0055","AQS"
"01/01/2020","44","","Kennesaw","13-067-0003","AQS"
"01/02/2020","58","","Gwinnett","13-135-0002","AQS"
"01/03/2020","47","","NR-GA Tech","13-121-0056","AQS"
"01/04/2020","30","","United Avenue","13-121-0055","AQS"
"01/05/2020","40","","United Avenue","13-121-0055","AQS"
"01/06/2020","52","","South DeKalb","13-089-0002","AQS"
"01/07/2020","44","","United Avenue","13-121-0055","AQS"
"01/08/2020","42","","United Avenue","13-121-0055","AQS"
"01/09/2020","57","","United Avenue","13-121-0055","AQS"
"01/10/2020","55","","NR-GA Tech","13-121-0056","AQS"
"01/11/2020","32","","South DeKalb","13-089-0002","AQS"
"01/12/2020","38","","United Avenue","13-121-0055","AQS"
"01/13/2020","49","","NR-GA Tech","13-121-0056","AQS"
"01/14/2020","22","","United Avenue","13-121-0055","AQS"
"01/15/2020","38","","United Avenue","13-121-0055","AQS"
"01/16/2020","34","","United Avenue","13-121-0055","AQS"
"01/17/2020","29","","United Avenue","13-121-0055","AQS"
"01/18/2020","42","","Gwinnett","13-135-0002","AQS"
"01/19/2020","28","","United Avenue","13-121-0055","AQS"
"01/20/2020","43","","United Avenue","13-121-0055","AQS"
"01/21/2020","51","","South DeKalb","13-089-0002","AQS"
"01/22/2020","57","","South DeKalb","13-089-0002","AQS"
"01/23/2020","41","","United Avenue","13-121-0055","AQS"
"01/24/2020","42","","Gwinnett","13-135-0002","AQS"
"01/25/2020","32","","United Avenue","13-121-0055","AQS"
"01/26/2020","41","","South DeKalb","13-089-0002","AQS"
"01/27/2020","52","","Gwinnett","13-135-0002","AQS"
"01/28/2020","49","","Fire Station #8","13-121-0039","AQS"
"01/29/2020","54","","United Avenue","13-121-0055","AQS"
"01/30/2020","58","","United Avenue","13-121-0055","AQS"
"01/31/2020","57","","NR-GA Tech","13-121-0056","AQS"
"02/01/2020","56","","NR-GA Tech","13-121-0056","AQS"
"02/02/2020","36","","United Avenue","13-121-0055","AQS"
"02/03/2020","47","","United Avenue","13-121-0055","AQS"
"02/04/2020","49","","United Avenue","13-121-0055","AQS"
"02/05/2020","52","","United Avenue","13-121-0055","AQS"
"02/06/2020","20","","NR-GA Tech","13-121-0056","AQS"
"02/07/2020","31","","United Avenue","13-121-0055","AQS"
"02/08/2020","55","","South DeKalb","13-089-0002","AQS"
"02/09/2020","56","","NR-GA Tech","13-121-0056","AQS"
"02/10/2020","52","","South DeKalb","13-089-0002","AQS"
"02/11/2020","37","","United Avenue","13-121-0055","AQS"
"02/12/2020","42","","NR-GA Tech","13-121-0056","AQS"
"02/13/2020","28","","United Avenue","13-121-0055","AQS"
"02/14/2020","37","","United Avenue","13-121-0055","AQS"
"02/15/2020","46","","United Avenue","13-121-0055","AQS"
"02/16/2020","55","","South DeKalb","13-089-0002","AQS"
"02/17/2020","46","","NR-GA Tech","13-121-0056","AQS"
"02/18/2020","38","","NR-GA Tech","13-121-0056","AQS"
"02/19/2020","36","","South DeKalb","13-089-0002","AQS"
"02/20/2020","26","","Gwinnett","13-135-0002","AQS"
"02/21/2020","41","","South DeKalb","13-089-0002","AQS"
"02/22/2020","55","","United Avenue","13-121-0055","AQS"
"02/23/2020","59","","United Avenue","13-121-0055","AQS"
"02/24/2020","53","","Kennesaw","13-067-0003","AQS"
"02/25/2020","38","","South DeKalb","13-089-0002","AQS"
"02/26/2020","37","","United Avenue","13-121-0055","AQS"
"02/27/2020","31","","United Avenue","13-121-0055","AQS"
"02/28/2020","47","","United Avenue","13-121-0055","AQS"
"02/29/2020","36","","United Avenue","13-121-0055","AQS"
"03/01/2020","61","","United Avenue","13-121-0055","AQS"
"03/02/2020","69","","United Avenue","13-121-0055","AQS"
"03/03/2020","53","","Gwinnett","13-135-0002","AQS"
"03/04/2020","54","","NR-GA Tech","13-121-0056","AQS"
"03/05/2020","26","","United Avenue","13-121-0055","AQS"
"03/06/2020","30","","United Avenue","13-121-0055","AQS"
"03/07/2020","42","","United Avenue","13-121-0055","AQS"
"03/08/2020","57","","United Avenue","13-121-0055","AQS"
"03/09/2020","57","","South DeKalb","13-089-0002","AQS"
"03/10/2020","58","","United Avenue","13-121-0055","AQS"
"03/11/2020","46","","Gwinnett","13-135-0002","AQS"
"03/12/2020","55","","United Avenue","13-121-0055","AQS"
"03/13/2020","55","","United Avenue","13-121-0055","AQS"
"03/14/2020","57","","United Avenue","13-121-0055","AQS"
"03/15/2020","49","","United Avenue","13-121-0055","AQS"
"03/16/2020","62","","NR-GA Tech","13-121-0056","AQS"
"03/17/2020","69","","South DeKalb","13-089-0002","AQS"
"03/18/2020","76","","United Avenue","13-121-0055","AQS"
"03/19/2020","71","","United Avenue","13-121-0055","AQS"
"03/20/2020","70","","United Avenue","13-121-0055","AQS"
"03/21/2020","38","","United Avenue","13-121-0055","AQS"
"03/22/2020","47","","South DeKalb","13-089-0002","AQS"
"03/23/2020","33","","South DeKalb","13-089-0002","AQS"
"03/24/2020","37","","United Avenue","13-121-0055","AQS"
"03/25/2020","37","","United Avenue","13-121-0055","AQS"
"03/26/2020","53","","United Avenue","13-121-0055","AQS"
"03/27/2020","70","","United Avenue","13-121-0055","AQS"
"03/28/2020","63","","United Avenue","13-121-0055","AQS"
"03/29/2020","58","","United Avenue","13-121-0055","AQS"
"03/30/2020","46","","United Avenue","13-121-0055","AQS"
"03/31/2020","54","","United Avenue","13-121-0055","AQS"
"04/01/2020","31","","United Avenue","13-121-0055","AQS"
"04/02/2020","35","","United Avenue","13-121-0055","AQS"
"04/03/2020","50","","United Avenue","13-121-0055","AQS"
"04/04/2020","60","","United Avenue","13-121-0055","AQS"
"04/05/2020","74","","United Avenue","13-121-0055","AQS"
"04/06/2020","68","","South DeKalb","13-089-0002","AQS"
"04/07/2020","79","","United Avenue","13-121-0055","AQS"
"04/08/2020","54","","South DeKalb","13-089-0002","AQS"
"04/09/2020","47","","United Avenue","13-121-0055","AQS"
"04/10/2020","38","","United Avenue","13-121-0055","AQS"
"04/11/2020","53","","United Avenue","13-121-0055","AQS"
"04/12/2020","71","","Kennesaw","13-067-0003","AQS"
"04/13/2020","54","","United Avenue","13-121-0055","AQS"
"04/14/2020","37","","United Avenue","13-121-0055","AQS"
"04/15/2020","37","","United Avenue","13-121-0055","AQS"
"04/16/2020","52","","United Avenue","13-121-0055","AQS"
"04/17/2020","60","","United Avenue","13-121-0055","AQS"
"04/18/2020","52","","United Avenue","13-121-0055","AQS"
"04/19/2020","51","","United Avenue","13-121-0055","AQS"
"04/20/2020","33","","United Avenue","13-121-0055","AQS"
"04/21/2020","52","","United Avenue","13-121-0055","AQS"
"04/22/2020","44","","United Avenue","13-121-0055","AQS"
"04/23/2020","37","","United Avenue","13-121-0055","AQS"
"04/24/2020","41","","United Avenue","13-121-0055","AQS"
"04/25/2020","53","","United Avenue","13-121-0055","AQS"
"04/26/2020","28","","United Avenue","13-121-0055","AQS"
"04/27/2020","41","","United Avenue","13-121-0055","AQS"
"04/28/2020","59","","United Avenue","13-121-0055","AQS"
"04/29/2020","59","","United Avenue","13-121-0055","AQS"
"04/30/2020","37","","United Avenue","13-121-0055","AQS"
"05/01/2020","47","","United Avenue","13-121-0055","AQS"
"05/02/2020","56","","United Avenue","13-121-0055","AQS"
"05/03/2020","62","","United Avenue","13-121-0055","AQS"
"05/04/2020","55","","United Avenue","13-121-0055","AQS"
"05/05/2020","58","","United Avenue","13-121-0055","AQS"
"05/06/2020","29","","United Avenue","13-121-0055","AQS"
"05/07/2020","46","","United Avenue","13-121-0055","AQS"
"05/08/2020","59","","United Avenue","13-121-0055","AQS"
"05/09/2020","37","","United Avenue","13-121-0055","AQS"
"05/10/2020","49","","United Avenue","13-121-0055","AQS"
"05/11/2020","39","","United Avenue","13-121-0055","AQS"
"05/12/2020","48","","United Avenue","13-121-0055","AQS"
"05/13/2020","56","","United Avenue","13-121-0055","AQS"
"05/14/2020","55","","United Avenue","13-121-0055","AQS"
"05/15/2020","52","","United Avenue","13-121-0055","AQS"
"05/16/2020","55","","United Avenue","13-121-0055","AQS"
"05/17/2020","53","","United Avenue","13-121-0055","AQS"
"05/18/2020","44","","NR-GA Tech","13-121-0056","AQS"
"05/19/2020","34","","United Avenue","13-121-0055","AQS"
"05/20/2020","21","","United Avenue","13-121-0055","AQS"
"05/21/2020","39","","United Avenue","13-121-0055","AQS"
"05/22/2020","52","","United Avenue","13-121-0055","AQS"
"05/23/2020","55","","United Avenue","13-121-0055","AQS"
"05/24/2020","52","","United Avenue","13-121-0055","AQS"
"05/25/2020","55","","United Avenue","13-121-0055","AQS"
"05/26/2020","36","","United Avenue","13-121-0055","AQS"
"05/27/2020","33","","United Avenue","13-121-0055","AQS"
"05/28/2020","45","","United Avenue","13-121-0055","AQS"
"05/29/2020","57","","United Avenue","13-121-0055","AQS"
"05/30/2020","51","","United Avenue","13-121-0055","AQS"
"05/31/2020","53","","United Avenue","13-121-0055","AQS"
"06/01/2020","58","","United Avenue","13-121-0055","AQS"
"06/02/2020","57","","United Avenue","13-121-0055","AQS"
"06/03/2020","59","","United Avenue","13-121-0055","AQS"
"06/04/2020","56","","United Avenue","13-121-0055","AQS"
"06/05/2020","52","","United Avenue","13-121-0055","AQS"
"06/06/2020","54","","United Avenue","13-121-0055","AQS"
"06/07/2020","33","","United Avenue","13-121-0055","AQS"
"06/08/2020","47","","NR-GA Tech","13-121-0056","AQS"
"06/09/2020","52","","United Avenue","13-121-0055","AQS"
"06/10/2020","39","","United Avenue","13-121-0055","AQS"
"06/11/2020","46","","United Avenue","13-121-0055","AQS"
"06/12/2020","56","","United Avenue","13-121-0055","AQS"
"06/13/2020","63","","United Avenue","13-121-0055","AQS"
"06/14/2020","56","","South DeKalb","13-089-0002","AQS"
"06/15/2020","46","","South DeKalb","13-089-0002","AQS"
"06/16/2020","27","","United Avenue","13-121-0055","AQS"
"06/17/2020","37","","United Avenue","13-121-0055","AQS"
"06/18/2020","52","","United Avenue","13-121-0055","AQS"
"06/19/2020","58","","United Avenue","13-121-0055","AQS"
"06/20/2020","61","","United Avenue","13-121-0055","AQS"
"06/21/2020","66","","United Avenue","13-121-0055","AQS"
"06/22/2020","58","","United Avenue","13-121-0055","AQS"
"06/23/2020","39","","United Avenue","13-121-0055","AQS"
"06/24/2020","51","","United Avenue","13-121-0055","AQS"
"06/25/2020","53","","United Avenue","13-121-0055","AQS"
"06/26/2020","90","","United Avenue","13-121-0055","AQS"
"06/27/2020","106","","United Avenue","13-121-0055","AQS"
"06/28/2020","57","","United Avenue","13-121-0055","AQS"
"06/29/2020","56","","United Avenue","13-121-0055","AQS"
"06/30/2020","50","","United Avenue","13-121-0055","AQS"
"07/01/2020","46","","United Avenue","13-121-0055","AQS"
"07/02/2020","56","","United Avenue","13-121-0055","AQS"
"07/03/2020","63","","United Avenue","13-121-0055","AQS"
"07/04/2020","89","","United Avenue","13-121-0055","AQS"
"07/05/2020","125","","United Avenue","13-121-0055","AQS"
"07/06/2020","46","","United Avenue","13-121-0055","AQS"
"07/07/2020","29","","United Avenue","13-121-0055","AQS"
"07/08/2020","46","","United Avenue","13-121-0055","AQS"
"07/09/2020","49","","United Avenue","13-121-0055","AQS"
"07/10/2020","54","","United Avenue","13-121-0055","AQS"
"07/11/2020","46","","United Avenue","13-121-0055","AQS"
"07/12/2020","57","","United Avenue","13-121-0055","AQS"
"07/13/2020","53","","United Avenue","13-121-0055","AQS"
"07/14/2020","58","","United Avenue","13-121-0055","AQS"
"07/15/2020","65","","United Avenue","13-121-0055","AQS"
"07/16/2020","58","","United Avenue","13-121-0055","AQS"
"07/17/2020","62","","United Avenue","13-121-0055","AQS"
"07/18/2020","63","","United Avenue","13-121-0055","AQS"
"07/19/2020","61","","United Avenue","13-121-0055","AQS"
"07/20/2020","62","","United Avenue","13-121-0055","AQS"
"07/21/2020","60","","United Avenue","13-121-0055","AQS"
"07/22/2020","54","","United Avenue","13-121-0055","AQS"
"07/23/2020","41","","United Avenue","13-121-0055","AQS"
"07/24/2020","43","","United Avenue","13-121-0055","AQS"
"07/25/2020","41","","United Avenue","13-121-0055","AQS"
"07/26/2020","46","","United Avenue","13-121-0055","AQS"
"07/27/2020","54","","United Avenue","13-121-0055","AQS"
"07/28/2020","54","","United Avenue","13-121-0055","AQS"
"07/29/2020","37","","United Avenue","13-121-0055","AQS"
"07/30/2020","51","","United Avenue","13-121-0055","AQS"
"07/31/2020","68","","United Avenue","13-121-0055","AQS"
"08/01/2020","62","","United Avenue","13-121-0055","AQS"
"08/02/2020","59","","United Avenue","13-121-0055","AQS"
"08/03/2020","57","","United Avenue","13-121-0055","AQS"
"08/04/2020","53","","United Avenue","13-121-0055","AQS"
"08/05/2020","59","","United Avenue","13-121-0055","AQS"
"08/06/2020","58","","United Avenue","13-121-0055","AQS"
"08/07/2020","62","","United Avenue","13-121-0055","AQS"
"08/08/2020","62","","NR-GA Tech","13-121-0056","AQS"
"08/09/2020","64","","United Avenue","13-121-0055","AQS"
"08/10/2020","61","","United Avenue","13-121-0055","AQS"
"08/11/2020","65","","United Avenue","13-121-0055","AQS"
"08/12/2020","59","","United Avenue","13-121-0055","AQS"
"08/13/2020","55","","United Avenue","13-121-0055","AQS"
"08/14/2020","46","","United Avenue","13-121-0055","AQS"
"08/15/2020","45","","United Avenue","13-121-0055","AQS"
"08/16/2020","55","","United Avenue","13-121-0055","AQS"
"08/17/2020","62","","United Avenue","13-121-0055","AQS"
"08/18/2020","57","","McDonough","13-151-0002","AQS"
"08/19/2020","56","","United Avenue","13-121-0055","AQS"
"08/20/2020","48","","United Avenue","13-121-0055","AQS"
"08/21/2020","32","","United Avenue","13-121-0055","AQS"
"08/22/2020","42","","United Avenue","13-121-0055","AQS"
"08/23/2020","49","","United Avenue","13-121-0055","AQS"
"08/24/2020","46","","United Avenue","13-121-0055","AQS"
"08/25/2020","34","","NR-GA Tech","13-121-0056","AQS"
"08/26/2020","59","","McDonough","13-151-0002","AQS"
"08/27/2020","60","","United Avenue","13-121-0055","AQS"
"08/28/2020","50","","United Avenue","13-121-0055","AQS"
"08/29/2020","53","","United Avenue","13-121-0055","AQS"
"08/30/2020","57","","United Avenue","13-121-0055","AQS"
"08/31/2020","52","","United Avenue","13-121-0055","AQS"
"09/01/2020","54","","United Avenue","13-121-0055","AQS"
"09/02/2020","67","","United Avenue","13-121-0055","AQS"
"09/03/2020","84","","United Avenue","13-121-0055","AQS"
"09/04/2020","79","","United Avenue","13-121-0055","AQS"
"09/05/2020","49","","United Avenue","13-121-0055","AQS"
"09/06/2020","54","","United Avenue","13-121-0055","AQS"
"09/07/2020","54","","United Avenue","13-121-0055","AQS"
"09/08/2020","55","","United Avenue","13-121-0055","AQS"
"09/09/2020","50","","United Avenue","13-121-0055","AQS"
"09/10/2020","42","","United Avenue","13-121-0055","AQS"
"09/11/2020","42","","United Avenue","13-121-0055","AQS"
"09/12/2020","37","","United Avenue","13-121-0055","AQS"
"09/13/2020","39","","United Avenue","13-121-0055","AQS"
"09/14/2020","51","","United Avenue","13-121-0055","AQS"
"09/15/2020","42","","NR-GA Tech","13-121-0056","AQS"
"09/16/2020","47","","United Avenue","13-121-0055","AQS"
"09/17/2020","16","","United Avenue","13-121-0055","AQS"
"09/18/2020","44","","United Avenue","13-121-0055","AQS"
"09/19/2020","63","","United Avenue","13-121-0055","AQS"
"09/20/2020","32","","United Avenue","13-121-0055","AQS"
"09/21/2020","38","","United Avenue","13-121-0055","AQS"
"09/22/2020","53","","United Avenue","13-121-0055","AQS"
"09/23/2020","61","","United Avenue","13-121-0055","AQS"
"09/24/2020","58","","United Avenue","13-121-0055","AQS"
"09/25/2020","37","","South DeKalb","13-089-0002","AQS"
"09/26/2020","51","","United Avenue","13-121-0055","AQS"
"09/27/2020","56","","United Avenue","13-121-0055","AQS"
"09/28/2020","54","","United Avenue","13-121-0055","AQS"
"09/29/2020","37","","South DeKalb","13-089-0002","AQS"
"09/30/2020","40","","South DeKalb","13-089-0002","AQS"
"10/01/2020","52","","United Avenue","13-121-0055","AQS"
"10/02/2020","39","","United Avenue","13-121-0055","AQS"
"10/03/2020","66","","Gwinnett","13-135-0002","AQS"
"10/04/2020","68","","United Avenue","13-121-0055","AQS"
"10/05/2020","72","","United Avenue","13-121-0055","AQS"
"10/06/2020","70","","United Avenue","13-121-0055","AQS"
"10/07/2020","64","","United Avenue","13-121-0055","AQS"
"10/08/2020","69","","United Avenue","13-121-0055","AQS"
"10/09/2020","74","","McDonough","13-151-0002","AQS"
"10/10/2020","52","","South DeKalb","13-089-0002","AQS"
"10/11/2020","39","","South DeKalb","13-089-0002","AQS"
"10/12/2020","44","","South DeKalb","13-089-0002","AQS"
"10/13/2020","54","","South DeKalb","13-089-0002","AQS"
"10/14/2020","53","","United Avenue","13-121-0055","AQS"
"10/15/2020","66","","United Avenue","13-121-0055","AQS"
"10/16/2020","54","","South DeKalb","13-089-0002","AQS"
"10/17/2020","46","","United Avenue","13-121-0055","AQS"
"10/18/2020","57","","United Avenue","13-121-0055","AQS"
"10/19/2020","70","","United Avenue","13-121-0055","AQS"
"10/20/2020","56","","South DeKalb","13-089-0002","AQS"
"10/21/2020","54","","United Avenue","13-121-0055","AQS"
"10/22/2020","46","","United Avenue","13-121-0055","AQS"
"10/23/2020","42","","United Avenue","13-121-0055","AQS"
"10/24/2020","53","","United Avenue","13-121-0055","AQS"
"10/25/2020","53","","South DeKalb","13-089-0002","AQS"
"10/26/2020","51","","South DeKalb","13-089-0002","AQS"
"10/27/2020","56","","NR-GA Tech","13-121-0056","AQS"
"10/28/2020","51","","South DeKalb","13-089-0002","AQS"
"10/29/2020","32","","South DeKalb","13-089-0002","AQS"
"10/30/2020","36","","United Avenue","13-121-0055","AQS"
"10/31/2020","44","","United Avenue","13-121-0055","AQS"
"11/01/2020","42","","South DeKalb","13-089-0002","AQS"
"11/02/2020","34","","United Avenue","13-121-0055","AQS"
"11/03/2020","51","","United Avenue","13-121-0055","AQS"
"11/04/2020","67","","United Avenue","13-121-0055","AQS"
"11/05/2020","63","","Kennesaw","13-067-0003","AQS"
"11/06/2020","52","","South DeKalb","13-089-0002","AQS"
"11/07/2020","44","","Gwinnett","13-135-0002","AQS"
"11/08/2020","38","","South DeKalb","13-089-0002","AQS"
"11/09/2020","28","","South DeKalb","13-089-0002","AQS"
"11/10/2020","37","","South DeKalb","13-089-0002","AQS"
"11/11/2020","40","","NR-GA Tech","13-121-0056","AQS"
"11/12/2020","46","","South DeKalb","13-089-0002","AQS"
"11/13/2020","52","","South DeKalb","13-089-0002","AQS"
"11/14/2020","61","","Forest Park","13-063-0091","AQS"
"11/15/2020","57","","South DeKalb","13-089-0002","AQS"
"11/16/2020","24","","South DeKalb","13-089-0002","AQS"
"11/17/2020","31","","South DeKalb","13-089-0002","AQS"
"11/18/2020","38","","Gwinnett","13-135-0002","AQS"
"11/19/2020","56","","South DeKalb","13-089-0002","AQS"
"11/20/2020","72","","NR-GA Tech","13-121-0056","AQS"
"11/21/2020","77","","Gwinnett","13-135-0002","AQS"
"11/22/2020","82","","Gwinnett","13-135-0002","AQS"
"11/23/2020","35","","South DeKalb","13-089-0002","AQS"
"11/24/2020","52","","United Avenue","13-121-0055","AQS"
"11/25/2020","47","","South DeKalb","13-089-0002","AQS"
"11/26/2020","59","","United Avenue","13-121-0055","AQS"
"11/27/2020","66","","Gwinnett","13-135-0002","AQS"
"11/28/2020","61","","United Avenue","13-121-0055","AQS"
"11/29/2020","55","","Gwinnett","13-135-0002","AQS"
"11/30/2020","21","","United Avenue","13-121-0055","AQS"
"12/01/2020","37","","United Avenue","13-121-0055","AQS"
"12/02/2020","51","","United Avenue","13-121-0055","AQS"
"12/03/2020","61","","United Avenue","13-121-0055","AQS"
"12/04/2020","51","","South DeKalb","13-089-0002","AQS"
"12/05/2020","54","","NR-GA Tech","13-121-0056","AQS"
"12/06/2020","62","","Gwinnett","13-135-0002","AQS"
"12/07/2020","59","","South DeKalb","13-089-0002","AQS"
"12/08/2020","54","","South DeKalb","13-089-0002","AQS"
"12/09/2020","59","","Gwinnett","13-135-0002","AQS"
"12/10/2020","69","","South DeKalb","13-089-0002","AQS"
"12/11/2020","81","","South DeKalb","13-089-0002","AQS"
"12/12/2020","73","","Gwinnett","13-135-0002","AQS"
"12/13/2020","60","","South DeKalb","13-089-0002","AQS"
"12/14/2020","26","","NR-GA Tech","13-121-0056","AQS"
"12/15/2020","41","","Gwinnett","13-135-0002","AQS"
"12/16/2020","44","","Gwinnett","13-135-0002","AQS"
"12/17/2020","54","","NR-GA Tech","13-121-0056","AQS"
"12/18/2020","57","","NR-GA Tech","13-121-0056","AQS"
"12/19/2020","66","","United Avenue","13-121-0055","AQS"
"12/20/2020","57","","NR-GA Tech","13-121-0056","AQS"
"12/21/2020","53","","Gwinnett","13-135-0002","AQS"
"12/22/2020","40","","United Avenue","13-121-0055","AQS"
"12/23/2020","55","","United Avenue","13-121-0055","AQS"
"12/24/2020","32","","South DeKalb","13-089-0002","AQS"
"12/25/2020","23","","United Avenue","13-121-0055","AQS"
"12/26/2020","43","","United Avenue","13-121-0055","AQS"
"12/27/2020","63","","South DeKalb","13-089-0002","AQS"
"12/28/2020","60","","United Avenue","13-121-0055","AQS"
"12/29/2020","63","","South DeKalb","13-089-0002","AQS"
"12/30/2020","64","","South DeKalb","13-089-0002","AQS"
"12/31/2020","68","","South DeKalb","13-089-0002","AQS"
"01/01/2021","37","","South DeKalb","13-089-0002","AQS"
"01/02/2021","51","","South DeKalb","13-089-0002","AQS"
"01/03/2021","32","","United Avenue","13-121-0055","AQS"
"01/04/2021","50","","South DeKalb","13-089-0002","AQS"
"01/05/2021","46","","United Avenue","13-121-0055","AQS"
"01/06/2021","54","","Gwinnett","13-135-0002","AQS"
"01/07/2021","54","","South DeKalb","13-089-0002","AQS"
"01/08/2021","41","","South DeKalb","13-089-0002","AQS"
"01/09/2021","57","","South DeKalb","13-089-0002","AQS"
"01/10/2021","61","","NR-GA Tech","13-121-0056","AQS"
"01/11/2021","65","","South DeKalb","13-089-0002","AQS"
"01/12/2021","55","","South DeKalb","13-089-0002","AQS"
"01/13/2021","61","","Kennesaw","13-067-0003","AQS"
"01/14/2021","61","","Gwinnett","13-135-0002","AQS"
"01/15/2021","39","","South DeKalb","13-089-0002","AQS"
"01/16/2021","41","","United Avenue","13-121-0055","AQS"
"01/17/2021","49","","South DeKalb","13-089-0002","AQS"
"01/18/2021","48","","United Avenue","13-121-0055","AQS"
"01/19/2021","59","","United Avenue","13-121-0055","AQS"
"01/20/2021","43","","Gwinnett","13-135-0002","AQS"
"01/21/2021","49","","United Avenue","13-121-0055","AQS"
"01/22/2021","48","","Kennesaw","13-067-0003","AQS"
"01/23/2021","51","","United Avenue","13-121-0055","AQS"
"01/24/2021","48","","United Avenue","13-121-0055","AQS"
"01/25/2021","62","","Gwinnett","13-135-0002","AQS"
"01/26/2021","50","","United Avenue","13-121-0055","AQS"
"01/27/2021","38","","United Avenue","13-121-0055","AQS"
"01/28/2021","37","","United Avenue","13-121-0055","AQS"
"01/29/2021","52","","United Avenue","13-121-0055","AQS"
"01/30/2021","65","","United Avenue","13-121-0055","AQS"
"01/31/2021","55","","NR-GA Tech","13-121-0056","AQS"
"02/01/2021","34","","South DeKalb","13-089-0002","AQS"
"02/02/2021","30","","United Avenue","13-121-0055","AQS"
"02/03/2021","42","","United Avenue","13-121-0055","AQS"
"02/04/2021","55","","South DeKalb","13-089-0002","AQS"
"02/05/2021","49","","United Avenue","13-121-0055","AQS"
"02/06/2021","51","","United Avenue","13-121-0055","AQS"
"02/07/2021","31","","United Avenue","13-121-0055","AQS"
"02/08/2021","52","","United Avenue","13-121-0055","AQS"
"02/09/2021","59","","South DeKalb","13-089-0002","AQS"
"02/10/2021","71","","United Avenue","13-121-0055","AQS"
"02/11/2021","58","","South DeKalb","13-089-0002","AQS"
"02/12/2021","53","","NR-GA Tech","13-121-0056","AQS"
"02/13/2021","28","","South DeKalb","13-089-0002","AQS"
"02/14/2021","35","","South DeKalb","13-089-0002","AQS"
"02/15/2021","18","","NR-GA Tech","13-121-0056","AQS"
"02/16/2021","52","","South DeKalb","13-089-0002","AQS"
"02/17/2021","55","","South DeKalb","13-089-0002","AQS"
"02/18/2021","45","","NR-GA Tech","13-121-0056","AQS"
"02/19/2021","54","","South DeKalb","13-089-0002","AQS"
"02/20/2021","55","","United Avenue","13-121-0055","AQS"
"02/21/2021","59","","United Avenue","13-121-0055","AQS"
"02/22/2021","29","","South DeKalb","13-089-0002","AQS"
"02/23/2021","37","","United Avenue","13-121-0055","AQS"
"02/24/2021","65","","United Avenue","13-121-0055","AQS"
"02/25/2021","71","","United Avenue","13-121-0055","AQS"
"02/26/2021","63","","South DeKalb","13-089-0002","AQS"
"02/27/2021","74","","NR-GA Tech","13-121-0056","AQS"
"02/28/2021","57","","South DeKalb","13-089-0002","AQS"
"03/01/2021","33","","South DeKalb","13-089-0002","AQS"
"03/02/2021","33","","United Avenue","13-121-0055","AQS"
"03/03/2021","33","","South DeKalb","13-089-0002","AQS"
"03/04/2021","42","","United Avenue","13-121-0055","AQS"
"03/05/2021","56","","South DeKalb","13-089-0002","AQS"
"03/06/2021","55","","United Avenue","13-121-0055","AQS"
"03/07/2021","52","","South DeKalb","13-089-0002","AQS"
"03/08/2021","59","","Forest Park","13-063-0091","AQS"
"03/09/2021","88","","NR-GA Tech","13-121-0056","AQS"
"03/10/2021","84","","Gwinnett","13-135-0002","AQS"
"03/11/2021","89","","South DeKalb","13-089-0002","AQS"
"03/12/2021","95","","South DeKalb","13-089-0002","AQS"
"03/13/2021","71","","South DeKalb","13-089-0002","AQS"
"03/14/2021","71","","South DeKalb","13-089-0002","AQS"
"03/15/2021","70","","McDonough","13-151-0002","AQS"
"03/16/2021","53","","South DeKalb","13-089-0002","AQS"
"03/17/2021","51","","South DeKalb","13-089-0002","AQS"
"03/18/2021","48","","South DeKalb","13-089-0002","AQS"
"03/19/2021","28","","United Avenue","13-121-0055","AQS"
"03/20/2021","36","","United Avenue","13-121-0055","AQS"
"03/21/2021","41","","United Avenue","13-121-0055","AQS"
"03/22/2021","43","","South DeKalb","13-089-0002","AQS"
"03/23/2021","66","","South DeKalb","13-089-0002","AQS"
"03/24/2021","59","","United Avenue","13-121-0055","AQS"
"03/25/2021","60","","United Avenue","13-121-0055","AQS"
"03/26/2021","56","","United Avenue","13-121-0055","AQS"
"03/27/2021","56","","United Avenue","13-121-0055","AQS"
"03/28/2021","37","","South DeKalb","13-089-0002","AQS"
"03/29/2021","41","","United Avenue","13-121-0055","AQS"
"03/30/2021","55","","United Avenue","13-121-0055","AQS"
"03/31/2021","42","","South DeKalb","13-089-0002","AQS"
"04/01/2021","31","","United Avenue","13-121-0055","AQS"
"04/02/2021","36","","United Avenue","13-121-0055","AQS"
"04/03/2021","55","","United Avenue","13-121-0055","AQS"
"04/04/2021","65","","United Avenue","13-121-0055","AQS"
"04/05/2021","59","","South DeKalb","13-089-0002","AQS"
"04/06/2021","73","","Gwinnett","13-135-0002","AQS"
"04/07/2021","87","","Gwinnett","13-135-0002","AQS"
"04/08/2021","73","","Gwinnett","13-135-0002","AQS"
"04/09/2021","53","","Gwinnett","13-135-0002","AQS"
"04/10/2021","50","","South DeKalb","13-089-0002","AQS"
"04/11/2021","39","","South DeKalb","13-089-0002","AQS"
"04/12/2021","59","","United Avenue","13-121-0055","AQS"
"04/13/2021","67","","United Avenue","13-121-0055","AQS"
"04/14/2021","66","","Gwinnett","13-135-0002","AQS"
"04/15/2021","46","","United Avenue","13-121-0055","AQS"
"04/16/2021","46","","United Avenue","13-121-0055","AQS"
"04/17/2021","54","","United Avenue","13-121-0055","AQS"
"04/18/2021","51","","United Avenue","13-121-0055","AQS"
"04/19/2021","54","","United Avenue","13-121-0055","AQS"
"04/20/2021","64","","South DeKalb","13-089-0002","AQS"
"04/21/2021","54","","South DeKalb","13-089-0002","AQS"
"04/22/2021","48","","Gwinnett","13-135-0002","AQS"
"04/23/2021","60","","United Avenue","13-121-0055","AQS"
"04/24/2021","54","","United Avenue","13-121-0055","AQS"
"04/25/2021","38","","United Avenue","13-121-0055","AQS"
"04/26/2021","55","","United Avenue","13-121-0055","AQS"
"04/27/2021","60","","United Avenue","13-121-0055","AQS"
"04/28/2021","62","","United Avenue","13-121-0055","AQS"
"04/29/2021","61","","United Avenue","13-121-0055","AQS"
"04/30/2021","44","","South DeKalb","13-089-0002","AQS"
"05/01/2021","51","","United Avenue","13-121-0055","AQS"
"05/02/2021","61","","United Avenue","13-121-0055","AQS"
"05/03/2021","53","","United Avenue","13-121-0055","AQS"
"05/04/2021","39","","NR-GA Tech","13-121-0056","AQS"
"05/05/2021","38","","South DeKalb","13-089-0002","AQS"
"05/06/2021","35","","United Avenue","13-121-0055","AQS"
"05/07/2021","39","","United Avenue","13-121-0055","AQS"
"05/08/2021","56","","United Avenue","13-121-0055","AQS"
"05/09/2021","59","","United Avenue","13-121-0055","AQS"
"05/10/2021","37","","United Avenue","13-121-0055","AQS"
"05/11/2021","47","","United Avenue","13-121-0055","AQS"
"05/12/2021","40","","United Avenue","13-121-0055","AQS"
"05/13/2021","32","","United Avenue","13-121-0055","AQS"
"05/14/2021","52","","South DeKalb","13-089-0002","AQS"
"05/15/2021","58","","United Avenue","13-121-0055","AQS"
"05/16/2021","59","","United Avenue","13-121-0055","AQS"
"05/17/2021","63","","United Avenue","13-121-0055","AQS"
"05/18/2021","55","","United Avenue","13-121-0055","AQS"
"05/19/2021","49","","Gwinnett","13-135-0002","AQS"
"05/20/2021","37","","United Avenue","13-121-0055","AQS"
"05/21/2021","54","","United Avenue","13-121-0055","AQS"
"05/22/2021","62","","Gwinnett","13-135-0002","AQS"
"05/23/2021","65","","United Avenue","13-121-0055","AQS"
"05/24/2021","75","","South DeKalb","13-089-0002","AQS"
"05/25/2021","74","","Gwinnett","13-135-0002","AQS"
"05/26/2021","68","","Gwinnett","13-135-0002","AQS"
"05/27/2021","60","","United Avenue","13-121-0055","AQS"
"05/28/2021","55","","United Avenue","13-121-0055","AQS"
"05/29/2021","27","","Gwinnett","13-135-0002","AQS"
"05/30/2021","30","","United Avenue","13-121-0055","AQS"
"05/31/2021","50","","United Avenue","13-121-0055","AQS"
"06/01/2021","56","","United Avenue","13-121-0055","AQS"
"06/02/2021","57","","United Avenue","13-121-0055","AQS"
"06/03/2021","57","","United Avenue","13-121-0055","AQS"
"06/04/2021","57","","United Avenue","13-121-0055","AQS"
"06/05/2021","63","","United Avenue","13-121-0055","AQS"
"06/06/2021","54","","United Avenue","13-121-0055","AQS"
"06/07/2021","36","","United Avenue","13-121-0055","AQS"
"06/08/2021","36","","United Avenue","13-121-0055","AQS"
"06/09/2021","36","","NR-GA Tech","13-121-0056","AQS"
"06/10/2021","38","","United Avenue","13-121-0055","AQS"
"06/11/2021","50","","United Avenue","13-121-0055","AQS"
"06/12/2021","54","","United Avenue","13-121-0055","AQS"
"06/13/2021","48","","United Avenue","13-121-0055","AQS"
"06/14/2021","60","","United Avenue","13-121-0055","AQS"
"06/15/2021","54","","United Avenue","13-121-0055","AQS"
"06/16/2021","52","","United Avenue","13-121-0055","AQS"
"06/17/2021","58","","United Avenue","13-121-0055","AQS"
"06/18/2021","68","","United Avenue","13-121-0055","AQS"
"06/19/2021","60","","Gwinnett","13-135-0002","AQS"
"06/20/2021","27","","United Avenue","13-121-0055","AQS"
"06/21/2021","52","","United Avenue","13-121-0055","AQS"
"06/22/2021","39","","United Avenue","13-121-0055","AQS"
"06/23/2021","53","","United Avenue","13-121-0055","AQS"
"06/24/2021","55","","United Avenue","13-121-0055","AQS"
"06/25/2021","60","","United Avenue","13-121-0055","AQS"
"06/26/2021","54","","United Avenue","13-121-0055","AQS"
"06/27/2021","37","","United Avenue","13-121-0055","AQS"
"06/28/2021","51","","United Avenue","13-121-0055","AQS"
"06/29/2021","42","","United Avenue","13-121-0055","AQS"
"06/30/2021","40","","United Avenue","13-121-0055","AQS"
"07/01/2021","32","","United Avenue","13-121-0055","AQS"
"07/02/2021","38","","United Avenue","13-121-0055","AQS"
"07/03/2021","53","","United Avenue","13-121-0055","AQS"
"07/04/2021","80","","United Avenue","13-121-0055","AQS"
"07/05/2021","150","","United Avenue","13-121-0055","AQS"
"07/06/2021","57","","NR-GA Tech","13-121-0056","AQS"
"07/07/2021","39","","United Avenue","13-121-0055","AQS"
"07/08/2021","47","","United Avenue","13-121-0055","AQS"
"07/09/2021","49","","NR-GA Tech","13-121-0056","AQS"
"07/10/2021","43","","United Avenue","13-121-0055","AQS"
"07/11/2021","48","","United Avenue","13-121-0055","AQS"
"07/12/2021","42","","United Avenue","13-121-0055","AQS"
"07/13/2021","49","","United Avenue","13-121-0055","AQS"
"07/14/2021","55","","United Avenue","13-121-0055","AQS"
"07/15/2021","58","","United Avenue","13-121-0055","AQS"
"07/16/2021","58","","United Avenue","13-121-0055","AQS"
"07/17/2021","38","","United Avenue","13-121-0055","AQS"
"07/18/2021","42","","United Avenue","13-121-0055","AQS"
"07/19/2021","49","","United Avenue","13-121-0055","AQS"
"07/20/2021","34","","United Avenue","13-121-0055","AQS"
"07/21/2021","42","","United Avenue","13-121-0055","AQS"
"07/22/2021","74","","NR-GA Tech","13-121-0056","AQS"
"07/23/2021","93","","NR-GA Tech","13-121-0056","AQS"
"07/24/2021","101","","United Avenue","13-121-0055","AQS"
"07/25/2021","88","","United Avenue","13-121-0055","AQS"
"07/26/2021","68","","United Avenue","13-121-0055","AQS"
"07/27/2021","58","","United Avenue","13-121-0055","AQS"
"07/28/2021","61","","United Avenue","13-121-0055","AQS"
"07/29/2021","73","","NR-GA Tech","13-121-0056","AQS"
"07/30/2021","76","","United Avenue","13-121-0055","AQS"
"07/31/2021","66","","United Avenue","13-121-0055","AQS"
"08/01/2021","59","","United Avenue","13-121-0055","AQS"
"08/02/2021","84","","NR-GA Tech","13-121-0056","AQS"
"08/03/2021","71","","NR-GA Tech","13-121-0056","AQS"
"08/04/2021","67","","NR-GA Tech","13-121-0056","AQS"
"08/05/2021","59","","United Avenue","13-121-0055","AQS"
"08/06/2021","56","","United Avenue","13-121-0055","AQS"
"08/07/2021","55","","United Avenue","13-121-0055","AQS"
"08/08/2021","63","","United Avenue","13-121-0055","AQS"
"08/09/2021","74","","NR-GA Tech","13-121-0056","AQS"
"08/10/2021","79","","United Avenue","13-121-0055","AQS"
"08/11/2021","62","","United Avenue","13-121-0055","AQS"
"08/12/2021","64","","United Avenue","13-121-0055","AQS"
"08/13/2021","57","","United Avenue","13-121-0055","AQS"
"08/14/2021","58","","United Avenue","13-121-0055","AQS"
"08/15/2021","48","","United Avenue","13-121-0055","AQS"
"08/16/2021","38","","United Avenue","13-121-0055","AQS"
"08/17/2021","21","","United Avenue","13-121-0055","AQS"
"08/18/2021","51","","United Avenue","13-121-0055","AQS"
"08/19/2021","52","","United Avenue","13-121-0055","AQS"
"08/20/2021","47","","United Avenue","13-121-0055","AQS"
"08/21/2021","53","","United Avenue","13-121-0055","AQS"
"08/22/2021","53","","United Avenue","13-121-0055","AQS"
"08/23/2021","53","","United Avenue","13-121-0055","AQS"
"08/24/2021","63","","NR-GA Tech","13-121-0056","AQS"
"08/25/2021","65","","NR-GA Tech","13-121-0056","AQS"
"08/26/2021","60","","NR-GA Tech","13-121-0056","AQS"
"08/27/2021","63","","United Avenue","13-121-0055","AQS"
"08/28/2021","53","","United Avenue","13-121-0055","AQS"
"08/29/2021","56","","United Avenue","13-121-0055","AQS"
"08/30/2021","57","","United Avenue","13-121-0055","AQS"
"08/31/2021","41","","United Avenue","13-121-0055","AQS"
"09/01/2021","39","","United Avenue","13-121-0055","AQS"
"09/02/2021","51","","United Avenue","13-121-0055","AQS"
"09/03/2021","52","","United Avenue","13-121-0055","AQS"
"09/04/2021","56","","United Avenue","13-121-0055","AQS"
"09/05/2021","61","","United Avenue","13-121-0055","AQS"
"09/06/2021","62","","United Avenue","13-121-0055","AQS"
"09/07/2021","64","","United Avenue","13-121-0055","AQS"
"09/08/2021","54","","United Avenue","13-121-0055","AQS"
"09/09/2021","41","","McDonough","13-151-0002","AQS"
"09/10/2021","53","","United Avenue","13-121-0055","AQS"
"09/11/2021","59","","United Avenue","13-121-0055","AQS"
"09/12/2021","61","","United Avenue","13-121-0055","AQS"
"09/13/2021","62","","McDonough","13-151-0002","AQS"
"09/14/2021","67","","McDonough","13-151-0002","AQS"
"09/15/2021","64","","McDonough","13-151-0002","AQS"
"09/16/2021","29","","NR-GA Tech","13-121-0056","AQS"
"09/17/2021","47","","McDonough","13-151-0002","AQS"
"09/18/2021","65","","McDonough","13-151-0002","AQS"
"09/19/2021","57","","McDonough","13-151-0002","AQS"
"09/20/2021","37","","South DeKalb","13-089-0002","AQS"
"09/21/2021","30","","McDonough","13-151-0002","AQS"
"09/22/2021","32","","McDonough","13-151-0002","AQS"
"09/23/2021","24","","United Avenue","13-121-0055","AQS"
"09/24/2021","48","","United Avenue","13-121-0055","AQS"
"09/25/2021","65","","United Avenue","13-121-0055","AQS"
"09/26/2021","61","","McDonough","13-151-0002","AQS"
"09/27/2021","67","","McDonough","13-151-0002","AQS"
"09/28/2021","63","","Fire Station #8","13-121-0039","AQS"
"09/29/2021","68","","United Avenue","13-121-0055","AQS"
"09/30/2021","71","","United Avenue","13-121-0055","AQS"
"10/01/2021","72","","NR-GA Tech","13-121-0056","AQS"
"10/02/2021","65","","United Avenue","13-121-0055","AQS"
"10/03/2021","58","","Gwinnett","13-135-0002","AQS"
"10/04/2021","39","","South DeKalb","13-089-0002","AQS"
"10/05/2021","29","","South DeKalb","13-089-0002","AQS"
"10/06/2021","27","","South DeKalb","13-089-0002","AQS"
"10/07/2021","32","","South DeKalb","13-089-0002","AQS"
"10/08/2021","37","","South DeKalb","13-089-0002","AQS"
"10/09/2021","48","","United Avenue","13-121-0055","AQS"
"10/10/2021","52","","Kennesaw","13-067-0003","AQS"
"10/11/2021","49","","United Avenue","13-121-0055","AQS"
"10/12/2021","55","","NR-GA Tech","13-121-0056","AQS"
"10/13/2021","62","","United Avenue","13-121-0055","AQS"
"10/14/2021","71","","United Avenue","13-121-0055","AQS"
"10/15/2021","63","","United Avenue","13-121-0055","AQS"
"10/16/2021","45","","United Avenue","13-121-0055","AQS"
"10/17/2021","35","","United Avenue","13-121-0055","AQS"
"10/18/2021","46","","United Avenue","13-121-0055","AQS"
"10/19/2021","69","","McDonough","13-151-0002","AQS"
"10/20/2021","63","","Gwinnett","13-135-0002","AQS"
"10/21/2021","60","","United Avenue","13-121-0055","AQS"
"10/22/2021","46","","South DeKalb","13-089-0002","AQS"
"10/23/2021","57","","United Avenue","13-121-0055","AQS"
"10/24/2021","76","","United Avenue","13-121-0055","AQS"
"10/25/2021","71","","United Avenue","13-121-0055","AQS"
"10/26/2021","17","","South DeKalb","13-089-0002","AQS"
"10/27/2021","48","","United Avenue","13-121-0055","AQS"
"10/28/2021","41","","United Avenue","13-121-0055","AQS"
"10/29/2021","28","","United Avenue","13-121-0055","AQS"
"10/30/2021","26","","United Avenue","13-121-0055","AQS"
"10/31/2021","36","","United Avenue","13-121-0055","AQS"
"11/01/2021","48","","United Avenue","13-121-0055","AQS"
"11/02/2021","52","","United Avenue","13-121-0055","AQS"
"11/03/2021","41","","United Avenue","13-121-0055","AQS"
"11/04/2021","53","","South DeKalb","13-089-0002","AQS"
"11/05/2021","52","","Gwinnett","13-135-0002","AQS"
"11/06/2021","51","","Gwinnett","13-135-0002","AQS"
"11/07/2021","53","","United Avenue","13-121-0055","AQS"
"11/08/2021","52","","United Avenue","13-121-0055","AQS"
"11/09/2021","68","","Forest Park","13-063-0091","AQS"
"11/10/2021","75","","South DeKalb","13-089-0002","AQS"
"11/11/2021","67","","South DeKalb","13-089-0002","AQS"
"11/12/2021","40","","South DeKalb","13-089-0002","AQS"
"11/13/2021","49","","United Avenue","13-121-0055","AQS"
"11/14/2021","39","","United Avenue","13-121-0055","AQS"
"11/15/2021","47","","United Avenue","13-121-0055","AQS"
"11/16/2021","65","","United Avenue","13-121-0055","AQS"
"11/17/2021","76","","Gwinnett","13-135-0002","AQS"
"11/18/2021","59","","United Avenue","13-121-0055","AQS"
"11/19/2021","45","","United Avenue","13-121-0055","AQS"
"11/20/2021","51","","United Avenue","13-121-0055","AQS"
"11/21/2021","59","","United Avenue","13-121-0055","AQS"
"11/22/2021","52","","United Avenue","13-121-0055","AQS"
"11/23/2021","39","","United Avenue","13-121-0055","AQS"
"11/24/2021","63","","South DeKalb","13-089-0002","AQS"
"11/25/2021","67","","Gwinnett","13-135-0002","AQS"
"11/26/2021","38","","South DeKalb","13-089-0002","AQS"
"11/27/2021","49","","United Avenue","13-121-0055","AQS"
"11/28/2021","56","","Gwinnett","13-135-0002","AQS"
"11/29/2021","38","","United Avenue","13-121-0055","AQS"
"11/30/2021","63","","Gwinnett","13-135-0002","AQS"
"12/01/2021","70","","Gwinnett","13-135-0002","AQS"
"12/02/2021","64","","South DeKalb","13-089-0002","AQS"
"12/03/2021","67","","Fire Station #8","13-121-0039","AQS"
"12/04/2021","82","","United Avenue","13-121-0055","AQS"
"12/05/2021","97","","South DeKalb","13-089-0002","AQS"
"12/06/2021","69","","South DeKalb","13-089-0002","AQS"
"12/07/2021","43","","South DeKalb","13-089-0002","AQS"
"12/08/2021","48","","South DeKalb","13-089-0002","AQS"
"12/09/2021","59","","NR-GA Tech","13-121-0056","AQS"
"12/10/2021","56","","Gwinnett","13-135-0002","AQS"
"12/11/2021","50","","South DeKalb","13-089-0002","AQS"
"12/12/2021","48","","United Avenue","13-121-0055","AQS"
"12/13/2021","68","","Gwinnett","13-135-0002","AQS"
"12/14/2021","67","","United Avenue","13-121-0055","AQS"
"12/15/2021","63","","South DeKalb","13-089-0002","AQS"
"12/16/2021","62","","United Avenue","13-121-0055","AQS"
"12/17/2021","56","","United Avenue","13-121-0055","AQS"
"12/18/2021","42","","McDonough","13-151-0002","AQS"
"12/19/2021","27","","South DeKalb","13-089-0002","AQS"
"12/20/2021","33","","Gwinnett","13-135-0002","AQS"
"12/21/2021","50","","NR-GA Tech","13-121-0056","AQS"
"12/22/2021","47","","Gwinnett","13-135-0002","AQS"
"12/23/2021","52","","Gwinnett","13-135-0002","AQS"
"12/24/2021","57","","United Avenue","13-121-0055","AQS"
"12/25/2021","39","","Gwinnett","13-135-0002","AQS"
"12/26/2021","51","","Gwinnett","13-135-0002","AQS"
"12/27/2021","56","","Gwinnett","13-135-0002","AQS"
"12/28/2021","60","","United Avenue","13-121-0055","AQS"
"12/29/2021","52","","United Avenue","13-121-0055","AQS"
"12/30/2021","39","","United Avenue","13-121-0055","AQS"
"12/31/2021","52","","United Avenue","13-121-0055","AQS"
"01/01/2022","43","","United Avenue","13-121-0055","AQS"
"01/02/2022","34","","NR-GA Tech","13-121-0056","AQS"
"01/03/2022","31","","United Avenue","13-121-0055","AQS"
"01/04/2022","36","","United Avenue","13-121-0055","AQS"
"01/05/2022","54","","NR-GA Tech","13-121-0056","AQS"
"01/06/2022","57","","Gwinnett","13-135-0002","AQS"
"01/07/2022","37","","South DeKalb","13-089-0002","AQS"
"01/08/2022","49","","United Avenue","13-121-0055","AQS"
"01/09/2022","57","","Gwinnett","13-135-0002","AQS"
"01/10/2022","19","","United Avenue","13-121-0055","AQS"
"01/11/2022","41","","Gwinnett","13-135-0002","AQS"
"01/12/2022","53","","United Avenue","13-121-0055","AQS"
"01/13/2022","58","","Gwinnett","13-135-0002","AQS"
"01/14/2022","59","","NR-GA Tech","13-121-0056","AQS"
"01/15/2022","67","","South DeKalb","13-089-0002","AQS"
"01/16/2022","44","","Gwinnett","13-135-0002","AQS"
"01/17/2022","48","","South DeKalb","13-089-0002","AQS"
"01/18/2022","52","","Gwinnett","13-135-0002","AQS"
"01/19/2022","58","","United Avenue","13-121-0055","AQS"
"01/20/2022","58","","South DeKalb","13-089-0002","AQS"
"01/21/2022","62","","South DeKalb","13-089-0002","AQS"
"01/22/2022","64","","South DeKalb","13-089-0002","AQS"
"01/23/2022","61","","South DeKalb","13-089-0002","AQS"
"01/24/2022","58","","Gwinnett","13-135-0002","AQS"
"01/25/2022","57","","South DeKalb","13-089-0002","AQS"
"01/26/2022","66","","South DeKalb","13-089-0002","AQS"
"01/27/2022","60","","Gwinnett","13-135-0002","AQS"
"01/28/2022","65","","South DeKalb","13-089-0002","AQS"
"01/29/2022","38","","South DeKalb","13-089-0002","AQS"
"01/30/2022","63","","South DeKalb","13-089-0002","AQS"
"01/31/2022","75","","South DeKalb","13-089-0002","AQS"
"02/01/2022","75","","South DeKalb","13-089-0002","AQS"
"02/02/2022","66","","South DeKalb","13-089-0002","AQS"
"02/03/2022","57","","South DeKalb","13-089-0002","AQS"
"02/04/2022","31","","South DeKalb","13-089-0002","AQS"
"02/05/2022","43","","South DeKalb","13-089-0002","AQS"
"02/06/2022","43","","Gwinnett","13-135-0002","AQS"
"02/07/2022","52","","NR-GA Tech","13-121-0056","AQS"
"02/08/2022","43","","United Avenue","13-121-0055","AQS"
"02/09/2022","56","","South DeKalb","13-089-0002","AQS"
"02/10/2022","73","","Kennesaw","13-067-0003","AQS"
"02/11/2022","65","","United Avenue","13-121-0055","AQS"
"02/12/2022","69","","Gwinnett","13-135-0002","AQS"
"02/13/2022","39","","Gwinnett","13-135-0002","AQS"
"02/14/2022","61","","South DeKalb","13-089-0002","AQS"
"02/15/2022","74","","South DeKalb","13-089-0002","AQS"
"02/16/2022","65","","Gwinnett","13-135-0002","AQS"
"02/17/2022","51","","South DeKalb","13-089-0002","AQS"
"02/18/2022","36","","South DeKalb","13-089-0002","AQS"
"02/19/2022","41","","United Avenue","13-121-0055","AQS"
"02/20/2022","55","","South DeKalb","13-089-0002","AQS"
"02/21/2022","65","","South DeKalb","13-089-0002","AQS"
"02/22/2022","54","","South DeKalb","13-089-0002","AQS"
"02/23/2022","53","","United Avenue","13-121-0055","AQS"
"02/24/2022","52","","United Avenue","13-121-0055","AQS"
"02/25/2022","34","","United Avenue","13-121-0055","AQS"
"02/26/2022","48","","South DeKalb","13-089-0002","AQS"
"02/27/2022","56","","South DeKalb","13-089-0002","AQS"
"02/28/2022","36","","United Avenue","13-121-0055","AQS"
"03/01/2022","48","","United Avenue","13-121-0055","AQS"
"03/02/2022","51","","South DeKalb","13-089-0002","AQS"
"03/03/2022","63","","Forest Park","13-063-0091","AQS"
"03/04/2022","78","","McDonough","13-151-0002","AQS"
"03/05/2022","84","","Gwinnett","13-135-0002","AQS"
"03/06/2022","60","","Gwinnett","13-135-0002","AQS"
"03/07/2022","61","","South DeKalb","13-089-0002","AQS"
"03/08/2022","36","","South DeKalb","13-089-0002","AQS"
"03/09/2022","29","","South DeKalb","13-089-0002","AQS"
"03/10/2022","37","","United Avenue","13-121-0055","AQS"
"03/11/2022","61","","NR-GA Tech","13-121-0056","AQS"
"03/12/2022","41","","McDonough","13-151-0002","AQS"
"03/13/2022","37","","United Avenue","13-121-0055","AQS"
"03/14/2022","64","","Gwinnett","13-135-0002","AQS"
"03/15/2022","64","","Gwinnett","13-135-0002","AQS"
"03/16/2022","37","","South DeKalb","13-089-0002","AQS"
"03/17/2022","55","","Gwinnett","13-135-0002","AQS"
"03/18/2022","53","","Gwinnett","13-135-0002","AQS"
"03/19/2022","31","","United Avenue","13-121-0055","AQS"
"03/20/2022","28","","United Avenue","13-121-0055","AQS"
"03/21/2022","53","","NR-GA Tech","13-121-0056","AQS"
"03/22/2022","55","","United Avenue","13-121-0055","AQS"
"03/23/2022","48","","United Avenue","13-121-0055","AQS"
"03/24/2022","36","","United Avenue","13-121-0055","AQS"
"03/25/2022","55","","United Avenue","13-121-0055","AQS"
"03/26/2022","29","","United Avenue","13-121-0055","AQS"
"03/27/2022","32","","United Avenue","13-121-0055","AQS"
"03/28/2022","43","","McDonough","13-151-0002","AQS"
"03/29/2022","65","","South DeKalb","13-089-0002","AQS"
"03/30/2022","71","","United Avenue","13-121-0055","AQS"
"03/31/2022","54","","United Avenue","13-121-0055","AQS"
"04/01/2022","41","","United Avenue","13-121-0055","AQS"
"04/02/2022","54","","United Avenue","13-121-0055","AQS"
"04/03/2022","43","","United Avenue","13-121-0055","AQS"
"04/04/2022","52","","United Avenue","13-121-0055","AQS"
"04/05/2022","61","","United Avenue","13-121-0055","AQS"
"04/06/2022","54","","NR-GA Tech","13-121-0056","AQS"
"04/07/2022","28","","South DeKalb","13-089-0002","AQS"
"04/08/2022","39","","United Avenue","13-121-0055","AQS"
"04/09/2022","32","","United Avenue","13-121-0055","AQS"
"04/10/2022","55","","United Avenue","13-121-0055","AQS"
"04/11/2022","55","","United Avenue","13-121-0055","AQS"
"04/12/2022","67","","United Avenue","13-121-0055","AQS"
"04/13/2022","67","","South DeKalb","13-089-0002","AQS"
"04/14/2022","49","","South DeKalb","13-089-0002","AQS"
"04/15/2022","51","","United Avenue","13-121-0055","AQS"
"04/16/2022","57","","United Avenue","13-121-0055","AQS"
"04/17/2022","62","","Gwinnett","13-135-0002","AQS"
"04/18/2022","37","","South DeKalb","13-089-0002","AQS"
"04/19/2022","33","","United Avenue","13-121-0055","AQS"
"04/20/2022","52","","United Avenue","13-121-0055","AQS"
"04/21/2022","55","","United Avenue","13-121-0055","AQS"
"04/22/2022","63","","Gwinnett","13-135-0002","AQS"
"04/23/2022","60","","South DeKalb","13-089-0002","AQS"
"04/24/2022","56","","South DeKalb","13-089-0002","AQS"
"04/25/2022","59","","United Avenue","13-121-0055","AQS"
"04/26/2022","55","","United Avenue","13-121-0055","AQS"
"04/27/2022","49","","South DeKalb","13-089-0002","AQS"
"04/28/2022","83","","South DeKalb","13-089-0002","AQS"
"04/29/2022","85","","South DeKalb","13-089-0002","AQS"
"04/30/2022","63","","United Avenue","13-121-0055","AQS"
"05/01/2022","59","","South DeKalb","13-089-0002","AQS"
"05/02/2022","54","","United Avenue","13-121-0055","AQS"
"05/03/2022","49","","United Avenue","13-121-0055","AQS"
"05/04/2022","61","","United Avenue","13-121-0055","AQS"
"05/05/2022","62","","United Avenue","13-121-0055","AQS"
"05/06/2022","48","","South DeKalb","13-089-0002","AQS"
"05/07/2022","29","","United Avenue","13-121-0055","AQS"
"05/08/2022","36","","United Avenue","13-121-0055","AQS"
"05/09/2022","37","","United Avenue","13-121-0055","AQS"
"05/10/2022","53","","United Avenue","13-121-0055","AQS"
"05/11/2022","59","","United Avenue","13-121-0055","AQS"
"05/12/2022","49","","United Avenue","13-121-0055","AQS"
"05/13/2022","36","","United Avenue","13-121-0055","AQS"
"05/14/2022","39","","United Avenue","13-121-0055","AQS"
"05/15/2022","53","","United Avenue","13-121-0055","AQS"
"05/16/2022","55","","United Avenue","13-121-0055","AQS"
"05/17/2022","51","","United Avenue","13-121-0055","AQS"
"05/18/2022","60","","United Avenue","13-121-0055","AQS"
"05/19/2022","69","","United Avenue","13-121-0055","AQS"
"05/20/2022","56","","South DeKalb","13-089-0002","AQS"
"05/21/2022","54","","United Avenue","13-121-0055","AQS"
"05/22/2022","59","","United Avenue","13-121-0055","AQS"
"05/23/2022","41","","McDonough","13-151-0002","AQS"
"05/24/2022","57","","United Avenue","13-121-0055","AQS"
"05/25/2022","52","","United Avenue","13-121-0055","AQS"
"05/26/2022","44","","South DeKalb","13-089-0002","AQS"
"05/27/2022","38","","South DeKalb","13-089-0002","AQS"
"05/28/2022","47","","United Avenue","13-121-0055","AQS"
"05/29/2022","58","","McDonough","13-151-0002","AQS"
"05/30/2022","60","","United Avenue","13-121-0055","AQS"
"05/31/2022","52","","United Avenue","13-121-0055","AQS"
"06/01/2022","59","","United Avenue","13-121-0055","AQS"
"06/02/2022","60","","South DeKalb","13-089-0002","AQS"
"06/03/2022","49","","South DeKalb","13-089-0002","AQS"
"06/04/2022","56","","South DeKalb","13-089-0002","AQS"
"06/05/2022","76","","South DeKalb","13-089-0002","AQS"
"06/06/2022","69","","South DeKalb","13-089-0002","AQS"
"06/07/2022","64","","South DeKalb","13-089-0002","AQS"
"06/08/2022","53","","South DeKalb","13-089-0002","AQS"
"06/09/2022","59","","South DeKalb","13-089-0002","AQS"
"06/10/2022","58","","South DeKalb","13-089-0002","AQS"
"06/11/2022","64","","South DeKalb","13-089-0002","AQS"
"06/12/2022","70","","South DeKalb","13-089-0002","AQS"
"06/13/2022","74","","South DeKalb","13-089-0002","AQS"
"06/14/2022","80","","South DeKalb","13-089-0002","AQS"
"06/15/2022","72","","United Avenue","13-121-0055","AQS"
"06/16/2022","65","","United Avenue","13-121-0055","AQS"
"06/17/2022","62","","United Avenue","13-121-0055","AQS"
"06/18/2022","48","","South DeKalb","13-089-0002","AQS"
"06/19/2022","39","","United Avenue","13-121-0055","AQS"
"06/20/2022","68","","United Avenue","13-121-0055","AQS"
"06/21/2022","64","","United Avenue","13-121-0055","AQS"
"06/22/2022","66","","South DeKalb","13-089-0002","AQS"
"06/23/2022","66","","South DeKalb","13-089-0002","AQS"
"06/24/2022","60","","United Avenue","13-121-0055","AQS"
"06/25/2022","52","","South DeKalb","13-089-0002","AQS"
"06/26/2022","60","","United Avenue","13-121-0055","AQS"
"06/27/2022","58","","United Avenue","13-121-0055","AQS"
"06/28/2022","58","","United Avenue","13-121-0055","AQS"
"06/29/2022","57","","United Avenue","13-121-0055","AQS"
"06/30/2022","47","","United Avenue","13-121-0055","AQS"
"07/01/2022","46","","United Avenue","13-121-0055","AQS"
"07/02/2022","53","","South DeKalb","13-089-0002","AQS"
"07/03/2022","53","","South DeKalb","13-089-0002","AQS"
"07/04/2022","63","","Forest Park","13-063-0091","AQS"
"07/05/2022","58","","United Avenue","13-121-0055","AQS"
"07/06/2022","55","","United Avenue","13-121-0055","AQS"
"07/07/2022","49","","United Avenue","13-121-0055","AQS"
"07/08/2022","53","","United Avenue","13-121-0055","AQS"
"07/09/2022","39","","United Avenue","13-121-0055","AQS"
"07/10/2022","47","","South DeKalb","13-089-0002","AQS"
"07/11/2022","31","","South DeKalb","13-089-0002","AQS"
"07/12/2022","53","","United Avenue","13-121-0055","AQS"
"07/13/2022","52","","United Avenue","13-121-0055","AQS"
"07/14/2022","53","","South DeKalb","13-089-0002","AQS"
"07/15/2022","57","","United Avenue","13-121-0055","AQS"
"07/16/2022","51","","United Avenue","13-121-0055","AQS"
"07/17/2022","51","","United Avenue","13-121-0055","AQS"
"07/18/2022","52","","United Avenue","13-121-0055","AQS"
"07/19/2022","52","","United Avenue","13-121-0055","AQS"
"07/20/2022","52","","United Avenue","13-121-0055","AQS"
"07/21/2022","57","","United Avenue","13-121-0055","AQS"
"07/22/2022","54","","United Avenue","13-121-0055","AQS"
"07/23/2022","54","","United Avenue","13-121-0055","AQS"
"07/24/2022","55","","United Avenue","13-121-0055","AQS"
"07/25/2022","52","","United Avenue","13-121-0055","AQS"
"07/26/2022","52","","United Avenue","13-121-0055","AQS"
"07/27/2022","53","","United Avenue","13-121-0055","AQS"
"07/28/2022","54","","United Avenue","13-121-0055","AQS"
"07/29/2022","53","","United Avenue","13-121-0055","AQS"
"07/30/2022","44","","United Avenue","13-121-0055","AQS"
"07/31/2022","51","","South DeKalb","13-089-0002","AQS"
"08/01/2022","62","","United Avenue","13-121-0055","AQS"
"08/02/2022","55","","United Avenue","13-121-0055","AQS"
"08/03/2022","48","","United Avenue","13-121-0055","AQS"
"08/04/2022","52","","United Avenue","13-121-0055","AQS"
"08/05/2022","55","","United Avenue","13-121-0055","AQS"
"08/06/2022","52","","United Avenue","13-121-0055","AQS"
"08/07/2022","39","","South DeKalb","13-089-0002","AQS"
"08/08/2022","47","","United Avenue","13-121-0055","AQS"
"08/09/2022","42","","South DeKalb","13-089-0002","AQS"
"08/10/2022","34","","South DeKalb","13-089-0002","AQS"
"08/11/2022","47","","South DeKalb","13-089-0002","AQS"
"08/12/2022","47","","South DeKalb","13-089-0002","AQS"
"08/13/2022","52","","South DeKalb","13-089-0002","AQS"
"08/14/2022","56","","South DeKalb","13-089-0002","AQS"
"08/15/2022","58","","South DeKalb","13-089-0002","AQS"
"08/16/2022","57","","South DeKalb","13-089-0002","AQS"
"08/17/2022","52","","South DeKalb","13-089-0002","AQS"
"08/18/2022","67","","McDonough","13-151-0002","AQS"
"08/19/2022","55","","South DeKalb","13-089-0002","AQS"
"08/20/2022","49","","South DeKalb","13-089-0002","AQS"
"08/21/2022","38","","South DeKalb","13-089-0002","AQS"
"08/22/2022","52","","South DeKalb","13-089-0002","AQS"
"08/23/2022","55","","South DeKalb","13-089-0002","AQS"
"08/24/2022","51","","South DeKalb","13-089-0002","AQS"
"08/25/2022","29","","South DeKalb","13-089-0002","AQS"
"08/26/2022","39","","South DeKalb","13-089-0002","AQS"
"08/27/2022","46","","South DeKalb","13-089-0002","AQS"
"08/28/2022","49","","South DeKalb","13-089-0002","AQS"
"08/29/2022","48","","South DeKalb","13-089-0002","AQS"
"08/30/2022","34","","NR-GA Tech","13-121-0056","AQS"
"08/31/2022","52","","South DeKalb","13-089-0002","AQS"
"09/01/2022","56","","United Avenue","13-121-0055","AQS"
"09/02/2022","45","","NR-GA Tech","13-121-0056","AQS"
"09/03/2022","36","","United Avenue","13-121-0055","AQS"
"09/04/2022","37","","United Avenue","13-121-0055","AQS"
"09/05/2022","34","","South DeKalb","13-089-0002","AQS"
"09/06/2022","54","","South DeKalb","13-089-0002","AQS"
"09/07/2022","55","","United Avenue","13-121-0055","AQS"
"09/08/2022","52","","United Avenue","13-121-0055","AQS"
"09/09/2022","47","","United Avenue","13-121-0055","AQS"
"09/10/2022","34","","United Avenue","13-121-0055","AQS"
"09/11/2022","34","","United Avenue","13-121-0055","AQS"
"09/12/2022","47","","South DeKalb","13-089-0002","AQS"
"09/13/2022","46","","United Avenue","13-121-0055","AQS"
"09/14/2022","57","","United Avenue","13-121-0055","AQS"
"09/15/2022","52","","United Avenue","13-121-0055","AQS"
"09/16/2022","57","","United Avenue","13-121-0055","AQS"
"09/17/2022","61","","United Avenue","13-121-0055","AQS"
"09/18/2022","63","","United Avenue","13-121-0055","AQS"
"09/19/2022","62","","United Avenue","13-121-0055","AQS"
"09/20/2022","67","","Forest Park","13-063-0091","AQS"
"09/21/2022","67","","United Avenue","13-121-0055","AQS"
"09/22/2022","62","","South DeKalb","13-089-0002","AQS"
"09/23/2022","47","","United Avenue","13-121-0055","AQS"
"09/24/2022","63","","United Avenue","13-121-0055","AQS"
"09/25/2022","54","","South DeKalb","13-089-0002","AQS"
"09/26/2022","49","","South DeKalb","13-089-0002","AQS"
"09/27/2022","28","","South DeKalb","13-089-0002","AQS"
"09/28/2022","38","","United Avenue","13-121-0055","AQS"
"09/29/2022","32","","United Avenue","13-121-0055","AQS"
"09/30/2022","28","","South DeKalb","13-089-0002","AQS"
"10/01/2022","37","","United Avenue","13-121-0055","AQS"
"10/02/2022","34","","United Avenue","13-121-0055","AQS"
"10/03/2022","36","","United Avenue","13-121-0055","AQS"
"10/04/2022","47","","United Avenue","13-121-0055","AQS"
"10/05/2022","47","","United Avenue","13-121-0055","AQS"
"10/06/2022","54","","United Avenue","13-121-0055","AQS"
"10/07/2022","62","","United Avenue","13-121-0055","AQS"
"10/08/2022","51","","United Avenue","13-121-0055","AQS"
"10/09/2022","58","","United Avenue","13-121-0055","AQS"
"10/10/2022","60","","South DeKalb","13-089-0002","AQS"
"10/11/2022","62","","United Avenue","13-121-0055","AQS"
"10/12/2022","63","","McDonough","13-151-0002","AQS"
"10/13/2022","49","","South DeKalb","13-089-0002","AQS"
"10/14/2022","57","","United Avenue","13-121-0055","AQS"
"10/15/2022","77","","United Avenue","13-121-0055","AQS"
"10/16/2022","68","","Gwinnett","13-135-0002","AQS"
"10/17/2022","60","","Gwinnett","13-135-0002","AQS"
"10/18/2022","33","","United Avenue","13-121-0055","AQS"
"10/19/2022","45","","United Avenue","13-121-0055","AQS"
"10/20/2022","53","","Forest Park","13-063-0091","AQS"
"10/21/2022","63","","United Avenue","13-121-0055","AQS"
"10/22/2022","70","","United Avenue","13-121-0055","AQS"
"10/23/2022","79","","United Avenue","13-121-0055","AQS"
"10/24/2022","69","","United Avenue","13-121-0055","AQS"
"10/25/2022","78","","Gwinnett","13-135-0002","AQS"
"10/26/2022","35","","South DeKalb","13-089-0002","AQS"
"10/27/2022","46","","United Avenue","13-121-0055","AQS"
"10/28/2022","51","","United Avenue","13-121-0055","AQS"
"10/29/2022","43","","United Avenue","13-121-0055","AQS"
"10/30/2022","30","","South DeKalb","13-089-0002","AQS"
"10/31/2022","52","","South DeKalb","13-089-0002","AQS"
"11/01/2022","59","","Gwinnett","13-135-0002","AQS"
"11/02/2022","59","","South DeKalb","13-089-0002","AQS"
"11/03/2022","63","","Gwinnett","13-135-0002","AQS"
"11/04/2022","61","","Gwinnett","13-135-0002","AQS"
"11/05/2022","52","","South DeKalb","13-089-0002","AQS"
"11/06/2022","53","","South DeKalb","13-089-0002","AQS"
"11/07/2022","51","","South DeKalb","13-089-0002","AQS"
"11/08/2022","51","","South DeKalb","13-089-0002","AQS"
"11/09/2022","37","","United Avenue","13-121-0055","AQS"
"11/10/2022","32","","United Avenue","13-121-0055","AQS"
"11/11/2022","22","","South DeKalb","13-089-0002","AQS"
"11/12/2022","43","","South DeKalb","13-089-0002","AQS"
"11/13/2022","34","","South DeKalb","13-089-0002","AQS"
"11/14/2022","37","","Gwinnett","13-135-0002","AQS"
"11/15/2022","41","","United Avenue","13-121-0055","AQS"
"11/16/2022","49","","South DeKalb","13-089-0002","AQS"
"11/17/2022","48","","South DeKalb","13-089-0002","AQS"
"11/18/2022","54","","NR-GA Tech","13-121-0056","AQS"
"11/19/2022","56","","South DeKalb","13-089-0002","AQS"
"11/20/2022","48","","Gwinnett","13-135-0002","AQS"
"11/21/2022","62","","Gwinnett","13-135-0002","AQS"
"11/22/2022","65","","Forest Park","13-063-0091","AQS"
"11/23/2022","67","","United Avenue","13-121-0055","AQS"
"11/24/2022","58","","South DeKalb","13-089-0002","AQS"
"11/25/2022","48","","Gwinnett","13-135-0002","AQS"
"11/26/2022","51","","South DeKalb","13-089-0002","AQS"
"11/27/2022","27","","United Avenue","13-121-0055","AQS"
"11/28/2022","52","","Gwinnett","13-135-0002","AQS"
"11/29/2022","57","","United Avenue","13-121-0055","AQS"
"11/30/2022","34","","United Avenue","13-121-0055","AQS"
"12/01/2022","38","","United Avenue","13-121-0055","AQS"
"12/02/2022","48","","United Avenue","13-121-0055","AQS"
"12/03/2022","55","","United Avenue","13-121-0055","AQS"
"12/04/2022","52","","South DeKalb","13-089-0002","AQS"
"12/05/2022","51","","United Avenue","13-121-0055","AQS"
"12/06/2022","45","","South DeKalb","13-089-0002","AQS"
"12/07/2022","55","","United Avenue","13-121-0055","AQS"
"12/08/2022","59","","United Avenue","13-121-0055","AQS"
"12/09/2022","54","","South DeKalb","13-089-0002","AQS"
"12/10/2022","42","","South DeKalb","13-089-0002","AQS"
"12/11/2022","33","","Gwinnett","13-135-0002","AQS"
"12/12/2022","46","","Gwinnett","13-135-0002","AQS"
"12/13/2022","57","","Gwinnett","13-135-0002","AQS"
"12/14/2022","51","","South DeKalb","13-089-0002","AQS"
"12/15/2022","23","","United Avenue","13-121-0055","AQS"
"12/16/2022","33","","United Avenue","13-121-0055","AQS"
"12/17/2022","37","","United Avenue","13-121-0055","AQS"
"12/18/2022","42","","United Avenue","13-121-0055","AQS"
"12/19/2022","51","","NR-GA Tech","13-121-0056","AQS"
"12/20/2022","54","","Gwinnett","13-135-0002","AQS"
"12/21/2022","52","","Gwinnett","13-135-0002","AQS"
"12/22/2022","47","","Gwinnett","13-135-0002","AQS"
"12/23/2022","32","","United Avenue","13-121-0055","AQS"
"12/24/2022","33","","United Avenue","13-121-0055","AQS"
"12/25/2022","29","","United Avenue","13-121-0055","AQS"
"12/26/2022","42","","United Avenue","13-121-0055","AQS"
"12/27/2022","57","","Gwinnett","13-135-0002","AQS"
"12/28/2022","75","","NR-GA Tech","13-121-0056","AQS"
"12/29/2022","67","","Gwinnett","13-135-0002","AQS"
"12/30/2022","63","","Gwinnett","13-135-0002","AQS"
"12/31/2022","56","","Gwinnett","13-135-0002","AQS"
"01/01/2023","63","","Gwinnett","13-135-0002","AQS"
"01/02/2023","61","","Gwinnett","13-135-0002","AQS"
"01/03/2023","51","","United Avenue","13-121-0055","AQS"
"01/04/2023","28","","United Avenue","13-121-0055","AQS"
"01/05/2023","36","","United Avenue","13-121-0055","AQS"
"01/06/2023","38","","United Avenue","13-121-0055","AQS"
"01/07/2023","58","","United Avenue","13-121-0055","AQS"
"01/08/2023","62","","Gwinnett","13-135-0002","AQS"
"01/09/2023","55","","Gwinnett","13-135-0002","AQS"
"01/10/2023","54","","Gwinnett","13-135-0002","AQS"
"01/11/2023","60","","Gwinnett","13-135-0002","AQS"
"01/12/2023","52","","Gwinnett","13-135-0002","AQS"
"01/13/2023","24","","United Avenue","13-121-0055","AQS"
"01/14/2023","29","","United Avenue","13-121-0055","AQS"
"01/15/2023","55","","NR-GA Tech","13-121-0056","AQS"
"01/16/2023","60","","United Avenue","13-121-0055","AQS"
"01/17/2023","51","","Gwinnett","13-135-0002","AQS"
"01/18/2023","54","","NR-GA Tech","13-121-0056","AQS"
"01/19/2023","41","","Gwinnett","13-135-0002","AQS"
"01/20/2023","32","","United Avenue","13-121-0055","AQS"
"01/21/2023","54","","NR-GA Tech","13-121-0056","AQS"
"01/22/2023","31","","Gwinnett","13-135-0002","AQS"
"01/23/2023","36","","United Avenue","13-121-0055","AQS"
"01/24/2023","48","","Fire Station #8","13-121-0039","AQS"
"01/25/2023","28","","United Avenue","13-121-0055","AQS"
"01/26/2023","36","","United Avenue","13-121-0055","AQS"
"01/27/2023","39","","Gwinnett","13-135-0002","AQS"
"01/28/2023","61","","Gwinnett","13-135-0002","AQS"
"01/29/2023","64","","Gwinnett","13-135-0002","AQS"
"01/30/2023","54","","NR-GA Tech","13-121-0056","AQS"
"01/31/2023","54","","NR-GA Tech","13-121-0056","AQS"
"02/01/2023","22","","South DeKalb","13-089-0002","AQS"
"02/02/2023","22","","South DeKalb","13-089-0002","AQS"
"02/03/2023","34","","South DeKalb","13-089-0002","AQS"
"02/04/2023","49","","Gwinnett","13-135-0002","AQS"
"02/05/2023","47","","Forest Park","13-063-0091","AQS"
"02/06/2023","48","","Gwinnett","13-135-0002","AQS"
"02/07/2023","67","","Gwinnett","13-135-0002","AQS"
"02/08/2023","81","","Gwinnett","13-135-0002","AQS"
"02/09/2023","57","","United Avenue","13-121-0055","AQS"
"02/10/2023","28","","United Avenue","13-121-0055","AQS"
"02/11/2023","28","","United Avenue","13-121-0055","AQS"
"02/12/2023","27","","United Avenue","13-121-0055","AQS"
"02/13/2023","39","","United Avenue","13-121-0055","AQS"
"02/14/2023","55","","NR-GA Tech","13-121-0056","AQS"
"02/15/2023","62","","United Avenue","13-121-0055","AQS"
"02/16/2023","66","","South DeKalb","13-089-0002","AQS"
"02/17/2023","29","","Gwinnett","13-135-0002","AQS"
"02/18/2023","45","","McDonough","13-151-0002","AQS"
"02/19/2023","51","","Gwinnett","13-135-0002","AQS"
"02/20/2023","58","","Gwinnett","13-135-0002","AQS"
"02/21/2023","53","","Gwinnett","13-135-0002","AQS"
"02/22/2023","56","","South DeKalb","13-089-0002","AQS"
"02/23/2023","56","","South DeKalb","13-089-0002","AQS"
"02/24/2023","55","","Gwinnett","13-135-0002","AQS"
"02/25/2023","55","","Gwinnett","13-135-0002","AQS"
"02/26/2023","45","","South DeKalb","13-089-0002","AQS"
"02/27/2023","58","","United Avenue","13-121-0055","AQS"
"02/28/2023","70","","South DeKalb","13-089-0002","AQS"
"03/01/2023","87","","United Avenue","13-121-0055","AQS"
"03/02/2023","36","","South DeKalb","13-089-0002","AQS"
"03/03/2023","55","","South DeKalb","13-089-0002","AQS"
"03/04/2023","22","","United Avenue","13-121-0055","AQS"
"03/05/2023","49","","United Avenue","13-121-0055","AQS"
"03/06/2023","74","","South DeKalb","13-089-0002","AQS"
"03/07/2023","77","","South DeKalb","13-089-0002","AQS"
"03/08/2023","58","","McDonough","13-151-0002","AQS"
"03/09/2023","74","","South DeKalb","13-089-0002","AQS"
"03/10/2023","65","","Gwinnett","13-135-0002","AQS"
"03/11/2023","32","","Gwinnett","13-135-0002","AQS"
"03/12/2023","53","","South DeKalb","13-089-0002","AQS"
"03/13/2023","30","","Gwinnett","13-135-0002","AQS"
"03/14/2023","36","","South DeKalb","13-089-0002","AQS"
"03/15/2023","41","","South DeKalb","13-089-0002","AQS"
"03/16/2023","91","","Gwinnett","13-135-0002","AQS"
"03/17/2023","72","","Gwinnett","13-135-0002","AQS"
"03/18/2023","24","","South DeKalb","13-089-0002","AQS"
"03/19/2023","30","","South DeKalb","13-089-0002","AQS"
"03/20/2023","43","","Gwinnett","13-135-0002","AQS"
"03/21/2023","94","","Gwinnett","13-135-0002","AQS"
"03/22/2023","82","","Gwinnett","13-135-0002","AQS"
"03/23/2023","70","","South DeKalb","13-089-0002","AQS"
"03/24/2023","67","","South DeKalb","13-089-0002","AQS"
"03/25/2023","66","","Fire Station #8","13-121-0039","AQS"
"03/26/2023","54","","Gwinnett","13-135-0002","AQS"
"03/27/2023","41","","South DeKalb","13-089-0002","AQS"
"03/28/2023","55","","South DeKalb","13-089-0002","AQS"
"03/29/2023","47","","South DeKalb","13-089-0002","AQS"
"03/30/2023","60","","NR-285","13-089-0003","AQS"
"03/31/2023","57","","NR-285","13-089-0003","AQS"
"04/01/2023","48","","South DeKalb","13-089-0002","AQS"
"04/02/2023","41","","NR-285","13-089-0003","AQS"
"04/03/2023","61","","NR-GA Tech","13-121-0056","AQS"
"04/04/2023","66","","South DeKalb","13-089-0002","AQS"
"04/05/2023","58","","Gwinnett","13-135-0002","AQS"
"04/06/2023","62","","Gwinnett","13-135-0002","AQS"
"04/07/2023","52","","South DeKalb","13-089-0002","AQS"
"04/08/2023","10","","Gwinnett","13-135-0002","AQS"
"04/09/2023","27","","NR-GA Tech","13-121-0056","AQS"
"04/10/2023","36","","Gwinnett","13-135-0002","AQS"
"04/11/2023","47","","South DeKalb","13-089-0002","AQS"
"04/12/2023","85","","Gwinnett","13-135-0002","AQS"
"04/13/2023","69","","Gwinnett","13-135-0002","AQS"
"04/14/2023","53","","Gwinnett","13-135-0002","AQS"
"04/15/2023","58","","South DeKalb","13-089-0002","AQS"
"04/16/2023","60","","McDonough","13-151-0002","AQS"
"04/17/2023","56","","Gwinnett","13-135-0002","AQS"
"04/18/2023","62","","Gwinnett","13-135-0002","AQS"
"04/19/2023","66","","Gwinnett","13-135-0002","AQS"
"04/20/2023","115","","Gwinnett","13-135-0002","AQS"
"04/21/2023","80","","Gwinnett","13-135-0002","AQS"
"04/22/2023","40","","South DeKalb","13-089-0002","AQS"
"04/23/2023","41","","South DeKalb","13-089-0002","AQS"
"04/24/2023","38","","NR-GA Tech","13-121-0056","AQS"
"04/25/2023","70","","South DeKalb","13-089-0002","AQS"
"04/26/2023","57","","South DeKalb","13-089-0002","AQS"
"04/27/2023","51","","NR-285","13-089-0003","AQS"
"04/28/2023","43","","South DeKalb","13-089-0002","AQS"
"04/29/2023","53","","South DeKalb","13-089-0002","AQS"
"04/30/2023","38","","NR-GA Tech","13-121-0056","AQS"
"05/01/2023","28","","South DeKalb","13-089-0002","AQS"
"05/02/2023","32","","NR-GA Tech","13-121-0056","AQS"
"05/03/2023","31","","Kennesaw","13-067-0003","AQS"
"05/04/2023","36","","NR-GA Tech","13-121-0056","AQS"
"05/05/2023","58","","NR-GA Tech","13-121-0056","AQS"
"05/06/2023","56","","NR-GA Tech","13-121-0056","AQS"
"05/07/2023","54","","Gwinnett","13-135-0002","AQS"
"05/08/2023","53","","South DeKalb","13-089-0002","AQS"
"05/09/2023","61","","South DeKalb","13-089-0002","AQS"
"05/10/2023","53","","South DeKalb","13-089-0002","AQS"
"05/11/2023","64","","McDonough","13-151-0002","AQS"
"05/12/2023","58","","United Avenue","13-121-0055","AQS"
"05/13/2023","55","","NR-GA Tech","13-121-0056","AQS"
"05/14/2023","56","","South DeKalb","13-089-0002","AQS"
"05/15/2023","56","","NR-285","13-089-0003","AQS"
"05/16/2023","56","","NR-285","13-089-0003","AQS"
"05/17/2023","51","","South DeKalb","13-089-0002","AQS"
"05/18/2023","53","","Gwinnett","13-135-0002","AQS"
"05/19/2023","49","","Gwinnett","13-135-0002","AQS"
"05/20/2023","35","","South DeKalb","13-089-0002","AQS"
"05/21/2023","31","","Kennesaw","13-067-0003","AQS"
"05/22/2023","65","","Gwinnett","13-135-0002","AQS"
"05/23/2023","69","","South DeKalb","13-089-0002","AQS"
"05/24/2023","70","","Gwinnett","13-135-0002","AQS"
"05/25/2023","63","","South DeKalb","13-089-0002","AQS"
"05/26/2023","61","","South DeKalb","13-089-0002","AQS"
"05/27/2023","34","","NR-285","13-089-0003","AQS"
"05/28/2023","27","","South DeKalb","13-089-0002","AQS"
"05/29/2023","53","","McDonough","13-151-0002","AQS"
"05/30/2023","53","","McDonough","13-151-0002","AQS"
"05/31/2023","54","","NR-285","13-089-0003","AQS"
"06/01/2023","51","","South DeKalb","13-089-0002","AQS"
"06/02/2023","53","","NR-285","13-089-0003","AQS"
"06/03/2023","64","","Gwinnett","13-135-0002","AQS"
"06/04/2023","63","","NR-285","13-089-0003","AQS"
"06/05/2023","68","","South DeKalb","13-089-0002","AQS"
"06/06/2023","68","","NR-285","13-089-0003","AQS"
"06/07/2023","75","","Gwinnett","13-135-0002","AQS"
"06/08/2023","79","","Gwinnett","13-135-0002","AQS"
"06/09/2023","84","","South DeKalb","13-089-0002","AQS"
"06/10/2023","88","","Gwinnett","13-135-0002","AQS"
"06/11/2023","67","","South DeKalb","13-089-0002","AQS"
"06/12/2023","50","","NR-GA Tech","13-121-0056","AQS"
"06/13/2023","64","","McDonough","13-151-0002","AQS"
"06/14/2023","52","","NR-285","13-089-0003","AQS"
"06/15/2023","39","","South DeKalb","13-089-0002","AQS"
"06/16/2023","52","","South DeKalb","13-089-0002","AQS"
"06/17/2023","70","","NR-285","13-089-0003","AQS"
"06/18/2023","82","","South DeKalb","13-089-0002","AQS"
"06/19/2023","43","","South DeKalb","13-089-0002","AQS"
"06/20/2023","47","","South DeKalb","13-089-0002","AQS"
"06/21/2023","24","","South DeKalb","13-089-0002","AQS"
"06/22/2023","31","","NR-GA Tech","13-121-0056","AQS"
"06/23/2023","47","","South DeKalb","13-089-0002","AQS"
"06/24/2023","61","","South DeKalb","13-089-0002","AQS"
"06/25/2023","70","","NR-285","13-089-0003","AQS"
"06/26/2023","51","","Forest Park","13-063-0091","AQS"
"06/27/2023","66","","South DeKalb","13-089-0002","AQS"
"06/28/2023","72","","South DeKalb","13-089-0002","AQS"
"06/29/2023","125","","Kennesaw","13-067-0003","AQS"
"06/30/2023","105","","NR-285","13-089-0003","AQS"
"07/01/2023","62","","NR-285","13-089-0003","AQS"
"07/02/2023","62","","NR-285","13-089-0003","AQS"
"07/03/2023","56","","NR-285","13-089-0003","AQS"
"07/04/2023","71","","NR-285","13-089-0003","AQS"
"07/05/2023","93","","NR-285","13-089-0003","AQS"
"07/06/2023","58","","NR-285","13-089-0003","AQS"
"07/07/2023","58","","NR-285","13-089-0003","AQS"
"07/08/2023","52","","NR-285","13-089-0003","AQS"
"07/09/2023","41","","McDonough","13-151-0002","AQS"
"07/10/2023","37","","NR-285","13-089-0003","AQS"
"07/11/2023","54","","Forest Park","13-063-0091","AQS"
"07/12/2023","62","","NR-285","13-089-0003","AQS"
"07/13/2023","57","","NR-285","13-089-0003","AQS"
"07/14/2023","53","","NR-285","13-089-0003","AQS"
"07/15/2023","60","","NR-285","13-089-0003","AQS"
"07/16/2023","60","","Gwinnett","13-135-0002","AQS"
"07/17/2023","124","","South DeKalb","13-089-0002","AQS"
"07/18/2023","153","","McDonough","13-151-0002","AQS"
"07/19/2023","55","","NR-285","13-089-0003","AQS"
"07/20/2023","65","","Forest Park","13-063-0091","AQS"
"07/21/2023","52","","NR-285","13-089-0003","AQS"
"07/22/2023","53","","NR-285","13-089-0003","AQS"
"07/23/2023","56","","NR-285","13-089-0003","AQS"
"07/24/2023","55","","South DeKalb","13-089-0002","AQS"
"07/25/2023","66","","NR-285","13-089-0003","AQS"
"07/26/2023","73","","NR-285","13-089-0003","AQS"
"07/27/2023","70","","NR-285","13-089-0003","AQS"
"07/28/2023","69","","NR-GA Tech","13-121-0056","AQS"
"07/29/2023","62","","South DeKalb","13-089-0002","AQS"
"07/30/2023","51","","South DeKalb","13-089-0002","AQS"
"07/31/2023","41","","South DeKalb","13-089-0002","AQS"
"08/01/2023","56","","McDonough","13-151-0002","AQS"
"08/02/2023","56","","McDonough","13-151-0002","AQS"
"08/03/2023","52","","NR-285","13-089-0003","AQS"
"08/04/2023","54","","NR-285","13-089-0003","AQS"
"08/05/2023","59","","NR-GA Tech","13-121-0056","AQS"
"08/06/2023","57","","NR-GA Tech","13-121-0056","AQS"
"08/07/2023","55","","NR-GA Tech","13-121-0056","AQS"
"08/08/2023","63","","NR-GA Tech","13-121-0056","AQS"
"08/09/2023","67","","NR-GA Tech","13-121-0056","AQS"
"08/10/2023","68","","NR-GA Tech","13-121-0056","AQS"
"08/11/2023","66","","NR-GA Tech","13-121-0056","AQS"
"08/12/2023","71","","NR-GA Tech","13-121-0056","AQS"
"08/13/2023","68","","NR-GA Tech","13-121-0056","AQS"
"08/14/2023","79","","NR-GA Tech","13-121-0056","AQS"
"08/15/2023","79","","NR-GA Tech","13-121-0056","AQS"
"08/16/2023","75","","NR-GA Tech","13-121-0056","AQS"
"08/17/2023","79","","NR-GA Tech","13-121-0056","AQS"
"08/18/2023","56","","McDonough","13-151-0002","AQS"
"08/19/2023","62","","McDonough","13-151-0002","AQS"
"08/20/2023","63","","NR-285","13-089-0003","AQS"
"08/21/2023","67","","NR-285","13-089-0003","AQS"
"08/22/2023","75","","NR-285","13-089-0003","AQS"
"08/23/2023","81","","NR-285","13-089-0003","AQS"
"08/24/2023","92","","NR-285","13-089-0003","AQS"
"08/25/2023","70","","Forest Park","13-063-0091","AQS"
"08/26/2023","60","","South DeKalb","13-089-0002","AQS"
"08/27/2023","57","","NR-285","13-089-0003","AQS"
"08/28/2023","48","","NR-GA Tech","13-121-0056","AQS"
"08/29/2023","47","","NR-285","13-089-0003","AQS"
"08/30/2023","36","","NR-GA Tech","13-121-0056","AQS"
"08/31/2023","56","","Kennesaw","13-067-0003","AQS"
"09/01/2023","53","","NR-285","13-089-0003","AQS"
"09/02/2023","43","","NR-GA Tech","13-121-0056","AQS"
"09/03/2023","53","","Kennesaw","13-067-0003","AQS"
"09/04/2023","59","","NR-285","13-089-0003","AQS"
"09/05/2023","64","","NR-285","13-089-0003","AQS"
"09/06/2023","63","","NR-285","13-089-0003","AQS"
"09/07/2023","59","","NR-285","13-089-0003","AQS"
"09/08/2023","64","","Gwinnett","13-135-0002","AQS"
"09/09/2023","58","","NR-GA Tech","13-121-0056","AQS"
"09/10/2023","49","","South DeKalb","13-089-0002","AQS"
"09/11/2023","55","","NR-GA Tech","13-121-0056","AQS"
"09/12/2023","57","","Kennesaw","13-067-0003","AQS"
"09/13/2023","64","","McDonough","13-151-0002","AQS"
"09/14/2023","62","","McDonough","13-151-0002","AQS"
"09/15/2023","55","","NR-285","13-089-0003","AQS"
"09/16/2023","47","","NR-GA Tech","13-121-0056","AQS"
"09/17/2023","52","","NR-285","13-089-0003","AQS"
"09/18/2023","57","","South DeKalb","13-089-0002","AQS"
"09/19/2023","53","","South DeKalb","13-089-0002","AQS"
"09/20/2023","57","","NR-285","13-089-0003","AQS"
"09/21/2023","61","","NR-285","13-089-0003","AQS"
"09/22/2023","61","","NR-285","13-089-0003","AQS"
"09/23/2023","58","","NR-285","13-089-0003","AQS"
"09/24/2023","53","","NR-285","13-089-0003","AQS"
"09/25/2023","58","","NR-285","13-089-0003","AQS"
"09/26/2023","60","","NR-285","13-089-0003","AQS"
"09/27/2023","57","","NR-285","13-089-0003","AQS"
"09/28/2023","39","","NR-GA Tech","13-121-0056","AQS"
"09/29/2023","52","","South DeKalb","13-089-0002","AQS"
"09/30/2023","59","","NR-GA Tech","13-121-0056","AQS"
"10/01/2023","52","","NR-GA Tech","13-121-0056","AQS"
"10/02/2023","56","","McDonough","13-151-0002","AQS"
"10/03/2023","54","","NR-GA Tech","13-121-0056","AQS"
"10/04/2023","59","","United Avenue","13-121-0055","AQS"
"10/05/2023","59","","NR-285","13-089-0003","AQS"
"10/06/2023","59","","NR-285","13-089-0003","AQS"
"10/07/2023","25","","South DeKalb","13-089-0002","AQS"
"10/08/2023","23","","NR-285","13-089-0003","AQS"
"10/09/2023","47","","Forest Park","13-063-0091","AQS"
"10/10/2023","52","","NR-285","13-089-0003","AQS"
"10/11/2023","73","","McDonough","13-151-0002","AQS"
"10/12/2023","33","","NR-285","13-089-0003","AQS"
"10/13/2023","52","","NR-285","13-089-0003","AQS"
"10/14/2023","43","","South DeKalb","13-089-0002","AQS"
"10/15/2023","13","","Forest Park","13-063-0091","AQS"
"10/16/2023","19","","McDonough","13-151-0002","AQS"
"10/17/2023","39","","NR-285","13-089-0003","AQS"
"10/18/2023","52","","South DeKalb","13-089-0002","AQS"
"10/19/2023","60","","NR-GA Tech","13-121-0056","AQS"
"10/20/2023","52","","South DeKalb","13-089-0002","AQS"
"10/21/2023","42","","United Avenue","13-121-0055","AQS"
"10/22/2023","49","","United Avenue","13-121-0055","AQS"
"10/23/2023","47","","NR-285","13-089-0003","AQS"
"10/24/2023","74","","South DeKalb","13-089-0002","AQS"
"10/25/2023","73","","South DeKalb","13-089-0002","AQS"
"10/26/2023","53","","McDonough","13-151-0002","AQS"
"10/27/2023","54","","Kennesaw","13-067-0003","AQS"
"10/28/2023","60","","Kennesaw","13-067-0003","AQS"
"10/29/2023","60","","Kennesaw","13-067-0003","AQS"
"10/30/2023","55","","Kennesaw","13-067-0003","AQS"
"10/31/2023","29","","Kennesaw","13-067-0003","AQS"
"11/01/2023","43","","Kennesaw","13-067-0003","AQS"
"11/02/2023","54","","Kennesaw","13-067-0003","AQS"
"11/03/2023","59","","Kennesaw","13-067-0003","AQS"
"11/04/2023","65","","Kennesaw","13-067-0003","AQS"
"11/05/2023","66","","Forest Park","13-063-0091","AQS"
"11/06/2023","74","","Kennesaw","13-067-0003","AQS"
"11/07/2023","77","","Gwinnett","13-135-0002","AQS"
"11/08/2023","72","","Gwinnett","13-135-0002","AQS"
"11/09/2023","66","","Gwinnett","13-135-0002","AQS"
"11/10/2023","70","","Kennesaw","13-067-0003","AQS"
"11/11/2023","53","","Fire Station #8","13-121-0039","AQS"
"11/12/2023","43","","Gwinnett","13-135-0002","AQS"
"11/13/2023","62","","Kennesaw","13-067-0003","AQS"
"11/14/2023","61","","Kennesaw","13-067-0003","AQS"
"11/15/2023","53","","NR-285","13-089-0003","AQS"
"11/16/2023","46","","NR-GA Tech","13-121-0056","AQS"
"11/17/2023","60","","NR-GA Tech","13-121-0056","AQS"
"11/18/2023","57","","Kennesaw","13-067-0003","AQS"
"11/19/2023","57","","Kennesaw","13-067-0003","AQS"
"11/20/2023","55","","McDonough","13-151-0002","AQS"
"11/21/2023","37","","McDonough","13-151-0002","AQS"
"11/22/2023","35","","Kennesaw","13-067-0003","AQS"
"11/23/2023","54","","Kennesaw","13-067-0003","AQS"
"11/24/2023","67","","Gwinnett","13-135-0002","AQS"
"11/25/2023","68","","Kennesaw","13-067-0003","AQS"
"11/26/2023","59","","Kennesaw","13-067-0003","AQS"
"11/27/2023","47","","Kennesaw","13-067-0003","AQS"
"11/28/2023","61","","Kennesaw","13-067-0003","AQS"
"11/29/2023","61","","Kennesaw","13-067-0003","AQS"
"11/30/2023","77","","Kennesaw","13-067-0003","AQS"
"12/01/2023","71","","Kennesaw","13-067-0003","AQS"
"12/02/2023","62","","South DeKalb","13-089-0002","AQS"
"12/03/2023","30","","Kennesaw","13-067-0003","AQS"
"12/04/2023","53","","Kennesaw","13-067-0003","AQS"
"12/05/2023","51","","Kennesaw","13-067-0003","AQS"
"12/06/2023","26","","NR-GA Tech","13-121-0056","AQS"
"12/07/2023","54","","Kennesaw","13-067-0003","AQS"
"12/08/2023","68","","Gwinnett","13-135-0002","AQS"
"12/09/2023","69","","Kennesaw","13-067-0003","AQS"
"12/10/2023","29","","Kennesaw","13-067-0003","AQS"
"12/11/2023","34","","Kennesaw","13-067-0003","AQS"
"12/12/2023","57","","Kennesaw","13-067-0003","AQS"
"12/13/2023","65","","NR-GA Tech","13-121-0056","AQS"
"12/14/2023","59","","Kennesaw","13-067-0003","AQS"
"12/15/2023","53","","Kennesaw","13-067-0003","AQS"
"12/16/2023","51","","Kennesaw","13-067-0003","AQS"
"12/17/2023","37","","Kennesaw","13-067-0003","AQS"
"12/18/2023","41","","Kennesaw","13-067-0003","AQS"
"12/19/2023","34","","Kennesaw","13-067-0003","AQS"
"12/20/2023","69","","Kennesaw","13-067-0003","AQS"
"12/21/2023","78","","Kennesaw","13-067-0003","AQS"
"12/22/2023","103","","Kennesaw","13-067-0003","AQS"
"12/23/2023","72","","Kennesaw","13-067-0003","AQS"
"12/24/2023","54","","Kennesaw","13-067-0003","AQS"
"12/25/2023","19","","Kennesaw","13-067-0003","AQS"
"12/26/2023","22","","South DeKalb","13-089-0002","AQS"
"12/27/2023","41","","Kennesaw","13-067-0003","AQS"
"12/28/2023","39","","Kennesaw","13-067-0003","AQS"
"12/29/2023","44","","Kennesaw","13-067-0003","AQS"
"12/30/2023","49","","Kennesaw","13-067-0003","AQS"
"12/31/2023","55","","Gwinnett","13-135-0002","AQS"
"01/01/2024","85","","Gwinnett","13-135-0002","AQS"
"01/02/2024","44","","Kennesaw","13-067-0003","AQS"
"01/03/2024","60","","Kennesaw","13-067-0003","AQS"
"01/04/2024","66","","Kennesaw","13-067-0003","AQS"
"01/05/2024","55","","Kennesaw","13-067-0003","AQS"
"01/06/2024","34","","Gwinnett","13-135-0002","AQS"
"01/07/2024","24","","NR-GA Tech","13-121-0056","AQS"
"01/08/2024","36","","NR-GA Tech","13-121-0056","AQS"
"01/09/2024","20","","Kennesaw","13-067-0003","AQS"
"01/10/2024","38","","Kennesaw","13-067-0003","AQS"
"01/11/2024","54","","Kennesaw","13-067-0003","AQS"
"01/12/2024","52","","NR-GA Tech","13-121-0056","AQS"
"01/13/2024","39","","Kennesaw","13-067-0003","AQS"
"01/14/2024","53","","Kennesaw","13-067-0003","AQS"
"01/15/2024","59","","Kennesaw","13-067-0003","AQS"
"01/16/2024","48","","Kennesaw","13-067-0003","AQS"
"01/17/2024","49","","Kennesaw","13-067-0003","AQS"
"01/18/2024","58","","Kennesaw","13-067-0003","AQS"
"01/19/2024","52","","Kennesaw","13-067-0003","AQS"
"01/20/2024","53","","Kennesaw","13-067-0003","AQS"
"01/21/2024","55","","Kennesaw","13-067-0003","AQS"
"01/22/2024","57","","Kennesaw","13-067-0003","AQS"
"01/23/2024","63","","Kennesaw","13-067-0003","AQS"
"01/24/2024","52","","NR-285","13-089-0003","AQS"
"01/25/2024","40","","NR-GA Tech","13-121-0056","AQS"
"01/26/2024","38","","Kennesaw","13-067-0003","AQS"
"01/27/2024","49","","NR-GA Tech","13-121-0056","AQS"
"01/28/2024","13","","Kennesaw","13-067-0003","AQS"
"01/29/2024","18","","Kennesaw","13-067-0003","AQS"
"01/30/2024","36","","Kennesaw","13-067-0003","AQS"
"01/31/2024","44","","Kennesaw","13-067-0003","AQS"
"02/01/2024","52","","Kennesaw","13-067-0003","AQS"
"02/02/2024","61","","Kennesaw","13-067-0003","AQS"
"02/03/2024","58","","Kennesaw","13-067-0003","AQS"
"02/04/2024","44","","Kennesaw","13-067-0003","AQS"
"02/05/2024","29","","NR-GA Tech","13-121-0056","AQS"
"02/06/2024","52","","Fire Station #8","13-121-0039","AQS"
"02/07/2024","58","","Kennesaw","13-067-0003","AQS"
"02/08/2024","63","","Kennesaw","13-067-0003","AQS"
"02/09/2024","69","","Kennesaw","13-067-0003","AQS"
"02/10/2024","61","","Gwinnett","13-135-0002","AQS"
"02/11/2024","28","","Kennesaw","13-067-0003","AQS"
"02/12/2024","22","","NR-GA Tech","13-121-0056","AQS"
"02/13/2024","31","","Kennesaw","13-067-0003","AQS"
"02/14/2024","44","","NR-GA Tech","13-121-0056","AQS"
"02/15/2024","65","","Kennesaw","13-067-0003","AQS"
"02/16/2024","81","","Kennesaw","13-067-0003","AQS"
"02/17/2024","40","","Kennesaw","13-067-0003","AQS"
"02/18/2024","47","","NR-GA Tech","13-121-0056","AQS"
"02/19/2024","61","","NR-GA Tech","13-121-0056","AQS"
"02/20/2024","76","","South DeKalb","13-089-0002","AQS"
"02/21/2024","83","","NR-GA Tech","13-121-0056","AQS"
"02/22/2024","90","","Forest Park","13-063-0091","AQS"
"02/23/2024","32","","NR-GA Tech","13-121-0056","AQS"
"02/24/2024","23","","NR-GA Tech","13-121-0056","AQS"
"02/25/2024","44","","Forest Park","13-063-0091","AQS"
"02/26/2024","80","","Forest Park","13-063-0091","AQS"
"02/27/2024","68","","McDonough","13-151-0002","AQS"
"02/28/2024","44","","NR-285","13-089-0003","AQS"
"02/29/2024","18","","Forest Park","13-063-0091","AQS"
"03/01/2024","33","","NR-GA Tech","13-121-0056","AQS"
"03/02/2024","38","","NR-285","13-089-0003","AQS"
"03/03/2024","46","","Kennesaw","13-067-0003","AQS"
"03/04/2024","46","","NR-GA Tech","13-121-0056","AQS"
"03/05/2024","55","","NR-285","13-089-0003","AQS"
"03/06/2024","19","","Forest Park","13-063-0091","AQS"
"03/07/2024","31","","NR-GA Tech","13-121-0056","AQS"
"03/08/2024","28","","NR-285","13-089-0003","AQS"
"03/09/2024","15","","NR-285","13-089-0003","AQS"
"03/10/2024","17","","Kennesaw","13-067-0003","AQS"
"03/11/2024","32","","Kennesaw","13-067-0003","AQS"
"03/12/2024","68","","Kennesaw","13-067-0003","AQS"
"03/13/2024","80","","Forest Park","13-063-0091","AQS"
"03/14/2024","96","","Forest Park","13-063-0091","AQS"
"03/15/2024","69","","NR-285","13-089-0003","AQS"
"03/16/2024","34","","Kennesaw","13-067-0003","AQS"
"03/17/2024","38","","Kennesaw","13-067-0003","AQS"
"03/18/2024","28","","Kennesaw","13-067-0003","AQS"
"03/19/2024","66","","Kennesaw","13-067-0003","AQS"
"03/20/2024","77","","Kennesaw","13-067-0003","AQS"
"03/21/2024","104","","Forest Park","13-063-0091","AQS"
"03/22/2024","74","","Gwinnett","13-135-0002","AQS"
"03/23/2024","52","","Kennesaw","13-067-0003","AQS"
"03/24/2024","43","","Gwinnett","13-135-0002","AQS"
"03/25/2024","56","","Forest Park","13-063-0091","AQS"
"03/26/2024","43","","Kennesaw","13-067-0003","AQS"
"03/27/2024","44","","NR-285","13-089-0003","AQS"
"03/28/2024","33","","NR-GA Tech","13-121-0056","AQS"
"03/29/2024","43","","NR-GA Tech","13-121-0056","AQS"
"03/30/2024","69","","Gwinnett","13-135-0002","AQS"
"03/31/2024","68","","Gwinnett","13-135-0002","AQS"
"04/01/2024","66","","Gwinnett","13-135-0002","AQS"
"04/02/2024","66","","Gwinnett","13-135-0002","AQS"
"04/03/2024","34","","Gwinnett","13-135-0002","AQS"
"04/04/2024","32","","Kennesaw","13-067-0003","AQS"
"04/05/2024","35","","Gwinnett","13-135-0002","AQS"
"04/06/2024","68","","Forest Park","13-063-0091","AQS"
"04/07/2024","128","","Forest Park","13-063-0091","AQS"
"04/08/2024","90","","Gwinnett","13-135-0002","AQS"
"04/09/2024","75","","Gwinnett","13-135-0002","AQS"
"04/10/2024","66","","Gwinnett","13-135-0002","AQS"
"04/11/2024","32","","NR-GA Tech","13-121-0056","AQS"
"04/12/2024","28","","NR-GA Tech","13-121-0056","AQS"
"04/13/2024","39","","NR-285","13-089-0003","AQS"
"04/14/2024","65","","Kennesaw","13-067-0003","AQS"
"04/15/2024","67","","Gwinnett","13-135-0002","AQS"
"04/16/2024","78","","Gwinnett","13-135-0002","AQS"
"04/17/2024","81","","Gwinnett","13-135-0002","AQS"
"04/18/2024","67","","Gwinnett","13-135-0002","AQS"
"04/19/2024","68","","Gwinnett","13-135-0002","AQS"
"04/20/2024","54","","NR-285","13-089-0003","AQS"
"04/21/2024","33","","Gwinnett","13-135-0002","AQS"
"04/22/2024","33","","McDonough","13-151-0002","AQS"
"04/23/2024","57","","Gwinnett","13-135-0002","AQS"
"04/24/2024","72","","Gwinnett","13-135-0002","AQS"
"04/25/2024","66","","Gwinnett","13-135-0002","AQS"
"04/26/2024","82","","Gwinnett","13-135-0002","AQS"
"04/27/2024","66","","Gwinnett","13-135-0002","AQS"
"04/28/2024","54","","Forest Park","13-063-0091","AQS"
"04/29/2024","57","","Gwinnett","13-135-0002","AQS"
"04/30/2024","54","","NR-285","13-089-0003","AQS"
"05/01/2024","50","","NR-285","13-089-0003","AQS"
"05/02/2024","58","","Gwinnett","13-135-0002","AQS"
"05/03/2024","65","","Gwinnett","13-135-0002","AQS"
"05/04/2024","56","","NR-285","13-089-0003","AQS"
"05/05/2024","53","","NR-285","13-089-0003","AQS"
"05/06/2024","59","","NR-285","13-089-0003","AQS"
"05/07/2024","57","","Gwinnett","13-135-0002","AQS"
"05/08/2024","58","","Gwinnett","13-135-0002","AQS"
"05/09/2024","38","","NR-GA Tech","13-121-0056","AQS"
"05/10/2024","43","","Gwinnett","13-135-0002","AQS"
"05/11/2024","38","","Gwinnett","13-135-0002","AQS"
"05/12/2024","60","","Gwinnett","13-135-0002","AQS"
"05/13/2024","64","","Gwinnett","13-135-0002","AQS"
"05/14/2024","41","","Gwinnett","13-135-0002","AQS"
"05/15/2024","52","","Gwinnett","13-135-0002","AQS"
"05/16/2024","51","","Gwinnett","13-135-0002","AQS"
"05/17/2024","56","","Gwinnett","13-135-0002","AQS"
"05/18/2024","46","","NR-285","13-089-0003","AQS"
"05/19/2024","34","","NR-285","13-089-0003","AQS"
"05/20/2024","44","","Gwinnett","13-135-0002","AQS"
"05/21/2024","59","","Gwinnett","13-135-0002","AQS"
"05/22/2024","64","","Gwinnett","13-135-0002","AQS"
"05/23/2024","68","","Gwinnett","13-135-0002","AQS"
"05/24/2024","63","","NR-285","13-089-0003","AQS"
"05/25/2024","62","","NR-285","13-089-0003","AQS"
"05/26/2024","70","","Gwinnett","13-135-0002","AQS"
"05/27/2024","58","","NR-285","13-089-0003","AQS"
"05/28/2024","58","","NR-285","13-089-0003","AQS"
"05/29/2024","44","","NR-285","13-089-0003","AQS"
"05/30/2024","35","","Gwinnett","13-135-0002","AQS"
"05/31/2024","51","","Gwinnett","13-135-0002","AQS"
"06/01/2024","54","","Gwinnett","13-135-0002","AQS"
"06/02/2024","53","","Gwinnett","13-135-0002","AQS"
"06/03/2024","53","","Gwinnett","13-135-0002","AQS"
"06/04/2024","52","","NR-285","13-089-0003","AQS"
"06/05/2024","54","","Gwinnett","13-135-0002","AQS"
"06/06/2024","53","","Gwinnett","13-135-0002","AQS"
"06/07/2024","47","","NR-285","13-089-0003","AQS"
"06/08/2024","51","","NR-GA Tech","13-121-0056","AQS"
"06/09/2024","60","","NR-285","13-089-0003","AQS"
"06/10/2024","55","","NR-285","13-089-0003","AQS"
"06/11/2024","51","","NR-285","13-089-0003","AQS"
"06/12/2024","65","","Gwinnett","13-135-0002","AQS"
"06/13/2024","72","","Gwinnett","13-135-0002","AQS"
"06/14/2024","77","","Gwinnett","13-135-0002","AQS"
"06/15/2024","80","","Gwinnett","13-135-0002","AQS"
"06/16/2024","76","","Gwinnett","13-135-0002","AQS"
"06/17/2024","63","","Gwinnett","13-135-0002","AQS"
"06/18/2024","58","","Gwinnett","13-135-0002","AQS"
"06/19/2024","54","","Gwinnett","13-135-0002","AQS"
"06/20/2024","60","","NR-285","13-089-0003","AQS"
"06/21/2024","61","","NR-285","13-089-0003","AQS"
"06/22/2024","61","","NR-285","13-089-0003","AQS"
"06/23/2024","64","","NR-285","13-089-0003","AQS"
"06/24/2024","63","","NR-285","13-089-0003","AQS"
"06/25/2024","57","","NR-285","13-089-0003","AQS"
"06/26/2024","64","","NR-285","13-089-0003","AQS"
"06/27/2024","73","","NR-285","13-089-0003","AQS"
"06/28/2024","75","","NR-285","13-089-0003","AQS"
"06/29/2024","69","","NR-285","13-089-0003","AQS"
"06/30/2024","74","","NR-285","13-089-0003","AQS"
"07/01/2024","69","","NR-285","13-089-0003","AQS"
"07/02/2024","55","","Gwinnett","13-135-0002","AQS"
"07/03/2024","52","","Gwinnett","13-135-0002","AQS"
"07/04/2024","63","","Gwinnett","13-135-0002","AQS"
"07/05/2024","70","","Gwinnett","13-135-0002","AQS"
"07/06/2024","40","","United Avenue","13-121-0055","AQS"
"07/07/2024","44","","Gwinnett","13-135-0002","AQS"
"07/08/2024","49","","NR-GA Tech","13-121-0056","AQS"
"07/09/2024","34","","Forest Park","13-063-0091","AQS"
"07/10/2024","26","","South DeKalb","13-089-0002","AQS"
"07/11/2024","39","","Forest Park","13-063-0091","AQS"
"07/12/2024","56","","Forest Park","13-063-0091","AQS"
"07/13/2024","64","","Gwinnett","13-135-0002","AQS"
"07/14/2024","73","","Gwinnett","13-135-0002","AQS"
"07/15/2024","71","","Gwinnett","13-135-0002","AQS"
"07/16/2024","55","","Gwinnett","13-135-0002","AQS"
"07/17/2024","54","","Gwinnett","13-135-0002","AQS"
"07/18/2024","52","","Gwinnett","13-135-0002","AQS"
"07/19/2024","48","","Gwinnett","13-135-0002","AQS"
"07/20/2024","32","","United Avenue","13-121-0055","AQS"
"07/21/2024","36","","United Avenue","13-121-0055","AQS"
"07/22/2024","35","","United Avenue","13-121-0055","AQS"
"07/23/2024","54","","United Avenue","13-121-0055","AQS"
"07/24/2024","52","","United Avenue","13-121-0055","AQS"
"07/25/2024","44","","United Avenue","13-121-0055","AQS"
"07/26/2024","49","","United Avenue","13-121-0055","AQS"
"07/27/2024","60","","Gwinnett","13-135-0002","AQS"
"07/28/2024","57","","United Avenue","13-121-0055","AQS"
"07/29/2024","48","","United Avenue","13-121-0055","AQS"
"07/30/2024","55","","United Avenue","13-121-0055","AQS"
"07/31/2024","56","","United Avenue","13-121-0055","AQS"
"08/01/2024","60","","United Avenue","13-121-0055","AQS"
"08/02/2024","88","","United Avenue","13-121-0055","AQS"
"08/03/2024","68","","United Avenue","13-121-0055","AQS"
"08/04/2024","64","","United Avenue","13-121-0055","AQS"
"08/05/2024","30","","United Avenue","13-121-0055","AQS"
"08/06/2024","51","","United Avenue","13-121-0055","AQS"
"08/07/2024","60","","Kennesaw","13-067-0003","AQS"
"08/08/2024","55","","Kennesaw","13-067-0003","AQS"
"08/09/2024","62","","United Avenue","13-121-0055","AQS"
"08/10/2024","59","","Gwinnett","13-135-0002","AQS"
"08/11/2024","61","","Gwinnett","13-135-0002","AQS"
"08/12/2024","56","","United Avenue","13-121-0055","AQS"
"08/13/2024","56","","United Avenue","13-121-0055","AQS"
"08/14/2024","62","","Gwinnett","13-135-0002","AQS"
"08/15/2024","64","","Gwinnett","13-135-0002","AQS"
"08/16/2024","66","","Gwinnett","13-135-0002","AQS"
"08/17/2024","54","","United Avenue","13-121-0055","AQS"
"08/18/2024","62","","Gwinnett","13-135-0002","AQS"
"08/19/2024","49","","Gwinnett","13-135-0002","AQS"
"08/20/2024","53","","Gwinnett","13-135-0002","AQS"
"08/21/2024","62","","McDonough","13-151-0002","AQS"
"08/22/2024","64","","Gwinnett","13-135-0002","AQS"
"08/23/2024","61","","Gwinnett","13-135-0002","AQS"
"08/24/2024","66","","Gwinnett","13-135-0002","AQS"
"08/25/2024","67","","Gwinnett","13-135-0002","AQS"
"08/26/2024","69","","Gwinnett","13-135-0002","AQS"
"08/27/2024","74","","Gwinnett","13-135-0002","AQS"
"08/28/2024","71","","Gwinnett","13-135-0002","AQS"
"08/29/2024","64","","Gwinnett","13-135-0002","AQS"
"08/30/2024","57","","Gwinnett","13-135-0002","AQS"
"08/31/2024","57","","United Avenue","13-121-0055","AQS"
"09/01/2024","55","","Gwinnett","13-135-0002","AQS"
"09/02/2024","48","","United Avenue","13-121-0055","AQS"
"09/03/2024","54","","Gwinnett","13-135-0002","AQS"
"09/04/2024","40","","Gwinnett","13-135-0002","AQS"
"09/05/2024","51","","United Avenue","13-121-0055","AQS"
"09/06/2024","53","","United Avenue","13-121-0055","AQS"
"09/07/2024","56","","Gwinnett","13-135-0002","AQS"
"09/08/2024","41","","United Avenue","13-121-0055","AQS"
"09/09/2024","55","","United Avenue","13-121-0055","AQS"
"09/10/2024","73","","Gwinnett","13-135-0002","AQS"
"09/11/2024","61","","Gwinnett","13-135-0002","AQS"
"09/12/2024","56","","United Avenue","13-121-0055","AQS"
"09/13/2024","58","","United Avenue","13-121-0055","AQS"
"09/14/2024","33","","United Avenue","13-121-0055","AQS"
"09/15/2024","49","","Gwinnett","13-135-0002","AQS"
"09/16/2024","56","","United Avenue","13-121-0055","AQS"
"09/17/2024","46","","United Avenue","13-121-0055","AQS"
"09/18/2024","51","","United Avenue","13-121-0055","AQS"
"09/19/2024","53","","United Avenue","13-121-0055","AQS"
"09/20/2024","56","","United Avenue","13-121-0055","AQS"
"09/21/2024","63","","Gwinnett","13-135-0002","AQS"
"09/22/2024","68","","Gwinnett","13-135-0002","AQS"
"09/23/2024","70","","Gwinnett","13-135-0002","AQS"
"09/24/2024","78","","Gwinnett","13-135-0002","AQS"
"09/25/2024","60","","United Avenue","13-121-0055","AQS"
"09/26/2024","24","","NR-GA Tech","13-121-0056","AQS"
"09/27/2024","30","","Gwinnett","13-135-0002","AQS"
"09/28/2024","56","","Gwinnett","13-135-0002","AQS"
"09/29/2024","51","","Gwinnett","13-135-0002","AQS"
"09/30/2024","67","","United Avenue","13-121-0055","AQS"
"10/01/2024","39","","United Avenue","13-121-0055","AQS"
"10/02/2024","52","","United Avenue","13-121-0055","AQS"
"10/03/2024","66","","United Avenue","13-121-0055","AQS"
"10/04/2024","61","","United Avenue","13-121-0055","AQS"
"10/05/2024","62","","United Avenue","13-121-0055","AQS"
"10/06/2024","64","","United Avenue","13-121-0055","AQS"
"10/07/2024","61","","United Avenue","13-121-0055","AQS"
"10/08/2024","57","","South DeKalb","13-089-0002","AQS"
"10/09/2024","63","","Gwinnett","13-135-0002","AQS"
"10/10/2024","57","","United Avenue","13-121-0055","AQS"
"10/11/2024","47","","South DeKalb","13-089-0002","AQS"
"10/12/2024","57","","Kennesaw","13-067-0003","AQS"
"10/13/2024","61","","Gwinnett","13-135-0002","AQS"
"10/14/2024","52","","McDonough","13-151-0002","AQS"
"10/15/2024","38","","Forest Park","13-063-0091","AQS"
"10/16/2024","18","","South DeKalb","13-089-0002","AQS"
"10/17/2024","32","","South DeKalb","13-089-0002","AQS"
"10/18/2024","51","","Fire Station #8","13-121-0039","AQS"
"10/19/2024","49","","Gwinnett","13-135-0002","AQS"
"10/20/2024","55","","South DeKalb","13-089-0002","AQS"
"10/21/2024","64","","NR-GA Tech","13-121-0056","AQS"
"10/22/2024","54","","Kennesaw","13-067-0003","AQS"
"10/23/2024","57","","Kennesaw","13-067-0003","AQS"
"10/24/2024","57","","Kennesaw","13-067-0003","AQS"
"10/25/2024","62","","McDonough","13-151-0002","AQS"
"10/26/2024","76","","United Avenue","13-121-0055","AQS"
"10/27/2024","65","","South DeKalb","13-089-0002","AQS"
"10/28/2024","56","","South DeKalb","13-089-0002","AQS"
"10/29/2024","54","","Kennesaw","13-067-0003","AQS"
"10/30/2024","53","","Gwinnett","13-135-0002","AQS"
"10/31/2024","57","","Gwinnett","13-135-0002","AQS"
"11/01/2024","52","","South DeKalb","13-089-0002","AQS"
"11/02/2024","54","","Forest Park","13-063-0091","AQS"
"11/03/2024","60","","South DeKalb","13-089-0002","AQS"
"11/04/2024","52","","South DeKalb","13-089-0002","AQS"
"11/05/2024","53","","South DeKalb","13-089-0002","AQS"
"11/06/2024","48","","South DeKalb","13-089-0002","AQS"
"11/07/2024","29","","Gwinnett","13-135-0002","AQS"
"11/08/2024","52","","NR-GA Tech","13-121-0056","AQS"
"11/09/2024","62","","NR-GA Tech","13-121-0056","AQS"
"11/10/2024","38","","NR-GA Tech","13-121-0056","AQS"
"11/11/2024","47","","United Avenue","13-121-0055","AQS"
"11/12/2024","53","","Gwinnett","13-135-0002","AQS"
"11/13/2024","42","","NR-GA Tech","13-121-0056","AQS"
"11/14/2024","38","","Forest Park","13-063-0091","AQS"
"11/15/2024","34","","NR-GA Tech","13-121-0056","AQS"
"11/16/2024","56","","Gwinnett","13-135-0002","AQS"
"11/17/2024","79","","Forest Park","13-063-0091","AQS"
"11/18/2024","75","","Gwinnett","13-135-0002","AQS"
"11/19/2024","54","","South DeKalb","13-089-0002","AQS"
"11/20/2024","31","","NR-GA Tech","13-121-0056","AQS"
"11/21/2024","24","","Kennesaw","13-067-0003","AQS"
"11/22/2024","18","","Kennesaw","13-067-0003","AQS"
"11/23/2024","35","","Kennesaw","13-067-0003","AQS"
"11/24/2024","58","","Kennesaw","13-067-0003","AQS"
"11/25/2024","78","","Gwinnett","13-135-0002","AQS"
"11/26/2024","56","","Gwinnett","13-135-0002","AQS"
"11/27/2024","76","","Gwinnett","13-135-0002","AQS"
"11/28/2024","38","","Gwinnett","13-135-0002","AQS"
"11/29/2024","44","","Kennesaw","13-067-0003","AQS"
"11/30/2024","34","","Kennesaw","13-067-0003","AQS"
"12/01/2024","55","","Kennesaw","13-067-0003","AQS"
"12/02/2024","39","","Gwinnett","13-135-0002","AQS"
"12/03/2024","52","","Kennesaw","13-067-0003","AQS"
"12/04/2024","60","","South DeKalb","13-089-0002","AQS"
"12/05/2024","53","","Gwinnett","13-135-0002","AQS"
"12/06/2024","32","","South DeKalb","13-089-0002","AQS"
"12/07/2024","34","","Kennesaw","13-067-0003","AQS"
"12/08/2024","63","","Fire Station #8","13-121-0039","AQS"
"12/09/2024","61","","Gwinnett","13-135-0002","AQS"
"12/10/2024","24","","South DeKalb","13-089-0002","AQS"
"12/11/2024","24","","Kennesaw","13-067-0003","AQS"
"12/12/2024","40","","Gwinnett","13-135-0002","AQS"
"12/13/2024","52","","South DeKalb","13-089-0002","AQS"
"12/14/2024","43","","Gwinnett","13-135-0002","AQS"
"12/15/2024","51","","South DeKalb","13-089-0002","AQS"
"12/16/2024","57","","South DeKalb","13-089-0002","AQS"
"12/17/2024","58","","Forest Park","13-063-0091","AQS"
"12/18/2024","55","","Gwinnett","13-135-0002","AQS"
"12/19/2024","33","","Kennesaw","13-067-0003","AQS"
"12/20/2024","49","","Kennesaw","13-067-0003","AQS"
"12/21/2024","51","","Kennesaw","13-067-0003","AQS"
"12/22/2024","51","","NR-GA Tech","13-121-0056","AQS"
"12/23/2024","54","","NR-GA Tech","13-121-0056","AQS"
"12/24/2024","68","","Gwinnett","13-135-0002","AQS"
"12/25/2024","89","","Gwinnett","13-135-0002","AQS"
"12/26/2024","53","","Gwinnett","13-135-0002","AQS"
"12/27/2024","59","","Gwinnett","13-135-0002","AQS"
"12/28/2024","29","","South DeKalb","13-089-0002","AQS"
"12/29/2024","21","","South DeKalb","13-089-0002","AQS"
"12/30/2024","54","","Gwinnett","13-135-0002","AQS"
"12/31/2024","31","","South DeKalb","13-089-0002","AQS"
