"Date","Carbon Monoxide AQI Value","Main Pollutant","Site Name","Site ID","Source"
"01/01/2000","34","","Not Available","13-089-1002","AQS"
"01/02/2000","14","","Not Available","13-089-1002","AQS"
"01/03/2000","20","","MONITOR LOCATED WITHIN PORTABLE INSTRUMENT SHELTER","13-121-0099","AQS"
"01/04/2000","8","","MONITOR LOCATED WITHIN PORTABLE INSTRUMENT SHELTER","13-121-0099","AQS"
"01/05/2000","24","","MONITOR LOCATED WITHIN PORTABLE INSTRUMENT SHELTER","13-121-0099","AQS"
"01/06/2000","24","","MONITOR LOCATED WITHIN PORTABLE INSTRUMENT SHELTER","13-121-0099","AQS"
"01/07/2000","25","","MONITOR LOCATED WITHIN PORTABLE INSTRUMENT SHELTER","13-121-0099","AQS"
"01/08/2000","17","","MONITOR LOCATED WITHIN PORTABLE INSTRUMENT SHELTER","13-121-0099","AQS"
"01/09/2000","20","","MONITOR LOCATED WITHIN PORTABLE INSTRUMENT SHELTER","13-121-0099","AQS"
"01/10/2000","17","","Not Available","13-089-1002","AQS"
"01/11/2000","24","","Not Available","13-089-1002","AQS"
"01/12/2000","32","","Not Available","13-089-1002","AQS"
"01/13/2000","17","","Not Available","13-089-1002","AQS"
"01/14/2000","9","","MONITOR LOCATED WITHIN PORTABLE INSTRUMENT SHELTER","13-121-0099","AQS"
"01/15/2000","24","","Not Available","13-089-1002","AQS"
"01/16/2000","26","","MONITOR LOCATED WITHIN PORTABLE INSTRUMENT SHELTER","13-121-0099","AQS"
"01/17/2000","17","","MONITOR LOCATED WITHIN PORTABLE INSTRUMENT SHELTER","13-121-0099","AQS"
"01/18/2000","16","","MONITOR LOCATED WITHIN PORTABLE INSTRUMENT SHELTER","13-121-0099","AQS"
"01/19/2000","22","","MONITOR LOCATED WITHIN PORTABLE INSTRUMENT SHELTER","13-121-0099","AQS"
"01/20/2000","14","","MONITOR LOCATED WITHIN PORTABLE INSTRUMENT SHELTER","13-121-0099","AQS"
"01/21/2000","6","","MONITOR LOCATED WITHIN PORTABLE INSTRUMENT SHELTER","13-121-0099","AQS"
"01/22/2000","15","","MONITOR LOCATED WITHIN PORTABLE INSTRUMENT SHELTER","13-121-0099","AQS"
"01/23/2000","8","","MONITOR LOCATED WITHIN PORTABLE INSTRUMENT SHELTER","13-121-0099","AQS"
"01/25/2000","0","","MONITOR LOCATED WITHIN PORTABLE INSTRUMENT SHELTER","13-121-0099","AQS"
"01/26/2000","6","","Not Available","13-089-1002","AQS"
"01/27/2000","17","","Not Available","13-089-1002","AQS"
"01/28/2000","18","","Not Available","13-089-1002","AQS"
"01/29/2000","7","","MONITOR LOCATED WITHIN PORTABLE INSTRUMENT SHELTER","13-121-0099","AQS"
"01/30/2000","6","","Not Available","13-089-1002","AQS"
"01/31/2000","7","","Not Available","13-089-1002","AQS"
"02/01/2000","10","","MONITOR LOCATED WITHIN PORTABLE INSTRUMENT SHELTER","13-121-0099","AQS"
"02/02/2000","17","","Not Available","13-089-1002","AQS"
"02/03/2000","36","","Not Available","13-089-1002","AQS"
"02/04/2000","10","","MONITOR LOCATED WITHIN PORTABLE INSTRUMENT SHELTER","13-121-0099","AQS"
"02/05/2000","7","","Not Available","13-089-1002","AQS"
"02/06/2000","14","","MONITOR LOCATED WITHIN PORTABLE INSTRUMENT SHELTER","13-121-0099","AQS"
"02/07/2000","18","","Not Available","13-089-1002","AQS"
"02/08/2000","28","","Not Available","13-089-1002","AQS"
"02/09/2000","23","","MONITOR LOCATED WITHIN PORTABLE INSTRUMENT SHELTER","13-121-0099","AQS"
"02/10/2000","38","","Not Available","13-089-1002","AQS"
"02/11/2000","10","","MONITOR LOCATED WITHIN PORTABLE INSTRUMENT SHELTER","13-121-0099","AQS"
"02/12/2000","14","","MONITOR LOCATED WITHIN PORTABLE INSTRUMENT SHELTER","13-121-0099","AQS"
"02/13/2000","14","","MONITOR LOCATED WITHIN PORTABLE INSTRUMENT SHELTER","13-121-0099","AQS"
"02/14/2000","15","","MONITOR LOCATED WITHIN PORTABLE INSTRUMENT SHELTER","13-121-0099","AQS"
"02/15/2000","26","","MONITOR LOCATED WITHIN PORTABLE INSTRUMENT SHELTER","13-121-0099","AQS"
"02/16/2000","26","","MONITOR LOCATED WITHIN PORTABLE INSTRUMENT SHELTER","13-121-0099","AQS"
"02/17/2000","18","","MONITOR LOCATED WITHIN PORTABLE INSTRUMENT SHELTER","13-121-0099","AQS"
"02/18/2000","23","","MONITOR LOCATED WITHIN PORTABLE INSTRUMENT SHELTER","13-121-0099","AQS"
"02/19/2000","24","","MONITOR LOCATED WITHIN PORTABLE INSTRUMENT SHELTER","13-121-0099","AQS"
"02/20/2000","5","","Not Available","13-089-1002","AQS"
"02/21/2000","19","","MONITOR LOCATED WITHIN PORTABLE INSTRUMENT SHELTER","13-121-0099","AQS"
"02/22/2000","22","","Not Available","13-089-1002","AQS"
"02/23/2000","17","","MONITOR LOCATED WITHIN PORTABLE INSTRUMENT SHELTER","13-121-0099","AQS"
"02/24/2000","23","","MONITOR LOCATED WITHIN PORTABLE INSTRUMENT SHELTER","13-121-0099","AQS"
"02/25/2000","25","","MONITOR LOCATED WITHIN PORTABLE INSTRUMENT SHELTER","13-121-0099","AQS"
"02/26/2000","23","","MONITOR LOCATED WITHIN PORTABLE INSTRUMENT SHELTER","13-121-0099","AQS"
"02/27/2000","10","","MONITOR LOCATED WITHIN PORTABLE INSTRUMENT SHELTER","13-121-0099","AQS"
"02/28/2000","10","","Not Available","13-089-1002","AQS"
"02/29/2000","20","","MONITOR LOCATED WITHIN PORTABLE INSTRUMENT SHELTER","13-121-0099","AQS"
"03/01/2000","20","","Not Available","13-089-1002","AQS"
"03/02/2000","9","","Not Available","13-089-1002","AQS"
"03/03/2000","14","","MONITOR LOCATED WITHIN PORTABLE INSTRUMENT SHELTER","13-121-0099","AQS"
"03/04/2000","11","","MONITOR LOCATED WITHIN PORTABLE INSTRUMENT SHELTER","13-121-0099","AQS"
"03/05/2000","13","","Not Available","13-089-1002","AQS"
"03/06/2000","23","","MONITOR LOCATED WITHIN PORTABLE INSTRUMENT SHELTER","13-121-0099","AQS"
"03/07/2000","26","","MONITOR LOCATED WITHIN PORTABLE INSTRUMENT SHELTER","13-121-0099","AQS"
"03/08/2000","20","","MONITOR LOCATED WITHIN PORTABLE INSTRUMENT SHELTER","13-121-0099","AQS"
"03/09/2000","19","","Not Available","13-089-1002","AQS"
"03/10/2000","18","","MONITOR LOCATED WITHIN PORTABLE INSTRUMENT SHELTER","13-121-0099","AQS"
"03/11/2000","17","","MONITOR LOCATED WITHIN PORTABLE INSTRUMENT SHELTER","13-121-0099","AQS"
"03/12/2000","6","","Not Available","13-089-1002","AQS"
"03/13/2000","16","","Not Available","13-089-1002","AQS"
"03/14/2000","22","","MONITOR LOCATED WITHIN PORTABLE INSTRUMENT SHELTER","13-121-0099","AQS"
"03/15/2000","18","","MONITOR LOCATED WITHIN PORTABLE INSTRUMENT SHELTER","13-121-0099","AQS"
"03/16/2000","16","","MONITOR LOCATED WITHIN PORTABLE INSTRUMENT SHELTER","13-121-0099","AQS"
"03/17/2000","9","","MONITOR LOCATED WITHIN PORTABLE INSTRUMENT SHELTER","13-121-0099","AQS"
"03/18/2000","10","","MONITOR LOCATED WITHIN PORTABLE INSTRUMENT SHELTER","13-121-0099","AQS"
"03/19/2000","8","","MONITOR LOCATED WITHIN PORTABLE INSTRUMENT SHELTER","13-121-0099","AQS"
"03/20/2000","8","","MONITOR LOCATED WITHIN PORTABLE INSTRUMENT SHELTER","13-121-0099","AQS"
"03/21/2000","14","","MONITOR LOCATED WITHIN PORTABLE INSTRUMENT SHELTER","13-121-0099","AQS"
"03/22/2000","16","","MONITOR LOCATED WITHIN PORTABLE INSTRUMENT SHELTER","13-121-0099","AQS"
"03/23/2000","17","","MONITOR LOCATED WITHIN PORTABLE INSTRUMENT SHELTER","13-121-0099","AQS"
"03/24/2000","20","","MONITOR LOCATED WITHIN PORTABLE INSTRUMENT SHELTER","13-121-0099","AQS"
"03/25/2000","22","","MONITOR LOCATED WITHIN PORTABLE INSTRUMENT SHELTER","13-121-0099","AQS"
"03/26/2000","10","","MONITOR LOCATED WITHIN PORTABLE INSTRUMENT SHELTER","13-121-0099","AQS"
"03/27/2000","13","","MONITOR LOCATED WITHIN PORTABLE INSTRUMENT SHELTER","13-121-0099","AQS"
"03/28/2000","8","","MONITOR LOCATED WITHIN PORTABLE INSTRUMENT SHELTER","13-121-0099","AQS"
"03/29/2000","16","","MONITOR LOCATED WITHIN PORTABLE INSTRUMENT SHELTER","13-121-0099","AQS"
"03/30/2000","18","","MONITOR LOCATED WITHIN PORTABLE INSTRUMENT SHELTER","13-121-0099","AQS"
"03/31/2000","22","","MONITOR LOCATED WITHIN PORTABLE INSTRUMENT SHELTER","13-121-0099","AQS"
"04/01/2000","23","","MONITOR LOCATED WITHIN PORTABLE INSTRUMENT SHELTER","13-121-0099","AQS"
"04/02/2000","15","","MONITOR LOCATED WITHIN PORTABLE INSTRUMENT SHELTER","13-121-0099","AQS"
"04/03/2000","17","","MONITOR LOCATED WITHIN PORTABLE INSTRUMENT SHELTER","13-121-0099","AQS"
"04/04/2000","6","","MONITOR LOCATED WITHIN PORTABLE INSTRUMENT SHELTER","13-121-0099","AQS"
"04/05/2000","9","","MONITOR LOCATED WITHIN PORTABLE INSTRUMENT SHELTER","13-121-0099","AQS"
"04/06/2000","8","","MONITOR LOCATED WITHIN PORTABLE INSTRUMENT SHELTER","13-121-0099","AQS"
"04/07/2000","10","","MONITOR LOCATED WITHIN PORTABLE INSTRUMENT SHELTER","13-121-0099","AQS"
"04/08/2000","8","","MONITOR LOCATED WITHIN PORTABLE INSTRUMENT SHELTER","13-121-0099","AQS"
"04/09/2000","8","","Not Available","13-089-1002","AQS"
"04/10/2000","20","","Not Available","13-089-1002","AQS"
"04/11/2000","19","","MONITOR LOCATED WITHIN PORTABLE INSTRUMENT SHELTER","13-121-0099","AQS"
"04/12/2000","17","","Not Available","13-089-1002","AQS"
"04/13/2000","9","","MONITOR LOCATED WITHIN PORTABLE INSTRUMENT SHELTER","13-121-0099","AQS"
"04/14/2000","16","","MONITOR LOCATED WITHIN PORTABLE INSTRUMENT SHELTER","13-121-0099","AQS"
"04/15/2000","14","","MONITOR LOCATED WITHIN PORTABLE INSTRUMENT SHELTER","13-121-0099","AQS"
"04/16/2000","23","","Not Available","13-089-1002","AQS"
"04/17/2000","14","","Not Available","13-089-1002","AQS"
"04/18/2000","5","","MONITOR LOCATED WITHIN PORTABLE INSTRUMENT SHELTER","13-121-0099","AQS"
"04/19/2000","14","","Not Available","13-089-1002","AQS"
"04/20/2000","20","","MONITOR LOCATED WITHIN PORTABLE INSTRUMENT SHELTER","13-121-0099","AQS"
"04/21/2000","7","","MONITOR LOCATED WITHIN PORTABLE INSTRUMENT SHELTER","13-121-0099","AQS"
"04/22/2000","8","","MONITOR LOCATED WITHIN PORTABLE INSTRUMENT SHELTER","13-121-0099","AQS"
"04/23/2000","16","","Not Available","13-089-1002","AQS"
"04/24/2000","15","","MONITOR LOCATED WITHIN PORTABLE INSTRUMENT SHELTER","13-121-0099","AQS"
"04/25/2000","9","","MONITOR LOCATED WITHIN PORTABLE INSTRUMENT SHELTER","13-121-0099","AQS"
"04/26/2000","14","","MONITOR LOCATED WITHIN PORTABLE INSTRUMENT SHELTER","13-121-0099","AQS"
"04/27/2000","11","","MONITOR LOCATED WITHIN PORTABLE INSTRUMENT SHELTER","13-121-0099","AQS"
"04/28/2000","6","","MONITOR LOCATED WITHIN PORTABLE INSTRUMENT SHELTER","13-121-0099","AQS"
"04/29/2000","8","","MONITOR LOCATED WITHIN PORTABLE INSTRUMENT SHELTER","13-121-0099","AQS"
"04/30/2000","9","","Not Available","13-089-1002","AQS"
"05/01/2000","16","","Not Available","13-089-1002","AQS"
"05/02/2000","11","","MONITOR LOCATED WITHIN PORTABLE INSTRUMENT SHELTER","13-121-0099","AQS"
"05/03/2000","17","","Not Available","13-089-1002","AQS"
"05/04/2000","15","","MONITOR LOCATED WITHIN PORTABLE INSTRUMENT SHELTER","13-121-0099","AQS"
"05/05/2000","17","","MONITOR LOCATED WITHIN PORTABLE INSTRUMENT SHELTER","13-121-0099","AQS"
"05/06/2000","18","","MONITOR LOCATED WITHIN PORTABLE INSTRUMENT SHELTER","13-121-0099","AQS"
"05/07/2000","16","","Not Available","13-089-1002","AQS"
"05/08/2000","17","","MONITOR LOCATED WITHIN PORTABLE INSTRUMENT SHELTER","13-121-0099","AQS"
"05/09/2000","11","","MONITOR LOCATED WITHIN PORTABLE INSTRUMENT SHELTER","13-121-0099","AQS"
"05/10/2000","10","","Not Available","13-089-1002","AQS"
"05/11/2000","15","","MONITOR LOCATED WITHIN PORTABLE INSTRUMENT SHELTER","13-121-0099","AQS"
"05/12/2000","11","","Not Available","13-089-1002","AQS"
"05/13/2000","13","","Not Available","13-089-1002","AQS"
"05/14/2000","5","","MONITOR LOCATED WITHIN PORTABLE INSTRUMENT SHELTER","13-121-0099","AQS"
"05/15/2000","10","","MONITOR LOCATED WITHIN PORTABLE INSTRUMENT SHELTER","13-121-0099","AQS"
"05/16/2000","15","","MONITOR LOCATED WITHIN PORTABLE INSTRUMENT SHELTER","13-121-0099","AQS"
"05/17/2000","15","","MONITOR LOCATED WITHIN PORTABLE INSTRUMENT SHELTER","13-121-0099","AQS"
"05/18/2000","16","","MONITOR LOCATED WITHIN PORTABLE INSTRUMENT SHELTER","13-121-0099","AQS"
"05/19/2000","10","","MONITOR LOCATED WITHIN PORTABLE INSTRUMENT SHELTER","13-121-0099","AQS"
"05/20/2000","15","","Not Available","13-089-1002","AQS"
"05/21/2000","8","","MONITOR LOCATED WITHIN PORTABLE INSTRUMENT SHELTER","13-121-0099","AQS"
"05/22/2000","8","","Not Available","13-089-1002","AQS"
"05/23/2000","14","","Not Available","13-089-1002","AQS"
"05/24/2000","8","","MONITOR LOCATED WITHIN PORTABLE INSTRUMENT SHELTER","13-121-0099","AQS"
"05/25/2000","10","","MONITOR LOCATED WITHIN PORTABLE INSTRUMENT SHELTER","13-121-0099","AQS"
"05/26/2000","18","","MONITOR LOCATED WITHIN PORTABLE INSTRUMENT SHELTER","13-121-0099","AQS"
"05/27/2000","19","","MONITOR LOCATED WITHIN PORTABLE INSTRUMENT SHELTER","13-121-0099","AQS"
"05/28/2000","11","","Not Available","13-089-1002","AQS"
"05/29/2000","5","","MONITOR LOCATED WITHIN PORTABLE INSTRUMENT SHELTER","13-121-0099","AQS"
"05/30/2000","11","","MONITOR LOCATED WITHIN PORTABLE INSTRUMENT SHELTER","13-121-0099","AQS"
"05/31/2000","13","","MONITOR LOCATED WITHIN PORTABLE INSTRUMENT SHELTER","13-121-0099","AQS"
"06/01/2000","22","","Not Available","13-089-1002","AQS"
"06/02/2000","17","","Not Available","13-089-1002","AQS"
"06/03/2000","11","","MONITOR LOCATED WITHIN PORTABLE INSTRUMENT SHELTER","13-121-0099","AQS"
"06/04/2000","10","","Not Available","13-089-1002","AQS"
"06/05/2000","14","","Not Available","13-089-1002","AQS"
"06/06/2000","8","","MONITOR LOCATED WITHIN PORTABLE INSTRUMENT SHELTER","13-121-0099","AQS"
"06/07/2000","13","","MONITOR LOCATED WITHIN PORTABLE INSTRUMENT SHELTER","13-121-0099","AQS"
"06/08/2000","15","","MONITOR LOCATED WITHIN PORTABLE INSTRUMENT SHELTER","13-121-0099","AQS"
"06/09/2000","18","","MONITOR LOCATED WITHIN PORTABLE INSTRUMENT SHELTER","13-121-0099","AQS"
"06/10/2000","15","","MONITOR LOCATED WITHIN PORTABLE INSTRUMENT SHELTER","13-121-0099","AQS"
"06/11/2000","14","","MONITOR LOCATED WITHIN PORTABLE INSTRUMENT SHELTER","13-121-0099","AQS"
"06/12/2000","13","","MONITOR LOCATED WITHIN PORTABLE INSTRUMENT SHELTER","13-121-0099","AQS"
"06/13/2000","10","","MONITOR LOCATED WITHIN PORTABLE INSTRUMENT SHELTER","13-121-0099","AQS"
"06/14/2000","10","","MONITOR LOCATED WITHIN PORTABLE INSTRUMENT SHELTER","13-121-0099","AQS"
"06/15/2000","10","","MONITOR LOCATED WITHIN PORTABLE INSTRUMENT SHELTER","13-121-0099","AQS"
"06/16/2000","14","","MONITOR LOCATED WITHIN PORTABLE INSTRUMENT SHELTER","13-121-0099","AQS"
"06/17/2000","11","","MONITOR LOCATED WITHIN PORTABLE INSTRUMENT SHELTER","13-121-0099","AQS"
"06/18/2000","8","","MONITOR LOCATED WITHIN PORTABLE INSTRUMENT SHELTER","13-121-0099","AQS"
"06/19/2000","13","","MONITOR LOCATED WITHIN PORTABLE INSTRUMENT SHELTER","13-121-0099","AQS"
"06/20/2000","13","","MONITOR LOCATED WITHIN PORTABLE INSTRUMENT SHELTER","13-121-0099","AQS"
"06/21/2000","11","","MONITOR LOCATED WITHIN PORTABLE INSTRUMENT SHELTER","13-121-0099","AQS"
"06/22/2000","7","","MONITOR LOCATED WITHIN PORTABLE INSTRUMENT SHELTER","13-121-0099","AQS"
"06/23/2000","13","","MONITOR LOCATED WITHIN PORTABLE INSTRUMENT SHELTER","13-121-0099","AQS"
"06/24/2000","14","","MONITOR LOCATED WITHIN PORTABLE INSTRUMENT SHELTER","13-121-0099","AQS"
"06/25/2000","14","","MONITOR LOCATED WITHIN PORTABLE INSTRUMENT SHELTER","13-121-0099","AQS"
"06/26/2000","10","","MONITOR LOCATED WITHIN PORTABLE INSTRUMENT SHELTER","13-121-0099","AQS"
"06/27/2000","10","","MONITOR LOCATED WITHIN PORTABLE INSTRUMENT SHELTER","13-121-0099","AQS"
"06/28/2000","16","","MONITOR LOCATED WITHIN PORTABLE INSTRUMENT SHELTER","13-121-0099","AQS"
"06/29/2000","13","","MONITOR LOCATED WITHIN PORTABLE INSTRUMENT SHELTER","13-121-0099","AQS"
"06/30/2000","13","","MONITOR LOCATED WITHIN PORTABLE INSTRUMENT SHELTER","13-121-0099","AQS"
"07/01/2000","13","","MONITOR LOCATED WITHIN PORTABLE INSTRUMENT SHELTER","13-121-0099","AQS"
"07/02/2000","13","","MONITOR LOCATED WITHIN PORTABLE INSTRUMENT SHELTER","13-121-0099","AQS"
"07/03/2000","11","","MONITOR LOCATED WITHIN PORTABLE INSTRUMENT SHELTER","13-121-0099","AQS"
"07/04/2000","7","","MONITOR LOCATED WITHIN PORTABLE INSTRUMENT SHELTER","13-121-0099","AQS"
"07/05/2000","11","","Not Available","13-089-1002","AQS"
"07/06/2000","7","","MONITOR LOCATED WITHIN PORTABLE INSTRUMENT SHELTER","13-121-0099","AQS"
"07/07/2000","9","","MONITOR LOCATED WITHIN PORTABLE INSTRUMENT SHELTER","13-121-0099","AQS"
"07/08/2000","15","","MONITOR LOCATED WITHIN PORTABLE INSTRUMENT SHELTER","13-121-0099","AQS"
"07/09/2000","14","","MONITOR LOCATED WITHIN PORTABLE INSTRUMENT SHELTER","13-121-0099","AQS"
"07/10/2000","10","","MONITOR LOCATED WITHIN PORTABLE INSTRUMENT SHELTER","13-121-0099","AQS"
"07/11/2000","11","","MONITOR LOCATED WITHIN PORTABLE INSTRUMENT SHELTER","13-121-0099","AQS"
"07/12/2000","13","","MONITOR LOCATED WITHIN PORTABLE INSTRUMENT SHELTER","13-121-0099","AQS"
"07/13/2000","15","","MONITOR LOCATED WITHIN PORTABLE INSTRUMENT SHELTER","13-121-0099","AQS"
"07/14/2000","13","","MONITOR LOCATED WITHIN PORTABLE INSTRUMENT SHELTER","13-121-0099","AQS"
"07/15/2000","10","","Not Available","13-089-1002","AQS"
"07/16/2000","14","","Not Available","13-089-1002","AQS"
"07/17/2000","8","","MONITOR LOCATED WITHIN PORTABLE INSTRUMENT SHELTER","13-121-0099","AQS"
"07/18/2000","16","","MONITOR LOCATED WITHIN PORTABLE INSTRUMENT SHELTER","13-121-0099","AQS"
"07/19/2000","16","","Not Available","13-089-1002","AQS"
"07/20/2000","8","","MONITOR LOCATED WITHIN PORTABLE INSTRUMENT SHELTER","13-121-0099","AQS"
"07/21/2000","8","","MONITOR LOCATED WITHIN PORTABLE INSTRUMENT SHELTER","13-121-0099","AQS"
"07/22/2000","8","","MONITOR LOCATED WITHIN PORTABLE INSTRUMENT SHELTER","13-121-0099","AQS"
"07/23/2000","10","","MONITOR LOCATED WITHIN PORTABLE INSTRUMENT SHELTER","13-121-0099","AQS"
"07/24/2000","16","","MONITOR LOCATED WITHIN PORTABLE INSTRUMENT SHELTER","13-121-0099","AQS"
"07/25/2000","14","","MONITOR LOCATED WITHIN PORTABLE INSTRUMENT SHELTER","13-121-0099","AQS"
"07/26/2000","15","","MONITOR LOCATED WITHIN PORTABLE INSTRUMENT SHELTER","13-121-0099","AQS"
"07/27/2000","17","","MONITOR LOCATED WITHIN PORTABLE INSTRUMENT SHELTER","13-121-0099","AQS"
"07/28/2000","17","","MONITOR LOCATED WITHIN PORTABLE INSTRUMENT SHELTER","13-121-0099","AQS"
"07/29/2000","14","","MONITOR LOCATED WITHIN PORTABLE INSTRUMENT SHELTER","13-121-0099","AQS"
"07/30/2000","16","","MONITOR LOCATED WITHIN PORTABLE INSTRUMENT SHELTER","13-121-0099","AQS"
"07/31/2000","16","","MONITOR LOCATED WITHIN PORTABLE INSTRUMENT SHELTER","13-121-0099","AQS"
"08/01/2000","16","","MONITOR LOCATED WITHIN PORTABLE INSTRUMENT SHELTER","13-121-0099","AQS"
"08/02/2000","16","","MONITOR LOCATED WITHIN PORTABLE INSTRUMENT SHELTER","13-121-0099","AQS"
"08/03/2000","13","","MONITOR LOCATED WITHIN PORTABLE INSTRUMENT SHELTER","13-121-0099","AQS"
"08/04/2000","11","","MONITOR LOCATED WITHIN PORTABLE INSTRUMENT SHELTER","13-121-0099","AQS"
"08/05/2000","13","","Not Available","13-089-1002","AQS"
"08/06/2000","13","","Not Available","13-089-1002","AQS"
"08/07/2000","10","","MONITOR LOCATED WITHIN PORTABLE INSTRUMENT SHELTER","13-121-0099","AQS"
"08/08/2000","7","","MONITOR LOCATED WITHIN PORTABLE INSTRUMENT SHELTER","13-121-0099","AQS"
"08/09/2000","8","","MONITOR LOCATED WITHIN PORTABLE INSTRUMENT SHELTER","13-121-0099","AQS"
"08/10/2000","13","","MONITOR LOCATED WITHIN PORTABLE INSTRUMENT SHELTER","13-121-0099","AQS"
"08/11/2000","9","","MONITOR LOCATED WITHIN PORTABLE INSTRUMENT SHELTER","13-121-0099","AQS"
"08/12/2000","7","","MONITOR LOCATED WITHIN PORTABLE INSTRUMENT SHELTER","13-121-0099","AQS"
"08/13/2000","7","","Not Available","13-089-1002","AQS"
"08/14/2000","11","","MONITOR LOCATED WITHIN PORTABLE INSTRUMENT SHELTER","13-121-0099","AQS"
"08/15/2000","16","","Not Available","13-089-1002","AQS"
"08/16/2000","18","","Not Available","13-089-1002","AQS"
"08/17/2000","20","","Not Available","13-089-1002","AQS"
"08/18/2000","17","","MONITOR LOCATED WITHIN PORTABLE INSTRUMENT SHELTER","13-121-0099","AQS"
"08/19/2000","11","","MONITOR LOCATED WITHIN PORTABLE INSTRUMENT SHELTER","13-121-0099","AQS"
"08/20/2000","11","","MONITOR LOCATED WITHIN PORTABLE INSTRUMENT SHELTER","13-121-0099","AQS"
"08/21/2000","11","","MONITOR LOCATED WITHIN PORTABLE INSTRUMENT SHELTER","13-121-0099","AQS"
"08/22/2000","15","","MONITOR LOCATED WITHIN PORTABLE INSTRUMENT SHELTER","13-121-0099","AQS"
"08/23/2000","14","","MONITOR LOCATED WITHIN PORTABLE INSTRUMENT SHELTER","13-121-0099","AQS"
"08/24/2000","11","","MONITOR LOCATED WITHIN PORTABLE INSTRUMENT SHELTER","13-121-0099","AQS"
"08/25/2000","8","","Not Available","13-089-1002","AQS"
"08/26/2000","14","","Not Available","13-089-1002","AQS"
"08/27/2000","16","","Not Available","13-089-1002","AQS"
"08/28/2000","11","","MONITOR LOCATED WITHIN PORTABLE INSTRUMENT SHELTER","13-121-0099","AQS"
"08/29/2000","13","","MONITOR LOCATED WITHIN PORTABLE INSTRUMENT SHELTER","13-121-0099","AQS"
"08/30/2000","13","","MONITOR LOCATED WITHIN PORTABLE INSTRUMENT SHELTER","13-121-0099","AQS"
"08/31/2000","10","","MONITOR LOCATED WITHIN PORTABLE INSTRUMENT SHELTER","13-121-0099","AQS"
"09/01/2000","19","","MONITOR LOCATED WITHIN PORTABLE INSTRUMENT SHELTER","13-121-0099","AQS"
"09/02/2000","13","","MONITOR LOCATED WITHIN PORTABLE INSTRUMENT SHELTER","13-121-0099","AQS"
"09/03/2000","11","","MONITOR LOCATED WITHIN PORTABLE INSTRUMENT SHELTER","13-121-0099","AQS"
"09/04/2000","8","","Not Available","13-089-1002","AQS"
"09/05/2000","10","","MONITOR LOCATED WITHIN PORTABLE INSTRUMENT SHELTER","13-121-0099","AQS"
"09/06/2000","8","","MONITOR LOCATED WITHIN PORTABLE INSTRUMENT SHELTER","13-121-0099","AQS"
"09/07/2000","11","","MONITOR LOCATED WITHIN PORTABLE INSTRUMENT SHELTER","13-121-0099","AQS"
"09/08/2000","16","","MONITOR LOCATED WITHIN PORTABLE INSTRUMENT SHELTER","13-121-0099","AQS"
"09/09/2000","15","","MONITOR LOCATED WITHIN PORTABLE INSTRUMENT SHELTER","13-121-0099","AQS"
"09/10/2000","11","","MONITOR LOCATED WITHIN PORTABLE INSTRUMENT SHELTER","13-121-0099","AQS"
"09/11/2000","17","","MONITOR LOCATED WITHIN PORTABLE INSTRUMENT SHELTER","13-121-0099","AQS"
"09/12/2000","17","","MONITOR LOCATED WITHIN PORTABLE INSTRUMENT SHELTER","13-121-0099","AQS"
"09/13/2000","15","","Not Available","13-089-1002","AQS"
"09/14/2000","13","","MONITOR LOCATED WITHIN PORTABLE INSTRUMENT SHELTER","13-121-0099","AQS"
"09/15/2000","7","","MONITOR LOCATED WITHIN PORTABLE INSTRUMENT SHELTER","13-121-0099","AQS"
"09/16/2000","8","","MONITOR LOCATED WITHIN PORTABLE INSTRUMENT SHELTER","13-121-0099","AQS"
"09/17/2000","8","","MONITOR LOCATED WITHIN PORTABLE INSTRUMENT SHELTER","13-121-0099","AQS"
"09/18/2000","11","","MONITOR LOCATED WITHIN PORTABLE INSTRUMENT SHELTER","13-121-0099","AQS"
"09/19/2000","11","","MONITOR LOCATED WITHIN PORTABLE INSTRUMENT SHELTER","13-121-0099","AQS"
"09/20/2000","17","","MONITOR LOCATED WITHIN PORTABLE INSTRUMENT SHELTER","13-121-0099","AQS"
"09/21/2000","13","","MONITOR LOCATED WITHIN PORTABLE INSTRUMENT SHELTER","13-121-0099","AQS"
"09/22/2000","14","","MONITOR LOCATED WITHIN PORTABLE INSTRUMENT SHELTER","13-121-0099","AQS"
"09/23/2000","10","","Not Available","13-089-1002","AQS"
"09/24/2000","15","","Not Available","13-089-1002","AQS"
"09/25/2000","10","","MONITOR LOCATED WITHIN PORTABLE INSTRUMENT SHELTER","13-121-0099","AQS"
"09/26/2000","2","","MONITOR LOCATED WITHIN PORTABLE INSTRUMENT SHELTER","13-121-0099","AQS"
"09/27/2000","13","","MONITOR LOCATED WITHIN PORTABLE INSTRUMENT SHELTER","13-121-0099","AQS"
"09/28/2000","15","","MONITOR LOCATED WITHIN PORTABLE INSTRUMENT SHELTER","13-121-0099","AQS"
"09/29/2000","13","","MONITOR LOCATED WITHIN PORTABLE INSTRUMENT SHELTER","13-121-0099","AQS"
"09/30/2000","9","","MONITOR LOCATED WITHIN PORTABLE INSTRUMENT SHELTER","13-121-0099","AQS"
"10/01/2000","9","","MONITOR LOCATED WITHIN PORTABLE INSTRUMENT SHELTER","13-121-0099","AQS"
"10/02/2000","18","","MONITOR LOCATED WITHIN PORTABLE INSTRUMENT SHELTER","13-121-0099","AQS"
"10/03/2000","17","","MONITOR LOCATED WITHIN PORTABLE INSTRUMENT SHELTER","13-121-0099","AQS"
"10/04/2000","17","","MONITOR LOCATED WITHIN PORTABLE INSTRUMENT SHELTER","13-121-0099","AQS"
"10/05/2000","20","","MONITOR LOCATED WITHIN PORTABLE INSTRUMENT SHELTER","13-121-0099","AQS"
"10/06/2000","14","","Not Available","13-089-1002","AQS"
"10/07/2000","2","","MONITOR LOCATED WITHIN PORTABLE INSTRUMENT SHELTER","13-121-0099","AQS"
"10/08/2000","1","","MONITOR LOCATED WITHIN PORTABLE INSTRUMENT SHELTER","13-121-0099","AQS"
"10/09/2000","2","","MONITOR LOCATED WITHIN PORTABLE INSTRUMENT SHELTER","13-121-0099","AQS"
"10/10/2000","10","","MONITOR LOCATED WITHIN PORTABLE INSTRUMENT SHELTER","13-121-0099","AQS"
"10/11/2000","19","","MONITOR LOCATED WITHIN PORTABLE INSTRUMENT SHELTER","13-121-0099","AQS"
"10/12/2000","20","","MONITOR LOCATED WITHIN PORTABLE INSTRUMENT SHELTER","13-121-0099","AQS"
"10/13/2000","25","","MONITOR LOCATED WITHIN PORTABLE INSTRUMENT SHELTER","13-121-0099","AQS"
"10/14/2000","33","","Not Available","13-089-1002","AQS"
"10/15/2000","27","","Not Available","13-089-1002","AQS"
"10/16/2000","17","","Not Available","13-089-1002","AQS"
"10/17/2000","27","","MONITOR LOCATED WITHIN PORTABLE INSTRUMENT SHELTER","13-121-0099","AQS"
"10/18/2000","19","","Not Available","13-089-1002","AQS"
"10/19/2000","17","","MONITOR LOCATED WITHIN PORTABLE INSTRUMENT SHELTER","13-121-0099","AQS"
"10/20/2000","18","","MONITOR LOCATED WITHIN PORTABLE INSTRUMENT SHELTER","13-121-0099","AQS"
"10/21/2000","17","","MONITOR LOCATED WITHIN PORTABLE INSTRUMENT SHELTER","13-121-0099","AQS"
"10/22/2000","18","","MONITOR LOCATED WITHIN PORTABLE INSTRUMENT SHELTER","13-121-0099","AQS"
"10/23/2000","18","","Not Available","13-089-1002","AQS"
"10/24/2000","18","","Not Available","13-089-1002","AQS"
"10/25/2000","27","","MONITOR LOCATED WITHIN PORTABLE INSTRUMENT SHELTER","13-121-0099","AQS"
"10/26/2000","17","","MONITOR LOCATED WITHIN PORTABLE INSTRUMENT SHELTER","13-121-0099","AQS"
"10/27/2000","25","","MONITOR LOCATED WITHIN PORTABLE INSTRUMENT SHELTER","13-121-0099","AQS"
"10/28/2000","13","","MONITOR LOCATED WITHIN PORTABLE INSTRUMENT SHELTER","13-121-0099","AQS"
"10/29/2000","16","","MONITOR LOCATED WITHIN PORTABLE INSTRUMENT SHELTER","13-121-0099","AQS"
"10/30/2000","24","","Not Available","13-089-1002","AQS"
"10/31/2000","16","","MONITOR LOCATED WITHIN PORTABLE INSTRUMENT SHELTER","13-121-0099","AQS"
"11/01/2000","22","","Not Available","13-089-1002","AQS"
"11/02/2000","25","","Not Available","13-089-1002","AQS"
"11/03/2000","33","","Not Available","13-089-1002","AQS"
"11/04/2000","13","","MONITOR LOCATED WITHIN PORTABLE INSTRUMENT SHELTER","13-121-0099","AQS"
"11/05/2000","18","","MONITOR LOCATED WITHIN PORTABLE INSTRUMENT SHELTER","13-121-0099","AQS"
"11/06/2000","18","","MONITOR LOCATED WITHIN PORTABLE INSTRUMENT SHELTER","13-121-0099","AQS"
"11/07/2000","18","","MONITOR LOCATED WITHIN PORTABLE INSTRUMENT SHELTER","13-121-0099","AQS"
"11/08/2000","19","","MONITOR LOCATED WITHIN PORTABLE INSTRUMENT SHELTER","13-121-0099","AQS"
"11/09/2000","15","","MONITOR LOCATED WITHIN PORTABLE INSTRUMENT SHELTER","13-121-0099","AQS"
"11/10/2000","5","","MONITOR LOCATED WITHIN PORTABLE INSTRUMENT SHELTER","13-121-0099","AQS"
"11/11/2000","14","","MONITOR LOCATED WITHIN PORTABLE INSTRUMENT SHELTER","13-121-0099","AQS"
"11/12/2000","19","","MONITOR LOCATED WITHIN PORTABLE INSTRUMENT SHELTER","13-121-0099","AQS"
"11/13/2000","24","","MONITOR LOCATED WITHIN PORTABLE INSTRUMENT SHELTER","13-121-0099","AQS"
"11/14/2000","10","","Not Available","13-089-1002","AQS"
"11/15/2000","17","","Not Available","13-089-1002","AQS"
"11/16/2000","27","","Not Available","13-089-1002","AQS"
"11/17/2000","13","","MONITOR LOCATED WITHIN PORTABLE INSTRUMENT SHELTER","13-121-0099","AQS"
"11/18/2000","11","","MONITOR LOCATED WITHIN PORTABLE INSTRUMENT SHELTER","13-121-0099","AQS"
"11/19/2000","11","","MONITOR LOCATED WITHIN PORTABLE INSTRUMENT SHELTER","13-121-0099","AQS"
"11/20/2000","9","","MONITOR LOCATED WITHIN PORTABLE INSTRUMENT SHELTER","13-121-0099","AQS"
"11/21/2000","5","","MONITOR LOCATED WITHIN PORTABLE INSTRUMENT SHELTER","13-121-0099","AQS"
"11/22/2000","10","","MONITOR LOCATED WITHIN PORTABLE INSTRUMENT SHELTER","13-121-0099","AQS"
"11/23/2000","14","","MONITOR LOCATED WITHIN PORTABLE INSTRUMENT SHELTER","13-121-0099","AQS"
"11/24/2000","16","","MONITOR LOCATED WITHIN PORTABLE INSTRUMENT SHELTER","13-121-0099","AQS"
"11/25/2000","13","","MONITOR LOCATED WITHIN PORTABLE INSTRUMENT SHELTER","13-121-0099","AQS"
"11/26/2000","13","","MONITOR LOCATED WITHIN PORTABLE INSTRUMENT SHELTER","13-121-0099","AQS"
"11/27/2000","14","","MONITOR LOCATED WITHIN PORTABLE INSTRUMENT SHELTER","13-121-0099","AQS"
"11/28/2000","19","","Not Available","13-089-1002","AQS"
"11/29/2000","26","","Not Available","13-089-1002","AQS"
"11/30/2000","13","","MONITOR LOCATED WITHIN PORTABLE INSTRUMENT SHELTER","13-121-0099","AQS"
"12/01/2000","23","","MONITOR LOCATED WITHIN PORTABLE INSTRUMENT SHELTER","13-121-0099","AQS"
"12/02/2000","24","","MONITOR LOCATED WITHIN PORTABLE INSTRUMENT SHELTER","13-121-0099","AQS"
"12/03/2000","9","","MONITOR LOCATED WITHIN PORTABLE INSTRUMENT SHELTER","13-121-0099","AQS"
"12/04/2000","20","","Not Available","13-089-1002","AQS"
"12/05/2000","28","","Not Available","13-089-1002","AQS"
"12/06/2000","11","","MONITOR LOCATED WITHIN PORTABLE INSTRUMENT SHELTER","13-121-0099","AQS"
"12/07/2000","18","","Not Available","13-089-1002","AQS"
"12/08/2000","35","","Not Available","13-089-1002","AQS"
"12/09/2000","22","","Not Available","13-089-1002","AQS"
"12/10/2000","14","","MONITOR LOCATED WITHIN PORTABLE INSTRUMENT SHELTER","13-121-0099","AQS"
"12/11/2000","18","","MONITOR LOCATED WITHIN PORTABLE INSTRUMENT SHELTER","13-121-0099","AQS"
"12/12/2000","13","","MONITOR LOCATED WITHIN PORTABLE INSTRUMENT SHELTER","13-121-0099","AQS"
"12/13/2000","10","","MONITOR LOCATED WITHIN PORTABLE INSTRUMENT SHELTER","13-121-0099","AQS"
"12/14/2000","14","","MONITOR LOCATED WITHIN PORTABLE INSTRUMENT SHELTER","13-121-0099","AQS"
"12/15/2000","15","","MONITOR LOCATED WITHIN PORTABLE INSTRUMENT SHELTER","13-121-0099","AQS"
"12/16/2000","14","","MONITOR LOCATED WITHIN PORTABLE INSTRUMENT SHELTER","13-121-0099","AQS"
"12/17/2000","7","","MONITOR LOCATED WITHIN PORTABLE INSTRUMENT SHELTER","13-121-0099","AQS"
"12/18/2000","15","","MONITOR LOCATED WITHIN PORTABLE INSTRUMENT SHELTER","13-121-0099","AQS"
"12/19/2000","14","","MONITOR LOCATED WITHIN PORTABLE INSTRUMENT SHELTER","13-121-0099","AQS"
"12/20/2000","20","","MONITOR LOCATED WITHIN PORTABLE INSTRUMENT SHELTER","13-121-0099","AQS"
"12/21/2000","24","","MONITOR LOCATED WITHIN PORTABLE INSTRUMENT SHELTER","13-121-0099","AQS"
"12/22/2000","10","","MONITOR LOCATED WITHIN PORTABLE INSTRUMENT SHELTER","13-121-0099","AQS"
"12/23/2000","18","","MONITOR LOCATED WITHIN PORTABLE INSTRUMENT SHELTER","13-121-0099","AQS"
"12/24/2000","19","","MONITOR LOCATED WITHIN PORTABLE INSTRUMENT SHELTER","13-121-0099","AQS"
"12/25/2000","10","","MONITOR LOCATED WITHIN PORTABLE INSTRUMENT SHELTER","13-121-0099","AQS"
"12/26/2000","15","","MONITOR LOCATED WITHIN PORTABLE INSTRUMENT SHELTER","13-121-0099","AQS"
"12/27/2000","17","","Not Available","13-089-1002","AQS"
"12/28/2000","17","","Not Available","13-089-1002","AQS"
"12/29/2000","19","","MONITOR LOCATED WITHIN PORTABLE INSTRUMENT SHELTER","13-121-0099","AQS"
"12/30/2000","3","","Not Available","13-089-1002","AQS"
"12/31/2000","5","","Not Available","13-089-1002","AQS"
"01/01/2001","5","","Not Available","13-089-1002","AQS"
"01/02/2001","7","","Not Available","13-089-1002","AQS"
"01/03/2001","15","","MONITOR LOCATED WITHIN PORTABLE INSTRUMENT SHELTER","13-121-0099","AQS"
"01/04/2001","20","","Not Available","13-089-1002","AQS"
"01/05/2001","25","","Not Available","13-089-1002","AQS"
"01/06/2001","15","","Not Available","13-089-1002","AQS"
"01/07/2001","31","","Not Available","13-089-1002","AQS"
"01/08/2001","18","","Not Available","13-089-1002","AQS"
"01/09/2001","3","","Not Available","13-089-1002","AQS"
"01/10/2001","32","","Not Available","13-089-1002","AQS"
"01/11/2001","49","","Not Available","13-089-1002","AQS"
"01/12/2001","18","","MONITOR LOCATED WITHIN PORTABLE INSTRUMENT SHELTER","13-121-0099","AQS"
"01/13/2001","19","","MONITOR LOCATED WITHIN PORTABLE INSTRUMENT SHELTER","13-121-0099","AQS"
"01/14/2001","20","","MONITOR LOCATED WITHIN PORTABLE INSTRUMENT SHELTER","13-121-0099","AQS"
"01/15/2001","15","","MONITOR LOCATED WITHIN PORTABLE INSTRUMENT SHELTER","13-121-0099","AQS"
"01/16/2001","8","","Not Available","13-089-1002","AQS"
"01/17/2001","19","","MONITOR LOCATED WITHIN PORTABLE INSTRUMENT SHELTER","13-121-0099","AQS"
"01/18/2001","19","","MONITOR LOCATED WITHIN PORTABLE INSTRUMENT SHELTER","13-121-0099","AQS"
"01/19/2001","16","","MONITOR LOCATED WITHIN PORTABLE INSTRUMENT SHELTER","13-121-0099","AQS"
"01/20/2001","11","","Not Available","13-089-1002","AQS"
"01/21/2001","9","","Not Available","13-089-1002","AQS"
"01/22/2001","20","","MONITOR LOCATED WITHIN PORTABLE INSTRUMENT SHELTER","13-121-0099","AQS"
"01/23/2001","26","","Not Available","13-089-1002","AQS"
"01/24/2001","11","","MONITOR LOCATED WITHIN PORTABLE INSTRUMENT SHELTER","13-121-0099","AQS"
"01/25/2001","7","","MONITOR LOCATED WITHIN PORTABLE INSTRUMENT SHELTER","13-121-0099","AQS"
"01/26/2001","20","","MONITOR LOCATED WITHIN PORTABLE INSTRUMENT SHELTER","13-121-0099","AQS"
"01/27/2001","10","","MONITOR LOCATED WITHIN PORTABLE INSTRUMENT SHELTER","13-121-0099","AQS"
"01/28/2001","19","","MONITOR LOCATED WITHIN PORTABLE INSTRUMENT SHELTER","13-121-0099","AQS"
"01/29/2001","22","","Not Available","13-089-1002","AQS"
"01/30/2001","9","","MONITOR LOCATED WITHIN PORTABLE INSTRUMENT SHELTER","13-121-0099","AQS"
"01/31/2001","20","","Not Available","13-089-1002","AQS"
"02/01/2001","18","","Not Available","13-089-1002","AQS"
"02/02/2001","11","","Not Available","13-089-1002","AQS"
"02/03/2001","19","","MONITOR LOCATED WITHIN PORTABLE INSTRUMENT SHELTER","13-121-0099","AQS"
"02/04/2001","19","","MONITOR LOCATED WITHIN PORTABLE INSTRUMENT SHELTER","13-121-0099","AQS"
"02/05/2001","15","","Not Available","13-089-1002","AQS"
"02/06/2001","22","","Not Available","13-089-1002","AQS"
"02/07/2001","32","","Not Available","13-089-1002","AQS"
"02/08/2001","27","","Not Available","13-089-1002","AQS"
"02/09/2001","20","","MONITOR LOCATED WITHIN PORTABLE INSTRUMENT SHELTER","13-121-0099","AQS"
"02/10/2001","8","","Not Available","13-089-1002","AQS"
"02/11/2001","7","","MONITOR LOCATED WITHIN PORTABLE INSTRUMENT SHELTER","13-121-0099","AQS"
"02/12/2001","15","","MONITOR LOCATED WITHIN PORTABLE INSTRUMENT SHELTER","13-121-0099","AQS"
"02/13/2001","25","","MONITOR LOCATED WITHIN PORTABLE INSTRUMENT SHELTER","13-121-0099","AQS"
"02/14/2001","23","","MONITOR LOCATED WITHIN PORTABLE INSTRUMENT SHELTER","13-121-0099","AQS"
"02/15/2001","13","","Not Available","13-089-1002","AQS"
"02/16/2001","13","","Not Available","13-089-1002","AQS"
"02/17/2001","8","","MONITOR LOCATED WITHIN PORTABLE INSTRUMENT SHELTER","13-121-0099","AQS"
"02/18/2001","8","","Not Available","13-089-1002","AQS"
"02/19/2001","19","","Not Available","13-089-1002","AQS"
"02/20/2001","27","","MONITOR LOCATED WITHIN PORTABLE INSTRUMENT SHELTER","13-121-0099","AQS"
"02/21/2001","15","","Not Available","13-089-1002","AQS"
"02/22/2001","15","","MONITOR LOCATED WITHIN PORTABLE INSTRUMENT SHELTER","13-121-0099","AQS"
"02/23/2001","16","","MONITOR LOCATED WITHIN PORTABLE INSTRUMENT SHELTER","13-121-0099","AQS"
"02/24/2001","16","","MONITOR LOCATED WITHIN PORTABLE INSTRUMENT SHELTER","13-121-0099","AQS"
"02/25/2001","9","","MONITOR LOCATED WITHIN PORTABLE INSTRUMENT SHELTER","13-121-0099","AQS"
"02/26/2001","7","","MONITOR LOCATED WITHIN PORTABLE INSTRUMENT SHELTER","13-121-0099","AQS"
"02/27/2001","15","","Not Available","13-089-1002","AQS"
"02/28/2001","17","","Not Available","13-089-1002","AQS"
"03/01/2001","13","","Not Available","13-089-1002","AQS"
"03/02/2001","20","","Not Available","13-089-1002","AQS"
"03/03/2001","17","","MONITOR LOCATED WITHIN PORTABLE INSTRUMENT SHELTER","13-121-0099","AQS"
"03/04/2001","10","","MONITOR LOCATED WITHIN PORTABLE INSTRUMENT SHELTER","13-121-0099","AQS"
"03/05/2001","5","","Not Available","13-089-1002","AQS"
"03/06/2001","5","","Not Available","13-089-1002","AQS"
"03/07/2001","6","","Not Available","13-089-1002","AQS"
"03/08/2001","13","","MONITOR LOCATED WITHIN PORTABLE INSTRUMENT SHELTER","13-121-0099","AQS"
"03/09/2001","7","","MONITOR LOCATED WITHIN PORTABLE INSTRUMENT SHELTER","13-121-0099","AQS"
"03/10/2001","16","","MONITOR LOCATED WITHIN PORTABLE INSTRUMENT SHELTER","13-121-0099","AQS"
"03/11/2001","19","","Not Available","13-089-1002","AQS"
"03/12/2001","18","","MONITOR LOCATED WITHIN PORTABLE INSTRUMENT SHELTER","13-121-0099","AQS"
"03/13/2001","14","","MONITOR LOCATED WITHIN PORTABLE INSTRUMENT SHELTER","13-121-0099","AQS"
"03/14/2001","13","","MONITOR LOCATED WITHIN PORTABLE INSTRUMENT SHELTER","13-121-0099","AQS"
"03/15/2001","17","","MONITOR LOCATED WITHIN PORTABLE INSTRUMENT SHELTER","13-121-0099","AQS"
"03/16/2001","18","","MONITOR LOCATED WITHIN PORTABLE INSTRUMENT SHELTER","13-121-0099","AQS"
"03/17/2001","5","","Not Available","13-089-1002","AQS"
"03/18/2001","9","","MONITOR LOCATED WITHIN PORTABLE INSTRUMENT SHELTER","13-121-0099","AQS"
"03/19/2001","10","","MONITOR LOCATED WITHIN PORTABLE INSTRUMENT SHELTER","13-121-0099","AQS"
"03/20/2001","8","","MONITOR LOCATED WITHIN PORTABLE INSTRUMENT SHELTER","13-121-0099","AQS"
"03/21/2001","6","","MONITOR LOCATED WITHIN PORTABLE INSTRUMENT SHELTER","13-121-0099","AQS"
"03/22/2001","6","","Not Available","13-089-1002","AQS"
"03/23/2001","9","","Not Available","13-089-1002","AQS"
"03/24/2001","32","","Not Available","13-089-1002","AQS"
"03/25/2001","8","","Not Available","13-089-1002","AQS"
"03/26/2001","6","","Not Available","13-089-1002","AQS"
"03/27/2001","7","","Not Available","13-089-1002","AQS"
"03/28/2001","13","","MONITOR LOCATED WITHIN PORTABLE INSTRUMENT SHELTER","13-121-0099","AQS"
"03/29/2001","11","","MONITOR LOCATED WITHIN PORTABLE INSTRUMENT SHELTER","13-121-0099","AQS"
"03/30/2001","16","","MONITOR LOCATED WITHIN PORTABLE INSTRUMENT SHELTER","13-121-0099","AQS"
"03/31/2001","9","","MONITOR LOCATED WITHIN PORTABLE INSTRUMENT SHELTER","13-121-0099","AQS"
"04/01/2001","6","","Not Available","13-089-1002","AQS"
"04/02/2001","14","","Not Available","13-089-1002","AQS"
"04/03/2001","18","","MONITOR LOCATED WITHIN PORTABLE INSTRUMENT SHELTER","13-121-0099","AQS"
"04/04/2001","18","","MONITOR LOCATED WITHIN PORTABLE INSTRUMENT SHELTER","13-121-0099","AQS"
"04/05/2001","15","","MONITOR LOCATED WITHIN PORTABLE INSTRUMENT SHELTER","13-121-0099","AQS"
"04/06/2001","17","","MONITOR LOCATED WITHIN PORTABLE INSTRUMENT SHELTER","13-121-0099","AQS"
"04/07/2001","19","","Not Available","13-089-1002","AQS"
"04/08/2001","23","","Not Available","13-089-1002","AQS"
"04/09/2001","13","","MONITOR LOCATED WITHIN PORTABLE INSTRUMENT SHELTER","13-121-0099","AQS"
"04/10/2001","16","","Not Available","13-089-1002","AQS"
"04/11/2001","20","","Not Available","13-089-1002","AQS"
"04/12/2001","10","","Not Available","13-089-1002","AQS"
"04/13/2001","10","","Not Available","13-089-1002","AQS"
"04/14/2001","11","","MONITOR LOCATED WITHIN PORTABLE INSTRUMENT SHELTER","13-121-0099","AQS"
"04/15/2001","13","","Not Available","13-089-1002","AQS"
"04/16/2001","8","","Not Available","13-089-1002","AQS"
"04/17/2001","8","","Not Available","13-089-1002","AQS"
"04/18/2001","10","","Not Available","13-089-1002","AQS"
"04/19/2001","17","","MONITOR LOCATED WITHIN PORTABLE INSTRUMENT SHELTER","13-121-0099","AQS"
"04/20/2001","17","","Not Available","13-089-1002","AQS"
"04/21/2001","17","","Not Available","13-089-1002","AQS"
"04/22/2001","15","","Not Available","13-089-1002","AQS"
"04/23/2001","13","","MONITOR LOCATED WITHIN PORTABLE INSTRUMENT SHELTER","13-121-0099","AQS"
"04/24/2001","10","","Not Available","13-089-1002","AQS"
"04/25/2001","11","","MONITOR LOCATED WITHIN PORTABLE INSTRUMENT SHELTER","13-121-0099","AQS"
"04/26/2001","13","","Not Available","13-089-1002","AQS"
"04/27/2001","20","","Not Available","13-089-1002","AQS"
"04/28/2001","18","","Not Available","13-089-1002","AQS"
"04/29/2001","16","","Not Available","13-089-1002","AQS"
"04/30/2001","13","","MONITOR LOCATED WITHIN PORTABLE INSTRUMENT SHELTER","13-121-0099","AQS"
"05/01/2001","15","","MONITOR LOCATED WITHIN PORTABLE INSTRUMENT SHELTER","13-121-0099","AQS"
"05/02/2001","15","","Not Available","13-089-1002","AQS"
"05/03/2001","14","","MONITOR LOCATED WITHIN PORTABLE INSTRUMENT SHELTER","13-121-0099","AQS"
"05/04/2001","16","","MONITOR LOCATED WITHIN PORTABLE INSTRUMENT SHELTER","13-121-0099","AQS"
"05/05/2001","17","","Not Available","13-089-1002","AQS"
"05/06/2001","13","","Not Available","13-089-1002","AQS"
"05/07/2001","8","","MONITOR LOCATED WITHIN PORTABLE INSTRUMENT SHELTER","13-121-0099","AQS"
"05/08/2001","13","","MONITOR LOCATED WITHIN PORTABLE INSTRUMENT SHELTER","13-121-0099","AQS"
"05/09/2001","15","","MONITOR LOCATED WITHIN PORTABLE INSTRUMENT SHELTER","13-121-0099","AQS"
"05/10/2001","16","","MONITOR LOCATED WITHIN PORTABLE INSTRUMENT SHELTER","13-121-0099","AQS"
"05/11/2001","15","","Not Available","13-089-1002","AQS"
"05/12/2001","9","","Not Available","13-089-1002","AQS"
"05/13/2001","7","","Not Available","13-089-1002","AQS"
"05/14/2001","11","","MONITOR LOCATED WITHIN PORTABLE INSTRUMENT SHELTER","13-121-0099","AQS"
"05/15/2001","13","","Not Available","13-089-1002","AQS"
"05/16/2001","13","","MONITOR LOCATED WITHIN PORTABLE INSTRUMENT SHELTER","13-121-0099","AQS"
"05/17/2001","10","","MONITOR LOCATED WITHIN PORTABLE INSTRUMENT SHELTER","13-121-0099","AQS"
"05/18/2001","14","","Not Available","13-089-1002","AQS"
"05/19/2001","10","","MONITOR LOCATED WITHIN PORTABLE INSTRUMENT SHELTER","13-121-0099","AQS"
"05/20/2001","10","","MONITOR LOCATED WITHIN PORTABLE INSTRUMENT SHELTER","13-121-0099","AQS"
"05/21/2001","10","","MONITOR LOCATED WITHIN PORTABLE INSTRUMENT SHELTER","13-121-0099","AQS"
"05/22/2001","9","","MONITOR LOCATED WITHIN PORTABLE INSTRUMENT SHELTER","13-121-0099","AQS"
"05/23/2001","9","","Not Available","13-089-1002","AQS"
"05/24/2001","10","","Not Available","13-089-1002","AQS"
"05/25/2001","9","","Not Available","13-089-1002","AQS"
"05/26/2001","19","","Not Available","13-089-1002","AQS"
"05/27/2001","13","","Not Available","13-089-1002","AQS"
"05/28/2001","8","","Not Available","13-089-1002","AQS"
"05/29/2001","8","","Not Available","13-089-1002","AQS"
"05/30/2001","11","","MONITOR LOCATED WITHIN PORTABLE INSTRUMENT SHELTER","13-121-0099","AQS"
"05/31/2001","16","","Not Available","13-089-1002","AQS"
"06/01/2001","16","","MONITOR LOCATED WITHIN PORTABLE INSTRUMENT SHELTER","13-121-0099","AQS"
"06/02/2001","10","","Not Available","13-089-1002","AQS"
"06/03/2001","8","","Not Available","13-089-1002","AQS"
"06/04/2001","11","","MONITOR LOCATED WITHIN PORTABLE INSTRUMENT SHELTER","13-121-0099","AQS"
"06/05/2001","10","","Not Available","13-089-1002","AQS"
"06/06/2001","15","","Not Available","13-089-1002","AQS"
"06/07/2001","16","","MONITOR LOCATED WITHIN PORTABLE INSTRUMENT SHELTER","13-121-0099","AQS"
"06/08/2001","14","","Not Available","13-089-1002","AQS"
"06/09/2001","13","","Not Available","13-089-1002","AQS"
"06/10/2001","16","","Not Available","13-089-1002","AQS"
"06/11/2001","11","","Not Available","13-089-1002","AQS"
"06/12/2001","11","","MONITOR LOCATED WITHIN PORTABLE INSTRUMENT SHELTER","13-121-0099","AQS"
"06/13/2001","13","","Not Available","13-089-1002","AQS"
"06/14/2001","14","","Not Available","13-089-1002","AQS"
"06/15/2001","8","","MONITOR LOCATED WITHIN PORTABLE INSTRUMENT SHELTER","13-121-0099","AQS"
"06/16/2001","6","","Not Available","13-089-1002","AQS"
"06/17/2001","11","","Not Available","13-089-1002","AQS"
"06/18/2001","17","","Not Available","13-089-1002","AQS"
"06/19/2001","13","","MONITOR LOCATED WITHIN PORTABLE INSTRUMENT SHELTER","13-121-0099","AQS"
"06/20/2001","13","","MONITOR LOCATED WITHIN PORTABLE INSTRUMENT SHELTER","13-121-0099","AQS"
"06/21/2001","19","","Not Available","13-089-1002","AQS"
"06/22/2001","10","","Not Available","13-089-1002","AQS"
"06/23/2001","10","","Not Available","13-089-1002","AQS"
"06/24/2001","10","","Not Available","13-089-1002","AQS"
"06/25/2001","13","","Not Available","13-089-1002","AQS"
"06/26/2001","13","","MONITOR LOCATED WITHIN PORTABLE INSTRUMENT SHELTER","13-121-0099","AQS"
"06/27/2001","13","","MONITOR LOCATED WITHIN PORTABLE INSTRUMENT SHELTER","13-121-0099","AQS"
"06/28/2001","11","","MONITOR LOCATED WITHIN PORTABLE INSTRUMENT SHELTER","13-121-0099","AQS"
"06/29/2001","11","","MONITOR LOCATED WITHIN PORTABLE INSTRUMENT SHELTER","13-121-0099","AQS"
"06/30/2001","8","","Not Available","13-089-1002","AQS"
"07/01/2001","7","","Not Available","13-089-1002","AQS"
"07/02/2001","10","","Not Available","13-089-1002","AQS"
"07/03/2001","15","","Not Available","13-089-1002","AQS"
"07/04/2001","8","","Not Available","13-089-1002","AQS"
"07/05/2001","8","","Not Available","13-089-1002","AQS"
"07/06/2001","9","","Not Available","13-089-1002","AQS"
"07/07/2001","19","","Not Available","13-089-1002","AQS"
"07/08/2001","19","","Not Available","13-089-1002","AQS"
"07/09/2001","9","","Not Available","13-089-1002","AQS"
"07/10/2001","7","","Not Available","13-089-1002","AQS"
"07/11/2001","7","","Not Available","13-089-1002","AQS"
"07/12/2001","10","","MONITOR LOCATED WITHIN PORTABLE INSTRUMENT SHELTER","13-121-0099","AQS"
"07/13/2001","8","","Not Available","13-089-1002","AQS"
"07/14/2001","8","","MONITOR LOCATED WITHIN PORTABLE INSTRUMENT SHELTER","13-121-0099","AQS"
"07/15/2001","8","","Not Available","13-089-1002","AQS"
"07/16/2001","11","","MONITOR LOCATED WITHIN PORTABLE INSTRUMENT SHELTER","13-121-0099","AQS"
"07/17/2001","14","","Not Available","13-089-1002","AQS"
"07/18/2001","13","","Not Available","13-089-1002","AQS"
"07/19/2001","13","","MONITOR LOCATED WITHIN PORTABLE INSTRUMENT SHELTER","13-121-0099","AQS"
"07/20/2001","15","","MONITOR LOCATED WITHIN PORTABLE INSTRUMENT SHELTER","13-121-0099","AQS"
"07/21/2001","10","","MONITOR LOCATED WITHIN PORTABLE INSTRUMENT SHELTER","13-121-0099","AQS"
"07/22/2001","10","","MONITOR LOCATED WITHIN PORTABLE INSTRUMENT SHELTER","13-121-0099","AQS"
"07/23/2001","10","","Not Available","13-089-1002","AQS"
"07/24/2001","11","","MONITOR LOCATED WITHIN PORTABLE INSTRUMENT SHELTER","13-121-0099","AQS"
"07/25/2001","13","","MONITOR LOCATED WITHIN PORTABLE INSTRUMENT SHELTER","13-121-0099","AQS"
"07/26/2001","8","","Not Available","13-089-1002","AQS"
"07/27/2001","11","","MONITOR LOCATED WITHIN PORTABLE INSTRUMENT SHELTER","13-121-0099","AQS"
"07/28/2001","13","","MONITOR LOCATED WITHIN PORTABLE INSTRUMENT SHELTER","13-121-0099","AQS"
"07/29/2001","11","","MONITOR LOCATED WITHIN PORTABLE INSTRUMENT SHELTER","13-121-0099","AQS"
"07/30/2001","14","","Not Available","13-089-1002","AQS"
"07/31/2001","15","","Not Available","13-089-1002","AQS"
"08/01/2001","11","","MONITOR LOCATED WITHIN PORTABLE INSTRUMENT SHELTER","13-121-0099","AQS"
"08/02/2001","13","","MONITOR LOCATED WITHIN PORTABLE INSTRUMENT SHELTER","13-121-0099","AQS"
"08/03/2001","13","","MONITOR LOCATED WITHIN PORTABLE INSTRUMENT SHELTER","13-121-0099","AQS"
"08/04/2001","16","","Not Available","13-089-1002","AQS"
"08/05/2001","9","","Not Available","13-089-1002","AQS"
"08/06/2001","10","","MONITOR LOCATED WITHIN PORTABLE INSTRUMENT SHELTER","13-121-0099","AQS"
"08/07/2001","8","","Not Available","13-089-1002","AQS"
"08/08/2001","8","","Not Available","13-089-1002","AQS"
"08/09/2001","11","","Not Available","13-089-1002","AQS"
"08/10/2001","7","","Not Available","13-089-1002","AQS"
"08/11/2001","9","","Not Available","13-089-1002","AQS"
"08/12/2001","11","","MONITOR LOCATED WITHIN PORTABLE INSTRUMENT SHELTER","13-121-0099","AQS"
"08/13/2001","11","","Not Available","13-089-1002","AQS"
"08/14/2001","11","","Not Available","13-089-1002","AQS"
"08/15/2001","14","","Not Available","13-089-1002","AQS"
"08/16/2001","14","","MONITOR LOCATED WITHIN PORTABLE INSTRUMENT SHELTER","13-121-0099","AQS"
"08/17/2001","14","","MONITOR LOCATED WITHIN PORTABLE INSTRUMENT SHELTER","13-121-0099","AQS"
"08/18/2001","8","","MONITOR LOCATED WITHIN PORTABLE INSTRUMENT SHELTER","13-121-0099","AQS"
"08/19/2001","7","","MONITOR LOCATED WITHIN PORTABLE INSTRUMENT SHELTER","13-121-0099","AQS"
"08/20/2001","7","","MONITOR LOCATED WITHIN PORTABLE INSTRUMENT SHELTER","13-121-0099","AQS"
"08/21/2001","9","","MONITOR LOCATED WITHIN PORTABLE INSTRUMENT SHELTER","13-121-0099","AQS"
"08/22/2001","11","","MONITOR LOCATED WITHIN PORTABLE INSTRUMENT SHELTER","13-121-0099","AQS"
"08/23/2001","18","","Not Available","13-089-1002","AQS"
"08/24/2001","17","","Not Available","13-089-1002","AQS"
"08/25/2001","14","","MONITOR LOCATED WITHIN PORTABLE INSTRUMENT SHELTER","13-121-0099","AQS"
"08/26/2001","14","","MONITOR LOCATED WITHIN PORTABLE INSTRUMENT SHELTER","13-121-0099","AQS"
"08/27/2001","11","","MONITOR LOCATED WITHIN PORTABLE INSTRUMENT SHELTER","13-121-0099","AQS"
"08/28/2001","14","","Not Available","13-089-1002","AQS"
"08/29/2001","14","","Not Available","13-089-1002","AQS"
"08/30/2001","11","","Not Available","13-089-1002","AQS"
"08/31/2001","14","","Not Available","13-089-1002","AQS"
"09/01/2001","11","","Not Available","13-089-1002","AQS"
"09/02/2001","16","","Not Available","13-089-1002","AQS"
"09/03/2001","13","","MONITOR LOCATED WITHIN PORTABLE INSTRUMENT SHELTER","13-121-0099","AQS"
"09/04/2001","16","","MONITOR LOCATED WITHIN PORTABLE INSTRUMENT SHELTER","13-121-0099","AQS"
"09/05/2001","15","","Not Available","13-089-1002","AQS"
"09/06/2001","14","","MONITOR LOCATED WITHIN PORTABLE INSTRUMENT SHELTER","13-121-0099","AQS"
"09/07/2001","15","","MONITOR LOCATED WITHIN PORTABLE INSTRUMENT SHELTER","13-121-0099","AQS"
"09/08/2001","14","","MONITOR LOCATED WITHIN PORTABLE INSTRUMENT SHELTER","13-121-0099","AQS"
"09/09/2001","10","","MONITOR LOCATED WITHIN PORTABLE INSTRUMENT SHELTER","13-121-0099","AQS"
"09/10/2001","11","","Not Available","13-089-1002","AQS"
"09/11/2001","13","","Not Available","13-089-1002","AQS"
"09/12/2001","10","","MONITOR LOCATED WITHIN PORTABLE INSTRUMENT SHELTER","13-121-0099","AQS"
"09/13/2001","11","","Not Available","13-089-1002","AQS"
"09/14/2001","14","","MONITOR LOCATED WITHIN PORTABLE INSTRUMENT SHELTER","13-121-0099","AQS"
"09/15/2001","13","","MONITOR LOCATED WITHIN PORTABLE INSTRUMENT SHELTER","13-121-0099","AQS"
"09/16/2001","14","","Not Available","13-089-1002","AQS"
"09/17/2001","18","","Not Available","13-089-1002","AQS"
"09/18/2001","18","","Not Available","13-089-1002","AQS"
"09/19/2001","17","","Not Available","13-089-1002","AQS"
"09/20/2001","19","","Not Available","13-089-1002","AQS"
"09/21/2001","11","","Not Available","13-089-1002","AQS"
"09/22/2001","18","","Not Available","13-089-1002","AQS"
"09/23/2001","22","","Not Available","13-089-1002","AQS"
"09/24/2001","7","","Not Available","13-089-1002","AQS"
"09/25/2001","5","","Not Available","13-089-1002","AQS"
"09/26/2001","11","","MONITOR LOCATED WITHIN PORTABLE INSTRUMENT SHELTER","13-121-0099","AQS"
"09/27/2001","14","","MONITOR LOCATED WITHIN PORTABLE INSTRUMENT SHELTER","13-121-0099","AQS"
"09/28/2001","18","","MONITOR LOCATED WITHIN PORTABLE INSTRUMENT SHELTER","13-121-0099","AQS"
"09/29/2001","11","","MONITOR LOCATED WITHIN PORTABLE INSTRUMENT SHELTER","13-121-0099","AQS"
"09/30/2001","13","","MONITOR LOCATED WITHIN PORTABLE INSTRUMENT SHELTER","13-121-0099","AQS"
"10/01/2001","11","","Not Available","13-089-1002","AQS"
"10/02/2001","18","","Not Available","13-089-1002","AQS"
"10/03/2001","25","","Not Available","13-089-1002","AQS"
"10/04/2001","24","","Not Available","13-089-1002","AQS"
"10/05/2001","26","","MONITOR LOCATED WITHIN PORTABLE INSTRUMENT SHELTER","13-121-0099","AQS"
"10/06/2001","15","","Not Available","13-089-1002","AQS"
"10/07/2001","13","","Not Available","13-089-1002","AQS"
"10/08/2001","15","","Not Available","13-089-1002","AQS"
"10/09/2001","5","","Not Available","13-089-1002","AQS"
"10/10/2001","6","","Not Available","13-089-1002","AQS"
"10/11/2001","6","","Not Available","13-089-1002","AQS"
"10/12/2001","8","","MONITOR LOCATED WITHIN PORTABLE INSTRUMENT SHELTER","13-121-0099","AQS"
"10/13/2001","7","","MONITOR LOCATED WITHIN PORTABLE INSTRUMENT SHELTER","13-121-0099","AQS"
"10/14/2001","5","","Not Available","13-089-1002","AQS"
"10/15/2001","18","","Not Available","13-089-1002","AQS"
"10/16/2001","22","","Not Available","13-089-1002","AQS"
"10/17/2001","6","","MONITOR LOCATED WITHIN PORTABLE INSTRUMENT SHELTER","13-121-0099","AQS"
"10/18/2001","15","","MONITOR LOCATED WITHIN PORTABLE INSTRUMENT SHELTER","13-121-0099","AQS"
"10/19/2001","16","","MONITOR LOCATED WITHIN PORTABLE INSTRUMENT SHELTER","13-121-0099","AQS"
"10/20/2001","18","","Not Available","13-089-1002","AQS"
"10/21/2001","24","","Not Available","13-089-1002","AQS"
"10/22/2001","17","","Not Available","13-089-1002","AQS"
"10/23/2001","26","","Not Available","13-089-1002","AQS"
"10/24/2001","20","","Not Available","13-089-1002","AQS"
"10/25/2001","8","","Not Available","13-089-1002","AQS"
"10/26/2001","3","","Not Available","13-089-1002","AQS"
"10/27/2001","5","","Not Available","13-089-1002","AQS"
"10/28/2001","14","","Not Available","13-089-1002","AQS"
"10/29/2001","26","","Not Available","13-089-1002","AQS"
"10/30/2001","40","","Not Available","13-089-1002","AQS"
"10/31/2001","26","","Not Available","13-089-1002","AQS"
"11/01/2001","23","","MONITOR LOCATED WITHIN PORTABLE INSTRUMENT SHELTER","13-121-0099","AQS"
"11/02/2001","23","","MONITOR LOCATED WITHIN PORTABLE INSTRUMENT SHELTER","13-121-0099","AQS"
"11/03/2001","23","","Not Available","13-089-1002","AQS"
"11/04/2001","16","","Not Available","13-089-1002","AQS"
"11/05/2001","19","","Not Available","13-089-1002","AQS"
"11/06/2001","23","","Not Available","13-089-1002","AQS"
"11/07/2001","31","","Not Available","13-089-1002","AQS"
"11/08/2001","42","","Not Available","13-089-1002","AQS"
"11/09/2001","19","","Not Available","13-089-1002","AQS"
"11/10/2001","27","","Not Available","13-089-1002","AQS"
"11/11/2001","20","","Not Available","13-089-1002","AQS"
"11/12/2001","14","","MONITOR LOCATED WITHIN PORTABLE INSTRUMENT SHELTER","13-121-0099","AQS"
"11/13/2001","16","","MONITOR LOCATED WITHIN PORTABLE INSTRUMENT SHELTER","13-121-0099","AQS"
"11/14/2001","19","","MONITOR LOCATED WITHIN PORTABLE INSTRUMENT SHELTER","13-121-0099","AQS"
"11/15/2001","20","","MONITOR LOCATED WITHIN PORTABLE INSTRUMENT SHELTER","13-121-0099","AQS"
"11/16/2001","25","","Not Available","13-089-1002","AQS"
"11/17/2001","23","","MONITOR LOCATED WITHIN PORTABLE INSTRUMENT SHELTER","13-121-0099","AQS"
"11/18/2001","22","","MONITOR LOCATED WITHIN PORTABLE INSTRUMENT SHELTER","13-121-0099","AQS"
"11/19/2001","22","","MONITOR LOCATED WITHIN PORTABLE INSTRUMENT SHELTER","13-121-0099","AQS"
"11/20/2001","24","","Not Available","13-089-1002","AQS"
"11/21/2001","20","","MONITOR LOCATED WITHIN PORTABLE INSTRUMENT SHELTER","13-121-0099","AQS"
"11/22/2001","20","","MONITOR LOCATED WITHIN PORTABLE INSTRUMENT SHELTER","13-121-0099","AQS"
"11/23/2001","13","","MONITOR LOCATED WITHIN PORTABLE INSTRUMENT SHELTER","13-121-0099","AQS"
"11/24/2001","9","","MONITOR LOCATED WITHIN PORTABLE INSTRUMENT SHELTER","13-121-0099","AQS"
"11/25/2001","17","","Not Available","13-089-1002","AQS"
"11/26/2001","24","","Not Available","13-089-1002","AQS"
"11/27/2001","22","","Not Available","13-089-1002","AQS"
"11/28/2001","24","","Not Available","13-089-1002","AQS"
"11/29/2001","14","","MONITOR LOCATED WITHIN PORTABLE INSTRUMENT SHELTER","13-121-0099","AQS"
"11/30/2001","14","","Not Available","13-089-1002","AQS"
"12/01/2001","14","","Not Available","13-089-1002","AQS"
"12/02/2001","17","","Not Available","13-089-1002","AQS"
"12/03/2001","19","","MONITOR LOCATED WITHIN PORTABLE INSTRUMENT SHELTER","13-121-0099","AQS"
"12/04/2001","24","","MONITOR LOCATED WITHIN PORTABLE INSTRUMENT SHELTER","13-121-0099","AQS"
"12/05/2001","24","","Not Available","13-089-1002","AQS"
"12/06/2001","25","","Not Available","13-089-1002","AQS"
"12/07/2001","28","","Not Available","13-089-1002","AQS"
"12/08/2001","25","","Not Available","13-089-1002","AQS"
"12/09/2001","7","","Not Available","13-089-1002","AQS"
"12/10/2001","10","","MONITOR LOCATED WITHIN PORTABLE INSTRUMENT SHELTER","13-121-0099","AQS"
"12/11/2001","15","","MONITOR LOCATED WITHIN PORTABLE INSTRUMENT SHELTER","13-121-0099","AQS"
"12/12/2001","15","","MONITOR LOCATED WITHIN PORTABLE INSTRUMENT SHELTER","13-121-0099","AQS"
"12/13/2001","19","","MONITOR LOCATED WITHIN PORTABLE INSTRUMENT SHELTER","13-121-0099","AQS"
"12/14/2001","17","","MONITOR LOCATED WITHIN PORTABLE INSTRUMENT SHELTER","13-121-0099","AQS"
"12/15/2001","16","","MONITOR LOCATED WITHIN PORTABLE INSTRUMENT SHELTER","13-121-0099","AQS"
"12/16/2001","15","","MONITOR LOCATED WITHIN PORTABLE INSTRUMENT SHELTER","13-121-0099","AQS"
"12/17/2001","18","","MONITOR LOCATED WITHIN PORTABLE INSTRUMENT SHELTER","13-121-0099","AQS"
"12/18/2001","10","","MONITOR LOCATED WITHIN PORTABLE INSTRUMENT SHELTER","13-121-0099","AQS"
"12/19/2001","17","","Not Available","13-089-1002","AQS"
"12/20/2001","6","","MONITOR LOCATED WITHIN PORTABLE INSTRUMENT SHELTER","13-121-0099","AQS"
"12/21/2001","13","","MONITOR LOCATED WITHIN PORTABLE INSTRUMENT SHELTER","13-121-0099","AQS"
"12/22/2001","22","","Not Available","13-089-1002","AQS"
"12/23/2001","18","","MONITOR LOCATED WITHIN PORTABLE INSTRUMENT SHELTER","13-121-0099","AQS"
"12/24/2001","5","","Not Available","13-089-1002","AQS"
"12/25/2001","5","","Not Available","13-089-1002","AQS"
"12/26/2001","9","","Not Available","13-089-1002","AQS"
"12/27/2001","9","","Not Available","13-089-1002","AQS"
"12/28/2001","13","","Not Available","13-089-1002","AQS"
"12/29/2001","8","","MONITOR LOCATED WITHIN PORTABLE INSTRUMENT SHELTER","13-121-0099","AQS"
"12/30/2001","5","","Not Available","13-089-1002","AQS"
"12/31/2001","5","","Not Available","13-089-1002","AQS"
"01/01/2002","6","","Not Available","13-089-1002","AQS"
"01/02/2002","9","","MONITOR LOCATED WITHIN PORTABLE INSTRUMENT SHELTER","13-121-0099","AQS"
"01/03/2002","7","","MONITOR LOCATED WITHIN PORTABLE INSTRUMENT SHELTER","13-121-0099","AQS"
"01/04/2002","20","","Not Available","13-089-1002","AQS"
"01/05/2002","28","","Not Available","13-089-1002","AQS"
"01/06/2002","11","","MONITOR LOCATED WITHIN PORTABLE INSTRUMENT SHELTER","13-121-0099","AQS"
"01/07/2002","3","","Not Available","13-089-1002","AQS"
"01/08/2002","15","","Not Available","13-089-1002","AQS"
"01/09/2002","15","","Not Available","13-089-1002","AQS"
"01/10/2002","13","","MONITOR LOCATED WITHIN PORTABLE INSTRUMENT SHELTER","13-121-0099","AQS"
"01/11/2002","10","","MONITOR LOCATED WITHIN PORTABLE INSTRUMENT SHELTER","13-121-0099","AQS"
"01/12/2002","11","","Not Available","13-089-1002","AQS"
"01/13/2002","18","","Not Available","13-089-1002","AQS"
"01/14/2002","27","","MONITOR LOCATED WITHIN PORTABLE INSTRUMENT SHELTER","13-121-0099","AQS"
"01/15/2002","10","","Not Available","13-089-1002","AQS"
"01/16/2002","20","","Not Available","13-089-1002","AQS"
"01/17/2002","23","","Not Available","13-089-1002","AQS"
"01/18/2002","23","","Not Available","13-089-1002","AQS"
"01/19/2002","16","","Not Available","13-089-1002","AQS"
"01/20/2002","15","","MONITOR LOCATED WITHIN PORTABLE INSTRUMENT SHELTER","13-121-0099","AQS"
"01/21/2002","15","","MONITOR LOCATED WITHIN PORTABLE INSTRUMENT SHELTER","13-121-0099","AQS"
"01/22/2002","18","","Not Available","13-089-1002","AQS"
"01/23/2002","23","","MONITOR LOCATED WITHIN PORTABLE INSTRUMENT SHELTER","13-121-0099","AQS"
"01/24/2002","17","","MONITOR LOCATED WITHIN PORTABLE INSTRUMENT SHELTER","13-121-0099","AQS"
"01/25/2002","13","","MONITOR LOCATED WITHIN PORTABLE INSTRUMENT SHELTER","13-121-0099","AQS"
"01/26/2002","16","","MONITOR LOCATED WITHIN PORTABLE INSTRUMENT SHELTER","13-121-0099","AQS"
"01/27/2002","22","","MONITOR LOCATED WITHIN PORTABLE INSTRUMENT SHELTER","13-121-0099","AQS"
"01/28/2002","25","","MONITOR LOCATED WITHIN PORTABLE INSTRUMENT SHELTER","13-121-0099","AQS"
"01/29/2002","22","","Not Available","13-089-1002","AQS"
"01/30/2002","19","","MONITOR LOCATED WITHIN PORTABLE INSTRUMENT SHELTER","13-121-0099","AQS"
"01/31/2002","17","","MONITOR LOCATED WITHIN PORTABLE INSTRUMENT SHELTER","13-121-0099","AQS"
"02/01/2002","13","","MONITOR LOCATED WITHIN PORTABLE INSTRUMENT SHELTER","13-121-0099","AQS"
"02/02/2002","7","","Not Available","13-089-1002","AQS"
"02/03/2002","10","","Not Available","13-089-1002","AQS"
"02/04/2002","5","","Not Available","13-089-1002","AQS"
"02/05/2002","13","","MONITOR LOCATED WITHIN PORTABLE INSTRUMENT SHELTER","13-121-0099","AQS"
"02/06/2002","10","","MONITOR LOCATED WITHIN PORTABLE INSTRUMENT SHELTER","13-121-0099","AQS"
"02/07/2002","8","","MONITOR LOCATED WITHIN PORTABLE INSTRUMENT SHELTER","13-121-0099","AQS"
"02/08/2002","17","","MONITOR LOCATED WITHIN PORTABLE INSTRUMENT SHELTER","13-121-0099","AQS"
"02/09/2002","25","","Not Available","13-089-1002","AQS"
"02/10/2002","16","","MONITOR LOCATED WITHIN PORTABLE INSTRUMENT SHELTER","13-121-0099","AQS"
"02/11/2002","5","","Not Available","13-089-1002","AQS"
"02/12/2002","11","","MONITOR LOCATED WITHIN PORTABLE INSTRUMENT SHELTER","13-121-0099","AQS"
"02/13/2002","8","","MONITOR LOCATED WITHIN PORTABLE INSTRUMENT SHELTER","13-121-0099","AQS"
"02/14/2002","17","","MONITOR LOCATED WITHIN PORTABLE INSTRUMENT SHELTER","13-121-0099","AQS"
"02/15/2002","17","","MONITOR LOCATED WITHIN PORTABLE INSTRUMENT SHELTER","13-121-0099","AQS"
"02/16/2002","18","","Not Available","13-089-1002","AQS"
"02/17/2002","3","","Not Available","13-089-1002","AQS"
"02/18/2002","14","","MONITOR LOCATED WITHIN PORTABLE INSTRUMENT SHELTER","13-121-0099","AQS"
"02/19/2002","17","","MONITOR LOCATED WITHIN PORTABLE INSTRUMENT SHELTER","13-121-0099","AQS"
"02/20/2002","15","","MONITOR LOCATED WITHIN PORTABLE INSTRUMENT SHELTER","13-121-0099","AQS"
"02/21/2002","10","","MONITOR LOCATED WITHIN PORTABLE INSTRUMENT SHELTER","13-121-0099","AQS"
"02/22/2002","14","","Not Available","13-089-1002","AQS"
"02/23/2002","8","","MONITOR LOCATED WITHIN PORTABLE INSTRUMENT SHELTER","13-121-0099","AQS"
"02/24/2002","15","","Not Available","13-089-1002","AQS"
"02/25/2002","18","","MONITOR LOCATED WITHIN PORTABLE INSTRUMENT SHELTER","13-121-0099","AQS"
"02/26/2002","13","","Not Available","13-089-1002","AQS"
"02/27/2002","3","","Not Available","13-089-1002","AQS"
"02/28/2002","14","","Not Available","13-089-1002","AQS"
"03/01/2002","26","","Not Available","13-089-1002","AQS"
"03/02/2002","11","","MONITOR LOCATED WITHIN PORTABLE INSTRUMENT SHELTER","13-121-0099","AQS"
"03/03/2002","11","","MONITOR LOCATED WITHIN PORTABLE INSTRUMENT SHELTER","13-121-0099","AQS"
"03/04/2002","5","","Not Available","13-089-1002","AQS"
"03/05/2002","15","","Not Available","13-089-1002","AQS"
"03/06/2002","24","","MONITOR LOCATED WITHIN PORTABLE INSTRUMENT SHELTER","13-121-0099","AQS"
"03/07/2002","20","","Not Available","13-089-1002","AQS"
"03/08/2002","17","","MONITOR LOCATED WITHIN PORTABLE INSTRUMENT SHELTER","13-121-0099","AQS"
"03/09/2002","15","","MONITOR LOCATED WITHIN PORTABLE INSTRUMENT SHELTER","13-121-0099","AQS"
"03/10/2002","6","","MONITOR LOCATED WITHIN PORTABLE INSTRUMENT SHELTER","13-121-0099","AQS"
"03/11/2002","11","","MONITOR LOCATED WITHIN PORTABLE INSTRUMENT SHELTER","13-121-0099","AQS"
"03/12/2002","14","","MONITOR LOCATED WITHIN PORTABLE INSTRUMENT SHELTER","13-121-0099","AQS"
"03/13/2002","10","","MONITOR LOCATED WITHIN PORTABLE INSTRUMENT SHELTER","13-121-0099","AQS"
"03/14/2002","16","","MONITOR LOCATED WITHIN PORTABLE INSTRUMENT SHELTER","13-121-0099","AQS"
"03/15/2002","16","","MONITOR LOCATED WITHIN PORTABLE INSTRUMENT SHELTER","13-121-0099","AQS"
"03/16/2002","15","","MONITOR LOCATED WITHIN PORTABLE INSTRUMENT SHELTER","13-121-0099","AQS"
"03/17/2002","16","","MONITOR LOCATED WITHIN PORTABLE INSTRUMENT SHELTER","13-121-0099","AQS"
"03/18/2002","11","","MONITOR LOCATED WITHIN PORTABLE INSTRUMENT SHELTER","13-121-0099","AQS"
"03/19/2002","11","","MONITOR LOCATED WITHIN PORTABLE INSTRUMENT SHELTER","13-121-0099","AQS"
"03/20/2002","9","","MONITOR LOCATED WITHIN PORTABLE INSTRUMENT SHELTER","13-121-0099","AQS"
"03/21/2002","7","","Not Available","13-089-1002","AQS"
"03/22/2002","5","","Not Available","13-089-1002","AQS"
"03/23/2002","13","","Not Available","13-089-1002","AQS"
"03/24/2002","22","","Not Available","13-089-1002","AQS"
"03/25/2002","13","","Not Available","13-089-1002","AQS"
"03/26/2002","13","","MONITOR LOCATED WITHIN PORTABLE INSTRUMENT SHELTER","13-121-0099","AQS"
"03/27/2002","6","","Not Available","13-089-1002","AQS"
"03/28/2002","9","","MONITOR LOCATED WITHIN PORTABLE INSTRUMENT SHELTER","13-121-0099","AQS"
"03/29/2002","9","","Not Available","13-089-1002","AQS"
"03/30/2002","11","","Not Available","13-089-1002","AQS"
"03/31/2002","9","","Not Available","13-089-1002","AQS"
"04/01/2002","13","","Not Available","13-089-1002","AQS"
"04/02/2002","15","","MONITOR LOCATED WITHIN PORTABLE INSTRUMENT SHELTER","13-121-0099","AQS"
"04/03/2002","11","","Not Available","13-089-1002","AQS"
"04/04/2002","6","","Not Available","13-089-1002","AQS"
"04/05/2002","7","","Not Available","13-089-1002","AQS"
"04/06/2002","8","","Not Available","13-089-1002","AQS"
"04/07/2002","10","","Not Available","13-089-1002","AQS"
"04/08/2002","9","","MONITOR LOCATED WITHIN PORTABLE INSTRUMENT SHELTER","13-121-0099","AQS"
"04/09/2002","10","","MONITOR LOCATED WITHIN PORTABLE INSTRUMENT SHELTER","13-121-0099","AQS"
"04/10/2002","10","","MONITOR LOCATED WITHIN PORTABLE INSTRUMENT SHELTER","13-121-0099","AQS"
"04/11/2002","10","","MONITOR LOCATED WITHIN PORTABLE INSTRUMENT SHELTER","13-121-0099","AQS"
"04/12/2002","13","","MONITOR LOCATED WITHIN PORTABLE INSTRUMENT SHELTER","13-121-0099","AQS"
"04/13/2002","10","","MONITOR LOCATED WITHIN PORTABLE INSTRUMENT SHELTER","13-121-0099","AQS"
"04/14/2002","10","","Not Available","13-089-1002","AQS"
"04/15/2002","15","","MONITOR LOCATED WITHIN PORTABLE INSTRUMENT SHELTER","13-121-0099","AQS"
"04/16/2002","20","","Not Available","13-089-1002","AQS"
"04/17/2002","17","","Not Available","13-089-1002","AQS"
"04/18/2002","18","","Not Available","13-089-1002","AQS"
"04/19/2002","17","","Not Available","13-089-1002","AQS"
"04/20/2002","9","","Not Available","13-089-1002","AQS"
"04/21/2002","8","","MONITOR LOCATED WITHIN PORTABLE INSTRUMENT SHELTER","13-121-0099","AQS"
"04/22/2002","5","","MONITOR LOCATED WITHIN PORTABLE INSTRUMENT SHELTER","13-121-0099","AQS"
"04/23/2002","10","","Not Available","13-089-1002","AQS"
"04/24/2002","15","","Not Available","13-089-1002","AQS"
"04/25/2002","7","","Not Available","13-089-1002","AQS"
"04/26/2002","10","","MONITOR LOCATED WITHIN PORTABLE INSTRUMENT SHELTER","13-121-0099","AQS"
"04/27/2002","10","","Not Available","13-089-1002","AQS"
"04/28/2002","7","","MONITOR LOCATED WITHIN PORTABLE INSTRUMENT SHELTER","13-121-0099","AQS"
"04/29/2002","9","","Not Available","13-089-1002","AQS"
"04/30/2002","14","","Not Available","13-089-1002","AQS"
"05/01/2002","10","","MONITOR LOCATED WITHIN PORTABLE INSTRUMENT SHELTER","13-121-0099","AQS"
"05/02/2002","9","","Not Available","13-089-1002","AQS"
"05/03/2002","10","","Not Available","13-089-1002","AQS"
"05/04/2002","10","","Not Available","13-089-1002","AQS"
"05/05/2002","8","","MONITOR LOCATED WITHIN PORTABLE INSTRUMENT SHELTER","13-121-0099","AQS"
"05/06/2002","10","","MONITOR LOCATED WITHIN PORTABLE INSTRUMENT SHELTER","13-121-0099","AQS"
"05/07/2002","11","","Not Available","13-089-1002","AQS"
"05/08/2002","16","","Not Available","13-089-1002","AQS"
"05/09/2002","15","","Not Available","13-089-1002","AQS"
"05/10/2002","14","","Not Available","13-089-1002","AQS"
"05/11/2002","13","","MONITOR LOCATED WITHIN PORTABLE INSTRUMENT SHELTER","13-121-0099","AQS"
"05/12/2002","8","","MONITOR LOCATED WITHIN PORTABLE INSTRUMENT SHELTER","13-121-0099","AQS"
"05/13/2002","8","","MONITOR LOCATED WITHIN PORTABLE INSTRUMENT SHELTER","13-121-0099","AQS"
"05/14/2002","6","","Not Available","13-089-1002","AQS"
"05/15/2002","13","","MONITOR LOCATED WITHIN PORTABLE INSTRUMENT SHELTER","13-121-0099","AQS"
"05/16/2002","14","","MONITOR LOCATED WITHIN PORTABLE INSTRUMENT SHELTER","13-121-0099","AQS"
"05/17/2002","11","","Not Available","13-089-1002","AQS"
"05/18/2002","5","","Not Available","13-089-1002","AQS"
"05/19/2002","3","","Not Available","13-089-1002","AQS"
"05/20/2002","7","","MONITOR LOCATED WITHIN PORTABLE INSTRUMENT SHELTER","13-121-0099","AQS"
"05/21/2002","8","","Not Available","13-089-1002","AQS"
"05/22/2002","7","","Not Available","13-089-1002","AQS"
"05/23/2002","10","","Not Available","13-089-1002","AQS"
"05/24/2002","18","","Not Available","13-089-1002","AQS"
"05/25/2002","19","","Not Available","13-089-1002","AQS"
"05/26/2002","18","","Not Available","13-089-1002","AQS"
"05/27/2002","9","","Not Available","13-089-1002","AQS"
"05/28/2002","10","","MONITOR LOCATED WITHIN PORTABLE INSTRUMENT SHELTER","13-121-0099","AQS"
"05/29/2002","11","","MONITOR LOCATED WITHIN PORTABLE INSTRUMENT SHELTER","13-121-0099","AQS"
"05/30/2002","8","","MONITOR LOCATED WITHIN PORTABLE INSTRUMENT SHELTER","13-121-0099","AQS"
"05/31/2002","9","","MONITOR LOCATED WITHIN PORTABLE INSTRUMENT SHELTER","13-121-0099","AQS"
"06/01/2002","8","","Not Available","13-089-1002","AQS"
"06/02/2002","8","","Not Available","13-089-1002","AQS"
"06/03/2002","8","","Not Available","13-089-1002","AQS"
"06/04/2002","14","","MONITOR LOCATED WITHIN PORTABLE INSTRUMENT SHELTER","13-121-0099","AQS"
"06/05/2002","11","","MONITOR LOCATED WITHIN PORTABLE INSTRUMENT SHELTER","13-121-0099","AQS"
"06/06/2002","13","","MONITOR LOCATED WITHIN PORTABLE INSTRUMENT SHELTER","13-121-0099","AQS"
"06/07/2002","10","","MONITOR LOCATED WITHIN PORTABLE INSTRUMENT SHELTER","13-121-0099","AQS"
"06/08/2002","8","","MONITOR LOCATED WITHIN PORTABLE INSTRUMENT SHELTER","13-121-0099","AQS"
"06/09/2002","8","","MONITOR LOCATED WITHIN PORTABLE INSTRUMENT SHELTER","13-121-0099","AQS"
"06/10/2002","10","","MONITOR LOCATED WITHIN PORTABLE INSTRUMENT SHELTER","13-121-0099","AQS"
"06/11/2002","13","","MONITOR LOCATED WITHIN PORTABLE INSTRUMENT SHELTER","13-121-0099","AQS"
"06/12/2002","14","","MONITOR LOCATED WITHIN PORTABLE INSTRUMENT SHELTER","13-121-0099","AQS"
"06/13/2002","19","","Not Available","13-089-1002","AQS"
"06/14/2002","8","","Not Available","13-089-1002","AQS"
"06/15/2002","8","","Not Available","13-089-1002","AQS"
"06/16/2002","10","","Not Available","13-089-1002","AQS"
"06/17/2002","9","","Not Available","13-089-1002","AQS"
"06/18/2002","13","","Not Available","13-089-1002","AQS"
"06/19/2002","9","","Not Available","13-089-1002","AQS"
"06/20/2002","9","","Not Available","13-089-1002","AQS"
"06/21/2002","8","","MONITOR LOCATED WITHIN PORTABLE INSTRUMENT SHELTER","13-121-0099","AQS"
"06/22/2002","8","","MONITOR LOCATED WITHIN PORTABLE INSTRUMENT SHELTER","13-121-0099","AQS"
"06/23/2002","8","","MONITOR LOCATED WITHIN PORTABLE INSTRUMENT SHELTER","13-121-0099","AQS"
"06/24/2002","10","","MONITOR LOCATED WITHIN PORTABLE INSTRUMENT SHELTER","13-121-0099","AQS"
"06/25/2002","11","","Not Available","13-089-1002","AQS"
"06/26/2002","11","","Not Available","13-089-1002","AQS"
"06/27/2002","8","","Not Available","13-089-1002","AQS"
"06/28/2002","7","","Not Available","13-089-1002","AQS"
"06/29/2002","7","","Not Available","13-089-1002","AQS"
"06/30/2002","9","","Not Available","13-089-1002","AQS"
"07/01/2002","13","","MONITOR LOCATED WITHIN PORTABLE INSTRUMENT SHELTER","13-121-0099","AQS"
"07/02/2002","13","","Not Available","13-089-1002","AQS"
"07/03/2002","10","","MONITOR LOCATED WITHIN PORTABLE INSTRUMENT SHELTER","13-121-0099","AQS"
"07/04/2002","13","","Not Available","13-089-1002","AQS"
"07/05/2002","13","","MONITOR LOCATED WITHIN PORTABLE INSTRUMENT SHELTER","13-121-0099","AQS"
"07/06/2002","11","","MONITOR LOCATED WITHIN PORTABLE INSTRUMENT SHELTER","13-121-0099","AQS"
"07/07/2002","7","","MONITOR LOCATED WITHIN PORTABLE INSTRUMENT SHELTER","13-121-0099","AQS"
"07/08/2002","10","","MONITOR LOCATED WITHIN PORTABLE INSTRUMENT SHELTER","13-121-0099","AQS"
"07/09/2002","10","","MONITOR LOCATED WITHIN PORTABLE INSTRUMENT SHELTER","13-121-0099","AQS"
"07/10/2002","7","","MONITOR LOCATED WITHIN PORTABLE INSTRUMENT SHELTER","13-121-0099","AQS"
"07/11/2002","11","","MONITOR LOCATED WITHIN PORTABLE INSTRUMENT SHELTER","13-121-0099","AQS"
"07/12/2002","10","","MONITOR LOCATED WITHIN PORTABLE INSTRUMENT SHELTER","13-121-0099","AQS"
"07/13/2002","10","","MONITOR LOCATED WITHIN PORTABLE INSTRUMENT SHELTER","13-121-0099","AQS"
"07/14/2002","8","","Not Available","13-089-1002","AQS"
"07/15/2002","7","","Not Available","13-089-1002","AQS"
"07/16/2002","7","","Not Available","13-089-1002","AQS"
"07/17/2002","7","","MONITOR LOCATED WITHIN PORTABLE INSTRUMENT SHELTER","13-121-0099","AQS"
"07/18/2002","6","","MONITOR LOCATED WITHIN PORTABLE INSTRUMENT SHELTER","13-121-0099","AQS"
"07/19/2002","6","","MONITOR LOCATED WITHIN PORTABLE INSTRUMENT SHELTER","13-121-0099","AQS"
"07/20/2002","5","","MONITOR LOCATED WITHIN PORTABLE INSTRUMENT SHELTER","13-121-0099","AQS"
"07/21/2002","7","","MONITOR LOCATED WITHIN PORTABLE INSTRUMENT SHELTER","13-121-0099","AQS"
"07/22/2002","14","","MONITOR LOCATED WITHIN PORTABLE INSTRUMENT SHELTER","13-121-0099","AQS"
"07/23/2002","11","","MONITOR LOCATED WITHIN PORTABLE INSTRUMENT SHELTER","13-121-0099","AQS"
"07/24/2002","14","","MONITOR LOCATED WITHIN PORTABLE INSTRUMENT SHELTER","13-121-0099","AQS"
"07/25/2002","11","","MONITOR LOCATED WITHIN PORTABLE INSTRUMENT SHELTER","13-121-0099","AQS"
"07/26/2002","7","","MONITOR LOCATED WITHIN PORTABLE INSTRUMENT SHELTER","13-121-0099","AQS"
"07/27/2002","5","","MONITOR LOCATED WITHIN PORTABLE INSTRUMENT SHELTER","13-121-0099","AQS"
"07/28/2002","5","","MONITOR LOCATED WITHIN PORTABLE INSTRUMENT SHELTER","13-121-0099","AQS"
"07/29/2002","5","","MONITOR LOCATED WITHIN PORTABLE INSTRUMENT SHELTER","13-121-0099","AQS"
"07/30/2002","5","","MONITOR LOCATED WITHIN PORTABLE INSTRUMENT SHELTER","13-121-0099","AQS"
"07/31/2002","6","","MONITOR LOCATED WITHIN PORTABLE INSTRUMENT SHELTER","13-121-0099","AQS"
"08/01/2002","8","","MONITOR LOCATED WITHIN PORTABLE INSTRUMENT SHELTER","13-121-0099","AQS"
"08/02/2002","10","","MONITOR LOCATED WITHIN PORTABLE INSTRUMENT SHELTER","13-121-0099","AQS"
"08/03/2002","9","","MONITOR LOCATED WITHIN PORTABLE INSTRUMENT SHELTER","13-121-0099","AQS"
"08/04/2002","10","","MONITOR LOCATED WITHIN PORTABLE INSTRUMENT SHELTER","13-121-0099","AQS"
"08/05/2002","9","","MONITOR LOCATED WITHIN PORTABLE INSTRUMENT SHELTER","13-121-0099","AQS"
"08/06/2002","6","","MONITOR LOCATED WITHIN PORTABLE INSTRUMENT SHELTER","13-121-0099","AQS"
"08/07/2002","10","","MONITOR LOCATED WITHIN PORTABLE INSTRUMENT SHELTER","13-121-0099","AQS"
"08/08/2002","10","","MONITOR LOCATED WITHIN PORTABLE INSTRUMENT SHELTER","13-121-0099","AQS"
"08/09/2002","14","","MONITOR LOCATED WITHIN PORTABLE INSTRUMENT SHELTER","13-121-0099","AQS"
"08/10/2002","10","","MONITOR LOCATED WITHIN PORTABLE INSTRUMENT SHELTER","13-121-0099","AQS"
"08/11/2002","10","","MONITOR LOCATED WITHIN PORTABLE INSTRUMENT SHELTER","13-121-0099","AQS"
"08/12/2002","10","","MONITOR LOCATED WITHIN PORTABLE INSTRUMENT SHELTER","13-121-0099","AQS"
"08/13/2002","9","","MONITOR LOCATED WITHIN PORTABLE INSTRUMENT SHELTER","13-121-0099","AQS"
"08/14/2002","9","","MONITOR LOCATED WITHIN PORTABLE INSTRUMENT SHELTER","13-121-0099","AQS"
"08/15/2002","11","","MONITOR LOCATED WITHIN PORTABLE INSTRUMENT SHELTER","13-121-0099","AQS"
"08/16/2002","11","","MONITOR LOCATED WITHIN PORTABLE INSTRUMENT SHELTER","13-121-0099","AQS"
"08/17/2002","8","","Not Available","13-089-1002","AQS"
"08/18/2002","15","","Not Available","13-089-1002","AQS"
"08/19/2002","7","","Not Available","13-089-1002","AQS"
"08/20/2002","9","","Not Available","13-089-1002","AQS"
"08/21/2002","13","","MONITOR LOCATED WITHIN PORTABLE INSTRUMENT SHELTER","13-121-0099","AQS"
"08/22/2002","17","","MONITOR LOCATED WITHIN PORTABLE INSTRUMENT SHELTER","13-121-0099","AQS"
"08/23/2002","16","","Not Available","13-089-1002","AQS"
"08/24/2002","9","","Not Available","13-089-1002","AQS"
"08/25/2002","7","","Not Available","13-089-1002","AQS"
"08/26/2002","9","","MONITOR LOCATED WITHIN PORTABLE INSTRUMENT SHELTER","13-121-0099","AQS"
"08/27/2002","11","","MONITOR LOCATED WITHIN PORTABLE INSTRUMENT SHELTER","13-121-0099","AQS"
"08/28/2002","10","","MONITOR LOCATED WITHIN PORTABLE INSTRUMENT SHELTER","13-121-0099","AQS"
"08/29/2002","8","","MONITOR LOCATED WITHIN PORTABLE INSTRUMENT SHELTER","13-121-0099","AQS"
"08/30/2002","9","","MONITOR LOCATED WITHIN PORTABLE INSTRUMENT SHELTER","13-121-0099","AQS"
"08/31/2002","7","","Not Available","13-089-1002","AQS"
"09/01/2002","8","","Not Available","13-089-1002","AQS"
"09/02/2002","8","","MONITOR LOCATED WITHIN PORTABLE INSTRUMENT SHELTER","13-121-0099","AQS"
"09/03/2002","13","","MONITOR LOCATED WITHIN PORTABLE INSTRUMENT SHELTER","13-121-0099","AQS"
"09/04/2002","13","","MONITOR LOCATED WITHIN PORTABLE INSTRUMENT SHELTER","13-121-0099","AQS"
"09/05/2002","16","","MONITOR LOCATED WITHIN PORTABLE INSTRUMENT SHELTER","13-121-0099","AQS"
"09/06/2002","10","","MONITOR LOCATED WITHIN PORTABLE INSTRUMENT SHELTER","13-121-0099","AQS"
"09/07/2002","8","","MONITOR LOCATED WITHIN PORTABLE INSTRUMENT SHELTER","13-121-0099","AQS"
"09/08/2002","9","","MONITOR LOCATED WITHIN PORTABLE INSTRUMENT SHELTER","13-121-0099","AQS"
"09/09/2002","10","","Not Available","13-089-1002","AQS"
"09/10/2002","16","","Not Available","13-089-1002","AQS"
"09/11/2002","9","","Not Available","13-089-1002","AQS"
"09/12/2002","8","","MONITOR LOCATED WITHIN PORTABLE INSTRUMENT SHELTER","13-121-0099","AQS"
"09/13/2002","13","","MONITOR LOCATED WITHIN PORTABLE INSTRUMENT SHELTER","13-121-0099","AQS"
"09/14/2002","9","","MONITOR LOCATED WITHIN PORTABLE INSTRUMENT SHELTER","13-121-0099","AQS"
"09/15/2002","8","","Not Available","13-089-1002","AQS"
"09/16/2002","11","","MONITOR LOCATED WITHIN PORTABLE INSTRUMENT SHELTER","13-121-0099","AQS"
"09/17/2002","14","","MONITOR LOCATED WITHIN PORTABLE INSTRUMENT SHELTER","13-121-0099","AQS"
"09/18/2002","14","","MONITOR LOCATED WITHIN PORTABLE INSTRUMENT SHELTER","13-121-0099","AQS"
"09/19/2002","11","","MONITOR LOCATED WITHIN PORTABLE INSTRUMENT SHELTER","13-121-0099","AQS"
"09/20/2002","11","","MONITOR LOCATED WITHIN PORTABLE INSTRUMENT SHELTER","13-121-0099","AQS"
"09/21/2002","8","","MONITOR LOCATED WITHIN PORTABLE INSTRUMENT SHELTER","13-121-0099","AQS"
"09/22/2002","9","","Not Available","13-089-1002","AQS"
"09/23/2002","11","","MONITOR LOCATED WITHIN PORTABLE INSTRUMENT SHELTER","13-121-0099","AQS"
"09/24/2002","10","","Not Available","13-089-1002","AQS"
"09/25/2002","8","","Not Available","13-089-1002","AQS"
"09/26/2002","9","","MONITOR LOCATED WITHIN PORTABLE INSTRUMENT SHELTER","13-121-0099","AQS"
"09/27/2002","9","","MONITOR LOCATED WITHIN PORTABLE INSTRUMENT SHELTER","13-121-0099","AQS"
"09/28/2002","14","","MONITOR LOCATED WITHIN PORTABLE INSTRUMENT SHELTER","13-121-0099","AQS"
"09/29/2002","14","","MONITOR LOCATED WITHIN PORTABLE INSTRUMENT SHELTER","13-121-0099","AQS"
"09/30/2002","10","","MONITOR LOCATED WITHIN PORTABLE INSTRUMENT SHELTER","13-121-0099","AQS"
"10/01/2002","16","","MONITOR LOCATED WITHIN PORTABLE INSTRUMENT SHELTER","13-121-0099","AQS"
"10/02/2002","16","","MONITOR LOCATED WITHIN PORTABLE INSTRUMENT SHELTER","13-121-0099","AQS"
"10/03/2002","16","","MONITOR LOCATED WITHIN PORTABLE INSTRUMENT SHELTER","13-121-0099","AQS"
"10/04/2002","14","","MONITOR LOCATED WITHIN PORTABLE INSTRUMENT SHELTER","13-121-0099","AQS"
"10/05/2002","13","","Not Available","13-089-1002","AQS"
"10/06/2002","20","","Not Available","13-089-1002","AQS"
"10/07/2002","10","","MONITOR LOCATED WITHIN PORTABLE INSTRUMENT SHELTER","13-121-0099","AQS"
"10/08/2002","10","","MONITOR LOCATED WITHIN PORTABLE INSTRUMENT SHELTER","13-121-0099","AQS"
"10/09/2002","13","","MONITOR LOCATED WITHIN PORTABLE INSTRUMENT SHELTER","13-121-0099","AQS"
"10/10/2002","13","","MONITOR LOCATED WITHIN PORTABLE INSTRUMENT SHELTER","13-121-0099","AQS"
"10/11/2002","17","","Not Available","13-089-1002","AQS"
"10/12/2002","25","","Not Available","13-089-1002","AQS"
"10/13/2002","11","","MONITOR LOCATED WITHIN PORTABLE INSTRUMENT SHELTER","13-121-0099","AQS"
"10/14/2002","8","","MONITOR LOCATED WITHIN PORTABLE INSTRUMENT SHELTER","13-121-0099","AQS"
"10/15/2002","10","","MONITOR LOCATED WITHIN PORTABLE INSTRUMENT SHELTER","13-121-0099","AQS"
"10/16/2002","7","","Not Available","13-089-1002","AQS"
"10/17/2002","11","","Not Available","13-089-1002","AQS"
"10/18/2002","18","","Not Available","13-089-1002","AQS"
"10/19/2002","23","","Not Available","13-089-1002","AQS"
"10/20/2002","24","","Not Available","13-089-1002","AQS"
"10/21/2002","14","","Not Available","13-089-1002","AQS"
"10/22/2002","19","","Not Available","13-089-1002","AQS"
"10/23/2002","15","","MONITOR LOCATED WITHIN PORTABLE INSTRUMENT SHELTER","13-121-0099","AQS"
"10/24/2002","10","","MONITOR LOCATED WITHIN PORTABLE INSTRUMENT SHELTER","13-121-0099","AQS"
"10/25/2002","15","","MONITOR LOCATED WITHIN PORTABLE INSTRUMENT SHELTER","13-121-0099","AQS"
"10/26/2002","17","","Not Available","13-089-1002","AQS"
"10/27/2002","24","","Not Available","13-089-1002","AQS"
"10/28/2002","15","","MONITOR LOCATED WITHIN PORTABLE INSTRUMENT SHELTER","13-121-0099","AQS"
"10/29/2002","14","","MONITOR LOCATED WITHIN PORTABLE INSTRUMENT SHELTER","13-121-0099","AQS"
"10/30/2002","10","","MONITOR LOCATED WITHIN PORTABLE INSTRUMENT SHELTER","13-121-0099","AQS"
"10/31/2002","6","","Not Available","13-089-1002","AQS"
"11/01/2002","9","","MONITOR LOCATED WITHIN PORTABLE INSTRUMENT SHELTER","13-121-0099","AQS"
"11/02/2002","5","","Not Available","13-089-1002","AQS"
"11/03/2002","11","","MONITOR LOCATED WITHIN PORTABLE INSTRUMENT SHELTER","13-121-0099","AQS"
"11/04/2002","10","","Not Available","13-089-1002","AQS"
"11/05/2002","11","","Not Available","13-089-1002","AQS"
"11/06/2002","10","","MONITOR LOCATED WITHIN PORTABLE INSTRUMENT SHELTER","13-121-0099","AQS"
"11/07/2002","17","","Not Available","13-089-1002","AQS"
"11/08/2002","27","","Not Available","13-089-1002","AQS"
"11/09/2002","25","","Not Available","13-089-1002","AQS"
"11/10/2002","9","","MONITOR LOCATED WITHIN PORTABLE INSTRUMENT SHELTER","13-121-0099","AQS"
"11/11/2002","13","","Not Available","13-089-1002","AQS"
"11/12/2002","13","","Not Available","13-089-1002","AQS"
"11/13/2002","8","","Not Available","13-089-1002","AQS"
"11/14/2002","23","","Not Available","13-089-1002","AQS"
"11/15/2002","25","","Not Available","13-089-1002","AQS"
"11/16/2002","16","","MONITOR LOCATED WITHIN PORTABLE INSTRUMENT SHELTER","13-121-0099","AQS"
"11/17/2002","6","","Yorkville, King Farm","13-223-0003","AQS"
"11/18/2002","20","","Not Available","13-089-1002","AQS"
"11/19/2002","26","","Not Available","13-089-1002","AQS"
"11/20/2002","20","","MONITOR LOCATED WITHIN PORTABLE INSTRUMENT SHELTER","13-121-0099","AQS"
"11/21/2002","13","","MONITOR LOCATED WITHIN PORTABLE INSTRUMENT SHELTER","13-121-0099","AQS"
"11/22/2002","9","","MONITOR LOCATED WITHIN PORTABLE INSTRUMENT SHELTER","13-121-0099","AQS"
"11/23/2002","14","","Not Available","13-089-1002","AQS"
"11/24/2002","19","","Not Available","13-089-1002","AQS"
"11/25/2002","42","","Not Available","13-089-1002","AQS"
"11/26/2002","26","","Not Available","13-089-1002","AQS"
"11/27/2002","6","","Not Available","13-089-1002","AQS"
"11/28/2002","6","","Not Available","13-089-1002","AQS"
"11/29/2002","7","","Not Available","13-089-1002","AQS"
"11/30/2002","6","","MONITOR LOCATED WITHIN PORTABLE INSTRUMENT SHELTER","13-121-0099","AQS"
"12/01/2002","5","","Not Available","13-089-1002","AQS"
"12/02/2002","11","","MONITOR LOCATED WITHIN PORTABLE INSTRUMENT SHELTER","13-121-0099","AQS"
"12/03/2002","17","","Not Available","13-089-1002","AQS"
"12/04/2002","17","","Not Available","13-089-1002","AQS"
"12/05/2002","9","","MONITOR LOCATED WITHIN PORTABLE INSTRUMENT SHELTER","13-121-0099","AQS"
"12/06/2002","7","","MONITOR LOCATED WITHIN PORTABLE INSTRUMENT SHELTER","13-121-0099","AQS"
"12/07/2002","25","","Not Available","13-089-1002","AQS"
"12/08/2002","41","","Not Available","13-089-1002","AQS"
"12/09/2002","14","","MONITOR LOCATED WITHIN PORTABLE INSTRUMENT SHELTER","13-121-0099","AQS"
"12/10/2002","6","","Not Available","13-089-1002","AQS"
"12/11/2002","7","","Not Available","13-089-1002","AQS"
"12/12/2002","16","","MONITOR LOCATED WITHIN PORTABLE INSTRUMENT SHELTER","13-121-0099","AQS"
"12/13/2002","13","","MONITOR LOCATED WITHIN PORTABLE INSTRUMENT SHELTER","13-121-0099","AQS"
"12/14/2002","6","","MONITOR LOCATED WITHIN PORTABLE INSTRUMENT SHELTER","13-121-0099","AQS"
"12/15/2002","10","","Not Available","13-089-1002","AQS"
"12/16/2002","17","","Not Available","13-089-1002","AQS"
"12/17/2002","28","","Not Available","13-089-1002","AQS"
"12/18/2002","14","","MONITOR LOCATED WITHIN PORTABLE INSTRUMENT SHELTER","13-121-0099","AQS"
"12/19/2002","13","","MONITOR LOCATED WITHIN PORTABLE INSTRUMENT SHELTER","13-121-0099","AQS"
"12/20/2002","8","","MONITOR LOCATED WITHIN PORTABLE INSTRUMENT SHELTER","13-121-0099","AQS"
"12/21/2002","19","","Not Available","13-089-1002","AQS"
"12/22/2002","20","","Not Available","13-089-1002","AQS"
"12/23/2002","22","","MONITOR LOCATED WITHIN PORTABLE INSTRUMENT SHELTER","13-121-0099","AQS"
"12/24/2002","19","","MONITOR LOCATED WITHIN PORTABLE INSTRUMENT SHELTER","13-121-0099","AQS"
"12/25/2002","7","","MONITOR LOCATED WITHIN PORTABLE INSTRUMENT SHELTER","13-121-0099","AQS"
"12/26/2002","9","","MONITOR LOCATED WITHIN PORTABLE INSTRUMENT SHELTER","13-121-0099","AQS"
"12/27/2002","11","","MONITOR LOCATED WITHIN PORTABLE INSTRUMENT SHELTER","13-121-0099","AQS"
"12/28/2002","11","","Not Available","13-089-1002","AQS"
"12/29/2002","15","","Not Available","13-089-1002","AQS"
"12/30/2002","27","","Not Available","13-089-1002","AQS"
"12/31/2002","17","","MONITOR LOCATED WITHIN PORTABLE INSTRUMENT SHELTER","13-121-0099","AQS"
"01/01/2003","6","","MONITOR LOCATED WITHIN PORTABLE INSTRUMENT SHELTER","13-121-0099","AQS"
"01/02/2003","10","","MONITOR LOCATED WITHIN PORTABLE INSTRUMENT SHELTER","13-121-0099","AQS"
"01/03/2003","8","","Not Available","13-089-1002","AQS"
"01/04/2003","15","","Not Available","13-089-1002","AQS"
"01/05/2003","22","","Not Available","13-089-1002","AQS"
"01/06/2003","11","","Not Available","13-089-1002","AQS"
"01/07/2003","6","","Not Available","13-089-1002","AQS"
"01/08/2003","7","","MONITOR LOCATED WITHIN PORTABLE INSTRUMENT SHELTER","13-121-0099","AQS"
"01/09/2003","9","","MONITOR LOCATED WITHIN PORTABLE INSTRUMENT SHELTER","13-121-0099","AQS"
"01/10/2003","6","","MONITOR LOCATED WITHIN PORTABLE INSTRUMENT SHELTER","13-121-0099","AQS"
"01/11/2003","2","","Not Available","13-089-1002","AQS"
"01/12/2003","6","","Not Available","13-089-1002","AQS"
"01/13/2003","9","","MONITOR LOCATED WITHIN PORTABLE INSTRUMENT SHELTER","13-121-0099","AQS"
"01/14/2003","10","","MONITOR LOCATED WITHIN PORTABLE INSTRUMENT SHELTER","13-121-0099","AQS"
"01/15/2003","6","","MONITOR LOCATED WITHIN PORTABLE INSTRUMENT SHELTER","13-121-0099","AQS"
"01/16/2003","18","","MONITOR LOCATED WITHIN PORTABLE INSTRUMENT SHELTER","13-121-0099","AQS"
"01/17/2003","5","","MONITOR LOCATED WITHIN PORTABLE INSTRUMENT SHELTER","13-121-0099","AQS"
"01/18/2003","5","","MONITOR LOCATED WITHIN PORTABLE INSTRUMENT SHELTER","13-121-0099","AQS"
"01/19/2003","6","","MONITOR LOCATED WITHIN PORTABLE INSTRUMENT SHELTER","13-121-0099","AQS"
"01/20/2003","7","","MONITOR LOCATED WITHIN PORTABLE INSTRUMENT SHELTER","13-121-0099","AQS"
"01/21/2003","7","","MONITOR LOCATED WITHIN PORTABLE INSTRUMENT SHELTER","13-121-0099","AQS"
"01/22/2003","10","","MONITOR LOCATED WITHIN PORTABLE INSTRUMENT SHELTER","13-121-0099","AQS"
"01/23/2003","5","","MONITOR LOCATED WITHIN PORTABLE INSTRUMENT SHELTER","13-121-0099","AQS"
"01/24/2003","3","","Not Available","13-089-1002","AQS"
"01/25/2003","10","","Not Available","13-089-1002","AQS"
"01/26/2003","10","","Not Available","13-089-1002","AQS"
"01/27/2003","14","","Not Available","13-089-1002","AQS"
"01/28/2003","26","","Not Available","13-089-1002","AQS"
"01/29/2003","11","","MONITOR LOCATED WITHIN PORTABLE INSTRUMENT SHELTER","13-121-0099","AQS"
"01/30/2003","10","","MONITOR LOCATED WITHIN PORTABLE INSTRUMENT SHELTER","13-121-0099","AQS"
"01/31/2003","13","","MONITOR LOCATED WITHIN PORTABLE INSTRUMENT SHELTER","13-121-0099","AQS"
"02/01/2003","11","","MONITOR LOCATED WITHIN PORTABLE INSTRUMENT SHELTER","13-121-0099","AQS"
"02/02/2003","7","","MONITOR LOCATED WITHIN PORTABLE INSTRUMENT SHELTER","13-121-0099","AQS"
"02/03/2003","10","","MONITOR LOCATED WITHIN PORTABLE INSTRUMENT SHELTER","13-121-0099","AQS"
"02/04/2003","9","","MONITOR LOCATED WITHIN PORTABLE INSTRUMENT SHELTER","13-121-0099","AQS"
"02/05/2003","6","","MONITOR LOCATED WITHIN PORTABLE INSTRUMENT SHELTER","13-121-0099","AQS"
"02/06/2003","14","","MONITOR LOCATED WITHIN PORTABLE INSTRUMENT SHELTER","13-121-0099","AQS"
"02/07/2003","7","","MONITOR LOCATED WITHIN PORTABLE INSTRUMENT SHELTER","13-121-0099","AQS"
"02/08/2003","2","","MONITOR LOCATED WITHIN PORTABLE INSTRUMENT SHELTER","13-121-0099","AQS"
"02/09/2003","8","","MONITOR LOCATED WITHIN PORTABLE INSTRUMENT SHELTER","13-121-0099","AQS"
"02/10/2003","7","","MONITOR LOCATED WITHIN PORTABLE INSTRUMENT SHELTER","13-121-0099","AQS"
"02/11/2003","8","","MONITOR LOCATED WITHIN PORTABLE INSTRUMENT SHELTER","13-121-0099","AQS"
"02/12/2003","6","","MONITOR LOCATED WITHIN PORTABLE INSTRUMENT SHELTER","13-121-0099","AQS"
"02/13/2003","7","","MONITOR LOCATED WITHIN PORTABLE INSTRUMENT SHELTER","13-121-0099","AQS"
"02/14/2003","24","","MONITOR LOCATED WITHIN PORTABLE INSTRUMENT SHELTER","13-121-0099","AQS"
"02/15/2003","15","","MONITOR LOCATED WITHIN PORTABLE INSTRUMENT SHELTER","13-121-0099","AQS"
"02/16/2003","14","","MONITOR LOCATED WITHIN PORTABLE INSTRUMENT SHELTER","13-121-0099","AQS"
"02/17/2003","9","","MONITOR LOCATED WITHIN PORTABLE INSTRUMENT SHELTER","13-121-0099","AQS"
"02/18/2003","8","","MONITOR LOCATED WITHIN PORTABLE INSTRUMENT SHELTER","13-121-0099","AQS"
"02/19/2003","18","","MONITOR LOCATED WITHIN PORTABLE INSTRUMENT SHELTER","13-121-0099","AQS"
"02/20/2003","20","","MONITOR LOCATED WITHIN PORTABLE INSTRUMENT SHELTER","13-121-0099","AQS"
"02/21/2003","15","","MONITOR LOCATED WITHIN PORTABLE INSTRUMENT SHELTER","13-121-0099","AQS"
"02/22/2003","10","","MONITOR LOCATED WITHIN PORTABLE INSTRUMENT SHELTER","13-121-0099","AQS"
"02/23/2003","6","","MONITOR LOCATED WITHIN PORTABLE INSTRUMENT SHELTER","13-121-0099","AQS"
"02/24/2003","9","","MONITOR LOCATED WITHIN PORTABLE INSTRUMENT SHELTER","13-121-0099","AQS"
"02/25/2003","6","","MONITOR LOCATED WITHIN PORTABLE INSTRUMENT SHELTER","13-121-0099","AQS"
"02/26/2003","11","","MONITOR LOCATED WITHIN PORTABLE INSTRUMENT SHELTER","13-121-0099","AQS"
"02/27/2003","14","","MONITOR LOCATED WITHIN PORTABLE INSTRUMENT SHELTER","13-121-0099","AQS"
"02/28/2003","13","","MONITOR LOCATED WITHIN PORTABLE INSTRUMENT SHELTER","13-121-0099","AQS"
"03/01/2003","13","","MONITOR LOCATED WITHIN PORTABLE INSTRUMENT SHELTER","13-121-0099","AQS"
"03/02/2003","9","","MONITOR LOCATED WITHIN PORTABLE INSTRUMENT SHELTER","13-121-0099","AQS"
"03/03/2003","18","","Not Available","13-089-1002","AQS"
"03/04/2003","23","","Not Available","13-089-1002","AQS"
"03/05/2003","14","","MONITOR LOCATED WITHIN PORTABLE INSTRUMENT SHELTER","13-121-0099","AQS"
"03/06/2003","11","","MONITOR LOCATED WITHIN PORTABLE INSTRUMENT SHELTER","13-121-0099","AQS"
"03/07/2003","14","","MONITOR LOCATED WITHIN PORTABLE INSTRUMENT SHELTER","13-121-0099","AQS"
"03/08/2003","14","","MONITOR LOCATED WITHIN PORTABLE INSTRUMENT SHELTER","13-121-0099","AQS"
"03/09/2003","10","","MONITOR LOCATED WITHIN PORTABLE INSTRUMENT SHELTER","13-121-0099","AQS"
"03/10/2003","6","","Not Available","13-089-1002","AQS"
"03/11/2003","14","","Not Available","13-089-1002","AQS"
"03/12/2003","20","","Not Available","13-089-1002","AQS"
"03/13/2003","19","","Not Available","13-089-1002","AQS"
"03/14/2003","10","","MONITOR LOCATED WITHIN PORTABLE INSTRUMENT SHELTER","13-121-0099","AQS"
"03/15/2003","11","","MONITOR LOCATED WITHIN PORTABLE INSTRUMENT SHELTER","13-121-0099","AQS"
"03/16/2003","14","","MONITOR LOCATED WITHIN PORTABLE INSTRUMENT SHELTER","13-121-0099","AQS"
"03/17/2003","14","","MONITOR LOCATED WITHIN PORTABLE INSTRUMENT SHELTER","13-121-0099","AQS"
"03/18/2003","14","","MONITOR LOCATED WITHIN PORTABLE INSTRUMENT SHELTER","13-121-0099","AQS"
"03/19/2003","11","","MONITOR LOCATED WITHIN PORTABLE INSTRUMENT SHELTER","13-121-0099","AQS"
"03/20/2003","13","","MONITOR LOCATED WITHIN PORTABLE INSTRUMENT SHELTER","13-121-0099","AQS"
"03/21/2003","9","","MONITOR LOCATED WITHIN PORTABLE INSTRUMENT SHELTER","13-121-0099","AQS"
"03/22/2003","7","","MONITOR LOCATED WITHIN PORTABLE INSTRUMENT SHELTER","13-121-0099","AQS"
"03/23/2003","7","","Not Available","13-089-1002","AQS"
"03/24/2003","13","","Not Available","13-089-1002","AQS"
"03/25/2003","18","","MONITOR LOCATED WITHIN PORTABLE INSTRUMENT SHELTER","13-121-0099","AQS"
"03/26/2003","9","","Not Available","13-089-1002","AQS"
"03/27/2003","9","","Not Available","13-089-1002","AQS"
"03/28/2003","15","","MONITOR LOCATED WITHIN PORTABLE INSTRUMENT SHELTER","13-121-0099","AQS"
"03/29/2003","14","","MONITOR LOCATED WITHIN PORTABLE INSTRUMENT SHELTER","13-121-0099","AQS"
"03/30/2003","3","","MONITOR LOCATED WITHIN PORTABLE INSTRUMENT SHELTER","13-121-0099","AQS"
"03/31/2003","10","","Not Available","13-089-1002","AQS"
"04/01/2003","18","","Not Available","13-089-1002","AQS"
"04/02/2003","8","","MONITOR LOCATED WITHIN PORTABLE INSTRUMENT SHELTER","13-121-0099","AQS"
"04/03/2003","9","","MONITOR LOCATED WITHIN PORTABLE INSTRUMENT SHELTER","13-121-0099","AQS"
"04/04/2003","9","","Not Available","13-089-1002","AQS"
"04/05/2003","14","","Not Available","13-089-1002","AQS"
"04/06/2003","20","","Not Available","13-089-1002","AQS"
"04/07/2003","11","","MONITOR LOCATED WITHIN PORTABLE INSTRUMENT SHELTER","13-121-0099","AQS"
"04/08/2003","14","","MONITOR LOCATED WITHIN PORTABLE INSTRUMENT SHELTER","13-121-0099","AQS"
"04/09/2003","15","","MONITOR LOCATED WITHIN PORTABLE INSTRUMENT SHELTER","13-121-0099","AQS"
"04/10/2003","7","","MONITOR LOCATED WITHIN PORTABLE INSTRUMENT SHELTER","13-121-0099","AQS"
"04/11/2003","8","","MONITOR LOCATED WITHIN PORTABLE INSTRUMENT SHELTER","13-121-0099","AQS"
"04/12/2003","11","","MONITOR LOCATED WITHIN PORTABLE INSTRUMENT SHELTER","13-121-0099","AQS"
"04/13/2003","11","","MONITOR LOCATED WITHIN PORTABLE INSTRUMENT SHELTER","13-121-0099","AQS"
"04/14/2003","17","","MONITOR LOCATED WITHIN PORTABLE INSTRUMENT SHELTER","13-121-0099","AQS"
"04/15/2003","15","","MONITOR LOCATED WITHIN PORTABLE INSTRUMENT SHELTER","13-121-0099","AQS"
"04/16/2003","16","","MONITOR LOCATED WITHIN PORTABLE INSTRUMENT SHELTER","13-121-0099","AQS"
"04/17/2003","14","","MONITOR LOCATED WITHIN PORTABLE INSTRUMENT SHELTER","13-121-0099","AQS"
"04/18/2003","13","","MONITOR LOCATED WITHIN PORTABLE INSTRUMENT SHELTER","13-121-0099","AQS"
"04/19/2003","9","","MONITOR LOCATED WITHIN PORTABLE INSTRUMENT SHELTER","13-121-0099","AQS"
"04/20/2003","8","","MONITOR LOCATED WITHIN PORTABLE INSTRUMENT SHELTER","13-121-0099","AQS"
"04/21/2003","11","","MONITOR LOCATED WITHIN PORTABLE INSTRUMENT SHELTER","13-121-0099","AQS"
"04/22/2003","7","","MONITOR LOCATED WITHIN PORTABLE INSTRUMENT SHELTER","13-121-0099","AQS"
"04/23/2003","9","","Not Available","13-089-1002","AQS"
"04/24/2003","19","","MONITOR LOCATED WITHIN PORTABLE INSTRUMENT SHELTER","13-121-0099","AQS"
"04/25/2003","14","","MONITOR LOCATED WITHIN PORTABLE INSTRUMENT SHELTER","13-121-0099","AQS"
"04/26/2003","11","","MONITOR LOCATED WITHIN PORTABLE INSTRUMENT SHELTER","13-121-0099","AQS"
"04/27/2003","10","","MONITOR LOCATED WITHIN PORTABLE INSTRUMENT SHELTER","13-121-0099","AQS"
"04/28/2003","15","","MONITOR LOCATED WITHIN PORTABLE INSTRUMENT SHELTER","13-121-0099","AQS"
"04/29/2003","15","","MONITOR LOCATED WITHIN PORTABLE INSTRUMENT SHELTER","13-121-0099","AQS"
"04/30/2003","16","","Not Available","13-089-1002","AQS"
"05/01/2003","13","","MONITOR LOCATED WITHIN PORTABLE INSTRUMENT SHELTER","13-121-0099","AQS"
"05/02/2003","9","","MONITOR LOCATED WITHIN PORTABLE INSTRUMENT SHELTER","13-121-0099","AQS"
"05/03/2003","9","","MONITOR LOCATED WITHIN PORTABLE INSTRUMENT SHELTER","13-121-0099","AQS"
"05/04/2003","9","","Not Available","13-089-1002","AQS"
"05/05/2003","13","","MONITOR LOCATED WITHIN PORTABLE INSTRUMENT SHELTER","13-121-0099","AQS"
"05/06/2003","16","","MONITOR LOCATED WITHIN PORTABLE INSTRUMENT SHELTER","13-121-0099","AQS"
"05/07/2003","14","","MONITOR LOCATED WITHIN PORTABLE INSTRUMENT SHELTER","13-121-0099","AQS"
"05/08/2003","9","","Not Available","13-089-1002","AQS"
"05/09/2003","10","","Not Available","13-089-1002","AQS"
"05/10/2003","14","","Not Available","13-089-1002","AQS"
"05/11/2003","7","","Not Available","13-089-1002","AQS"
"05/12/2003","6","","MONITOR LOCATED WITHIN PORTABLE INSTRUMENT SHELTER","13-121-0099","AQS"
"05/13/2003","6","","MONITOR LOCATED WITHIN PORTABLE INSTRUMENT SHELTER","13-121-0099","AQS"
"05/14/2003","15","","MONITOR LOCATED WITHIN PORTABLE INSTRUMENT SHELTER","13-121-0099","AQS"
"05/15/2003","17","","MONITOR LOCATED WITHIN PORTABLE INSTRUMENT SHELTER","13-121-0099","AQS"
"05/16/2003","11","","MONITOR LOCATED WITHIN PORTABLE INSTRUMENT SHELTER","13-121-0099","AQS"
"05/17/2003","13","","Not Available","13-089-1002","AQS"
"05/18/2003","7","","MONITOR LOCATED WITHIN PORTABLE INSTRUMENT SHELTER","13-121-0099","AQS"
"05/19/2003","8","","MONITOR LOCATED WITHIN PORTABLE INSTRUMENT SHELTER","13-121-0099","AQS"
"05/20/2003","10","","MONITOR LOCATED WITHIN PORTABLE INSTRUMENT SHELTER","13-121-0099","AQS"
"05/21/2003","16","","MONITOR LOCATED WITHIN PORTABLE INSTRUMENT SHELTER","13-121-0099","AQS"
"05/22/2003","11","","MONITOR LOCATED WITHIN PORTABLE INSTRUMENT SHELTER","13-121-0099","AQS"
"05/23/2003","9","","South DeKalb","13-089-0002","AQS"
"05/24/2003","14","","South DeKalb","13-089-0002","AQS"
"05/25/2003","18","","South DeKalb","13-089-0002","AQS"
"05/26/2003","9","","South DeKalb","13-089-0002","AQS"
"05/27/2003","7","","South DeKalb","13-089-0002","AQS"
"05/28/2003","10","","South DeKalb","13-089-0002","AQS"
"05/29/2003","10","","South DeKalb","13-089-0002","AQS"
"05/30/2003","8","","South DeKalb","13-089-0002","AQS"
"05/31/2003","11","","South DeKalb","13-089-0002","AQS"
"06/01/2003","7","","South DeKalb","13-089-0002","AQS"
"06/02/2003","11","","MONITOR LOCATED WITHIN PORTABLE INSTRUMENT SHELTER","13-121-0099","AQS"
"06/03/2003","11","","MONITOR LOCATED WITHIN PORTABLE INSTRUMENT SHELTER","13-121-0099","AQS"
"06/04/2003","8","","MONITOR LOCATED WITHIN PORTABLE INSTRUMENT SHELTER","13-121-0099","AQS"
"06/05/2003","9","","South DeKalb","13-089-0002","AQS"
"06/06/2003","15","","MONITOR LOCATED WITHIN PORTABLE INSTRUMENT SHELTER","13-121-0099","AQS"
"06/07/2003","10","","MONITOR LOCATED WITHIN PORTABLE INSTRUMENT SHELTER","13-121-0099","AQS"
"06/08/2003","8","","South DeKalb","13-089-0002","AQS"
"06/09/2003","11","","South DeKalb","13-089-0002","AQS"
"06/10/2003","18","","South DeKalb","13-089-0002","AQS"
"06/11/2003","10","","MONITOR LOCATED WITHIN PORTABLE INSTRUMENT SHELTER","13-121-0099","AQS"
"06/12/2003","9","","MONITOR LOCATED WITHIN PORTABLE INSTRUMENT SHELTER","13-121-0099","AQS"
"06/13/2003","13","","MONITOR LOCATED WITHIN PORTABLE INSTRUMENT SHELTER","13-121-0099","AQS"
"06/14/2003","11","","MONITOR LOCATED WITHIN PORTABLE INSTRUMENT SHELTER","13-121-0099","AQS"
"06/15/2003","9","","MONITOR LOCATED WITHIN PORTABLE INSTRUMENT SHELTER","13-121-0099","AQS"
"06/16/2003","10","","Not Available","13-089-1002","AQS"
"06/17/2003","11","","MONITOR LOCATED WITHIN PORTABLE INSTRUMENT SHELTER","13-121-0099","AQS"
"06/18/2003","15","","MONITOR LOCATED WITHIN PORTABLE INSTRUMENT SHELTER","13-121-0099","AQS"
"06/19/2003","13","","MONITOR LOCATED WITHIN PORTABLE INSTRUMENT SHELTER","13-121-0099","AQS"
"06/20/2003","9","","South DeKalb","13-089-0002","AQS"
"06/21/2003","9","","MONITOR LOCATED WITHIN PORTABLE INSTRUMENT SHELTER","13-121-0099","AQS"
"06/22/2003","10","","South DeKalb","13-089-0002","AQS"
"06/23/2003","16","","South DeKalb","13-089-0002","AQS"
"06/24/2003","18","","MONITOR LOCATED WITHIN PORTABLE INSTRUMENT SHELTER","13-121-0099","AQS"
"06/25/2003","18","","MONITOR LOCATED WITHIN PORTABLE INSTRUMENT SHELTER","13-121-0099","AQS"
"06/26/2003","16","","MONITOR LOCATED WITHIN PORTABLE INSTRUMENT SHELTER","13-121-0099","AQS"
"06/27/2003","16","","South DeKalb","13-089-0002","AQS"
"06/28/2003","13","","MONITOR LOCATED WITHIN PORTABLE INSTRUMENT SHELTER","13-121-0099","AQS"
"06/29/2003","13","","MONITOR LOCATED WITHIN PORTABLE INSTRUMENT SHELTER","13-121-0099","AQS"
"06/30/2003","13","","MONITOR LOCATED WITHIN PORTABLE INSTRUMENT SHELTER","13-121-0099","AQS"
"07/01/2003","10","","MONITOR LOCATED WITHIN PORTABLE INSTRUMENT SHELTER","13-121-0099","AQS"
"07/02/2003","8","","South DeKalb","13-089-0002","AQS"
"07/03/2003","14","","South DeKalb","13-089-0002","AQS"
"07/04/2003","10","","MONITOR LOCATED WITHIN PORTABLE INSTRUMENT SHELTER","13-121-0099","AQS"
"07/05/2003","8","","MONITOR LOCATED WITHIN PORTABLE INSTRUMENT SHELTER","13-121-0099","AQS"
"07/06/2003","8","","South DeKalb","13-089-0002","AQS"
"07/07/2003","9","","South DeKalb","13-089-0002","AQS"
"07/08/2003","10","","MONITOR LOCATED WITHIN PORTABLE INSTRUMENT SHELTER","13-121-0099","AQS"
"07/09/2003","8","","MONITOR LOCATED WITHIN PORTABLE INSTRUMENT SHELTER","13-121-0099","AQS"
"07/10/2003","10","","MONITOR LOCATED WITHIN PORTABLE INSTRUMENT SHELTER","13-121-0099","AQS"
"07/11/2003","7","","MONITOR LOCATED WITHIN PORTABLE INSTRUMENT SHELTER","13-121-0099","AQS"
"07/12/2003","8","","MONITOR LOCATED WITHIN PORTABLE INSTRUMENT SHELTER","13-121-0099","AQS"
"07/13/2003","7","","MONITOR LOCATED WITHIN PORTABLE INSTRUMENT SHELTER","13-121-0099","AQS"
"07/14/2003","11","","MONITOR LOCATED WITHIN PORTABLE INSTRUMENT SHELTER","13-121-0099","AQS"
"07/15/2003","13","","MONITOR LOCATED WITHIN PORTABLE INSTRUMENT SHELTER","13-121-0099","AQS"
"07/16/2003","14","","South DeKalb","13-089-0002","AQS"
"07/17/2003","10","","South DeKalb","13-089-0002","AQS"
"07/18/2003","16","","South DeKalb","13-089-0002","AQS"
"07/19/2003","9","","MONITOR LOCATED WITHIN PORTABLE INSTRUMENT SHELTER","13-121-0099","AQS"
"07/20/2003","8","","South DeKalb","13-089-0002","AQS"
"07/21/2003","9","","MONITOR LOCATED WITHIN PORTABLE INSTRUMENT SHELTER","13-121-0099","AQS"
"07/22/2003","11","","MONITOR LOCATED WITHIN PORTABLE INSTRUMENT SHELTER","13-121-0099","AQS"
"07/23/2003","10","","MONITOR LOCATED WITHIN PORTABLE INSTRUMENT SHELTER","13-121-0099","AQS"
"07/24/2003","10","","South DeKalb","13-089-0002","AQS"
"07/25/2003","17","","South DeKalb","13-089-0002","AQS"
"07/26/2003","11","","MONITOR LOCATED WITHIN PORTABLE INSTRUMENT SHELTER","13-121-0099","AQS"
"07/27/2003","14","","MONITOR LOCATED WITHIN PORTABLE INSTRUMENT SHELTER","13-121-0099","AQS"
"07/28/2003","8","","South DeKalb","13-089-0002","AQS"
"07/29/2003","8","","MONITOR LOCATED WITHIN PORTABLE INSTRUMENT SHELTER","13-121-0099","AQS"
"07/30/2003","11","","MONITOR LOCATED WITHIN PORTABLE INSTRUMENT SHELTER","13-121-0099","AQS"
"07/31/2003","11","","MONITOR LOCATED WITHIN PORTABLE INSTRUMENT SHELTER","13-121-0099","AQS"
"08/01/2003","10","","MONITOR LOCATED WITHIN PORTABLE INSTRUMENT SHELTER","13-121-0099","AQS"
"08/02/2003","10","","MONITOR LOCATED WITHIN PORTABLE INSTRUMENT SHELTER","13-121-0099","AQS"
"08/03/2003","11","","MONITOR LOCATED WITHIN PORTABLE INSTRUMENT SHELTER","13-121-0099","AQS"
"08/04/2003","9","","MONITOR LOCATED WITHIN PORTABLE INSTRUMENT SHELTER","13-121-0099","AQS"
"08/05/2003","8","","MONITOR LOCATED WITHIN PORTABLE INSTRUMENT SHELTER","13-121-0099","AQS"
"08/06/2003","9","","MONITOR LOCATED WITHIN PORTABLE INSTRUMENT SHELTER","13-121-0099","AQS"
"08/07/2003","9","","South DeKalb","13-089-0002","AQS"
"08/08/2003","9","","South DeKalb","13-089-0002","AQS"
"08/09/2003","14","","South DeKalb","13-089-0002","AQS"
"08/10/2003","16","","South DeKalb","13-089-0002","AQS"
"08/11/2003","14","","MONITOR LOCATED WITHIN PORTABLE INSTRUMENT SHELTER","13-121-0099","AQS"
"08/12/2003","13","","MONITOR LOCATED WITHIN PORTABLE INSTRUMENT SHELTER","13-121-0099","AQS"
"08/13/2003","11","","MONITOR LOCATED WITHIN PORTABLE INSTRUMENT SHELTER","13-121-0099","AQS"
"08/14/2003","13","","MONITOR LOCATED WITHIN PORTABLE INSTRUMENT SHELTER","13-121-0099","AQS"
"08/15/2003","13","","South DeKalb","13-089-0002","AQS"
"08/16/2003","11","","MONITOR LOCATED WITHIN PORTABLE INSTRUMENT SHELTER","13-121-0099","AQS"
"08/17/2003","9","","MONITOR LOCATED WITHIN PORTABLE INSTRUMENT SHELTER","13-121-0099","AQS"
"08/18/2003","10","","MONITOR LOCATED WITHIN PORTABLE INSTRUMENT SHELTER","13-121-0099","AQS"
"08/19/2003","15","","MONITOR LOCATED WITHIN PORTABLE INSTRUMENT SHELTER","13-121-0099","AQS"
"08/20/2003","13","","MONITOR LOCATED WITHIN PORTABLE INSTRUMENT SHELTER","13-121-0099","AQS"
"08/21/2003","15","","South DeKalb","13-089-0002","AQS"
"08/22/2003","16","","MONITOR LOCATED WITHIN PORTABLE INSTRUMENT SHELTER","13-121-0099","AQS"
"08/23/2003","9","","MONITOR LOCATED WITHIN PORTABLE INSTRUMENT SHELTER","13-121-0099","AQS"
"08/24/2003","13","","South DeKalb","13-089-0002","AQS"
"08/25/2003","13","","MONITOR LOCATED WITHIN PORTABLE INSTRUMENT SHELTER","13-121-0099","AQS"
"08/26/2003","16","","South DeKalb","13-089-0002","AQS"
"08/27/2003","14","","South DeKalb","13-089-0002","AQS"
"08/28/2003","11","","MONITOR LOCATED WITHIN PORTABLE INSTRUMENT SHELTER","13-121-0099","AQS"
"08/29/2003","11","","MONITOR LOCATED WITHIN PORTABLE INSTRUMENT SHELTER","13-121-0099","AQS"
"08/30/2003","11","","MONITOR LOCATED WITHIN PORTABLE INSTRUMENT SHELTER","13-121-0099","AQS"
"08/31/2003","13","","MONITOR LOCATED WITHIN PORTABLE INSTRUMENT SHELTER","13-121-0099","AQS"
"09/01/2003","10","","MONITOR LOCATED WITHIN PORTABLE INSTRUMENT SHELTER","13-121-0099","AQS"
"09/02/2003","10","","MONITOR LOCATED WITHIN PORTABLE INSTRUMENT SHELTER","13-121-0099","AQS"
"09/03/2003","10","","MONITOR LOCATED WITHIN PORTABLE INSTRUMENT SHELTER","13-121-0099","AQS"
"09/04/2003","10","","MONITOR LOCATED WITHIN PORTABLE INSTRUMENT SHELTER","13-121-0099","AQS"
"09/05/2003","13","","MONITOR LOCATED WITHIN PORTABLE INSTRUMENT SHELTER","13-121-0099","AQS"
"09/06/2003","13","","MONITOR LOCATED WITHIN PORTABLE INSTRUMENT SHELTER","13-121-0099","AQS"
"09/07/2003","10","","South DeKalb","13-089-0002","AQS"
"09/08/2003","14","","South DeKalb","13-089-0002","AQS"
"09/09/2003","16","","South DeKalb","13-089-0002","AQS"
"09/10/2003","11","","MONITOR LOCATED WITHIN PORTABLE INSTRUMENT SHELTER","13-121-0099","AQS"
"09/11/2003","10","","MONITOR LOCATED WITHIN PORTABLE INSTRUMENT SHELTER","13-121-0099","AQS"
"09/12/2003","11","","MONITOR LOCATED WITHIN PORTABLE INSTRUMENT SHELTER","13-121-0099","AQS"
"09/13/2003","13","","MONITOR LOCATED WITHIN PORTABLE INSTRUMENT SHELTER","13-121-0099","AQS"
"09/14/2003","14","","MONITOR LOCATED WITHIN PORTABLE INSTRUMENT SHELTER","13-121-0099","AQS"
"09/15/2003","8","","MONITOR LOCATED WITHIN PORTABLE INSTRUMENT SHELTER","13-121-0099","AQS"
"09/16/2003","10","","MONITOR LOCATED WITHIN PORTABLE INSTRUMENT SHELTER","13-121-0099","AQS"
"09/17/2003","10","","MONITOR LOCATED WITHIN PORTABLE INSTRUMENT SHELTER","13-121-0099","AQS"
"09/18/2003","9","","MONITOR LOCATED WITHIN PORTABLE INSTRUMENT SHELTER","13-121-0099","AQS"
"09/19/2003","10","","South DeKalb","13-089-0002","AQS"
"09/20/2003","20","","South DeKalb","13-089-0002","AQS"
"09/21/2003","15","","MONITOR LOCATED WITHIN PORTABLE INSTRUMENT SHELTER","13-121-0099","AQS"
"09/22/2003","9","","MONITOR LOCATED WITHIN PORTABLE INSTRUMENT SHELTER","13-121-0099","AQS"
"09/23/2003","7","","South DeKalb","13-089-0002","AQS"
"09/24/2003","13","","MONITOR LOCATED WITHIN PORTABLE INSTRUMENT SHELTER","13-121-0099","AQS"
"09/25/2003","15","","MONITOR LOCATED WITHIN PORTABLE INSTRUMENT SHELTER","13-121-0099","AQS"
"09/26/2003","19","","South DeKalb","13-089-0002","AQS"
"09/27/2003","16","","MONITOR LOCATED WITHIN PORTABLE INSTRUMENT SHELTER","13-121-0099","AQS"
"09/28/2003","8","","MONITOR LOCATED WITHIN PORTABLE INSTRUMENT SHELTER","13-121-0099","AQS"
"09/29/2003","7","","MONITOR LOCATED WITHIN PORTABLE INSTRUMENT SHELTER","13-121-0099","AQS"
"09/30/2003","13","","MONITOR LOCATED WITHIN PORTABLE INSTRUMENT SHELTER","13-121-0099","AQS"
"10/01/2003","16","","South DeKalb","13-089-0002","AQS"
"10/02/2003","7","","MONITOR LOCATED WITHIN PORTABLE INSTRUMENT SHELTER","13-121-0099","AQS"
"10/03/2003","11","","MONITOR LOCATED WITHIN PORTABLE INSTRUMENT SHELTER","13-121-0099","AQS"
"10/04/2003","13","","South DeKalb","13-089-0002","AQS"
"10/05/2003","15","","South DeKalb","13-089-0002","AQS"
"10/06/2003","14","","MONITOR LOCATED WITHIN PORTABLE INSTRUMENT SHELTER","13-121-0099","AQS"
"10/07/2003","15","","MONITOR LOCATED WITHIN PORTABLE INSTRUMENT SHELTER","13-121-0099","AQS"
"10/08/2003","10","","MONITOR LOCATED WITHIN PORTABLE INSTRUMENT SHELTER","13-121-0099","AQS"
"10/09/2003","13","","MONITOR LOCATED WITHIN PORTABLE INSTRUMENT SHELTER","13-121-0099","AQS"
"10/10/2003","11","","MONITOR LOCATED WITHIN PORTABLE INSTRUMENT SHELTER","13-121-0099","AQS"
"10/11/2003","9","","MONITOR LOCATED WITHIN PORTABLE INSTRUMENT SHELTER","13-121-0099","AQS"
"10/12/2003","9","","MONITOR LOCATED WITHIN PORTABLE INSTRUMENT SHELTER","13-121-0099","AQS"
"10/13/2003","16","","South DeKalb","13-089-0002","AQS"
"10/14/2003","10","","MONITOR LOCATED WITHIN PORTABLE INSTRUMENT SHELTER","13-121-0099","AQS"
"10/15/2003","9","","South DeKalb","13-089-0002","AQS"
"10/16/2003","17","","South DeKalb","13-089-0002","AQS"
"10/17/2003","18","","South DeKalb","13-089-0002","AQS"
"10/18/2003","10","","South DeKalb","13-089-0002","AQS"
"10/19/2003","15","","South DeKalb","13-089-0002","AQS"
"10/20/2003","17","","South DeKalb","13-089-0002","AQS"
"10/21/2003","20","","South DeKalb","13-089-0002","AQS"
"10/22/2003","7","","South DeKalb","13-089-0002","AQS"
"10/23/2003","9","","South DeKalb","13-089-0002","AQS"
"10/24/2003","14","","South DeKalb","13-089-0002","AQS"
"10/25/2003","11","","MONITOR LOCATED WITHIN PORTABLE INSTRUMENT SHELTER","13-121-0099","AQS"
"10/26/2003","10","","MONITOR LOCATED WITHIN PORTABLE INSTRUMENT SHELTER","13-121-0099","AQS"
"10/27/2003","9","","MONITOR LOCATED WITHIN PORTABLE INSTRUMENT SHELTER","13-121-0099","AQS"
"10/28/2003","15","","MONITOR LOCATED WITHIN PORTABLE INSTRUMENT SHELTER","13-121-0099","AQS"
"10/29/2003","14","","South DeKalb","13-089-0002","AQS"
"10/30/2003","23","","South DeKalb","13-089-0002","AQS"
"10/31/2003","17","","MONITOR LOCATED WITHIN PORTABLE INSTRUMENT SHELTER","13-121-0099","AQS"
"11/01/2003","25","","South DeKalb","13-089-0002","AQS"
"11/02/2003","30","","South DeKalb","13-089-0002","AQS"
"11/03/2003","25","","South DeKalb","13-089-0002","AQS"
"11/04/2003","19","","MONITOR LOCATED WITHIN PORTABLE INSTRUMENT SHELTER","13-121-0099","AQS"
"11/05/2003","19","","MONITOR LOCATED WITHIN PORTABLE INSTRUMENT SHELTER","13-121-0099","AQS"
"11/06/2003","19","","MONITOR LOCATED WITHIN PORTABLE INSTRUMENT SHELTER","13-121-0099","AQS"
"11/07/2003","14","","MONITOR LOCATED WITHIN PORTABLE INSTRUMENT SHELTER","13-121-0099","AQS"
"11/08/2003","15","","MONITOR LOCATED WITHIN PORTABLE INSTRUMENT SHELTER","13-121-0099","AQS"
"11/09/2003","14","","MONITOR LOCATED WITHIN PORTABLE INSTRUMENT SHELTER","13-121-0099","AQS"
"11/10/2003","18","","MONITOR LOCATED WITHIN PORTABLE INSTRUMENT SHELTER","13-121-0099","AQS"
"11/11/2003","20","","MONITOR LOCATED WITHIN PORTABLE INSTRUMENT SHELTER","13-121-0099","AQS"
"11/12/2003","22","","MONITOR LOCATED WITHIN PORTABLE INSTRUMENT SHELTER","13-121-0099","AQS"
"11/13/2003","11","","MONITOR LOCATED WITHIN PORTABLE INSTRUMENT SHELTER","13-121-0099","AQS"
"11/14/2003","14","","MONITOR LOCATED WITHIN PORTABLE INSTRUMENT SHELTER","13-121-0099","AQS"
"11/15/2003","22","","MONITOR LOCATED WITHIN PORTABLE INSTRUMENT SHELTER","13-121-0099","AQS"
"11/16/2003","23","","MONITOR LOCATED WITHIN PORTABLE INSTRUMENT SHELTER","13-121-0099","AQS"
"11/17/2003","23","","MONITOR LOCATED WITHIN PORTABLE INSTRUMENT SHELTER","13-121-0099","AQS"
"11/18/2003","22","","MONITOR LOCATED WITHIN PORTABLE INSTRUMENT SHELTER","13-121-0099","AQS"
"11/19/2003","13","","MONITOR LOCATED WITHIN PORTABLE INSTRUMENT SHELTER","13-121-0099","AQS"
"11/20/2003","14","","MONITOR LOCATED WITHIN PORTABLE INSTRUMENT SHELTER","13-121-0099","AQS"
"11/21/2003","24","","MONITOR LOCATED WITHIN PORTABLE INSTRUMENT SHELTER","13-121-0099","AQS"
"11/22/2003","33","","South DeKalb","13-089-0002","AQS"
"11/23/2003","25","","MONITOR LOCATED WITHIN PORTABLE INSTRUMENT SHELTER","13-121-0099","AQS"
"11/24/2003","16","","MONITOR LOCATED WITHIN PORTABLE INSTRUMENT SHELTER","13-121-0099","AQS"
"11/25/2003","15","","MONITOR LOCATED WITHIN PORTABLE INSTRUMENT SHELTER","13-121-0099","AQS"
"11/26/2003","18","","MONITOR LOCATED WITHIN PORTABLE INSTRUMENT SHELTER","13-121-0099","AQS"
"11/27/2003","20","","MONITOR LOCATED WITHIN PORTABLE INSTRUMENT SHELTER","13-121-0099","AQS"
"11/28/2003","19","","MONITOR LOCATED WITHIN PORTABLE INSTRUMENT SHELTER","13-121-0099","AQS"
"11/29/2003","16","","MONITOR LOCATED WITHIN PORTABLE INSTRUMENT SHELTER","13-121-0099","AQS"
"11/30/2003","18","","South DeKalb","13-089-0002","AQS"
"12/01/2003","16","","South DeKalb","13-089-0002","AQS"
"12/02/2003","13","","South DeKalb","13-089-0002","AQS"
"12/03/2003","19","","South DeKalb","13-089-0002","AQS"
"12/04/2003","7","","Yorkville, King Farm","13-223-0003","AQS"
"12/05/2003","8","","Yorkville, King Farm","13-223-0003","AQS"
"12/06/2003","5","","South DeKalb","13-089-0002","AQS"
"12/07/2003","11","","South DeKalb","13-089-0002","AQS"
"12/08/2003","20","","South DeKalb","13-089-0002","AQS"
"12/09/2003","25","","South DeKalb","13-089-0002","AQS"
"12/10/2003","8","","MONITOR LOCATED WITHIN PORTABLE INSTRUMENT SHELTER","13-121-0099","AQS"
"12/11/2003","6","","South DeKalb","13-089-0002","AQS"
"12/12/2003","15","","South DeKalb","13-089-0002","AQS"
"12/13/2003","19","","South DeKalb","13-089-0002","AQS"
"12/14/2003","6","","MONITOR LOCATED WITHIN PORTABLE INSTRUMENT SHELTER","13-121-0099","AQS"
"12/15/2003","20","","MONITOR LOCATED WITHIN PORTABLE INSTRUMENT SHELTER","13-121-0099","AQS"
"12/16/2003","22","","MONITOR LOCATED WITHIN PORTABLE INSTRUMENT SHELTER","13-121-0099","AQS"
"12/17/2003","7","","MONITOR LOCATED WITHIN PORTABLE INSTRUMENT SHELTER","13-121-0099","AQS"
"12/18/2003","6","","MONITOR LOCATED WITHIN PORTABLE INSTRUMENT SHELTER","13-121-0099","AQS"
"12/19/2003","5","","Yorkville, King Farm","13-223-0003","AQS"
"12/20/2003","10","","South DeKalb","13-089-0002","AQS"
"12/21/2003","22","","South DeKalb","13-089-0002","AQS"
"12/22/2003","23","","South DeKalb","13-089-0002","AQS"
"12/23/2003","22","","South DeKalb","13-089-0002","AQS"
"12/24/2003","9","","MONITOR LOCATED WITHIN PORTABLE INSTRUMENT SHELTER","13-121-0099","AQS"
"12/25/2003","7","","South DeKalb","13-089-0002","AQS"
"12/26/2003","15","","South DeKalb","13-089-0002","AQS"
"12/27/2003","24","","South DeKalb","13-089-0002","AQS"
"12/28/2003","28","","South DeKalb","13-089-0002","AQS"
"12/29/2003","16","","South DeKalb","13-089-0002","AQS"
"12/30/2003","7","","South DeKalb","13-089-0002","AQS"
"12/31/2003","20","","South DeKalb","13-089-0002","AQS"
"01/01/2004","40","","South DeKalb","13-089-0002","AQS"
"01/02/2004","24","","South DeKalb","13-089-0002","AQS"
"01/03/2004","17","","South DeKalb","13-089-0002","AQS"
"01/04/2004","16","","South DeKalb","13-089-0002","AQS"
"01/05/2004","3","","South DeKalb","13-089-0002","AQS"
"01/06/2004","3","","South DeKalb","13-089-0002","AQS"
"01/07/2004","6","","South DeKalb","13-089-0002","AQS"
"01/08/2004","13","","MONITOR LOCATED WITHIN PORTABLE INSTRUMENT SHELTER","13-121-0099","AQS"
"01/09/2004","13","","MONITOR LOCATED WITHIN PORTABLE INSTRUMENT SHELTER","13-121-0099","AQS"
"01/10/2004","5","","South DeKalb","13-089-0002","AQS"
"01/11/2004","10","","MONITOR LOCATED WITHIN PORTABLE INSTRUMENT SHELTER","13-121-0099","AQS"
"01/12/2004","17","","South DeKalb","13-089-0002","AQS"
"01/13/2004","10","","South DeKalb","13-089-0002","AQS"
"01/14/2004","16","","South DeKalb","13-089-0002","AQS"
"01/15/2004","5","","South DeKalb","13-089-0002","AQS"
"01/16/2004","16","","MONITOR LOCATED WITHIN PORTABLE INSTRUMENT SHELTER","13-121-0099","AQS"
"01/17/2004","22","","South DeKalb","13-089-0002","AQS"
"01/18/2004","7","","MONITOR LOCATED WITHIN PORTABLE INSTRUMENT SHELTER","13-121-0099","AQS"
"01/19/2004","3","","South DeKalb","13-089-0002","AQS"
"01/20/2004","9","","South DeKalb","13-089-0002","AQS"
"01/21/2004","14","","South DeKalb","13-089-0002","AQS"
"01/22/2004","10","","South DeKalb","13-089-0002","AQS"
"01/23/2004","8","","South DeKalb","13-089-0002","AQS"
"01/24/2004","15","","MONITOR LOCATED WITHIN PORTABLE INSTRUMENT SHELTER","13-121-0099","AQS"
"01/25/2004","16","","MONITOR LOCATED WITHIN PORTABLE INSTRUMENT SHELTER","13-121-0099","AQS"
"01/26/2004","9","","MONITOR LOCATED WITHIN PORTABLE INSTRUMENT SHELTER","13-121-0099","AQS"
"01/27/2004","8","","MONITOR LOCATED WITHIN PORTABLE INSTRUMENT SHELTER","13-121-0099","AQS"
"01/28/2004","7","","South DeKalb","13-089-0002","AQS"
"01/29/2004","11","","MONITOR LOCATED WITHIN PORTABLE INSTRUMENT SHELTER","13-121-0099","AQS"
"01/30/2004","19","","MONITOR LOCATED WITHIN PORTABLE INSTRUMENT SHELTER","13-121-0099","AQS"
"01/31/2004","28","","MONITOR LOCATED WITHIN PORTABLE INSTRUMENT SHELTER","13-121-0099","AQS"
"02/01/2004","22","","MONITOR LOCATED WITHIN PORTABLE INSTRUMENT SHELTER","13-121-0099","AQS"
"02/02/2004","10","","MONITOR LOCATED WITHIN PORTABLE INSTRUMENT SHELTER","13-121-0099","AQS"
"02/03/2004","9","","MONITOR LOCATED WITHIN PORTABLE INSTRUMENT SHELTER","13-121-0099","AQS"
"02/04/2004","13","","MONITOR LOCATED WITHIN PORTABLE INSTRUMENT SHELTER","13-121-0099","AQS"
"02/05/2004","10","","MONITOR LOCATED WITHIN PORTABLE INSTRUMENT SHELTER","13-121-0099","AQS"
"02/06/2004","11","","MONITOR LOCATED WITHIN PORTABLE INSTRUMENT SHELTER","13-121-0099","AQS"
"02/07/2004","6","","South DeKalb","13-089-0002","AQS"
"02/08/2004","8","","MONITOR LOCATED WITHIN PORTABLE INSTRUMENT SHELTER","13-121-0099","AQS"
"02/09/2004","16","","MONITOR LOCATED WITHIN PORTABLE INSTRUMENT SHELTER","13-121-0099","AQS"
"02/10/2004","22","","South DeKalb","13-089-0002","AQS"
"02/11/2004","10","","South DeKalb","13-089-0002","AQS"
"02/12/2004","10","","South DeKalb","13-089-0002","AQS"
"02/13/2004","9","","South DeKalb","13-089-0002","AQS"
"02/14/2004","11","","MONITOR LOCATED WITHIN PORTABLE INSTRUMENT SHELTER","13-121-0099","AQS"
"02/15/2004","7","","MONITOR LOCATED WITHIN PORTABLE INSTRUMENT SHELTER","13-121-0099","AQS"
"02/16/2004","8","","MONITOR LOCATED WITHIN PORTABLE INSTRUMENT SHELTER","13-121-0099","AQS"
"02/17/2004","8","","MONITOR LOCATED WITHIN PORTABLE INSTRUMENT SHELTER","13-121-0099","AQS"
"02/18/2004","7","","MONITOR LOCATED WITHIN PORTABLE INSTRUMENT SHELTER","13-121-0099","AQS"
"02/19/2004","10","","South DeKalb","13-089-0002","AQS"
"02/20/2004","18","","South DeKalb","13-089-0002","AQS"
"02/21/2004","7","","MONITOR LOCATED WITHIN PORTABLE INSTRUMENT SHELTER","13-121-0099","AQS"
"02/22/2004","10","","South DeKalb","13-089-0002","AQS"
"02/23/2004","22","","South DeKalb","13-089-0002","AQS"
"02/24/2004","13","","MONITOR LOCATED WITHIN PORTABLE INSTRUMENT SHELTER","13-121-0099","AQS"
"02/25/2004","11","","MONITOR LOCATED WITHIN PORTABLE INSTRUMENT SHELTER","13-121-0099","AQS"
"02/26/2004","9","","MONITOR LOCATED WITHIN PORTABLE INSTRUMENT SHELTER","13-121-0099","AQS"
"02/27/2004","9","","MONITOR LOCATED WITHIN PORTABLE INSTRUMENT SHELTER","13-121-0099","AQS"
"02/28/2004","16","","South DeKalb","13-089-0002","AQS"
"02/29/2004","23","","South DeKalb","13-089-0002","AQS"
"03/01/2004","14","","MONITOR LOCATED WITHIN PORTABLE INSTRUMENT SHELTER","13-121-0099","AQS"
"03/02/2004","11","","South DeKalb","13-089-0002","AQS"
"03/03/2004","13","","MONITOR LOCATED WITHIN PORTABLE INSTRUMENT SHELTER","13-121-0099","AQS"
"03/04/2004","17","","MONITOR LOCATED WITHIN PORTABLE INSTRUMENT SHELTER","13-121-0099","AQS"
"03/05/2004","10","","MONITOR LOCATED WITHIN PORTABLE INSTRUMENT SHELTER","13-121-0099","AQS"
"03/06/2004","7","","MONITOR LOCATED WITHIN PORTABLE INSTRUMENT SHELTER","13-121-0099","AQS"
"03/07/2004","14","","South DeKalb","13-089-0002","AQS"
"03/08/2004","3","","MONITOR LOCATED WITHIN PORTABLE INSTRUMENT SHELTER","13-121-0099","AQS"
"03/09/2004","10","","MONITOR LOCATED WITHIN PORTABLE INSTRUMENT SHELTER","13-121-0099","AQS"
"03/10/2004","8","","MONITOR LOCATED WITHIN PORTABLE INSTRUMENT SHELTER","13-121-0099","AQS"
"03/11/2004","15","","MONITOR LOCATED WITHIN PORTABLE INSTRUMENT SHELTER","13-121-0099","AQS"
"03/12/2004","7","","MONITOR LOCATED WITHIN PORTABLE INSTRUMENT SHELTER","13-121-0099","AQS"
"03/13/2004","10","","MONITOR LOCATED WITHIN PORTABLE INSTRUMENT SHELTER","13-121-0099","AQS"
"03/14/2004","10","","MONITOR LOCATED WITHIN PORTABLE INSTRUMENT SHELTER","13-121-0099","AQS"
"03/15/2004","13","","South DeKalb","13-089-0002","AQS"
"03/16/2004","9","","South DeKalb","13-089-0002","AQS"
"03/17/2004","7","","South DeKalb","13-089-0002","AQS"
"03/18/2004","16","","South DeKalb","13-089-0002","AQS"
"03/19/2004","18","","South DeKalb","13-089-0002","AQS"
"03/20/2004","14","","South DeKalb","13-089-0002","AQS"
"03/21/2004","7","","MONITOR LOCATED WITHIN PORTABLE INSTRUMENT SHELTER","13-121-0099","AQS"
"03/22/2004","3","","South DeKalb","13-089-0002","AQS"
"03/23/2004","11","","MONITOR LOCATED WITHIN PORTABLE INSTRUMENT SHELTER","13-121-0099","AQS"
"03/24/2004","11","","MONITOR LOCATED WITHIN PORTABLE INSTRUMENT SHELTER","13-121-0099","AQS"
"03/25/2004","13","","MONITOR LOCATED WITHIN PORTABLE INSTRUMENT SHELTER","13-121-0099","AQS"
"03/26/2004","13","","MONITOR LOCATED WITHIN PORTABLE INSTRUMENT SHELTER","13-121-0099","AQS"
"03/27/2004","14","","South DeKalb","13-089-0002","AQS"
"03/28/2004","19","","South DeKalb","13-089-0002","AQS"
"03/29/2004","13","","South DeKalb","13-089-0002","AQS"
"03/30/2004","9","","MONITOR LOCATED WITHIN PORTABLE INSTRUMENT SHELTER","13-121-0099","AQS"
"03/31/2004","3","","South DeKalb","13-089-0002","AQS"
"04/01/2004","5","","South DeKalb","13-089-0002","AQS"
"04/02/2004","3","","South DeKalb","13-089-0002","AQS"
"04/03/2004","5","","South DeKalb","13-089-0002","AQS"
"04/04/2004","3","","South DeKalb","13-089-0002","AQS"
"04/05/2004","3","","South DeKalb","13-089-0002","AQS"
"04/06/2004","9","","MONITOR LOCATED WITHIN PORTABLE INSTRUMENT SHELTER","13-121-0099","AQS"
"04/07/2004","17","","South DeKalb","13-089-0002","AQS"
"04/08/2004","8","","South DeKalb","13-089-0002","AQS"
"04/09/2004","10","","South DeKalb","13-089-0002","AQS"
"04/10/2004","16","","South DeKalb","13-089-0002","AQS"
"04/11/2004","17","","South DeKalb","13-089-0002","AQS"
"04/12/2004","9","","MONITOR LOCATED WITHIN PORTABLE INSTRUMENT SHELTER","13-121-0099","AQS"
"04/13/2004","7","","MONITOR LOCATED WITHIN PORTABLE INSTRUMENT SHELTER","13-121-0099","AQS"
"04/14/2004","5","","South DeKalb","13-089-0002","AQS"
"04/15/2004","9","","MONITOR LOCATED WITHIN PORTABLE INSTRUMENT SHELTER","13-121-0099","AQS"
"04/16/2004","19","","South DeKalb","13-089-0002","AQS"
"04/17/2004","16","","South DeKalb","13-089-0002","AQS"
"04/18/2004","14","","South DeKalb","13-089-0002","AQS"
"04/19/2004","11","","South DeKalb","13-089-0002","AQS"
"04/20/2004","9","","South DeKalb","13-089-0002","AQS"
"04/21/2004","5","","South DeKalb","13-089-0002","AQS"
"04/22/2004","7","","South DeKalb","13-089-0002","AQS"
"04/23/2004","14","","South DeKalb","13-089-0002","AQS"
"04/24/2004","17","","South DeKalb","13-089-0002","AQS"
"04/25/2004","13","","South DeKalb","13-089-0002","AQS"
"04/26/2004","5","","South DeKalb","13-089-0002","AQS"
"04/27/2004","6","","South DeKalb","13-089-0002","AQS"
"04/28/2004","7","","South DeKalb","13-089-0002","AQS"
"04/29/2004","6","","South DeKalb","13-089-0002","AQS"
"04/30/2004","5","","Yorkville, King Farm","13-223-0003","AQS"
"05/01/2004","5","","South DeKalb","13-089-0002","AQS"
"05/02/2004","5","","South DeKalb","13-089-0002","AQS"
"05/03/2004","5","","South DeKalb","13-089-0002","AQS"
"05/04/2004","7","","South DeKalb","13-089-0002","AQS"
"05/05/2004","13","","South DeKalb","13-089-0002","AQS"
"05/06/2004","13","","South DeKalb","13-089-0002","AQS"
"05/07/2004","16","","South DeKalb","13-089-0002","AQS"
"05/08/2004","15","","South DeKalb","13-089-0002","AQS"
"05/09/2004","17","","South DeKalb","13-089-0002","AQS"
"05/10/2004","7","","South DeKalb","13-089-0002","AQS"
"05/11/2004","9","","South DeKalb","13-089-0002","AQS"
"05/12/2004","3","","South DeKalb","13-089-0002","AQS"
"05/13/2004","6","","South DeKalb","13-089-0002","AQS"
"05/14/2004","7","","South DeKalb","13-089-0002","AQS"
"05/15/2004","7","","South DeKalb","13-089-0002","AQS"
"05/16/2004","11","","South DeKalb","13-089-0002","AQS"
"05/17/2004","7","","South DeKalb","13-089-0002","AQS"
"05/18/2004","9","","South DeKalb","13-089-0002","AQS"
"05/19/2004","7","","South DeKalb","13-089-0002","AQS"
"05/20/2004","9","","South DeKalb","13-089-0002","AQS"
"05/21/2004","14","","South DeKalb","13-089-0002","AQS"
"05/22/2004","7","","South DeKalb","13-089-0002","AQS"
"05/23/2004","7","","South DeKalb","13-089-0002","AQS"
"05/24/2004","10","","South DeKalb","13-089-0002","AQS"
"05/25/2004","7","","South DeKalb","13-089-0002","AQS"
"05/26/2004","5","","South DeKalb","13-089-0002","AQS"
"05/27/2004","5","","MONITOR LOCATED WITHIN PORTABLE INSTRUMENT SHELTER","13-121-0099","AQS"
"05/28/2004","6","","South DeKalb","13-089-0002","AQS"
"05/29/2004","8","","MONITOR LOCATED WITHIN PORTABLE INSTRUMENT SHELTER","13-121-0099","AQS"
"05/30/2004","10","","MONITOR LOCATED WITHIN PORTABLE INSTRUMENT SHELTER","13-121-0099","AQS"
"05/31/2004","5","","Yorkville, King Farm","13-223-0003","AQS"
"06/01/2004","6","","MONITOR LOCATED WITHIN PORTABLE INSTRUMENT SHELTER","13-121-0099","AQS"
"06/02/2004","9","","South DeKalb","13-089-0002","AQS"
"06/03/2004","10","","South DeKalb","13-089-0002","AQS"
"06/04/2004","6","","South DeKalb","13-089-0002","AQS"
"06/05/2004","8","","South DeKalb","13-089-0002","AQS"
"06/06/2004","14","","South DeKalb","13-089-0002","AQS"
"06/07/2004","11","","South DeKalb","13-089-0002","AQS"
"06/08/2004","8","","MONITOR LOCATED WITHIN PORTABLE INSTRUMENT SHELTER","13-121-0099","AQS"
"06/09/2004","9","","MONITOR LOCATED WITHIN PORTABLE INSTRUMENT SHELTER","13-121-0099","AQS"
"06/10/2004","8","","MONITOR LOCATED WITHIN PORTABLE INSTRUMENT SHELTER","13-121-0099","AQS"
"06/11/2004","15","","South DeKalb","13-089-0002","AQS"
"06/12/2004","10","","South DeKalb","13-089-0002","AQS"
"06/13/2004","8","","MONITOR LOCATED WITHIN PORTABLE INSTRUMENT SHELTER","13-121-0099","AQS"
"06/14/2004","8","","MONITOR LOCATED WITHIN PORTABLE INSTRUMENT SHELTER","13-121-0099","AQS"
"06/15/2004","9","","MONITOR LOCATED WITHIN PORTABLE INSTRUMENT SHELTER","13-121-0099","AQS"
"06/16/2004","7","","MONITOR LOCATED WITHIN PORTABLE INSTRUMENT SHELTER","13-121-0099","AQS"
"06/17/2004","7","","South DeKalb","13-089-0002","AQS"
"06/18/2004","8","","South DeKalb","13-089-0002","AQS"
"06/19/2004","5","","Yorkville, King Farm","13-223-0003","AQS"
"06/20/2004","6","","Yorkville, King Farm","13-223-0003","AQS"
"06/21/2004","10","","MONITOR LOCATED WITHIN PORTABLE INSTRUMENT SHELTER","13-121-0099","AQS"
"06/22/2004","7","","MONITOR LOCATED WITHIN PORTABLE INSTRUMENT SHELTER","13-121-0099","AQS"
"06/23/2004","5","","South DeKalb","13-089-0002","AQS"
"06/24/2004","6","","MONITOR LOCATED WITHIN PORTABLE INSTRUMENT SHELTER","13-121-0099","AQS"
"06/25/2004","9","","MONITOR LOCATED WITHIN PORTABLE INSTRUMENT SHELTER","13-121-0099","AQS"
"06/26/2004","6","","South DeKalb","13-089-0002","AQS"
"06/27/2004","7","","South DeKalb","13-089-0002","AQS"
"06/28/2004","5","","South DeKalb","13-089-0002","AQS"
"06/29/2004","6","","South DeKalb","13-089-0002","AQS"
"06/30/2004","11","","South DeKalb","13-089-0002","AQS"
"07/01/2004","7","","South DeKalb","13-089-0002","AQS"
"07/02/2004","7","","South DeKalb","13-089-0002","AQS"
"07/03/2004","7","","South DeKalb","13-089-0002","AQS"
"07/04/2004","10","","South DeKalb","13-089-0002","AQS"
"07/05/2004","8","","South DeKalb","13-089-0002","AQS"
"07/06/2004","11","","South DeKalb","13-089-0002","AQS"
"07/07/2004","6","","South DeKalb","13-089-0002","AQS"
"07/08/2004","9","","South DeKalb","13-089-0002","AQS"
"07/09/2004","13","","South DeKalb","13-089-0002","AQS"
"07/10/2004","8","","South DeKalb","13-089-0002","AQS"
"07/11/2004","15","","South DeKalb","13-089-0002","AQS"
"07/12/2004","11","","South DeKalb","13-089-0002","AQS"
"07/13/2004","6","","South DeKalb","13-089-0002","AQS"
"07/14/2004","6","","South DeKalb","13-089-0002","AQS"
"07/15/2004","6","","South DeKalb","13-089-0002","AQS"
"07/16/2004","10","","South DeKalb","13-089-0002","AQS"
"07/17/2004","10","","South DeKalb","13-089-0002","AQS"
"07/18/2004","6","","South DeKalb","13-089-0002","AQS"
"07/19/2004","8","","South DeKalb","13-089-0002","AQS"
"07/20/2004","11","","South DeKalb","13-089-0002","AQS"
"07/21/2004","14","","South DeKalb","13-089-0002","AQS"
"07/22/2004","14","","South DeKalb","13-089-0002","AQS"
"07/23/2004","9","","South DeKalb","13-089-0002","AQS"
"07/24/2004","9","","South DeKalb","13-089-0002","AQS"
"07/25/2004","8","","MONITOR LOCATED WITHIN PORTABLE INSTRUMENT SHELTER","13-121-0099","AQS"
"07/26/2004","9","","MONITOR LOCATED WITHIN PORTABLE INSTRUMENT SHELTER","13-121-0099","AQS"
"07/27/2004","8","","South DeKalb","13-089-0002","AQS"
"07/28/2004","8","","South DeKalb","13-089-0002","AQS"
"07/29/2004","11","","South DeKalb","13-089-0002","AQS"
"07/30/2004","8","","MONITOR LOCATED WITHIN PORTABLE INSTRUMENT SHELTER","13-121-0099","AQS"
"07/31/2004","8","","South DeKalb","13-089-0002","AQS"
"08/01/2004","9","","South DeKalb","13-089-0002","AQS"
"08/02/2004","7","","MONITOR LOCATED WITHIN PORTABLE INSTRUMENT SHELTER","13-121-0099","AQS"
"08/03/2004","5","","MONITOR LOCATED WITHIN PORTABLE INSTRUMENT SHELTER","13-121-0099","AQS"
"08/04/2004","8","","MONITOR LOCATED WITHIN PORTABLE INSTRUMENT SHELTER","13-121-0099","AQS"
"08/05/2004","8","","MONITOR LOCATED WITHIN PORTABLE INSTRUMENT SHELTER","13-121-0099","AQS"
"08/06/2004","6","","MONITOR LOCATED WITHIN PORTABLE INSTRUMENT SHELTER","13-121-0099","AQS"
"08/07/2004","8","","MONITOR LOCATED WITHIN PORTABLE INSTRUMENT SHELTER","13-121-0099","AQS"
"08/08/2004","9","","MONITOR LOCATED WITHIN PORTABLE INSTRUMENT SHELTER","13-121-0099","AQS"
"08/09/2004","10","","MONITOR LOCATED WITHIN PORTABLE INSTRUMENT SHELTER","13-121-0099","AQS"
"08/10/2004","11","","MONITOR LOCATED WITHIN PORTABLE INSTRUMENT SHELTER","13-121-0099","AQS"
"08/11/2004","8","","MONITOR LOCATED WITHIN PORTABLE INSTRUMENT SHELTER","13-121-0099","AQS"
"08/12/2004","8","","MONITOR LOCATED WITHIN PORTABLE INSTRUMENT SHELTER","13-121-0099","AQS"
"08/13/2004","3","","MONITOR LOCATED WITHIN PORTABLE INSTRUMENT SHELTER","13-121-0099","AQS"
"08/14/2004","6","","MONITOR LOCATED WITHIN PORTABLE INSTRUMENT SHELTER","13-121-0099","AQS"
"08/15/2004","6","","MONITOR LOCATED WITHIN PORTABLE INSTRUMENT SHELTER","13-121-0099","AQS"
"08/16/2004","9","","MONITOR LOCATED WITHIN PORTABLE INSTRUMENT SHELTER","13-121-0099","AQS"
"08/17/2004","9","","MONITOR LOCATED WITHIN PORTABLE INSTRUMENT SHELTER","13-121-0099","AQS"
"08/18/2004","7","","MONITOR LOCATED WITHIN PORTABLE INSTRUMENT SHELTER","13-121-0099","AQS"
"08/19/2004","9","","MONITOR LOCATED WITHIN PORTABLE INSTRUMENT SHELTER","13-121-0099","AQS"
"08/20/2004","10","","MONITOR LOCATED WITHIN PORTABLE INSTRUMENT SHELTER","13-121-0099","AQS"
"08/21/2004","5","","MONITOR LOCATED WITHIN PORTABLE INSTRUMENT SHELTER","13-121-0099","AQS"
"08/22/2004","6","","MONITOR LOCATED WITHIN PORTABLE INSTRUMENT SHELTER","13-121-0099","AQS"
"08/23/2004","9","","MONITOR LOCATED WITHIN PORTABLE INSTRUMENT SHELTER","13-121-0099","AQS"
"08/24/2004","13","","MONITOR LOCATED WITHIN PORTABLE INSTRUMENT SHELTER","13-121-0099","AQS"
"08/25/2004","11","","MONITOR LOCATED WITHIN PORTABLE INSTRUMENT SHELTER","13-121-0099","AQS"
"08/26/2004","10","","MONITOR LOCATED WITHIN PORTABLE INSTRUMENT SHELTER","13-121-0099","AQS"
"08/27/2004","11","","MONITOR LOCATED WITHIN PORTABLE INSTRUMENT SHELTER","13-121-0099","AQS"
"08/28/2004","11","","MONITOR LOCATED WITHIN PORTABLE INSTRUMENT SHELTER","13-121-0099","AQS"
"08/29/2004","7","","MONITOR LOCATED WITHIN PORTABLE INSTRUMENT SHELTER","13-121-0099","AQS"
"08/30/2004","9","","MONITOR LOCATED WITHIN PORTABLE INSTRUMENT SHELTER","13-121-0099","AQS"
"08/31/2004","7","","MONITOR LOCATED WITHIN PORTABLE INSTRUMENT SHELTER","13-121-0099","AQS"
"09/01/2004","13","","South DeKalb","13-089-0002","AQS"
"09/02/2004","10","","MONITOR LOCATED WITHIN PORTABLE INSTRUMENT SHELTER","13-121-0099","AQS"
"09/03/2004","10","","MONITOR LOCATED WITHIN PORTABLE INSTRUMENT SHELTER","13-121-0099","AQS"
"09/04/2004","10","","MONITOR LOCATED WITHIN PORTABLE INSTRUMENT SHELTER","13-121-0099","AQS"
"09/05/2004","8","","MONITOR LOCATED WITHIN PORTABLE INSTRUMENT SHELTER","13-121-0099","AQS"
"09/06/2004","5","","MONITOR LOCATED WITHIN PORTABLE INSTRUMENT SHELTER","13-121-0099","AQS"
"09/07/2004","8","","MONITOR LOCATED WITHIN PORTABLE INSTRUMENT SHELTER","13-121-0099","AQS"
"09/08/2004","7","","South DeKalb","13-089-0002","AQS"
"09/09/2004","8","","South DeKalb","13-089-0002","AQS"
"09/10/2004","14","","MONITOR LOCATED WITHIN PORTABLE INSTRUMENT SHELTER","13-121-0099","AQS"
"09/11/2004","14","","MONITOR LOCATED WITHIN PORTABLE INSTRUMENT SHELTER","13-121-0099","AQS"
"09/12/2004","11","","MONITOR LOCATED WITHIN PORTABLE INSTRUMENT SHELTER","13-121-0099","AQS"
"09/13/2004","10","","MONITOR LOCATED WITHIN PORTABLE INSTRUMENT SHELTER","13-121-0099","AQS"
"09/14/2004","9","","MONITOR LOCATED WITHIN PORTABLE INSTRUMENT SHELTER","13-121-0099","AQS"
"09/15/2004","9","","MONITOR LOCATED WITHIN PORTABLE INSTRUMENT SHELTER","13-121-0099","AQS"
"09/16/2004","6","","MONITOR LOCATED WITHIN PORTABLE INSTRUMENT SHELTER","13-121-0099","AQS"
"09/17/2004","5","","South DeKalb","13-089-0002","AQS"
"09/18/2004","6","","South DeKalb","13-089-0002","AQS"
"09/19/2004","9","","South DeKalb","13-089-0002","AQS"
"09/20/2004","7","","MONITOR LOCATED WITHIN PORTABLE INSTRUMENT SHELTER","13-121-0099","AQS"
"09/21/2004","9","","MONITOR LOCATED WITHIN PORTABLE INSTRUMENT SHELTER","13-121-0099","AQS"
"09/22/2004","10","","MONITOR LOCATED WITHIN PORTABLE INSTRUMENT SHELTER","13-121-0099","AQS"
"09/23/2004","14","","South DeKalb","13-089-0002","AQS"
"09/24/2004","16","","South DeKalb","13-089-0002","AQS"
"09/25/2004","13","","MONITOR LOCATED WITHIN PORTABLE INSTRUMENT SHELTER","13-121-0099","AQS"
"09/26/2004","11","","MONITOR LOCATED WITHIN PORTABLE INSTRUMENT SHELTER","13-121-0099","AQS"
"09/27/2004","6","","MONITOR LOCATED WITHIN PORTABLE INSTRUMENT SHELTER","13-121-0099","AQS"
"09/28/2004","8","","South DeKalb","13-089-0002","AQS"
"09/29/2004","11","","South DeKalb","13-089-0002","AQS"
"09/30/2004","14","","South DeKalb","13-089-0002","AQS"
"10/01/2004","17","","MONITOR LOCATED WITHIN PORTABLE INSTRUMENT SHELTER","13-121-0099","AQS"
"10/02/2004","22","","South DeKalb","13-089-0002","AQS"
"10/03/2004","20","","South DeKalb","13-089-0002","AQS"
"10/04/2004","11","","South DeKalb","13-089-0002","AQS"
"10/05/2004","16","","South DeKalb","13-089-0002","AQS"
"10/06/2004","17","","South DeKalb","13-089-0002","AQS"
"10/07/2004","11","","MONITOR LOCATED WITHIN PORTABLE INSTRUMENT SHELTER","13-121-0099","AQS"
"10/08/2004","10","","MONITOR LOCATED WITHIN PORTABLE INSTRUMENT SHELTER","13-121-0099","AQS"
"10/09/2004","9","","MONITOR LOCATED WITHIN PORTABLE INSTRUMENT SHELTER","13-121-0099","AQS"
"10/10/2004","10","","MONITOR LOCATED WITHIN PORTABLE INSTRUMENT SHELTER","13-121-0099","AQS"
"10/11/2004","9","","MONITOR LOCATED WITHIN PORTABLE INSTRUMENT SHELTER","13-121-0099","AQS"
"10/12/2004","13","","MONITOR LOCATED WITHIN PORTABLE INSTRUMENT SHELTER","13-121-0099","AQS"
"10/13/2004","10","","South DeKalb","13-089-0002","AQS"
"10/14/2004","8","","MONITOR LOCATED WITHIN PORTABLE INSTRUMENT SHELTER","13-121-0099","AQS"
"10/15/2004","7","","South DeKalb","13-089-0002","AQS"
"10/16/2004","9","","South DeKalb","13-089-0002","AQS"
"10/17/2004","10","","MONITOR LOCATED WITHIN PORTABLE INSTRUMENT SHELTER","13-121-0099","AQS"
"10/18/2004","17","","MONITOR LOCATED WITHIN PORTABLE INSTRUMENT SHELTER","13-121-0099","AQS"
"10/19/2004","13","","MONITOR LOCATED WITHIN PORTABLE INSTRUMENT SHELTER","13-121-0099","AQS"
"10/20/2004","9","","South DeKalb","13-089-0002","AQS"
"10/21/2004","14","","South DeKalb","13-089-0002","AQS"
"10/22/2004","15","","MONITOR LOCATED WITHIN PORTABLE INSTRUMENT SHELTER","13-121-0099","AQS"
"10/23/2004","15","","MONITOR LOCATED WITHIN PORTABLE INSTRUMENT SHELTER","13-121-0099","AQS"
"10/24/2004","11","","MONITOR LOCATED WITHIN PORTABLE INSTRUMENT SHELTER","13-121-0099","AQS"
"10/25/2004","16","","MONITOR LOCATED WITHIN PORTABLE INSTRUMENT SHELTER","13-121-0099","AQS"
"10/26/2004","18","","South DeKalb","13-089-0002","AQS"
"10/27/2004","14","","MONITOR LOCATED WITHIN PORTABLE INSTRUMENT SHELTER","13-121-0099","AQS"
"10/28/2004","13","","MONITOR LOCATED WITHIN PORTABLE INSTRUMENT SHELTER","13-121-0099","AQS"
"10/29/2004","15","","MONITOR LOCATED WITHIN PORTABLE INSTRUMENT SHELTER","13-121-0099","AQS"
"10/30/2004","14","","MONITOR LOCATED WITHIN PORTABLE INSTRUMENT SHELTER","13-121-0099","AQS"
"10/31/2004","8","","South DeKalb","13-089-0002","AQS"
"11/01/2004","16","","MONITOR LOCATED WITHIN PORTABLE INSTRUMENT SHELTER","13-121-0099","AQS"
"11/02/2004","15","","MONITOR LOCATED WITHIN PORTABLE INSTRUMENT SHELTER","13-121-0099","AQS"
"11/03/2004","13","","MONITOR LOCATED WITHIN PORTABLE INSTRUMENT SHELTER","13-121-0099","AQS"
"11/04/2004","11","","MONITOR LOCATED WITHIN PORTABLE INSTRUMENT SHELTER","13-121-0099","AQS"
"11/05/2004","6","","South DeKalb","13-089-0002","AQS"
"11/06/2004","15","","South DeKalb","13-089-0002","AQS"
"11/07/2004","19","","South DeKalb","13-089-0002","AQS"
"11/08/2004","11","","South DeKalb","13-089-0002","AQS"
"11/09/2004","15","","MONITOR LOCATED WITHIN PORTABLE INSTRUMENT SHELTER","13-121-0099","AQS"
"11/10/2004","16","","MONITOR LOCATED WITHIN PORTABLE INSTRUMENT SHELTER","13-121-0099","AQS"
"11/11/2004","9","","MONITOR LOCATED WITHIN PORTABLE INSTRUMENT SHELTER","13-121-0099","AQS"
"11/12/2004","14","","MONITOR LOCATED WITHIN PORTABLE INSTRUMENT SHELTER","13-121-0099","AQS"
"11/13/2004","8","","South DeKalb","13-089-0002","AQS"
"11/14/2004","9","","MONITOR LOCATED WITHIN PORTABLE INSTRUMENT SHELTER","13-121-0099","AQS"
"11/15/2004","16","","MONITOR LOCATED WITHIN PORTABLE INSTRUMENT SHELTER","13-121-0099","AQS"
"11/16/2004","22","","South DeKalb","13-089-0002","AQS"
"11/17/2004","22","","South DeKalb","13-089-0002","AQS"
"11/18/2004","26","","South DeKalb","13-089-0002","AQS"
"11/19/2004","17","","MONITOR LOCATED WITHIN PORTABLE INSTRUMENT SHELTER","13-121-0099","AQS"
"11/20/2004","10","","MONITOR LOCATED WITHIN PORTABLE INSTRUMENT SHELTER","13-121-0099","AQS"
"11/21/2004","11","","South DeKalb","13-089-0002","AQS"
"11/22/2004","16","","MONITOR LOCATED WITHIN PORTABLE INSTRUMENT SHELTER","13-121-0099","AQS"
"11/23/2004","13","","MONITOR LOCATED WITHIN PORTABLE INSTRUMENT SHELTER","13-121-0099","AQS"
"11/24/2004","9","","MONITOR LOCATED WITHIN PORTABLE INSTRUMENT SHELTER","13-121-0099","AQS"
"11/25/2004","7","","MONITOR LOCATED WITHIN PORTABLE INSTRUMENT SHELTER","13-121-0099","AQS"
"11/26/2004","11","","South DeKalb","13-089-0002","AQS"
"11/27/2004","11","","South DeKalb","13-089-0002","AQS"
"11/28/2004","7","","MONITOR LOCATED WITHIN PORTABLE INSTRUMENT SHELTER","13-121-0099","AQS"
"11/29/2004","14","","MONITOR LOCATED WITHIN PORTABLE INSTRUMENT SHELTER","13-121-0099","AQS"
"11/30/2004","13","","MONITOR LOCATED WITHIN PORTABLE INSTRUMENT SHELTER","13-121-0099","AQS"
"12/01/2004","8","","MONITOR LOCATED WITHIN PORTABLE INSTRUMENT SHELTER","13-121-0099","AQS"
"12/02/2004","13","","South DeKalb","13-089-0002","AQS"
"12/03/2004","13","","South DeKalb","13-089-0002","AQS"
"12/04/2004","22","","South DeKalb","13-089-0002","AQS"
"12/05/2004","27","","South DeKalb","13-089-0002","AQS"
"12/06/2004","11","","MONITOR LOCATED WITHIN PORTABLE INSTRUMENT SHELTER","13-121-0099","AQS"
"12/07/2004","10","","MONITOR LOCATED WITHIN PORTABLE INSTRUMENT SHELTER","13-121-0099","AQS"
"12/08/2004","16","","MONITOR LOCATED WITHIN PORTABLE INSTRUMENT SHELTER","13-121-0099","AQS"
"12/09/2004","20","","South DeKalb","13-089-0002","AQS"
"12/10/2004","9","","MONITOR LOCATED WITHIN PORTABLE INSTRUMENT SHELTER","13-121-0099","AQS"
"12/11/2004","5","","MONITOR LOCATED WITHIN PORTABLE INSTRUMENT SHELTER","13-121-0099","AQS"
"12/12/2004","6","","MONITOR LOCATED WITHIN PORTABLE INSTRUMENT SHELTER","13-121-0099","AQS"
"12/13/2004","6","","MONITOR LOCATED WITHIN PORTABLE INSTRUMENT SHELTER","13-121-0099","AQS"
"12/14/2004","3","","South DeKalb","13-089-0002","AQS"
"12/15/2004","19","","MONITOR LOCATED WITHIN PORTABLE INSTRUMENT SHELTER","13-121-0099","AQS"
"12/16/2004","27","","MONITOR LOCATED WITHIN PORTABLE INSTRUMENT SHELTER","13-121-0099","AQS"
"12/17/2004","30","","South DeKalb","13-089-0002","AQS"
"12/18/2004","30","","South DeKalb","13-089-0002","AQS"
"12/19/2004","17","","South DeKalb","13-089-0002","AQS"
"12/20/2004","16","","MONITOR LOCATED WITHIN PORTABLE INSTRUMENT SHELTER","13-121-0099","AQS"
"12/21/2004","18","","MONITOR LOCATED WITHIN PORTABLE INSTRUMENT SHELTER","13-121-0099","AQS"
"12/22/2004","13","","MONITOR LOCATED WITHIN PORTABLE INSTRUMENT SHELTER","13-121-0099","AQS"
"12/23/2004","9","","MONITOR LOCATED WITHIN PORTABLE INSTRUMENT SHELTER","13-121-0099","AQS"
"12/24/2004","6","","South DeKalb","13-089-0002","AQS"
"12/25/2004","7","","MONITOR LOCATED WITHIN PORTABLE INSTRUMENT SHELTER","13-121-0099","AQS"
"12/26/2004","7","","MONITOR LOCATED WITHIN PORTABLE INSTRUMENT SHELTER","13-121-0099","AQS"
"12/27/2004","17","","MONITOR LOCATED WITHIN PORTABLE INSTRUMENT SHELTER","13-121-0099","AQS"
"12/28/2004","23","","South DeKalb","13-089-0002","AQS"
"12/29/2004","24","","South DeKalb","13-089-0002","AQS"
"12/30/2004","24","","South DeKalb","13-089-0002","AQS"
"12/31/2004","20","","South DeKalb","13-089-0002","AQS"
"01/01/2005","20","","South DeKalb","13-089-0002","AQS"
"01/02/2005","20","","South DeKalb","13-089-0002","AQS"
"01/03/2005","18","","South DeKalb","13-089-0002","AQS"
"01/04/2005","19","","South DeKalb","13-089-0002","AQS"
"01/05/2005","17","","MONITOR LOCATED WITHIN PORTABLE INSTRUMENT SHELTER","13-121-0099","AQS"
"01/06/2005","8","","MONITOR LOCATED WITHIN PORTABLE INSTRUMENT SHELTER","13-121-0099","AQS"
"01/07/2005","11","","MONITOR LOCATED WITHIN PORTABLE INSTRUMENT SHELTER","13-121-0099","AQS"
"01/08/2005","9","","MONITOR LOCATED WITHIN PORTABLE INSTRUMENT SHELTER","13-121-0099","AQS"
"01/09/2005","13","","MONITOR LOCATED WITHIN PORTABLE INSTRUMENT SHELTER","13-121-0099","AQS"
"01/10/2005","18","","South DeKalb","13-089-0002","AQS"
"01/11/2005","16","","South DeKalb","13-089-0002","AQS"
"01/12/2005","15","","MONITOR LOCATED WITHIN PORTABLE INSTRUMENT SHELTER","13-121-0099","AQS"
"01/13/2005","11","","MONITOR LOCATED WITHIN PORTABLE INSTRUMENT SHELTER","13-121-0099","AQS"
"01/14/2005","6","","South DeKalb","13-089-0002","AQS"
"01/15/2005","10","","South DeKalb","13-089-0002","AQS"
"01/16/2005","9","","MONITOR LOCATED WITHIN PORTABLE INSTRUMENT SHELTER","13-121-0099","AQS"
"01/17/2005","3","","South DeKalb","13-089-0002","AQS"
"01/18/2005","14","","MONITOR LOCATED WITHIN PORTABLE INSTRUMENT SHELTER","13-121-0099","AQS"
"01/19/2005","14","","MONITOR LOCATED WITHIN PORTABLE INSTRUMENT SHELTER","13-121-0099","AQS"
"01/20/2005","8","","South DeKalb","13-089-0002","AQS"
"01/21/2005","11","","MONITOR LOCATED WITHIN PORTABLE INSTRUMENT SHELTER","13-121-0099","AQS"
"01/22/2005","11","","MONITOR LOCATED WITHIN PORTABLE INSTRUMENT SHELTER","13-121-0099","AQS"
"01/23/2005","3","","MONITOR LOCATED WITHIN PORTABLE INSTRUMENT SHELTER","13-121-0099","AQS"
"01/24/2005","8","","MONITOR LOCATED WITHIN PORTABLE INSTRUMENT SHELTER","13-121-0099","AQS"
"01/25/2005","9","","MONITOR LOCATED WITHIN PORTABLE INSTRUMENT SHELTER","13-121-0099","AQS"
"01/26/2005","9","","MONITOR LOCATED WITHIN PORTABLE INSTRUMENT SHELTER","13-121-0099","AQS"
"01/27/2005","9","","MONITOR LOCATED WITHIN PORTABLE INSTRUMENT SHELTER","13-121-0099","AQS"
"01/28/2005","7","","MONITOR LOCATED WITHIN PORTABLE INSTRUMENT SHELTER","13-121-0099","AQS"
"01/29/2005","6","","MONITOR LOCATED WITHIN PORTABLE INSTRUMENT SHELTER","13-121-0099","AQS"
"01/30/2005","6","","MONITOR LOCATED WITHIN PORTABLE INSTRUMENT SHELTER","13-121-0099","AQS"
"01/31/2005","13","","MONITOR LOCATED WITHIN PORTABLE INSTRUMENT SHELTER","13-121-0099","AQS"
"02/01/2005","11","","MONITOR LOCATED WITHIN PORTABLE INSTRUMENT SHELTER","13-121-0099","AQS"
"02/02/2005","10","","MONITOR LOCATED WITHIN PORTABLE INSTRUMENT SHELTER","13-121-0099","AQS"
"02/03/2005","8","","MONITOR LOCATED WITHIN PORTABLE INSTRUMENT SHELTER","13-121-0099","AQS"
"02/04/2005","8","","South DeKalb","13-089-0002","AQS"
"02/05/2005","18","","South DeKalb","13-089-0002","AQS"
"02/06/2005","19","","South DeKalb","13-089-0002","AQS"
"02/07/2005","10","","MONITOR LOCATED WITHIN PORTABLE INSTRUMENT SHELTER","13-121-0099","AQS"
"02/08/2005","15","","MONITOR LOCATED WITHIN PORTABLE INSTRUMENT SHELTER","13-121-0099","AQS"
"02/09/2005","13","","MONITOR LOCATED WITHIN PORTABLE INSTRUMENT SHELTER","13-121-0099","AQS"
"02/10/2005","6","","MONITOR LOCATED WITHIN PORTABLE INSTRUMENT SHELTER","13-121-0099","AQS"
"02/11/2005","6","","South DeKalb","13-089-0002","AQS"
"02/12/2005","13","","South DeKalb","13-089-0002","AQS"
"02/13/2005","18","","South DeKalb","13-089-0002","AQS"
"02/14/2005","14","","MONITOR LOCATED WITHIN PORTABLE INSTRUMENT SHELTER","13-121-0099","AQS"
"02/15/2005","15","","MONITOR LOCATED WITHIN PORTABLE INSTRUMENT SHELTER","13-121-0099","AQS"
"02/16/2005","10","","MONITOR LOCATED WITHIN PORTABLE INSTRUMENT SHELTER","13-121-0099","AQS"
"02/17/2005","5","","South DeKalb","13-089-0002","AQS"
"02/18/2005","8","","South DeKalb","13-089-0002","AQS"
"02/19/2005","20","","South DeKalb","13-089-0002","AQS"
"02/20/2005","13","","MONITOR LOCATED WITHIN PORTABLE INSTRUMENT SHELTER","13-121-0099","AQS"
"02/21/2005","10","","MONITOR LOCATED WITHIN PORTABLE INSTRUMENT SHELTER","13-121-0099","AQS"
"02/22/2005","9","","South DeKalb","13-089-0002","AQS"
"02/23/2005","13","","MONITOR LOCATED WITHIN PORTABLE INSTRUMENT SHELTER","13-121-0099","AQS"
"02/24/2005","11","","MONITOR LOCATED WITHIN PORTABLE INSTRUMENT SHELTER","13-121-0099","AQS"
"02/25/2005","8","","MONITOR LOCATED WITHIN PORTABLE INSTRUMENT SHELTER","13-121-0099","AQS"
"02/26/2005","11","","South DeKalb","13-089-0002","AQS"
"02/27/2005","11","","MONITOR LOCATED WITHIN PORTABLE INSTRUMENT SHELTER","13-121-0099","AQS"
"02/28/2005","10","","MONITOR LOCATED WITHIN PORTABLE INSTRUMENT SHELTER","13-121-0099","AQS"
"03/01/2005","5","","South DeKalb","13-089-0002","AQS"
"03/02/2005","6","","South DeKalb","13-089-0002","AQS"
"03/03/2005","13","","South DeKalb","13-089-0002","AQS"
"03/04/2005","15","","South DeKalb","13-089-0002","AQS"
"03/05/2005","6","","MONITOR LOCATED WITHIN PORTABLE INSTRUMENT SHELTER","13-121-0099","AQS"
"03/06/2005","8","","South DeKalb","13-089-0002","AQS"
"03/07/2005","17","","South DeKalb","13-089-0002","AQS"
"03/08/2005","7","","MONITOR LOCATED WITHIN PORTABLE INSTRUMENT SHELTER","13-121-0099","AQS"
"03/09/2005","5","","South DeKalb","13-089-0002","AQS"
"03/10/2005","5","","MONITOR LOCATED WITHIN PORTABLE INSTRUMENT SHELTER","13-121-0099","AQS"
"03/11/2005","6","","MONITOR LOCATED WITHIN PORTABLE INSTRUMENT SHELTER","13-121-0099","AQS"
"03/12/2005","5","","MONITOR LOCATED WITHIN PORTABLE INSTRUMENT SHELTER","13-121-0099","AQS"
"03/13/2005","7","","MONITOR LOCATED WITHIN PORTABLE INSTRUMENT SHELTER","13-121-0099","AQS"
"03/14/2005","7","","MONITOR LOCATED WITHIN PORTABLE INSTRUMENT SHELTER","13-121-0099","AQS"
"03/15/2005","9","","MONITOR LOCATED WITHIN PORTABLE INSTRUMENT SHELTER","13-121-0099","AQS"
"03/16/2005","8","","MONITOR LOCATED WITHIN PORTABLE INSTRUMENT SHELTER","13-121-0099","AQS"
"03/17/2005","9","","MONITOR LOCATED WITHIN PORTABLE INSTRUMENT SHELTER","13-121-0099","AQS"
"03/18/2005","13","","MONITOR LOCATED WITHIN PORTABLE INSTRUMENT SHELTER","13-121-0099","AQS"
"03/19/2005","16","","South DeKalb","13-089-0002","AQS"
"03/20/2005","17","","South DeKalb","13-089-0002","AQS"
"03/21/2005","15","","MONITOR LOCATED WITHIN PORTABLE INSTRUMENT SHELTER","13-121-0099","AQS"
"03/22/2005","8","","MONITOR LOCATED WITHIN PORTABLE INSTRUMENT SHELTER","13-121-0099","AQS"
"03/23/2005","8","","MONITOR LOCATED WITHIN PORTABLE INSTRUMENT SHELTER","13-121-0099","AQS"
"03/24/2005","9","","South DeKalb","13-089-0002","AQS"
"03/25/2005","18","","South DeKalb","13-089-0002","AQS"
"03/26/2005","18","","South DeKalb","13-089-0002","AQS"
"03/27/2005","7","","MONITOR LOCATED WITHIN PORTABLE INSTRUMENT SHELTER","13-121-0099","AQS"
"03/28/2005","6","","MONITOR LOCATED WITHIN PORTABLE INSTRUMENT SHELTER","13-121-0099","AQS"
"03/29/2005","10","","South DeKalb","13-089-0002","AQS"
"03/30/2005","22","","South DeKalb","13-089-0002","AQS"
"03/31/2005","13","","MONITOR LOCATED WITHIN PORTABLE INSTRUMENT SHELTER","13-121-0099","AQS"
"04/01/2005","13","","MONITOR LOCATED WITHIN PORTABLE INSTRUMENT SHELTER","13-121-0099","AQS"
"04/02/2005","8","","MONITOR LOCATED WITHIN PORTABLE INSTRUMENT SHELTER","13-121-0099","AQS"
"04/03/2005","6","","South DeKalb","13-089-0002","AQS"
"04/04/2005","11","","South DeKalb","13-089-0002","AQS"
"04/05/2005","16","","South DeKalb","13-089-0002","AQS"
"04/06/2005","13","","MONITOR LOCATED WITHIN PORTABLE INSTRUMENT SHELTER","13-121-0099","AQS"
"04/07/2005","9","","MONITOR LOCATED WITHIN PORTABLE INSTRUMENT SHELTER","13-121-0099","AQS"
"04/08/2005","7","","MONITOR LOCATED WITHIN PORTABLE INSTRUMENT SHELTER","13-121-0099","AQS"
"04/09/2005","9","","MONITOR LOCATED WITHIN PORTABLE INSTRUMENT SHELTER","13-121-0099","AQS"
"04/10/2005","13","","South DeKalb","13-089-0002","AQS"
"04/11/2005","15","","MONITOR LOCATED WITHIN PORTABLE INSTRUMENT SHELTER","13-121-0099","AQS"
"04/12/2005","8","","MONITOR LOCATED WITHIN PORTABLE INSTRUMENT SHELTER","13-121-0099","AQS"
"04/13/2005","6","","MONITOR LOCATED WITHIN PORTABLE INSTRUMENT SHELTER","13-121-0099","AQS"
"04/14/2005","6","","South DeKalb","13-089-0002","AQS"
"04/15/2005","11","","South DeKalb","13-089-0002","AQS"
"04/16/2005","10","","MONITOR LOCATED WITHIN PORTABLE INSTRUMENT SHELTER","13-121-0099","AQS"
"04/17/2005","16","","South DeKalb","13-089-0002","AQS"
"04/18/2005","17","","South DeKalb","13-089-0002","AQS"
"04/19/2005","15","","South DeKalb","13-089-0002","AQS"
"04/20/2005","10","","South DeKalb","13-089-0002","AQS"
"04/21/2005","13","","South DeKalb","13-089-0002","AQS"
"04/22/2005","9","","MONITOR LOCATED WITHIN PORTABLE INSTRUMENT SHELTER","13-121-0099","AQS"
"04/23/2005","8","","MONITOR LOCATED WITHIN PORTABLE INSTRUMENT SHELTER","13-121-0099","AQS"
"04/24/2005","5","","Yorkville, King Farm","13-223-0003","AQS"
"04/25/2005","7","","MONITOR LOCATED WITHIN PORTABLE INSTRUMENT SHELTER","13-121-0099","AQS"
"04/26/2005","11","","MONITOR LOCATED WITHIN PORTABLE INSTRUMENT SHELTER","13-121-0099","AQS"
"04/27/2005","9","","MONITOR LOCATED WITHIN PORTABLE INSTRUMENT SHELTER","13-121-0099","AQS"
"04/28/2005","10","","South DeKalb","13-089-0002","AQS"
"04/29/2005","7","","MONITOR LOCATED WITHIN PORTABLE INSTRUMENT SHELTER","13-121-0099","AQS"
"04/30/2005","7","","MONITOR LOCATED WITHIN PORTABLE INSTRUMENT SHELTER","13-121-0099","AQS"
"05/01/2005","5","","South DeKalb","13-089-0002","AQS"
"05/02/2005","7","","South DeKalb","13-089-0002","AQS"
"05/03/2005","8","","South DeKalb","13-089-0002","AQS"
"05/04/2005","8","","South DeKalb","13-089-0002","AQS"
"05/05/2005","8","","MONITOR LOCATED WITHIN PORTABLE INSTRUMENT SHELTER","13-121-0099","AQS"
"05/06/2005","8","","MONITOR LOCATED WITHIN PORTABLE INSTRUMENT SHELTER","13-121-0099","AQS"
"05/07/2005","11","","South DeKalb","13-089-0002","AQS"
"05/08/2005","14","","South DeKalb","13-089-0002","AQS"
"05/09/2005","14","","South DeKalb","13-089-0002","AQS"
"05/10/2005","8","","South DeKalb","13-089-0002","AQS"
"05/11/2005","10","","MONITOR LOCATED WITHIN PORTABLE INSTRUMENT SHELTER","13-121-0099","AQS"
"05/12/2005","13","","South DeKalb","13-089-0002","AQS"
"05/13/2005","15","","South DeKalb","13-089-0002","AQS"
"05/14/2005","10","","MONITOR LOCATED WITHIN PORTABLE INSTRUMENT SHELTER","13-121-0099","AQS"
"05/15/2005","8","","MONITOR LOCATED WITHIN PORTABLE INSTRUMENT SHELTER","13-121-0099","AQS"
"05/16/2005","7","","South DeKalb","13-089-0002","AQS"
"05/17/2005","11","","South DeKalb","13-089-0002","AQS"
"05/18/2005","14","","South DeKalb","13-089-0002","AQS"
"05/19/2005","14","","South DeKalb","13-089-0002","AQS"
"05/20/2005","7","","South DeKalb","13-089-0002","AQS"
"05/21/2005","10","","South DeKalb","13-089-0002","AQS"
"05/22/2005","13","","South DeKalb","13-089-0002","AQS"
"05/23/2005","7","","South DeKalb","13-089-0002","AQS"
"05/24/2005","9","","South DeKalb","13-089-0002","AQS"
"05/25/2005","6","","MONITOR LOCATED WITHIN PORTABLE INSTRUMENT SHELTER","13-121-0099","AQS"
"05/26/2005","9","","South DeKalb","13-089-0002","AQS"
"05/27/2005","10","","South DeKalb","13-089-0002","AQS"
"05/28/2005","15","","South DeKalb","13-089-0002","AQS"
"05/29/2005","16","","South DeKalb","13-089-0002","AQS"
"05/30/2005","7","","MONITOR LOCATED WITHIN PORTABLE INSTRUMENT SHELTER","13-121-0099","AQS"
"05/31/2005","9","","MONITOR LOCATED WITHIN PORTABLE INSTRUMENT SHELTER","13-121-0099","AQS"
"06/01/2005","6","","MONITOR LOCATED WITHIN PORTABLE INSTRUMENT SHELTER","13-121-0099","AQS"
"06/02/2005","9","","MONITOR LOCATED WITHIN PORTABLE INSTRUMENT SHELTER","13-121-0099","AQS"
"06/03/2005","11","","MONITOR LOCATED WITHIN PORTABLE INSTRUMENT SHELTER","13-121-0099","AQS"
"06/04/2005","11","","MONITOR LOCATED WITHIN PORTABLE INSTRUMENT SHELTER","13-121-0099","AQS"
"06/05/2005","11","","MONITOR LOCATED WITHIN PORTABLE INSTRUMENT SHELTER","13-121-0099","AQS"
"06/06/2005","13","","MONITOR LOCATED WITHIN PORTABLE INSTRUMENT SHELTER","13-121-0099","AQS"
"06/07/2005","9","","MONITOR LOCATED WITHIN PORTABLE INSTRUMENT SHELTER","13-121-0099","AQS"
"06/08/2005","9","","MONITOR LOCATED WITHIN PORTABLE INSTRUMENT SHELTER","13-121-0099","AQS"
"06/09/2005","11","","MONITOR LOCATED WITHIN PORTABLE INSTRUMENT SHELTER","13-121-0099","AQS"
"06/10/2005","10","","MONITOR LOCATED WITHIN PORTABLE INSTRUMENT SHELTER","13-121-0099","AQS"
"06/11/2005","9","","MONITOR LOCATED WITHIN PORTABLE INSTRUMENT SHELTER","13-121-0099","AQS"
"06/12/2005","7","","MONITOR LOCATED WITHIN PORTABLE INSTRUMENT SHELTER","13-121-0099","AQS"
"06/13/2005","8","","South DeKalb","13-089-0002","AQS"
"06/14/2005","14","","South DeKalb","13-089-0002","AQS"
"06/15/2005","11","","South DeKalb","13-089-0002","AQS"
"06/16/2005","9","","South DeKalb","13-089-0002","AQS"
"06/17/2005","8","","South DeKalb","13-089-0002","AQS"
"06/18/2005","11","","South DeKalb","13-089-0002","AQS"
"06/19/2005","9","","MONITOR LOCATED WITHIN PORTABLE INSTRUMENT SHELTER","13-121-0099","AQS"
"06/20/2005","9","","MONITOR LOCATED WITHIN PORTABLE INSTRUMENT SHELTER","13-121-0099","AQS"
"06/21/2005","9","","MONITOR LOCATED WITHIN PORTABLE INSTRUMENT SHELTER","13-121-0099","AQS"
"06/22/2005","10","","South DeKalb","13-089-0002","AQS"
"06/23/2005","16","","South DeKalb","13-089-0002","AQS"
"06/24/2005","11","","MONITOR LOCATED WITHIN PORTABLE INSTRUMENT SHELTER","13-121-0099","AQS"
"06/25/2005","9","","MONITOR LOCATED WITHIN PORTABLE INSTRUMENT SHELTER","13-121-0099","AQS"
"06/26/2005","6","","South DeKalb","13-089-0002","AQS"
"06/27/2005","8","","MONITOR LOCATED WITHIN PORTABLE INSTRUMENT SHELTER","13-121-0099","AQS"
"06/28/2005","8","","MONITOR LOCATED WITHIN PORTABLE INSTRUMENT SHELTER","13-121-0099","AQS"
"06/29/2005","8","","MONITOR LOCATED WITHIN PORTABLE INSTRUMENT SHELTER","13-121-0099","AQS"
"06/30/2005","8","","MONITOR LOCATED WITHIN PORTABLE INSTRUMENT SHELTER","13-121-0099","AQS"
"07/01/2005","7","","South DeKalb","13-089-0002","AQS"
"07/02/2005","9","","South DeKalb","13-089-0002","AQS"
"07/03/2005","9","","Yorkville, King Farm","13-223-0003","AQS"
"07/04/2005","9","","Yorkville, King Farm","13-223-0003","AQS"
"07/05/2005","8","","Yorkville, King Farm","13-223-0003","AQS"
"07/06/2005","10","","MONITOR LOCATED WITHIN PORTABLE INSTRUMENT SHELTER","13-121-0099","AQS"
"07/07/2005","8","","Yorkville, King Farm","13-223-0003","AQS"
"07/08/2005","13","","South DeKalb","13-089-0002","AQS"
"07/09/2005","10","","South DeKalb","13-089-0002","AQS"
"07/10/2005","9","","Yorkville, King Farm","13-223-0003","AQS"
"07/11/2005","9","","Yorkville, King Farm","13-223-0003","AQS"
"07/12/2005","9","","Yorkville, King Farm","13-223-0003","AQS"
"07/13/2005","9","","MONITOR LOCATED WITHIN PORTABLE INSTRUMENT SHELTER","13-121-0099","AQS"
"07/14/2005","9","","Yorkville, King Farm","13-223-0003","AQS"
"07/15/2005","9","","Yorkville, King Farm","13-223-0003","AQS"
"07/16/2005","9","","Yorkville, King Farm","13-223-0003","AQS"
"07/17/2005","9","","Yorkville, King Farm","13-223-0003","AQS"
"07/18/2005","14","","South DeKalb","13-089-0002","AQS"
"07/19/2005","7","","MONITOR LOCATED WITHIN PORTABLE INSTRUMENT SHELTER","13-121-0099","AQS"
"07/20/2005","7","","South DeKalb","13-089-0002","AQS"
"07/21/2005","8","","South DeKalb","13-089-0002","AQS"
"07/22/2005","8","","South DeKalb","13-089-0002","AQS"
"07/23/2005","9","","South DeKalb","13-089-0002","AQS"
"07/24/2005","17","","South DeKalb","13-089-0002","AQS"
"07/25/2005","16","","South DeKalb","13-089-0002","AQS"
"07/26/2005","11","","South DeKalb","13-089-0002","AQS"
"07/27/2005","10","","South DeKalb","13-089-0002","AQS"
"07/28/2005","8","","South DeKalb","13-089-0002","AQS"
"07/29/2005","9","","MONITOR LOCATED WITHIN PORTABLE INSTRUMENT SHELTER","13-121-0099","AQS"
"07/30/2005","7","","MONITOR LOCATED WITHIN PORTABLE INSTRUMENT SHELTER","13-121-0099","AQS"
"07/31/2005","7","","MONITOR LOCATED WITHIN PORTABLE INSTRUMENT SHELTER","13-121-0099","AQS"
"08/01/2005","7","","MONITOR LOCATED WITHIN PORTABLE INSTRUMENT SHELTER","13-121-0099","AQS"
"08/02/2005","9","","MONITOR LOCATED WITHIN PORTABLE INSTRUMENT SHELTER","13-121-0099","AQS"
"08/03/2005","11","","South DeKalb","13-089-0002","AQS"
"08/04/2005","15","","South DeKalb","13-089-0002","AQS"
"08/05/2005","10","","MONITOR LOCATED WITHIN PORTABLE INSTRUMENT SHELTER","13-121-0099","AQS"
"08/06/2005","10","","South DeKalb","13-089-0002","AQS"
"08/07/2005","6","","MONITOR LOCATED WITHIN PORTABLE INSTRUMENT SHELTER","13-121-0099","AQS"
"08/08/2005","8","","MONITOR LOCATED WITHIN PORTABLE INSTRUMENT SHELTER","13-121-0099","AQS"
"08/09/2005","7","","MONITOR LOCATED WITHIN PORTABLE INSTRUMENT SHELTER","13-121-0099","AQS"
"08/10/2005","11","","South DeKalb","13-089-0002","AQS"
"08/11/2005","14","","South DeKalb","13-089-0002","AQS"
"08/12/2005","15","","South DeKalb","13-089-0002","AQS"
"08/13/2005","16","","South DeKalb","13-089-0002","AQS"
"08/14/2005","11","","South DeKalb","13-089-0002","AQS"
"08/15/2005","17","","South DeKalb","13-089-0002","AQS"
"08/16/2005","19","","South DeKalb","13-089-0002","AQS"
"08/17/2005","10","","South DeKalb","13-089-0002","AQS"
"08/18/2005","10","","MONITOR LOCATED WITHIN PORTABLE INSTRUMENT SHELTER","13-121-0099","AQS"
"08/19/2005","10","","South DeKalb","13-089-0002","AQS"
"08/20/2005","13","","South DeKalb","13-089-0002","AQS"
"08/21/2005","16","","South DeKalb","13-089-0002","AQS"
"08/22/2005","16","","South DeKalb","13-089-0002","AQS"
"08/23/2005","10","","MONITOR LOCATED WITHIN PORTABLE INSTRUMENT SHELTER","13-121-0099","AQS"
"08/24/2005","8","","MONITOR LOCATED WITHIN PORTABLE INSTRUMENT SHELTER","13-121-0099","AQS"
"08/25/2005","8","","MONITOR LOCATED WITHIN PORTABLE INSTRUMENT SHELTER","13-121-0099","AQS"
"08/26/2005","9","","MONITOR LOCATED WITHIN PORTABLE INSTRUMENT SHELTER","13-121-0099","AQS"
"08/27/2005","9","","MONITOR LOCATED WITHIN PORTABLE INSTRUMENT SHELTER","13-121-0099","AQS"
"08/28/2005","10","","MONITOR LOCATED WITHIN PORTABLE INSTRUMENT SHELTER","13-121-0099","AQS"
"08/29/2005","6","","South DeKalb","13-089-0002","AQS"
"08/30/2005","5","","South DeKalb","13-089-0002","AQS"
"08/31/2005","9","","South DeKalb","13-089-0002","AQS"
"09/01/2005","11","","South DeKalb","13-089-0002","AQS"
"09/02/2005","13","","South DeKalb","13-089-0002","AQS"
"09/03/2005","13","","South DeKalb","13-089-0002","AQS"
"09/04/2005","14","","South DeKalb","13-089-0002","AQS"
"09/05/2005","11","","South DeKalb","13-089-0002","AQS"
"09/06/2005","7","","South DeKalb","13-089-0002","AQS"
"09/07/2005","7","","South DeKalb","13-089-0002","AQS"
"09/08/2005","11","","South DeKalb","13-089-0002","AQS"
"09/09/2005","15","","South DeKalb","13-089-0002","AQS"
"09/10/2005","16","","South DeKalb","13-089-0002","AQS"
"09/11/2005","16","","South DeKalb","13-089-0002","AQS"
"09/12/2005","10","","South DeKalb","13-089-0002","AQS"
"09/13/2005","16","","South DeKalb","13-089-0002","AQS"
"09/14/2005","13","","South DeKalb","13-089-0002","AQS"
"09/15/2005","13","","South DeKalb","13-089-0002","AQS"
"09/16/2005","10","","South DeKalb","13-089-0002","AQS"
"09/17/2005","13","","South DeKalb","13-089-0002","AQS"
"09/18/2005","9","","South DeKalb","13-089-0002","AQS"
"09/19/2005","10","","South DeKalb","13-089-0002","AQS"
"09/20/2005","14","","South DeKalb","13-089-0002","AQS"
"09/21/2005","15","","South DeKalb","13-089-0002","AQS"
"09/22/2005","10","","MONITOR LOCATED WITHIN PORTABLE INSTRUMENT SHELTER","13-121-0099","AQS"
"09/23/2005","10","","MONITOR LOCATED WITHIN PORTABLE INSTRUMENT SHELTER","13-121-0099","AQS"
"09/24/2005","10","","South DeKalb","13-089-0002","AQS"
"09/25/2005","8","","MONITOR LOCATED WITHIN PORTABLE INSTRUMENT SHELTER","13-121-0099","AQS"
"09/26/2005","8","","MONITOR LOCATED WITHIN PORTABLE INSTRUMENT SHELTER","13-121-0099","AQS"
"09/27/2005","8","","MONITOR LOCATED WITHIN PORTABLE INSTRUMENT SHELTER","13-121-0099","AQS"
"09/28/2005","8","","MONITOR LOCATED WITHIN PORTABLE INSTRUMENT SHELTER","13-121-0099","AQS"
"09/29/2005","6","","South DeKalb","13-089-0002","AQS"
"09/30/2005","8","","MONITOR LOCATED WITHIN PORTABLE INSTRUMENT SHELTER","13-121-0099","AQS"
"10/01/2005","10","","MONITOR LOCATED WITHIN PORTABLE INSTRUMENT SHELTER","13-121-0099","AQS"
"10/02/2005","10","","MONITOR LOCATED WITHIN PORTABLE INSTRUMENT SHELTER","13-121-0099","AQS"
"10/03/2005","8","","MONITOR LOCATED WITHIN PORTABLE INSTRUMENT SHELTER","13-121-0099","AQS"
"10/04/2005","8","","MONITOR LOCATED WITHIN PORTABLE INSTRUMENT SHELTER","13-121-0099","AQS"
"10/05/2005","6","","MONITOR LOCATED WITHIN PORTABLE INSTRUMENT SHELTER","13-121-0099","AQS"
"10/06/2005","6","","MONITOR LOCATED WITHIN PORTABLE INSTRUMENT SHELTER","13-121-0099","AQS"
"10/07/2005","9","","MONITOR LOCATED WITHIN PORTABLE INSTRUMENT SHELTER","13-121-0099","AQS"
"10/08/2005","6","","South DeKalb","13-089-0002","AQS"
"10/09/2005","7","","South DeKalb","13-089-0002","AQS"
"10/10/2005","10","","MONITOR LOCATED WITHIN PORTABLE INSTRUMENT SHELTER","13-121-0099","AQS"
"10/11/2005","10","","MONITOR LOCATED WITHIN PORTABLE INSTRUMENT SHELTER","13-121-0099","AQS"
"10/12/2005","10","","MONITOR LOCATED WITHIN PORTABLE INSTRUMENT SHELTER","13-121-0099","AQS"
"10/13/2005","11","","South DeKalb","13-089-0002","AQS"
"10/14/2005","14","","South DeKalb","13-089-0002","AQS"
"10/15/2005","9","","South DeKalb","13-089-0002","AQS"
"10/16/2005","10","","South DeKalb","13-089-0002","AQS"
"10/17/2005","11","","MONITOR LOCATED WITHIN PORTABLE INSTRUMENT SHELTER","13-121-0099","AQS"
"10/18/2005","13","","South DeKalb","13-089-0002","AQS"
"10/19/2005","18","","South DeKalb","13-089-0002","AQS"
"10/20/2005","19","","South DeKalb","13-089-0002","AQS"
"10/21/2005","17","","South DeKalb","13-089-0002","AQS"
"10/22/2005","8","","South DeKalb","13-089-0002","AQS"
"10/23/2005","10","","South DeKalb","13-089-0002","AQS"
"10/24/2005","9","","South DeKalb","13-089-0002","AQS"
"10/25/2005","3","","MONITOR LOCATED WITHIN PORTABLE INSTRUMENT SHELTER","13-121-0099","AQS"
"10/26/2005","9","","South DeKalb","13-089-0002","AQS"
"10/27/2005","16","","South DeKalb","13-089-0002","AQS"
"10/28/2005","13","","South DeKalb","13-089-0002","AQS"
"10/29/2005","13","","MONITOR LOCATED WITHIN PORTABLE INSTRUMENT SHELTER","13-121-0099","AQS"
"10/30/2005","19","","South DeKalb","13-089-0002","AQS"
"10/31/2005","18","","South DeKalb","13-089-0002","AQS"
"11/01/2005","14","","South DeKalb","13-089-0002","AQS"
"11/02/2005","11","","South DeKalb","13-089-0002","AQS"
"11/03/2005","16","","South DeKalb","13-089-0002","AQS"
"11/04/2005","15","","MONITOR LOCATED WITHIN PORTABLE INSTRUMENT SHELTER","13-121-0099","AQS"
"11/05/2005","13","","South DeKalb","13-089-0002","AQS"
"11/06/2005","11","","South DeKalb","13-089-0002","AQS"
"11/07/2005","14","","South DeKalb","13-089-0002","AQS"
"11/08/2005","20","","South DeKalb","13-089-0002","AQS"
"11/09/2005","18","","South DeKalb","13-089-0002","AQS"
"11/10/2005","7","","MONITOR LOCATED WITHIN PORTABLE INSTRUMENT SHELTER","13-121-0099","AQS"
"11/11/2005","14","","MONITOR LOCATED WITHIN PORTABLE INSTRUMENT SHELTER","13-121-0099","AQS"
"11/12/2005","22","","South DeKalb","13-089-0002","AQS"
"11/13/2005","14","","MONITOR LOCATED WITHIN PORTABLE INSTRUMENT SHELTER","13-121-0099","AQS"
"11/14/2005","14","","South DeKalb","13-089-0002","AQS"
"11/15/2005","11","","MONITOR LOCATED WITHIN PORTABLE INSTRUMENT SHELTER","13-121-0099","AQS"
"11/16/2005","9","","MONITOR LOCATED WITHIN PORTABLE INSTRUMENT SHELTER","13-121-0099","AQS"
"11/17/2005","5","","South DeKalb","13-089-0002","AQS"
"11/18/2005","11","","South DeKalb","13-089-0002","AQS"
"11/19/2005","22","","South DeKalb","13-089-0002","AQS"
"11/20/2005","9","","MONITOR LOCATED WITHIN PORTABLE INSTRUMENT SHELTER","13-121-0099","AQS"
"11/21/2005","8","","MONITOR LOCATED WITHIN PORTABLE INSTRUMENT SHELTER","13-121-0099","AQS"
"11/22/2005","6","","South DeKalb","13-089-0002","AQS"
"11/23/2005","9","","MONITOR LOCATED WITHIN PORTABLE INSTRUMENT SHELTER","13-121-0099","AQS"
"11/24/2005","6","","South DeKalb","13-089-0002","AQS"
"11/25/2005","15","","MONITOR LOCATED WITHIN PORTABLE INSTRUMENT SHELTER","13-121-0099","AQS"
"11/26/2005","18","","South DeKalb","13-089-0002","AQS"
"11/27/2005","9","","MONITOR LOCATED WITHIN PORTABLE INSTRUMENT SHELTER","13-121-0099","AQS"
"11/28/2005","11","","MONITOR LOCATED WITHIN PORTABLE INSTRUMENT SHELTER","13-121-0099","AQS"
"11/29/2005","8","","MONITOR LOCATED WITHIN PORTABLE INSTRUMENT SHELTER","13-121-0099","AQS"
"11/30/2005","9","","MONITOR LOCATED WITHIN PORTABLE INSTRUMENT SHELTER","13-121-0099","AQS"
"12/01/2005","9","","MONITOR LOCATED WITHIN PORTABLE INSTRUMENT SHELTER","13-121-0099","AQS"
"12/02/2005","10","","MONITOR LOCATED WITHIN PORTABLE INSTRUMENT SHELTER","13-121-0099","AQS"
"12/03/2005","17","","South DeKalb","13-089-0002","AQS"
"12/04/2005","8","","MONITOR LOCATED WITHIN PORTABLE INSTRUMENT SHELTER","13-121-0099","AQS"
"12/05/2005","7","","MONITOR LOCATED WITHIN PORTABLE INSTRUMENT SHELTER","13-121-0099","AQS"
"12/06/2005","13","","MONITOR LOCATED WITHIN PORTABLE INSTRUMENT SHELTER","13-121-0099","AQS"
"12/07/2005","23","","South DeKalb","13-089-0002","AQS"
"12/08/2005","9","","MONITOR LOCATED WITHIN PORTABLE INSTRUMENT SHELTER","13-121-0099","AQS"
"12/09/2005","7","","South DeKalb","13-089-0002","AQS"
"12/10/2005","15","","South DeKalb","13-089-0002","AQS"
"12/11/2005","9","","South DeKalb","13-089-0002","AQS"
"12/12/2005","13","","South DeKalb","13-089-0002","AQS"
"12/13/2005","13","","MONITOR LOCATED WITHIN PORTABLE INSTRUMENT SHELTER","13-121-0099","AQS"
"12/14/2005","14","","South DeKalb","13-089-0002","AQS"
"12/15/2005","10","","MONITOR LOCATED WITHIN PORTABLE INSTRUMENT SHELTER","13-121-0099","AQS"
"12/16/2005","9","","South DeKalb","13-089-0002","AQS"
"12/17/2005","8","","MONITOR LOCATED WITHIN PORTABLE INSTRUMENT SHELTER","13-121-0099","AQS"
"12/18/2005","13","","South DeKalb","13-089-0002","AQS"
"12/19/2005","24","","South DeKalb","13-089-0002","AQS"
"12/20/2005","6","","South DeKalb","13-089-0002","AQS"
"12/21/2005","7","","MONITOR LOCATED WITHIN PORTABLE INSTRUMENT SHELTER","13-121-0099","AQS"
"12/22/2005","17","","MONITOR LOCATED WITHIN PORTABLE INSTRUMENT SHELTER","13-121-0099","AQS"
"12/23/2005","28","","South DeKalb","13-089-0002","AQS"
"12/24/2005","26","","South DeKalb","13-089-0002","AQS"
"12/25/2005","7","","MONITOR LOCATED WITHIN PORTABLE INSTRUMENT SHELTER","13-121-0099","AQS"
"12/26/2005","5","","MONITOR LOCATED WITHIN PORTABLE INSTRUMENT SHELTER","13-121-0099","AQS"
"12/27/2005","19","","MONITOR LOCATED WITHIN PORTABLE INSTRUMENT SHELTER","13-121-0099","AQS"
"12/28/2005","19","","MONITOR LOCATED WITHIN PORTABLE INSTRUMENT SHELTER","13-121-0099","AQS"
"12/29/2005","6","","South DeKalb","13-089-0002","AQS"
"12/30/2005","15","","MONITOR LOCATED WITHIN PORTABLE INSTRUMENT SHELTER","13-121-0099","AQS"
"12/31/2005","15","","MONITOR LOCATED WITHIN PORTABLE INSTRUMENT SHELTER","13-121-0099","AQS"
"01/01/2006","22","","South DeKalb","13-089-0002","AQS"
"01/02/2006","9","","MONITOR LOCATED WITHIN PORTABLE INSTRUMENT SHELTER","13-121-0099","AQS"
"01/03/2006","9","","MONITOR LOCATED WITHIN PORTABLE INSTRUMENT SHELTER","13-121-0099","AQS"
"01/04/2006","14","","MONITOR LOCATED WITHIN PORTABLE INSTRUMENT SHELTER","13-121-0099","AQS"
"01/05/2006","11","","South DeKalb","13-089-0002","AQS"
"01/06/2006","3","","South DeKalb","13-089-0002","AQS"
"01/07/2006","5","","South DeKalb","13-089-0002","AQS"
"01/08/2006","10","","South DeKalb","13-089-0002","AQS"
"01/09/2006","11","","MONITOR LOCATED WITHIN PORTABLE INSTRUMENT SHELTER","13-121-0099","AQS"
"01/10/2006","19","","South DeKalb","13-089-0002","AQS"
"01/11/2006","9","","South DeKalb","13-089-0002","AQS"
"01/12/2006","17","","South DeKalb","13-089-0002","AQS"
"01/13/2006","15","","MONITOR LOCATED WITHIN PORTABLE INSTRUMENT SHELTER","13-121-0099","AQS"
"01/14/2006","3","","South DeKalb","13-089-0002","AQS"
"01/15/2006","6","","South DeKalb","13-089-0002","AQS"
"01/16/2006","8","","MONITOR LOCATED WITHIN PORTABLE INSTRUMENT SHELTER","13-121-0099","AQS"
"01/17/2006","8","","MONITOR LOCATED WITHIN PORTABLE INSTRUMENT SHELTER","13-121-0099","AQS"
"01/18/2006","11","","South DeKalb","13-089-0002","AQS"
"01/19/2006","24","","South DeKalb","13-089-0002","AQS"
"01/20/2006","17","","MONITOR LOCATED WITHIN PORTABLE INSTRUMENT SHELTER","13-121-0099","AQS"
"01/21/2006","13","","MONITOR LOCATED WITHIN PORTABLE INSTRUMENT SHELTER","13-121-0099","AQS"
"01/22/2006","14","","South DeKalb","13-089-0002","AQS"
"01/23/2006","16","","MONITOR LOCATED WITHIN PORTABLE INSTRUMENT SHELTER","13-121-0099","AQS"
"01/24/2006","13","","South DeKalb","13-089-0002","AQS"
"01/25/2006","9","","South DeKalb","13-089-0002","AQS"
"01/26/2006","9","","South DeKalb","13-089-0002","AQS"
"01/27/2006","11","","MONITOR LOCATED WITHIN PORTABLE INSTRUMENT SHELTER","13-121-0099","AQS"
"01/28/2006","11","","MONITOR LOCATED WITHIN PORTABLE INSTRUMENT SHELTER","13-121-0099","AQS"
"01/29/2006","8","","MONITOR LOCATED WITHIN PORTABLE INSTRUMENT SHELTER","13-121-0099","AQS"
"01/30/2006","14","","MONITOR LOCATED WITHIN PORTABLE INSTRUMENT SHELTER","13-121-0099","AQS"
"01/31/2006","7","","MONITOR LOCATED WITHIN PORTABLE INSTRUMENT SHELTER","13-121-0099","AQS"
"02/01/2006","14","","MONITOR LOCATED WITHIN PORTABLE INSTRUMENT SHELTER","13-121-0099","AQS"
"02/02/2006","16","","South DeKalb","13-089-0002","AQS"
"02/03/2006","13","","MONITOR LOCATED WITHIN PORTABLE INSTRUMENT SHELTER","13-121-0099","AQS"
"02/04/2006","11","","MONITOR LOCATED WITHIN PORTABLE INSTRUMENT SHELTER","13-121-0099","AQS"
"02/05/2006","5","","South DeKalb","13-089-0002","AQS"
"02/06/2006","11","","MONITOR LOCATED WITHIN PORTABLE INSTRUMENT SHELTER","13-121-0099","AQS"
"02/07/2006","8","","MONITOR LOCATED WITHIN PORTABLE INSTRUMENT SHELTER","13-121-0099","AQS"
"02/08/2006","9","","MONITOR LOCATED WITHIN PORTABLE INSTRUMENT SHELTER","13-121-0099","AQS"
"02/09/2006","7","","South DeKalb","13-089-0002","AQS"
"02/10/2006","16","","South DeKalb","13-089-0002","AQS"
"02/11/2006","10","","MONITOR LOCATED WITHIN PORTABLE INSTRUMENT SHELTER","13-121-0099","AQS"
"02/12/2006","5","","MONITOR LOCATED WITHIN PORTABLE INSTRUMENT SHELTER","13-121-0099","AQS"
"02/13/2006","7","","South DeKalb","13-089-0002","AQS"
"02/14/2006","14","","South DeKalb","13-089-0002","AQS"
"02/15/2006","13","","South DeKalb","13-089-0002","AQS"
"02/16/2006","13","","MONITOR LOCATED WITHIN PORTABLE INSTRUMENT SHELTER","13-121-0099","AQS"
"02/17/2006","9","","South DeKalb","13-089-0002","AQS"
"02/18/2006","5","","South DeKalb","13-089-0002","AQS"
"02/19/2006","9","","MONITOR LOCATED WITHIN PORTABLE INSTRUMENT SHELTER","13-121-0099","AQS"
"02/20/2006","8","","MONITOR LOCATED WITHIN PORTABLE INSTRUMENT SHELTER","13-121-0099","AQS"
"02/21/2006","8","","South DeKalb","13-089-0002","AQS"
"02/22/2006","13","","MONITOR LOCATED WITHIN PORTABLE INSTRUMENT SHELTER","13-121-0099","AQS"
"02/23/2006","9","","MONITOR LOCATED WITHIN PORTABLE INSTRUMENT SHELTER","13-121-0099","AQS"
"02/24/2006","14","","South DeKalb","13-089-0002","AQS"
"02/25/2006","14","","MONITOR LOCATED WITHIN PORTABLE INSTRUMENT SHELTER","13-121-0099","AQS"
"02/26/2006","8","","MONITOR LOCATED WITHIN PORTABLE INSTRUMENT SHELTER","13-121-0099","AQS"
"02/27/2006","7","","MONITOR LOCATED WITHIN PORTABLE INSTRUMENT SHELTER","13-121-0099","AQS"
"02/28/2006","9","","MONITOR LOCATED WITHIN PORTABLE INSTRUMENT SHELTER","13-121-0099","AQS"
"03/01/2006","8","","MONITOR LOCATED WITHIN PORTABLE INSTRUMENT SHELTER","13-121-0099","AQS"
"03/02/2006","8","","MONITOR LOCATED WITHIN PORTABLE INSTRUMENT SHELTER","13-121-0099","AQS"
"03/03/2006","6","","MONITOR LOCATED WITHIN PORTABLE INSTRUMENT SHELTER","13-121-0099","AQS"
"03/04/2006","8","","MONITOR LOCATED WITHIN PORTABLE INSTRUMENT SHELTER","13-121-0099","AQS"
"03/05/2006","9","","MONITOR LOCATED WITHIN PORTABLE INSTRUMENT SHELTER","13-121-0099","AQS"
"03/06/2006","10","","MONITOR LOCATED WITHIN PORTABLE INSTRUMENT SHELTER","13-121-0099","AQS"
"03/07/2006","8","","South DeKalb","13-089-0002","AQS"
"03/08/2006","15","","South DeKalb","13-089-0002","AQS"
"03/09/2006","11","","MONITOR LOCATED WITHIN PORTABLE INSTRUMENT SHELTER","13-121-0099","AQS"
"03/10/2006","9","","MONITOR LOCATED WITHIN PORTABLE INSTRUMENT SHELTER","13-121-0099","AQS"
"03/11/2006","9","","MONITOR LOCATED WITHIN PORTABLE INSTRUMENT SHELTER","13-121-0099","AQS"
"03/12/2006","9","","South DeKalb","13-089-0002","AQS"
"03/13/2006","8","","MONITOR LOCATED WITHIN PORTABLE INSTRUMENT SHELTER","13-121-0099","AQS"
"03/14/2006","6","","MONITOR LOCATED WITHIN PORTABLE INSTRUMENT SHELTER","13-121-0099","AQS"
"03/15/2006","7","","South DeKalb","13-089-0002","AQS"
"03/16/2006","18","","South DeKalb","13-089-0002","AQS"
"03/17/2006","5","","South DeKalb","13-089-0002","AQS"
"03/18/2006","6","","South DeKalb","13-089-0002","AQS"
"03/19/2006","7","","South DeKalb","13-089-0002","AQS"
"03/20/2006","7","","MONITOR LOCATED WITHIN PORTABLE INSTRUMENT SHELTER","13-121-0099","AQS"
"03/21/2006","9","","MONITOR LOCATED WITHIN PORTABLE INSTRUMENT SHELTER","13-121-0099","AQS"
"03/22/2006","5","","South DeKalb","13-089-0002","AQS"
"03/23/2006","9","","MONITOR LOCATED WITHIN PORTABLE INSTRUMENT SHELTER","13-121-0099","AQS"
"03/24/2006","7","","MONITOR LOCATED WITHIN PORTABLE INSTRUMENT SHELTER","13-121-0099","AQS"
"03/25/2006","7","","MONITOR LOCATED WITHIN PORTABLE INSTRUMENT SHELTER","13-121-0099","AQS"
"03/26/2006","6","","South DeKalb","13-089-0002","AQS"
"03/27/2006","11","","South DeKalb","13-089-0002","AQS"
"03/28/2006","11","","South DeKalb","13-089-0002","AQS"
"03/29/2006","13","","South DeKalb","13-089-0002","AQS"
"03/30/2006","16","","South DeKalb","13-089-0002","AQS"
"03/31/2006","9","","MONITOR LOCATED WITHIN PORTABLE INSTRUMENT SHELTER","13-121-0099","AQS"
"04/01/2006","6","","MONITOR LOCATED WITHIN PORTABLE INSTRUMENT SHELTER","13-121-0099","AQS"
"04/02/2006","8","","South DeKalb","13-089-0002","AQS"
"04/03/2006","5","","South DeKalb","13-089-0002","AQS"
"04/04/2006","5","","South DeKalb","13-089-0002","AQS"
"04/05/2006","6","","South DeKalb","13-089-0002","AQS"
"04/06/2006","13","","South DeKalb","13-089-0002","AQS"
"04/07/2006","7","","MONITOR LOCATED WITHIN PORTABLE INSTRUMENT SHELTER","13-121-0099","AQS"
"04/08/2006","5","","MONITOR LOCATED WITHIN PORTABLE INSTRUMENT SHELTER","13-121-0099","AQS"
"04/09/2006","7","","South DeKalb","13-089-0002","AQS"
"04/10/2006","11","","South DeKalb","13-089-0002","AQS"
"04/11/2006","11","","MONITOR LOCATED WITHIN PORTABLE INSTRUMENT SHELTER","13-121-0099","AQS"
"04/12/2006","11","","MONITOR LOCATED WITHIN PORTABLE INSTRUMENT SHELTER","13-121-0099","AQS"
"04/13/2006","13","","MONITOR LOCATED WITHIN PORTABLE INSTRUMENT SHELTER","13-121-0099","AQS"
"04/14/2006","11","","South DeKalb","13-089-0002","AQS"
"04/15/2006","7","","MONITOR LOCATED WITHIN PORTABLE INSTRUMENT SHELTER","13-121-0099","AQS"
"04/16/2006","6","","MONITOR LOCATED WITHIN PORTABLE INSTRUMENT SHELTER","13-121-0099","AQS"
"04/17/2006","6","","South DeKalb","13-089-0002","AQS"
"04/18/2006","8","","MONITOR LOCATED WITHIN PORTABLE INSTRUMENT SHELTER","13-121-0099","AQS"
"04/19/2006","10","","MONITOR LOCATED WITHIN PORTABLE INSTRUMENT SHELTER","13-121-0099","AQS"
"04/20/2006","27","","South DeKalb","13-089-0002","AQS"
"04/21/2006","9","","MONITOR LOCATED WITHIN PORTABLE INSTRUMENT SHELTER","13-121-0099","AQS"
"04/22/2006","8","","South DeKalb","13-089-0002","AQS"
"04/23/2006","11","","South DeKalb","13-089-0002","AQS"
"04/24/2006","15","","South DeKalb","13-089-0002","AQS"
"04/25/2006","11","","South DeKalb","13-089-0002","AQS"
"04/26/2006","8","","South DeKalb","13-089-0002","AQS"
"04/27/2006","7","","South DeKalb","13-089-0002","AQS"
"04/28/2006","10","","MONITOR LOCATED WITHIN PORTABLE INSTRUMENT SHELTER","13-121-0099","AQS"
"04/29/2006","9","","MONITOR LOCATED WITHIN PORTABLE INSTRUMENT SHELTER","13-121-0099","AQS"
"04/30/2006","6","","MONITOR LOCATED WITHIN PORTABLE INSTRUMENT SHELTER","13-121-0099","AQS"
"05/01/2006","9","","MONITOR LOCATED WITHIN PORTABLE INSTRUMENT SHELTER","13-121-0099","AQS"
"05/02/2006","13","","South DeKalb","13-089-0002","AQS"
"05/03/2006","7","","South DeKalb","13-089-0002","AQS"
"05/04/2006","9","","South DeKalb","13-089-0002","AQS"
"05/05/2006","8","","South DeKalb","13-089-0002","AQS"
"05/06/2006","7","","South DeKalb","13-089-0002","AQS"
"05/07/2006","9","","South DeKalb","13-089-0002","AQS"
"05/08/2006","10","","MONITOR LOCATED WITHIN PORTABLE INSTRUMENT SHELTER","13-121-0099","AQS"
"05/09/2006","8","","MONITOR LOCATED WITHIN PORTABLE INSTRUMENT SHELTER","13-121-0099","AQS"
"05/10/2006","10","","MONITOR LOCATED WITHIN PORTABLE INSTRUMENT SHELTER","13-121-0099","AQS"
"05/11/2006","6","","South DeKalb","13-089-0002","AQS"
"05/12/2006","6","","South DeKalb","13-089-0002","AQS"
"05/13/2006","9","","South DeKalb","13-089-0002","AQS"
"05/14/2006","6","","South DeKalb","13-089-0002","AQS"
"05/15/2006","6","","South DeKalb","13-089-0002","AQS"
"05/16/2006","7","","South DeKalb","13-089-0002","AQS"
"05/17/2006","8","","South DeKalb","13-089-0002","AQS"
"05/18/2006","8","","MONITOR LOCATED WITHIN PORTABLE INSTRUMENT SHELTER","13-121-0099","AQS"
"05/19/2006","8","","MONITOR LOCATED WITHIN PORTABLE INSTRUMENT SHELTER","13-121-0099","AQS"
"05/20/2006","9","","South DeKalb","13-089-0002","AQS"
"05/21/2006","6","","South DeKalb","13-089-0002","AQS"
"05/22/2006","7","","South DeKalb","13-089-0002","AQS"
"05/23/2006","8","","South DeKalb","13-089-0002","AQS"
"05/24/2006","10","","South DeKalb","13-089-0002","AQS"
"05/25/2006","15","","South DeKalb","13-089-0002","AQS"
"05/26/2006","10","","MONITOR LOCATED WITHIN PORTABLE INSTRUMENT SHELTER","13-121-0099","AQS"
"05/27/2006","7","","South DeKalb","13-089-0002","AQS"
"05/28/2006","10","","South DeKalb","13-089-0002","AQS"
"05/29/2006","11","","South DeKalb","13-089-0002","AQS"
"05/30/2006","15","","South DeKalb","13-089-0002","AQS"
"05/31/2006","13","","South DeKalb","13-089-0002","AQS"
"06/01/2006","9","","MONITOR LOCATED WITHIN PORTABLE INSTRUMENT SHELTER","13-121-0099","AQS"
"06/02/2006","8","","MONITOR LOCATED WITHIN PORTABLE INSTRUMENT SHELTER","13-121-0099","AQS"
"06/03/2006","7","","South DeKalb","13-089-0002","AQS"
"06/04/2006","9","","South DeKalb","13-089-0002","AQS"
"06/05/2006","10","","South DeKalb","13-089-0002","AQS"
"06/06/2006","9","","MONITOR LOCATED WITHIN PORTABLE INSTRUMENT SHELTER","13-121-0099","AQS"
"06/07/2006","10","","South DeKalb","13-089-0002","AQS"
"06/08/2006","11","","South DeKalb","13-089-0002","AQS"
"06/09/2006","7","","South DeKalb","13-089-0002","AQS"
"06/10/2006","9","","South DeKalb","13-089-0002","AQS"
"06/11/2006","11","","South DeKalb","13-089-0002","AQS"
"06/12/2006","8","","MONITOR LOCATED WITHIN PORTABLE INSTRUMENT SHELTER","13-121-0099","AQS"
"06/13/2006","7","","South DeKalb","13-089-0002","AQS"
"06/14/2006","7","","South DeKalb","13-089-0002","AQS"
"06/15/2006","9","","South DeKalb","13-089-0002","AQS"
"06/16/2006","10","","South DeKalb","13-089-0002","AQS"
"06/17/2006","8","","MONITOR LOCATED WITHIN PORTABLE INSTRUMENT SHELTER","13-121-0099","AQS"
"06/18/2006","8","","MONITOR LOCATED WITHIN PORTABLE INSTRUMENT SHELTER","13-121-0099","AQS"
"06/19/2006","9","","South DeKalb","13-089-0002","AQS"
"06/20/2006","10","","South DeKalb","13-089-0002","AQS"
"06/21/2006","11","","South DeKalb","13-089-0002","AQS"
"06/22/2006","11","","South DeKalb","13-089-0002","AQS"
"06/23/2006","10","","MONITOR LOCATED WITHIN PORTABLE INSTRUMENT SHELTER","13-121-0099","AQS"
"06/24/2006","7","","South DeKalb","13-089-0002","AQS"
"06/25/2006","7","","South DeKalb","13-089-0002","AQS"
"06/26/2006","9","","MONITOR LOCATED WITHIN PORTABLE INSTRUMENT SHELTER","13-121-0099","AQS"
"06/27/2006","7","","South DeKalb","13-089-0002","AQS"
"06/28/2006","13","","South DeKalb","13-089-0002","AQS"
"06/29/2006","10","","South DeKalb","13-089-0002","AQS"
"06/30/2006","13","","South DeKalb","13-089-0002","AQS"
"07/01/2006","8","","MONITOR LOCATED WITHIN PORTABLE INSTRUMENT SHELTER","13-121-0099","AQS"
"07/02/2006","8","","MONITOR LOCATED WITHIN PORTABLE INSTRUMENT SHELTER","13-121-0099","AQS"
"07/03/2006","10","","MONITOR LOCATED WITHIN PORTABLE INSTRUMENT SHELTER","13-121-0099","AQS"
"07/04/2006","11","","South DeKalb","13-089-0002","AQS"
"07/05/2006","8","","South DeKalb","13-089-0002","AQS"
"07/06/2006","8","","South DeKalb","13-089-0002","AQS"
"07/07/2006","8","","MONITOR LOCATED WITHIN PORTABLE INSTRUMENT SHELTER","13-121-0099","AQS"
"07/08/2006","8","","MONITOR LOCATED WITHIN PORTABLE INSTRUMENT SHELTER","13-121-0099","AQS"
"07/09/2006","11","","South DeKalb","13-089-0002","AQS"
"07/10/2006","10","","MONITOR LOCATED WITHIN PORTABLE INSTRUMENT SHELTER","13-121-0099","AQS"
"07/11/2006","10","","MONITOR LOCATED WITHIN PORTABLE INSTRUMENT SHELTER","13-121-0099","AQS"
"07/12/2006","9","","MONITOR LOCATED WITHIN PORTABLE INSTRUMENT SHELTER","13-121-0099","AQS"
"07/13/2006","7","","MONITOR LOCATED WITHIN PORTABLE INSTRUMENT SHELTER","13-121-0099","AQS"
"07/14/2006","9","","South DeKalb","13-089-0002","AQS"
"07/15/2006","11","","South DeKalb","13-089-0002","AQS"
"07/16/2006","8","","South DeKalb","13-089-0002","AQS"
"07/17/2006","8","","South DeKalb","13-089-0002","AQS"
"07/18/2006","10","","South DeKalb","13-089-0002","AQS"
"07/19/2006","14","","South DeKalb","13-089-0002","AQS"
"07/20/2006","9","","South DeKalb","13-089-0002","AQS"
"07/21/2006","9","","South DeKalb","13-089-0002","AQS"
"07/22/2006","8","","South DeKalb","13-089-0002","AQS"
"07/23/2006","6","","South DeKalb","13-089-0002","AQS"
"07/24/2006","10","","MONITOR LOCATED WITHIN PORTABLE INSTRUMENT SHELTER","13-121-0099","AQS"
"07/25/2006","8","","MONITOR LOCATED WITHIN PORTABLE INSTRUMENT SHELTER","13-121-0099","AQS"
"07/26/2006","7","","MONITOR LOCATED WITHIN PORTABLE INSTRUMENT SHELTER","13-121-0099","AQS"
"07/27/2006","8","","MONITOR LOCATED WITHIN PORTABLE INSTRUMENT SHELTER","13-121-0099","AQS"
"07/28/2006","9","","South DeKalb","13-089-0002","AQS"
"07/29/2006","6","","South DeKalb","13-089-0002","AQS"
"07/30/2006","7","","South DeKalb","13-089-0002","AQS"
"07/31/2006","7","","South DeKalb","13-089-0002","AQS"
"08/01/2006","8","","South DeKalb","13-089-0002","AQS"
"08/02/2006","8","","South DeKalb","13-089-0002","AQS"
"08/03/2006","9","","South DeKalb","13-089-0002","AQS"
"08/04/2006","8","","South DeKalb","13-089-0002","AQS"
"08/05/2006","8","","South DeKalb","13-089-0002","AQS"
"08/06/2006","8","","South DeKalb","13-089-0002","AQS"
"08/07/2006","11","","South DeKalb","13-089-0002","AQS"
"08/08/2006","11","","South DeKalb","13-089-0002","AQS"
"08/09/2006","8","","South DeKalb","13-089-0002","AQS"
"08/10/2006","8","","South DeKalb","13-089-0002","AQS"
"08/11/2006","10","","South DeKalb","13-089-0002","AQS"
"08/12/2006","11","","South DeKalb","13-089-0002","AQS"
"08/13/2006","7","","MONITOR LOCATED WITHIN PORTABLE INSTRUMENT SHELTER","13-121-0099","AQS"
"08/14/2006","15","","MONITOR LOCATED WITHIN PORTABLE INSTRUMENT SHELTER","13-121-0099","AQS"
"08/15/2006","10","","MONITOR LOCATED WITHIN PORTABLE INSTRUMENT SHELTER","13-121-0099","AQS"
"08/16/2006","9","","South DeKalb","13-089-0002","AQS"
"08/17/2006","10","","MONITOR LOCATED WITHIN PORTABLE INSTRUMENT SHELTER","13-121-0099","AQS"
"08/18/2006","10","","MONITOR LOCATED WITHIN PORTABLE INSTRUMENT SHELTER","13-121-0099","AQS"
"08/19/2006","11","","South DeKalb","13-089-0002","AQS"
"08/20/2006","15","","South DeKalb","13-089-0002","AQS"
"08/21/2006","11","","MONITOR LOCATED WITHIN PORTABLE INSTRUMENT SHELTER","13-121-0099","AQS"
"08/22/2006","9","","South DeKalb","13-089-0002","AQS"
"08/23/2006","9","","MONITOR LOCATED WITHIN PORTABLE INSTRUMENT SHELTER","13-121-0099","AQS"
"08/24/2006","11","","MONITOR LOCATED WITHIN PORTABLE INSTRUMENT SHELTER","13-121-0099","AQS"
"08/25/2006","11","","MONITOR LOCATED WITHIN PORTABLE INSTRUMENT SHELTER","13-121-0099","AQS"
"08/26/2006","11","","MONITOR LOCATED WITHIN PORTABLE INSTRUMENT SHELTER","13-121-0099","AQS"
"08/27/2006","9","","MONITOR LOCATED WITHIN PORTABLE INSTRUMENT SHELTER","13-121-0099","AQS"
"08/28/2006","10","","MONITOR LOCATED WITHIN PORTABLE INSTRUMENT SHELTER","13-121-0099","AQS"
"08/29/2006","9","","MONITOR LOCATED WITHIN PORTABLE INSTRUMENT SHELTER","13-121-0099","AQS"
"08/30/2006","9","","MONITOR LOCATED WITHIN PORTABLE INSTRUMENT SHELTER","13-121-0099","AQS"
"08/31/2006","9","","MONITOR LOCATED WITHIN PORTABLE INSTRUMENT SHELTER","13-121-0099","AQS"
"09/01/2006","11","","MONITOR LOCATED WITHIN PORTABLE INSTRUMENT SHELTER","13-121-0099","AQS"
"09/02/2006","11","","MONITOR LOCATED WITHIN PORTABLE INSTRUMENT SHELTER","13-121-0099","AQS"
"09/03/2006","7","","South DeKalb","13-089-0002","AQS"
"09/04/2006","8","","MONITOR LOCATED WITHIN PORTABLE INSTRUMENT SHELTER","13-121-0099","AQS"
"09/05/2006","10","","South DeKalb","13-089-0002","AQS"
"09/06/2006","11","","South DeKalb","13-089-0002","AQS"
"09/07/2006","14","","South DeKalb","13-089-0002","AQS"
"09/08/2006","11","","MONITOR LOCATED WITHIN PORTABLE INSTRUMENT SHELTER","13-121-0099","AQS"
"09/09/2006","15","","South DeKalb","13-089-0002","AQS"
"09/10/2006","13","","South DeKalb","13-089-0002","AQS"
"09/11/2006","9","","South DeKalb","13-089-0002","AQS"
"09/12/2006","8","","MONITOR LOCATED WITHIN PORTABLE INSTRUMENT SHELTER","13-121-0099","AQS"
"09/13/2006","8","","MONITOR LOCATED WITHIN PORTABLE INSTRUMENT SHELTER","13-121-0099","AQS"
"09/14/2006","8","","South DeKalb","13-089-0002","AQS"
"09/15/2006","13","","South DeKalb","13-089-0002","AQS"
"09/16/2006","20","","South DeKalb","13-089-0002","AQS"
"09/17/2006","18","","South DeKalb","13-089-0002","AQS"
"09/18/2006","10","","South DeKalb","13-089-0002","AQS"
"09/19/2006","8","","South DeKalb","13-089-0002","AQS"
"09/20/2006","8","","South DeKalb","13-089-0002","AQS"
"09/21/2006","9","","MONITOR LOCATED WITHIN PORTABLE INSTRUMENT SHELTER","13-121-0099","AQS"
"09/22/2006","10","","MONITOR LOCATED WITHIN PORTABLE INSTRUMENT SHELTER","13-121-0099","AQS"
"09/23/2006","8","","South DeKalb","13-089-0002","AQS"
"09/24/2006","8","","South DeKalb","13-089-0002","AQS"
"09/25/2006","8","","South DeKalb","13-089-0002","AQS"
"09/26/2006","9","","MONITOR LOCATED WITHIN PORTABLE INSTRUMENT SHELTER","13-121-0099","AQS"
"09/27/2006","10","","South DeKalb","13-089-0002","AQS"
"09/28/2006","11","","South DeKalb","13-089-0002","AQS"
"09/29/2006","10","","South DeKalb","13-089-0002","AQS"
"09/30/2006","16","","South DeKalb","13-089-0002","AQS"
"10/01/2006","11","","South DeKalb","13-089-0002","AQS"
"10/02/2006","10","","MONITOR LOCATED WITHIN PORTABLE INSTRUMENT SHELTER","13-121-0099","AQS"
"10/03/2006","11","","MONITOR LOCATED WITHIN PORTABLE INSTRUMENT SHELTER","13-121-0099","AQS"
"10/04/2006","15","","South DeKalb","13-089-0002","AQS"
"10/05/2006","17","","South DeKalb","13-089-0002","AQS"
"10/06/2006","11","","South DeKalb","13-089-0002","AQS"
"10/07/2006","8","","South DeKalb","13-089-0002","AQS"
"10/08/2006","8","","South DeKalb","13-089-0002","AQS"
"10/09/2006","10","","South DeKalb","13-089-0002","AQS"
"10/10/2006","14","","South DeKalb","13-089-0002","AQS"
"10/11/2006","11","","South DeKalb","13-089-0002","AQS"
"10/12/2006","7","","South DeKalb","13-089-0002","AQS"
"10/13/2006","7","","South DeKalb","13-089-0002","AQS"
"10/14/2006","8","","South DeKalb","13-089-0002","AQS"
"10/15/2006","11","","MONITOR LOCATED WITHIN PORTABLE INSTRUMENT SHELTER","13-121-0099","AQS"
"10/16/2006","10","","MONITOR LOCATED WITHIN PORTABLE INSTRUMENT SHELTER","13-121-0099","AQS"
"10/17/2006","11","","MONITOR LOCATED WITHIN PORTABLE INSTRUMENT SHELTER","13-121-0099","AQS"
"10/18/2006","10","","MONITOR LOCATED WITHIN PORTABLE INSTRUMENT SHELTER","13-121-0099","AQS"
"10/19/2006","16","","South DeKalb","13-089-0002","AQS"
"10/20/2006","7","","MONITOR LOCATED WITHIN PORTABLE INSTRUMENT SHELTER","13-121-0099","AQS"
"10/21/2006","9","","MONITOR LOCATED WITHIN PORTABLE INSTRUMENT SHELTER","13-121-0099","AQS"
"10/22/2006","9","","MONITOR LOCATED WITHIN PORTABLE INSTRUMENT SHELTER","13-121-0099","AQS"
"10/23/2006","6","","South DeKalb","13-089-0002","AQS"
"10/24/2006","11","","South DeKalb","13-089-0002","AQS"
"10/25/2006","11","","South DeKalb","13-089-0002","AQS"
"10/26/2006","13","","MONITOR LOCATED WITHIN PORTABLE INSTRUMENT SHELTER","13-121-0099","AQS"
"10/27/2006","9","","MONITOR LOCATED WITHIN PORTABLE INSTRUMENT SHELTER","13-121-0099","AQS"
"10/28/2006","7","","MONITOR LOCATED WITHIN PORTABLE INSTRUMENT SHELTER","13-121-0099","AQS"
"10/29/2006","9","","South DeKalb","13-089-0002","AQS"
"10/30/2006","15","","South DeKalb","13-089-0002","AQS"
"10/31/2006","19","","South DeKalb","13-089-0002","AQS"
"11/01/2006","22","","South DeKalb","13-089-0002","AQS"
"11/02/2006","7","","MONITOR LOCATED WITHIN PORTABLE INSTRUMENT SHELTER","13-121-0099","AQS"
"11/03/2006","7","","Yorkville, King Farm","13-223-0003","AQS"
"11/04/2006","10","","South DeKalb","13-089-0002","AQS"
"11/05/2006","11","","MONITOR LOCATED WITHIN PORTABLE INSTRUMENT SHELTER","13-121-0099","AQS"
"11/06/2006","7","","MONITOR LOCATED WITHIN PORTABLE INSTRUMENT SHELTER","13-121-0099","AQS"
"11/07/2006","10","","MONITOR LOCATED WITHIN PORTABLE INSTRUMENT SHELTER","13-121-0099","AQS"
"11/08/2006","9","","MONITOR LOCATED WITHIN PORTABLE INSTRUMENT SHELTER","13-121-0099","AQS"
"11/09/2006","11","","South DeKalb","13-089-0002","AQS"
"11/10/2006","22","","South DeKalb","13-089-0002","AQS"
"11/11/2006","16","","South DeKalb","13-089-0002","AQS"
"11/12/2006","2","","South DeKalb","13-089-0002","AQS"
"11/13/2006","8","","South DeKalb","13-089-0002","AQS"
"11/14/2006","11","","South DeKalb","13-089-0002","AQS"
"11/15/2006","14","","South DeKalb","13-089-0002","AQS"
"11/16/2006","7","","MONITOR LOCATED WITHIN PORTABLE INSTRUMENT SHELTER","13-121-0099","AQS"
"11/17/2006","6","","South DeKalb","13-089-0002","AQS"
"11/18/2006","11","","South DeKalb","13-089-0002","AQS"
"11/19/2006","13","","South DeKalb","13-089-0002","AQS"
"11/20/2006","5","","South DeKalb","13-089-0002","AQS"
"11/21/2006","6","","MONITOR LOCATED WITHIN PORTABLE INSTRUMENT SHELTER","13-121-0099","AQS"
"11/22/2006","6","","MONITOR LOCATED WITHIN PORTABLE INSTRUMENT SHELTER","13-121-0099","AQS"
"11/23/2006","9","","South DeKalb","13-089-0002","AQS"
"11/24/2006","14","","South DeKalb","13-089-0002","AQS"
"11/25/2006","19","","South DeKalb","13-089-0002","AQS"
"11/26/2006","19","","South DeKalb","13-089-0002","AQS"
"11/27/2006","20","","South DeKalb","13-089-0002","AQS"
"11/28/2006","13","","MONITOR LOCATED WITHIN PORTABLE INSTRUMENT SHELTER","13-121-0099","AQS"
"11/29/2006","10","","MONITOR LOCATED WITHIN PORTABLE INSTRUMENT SHELTER","13-121-0099","AQS"
"11/30/2006","8","","MONITOR LOCATED WITHIN PORTABLE INSTRUMENT SHELTER","13-121-0099","AQS"
"12/01/2006","6","","MONITOR LOCATED WITHIN PORTABLE INSTRUMENT SHELTER","13-121-0099","AQS"
"12/02/2006","13","","MONITOR LOCATED WITHIN PORTABLE INSTRUMENT SHELTER","13-121-0099","AQS"
"12/03/2006","15","","South DeKalb","13-089-0002","AQS"
"12/04/2006","3","","South DeKalb","13-089-0002","AQS"
"12/05/2006","10","","South DeKalb","13-089-0002","AQS"
"12/06/2006","20","","South DeKalb","13-089-0002","AQS"
"12/07/2006","7","","MONITOR LOCATED WITHIN PORTABLE INSTRUMENT SHELTER","13-121-0099","AQS"
"12/08/2006","10","","South DeKalb","13-089-0002","AQS"
"12/09/2006","17","","South DeKalb","13-089-0002","AQS"
"12/10/2006","25","","South DeKalb","13-089-0002","AQS"
"12/11/2006","22","","South DeKalb","13-089-0002","AQS"
"12/12/2006","18","","South DeKalb","13-089-0002","AQS"
"12/13/2006","13","","South DeKalb","13-089-0002","AQS"
"12/14/2006","25","","South DeKalb","13-089-0002","AQS"
"12/15/2006","17","","South DeKalb","13-089-0002","AQS"
"12/16/2006","22","","South DeKalb","13-089-0002","AQS"
"12/17/2006","23","","South DeKalb","13-089-0002","AQS"
"12/18/2006","20","","South DeKalb","13-089-0002","AQS"
"12/19/2006","24","","South DeKalb","13-089-0002","AQS"
"12/20/2006","9","","South DeKalb","13-089-0002","AQS"
"12/21/2006","10","","MONITOR LOCATED WITHIN PORTABLE INSTRUMENT SHELTER","13-121-0099","AQS"
"12/22/2006","11","","MONITOR LOCATED WITHIN PORTABLE INSTRUMENT SHELTER","13-121-0099","AQS"
"12/23/2006","8","","South DeKalb","13-089-0002","AQS"
"12/24/2006","10","","South DeKalb","13-089-0002","AQS"
"12/25/2006","7","","MONITOR LOCATED WITHIN PORTABLE INSTRUMENT SHELTER","13-121-0099","AQS"
"12/26/2006","6","","MONITOR LOCATED WITHIN PORTABLE INSTRUMENT SHELTER","13-121-0099","AQS"
"12/27/2006","13","","MONITOR LOCATED WITHIN PORTABLE INSTRUMENT SHELTER","13-121-0099","AQS"
"12/28/2006","17","","South DeKalb","13-089-0002","AQS"
"12/29/2006","15","","MONITOR LOCATED WITHIN PORTABLE INSTRUMENT SHELTER","13-121-0099","AQS"
"12/30/2006","16","","MONITOR LOCATED WITHIN PORTABLE INSTRUMENT SHELTER","13-121-0099","AQS"
"12/31/2006","8","","MONITOR LOCATED WITHIN PORTABLE INSTRUMENT SHELTER","13-121-0099","AQS"
"01/01/2007","6","","MONITOR LOCATED WITHIN PORTABLE INSTRUMENT SHELTER","13-121-0099","AQS"
"01/02/2007","14","","MONITOR LOCATED WITHIN PORTABLE INSTRUMENT SHELTER","13-121-0099","AQS"
"01/03/2007","15","","MONITOR LOCATED WITHIN PORTABLE INSTRUMENT SHELTER","13-121-0099","AQS"
"01/04/2007","10","","MONITOR LOCATED WITHIN PORTABLE INSTRUMENT SHELTER","13-121-0099","AQS"
"01/05/2007","8","","MONITOR LOCATED WITHIN PORTABLE INSTRUMENT SHELTER","13-121-0099","AQS"
"01/06/2007","11","","South DeKalb","13-089-0002","AQS"
"01/07/2007","15","","South DeKalb","13-089-0002","AQS"
"01/08/2007","7","","MONITOR LOCATED WITHIN PORTABLE INSTRUMENT SHELTER","13-121-0099","AQS"
"01/09/2007","9","","South DeKalb","13-089-0002","AQS"
"01/10/2007","10","","MONITOR LOCATED WITHIN PORTABLE INSTRUMENT SHELTER","13-121-0099","AQS"
"01/11/2007","14","","South DeKalb","13-089-0002","AQS"
"01/12/2007","14","","MONITOR LOCATED WITHIN PORTABLE INSTRUMENT SHELTER","13-121-0099","AQS"
"01/13/2007","15","","MONITOR LOCATED WITHIN PORTABLE INSTRUMENT SHELTER","13-121-0099","AQS"
"01/14/2007","14","","South DeKalb","13-089-0002","AQS"
"01/15/2007","8","","MONITOR LOCATED WITHIN PORTABLE INSTRUMENT SHELTER","13-121-0099","AQS"
"01/16/2007","5","","MONITOR LOCATED WITHIN PORTABLE INSTRUMENT SHELTER","13-121-0099","AQS"
"01/17/2007","7","","MONITOR LOCATED WITHIN PORTABLE INSTRUMENT SHELTER","13-121-0099","AQS"
"01/18/2007","10","","MONITOR LOCATED WITHIN PORTABLE INSTRUMENT SHELTER","13-121-0099","AQS"
"01/19/2007","9","","MONITOR LOCATED WITHIN PORTABLE INSTRUMENT SHELTER","13-121-0099","AQS"
"01/20/2007","6","","South DeKalb","13-089-0002","AQS"
"01/21/2007","8","","MONITOR LOCATED WITHIN PORTABLE INSTRUMENT SHELTER","13-121-0099","AQS"
"01/22/2007","7","","MONITOR LOCATED WITHIN PORTABLE INSTRUMENT SHELTER","13-121-0099","AQS"
"01/23/2007","5","","MONITOR LOCATED WITHIN PORTABLE INSTRUMENT SHELTER","13-121-0099","AQS"
"01/24/2007","6","","South DeKalb","13-089-0002","AQS"
"01/25/2007","6","","MONITOR LOCATED WITHIN PORTABLE INSTRUMENT SHELTER","13-121-0099","AQS"
"01/26/2007","10","","South DeKalb","13-089-0002","AQS"
"01/27/2007","22","","South DeKalb","13-089-0002","AQS"
"01/28/2007","6","","MONITOR LOCATED WITHIN PORTABLE INSTRUMENT SHELTER","13-121-0099","AQS"
"01/29/2007","8","","MONITOR LOCATED WITHIN PORTABLE INSTRUMENT SHELTER","13-121-0099","AQS"
"01/30/2007","13","","South DeKalb","13-089-0002","AQS"
"01/31/2007","13","","MONITOR LOCATED WITHIN PORTABLE INSTRUMENT SHELTER","13-121-0099","AQS"
"02/01/2007","13","","MONITOR LOCATED WITHIN PORTABLE INSTRUMENT SHELTER","13-121-0099","AQS"
"02/02/2007","7","","MONITOR LOCATED WITHIN PORTABLE INSTRUMENT SHELTER","13-121-0099","AQS"
"02/03/2007","7","","South DeKalb","13-089-0002","AQS"
"02/04/2007","11","","South DeKalb","13-089-0002","AQS"
"02/05/2007","5","","South DeKalb","13-089-0002","AQS"
"02/06/2007","7","","South DeKalb","13-089-0002","AQS"
"02/07/2007","6","","South DeKalb","13-089-0002","AQS"
"02/08/2007","6","","South DeKalb","13-089-0002","AQS"
"02/09/2007","7","","South DeKalb","13-089-0002","AQS"
"02/10/2007","6","","South DeKalb","13-089-0002","AQS"
"02/11/2007","10","","South DeKalb","13-089-0002","AQS"
"02/12/2007","18","","South DeKalb","13-089-0002","AQS"
"02/13/2007","16","","South DeKalb","13-089-0002","AQS"
"02/14/2007","13","","MONITOR LOCATED WITHIN PORTABLE INSTRUMENT SHELTER","13-121-0099","AQS"
"02/15/2007","7","","South DeKalb","13-089-0002","AQS"
"02/16/2007","8","","South DeKalb","13-089-0002","AQS"
"02/17/2007","14","","South DeKalb","13-089-0002","AQS"
"02/18/2007","6","","South DeKalb","13-089-0002","AQS"
"02/19/2007","11","","South DeKalb","13-089-0002","AQS"
"02/20/2007","8","","South DeKalb","13-089-0002","AQS"
"02/21/2007","8","","South DeKalb","13-089-0002","AQS"
"02/22/2007","9","","South DeKalb","13-089-0002","AQS"
"02/23/2007","10","","South DeKalb","13-089-0002","AQS"
"02/24/2007","17","","South DeKalb","13-089-0002","AQS"
"02/25/2007","8","","South DeKalb","13-089-0002","AQS"
"02/26/2007","11","","South DeKalb","13-089-0002","AQS"
"02/27/2007","19","","South DeKalb","13-089-0002","AQS"
"02/28/2007","19","","South DeKalb","13-089-0002","AQS"
"03/01/2007","13","","MONITOR LOCATED WITHIN PORTABLE INSTRUMENT SHELTER","13-121-0099","AQS"
"03/02/2007","6","","South DeKalb","13-089-0002","AQS"
"03/03/2007","6","","South DeKalb","13-089-0002","AQS"
"03/04/2007","5","","South DeKalb","13-089-0002","AQS"
"03/05/2007","5","","South DeKalb","13-089-0002","AQS"
"03/06/2007","7","","South DeKalb","13-089-0002","AQS"
"03/07/2007","18","","South DeKalb","13-089-0002","AQS"
"03/08/2007","11","","MONITOR LOCATED WITHIN PORTABLE INSTRUMENT SHELTER","13-121-0099","AQS"
"03/09/2007","11","","MONITOR LOCATED WITHIN PORTABLE INSTRUMENT SHELTER","13-121-0099","AQS"
"03/10/2007","11","","MONITOR LOCATED WITHIN PORTABLE INSTRUMENT SHELTER","13-121-0099","AQS"
"03/11/2007","15","","MONITOR LOCATED WITHIN PORTABLE INSTRUMENT SHELTER","13-121-0099","AQS"
"03/12/2007","11","","MONITOR LOCATED WITHIN PORTABLE INSTRUMENT SHELTER","13-121-0099","AQS"
"03/13/2007","16","","MONITOR LOCATED WITHIN PORTABLE INSTRUMENT SHELTER","13-121-0099","AQS"
"03/14/2007","13","","MONITOR LOCATED WITHIN PORTABLE INSTRUMENT SHELTER","13-121-0099","AQS"
"03/15/2007","9","","MONITOR LOCATED WITHIN PORTABLE INSTRUMENT SHELTER","13-121-0099","AQS"
"03/16/2007","7","","MONITOR LOCATED WITHIN PORTABLE INSTRUMENT SHELTER","13-121-0099","AQS"
"03/17/2007","3","","MONITOR LOCATED WITHIN PORTABLE INSTRUMENT SHELTER","13-121-0099","AQS"
"03/18/2007","6","","South DeKalb","13-089-0002","AQS"
"03/19/2007","9","","MONITOR LOCATED WITHIN PORTABLE INSTRUMENT SHELTER","13-121-0099","AQS"
"03/20/2007","8","","South DeKalb","13-089-0002","AQS"
"03/21/2007","14","","MONITOR LOCATED WITHIN PORTABLE INSTRUMENT SHELTER","13-121-0099","AQS"
"03/22/2007","9","","MONITOR LOCATED WITHIN PORTABLE INSTRUMENT SHELTER","13-121-0099","AQS"
"03/23/2007","14","","MONITOR LOCATED WITHIN PORTABLE INSTRUMENT SHELTER","13-121-0099","AQS"
"03/24/2007","14","","South DeKalb","13-089-0002","AQS"
"03/25/2007","16","","South DeKalb","13-089-0002","AQS"
"03/26/2007","10","","South DeKalb","13-089-0002","AQS"
"03/27/2007","10","","MONITOR LOCATED WITHIN PORTABLE INSTRUMENT SHELTER","13-121-0099","AQS"
"03/28/2007","13","","MONITOR LOCATED WITHIN PORTABLE INSTRUMENT SHELTER","13-121-0099","AQS"
"03/29/2007","13","","South DeKalb","13-089-0002","AQS"
"03/30/2007","11","","MONITOR LOCATED WITHIN PORTABLE INSTRUMENT SHELTER","13-121-0099","AQS"
"03/31/2007","11","","MONITOR LOCATED WITHIN PORTABLE INSTRUMENT SHELTER","13-121-0099","AQS"
"04/01/2007","8","","MONITOR LOCATED WITHIN PORTABLE INSTRUMENT SHELTER","13-121-0099","AQS"
"04/02/2007","9","","MONITOR LOCATED WITHIN PORTABLE INSTRUMENT SHELTER","13-121-0099","AQS"
"04/03/2007","9","","MONITOR LOCATED WITHIN PORTABLE INSTRUMENT SHELTER","13-121-0099","AQS"
"04/04/2007","6","","MONITOR LOCATED WITHIN PORTABLE INSTRUMENT SHELTER","13-121-0099","AQS"
"04/05/2007","3","","MONITOR LOCATED WITHIN PORTABLE INSTRUMENT SHELTER","13-121-0099","AQS"
"04/06/2007","3","","MONITOR LOCATED WITHIN PORTABLE INSTRUMENT SHELTER","13-121-0099","AQS"
"04/07/2007","3","","MONITOR LOCATED WITHIN PORTABLE INSTRUMENT SHELTER","13-121-0099","AQS"
"04/08/2007","5","","South DeKalb","13-089-0002","AQS"
"04/09/2007","8","","MONITOR LOCATED WITHIN PORTABLE INSTRUMENT SHELTER","13-121-0099","AQS"
"04/10/2007","14","","MONITOR LOCATED WITHIN PORTABLE INSTRUMENT SHELTER","13-121-0099","AQS"
"04/11/2007","10","","MONITOR LOCATED WITHIN PORTABLE INSTRUMENT SHELTER","13-121-0099","AQS"
"04/12/2007","9","","MONITOR LOCATED WITHIN PORTABLE INSTRUMENT SHELTER","13-121-0099","AQS"
"04/13/2007","7","","South DeKalb","13-089-0002","AQS"
"04/14/2007","10","","South DeKalb","13-089-0002","AQS"
"04/15/2007","6","","MONITOR LOCATED WITHIN PORTABLE INSTRUMENT SHELTER","13-121-0099","AQS"
"04/16/2007","3","","South DeKalb","13-089-0002","AQS"
"04/17/2007","6","","South DeKalb","13-089-0002","AQS"
"04/18/2007","9","","MONITOR LOCATED WITHIN PORTABLE INSTRUMENT SHELTER","13-121-0099","AQS"
"04/19/2007","11","","South DeKalb","13-089-0002","AQS"
"04/20/2007","8","","MONITOR LOCATED WITHIN PORTABLE INSTRUMENT SHELTER","13-121-0099","AQS"
"04/21/2007","9","","South DeKalb","13-089-0002","AQS"
"04/22/2007","13","","South DeKalb","13-089-0002","AQS"
"04/23/2007","10","","South DeKalb","13-089-0002","AQS"
"04/24/2007","8","","South DeKalb","13-089-0002","AQS"
"04/25/2007","8","","MONITOR LOCATED WITHIN PORTABLE INSTRUMENT SHELTER","13-121-0099","AQS"
"04/26/2007","7","","MONITOR LOCATED WITHIN PORTABLE INSTRUMENT SHELTER","13-121-0099","AQS"
"04/27/2007","5","","South DeKalb","13-089-0002","AQS"
"04/28/2007","6","","South DeKalb","13-089-0002","AQS"
"04/29/2007","8","","South DeKalb","13-089-0002","AQS"
"04/30/2007","11","","MONITOR LOCATED WITHIN PORTABLE INSTRUMENT SHELTER","13-121-0099","AQS"
"05/01/2007","14","","South DeKalb","13-089-0002","AQS"
"05/02/2007","11","","South DeKalb","13-089-0002","AQS"
"05/03/2007","10","","South DeKalb","13-089-0002","AQS"
"05/04/2007","8","","MONITOR LOCATED WITHIN PORTABLE INSTRUMENT SHELTER","13-121-0099","AQS"
"05/05/2007","8","","MONITOR LOCATED WITHIN PORTABLE INSTRUMENT SHELTER","13-121-0099","AQS"
"05/06/2007","7","","MONITOR LOCATED WITHIN PORTABLE INSTRUMENT SHELTER","13-121-0099","AQS"
"05/07/2007","7","","MONITOR LOCATED WITHIN PORTABLE INSTRUMENT SHELTER","13-121-0099","AQS"
"05/08/2007","7","","MONITOR LOCATED WITHIN PORTABLE INSTRUMENT SHELTER","13-121-0099","AQS"
"05/09/2007","6","","South DeKalb","13-089-0002","AQS"
"05/10/2007","8","","South DeKalb","13-089-0002","AQS"
"05/11/2007","9","","MONITOR LOCATED WITHIN PORTABLE INSTRUMENT SHELTER","13-121-0099","AQS"
"05/12/2007","8","","South DeKalb","13-089-0002","AQS"
"05/13/2007","10","","South DeKalb","13-089-0002","AQS"
"05/14/2007","6","","South DeKalb","13-089-0002","AQS"
"05/15/2007","8","","MONITOR LOCATED WITHIN PORTABLE INSTRUMENT SHELTER","13-121-0099","AQS"
"05/16/2007","11","","South DeKalb","13-089-0002","AQS"
"05/17/2007","6","","MONITOR LOCATED WITHIN PORTABLE INSTRUMENT SHELTER","13-121-0099","AQS"
"05/18/2007","5","","South DeKalb","13-089-0002","AQS"
"05/19/2007","7","","South DeKalb","13-089-0002","AQS"
"05/20/2007","10","","South DeKalb","13-089-0002","AQS"
"05/21/2007","10","","South DeKalb","13-089-0002","AQS"
"05/22/2007","17","","MONITOR LOCATED WITHIN PORTABLE INSTRUMENT SHELTER","13-121-0099","AQS"
"05/23/2007","9","","MONITOR LOCATED WITHIN PORTABLE INSTRUMENT SHELTER","13-121-0099","AQS"
"05/24/2007","8","","MONITOR LOCATED WITHIN PORTABLE INSTRUMENT SHELTER","13-121-0099","AQS"
"05/25/2007","8","","MONITOR LOCATED WITHIN PORTABLE INSTRUMENT SHELTER","13-121-0099","AQS"
"05/26/2007","11","","South DeKalb","13-089-0002","AQS"
"05/27/2007","11","","MONITOR LOCATED WITHIN PORTABLE INSTRUMENT SHELTER","13-121-0099","AQS"
"05/28/2007","8","","Yorkville, King Farm","13-223-0003","AQS"
"05/29/2007","7","","South DeKalb","13-089-0002","AQS"
"05/30/2007","8","","MONITOR LOCATED WITHIN PORTABLE INSTRUMENT SHELTER","13-121-0099","AQS"
"05/31/2007","11","","MONITOR LOCATED WITHIN PORTABLE INSTRUMENT SHELTER","13-121-0099","AQS"
"06/01/2007","9","","MONITOR LOCATED WITHIN PORTABLE INSTRUMENT SHELTER","13-121-0099","AQS"
"06/02/2007","6","","MONITOR LOCATED WITHIN PORTABLE INSTRUMENT SHELTER","13-121-0099","AQS"
"06/03/2007","5","","South DeKalb","13-089-0002","AQS"
"06/04/2007","6","","MONITOR LOCATED WITHIN PORTABLE INSTRUMENT SHELTER","13-121-0099","AQS"
"06/05/2007","7","","MONITOR LOCATED WITHIN PORTABLE INSTRUMENT SHELTER","13-121-0099","AQS"
"06/06/2007","8","","MONITOR LOCATED WITHIN PORTABLE INSTRUMENT SHELTER","13-121-0099","AQS"
"06/07/2007","7","","South DeKalb","13-089-0002","AQS"
"06/08/2007","6","","MONITOR LOCATED WITHIN PORTABLE INSTRUMENT SHELTER","13-121-0099","AQS"
"06/09/2007","5","","South DeKalb","13-089-0002","AQS"
"06/10/2007","7","","South DeKalb","13-089-0002","AQS"
"06/11/2007","11","","South DeKalb","13-089-0002","AQS"
"06/12/2007","7","","South DeKalb","13-089-0002","AQS"
"06/13/2007","7","","MONITOR LOCATED WITHIN PORTABLE INSTRUMENT SHELTER","13-121-0099","AQS"
"06/14/2007","8","","MONITOR LOCATED WITHIN PORTABLE INSTRUMENT SHELTER","13-121-0099","AQS"
"06/15/2007","8","","MONITOR LOCATED WITHIN PORTABLE INSTRUMENT SHELTER","13-121-0099","AQS"
"06/16/2007","6","","MONITOR LOCATED WITHIN PORTABLE INSTRUMENT SHELTER","13-121-0099","AQS"
"06/17/2007","6","","MONITOR LOCATED WITHIN PORTABLE INSTRUMENT SHELTER","13-121-0099","AQS"
"06/18/2007","6","","MONITOR LOCATED WITHIN PORTABLE INSTRUMENT SHELTER","13-121-0099","AQS"
"06/19/2007","6","","MONITOR LOCATED WITHIN PORTABLE INSTRUMENT SHELTER","13-121-0099","AQS"
"06/20/2007","8","","Yorkville, King Farm","13-223-0003","AQS"
"06/21/2007","9","","Yorkville, King Farm","13-223-0003","AQS"
"06/22/2007","9","","Yorkville, King Farm","13-223-0003","AQS"
"06/23/2007","13","","South DeKalb","13-089-0002","AQS"
"06/24/2007","10","","Yorkville, King Farm","13-223-0003","AQS"
"06/25/2007","11","","Yorkville, King Farm","13-223-0003","AQS"
"06/26/2007","11","","Yorkville, King Farm","13-223-0003","AQS"
"06/27/2007","11","","Yorkville, King Farm","13-223-0003","AQS"
"06/28/2007","11","","Yorkville, King Farm","13-223-0003","AQS"
"06/29/2007","14","","Yorkville, King Farm","13-223-0003","AQS"
"06/30/2007","14","","Yorkville, King Farm","13-223-0003","AQS"
"07/01/2007","13","","Yorkville, King Farm","13-223-0003","AQS"
"07/02/2007","7","","Yorkville, King Farm","13-223-0003","AQS"
"07/03/2007","7","","MONITOR LOCATED WITHIN PORTABLE INSTRUMENT SHELTER","13-121-0099","AQS"
"07/04/2007","6","","Yorkville, King Farm","13-223-0003","AQS"
"07/05/2007","9","","South DeKalb","13-089-0002","AQS"
"07/06/2007","8","","South DeKalb","13-089-0002","AQS"
"07/07/2007","6","","South DeKalb","13-089-0002","AQS"
"07/08/2007","6","","South DeKalb","13-089-0002","AQS"
"07/09/2007","9","","South DeKalb","13-089-0002","AQS"
"07/10/2007","6","","South DeKalb","13-089-0002","AQS"
"07/11/2007","6","","South DeKalb","13-089-0002","AQS"
"07/12/2007","7","","South DeKalb","13-089-0002","AQS"
"07/13/2007","10","","South DeKalb","13-089-0002","AQS"
"07/14/2007","8","","South DeKalb","13-089-0002","AQS"
"07/15/2007","7","","MONITOR LOCATED WITHIN PORTABLE INSTRUMENT SHELTER","13-121-0099","AQS"
"07/16/2007","7","","South DeKalb","13-089-0002","AQS"
"07/17/2007","10","","South DeKalb","13-089-0002","AQS"
"07/18/2007","6","","South DeKalb","13-089-0002","AQS"
"07/19/2007","8","","South DeKalb","13-089-0002","AQS"
"07/20/2007","8","","South DeKalb","13-089-0002","AQS"
"07/21/2007","7","","South DeKalb","13-089-0002","AQS"
"07/22/2007","9","","South DeKalb","13-089-0002","AQS"
"07/23/2007","8","","MONITOR LOCATED WITHIN PORTABLE INSTRUMENT SHELTER","13-121-0099","AQS"
"07/24/2007","9","","MONITOR LOCATED WITHIN PORTABLE INSTRUMENT SHELTER","13-121-0099","AQS"
"07/25/2007","8","","MONITOR LOCATED WITHIN PORTABLE INSTRUMENT SHELTER","13-121-0099","AQS"
"07/26/2007","8","","South DeKalb","13-089-0002","AQS"
"07/27/2007","8","","South DeKalb","13-089-0002","AQS"
"07/28/2007","8","","South DeKalb","13-089-0002","AQS"
"07/29/2007","6","","South DeKalb","13-089-0002","AQS"
"07/30/2007","8","","MONITOR LOCATED WITHIN PORTABLE INSTRUMENT SHELTER","13-121-0099","AQS"
"07/31/2007","9","","MONITOR LOCATED WITHIN PORTABLE INSTRUMENT SHELTER","13-121-0099","AQS"
"08/01/2007","9","","South DeKalb","13-089-0002","AQS"
"08/02/2007","9","","South DeKalb","13-089-0002","AQS"
"08/03/2007","6","","South DeKalb","13-089-0002","AQS"
"08/04/2007","8","","South DeKalb","13-089-0002","AQS"
"08/05/2007","13","","South DeKalb","13-089-0002","AQS"
"08/06/2007","10","","South DeKalb","13-089-0002","AQS"
"08/07/2007","11","","South DeKalb","13-089-0002","AQS"
"08/08/2007","11","","South DeKalb","13-089-0002","AQS"
"08/09/2007","13","","South DeKalb","13-089-0002","AQS"
"08/10/2007","13","","South DeKalb","13-089-0002","AQS"
"08/11/2007","7","","South DeKalb","13-089-0002","AQS"
"08/12/2007","6","","South DeKalb","13-089-0002","AQS"
"08/13/2007","9","","South DeKalb","13-089-0002","AQS"
"08/14/2007","7","","South DeKalb","13-089-0002","AQS"
"08/15/2007","10","","South DeKalb","13-089-0002","AQS"
"08/16/2007","8","","MONITOR LOCATED WITHIN PORTABLE INSTRUMENT SHELTER","13-121-0099","AQS"
"08/17/2007","8","","MONITOR LOCATED WITHIN PORTABLE INSTRUMENT SHELTER","13-121-0099","AQS"
"08/18/2007","9","","MONITOR LOCATED WITHIN PORTABLE INSTRUMENT SHELTER","13-121-0099","AQS"
"08/19/2007","11","","South DeKalb","13-089-0002","AQS"
"08/20/2007","8","","MONITOR LOCATED WITHIN PORTABLE INSTRUMENT SHELTER","13-121-0099","AQS"
"08/21/2007","8","","MONITOR LOCATED WITHIN PORTABLE INSTRUMENT SHELTER","13-121-0099","AQS"
"08/22/2007","9","","South DeKalb","13-089-0002","AQS"
"08/23/2007","8","","MONITOR LOCATED WITHIN PORTABLE INSTRUMENT SHELTER","13-121-0099","AQS"
"08/24/2007","9","","MONITOR LOCATED WITHIN PORTABLE INSTRUMENT SHELTER","13-121-0099","AQS"
"08/25/2007","7","","MONITOR LOCATED WITHIN PORTABLE INSTRUMENT SHELTER","13-121-0099","AQS"
"08/26/2007","7","","MONITOR LOCATED WITHIN PORTABLE INSTRUMENT SHELTER","13-121-0099","AQS"
"08/27/2007","10","","MONITOR LOCATED WITHIN PORTABLE INSTRUMENT SHELTER","13-121-0099","AQS"
"08/28/2007","9","","MONITOR LOCATED WITHIN PORTABLE INSTRUMENT SHELTER","13-121-0099","AQS"
"08/29/2007","9","","MONITOR LOCATED WITHIN PORTABLE INSTRUMENT SHELTER","13-121-0099","AQS"
"08/30/2007","7","","MONITOR LOCATED WITHIN PORTABLE INSTRUMENT SHELTER","13-121-0099","AQS"
"08/31/2007","10","","MONITOR LOCATED WITHIN PORTABLE INSTRUMENT SHELTER","13-121-0099","AQS"
"09/01/2007","7","","MONITOR LOCATED WITHIN PORTABLE INSTRUMENT SHELTER","13-121-0099","AQS"
"09/02/2007","6","","South DeKalb","13-089-0002","AQS"
"09/03/2007","8","","South DeKalb","13-089-0002","AQS"
"09/04/2007","9","","South DeKalb","13-089-0002","AQS"
"09/05/2007","11","","MONITOR LOCATED WITHIN PORTABLE INSTRUMENT SHELTER","13-121-0099","AQS"
"09/06/2007","10","","MONITOR LOCATED WITHIN PORTABLE INSTRUMENT SHELTER","13-121-0099","AQS"
"09/07/2007","8","","MONITOR LOCATED WITHIN PORTABLE INSTRUMENT SHELTER","13-121-0099","AQS"
"09/08/2007","8","","South DeKalb","13-089-0002","AQS"
"09/09/2007","9","","South DeKalb","13-089-0002","AQS"
"09/10/2007","9","","MONITOR LOCATED WITHIN PORTABLE INSTRUMENT SHELTER","13-121-0099","AQS"
"09/11/2007","8","","MONITOR LOCATED WITHIN PORTABLE INSTRUMENT SHELTER","13-121-0099","AQS"
"09/12/2007","7","","MONITOR LOCATED WITHIN PORTABLE INSTRUMENT SHELTER","13-121-0099","AQS"
"09/13/2007","13","","MONITOR LOCATED WITHIN PORTABLE INSTRUMENT SHELTER","13-121-0099","AQS"
"09/14/2007","9","","MONITOR LOCATED WITHIN PORTABLE INSTRUMENT SHELTER","13-121-0099","AQS"
"09/15/2007","5","","MONITOR LOCATED WITHIN PORTABLE INSTRUMENT SHELTER","13-121-0099","AQS"
"09/16/2007","7","","MONITOR LOCATED WITHIN PORTABLE INSTRUMENT SHELTER","13-121-0099","AQS"
"09/17/2007","8","","MONITOR LOCATED WITHIN PORTABLE INSTRUMENT SHELTER","13-121-0099","AQS"
"09/18/2007","8","","MONITOR LOCATED WITHIN PORTABLE INSTRUMENT SHELTER","13-121-0099","AQS"
"09/19/2007","8","","MONITOR LOCATED WITHIN PORTABLE INSTRUMENT SHELTER","13-121-0099","AQS"
"09/20/2007","7","","MONITOR LOCATED WITHIN PORTABLE INSTRUMENT SHELTER","13-121-0099","AQS"
"09/21/2007","7","","MONITOR LOCATED WITHIN PORTABLE INSTRUMENT SHELTER","13-121-0099","AQS"
"09/22/2007","8","","MONITOR LOCATED WITHIN PORTABLE INSTRUMENT SHELTER","13-121-0099","AQS"
"09/23/2007","7","","MONITOR LOCATED WITHIN PORTABLE INSTRUMENT SHELTER","13-121-0099","AQS"
"09/24/2007","10","","MONITOR LOCATED WITHIN PORTABLE INSTRUMENT SHELTER","13-121-0099","AQS"
"09/25/2007","13","","MONITOR LOCATED WITHIN PORTABLE INSTRUMENT SHELTER","13-121-0099","AQS"
"09/26/2007","11","","MONITOR LOCATED WITHIN PORTABLE INSTRUMENT SHELTER","13-121-0099","AQS"
"09/27/2007","10","","South DeKalb","13-089-0002","AQS"
"09/28/2007","7","","MONITOR LOCATED WITHIN PORTABLE INSTRUMENT SHELTER","13-121-0099","AQS"
"09/29/2007","8","","MONITOR LOCATED WITHIN PORTABLE INSTRUMENT SHELTER","13-121-0099","AQS"
"09/30/2007","8","","MONITOR LOCATED WITHIN PORTABLE INSTRUMENT SHELTER","13-121-0099","AQS"
"10/01/2007","7","","MONITOR LOCATED WITHIN PORTABLE INSTRUMENT SHELTER","13-121-0099","AQS"
"10/02/2007","8","","MONITOR LOCATED WITHIN PORTABLE INSTRUMENT SHELTER","13-121-0099","AQS"
"10/03/2007","7","","MONITOR LOCATED WITHIN PORTABLE INSTRUMENT SHELTER","13-121-0099","AQS"
"10/04/2007","9","","MONITOR LOCATED WITHIN PORTABLE INSTRUMENT SHELTER","13-121-0099","AQS"
"10/05/2007","8","","MONITOR LOCATED WITHIN PORTABLE INSTRUMENT SHELTER","13-121-0099","AQS"
"10/06/2007","8","","MONITOR LOCATED WITHIN PORTABLE INSTRUMENT SHELTER","13-121-0099","AQS"
"10/07/2007","8","","MONITOR LOCATED WITHIN PORTABLE INSTRUMENT SHELTER","13-121-0099","AQS"
"10/08/2007","9","","South DeKalb","13-089-0002","AQS"
"10/09/2007","10","","South DeKalb","13-089-0002","AQS"
"10/10/2007","7","","South DeKalb","13-089-0002","AQS"
"10/11/2007","3","","South DeKalb","13-089-0002","AQS"
"10/12/2007","8","","MONITOR LOCATED WITHIN PORTABLE INSTRUMENT SHELTER","13-121-0099","AQS"
"10/13/2007","9","","South DeKalb","13-089-0002","AQS"
"10/14/2007","11","","South DeKalb","13-089-0002","AQS"
"10/15/2007","11","","MONITOR LOCATED WITHIN PORTABLE INSTRUMENT SHELTER","13-121-0099","AQS"
"10/16/2007","9","","MONITOR LOCATED WITHIN PORTABLE INSTRUMENT SHELTER","13-121-0099","AQS"
"10/17/2007","9","","MONITOR LOCATED WITHIN PORTABLE INSTRUMENT SHELTER","13-121-0099","AQS"
"10/18/2007","9","","MONITOR LOCATED WITHIN PORTABLE INSTRUMENT SHELTER","13-121-0099","AQS"
"10/19/2007","6","","MONITOR LOCATED WITHIN PORTABLE INSTRUMENT SHELTER","13-121-0099","AQS"
"10/20/2007","7","","MONITOR LOCATED WITHIN PORTABLE INSTRUMENT SHELTER","13-121-0099","AQS"
"10/21/2007","11","","South DeKalb","13-089-0002","AQS"
"10/22/2007","8","","MONITOR LOCATED WITHIN PORTABLE INSTRUMENT SHELTER","13-121-0099","AQS"
"10/23/2007","7","","MONITOR LOCATED WITHIN PORTABLE INSTRUMENT SHELTER","13-121-0099","AQS"
"10/24/2007","9","","MONITOR LOCATED WITHIN PORTABLE INSTRUMENT SHELTER","13-121-0099","AQS"
"10/25/2007","9","","MONITOR LOCATED WITHIN PORTABLE INSTRUMENT SHELTER","13-121-0099","AQS"
"10/26/2007","10","","MONITOR LOCATED WITHIN PORTABLE INSTRUMENT SHELTER","13-121-0099","AQS"
"10/27/2007","7","","MONITOR LOCATED WITHIN PORTABLE INSTRUMENT SHELTER","13-121-0099","AQS"
"10/28/2007","8","","MONITOR LOCATED WITHIN PORTABLE INSTRUMENT SHELTER","13-121-0099","AQS"
"10/29/2007","9","","MONITOR LOCATED WITHIN PORTABLE INSTRUMENT SHELTER","13-121-0099","AQS"
"10/30/2007","10","","MONITOR LOCATED WITHIN PORTABLE INSTRUMENT SHELTER","13-121-0099","AQS"
"10/31/2007","10","","MONITOR LOCATED WITHIN PORTABLE INSTRUMENT SHELTER","13-121-0099","AQS"
"11/01/2007","11","","South DeKalb","13-089-0002","AQS"
"11/02/2007","9","","South DeKalb","13-089-0002","AQS"
"11/03/2007","15","","South DeKalb","13-089-0002","AQS"
"11/04/2007","6","","MONITOR LOCATED WITHIN PORTABLE INSTRUMENT SHELTER","13-121-0099","AQS"
"11/05/2007","8","","MONITOR LOCATED WITHIN PORTABLE INSTRUMENT SHELTER","13-121-0099","AQS"
"11/06/2007","5","","MONITOR LOCATED WITHIN PORTABLE INSTRUMENT SHELTER","13-121-0099","AQS"
"11/07/2007","5","","MONITOR LOCATED WITHIN PORTABLE INSTRUMENT SHELTER","13-121-0099","AQS"
"11/08/2007","9","","South DeKalb","13-089-0002","AQS"
"11/09/2007","17","","South DeKalb","13-089-0002","AQS"
"11/10/2007","5","","MONITOR LOCATED WITHIN PORTABLE INSTRUMENT SHELTER","13-121-0099","AQS"
"11/11/2007","8","","South DeKalb","13-089-0002","AQS"
"11/12/2007","13","","South DeKalb","13-089-0002","AQS"
"11/13/2007","16","","South DeKalb","13-089-0002","AQS"
"11/14/2007","9","","MONITOR LOCATED WITHIN PORTABLE INSTRUMENT SHELTER","13-121-0099","AQS"
"11/15/2007","5","","MONITOR LOCATED WITHIN PORTABLE INSTRUMENT SHELTER","13-121-0099","AQS"
"11/16/2007","8","","MONITOR LOCATED WITHIN PORTABLE INSTRUMENT SHELTER","13-121-0099","AQS"
"11/17/2007","18","","South DeKalb","13-089-0002","AQS"
"11/18/2007","10","","MONITOR LOCATED WITHIN PORTABLE INSTRUMENT SHELTER","13-121-0099","AQS"
"11/19/2007","11","","South DeKalb","13-089-0002","AQS"
"11/20/2007","18","","South DeKalb","13-089-0002","AQS"
"11/21/2007","16","","MONITOR LOCATED WITHIN PORTABLE INSTRUMENT SHELTER","13-121-0099","AQS"
"11/22/2007","5","","MONITOR LOCATED WITHIN PORTABLE INSTRUMENT SHELTER","13-121-0099","AQS"
"11/23/2007","5","","South DeKalb","13-089-0002","AQS"
"11/24/2007","6","","South DeKalb","13-089-0002","AQS"
"11/25/2007","5","","MONITOR LOCATED WITHIN PORTABLE INSTRUMENT SHELTER","13-121-0099","AQS"
"11/26/2007","10","","MONITOR LOCATED WITHIN PORTABLE INSTRUMENT SHELTER","13-121-0099","AQS"
"11/27/2007","5","","MONITOR LOCATED WITHIN PORTABLE INSTRUMENT SHELTER","13-121-0099","AQS"
"11/28/2007","11","","MONITOR LOCATED WITHIN PORTABLE INSTRUMENT SHELTER","13-121-0099","AQS"
"11/29/2007","14","","South DeKalb","13-089-0002","AQS"
"11/30/2007","9","","South DeKalb","13-089-0002","AQS"
"12/01/2007","14","","South DeKalb","13-089-0002","AQS"
"12/02/2007","8","","South DeKalb","13-089-0002","AQS"
"12/03/2007","7","","South DeKalb","13-089-0002","AQS"
"12/04/2007","8","","MONITOR LOCATED WITHIN PORTABLE INSTRUMENT SHELTER","13-121-0099","AQS"
"12/05/2007","15","","South DeKalb","13-089-0002","AQS"
"12/06/2007","8","","MONITOR LOCATED WITHIN PORTABLE INSTRUMENT SHELTER","13-121-0099","AQS"
"12/07/2007","10","","MONITOR LOCATED WITHIN PORTABLE INSTRUMENT SHELTER","13-121-0099","AQS"
"12/08/2007","13","","MONITOR LOCATED WITHIN PORTABLE INSTRUMENT SHELTER","13-121-0099","AQS"
"12/09/2007","16","","South DeKalb","13-089-0002","AQS"
"12/10/2007","15","","South DeKalb","13-089-0002","AQS"
"12/11/2007","16","","South DeKalb","13-089-0002","AQS"
"12/12/2007","14","","South DeKalb","13-089-0002","AQS"
"12/13/2007","9","","MONITOR LOCATED WITHIN PORTABLE INSTRUMENT SHELTER","13-121-0099","AQS"
"12/14/2007","7","","South DeKalb","13-089-0002","AQS"
"12/15/2007","11","","South DeKalb","13-089-0002","AQS"
"12/16/2007","5","","MONITOR LOCATED WITHIN PORTABLE INSTRUMENT SHELTER","13-121-0099","AQS"
"12/17/2007","8","","South DeKalb","13-089-0002","AQS"
"12/18/2007","17","","South DeKalb","13-089-0002","AQS"
"12/19/2007","14","","South DeKalb","13-089-0002","AQS"
"12/20/2007","14","","South DeKalb","13-089-0002","AQS"
"12/21/2007","8","","MONITOR LOCATED WITHIN PORTABLE INSTRUMENT SHELTER","13-121-0099","AQS"
"12/22/2007","6","","MONITOR LOCATED WITHIN PORTABLE INSTRUMENT SHELTER","13-121-0099","AQS"
"12/23/2007","6","","South DeKalb","13-089-0002","AQS"
"12/24/2007","7","","South DeKalb","13-089-0002","AQS"
"12/25/2007","6","","South DeKalb","13-089-0002","AQS"
"12/26/2007","8","","MONITOR LOCATED WITHIN PORTABLE INSTRUMENT SHELTER","13-121-0099","AQS"
"12/27/2007","9","","MONITOR LOCATED WITHIN PORTABLE INSTRUMENT SHELTER","13-121-0099","AQS"
"12/28/2007","9","","MONITOR LOCATED WITHIN PORTABLE INSTRUMENT SHELTER","13-121-0099","AQS"
"12/29/2007","8","","South DeKalb","13-089-0002","AQS"
"12/30/2007","13","","South DeKalb","13-089-0002","AQS"
"12/31/2007","10","","MONITOR LOCATED WITHIN PORTABLE INSTRUMENT SHELTER","13-121-0099","AQS"
"01/01/2008","15","","South DeKalb","13-089-0002","AQS"
"01/02/2008","3","","South DeKalb","13-089-0002","AQS"
"01/03/2008","10","","MONITOR LOCATED WITHIN PORTABLE INSTRUMENT SHELTER","13-121-0099","AQS"
"01/04/2008","22","","South DeKalb","13-089-0002","AQS"
"01/05/2008","17","","South DeKalb","13-089-0002","AQS"
"01/06/2008","11","","MONITOR LOCATED WITHIN PORTABLE INSTRUMENT SHELTER","13-121-0099","AQS"
"01/07/2008","14","","MONITOR LOCATED WITHIN PORTABLE INSTRUMENT SHELTER","13-121-0099","AQS"
"01/08/2008","8","","MONITOR LOCATED WITHIN PORTABLE INSTRUMENT SHELTER","13-121-0099","AQS"
"01/09/2008","8","","MONITOR LOCATED WITHIN PORTABLE INSTRUMENT SHELTER","13-121-0099","AQS"
"01/10/2008","10","","MONITOR LOCATED WITHIN PORTABLE INSTRUMENT SHELTER","13-121-0099","AQS"
"01/11/2008","6","","MONITOR LOCATED WITHIN PORTABLE INSTRUMENT SHELTER","13-121-0099","AQS"
"01/12/2008","9","","MONITOR LOCATED WITHIN PORTABLE INSTRUMENT SHELTER","13-121-0099","AQS"
"01/13/2008","13","","South DeKalb","13-089-0002","AQS"
"01/14/2008","5","","MONITOR LOCATED WITHIN PORTABLE INSTRUMENT SHELTER","13-121-0099","AQS"
"01/15/2008","6","","MONITOR LOCATED WITHIN PORTABLE INSTRUMENT SHELTER","13-121-0099","AQS"
"01/16/2008","7","","MONITOR LOCATED WITHIN PORTABLE INSTRUMENT SHELTER","13-121-0099","AQS"
"01/17/2008","7","","MONITOR LOCATED WITHIN PORTABLE INSTRUMENT SHELTER","13-121-0099","AQS"
"01/18/2008","6","","MONITOR LOCATED WITHIN PORTABLE INSTRUMENT SHELTER","13-121-0099","AQS"
"01/19/2008","5","","MONITOR LOCATED WITHIN PORTABLE INSTRUMENT SHELTER","13-121-0099","AQS"
"01/20/2008","3","","MONITOR LOCATED WITHIN PORTABLE INSTRUMENT SHELTER","13-121-0099","AQS"
"01/21/2008","6","","MONITOR LOCATED WITHIN PORTABLE INSTRUMENT SHELTER","13-121-0099","AQS"
"01/22/2008","9","","MONITOR LOCATED WITHIN PORTABLE INSTRUMENT SHELTER","13-121-0099","AQS"
"01/23/2008","9","","MONITOR LOCATED WITHIN PORTABLE INSTRUMENT SHELTER","13-121-0099","AQS"
"01/24/2008","5","","South DeKalb","13-089-0002","AQS"
"01/25/2008","7","","MONITOR LOCATED WITHIN PORTABLE INSTRUMENT SHELTER","13-121-0099","AQS"
"01/26/2008","6","","MONITOR LOCATED WITHIN PORTABLE INSTRUMENT SHELTER","13-121-0099","AQS"
"01/27/2008","6","","South DeKalb","13-089-0002","AQS"
"01/28/2008","10","","MONITOR LOCATED WITHIN PORTABLE INSTRUMENT SHELTER","13-121-0099","AQS"
"01/29/2008","10","","South DeKalb","13-089-0002","AQS"
"01/30/2008","5","","South DeKalb","13-089-0002","AQS"
"01/31/2008","6","","South DeKalb","13-089-0002","AQS"
"02/01/2008","6","","South DeKalb","13-089-0002","AQS"
"02/02/2008","11","","South DeKalb","13-089-0002","AQS"
"02/03/2008","20","","South DeKalb","13-089-0002","AQS"
"02/04/2008","10","","MONITOR LOCATED WITHIN PORTABLE INSTRUMENT SHELTER","13-121-0099","AQS"
"02/05/2008","11","","MONITOR LOCATED WITHIN PORTABLE INSTRUMENT SHELTER","13-121-0099","AQS"
"02/06/2008","7","","MONITOR LOCATED WITHIN PORTABLE INSTRUMENT SHELTER","13-121-0099","AQS"
"02/07/2008","7","","South DeKalb","13-089-0002","AQS"
"02/08/2008","10","","MONITOR LOCATED WITHIN PORTABLE INSTRUMENT SHELTER","13-121-0099","AQS"
"02/09/2008","16","","South DeKalb","13-089-0002","AQS"
"02/10/2008","9","","South DeKalb","13-089-0002","AQS"
"02/11/2008","7","","MONITOR LOCATED WITHIN PORTABLE INSTRUMENT SHELTER","13-121-0099","AQS"
"02/12/2008","13","","South DeKalb","13-089-0002","AQS"
"02/13/2008","5","","South DeKalb","13-089-0002","AQS"
"02/14/2008","9","","MONITOR LOCATED WITHIN PORTABLE INSTRUMENT SHELTER","13-121-0099","AQS"
"02/15/2008","19","","South DeKalb","13-089-0002","AQS"
"02/16/2008","10","","South DeKalb","13-089-0002","AQS"
"02/17/2008","5","","South DeKalb","13-089-0002","AQS"
"02/18/2008","5","","South DeKalb","13-089-0002","AQS"
"02/19/2008","6","","South DeKalb","13-089-0002","AQS"
"02/20/2008","11","","South DeKalb","13-089-0002","AQS"
"02/21/2008","13","","South DeKalb","13-089-0002","AQS"
"02/22/2008","9","","MONITOR LOCATED WITHIN PORTABLE INSTRUMENT SHELTER","13-121-0099","AQS"
"02/23/2008","9","","MONITOR LOCATED WITHIN PORTABLE INSTRUMENT SHELTER","13-121-0099","AQS"
"02/24/2008","8","","South DeKalb","13-089-0002","AQS"
"02/25/2008","8","","South DeKalb","13-089-0002","AQS"
"02/26/2008","8","","South DeKalb","13-089-0002","AQS"
"02/27/2008","3","","South DeKalb","13-089-0002","AQS"
"02/28/2008","8","","MONITOR LOCATED WITHIN PORTABLE INSTRUMENT SHELTER","13-121-0099","AQS"
"02/29/2008","13","","South DeKalb","13-089-0002","AQS"
"03/01/2008","7","","South DeKalb","13-089-0002","AQS"
"03/02/2008","13","","South DeKalb","13-089-0002","AQS"
"03/03/2008","7","","MONITOR LOCATED WITHIN PORTABLE INSTRUMENT SHELTER","13-121-0099","AQS"
"03/04/2008","7","","MONITOR LOCATED WITHIN PORTABLE INSTRUMENT SHELTER","13-121-0099","AQS"
"03/05/2008","7","","South DeKalb","13-089-0002","AQS"
"03/06/2008","10","","South DeKalb","13-089-0002","AQS"
"03/07/2008","9","","MONITOR LOCATED WITHIN PORTABLE INSTRUMENT SHELTER","13-121-0099","AQS"
"03/08/2008","6","","MONITOR LOCATED WITHIN PORTABLE INSTRUMENT SHELTER","13-121-0099","AQS"
"03/09/2008","8","","South DeKalb","13-089-0002","AQS"
"03/10/2008","17","","South DeKalb","13-089-0002","AQS"
"03/11/2008","16","","South DeKalb","13-089-0002","AQS"
"03/12/2008","11","","South DeKalb","13-089-0002","AQS"
"03/13/2008","14","","South DeKalb","13-089-0002","AQS"
"03/14/2008","9","","MONITOR LOCATED WITHIN PORTABLE INSTRUMENT SHELTER","13-121-0099","AQS"
"03/15/2008","8","","South DeKalb","13-089-0002","AQS"
"03/16/2008","5","","South DeKalb","13-089-0002","AQS"
"03/17/2008","5","","South DeKalb","13-089-0002","AQS"
"03/18/2008","6","","MONITOR LOCATED WITHIN PORTABLE INSTRUMENT SHELTER","13-121-0099","AQS"
"03/19/2008","6","","MONITOR LOCATED WITHIN PORTABLE INSTRUMENT SHELTER","13-121-0099","AQS"
"03/20/2008","6","","South DeKalb","13-089-0002","AQS"
"03/21/2008","13","","South DeKalb","13-089-0002","AQS"
"03/22/2008","9","","South DeKalb","13-089-0002","AQS"
"03/23/2008","5","","South DeKalb","13-089-0002","AQS"
"03/24/2008","5","","South DeKalb","13-089-0002","AQS"
"03/25/2008","8","","South DeKalb","13-089-0002","AQS"
"03/26/2008","10","","South DeKalb","13-089-0002","AQS"
"03/27/2008","8","","South DeKalb","13-089-0002","AQS"
"03/28/2008","7","","South DeKalb","13-089-0002","AQS"
"03/29/2008","10","","South DeKalb","13-089-0002","AQS"
"03/30/2008","5","","MONITOR LOCATED WITHIN PORTABLE INSTRUMENT SHELTER","13-121-0099","AQS"
"03/31/2008","7","","MONITOR LOCATED WITHIN PORTABLE INSTRUMENT SHELTER","13-121-0099","AQS"
"04/01/2008","8","","MONITOR LOCATED WITHIN PORTABLE INSTRUMENT SHELTER","13-121-0099","AQS"
"04/02/2008","6","","South DeKalb","13-089-0002","AQS"
"04/03/2008","7","","MONITOR LOCATED WITHIN PORTABLE INSTRUMENT SHELTER","13-121-0099","AQS"
"04/04/2008","9","","MONITOR LOCATED WITHIN PORTABLE INSTRUMENT SHELTER","13-121-0099","AQS"
"04/05/2008","8","","MONITOR LOCATED WITHIN PORTABLE INSTRUMENT SHELTER","13-121-0099","AQS"
"04/06/2008","7","","MONITOR LOCATED WITHIN PORTABLE INSTRUMENT SHELTER","13-121-0099","AQS"
"04/07/2008","7","","MONITOR LOCATED WITHIN PORTABLE INSTRUMENT SHELTER","13-121-0099","AQS"
"04/08/2008","6","","MONITOR LOCATED WITHIN PORTABLE INSTRUMENT SHELTER","13-121-0099","AQS"
"04/09/2008","7","","South DeKalb","13-089-0002","AQS"
"04/10/2008","9","","South DeKalb","13-089-0002","AQS"
"04/11/2008","6","","South DeKalb","13-089-0002","AQS"
"04/12/2008","6","","South DeKalb","13-089-0002","AQS"
"04/13/2008","5","","South DeKalb","13-089-0002","AQS"
"04/14/2008","5","","South DeKalb","13-089-0002","AQS"
"04/15/2008","6","","South DeKalb","13-089-0002","AQS"
"04/16/2008","11","","South DeKalb","13-089-0002","AQS"
"04/17/2008","11","","South DeKalb","13-089-0002","AQS"
"04/18/2008","11","","South DeKalb","13-089-0002","AQS"
"04/19/2008","6","","South DeKalb","13-089-0002","AQS"
"04/20/2008","7","","South DeKalb","13-089-0002","AQS"
"04/21/2008","8","","South DeKalb","13-089-0002","AQS"
"04/22/2008","9","","South DeKalb","13-089-0002","AQS"
"04/23/2008","7","","MONITOR LOCATED WITHIN PORTABLE INSTRUMENT SHELTER","13-121-0099","AQS"
"04/24/2008","7","","MONITOR LOCATED WITHIN PORTABLE INSTRUMENT SHELTER","13-121-0099","AQS"
"04/25/2008","7","","MONITOR LOCATED WITHIN PORTABLE INSTRUMENT SHELTER","13-121-0099","AQS"
"04/26/2008","8","","South DeKalb","13-089-0002","AQS"
"04/27/2008","7","","South DeKalb","13-089-0002","AQS"
"04/28/2008","6","","South DeKalb","13-089-0002","AQS"
"04/29/2008","6","","South DeKalb","13-089-0002","AQS"
"04/30/2008","9","","South DeKalb","13-089-0002","AQS"
"05/01/2008","7","","South DeKalb","13-089-0002","AQS"
"05/02/2008","6","","South DeKalb","13-089-0002","AQS"
"05/03/2008","5","","South DeKalb","13-089-0002","AQS"
"05/04/2008","7","","South DeKalb","13-089-0002","AQS"
"05/05/2008","5","","South DeKalb","13-089-0002","AQS"
"05/06/2008","6","","South DeKalb","13-089-0002","AQS"
"05/07/2008","11","","South DeKalb","13-089-0002","AQS"
"05/08/2008","6","","South DeKalb","13-089-0002","AQS"
"05/09/2008","7","","South DeKalb","13-089-0002","AQS"
"05/10/2008","8","","South DeKalb","13-089-0002","AQS"
"05/11/2008","7","","South DeKalb","13-089-0002","AQS"
"05/12/2008","5","","South DeKalb","13-089-0002","AQS"
"05/13/2008","7","","South DeKalb","13-089-0002","AQS"
"05/14/2008","8","","MONITOR LOCATED WITHIN PORTABLE INSTRUMENT SHELTER","13-121-0099","AQS"
"05/15/2008","9","","MONITOR LOCATED WITHIN PORTABLE INSTRUMENT SHELTER","13-121-0099","AQS"
"05/16/2008","6","","South DeKalb","13-089-0002","AQS"
"05/17/2008","6","","South DeKalb","13-089-0002","AQS"
"05/18/2008","7","","South DeKalb","13-089-0002","AQS"
"05/19/2008","6","","MONITOR LOCATED WITHIN PORTABLE INSTRUMENT SHELTER","13-121-0099","AQS"
"05/20/2008","6","","South DeKalb","13-089-0002","AQS"
"05/21/2008","5","","South DeKalb","13-089-0002","AQS"
"05/22/2008","7","","South DeKalb","13-089-0002","AQS"
"05/23/2008","10","","MONITOR LOCATED WITHIN PORTABLE INSTRUMENT SHELTER","13-121-0099","AQS"
"05/24/2008","9","","South DeKalb","13-089-0002","AQS"
"05/25/2008","6","","South DeKalb","13-089-0002","AQS"
"05/26/2008","6","","South DeKalb","13-089-0002","AQS"
"05/27/2008","6","","South DeKalb","13-089-0002","AQS"
"05/28/2008","10","","South DeKalb","13-089-0002","AQS"
"05/29/2008","10","","South DeKalb","13-089-0002","AQS"
"05/30/2008","10","","South DeKalb","13-089-0002","AQS"
"05/31/2008","8","","South DeKalb","13-089-0002","AQS"
"06/01/2008","11","","South DeKalb","13-089-0002","AQS"
"06/02/2008","10","","South DeKalb","13-089-0002","AQS"
"06/03/2008","11","","South DeKalb","13-089-0002","AQS"
"06/04/2008","10","","South DeKalb","13-089-0002","AQS"
"06/05/2008","9","","South DeKalb","13-089-0002","AQS"
"06/06/2008","9","","South DeKalb","13-089-0002","AQS"
"06/07/2008","8","","South DeKalb","13-089-0002","AQS"
"06/08/2008","11","","South DeKalb","13-089-0002","AQS"
"06/09/2008","10","","South DeKalb","13-089-0002","AQS"
"06/10/2008","6","","South DeKalb","13-089-0002","AQS"
"06/11/2008","7","","South DeKalb","13-089-0002","AQS"
"06/12/2008","7","","MONITOR LOCATED WITHIN PORTABLE INSTRUMENT SHELTER","13-121-0099","AQS"
"06/13/2008","7","","MONITOR LOCATED WITHIN PORTABLE INSTRUMENT SHELTER","13-121-0099","AQS"
"06/14/2008","7","","MONITOR LOCATED WITHIN PORTABLE INSTRUMENT SHELTER","13-121-0099","AQS"
"06/15/2008","8","","South DeKalb","13-089-0002","AQS"
"06/16/2008","7","","South DeKalb","13-089-0002","AQS"
"06/17/2008","7","","South DeKalb","13-089-0002","AQS"
"06/18/2008","6","","MONITOR LOCATED WITHIN PORTABLE INSTRUMENT SHELTER","13-121-0099","AQS"
"06/19/2008","6","","South DeKalb","13-089-0002","AQS"
"06/20/2008","8","","South DeKalb","13-089-0002","AQS"
"06/21/2008","10","","South DeKalb","13-089-0002","AQS"
"06/22/2008","8","","South DeKalb","13-089-0002","AQS"
"06/23/2008","6","","South DeKalb","13-089-0002","AQS"
"06/24/2008","5","","South DeKalb","13-089-0002","AQS"
"06/25/2008","7","","South DeKalb","13-089-0002","AQS"
"06/26/2008","6","","South DeKalb","13-089-0002","AQS"
"06/27/2008","7","","South DeKalb","13-089-0002","AQS"
"06/28/2008","5","","South DeKalb","13-089-0002","AQS"
"06/29/2008","5","","South DeKalb","13-089-0002","AQS"
"06/30/2008","5","","South DeKalb","13-089-0002","AQS"
"07/01/2008","8","","South DeKalb","13-089-0002","AQS"
"07/02/2008","11","","South DeKalb","13-089-0002","AQS"
"07/03/2008","13","","South DeKalb","13-089-0002","AQS"
"07/04/2008","11","","South DeKalb","13-089-0002","AQS"
"07/05/2008","11","","South DeKalb","13-089-0002","AQS"
"07/06/2008","14","","South DeKalb","13-089-0002","AQS"
"07/07/2008","15","","South DeKalb","13-089-0002","AQS"
"07/08/2008","15","","South DeKalb","13-089-0002","AQS"
"07/09/2008","15","","South DeKalb","13-089-0002","AQS"
"07/10/2008","14","","South DeKalb","13-089-0002","AQS"
"07/11/2008","14","","South DeKalb","13-089-0002","AQS"
"07/12/2008","15","","South DeKalb","13-089-0002","AQS"
"07/13/2008","15","","South DeKalb","13-089-0002","AQS"
"07/14/2008","11","","South DeKalb","13-089-0002","AQS"
"07/15/2008","13","","South DeKalb","13-089-0002","AQS"
"07/16/2008","14","","South DeKalb","13-089-0002","AQS"
"07/17/2008","13","","South DeKalb","13-089-0002","AQS"
"07/18/2008","14","","South DeKalb","13-089-0002","AQS"
"07/19/2008","15","","South DeKalb","13-089-0002","AQS"
"07/20/2008","16","","South DeKalb","13-089-0002","AQS"
"07/21/2008","14","","South DeKalb","13-089-0002","AQS"
"07/22/2008","11","","South DeKalb","13-089-0002","AQS"
"07/23/2008","11","","South DeKalb","13-089-0002","AQS"
"07/24/2008","11","","South DeKalb","13-089-0002","AQS"
"07/25/2008","15","","South DeKalb","13-089-0002","AQS"
"07/26/2008","15","","South DeKalb","13-089-0002","AQS"
"07/27/2008","11","","South DeKalb","13-089-0002","AQS"
"07/28/2008","13","","South DeKalb","13-089-0002","AQS"
"07/29/2008","11","","South DeKalb","13-089-0002","AQS"
"07/30/2008","10","","South DeKalb","13-089-0002","AQS"
"07/31/2008","11","","South DeKalb","13-089-0002","AQS"
"08/01/2008","8","","South DeKalb","13-089-0002","AQS"
"08/02/2008","9","","South DeKalb","13-089-0002","AQS"
"08/03/2008","6","","South DeKalb","13-089-0002","AQS"
"08/04/2008","8","","MONITOR LOCATED WITHIN PORTABLE INSTRUMENT SHELTER","13-121-0099","AQS"
"08/05/2008","8","","South DeKalb","13-089-0002","AQS"
"08/06/2008","8","","South DeKalb","13-089-0002","AQS"
"08/07/2008","6","","South DeKalb","13-089-0002","AQS"
"08/08/2008","3","","South DeKalb","13-089-0002","AQS"
"08/09/2008","6","","South DeKalb","13-089-0002","AQS"
"08/10/2008","8","","South DeKalb","13-089-0002","AQS"
"08/11/2008","6","","South DeKalb","13-089-0002","AQS"
"08/12/2008","7","","South DeKalb","13-089-0002","AQS"
"08/13/2008","8","","MONITOR LOCATED WITHIN PORTABLE INSTRUMENT SHELTER","13-121-0099","AQS"
"08/14/2008","7","","South DeKalb","13-089-0002","AQS"
"08/15/2008","9","","South DeKalb","13-089-0002","AQS"
"08/16/2008","8","","South DeKalb","13-089-0002","AQS"
"08/17/2008","8","","South DeKalb","13-089-0002","AQS"
"08/18/2008","6","","South DeKalb","13-089-0002","AQS"
"08/19/2008","8","","MONITOR LOCATED WITHIN PORTABLE INSTRUMENT SHELTER","13-121-0099","AQS"
"08/20/2008","7","","MONITOR LOCATED WITHIN PORTABLE INSTRUMENT SHELTER","13-121-0099","AQS"
"08/21/2008","6","","MONITOR LOCATED WITHIN PORTABLE INSTRUMENT SHELTER","13-121-0099","AQS"
"08/22/2008","6","","MONITOR LOCATED WITHIN PORTABLE INSTRUMENT SHELTER","13-121-0099","AQS"
"08/23/2008","5","","MONITOR LOCATED WITHIN PORTABLE INSTRUMENT SHELTER","13-121-0099","AQS"
"08/24/2008","5","","MONITOR LOCATED WITHIN PORTABLE INSTRUMENT SHELTER","13-121-0099","AQS"
"08/25/2008","7","","MONITOR LOCATED WITHIN PORTABLE INSTRUMENT SHELTER","13-121-0099","AQS"
"08/26/2008","5","","MONITOR LOCATED WITHIN PORTABLE INSTRUMENT SHELTER","13-121-0099","AQS"
"08/27/2008","5","","South DeKalb","13-089-0002","AQS"
"08/28/2008","8","","South DeKalb","13-089-0002","AQS"
"08/29/2008","8","","South DeKalb","13-089-0002","AQS"
"08/30/2008","13","","South DeKalb","13-089-0002","AQS"
"08/31/2008","5","","South DeKalb","13-089-0002","AQS"
"09/01/2008","3","","South DeKalb","13-089-0002","AQS"
"09/02/2008","6","","MONITOR LOCATED WITHIN PORTABLE INSTRUMENT SHELTER","13-121-0099","AQS"
"09/03/2008","7","","MONITOR LOCATED WITHIN PORTABLE INSTRUMENT SHELTER","13-121-0099","AQS"
"09/04/2008","6","","MONITOR LOCATED WITHIN PORTABLE INSTRUMENT SHELTER","13-121-0099","AQS"
"09/05/2008","6","","MONITOR LOCATED WITHIN PORTABLE INSTRUMENT SHELTER","13-121-0099","AQS"
"09/06/2008","3","","MONITOR LOCATED WITHIN PORTABLE INSTRUMENT SHELTER","13-121-0099","AQS"
"09/07/2008","3","","Yorkville, King Farm","13-223-0003","AQS"
"09/08/2008","8","","MONITOR LOCATED WITHIN PORTABLE INSTRUMENT SHELTER","13-121-0099","AQS"
"09/09/2008","7","","MONITOR LOCATED WITHIN PORTABLE INSTRUMENT SHELTER","13-121-0099","AQS"
"09/10/2008","6","","MONITOR LOCATED WITHIN PORTABLE INSTRUMENT SHELTER","13-121-0099","AQS"
"09/11/2008","5","","MONITOR LOCATED WITHIN PORTABLE INSTRUMENT SHELTER","13-121-0099","AQS"
"09/12/2008","6","","MONITOR LOCATED WITHIN PORTABLE INSTRUMENT SHELTER","13-121-0099","AQS"
"09/13/2008","5","","MONITOR LOCATED WITHIN PORTABLE INSTRUMENT SHELTER","13-121-0099","AQS"
"09/14/2008","5","","MONITOR LOCATED WITHIN PORTABLE INSTRUMENT SHELTER","13-121-0099","AQS"
"09/15/2008","2","","MONITOR LOCATED WITHIN PORTABLE INSTRUMENT SHELTER","13-121-0099","AQS"
"09/16/2008","5","","MONITOR LOCATED WITHIN PORTABLE INSTRUMENT SHELTER","13-121-0099","AQS"
"09/17/2008","6","","MONITOR LOCATED WITHIN PORTABLE INSTRUMENT SHELTER","13-121-0099","AQS"
"09/18/2008","7","","MONITOR LOCATED WITHIN PORTABLE INSTRUMENT SHELTER","13-121-0099","AQS"
"09/19/2008","7","","MONITOR LOCATED WITHIN PORTABLE INSTRUMENT SHELTER","13-121-0099","AQS"
"09/20/2008","5","","MONITOR LOCATED WITHIN PORTABLE INSTRUMENT SHELTER","13-121-0099","AQS"
"09/21/2008","3","","Yorkville, King Farm","13-223-0003","AQS"
"09/22/2008","3","","Yorkville, King Farm","13-223-0003","AQS"
"09/23/2008","5","","MONITOR LOCATED WITHIN PORTABLE INSTRUMENT SHELTER","13-121-0099","AQS"
"09/24/2008","6","","MONITOR LOCATED WITHIN PORTABLE INSTRUMENT SHELTER","13-121-0099","AQS"
"09/25/2008","9","","MONITOR LOCATED WITHIN PORTABLE INSTRUMENT SHELTER","13-121-0099","AQS"
"09/26/2008","5","","MONITOR LOCATED WITHIN PORTABLE INSTRUMENT SHELTER","13-121-0099","AQS"
"09/27/2008","3","","MONITOR LOCATED WITHIN PORTABLE INSTRUMENT SHELTER","13-121-0099","AQS"
"09/28/2008","5","","MONITOR LOCATED WITHIN PORTABLE INSTRUMENT SHELTER","13-121-0099","AQS"
"09/29/2008","8","","MONITOR LOCATED WITHIN PORTABLE INSTRUMENT SHELTER","13-121-0099","AQS"
"09/30/2008","7","","MONITOR LOCATED WITHIN PORTABLE INSTRUMENT SHELTER","13-121-0099","AQS"
"10/01/2008","3","","Yorkville, King Farm","13-223-0003","AQS"
"10/02/2008","8","","MONITOR LOCATED WITHIN PORTABLE INSTRUMENT SHELTER","13-121-0099","AQS"
"10/03/2008","10","","MONITOR LOCATED WITHIN PORTABLE INSTRUMENT SHELTER","13-121-0099","AQS"
"10/04/2008","13","","MONITOR LOCATED WITHIN PORTABLE INSTRUMENT SHELTER","13-121-0099","AQS"
"10/05/2008","8","","MONITOR LOCATED WITHIN PORTABLE INSTRUMENT SHELTER","13-121-0099","AQS"
"10/06/2008","9","","MONITOR LOCATED WITHIN PORTABLE INSTRUMENT SHELTER","13-121-0099","AQS"
"10/07/2008","6","","MONITOR LOCATED WITHIN PORTABLE INSTRUMENT SHELTER","13-121-0099","AQS"
"10/08/2008","3","","MONITOR LOCATED WITHIN PORTABLE INSTRUMENT SHELTER","13-121-0099","AQS"
"10/09/2008","5","","MONITOR LOCATED WITHIN PORTABLE INSTRUMENT SHELTER","13-121-0099","AQS"
"10/10/2008","6","","MONITOR LOCATED WITHIN PORTABLE INSTRUMENT SHELTER","13-121-0099","AQS"
"10/11/2008","3","","MONITOR LOCATED WITHIN PORTABLE INSTRUMENT SHELTER","13-121-0099","AQS"
"10/12/2008","2","","MONITOR LOCATED WITHIN PORTABLE INSTRUMENT SHELTER","13-121-0099","AQS"
"10/13/2008","5","","MONITOR LOCATED WITHIN PORTABLE INSTRUMENT SHELTER","13-121-0099","AQS"
"10/14/2008","7","","MONITOR LOCATED WITHIN PORTABLE INSTRUMENT SHELTER","13-121-0099","AQS"
"10/15/2008","10","","MONITOR LOCATED WITHIN PORTABLE INSTRUMENT SHELTER","13-121-0099","AQS"
"10/16/2008","8","","MONITOR LOCATED WITHIN PORTABLE INSTRUMENT SHELTER","13-121-0099","AQS"
"10/17/2008","3","","Yorkville, King Farm","13-223-0003","AQS"
"10/18/2008","3","","MONITOR LOCATED WITHIN PORTABLE INSTRUMENT SHELTER","13-121-0099","AQS"
"10/19/2008","5","","MONITOR LOCATED WITHIN PORTABLE INSTRUMENT SHELTER","13-121-0099","AQS"
"10/20/2008","5","","MONITOR LOCATED WITHIN PORTABLE INSTRUMENT SHELTER","13-121-0099","AQS"
"10/21/2008","7","","MONITOR LOCATED WITHIN PORTABLE INSTRUMENT SHELTER","13-121-0099","AQS"
"10/22/2008","8","","MONITOR LOCATED WITHIN PORTABLE INSTRUMENT SHELTER","13-121-0099","AQS"
"10/23/2008","6","","MONITOR LOCATED WITHIN PORTABLE INSTRUMENT SHELTER","13-121-0099","AQS"
"10/24/2008","8","","MONITOR LOCATED WITHIN PORTABLE INSTRUMENT SHELTER","13-121-0099","AQS"
"10/25/2008","6","","MONITOR LOCATED WITHIN PORTABLE INSTRUMENT SHELTER","13-121-0099","AQS"
"10/26/2008","6","","MONITOR LOCATED WITHIN PORTABLE INSTRUMENT SHELTER","13-121-0099","AQS"
"10/27/2008","7","","MONITOR LOCATED WITHIN PORTABLE INSTRUMENT SHELTER","13-121-0099","AQS"
"10/28/2008","6","","MONITOR LOCATED WITHIN PORTABLE INSTRUMENT SHELTER","13-121-0099","AQS"
"10/29/2008","5","","MONITOR LOCATED WITHIN PORTABLE INSTRUMENT SHELTER","13-121-0099","AQS"
"10/30/2008","9","","MONITOR LOCATED WITHIN PORTABLE INSTRUMENT SHELTER","13-121-0099","AQS"
"10/31/2008","10","","MONITOR LOCATED WITHIN PORTABLE INSTRUMENT SHELTER","13-121-0099","AQS"
"11/01/2008","14","","MONITOR LOCATED WITHIN PORTABLE INSTRUMENT SHELTER","13-121-0099","AQS"
"11/02/2008","10","","MONITOR LOCATED WITHIN PORTABLE INSTRUMENT SHELTER","13-121-0099","AQS"
"11/03/2008","9","","MONITOR LOCATED WITHIN PORTABLE INSTRUMENT SHELTER","13-121-0099","AQS"
"11/04/2008","8","","MONITOR LOCATED WITHIN PORTABLE INSTRUMENT SHELTER","13-121-0099","AQS"
"11/05/2008","6","","MONITOR LOCATED WITHIN PORTABLE INSTRUMENT SHELTER","13-121-0099","AQS"
"11/06/2008","10","","MONITOR LOCATED WITHIN PORTABLE INSTRUMENT SHELTER","13-121-0099","AQS"
"11/07/2008","9","","MONITOR LOCATED WITHIN PORTABLE INSTRUMENT SHELTER","13-121-0099","AQS"
"11/08/2008","3","","Yorkville, King Farm","13-223-0003","AQS"
"11/09/2008","2","","MONITOR LOCATED WITHIN PORTABLE INSTRUMENT SHELTER","13-121-0099","AQS"
"11/10/2008","5","","MONITOR LOCATED WITHIN PORTABLE INSTRUMENT SHELTER","13-121-0099","AQS"
"11/11/2008","8","","MONITOR LOCATED WITHIN PORTABLE INSTRUMENT SHELTER","13-121-0099","AQS"
"11/12/2008","6","","MONITOR LOCATED WITHIN PORTABLE INSTRUMENT SHELTER","13-121-0099","AQS"
"11/13/2008","8","","MONITOR LOCATED WITHIN PORTABLE INSTRUMENT SHELTER","13-121-0099","AQS"
"11/14/2008","7","","MONITOR LOCATED WITHIN PORTABLE INSTRUMENT SHELTER","13-121-0099","AQS"
"11/15/2008","3","","Yorkville, King Farm","13-223-0003","AQS"
"11/16/2008","2","","MONITOR LOCATED WITHIN PORTABLE INSTRUMENT SHELTER","13-121-0099","AQS"
"11/17/2008","9","","MONITOR LOCATED WITHIN PORTABLE INSTRUMENT SHELTER","13-121-0099","AQS"
"11/18/2008","7","","MONITOR LOCATED WITHIN PORTABLE INSTRUMENT SHELTER","13-121-0099","AQS"
"11/19/2008","10","","MONITOR LOCATED WITHIN PORTABLE INSTRUMENT SHELTER","13-121-0099","AQS"
"11/20/2008","10","","MONITOR LOCATED WITHIN PORTABLE INSTRUMENT SHELTER","13-121-0099","AQS"
"11/21/2008","8","","MONITOR LOCATED WITHIN PORTABLE INSTRUMENT SHELTER","13-121-0099","AQS"
"11/22/2008","11","","MONITOR LOCATED WITHIN PORTABLE INSTRUMENT SHELTER","13-121-0099","AQS"
"11/23/2008","10","","MONITOR LOCATED WITHIN PORTABLE INSTRUMENT SHELTER","13-121-0099","AQS"
"11/24/2008","10","","MONITOR LOCATED WITHIN PORTABLE INSTRUMENT SHELTER","13-121-0099","AQS"
"11/25/2008","7","","MONITOR LOCATED WITHIN PORTABLE INSTRUMENT SHELTER","13-121-0099","AQS"
"11/26/2008","8","","MONITOR LOCATED WITHIN PORTABLE INSTRUMENT SHELTER","13-121-0099","AQS"
"11/27/2008","10","","MONITOR LOCATED WITHIN PORTABLE INSTRUMENT SHELTER","13-121-0099","AQS"
"11/28/2008","7","","MONITOR LOCATED WITHIN PORTABLE INSTRUMENT SHELTER","13-121-0099","AQS"
"11/29/2008","3","","Yorkville, King Farm","13-223-0003","AQS"
"12/02/2008","7","","MONITOR LOCATED WITHIN PORTABLE INSTRUMENT SHELTER","13-121-0099","AQS"
"12/03/2008","13","","MONITOR LOCATED WITHIN PORTABLE INSTRUMENT SHELTER","13-121-0099","AQS"
"12/04/2008","8","","MONITOR LOCATED WITHIN PORTABLE INSTRUMENT SHELTER","13-121-0099","AQS"
"12/05/2008","2","","MONITOR LOCATED WITHIN PORTABLE INSTRUMENT SHELTER","13-121-0099","AQS"
"12/06/2008","7","","MONITOR LOCATED WITHIN PORTABLE INSTRUMENT SHELTER","13-121-0099","AQS"
"12/07/2008","3","","MONITOR LOCATED WITHIN PORTABLE INSTRUMENT SHELTER","13-121-0099","AQS"
"12/08/2008","8","","MONITOR LOCATED WITHIN PORTABLE INSTRUMENT SHELTER","13-121-0099","AQS"
"12/09/2008","7","","MONITOR LOCATED WITHIN PORTABLE INSTRUMENT SHELTER","13-121-0099","AQS"
"12/10/2008","6","","MONITOR LOCATED WITHIN PORTABLE INSTRUMENT SHELTER","13-121-0099","AQS"
"12/11/2008","2","","MONITOR LOCATED WITHIN PORTABLE INSTRUMENT SHELTER","13-121-0099","AQS"
"12/12/2008","2","","MONITOR LOCATED WITHIN PORTABLE INSTRUMENT SHELTER","13-121-0099","AQS"
"12/13/2008","6","","MONITOR LOCATED WITHIN PORTABLE INSTRUMENT SHELTER","13-121-0099","AQS"
"12/14/2008","6","","MONITOR LOCATED WITHIN PORTABLE INSTRUMENT SHELTER","13-121-0099","AQS"
"12/15/2008","8","","MONITOR LOCATED WITHIN PORTABLE INSTRUMENT SHELTER","13-121-0099","AQS"
"12/16/2008","10","","MONITOR LOCATED WITHIN PORTABLE INSTRUMENT SHELTER","13-121-0099","AQS"
"12/17/2008","2","","MONITOR LOCATED WITHIN PORTABLE INSTRUMENT SHELTER","13-121-0099","AQS"
"12/18/2008","3","","MONITOR LOCATED WITHIN PORTABLE INSTRUMENT SHELTER","13-121-0099","AQS"
"12/19/2008","6","","MONITOR LOCATED WITHIN PORTABLE INSTRUMENT SHELTER","13-121-0099","AQS"
"12/20/2008","2","","Yorkville, King Farm","13-223-0003","AQS"
"12/21/2008","2","","Yorkville, King Farm","13-223-0003","AQS"
"12/22/2008","3","","MONITOR LOCATED WITHIN PORTABLE INSTRUMENT SHELTER","13-121-0099","AQS"
"12/23/2008","5","","MONITOR LOCATED WITHIN PORTABLE INSTRUMENT SHELTER","13-121-0099","AQS"
"12/24/2008","6","","MONITOR LOCATED WITHIN PORTABLE INSTRUMENT SHELTER","13-121-0099","AQS"
"12/25/2008","5","","MONITOR LOCATED WITHIN PORTABLE INSTRUMENT SHELTER","13-121-0099","AQS"
"12/26/2008","6","","MONITOR LOCATED WITHIN PORTABLE INSTRUMENT SHELTER","13-121-0099","AQS"
"12/27/2008","6","","MONITOR LOCATED WITHIN PORTABLE INSTRUMENT SHELTER","13-121-0099","AQS"
"12/28/2008","3","","MONITOR LOCATED WITHIN PORTABLE INSTRUMENT SHELTER","13-121-0099","AQS"
"12/29/2008","3","","MONITOR LOCATED WITHIN PORTABLE INSTRUMENT SHELTER","13-121-0099","AQS"
"12/30/2008","6","","MONITOR LOCATED WITHIN PORTABLE INSTRUMENT SHELTER","13-121-0099","AQS"
"12/31/2008","6","","MONITOR LOCATED WITHIN PORTABLE INSTRUMENT SHELTER","13-121-0099","AQS"
"01/01/2009","7","","MONITOR LOCATED WITHIN PORTABLE INSTRUMENT SHELTER","13-121-0099","AQS"
"01/02/2009","10","","MONITOR LOCATED WITHIN PORTABLE INSTRUMENT SHELTER","13-121-0099","AQS"
"01/03/2009","11","","MONITOR LOCATED WITHIN PORTABLE INSTRUMENT SHELTER","13-121-0099","AQS"
"01/04/2009","8","","MONITOR LOCATED WITHIN PORTABLE INSTRUMENT SHELTER","13-121-0099","AQS"
"01/05/2009","7","","MONITOR LOCATED WITHIN PORTABLE INSTRUMENT SHELTER","13-121-0099","AQS"
"01/06/2009","5","","MONITOR LOCATED WITHIN PORTABLE INSTRUMENT SHELTER","13-121-0099","AQS"
"01/07/2009","8","","MONITOR LOCATED WITHIN PORTABLE INSTRUMENT SHELTER","13-121-0099","AQS"
"01/08/2009","8","","MONITOR LOCATED WITHIN PORTABLE INSTRUMENT SHELTER","13-121-0099","AQS"
"01/09/2009","10","","MONITOR LOCATED WITHIN PORTABLE INSTRUMENT SHELTER","13-121-0099","AQS"
"01/10/2009","10","","MONITOR LOCATED WITHIN PORTABLE INSTRUMENT SHELTER","13-121-0099","AQS"
"01/11/2009","3","","MONITOR LOCATED WITHIN PORTABLE INSTRUMENT SHELTER","13-121-0099","AQS"
"01/12/2009","8","","MONITOR LOCATED WITHIN PORTABLE INSTRUMENT SHELTER","13-121-0099","AQS"
"01/13/2009","11","","MONITOR LOCATED WITHIN PORTABLE INSTRUMENT SHELTER","13-121-0099","AQS"
"01/14/2009","6","","MONITOR LOCATED WITHIN PORTABLE INSTRUMENT SHELTER","13-121-0099","AQS"
"01/15/2009","6","","MONITOR LOCATED WITHIN PORTABLE INSTRUMENT SHELTER","13-121-0099","AQS"
"01/16/2009","6","","MONITOR LOCATED WITHIN PORTABLE INSTRUMENT SHELTER","13-121-0099","AQS"
"01/17/2009","6","","MONITOR LOCATED WITHIN PORTABLE INSTRUMENT SHELTER","13-121-0099","AQS"
"01/18/2009","5","","MONITOR LOCATED WITHIN PORTABLE INSTRUMENT SHELTER","13-121-0099","AQS"
"01/19/2009","7","","MONITOR LOCATED WITHIN PORTABLE INSTRUMENT SHELTER","13-121-0099","AQS"
"01/20/2009","3","","Yorkville, King Farm","13-223-0003","AQS"
"01/21/2009","7","","MONITOR LOCATED WITHIN PORTABLE INSTRUMENT SHELTER","13-121-0099","AQS"
"01/22/2009","9","","MONITOR LOCATED WITHIN PORTABLE INSTRUMENT SHELTER","13-121-0099","AQS"
"01/23/2009","8","","MONITOR LOCATED WITHIN PORTABLE INSTRUMENT SHELTER","13-121-0099","AQS"
"01/24/2009","7","","MONITOR LOCATED WITHIN PORTABLE INSTRUMENT SHELTER","13-121-0099","AQS"
"01/25/2009","6","","MONITOR LOCATED WITHIN PORTABLE INSTRUMENT SHELTER","13-121-0099","AQS"
"01/26/2009","10","","MONITOR LOCATED WITHIN PORTABLE INSTRUMENT SHELTER","13-121-0099","AQS"
"01/27/2009","10","","MONITOR LOCATED WITHIN PORTABLE INSTRUMENT SHELTER","13-121-0099","AQS"
"01/28/2009","6","","MONITOR LOCATED WITHIN PORTABLE INSTRUMENT SHELTER","13-121-0099","AQS"
"01/29/2009","5","","Yorkville, King Farm","13-223-0003","AQS"
"01/30/2009","3","","MONITOR LOCATED WITHIN PORTABLE INSTRUMENT SHELTER","13-121-0099","AQS"
"01/31/2009","7","","MONITOR LOCATED WITHIN PORTABLE INSTRUMENT SHELTER","13-121-0099","AQS"
"02/01/2009","11","","MONITOR LOCATED WITHIN PORTABLE INSTRUMENT SHELTER","13-121-0099","AQS"
"02/02/2009","9","","MONITOR LOCATED WITHIN PORTABLE INSTRUMENT SHELTER","13-121-0099","AQS"
"02/03/2009","2","","MONITOR LOCATED WITHIN PORTABLE INSTRUMENT SHELTER","13-121-0099","AQS"
"02/04/2009","2","","MONITOR LOCATED WITHIN PORTABLE INSTRUMENT SHELTER","13-121-0099","AQS"
"02/05/2009","8","","MONITOR LOCATED WITHIN PORTABLE INSTRUMENT SHELTER","13-121-0099","AQS"
"02/06/2009","13","","MONITOR LOCATED WITHIN PORTABLE INSTRUMENT SHELTER","13-121-0099","AQS"
"02/07/2009","10","","MONITOR LOCATED WITHIN PORTABLE INSTRUMENT SHELTER","13-121-0099","AQS"
"02/08/2009","8","","MONITOR LOCATED WITHIN PORTABLE INSTRUMENT SHELTER","13-121-0099","AQS"
"02/09/2009","13","","MONITOR LOCATED WITHIN PORTABLE INSTRUMENT SHELTER","13-121-0099","AQS"
"02/10/2009","9","","MONITOR LOCATED WITHIN PORTABLE INSTRUMENT SHELTER","13-121-0099","AQS"
"02/11/2009","6","","MONITOR LOCATED WITHIN PORTABLE INSTRUMENT SHELTER","13-121-0099","AQS"
"02/12/2009","2","","MONITOR LOCATED WITHIN PORTABLE INSTRUMENT SHELTER","13-121-0099","AQS"
"02/13/2009","8","","MONITOR LOCATED WITHIN PORTABLE INSTRUMENT SHELTER","13-121-0099","AQS"
"02/14/2009","5","","MONITOR LOCATED WITHIN PORTABLE INSTRUMENT SHELTER","13-121-0099","AQS"
"02/15/2009","5","","MONITOR LOCATED WITHIN PORTABLE INSTRUMENT SHELTER","13-121-0099","AQS"
"02/16/2009","3","","MONITOR LOCATED WITHIN PORTABLE INSTRUMENT SHELTER","13-121-0099","AQS"
"02/17/2009","6","","MONITOR LOCATED WITHIN PORTABLE INSTRUMENT SHELTER","13-121-0099","AQS"
"02/18/2009","5","","MONITOR LOCATED WITHIN PORTABLE INSTRUMENT SHELTER","13-121-0099","AQS"
"02/19/2009","3","","MONITOR LOCATED WITHIN PORTABLE INSTRUMENT SHELTER","13-121-0099","AQS"
"02/20/2009","5","","MONITOR LOCATED WITHIN PORTABLE INSTRUMENT SHELTER","13-121-0099","AQS"
"02/21/2009","9","","MONITOR LOCATED WITHIN PORTABLE INSTRUMENT SHELTER","13-121-0099","AQS"
"02/22/2009","5","","MONITOR LOCATED WITHIN PORTABLE INSTRUMENT SHELTER","13-121-0099","AQS"
"02/23/2009","3","","MONITOR LOCATED WITHIN PORTABLE INSTRUMENT SHELTER","13-121-0099","AQS"
"02/24/2009","7","","MONITOR LOCATED WITHIN PORTABLE INSTRUMENT SHELTER","13-121-0099","AQS"
"02/25/2009","7","","MONITOR LOCATED WITHIN PORTABLE INSTRUMENT SHELTER","13-121-0099","AQS"
"02/26/2009","7","","MONITOR LOCATED WITHIN PORTABLE INSTRUMENT SHELTER","13-121-0099","AQS"
"02/27/2009","8","","MONITOR LOCATED WITHIN PORTABLE INSTRUMENT SHELTER","13-121-0099","AQS"
"02/28/2009","8","","MONITOR LOCATED WITHIN PORTABLE INSTRUMENT SHELTER","13-121-0099","AQS"
"03/01/2009","3","","MONITOR LOCATED WITHIN PORTABLE INSTRUMENT SHELTER","13-121-0099","AQS"
"03/02/2009","3","","Yorkville, King Farm","13-223-0003","AQS"
"03/03/2009","6","","MONITOR LOCATED WITHIN PORTABLE INSTRUMENT SHELTER","13-121-0099","AQS"
"03/04/2009","10","","MONITOR LOCATED WITHIN PORTABLE INSTRUMENT SHELTER","13-121-0099","AQS"
"03/05/2009","9","","MONITOR LOCATED WITHIN PORTABLE INSTRUMENT SHELTER","13-121-0099","AQS"
"03/06/2009","7","","MONITOR LOCATED WITHIN PORTABLE INSTRUMENT SHELTER","13-121-0099","AQS"
"03/07/2009","7","","MONITOR LOCATED WITHIN PORTABLE INSTRUMENT SHELTER","13-121-0099","AQS"
"03/08/2009","8","","MONITOR LOCATED WITHIN PORTABLE INSTRUMENT SHELTER","13-121-0099","AQS"
"03/09/2009","5","","MONITOR LOCATED WITHIN PORTABLE INSTRUMENT SHELTER","13-121-0099","AQS"
"03/10/2009","8","","MONITOR LOCATED WITHIN PORTABLE INSTRUMENT SHELTER","13-121-0099","AQS"
"03/11/2009","6","","MONITOR LOCATED WITHIN PORTABLE INSTRUMENT SHELTER","13-121-0099","AQS"
"03/12/2009","5","","MONITOR LOCATED WITHIN PORTABLE INSTRUMENT SHELTER","13-121-0099","AQS"
"03/13/2009","7","","MONITOR LOCATED WITHIN PORTABLE INSTRUMENT SHELTER","13-121-0099","AQS"
"03/14/2009","6","","MONITOR LOCATED WITHIN PORTABLE INSTRUMENT SHELTER","13-121-0099","AQS"
"03/15/2009","7","","MONITOR LOCATED WITHIN PORTABLE INSTRUMENT SHELTER","13-121-0099","AQS"
"03/16/2009","8","","MONITOR LOCATED WITHIN PORTABLE INSTRUMENT SHELTER","13-121-0099","AQS"
"03/17/2009","8","","MONITOR LOCATED WITHIN PORTABLE INSTRUMENT SHELTER","13-121-0099","AQS"
"03/18/2009","7","","MONITOR LOCATED WITHIN PORTABLE INSTRUMENT SHELTER","13-121-0099","AQS"
"03/19/2009","9","","MONITOR LOCATED WITHIN PORTABLE INSTRUMENT SHELTER","13-121-0099","AQS"
"03/20/2009","5","","MONITOR LOCATED WITHIN PORTABLE INSTRUMENT SHELTER","13-121-0099","AQS"
"03/21/2009","7","","MONITOR LOCATED WITHIN PORTABLE INSTRUMENT SHELTER","13-121-0099","AQS"
"03/22/2009","7","","MONITOR LOCATED WITHIN PORTABLE INSTRUMENT SHELTER","13-121-0099","AQS"
"03/23/2009","9","","MONITOR LOCATED WITHIN PORTABLE INSTRUMENT SHELTER","13-121-0099","AQS"
"03/24/2009","10","","MONITOR LOCATED WITHIN PORTABLE INSTRUMENT SHELTER","13-121-0099","AQS"
"03/25/2009","6","","MONITOR LOCATED WITHIN PORTABLE INSTRUMENT SHELTER","13-121-0099","AQS"
"03/26/2009","8","","MONITOR LOCATED WITHIN PORTABLE INSTRUMENT SHELTER","13-121-0099","AQS"
"03/27/2009","7","","MONITOR LOCATED WITHIN PORTABLE INSTRUMENT SHELTER","13-121-0099","AQS"
"03/28/2009","6","","MONITOR LOCATED WITHIN PORTABLE INSTRUMENT SHELTER","13-121-0099","AQS"
"03/29/2009","5","","MONITOR LOCATED WITHIN PORTABLE INSTRUMENT SHELTER","13-121-0099","AQS"
"03/30/2009","5","","MONITOR LOCATED WITHIN PORTABLE INSTRUMENT SHELTER","13-121-0099","AQS"
"03/31/2009","10","","MONITOR LOCATED WITHIN PORTABLE INSTRUMENT SHELTER","13-121-0099","AQS"
"04/01/2009","7","","MONITOR LOCATED WITHIN PORTABLE INSTRUMENT SHELTER","13-121-0099","AQS"
"04/02/2009","7","","MONITOR LOCATED WITHIN PORTABLE INSTRUMENT SHELTER","13-121-0099","AQS"
"04/03/2009","3","","MONITOR LOCATED WITHIN PORTABLE INSTRUMENT SHELTER","13-121-0099","AQS"
"04/04/2009","6","","MONITOR LOCATED WITHIN PORTABLE INSTRUMENT SHELTER","13-121-0099","AQS"
"04/05/2009","10","","MONITOR LOCATED WITHIN PORTABLE INSTRUMENT SHELTER","13-121-0099","AQS"
"04/06/2009","3","","MONITOR LOCATED WITHIN PORTABLE INSTRUMENT SHELTER","13-121-0099","AQS"
"04/07/2009","3","","MONITOR LOCATED WITHIN PORTABLE INSTRUMENT SHELTER","13-121-0099","AQS"
"04/08/2009","5","","MONITOR LOCATED WITHIN PORTABLE INSTRUMENT SHELTER","13-121-0099","AQS"
"04/09/2009","6","","MONITOR LOCATED WITHIN PORTABLE INSTRUMENT SHELTER","13-121-0099","AQS"
"04/10/2009","6","","MONITOR LOCATED WITHIN PORTABLE INSTRUMENT SHELTER","13-121-0099","AQS"
"04/11/2009","3","","MONITOR LOCATED WITHIN PORTABLE INSTRUMENT SHELTER","13-121-0099","AQS"
"04/12/2009","5","","MONITOR LOCATED WITHIN PORTABLE INSTRUMENT SHELTER","13-121-0099","AQS"
"04/13/2009","8","","MONITOR LOCATED WITHIN PORTABLE INSTRUMENT SHELTER","13-121-0099","AQS"
"04/14/2009","6","","MONITOR LOCATED WITHIN PORTABLE INSTRUMENT SHELTER","13-121-0099","AQS"
"04/15/2009","3","","MONITOR LOCATED WITHIN PORTABLE INSTRUMENT SHELTER","13-121-0099","AQS"
"04/16/2009","6","","MONITOR LOCATED WITHIN PORTABLE INSTRUMENT SHELTER","13-121-0099","AQS"
"04/17/2009","8","","MONITOR LOCATED WITHIN PORTABLE INSTRUMENT SHELTER","13-121-0099","AQS"
"04/18/2009","8","","MONITOR LOCATED WITHIN PORTABLE INSTRUMENT SHELTER","13-121-0099","AQS"
"04/19/2009","10","","MONITOR LOCATED WITHIN PORTABLE INSTRUMENT SHELTER","13-121-0099","AQS"
"04/20/2009","5","","MONITOR LOCATED WITHIN PORTABLE INSTRUMENT SHELTER","13-121-0099","AQS"
"04/21/2009","5","","MONITOR LOCATED WITHIN PORTABLE INSTRUMENT SHELTER","13-121-0099","AQS"
"04/22/2009","5","","MONITOR LOCATED WITHIN PORTABLE INSTRUMENT SHELTER","13-121-0099","AQS"
"04/23/2009","9","","MONITOR LOCATED WITHIN PORTABLE INSTRUMENT SHELTER","13-121-0099","AQS"
"04/24/2009","7","","MONITOR LOCATED WITHIN PORTABLE INSTRUMENT SHELTER","13-121-0099","AQS"
"04/25/2009","9","","MONITOR LOCATED WITHIN PORTABLE INSTRUMENT SHELTER","13-121-0099","AQS"
"04/26/2009","6","","MONITOR LOCATED WITHIN PORTABLE INSTRUMENT SHELTER","13-121-0099","AQS"
"04/27/2009","6","","MONITOR LOCATED WITHIN PORTABLE INSTRUMENT SHELTER","13-121-0099","AQS"
"04/28/2009","6","","MONITOR LOCATED WITHIN PORTABLE INSTRUMENT SHELTER","13-121-0099","AQS"
"04/29/2009","8","","MONITOR LOCATED WITHIN PORTABLE INSTRUMENT SHELTER","13-121-0099","AQS"
"04/30/2009","7","","MONITOR LOCATED WITHIN PORTABLE INSTRUMENT SHELTER","13-121-0099","AQS"
"05/01/2009","5","","MONITOR LOCATED WITHIN PORTABLE INSTRUMENT SHELTER","13-121-0099","AQS"
"05/02/2009","6","","MONITOR LOCATED WITHIN PORTABLE INSTRUMENT SHELTER","13-121-0099","AQS"
"05/03/2009","6","","MONITOR LOCATED WITHIN PORTABLE INSTRUMENT SHELTER","13-121-0099","AQS"
"05/04/2009","6","","MONITOR LOCATED WITHIN PORTABLE INSTRUMENT SHELTER","13-121-0099","AQS"
"05/05/2009","3","","MONITOR LOCATED WITHIN PORTABLE INSTRUMENT SHELTER","13-121-0099","AQS"
"05/06/2009","6","","MONITOR LOCATED WITHIN PORTABLE INSTRUMENT SHELTER","13-121-0099","AQS"
"05/07/2009","5","","MONITOR LOCATED WITHIN PORTABLE INSTRUMENT SHELTER","13-121-0099","AQS"
"05/08/2009","5","","MONITOR LOCATED WITHIN PORTABLE INSTRUMENT SHELTER","13-121-0099","AQS"
"05/09/2009","3","","MONITOR LOCATED WITHIN PORTABLE INSTRUMENT SHELTER","13-121-0099","AQS"
"05/10/2009","3","","MONITOR LOCATED WITHIN PORTABLE INSTRUMENT SHELTER","13-121-0099","AQS"
"05/11/2009","5","","MONITOR LOCATED WITHIN PORTABLE INSTRUMENT SHELTER","13-121-0099","AQS"
"05/12/2009","7","","MONITOR LOCATED WITHIN PORTABLE INSTRUMENT SHELTER","13-121-0099","AQS"
"05/13/2009","8","","MONITOR LOCATED WITHIN PORTABLE INSTRUMENT SHELTER","13-121-0099","AQS"
"05/14/2009","6","","MONITOR LOCATED WITHIN PORTABLE INSTRUMENT SHELTER","13-121-0099","AQS"
"05/15/2009","8","","MONITOR LOCATED WITHIN PORTABLE INSTRUMENT SHELTER","13-121-0099","AQS"
"05/16/2009","2","","MONITOR LOCATED WITHIN PORTABLE INSTRUMENT SHELTER","13-121-0099","AQS"
"05/17/2009","2","","Yorkville, King Farm","13-223-0003","AQS"
"05/18/2009","6","","MONITOR LOCATED WITHIN PORTABLE INSTRUMENT SHELTER","13-121-0099","AQS"
"05/19/2009","6","","MONITOR LOCATED WITHIN PORTABLE INSTRUMENT SHELTER","13-121-0099","AQS"
"05/20/2009","5","","MONITOR LOCATED WITHIN PORTABLE INSTRUMENT SHELTER","13-121-0099","AQS"
"05/21/2009","6","","MONITOR LOCATED WITHIN PORTABLE INSTRUMENT SHELTER","13-121-0099","AQS"
"05/22/2009","5","","MONITOR LOCATED WITHIN PORTABLE INSTRUMENT SHELTER","13-121-0099","AQS"
"05/23/2009","5","","MONITOR LOCATED WITHIN PORTABLE INSTRUMENT SHELTER","13-121-0099","AQS"
"05/24/2009","3","","MONITOR LOCATED WITHIN PORTABLE INSTRUMENT SHELTER","13-121-0099","AQS"
"05/25/2009","3","","MONITOR LOCATED WITHIN PORTABLE INSTRUMENT SHELTER","13-121-0099","AQS"
"05/26/2009","7","","MONITOR LOCATED WITHIN PORTABLE INSTRUMENT SHELTER","13-121-0099","AQS"
"05/27/2009","6","","MONITOR LOCATED WITHIN PORTABLE INSTRUMENT SHELTER","13-121-0099","AQS"
"05/28/2009","6","","MONITOR LOCATED WITHIN PORTABLE INSTRUMENT SHELTER","13-121-0099","AQS"
"05/29/2009","3","","MONITOR LOCATED WITHIN PORTABLE INSTRUMENT SHELTER","13-121-0099","AQS"
"05/30/2009","3","","MONITOR LOCATED WITHIN PORTABLE INSTRUMENT SHELTER","13-121-0099","AQS"
"05/31/2009","3","","MONITOR LOCATED WITHIN PORTABLE INSTRUMENT SHELTER","13-121-0099","AQS"
"06/01/2009","8","","MONITOR LOCATED WITHIN PORTABLE INSTRUMENT SHELTER","13-121-0099","AQS"
"06/02/2009","8","","MONITOR LOCATED WITHIN PORTABLE INSTRUMENT SHELTER","13-121-0099","AQS"
"06/03/2009","7","","MONITOR LOCATED WITHIN PORTABLE INSTRUMENT SHELTER","13-121-0099","AQS"
"06/04/2009","6","","MONITOR LOCATED WITHIN PORTABLE INSTRUMENT SHELTER","13-121-0099","AQS"
"06/05/2009","2","","MONITOR LOCATED WITHIN PORTABLE INSTRUMENT SHELTER","13-121-0099","AQS"
"06/06/2009","6","","MONITOR LOCATED WITHIN PORTABLE INSTRUMENT SHELTER","13-121-0099","AQS"
"06/07/2009","6","","MONITOR LOCATED WITHIN PORTABLE INSTRUMENT SHELTER","13-121-0099","AQS"
"06/08/2009","7","","MONITOR LOCATED WITHIN PORTABLE INSTRUMENT SHELTER","13-121-0099","AQS"
"06/09/2009","5","","MONITOR LOCATED WITHIN PORTABLE INSTRUMENT SHELTER","13-121-0099","AQS"
"06/10/2009","5","","MONITOR LOCATED WITHIN PORTABLE INSTRUMENT SHELTER","13-121-0099","AQS"
"06/11/2009","6","","MONITOR LOCATED WITHIN PORTABLE INSTRUMENT SHELTER","13-121-0099","AQS"
"06/12/2009","5","","MONITOR LOCATED WITHIN PORTABLE INSTRUMENT SHELTER","13-121-0099","AQS"
"06/13/2009","3","","MONITOR LOCATED WITHIN PORTABLE INSTRUMENT SHELTER","13-121-0099","AQS"
"06/14/2009","3","","MONITOR LOCATED WITHIN PORTABLE INSTRUMENT SHELTER","13-121-0099","AQS"
"06/15/2009","3","","MONITOR LOCATED WITHIN PORTABLE INSTRUMENT SHELTER","13-121-0099","AQS"
"06/16/2009","7","","MONITOR LOCATED WITHIN PORTABLE INSTRUMENT SHELTER","13-121-0099","AQS"
"06/17/2009","7","","MONITOR LOCATED WITHIN PORTABLE INSTRUMENT SHELTER","13-121-0099","AQS"
"06/18/2009","6","","MONITOR LOCATED WITHIN PORTABLE INSTRUMENT SHELTER","13-121-0099","AQS"
"06/19/2009","5","","MONITOR LOCATED WITHIN PORTABLE INSTRUMENT SHELTER","13-121-0099","AQS"
"06/20/2009","5","","MONITOR LOCATED WITHIN PORTABLE INSTRUMENT SHELTER","13-121-0099","AQS"
"06/21/2009","3","","MONITOR LOCATED WITHIN PORTABLE INSTRUMENT SHELTER","13-121-0099","AQS"
"06/22/2009","3","","MONITOR LOCATED WITHIN PORTABLE INSTRUMENT SHELTER","13-121-0099","AQS"
"06/23/2009","6","","MONITOR LOCATED WITHIN PORTABLE INSTRUMENT SHELTER","13-121-0099","AQS"
"06/24/2009","8","","MONITOR LOCATED WITHIN PORTABLE INSTRUMENT SHELTER","13-121-0099","AQS"
"06/25/2009","7","","MONITOR LOCATED WITHIN PORTABLE INSTRUMENT SHELTER","13-121-0099","AQS"
"06/26/2009","5","","MONITOR LOCATED WITHIN PORTABLE INSTRUMENT SHELTER","13-121-0099","AQS"
"06/27/2009","5","","MONITOR LOCATED WITHIN PORTABLE INSTRUMENT SHELTER","13-121-0099","AQS"
"06/28/2009","5","","MONITOR LOCATED WITHIN PORTABLE INSTRUMENT SHELTER","13-121-0099","AQS"
"06/29/2009","3","","MONITOR LOCATED WITHIN PORTABLE INSTRUMENT SHELTER","13-121-0099","AQS"
"06/30/2009","3","","MONITOR LOCATED WITHIN PORTABLE INSTRUMENT SHELTER","13-121-0099","AQS"
"07/01/2009","5","","MONITOR LOCATED WITHIN PORTABLE INSTRUMENT SHELTER","13-121-0099","AQS"
"07/02/2009","5","","MONITOR LOCATED WITHIN PORTABLE INSTRUMENT SHELTER","13-121-0099","AQS"
"07/03/2009","3","","MONITOR LOCATED WITHIN PORTABLE INSTRUMENT SHELTER","13-121-0099","AQS"
"07/04/2009","5","","MONITOR LOCATED WITHIN PORTABLE INSTRUMENT SHELTER","13-121-0099","AQS"
"07/05/2009","6","","MONITOR LOCATED WITHIN PORTABLE INSTRUMENT SHELTER","13-121-0099","AQS"
"07/06/2009","3","","MONITOR LOCATED WITHIN PORTABLE INSTRUMENT SHELTER","13-121-0099","AQS"
"07/07/2009","8","","MONITOR LOCATED WITHIN PORTABLE INSTRUMENT SHELTER","13-121-0099","AQS"
"07/08/2009","8","","MONITOR LOCATED WITHIN PORTABLE INSTRUMENT SHELTER","13-121-0099","AQS"
"07/09/2009","6","","MONITOR LOCATED WITHIN PORTABLE INSTRUMENT SHELTER","13-121-0099","AQS"
"07/10/2009","7","","MONITOR LOCATED WITHIN PORTABLE INSTRUMENT SHELTER","13-121-0099","AQS"
"07/11/2009","6","","MONITOR LOCATED WITHIN PORTABLE INSTRUMENT SHELTER","13-121-0099","AQS"
"07/12/2009","5","","MONITOR LOCATED WITHIN PORTABLE INSTRUMENT SHELTER","13-121-0099","AQS"
"07/13/2009","3","","MONITOR LOCATED WITHIN PORTABLE INSTRUMENT SHELTER","13-121-0099","AQS"
"07/14/2009","8","","MONITOR LOCATED WITHIN PORTABLE INSTRUMENT SHELTER","13-121-0099","AQS"
"07/15/2009","8","","MONITOR LOCATED WITHIN PORTABLE INSTRUMENT SHELTER","13-121-0099","AQS"
"07/16/2009","6","","MONITOR LOCATED WITHIN PORTABLE INSTRUMENT SHELTER","13-121-0099","AQS"
"07/17/2009","3","","MONITOR LOCATED WITHIN PORTABLE INSTRUMENT SHELTER","13-121-0099","AQS"
"07/18/2009","2","","MONITOR LOCATED WITHIN PORTABLE INSTRUMENT SHELTER","13-121-0099","AQS"
"07/19/2009","2","","MONITOR LOCATED WITHIN PORTABLE INSTRUMENT SHELTER","13-121-0099","AQS"
"07/20/2009","3","","MONITOR LOCATED WITHIN PORTABLE INSTRUMENT SHELTER","13-121-0099","AQS"
"07/21/2009","6","","MONITOR LOCATED WITHIN PORTABLE INSTRUMENT SHELTER","13-121-0099","AQS"
"07/22/2009","8","","MONITOR LOCATED WITHIN PORTABLE INSTRUMENT SHELTER","13-121-0099","AQS"
"07/23/2009","6","","MONITOR LOCATED WITHIN PORTABLE INSTRUMENT SHELTER","13-121-0099","AQS"
"07/24/2009","3","","MONITOR LOCATED WITHIN PORTABLE INSTRUMENT SHELTER","13-121-0099","AQS"
"07/25/2009","5","","MONITOR LOCATED WITHIN PORTABLE INSTRUMENT SHELTER","13-121-0099","AQS"
"07/26/2009","3","","MONITOR LOCATED WITHIN PORTABLE INSTRUMENT SHELTER","13-121-0099","AQS"
"07/27/2009","5","","MONITOR LOCATED WITHIN PORTABLE INSTRUMENT SHELTER","13-121-0099","AQS"
"07/28/2009","5","","MONITOR LOCATED WITHIN PORTABLE INSTRUMENT SHELTER","13-121-0099","AQS"
"07/29/2009","3","","MONITOR LOCATED WITHIN PORTABLE INSTRUMENT SHELTER","13-121-0099","AQS"
"07/30/2009","5","","MONITOR LOCATED WITHIN PORTABLE INSTRUMENT SHELTER","13-121-0099","AQS"
"07/31/2009","5","","MONITOR LOCATED WITHIN PORTABLE INSTRUMENT SHELTER","13-121-0099","AQS"
"08/01/2009","5","","MONITOR LOCATED WITHIN PORTABLE INSTRUMENT SHELTER","13-121-0099","AQS"
"08/02/2009","3","","MONITOR LOCATED WITHIN PORTABLE INSTRUMENT SHELTER","13-121-0099","AQS"
"08/03/2009","5","","MONITOR LOCATED WITHIN PORTABLE INSTRUMENT SHELTER","13-121-0099","AQS"
"08/04/2009","6","","MONITOR LOCATED WITHIN PORTABLE INSTRUMENT SHELTER","13-121-0099","AQS"
"08/05/2009","5","","MONITOR LOCATED WITHIN PORTABLE INSTRUMENT SHELTER","13-121-0099","AQS"
"08/06/2009","5","","MONITOR LOCATED WITHIN PORTABLE INSTRUMENT SHELTER","13-121-0099","AQS"
"08/07/2009","8","","MONITOR LOCATED WITHIN PORTABLE INSTRUMENT SHELTER","13-121-0099","AQS"
"08/08/2009","7","","MONITOR LOCATED WITHIN PORTABLE INSTRUMENT SHELTER","13-121-0099","AQS"
"08/09/2009","6","","MONITOR LOCATED WITHIN PORTABLE INSTRUMENT SHELTER","13-121-0099","AQS"
"08/10/2009","5","","MONITOR LOCATED WITHIN PORTABLE INSTRUMENT SHELTER","13-121-0099","AQS"
"08/11/2009","5","","MONITOR LOCATED WITHIN PORTABLE INSTRUMENT SHELTER","13-121-0099","AQS"
"08/12/2009","5","","MONITOR LOCATED WITHIN PORTABLE INSTRUMENT SHELTER","13-121-0099","AQS"
"08/13/2009","6","","MONITOR LOCATED WITHIN PORTABLE INSTRUMENT SHELTER","13-121-0099","AQS"
"08/14/2009","7","","MONITOR LOCATED WITHIN PORTABLE INSTRUMENT SHELTER","13-121-0099","AQS"
"08/15/2009","6","","MONITOR LOCATED WITHIN PORTABLE INSTRUMENT SHELTER","13-121-0099","AQS"
"08/16/2009","3","","MONITOR LOCATED WITHIN PORTABLE INSTRUMENT SHELTER","13-121-0099","AQS"
"08/17/2009","7","","MONITOR LOCATED WITHIN PORTABLE INSTRUMENT SHELTER","13-121-0099","AQS"
"08/18/2009","7","","MONITOR LOCATED WITHIN PORTABLE INSTRUMENT SHELTER","13-121-0099","AQS"
"08/19/2009","6","","MONITOR LOCATED WITHIN PORTABLE INSTRUMENT SHELTER","13-121-0099","AQS"
"08/20/2009","3","","MONITOR LOCATED WITHIN PORTABLE INSTRUMENT SHELTER","13-121-0099","AQS"
"08/21/2009","1","","Yorkville, King Farm","13-223-0003","AQS"
"08/22/2009","1","","Yorkville, King Farm","13-223-0003","AQS"
"08/23/2009","2","","Yorkville, King Farm","13-223-0003","AQS"
"08/24/2009","5","","MONITOR LOCATED WITHIN PORTABLE INSTRUMENT SHELTER","13-121-0099","AQS"
"08/25/2009","7","","MONITOR LOCATED WITHIN PORTABLE INSTRUMENT SHELTER","13-121-0099","AQS"
"08/26/2009","8","","MONITOR LOCATED WITHIN PORTABLE INSTRUMENT SHELTER","13-121-0099","AQS"
"08/27/2009","7","","MONITOR LOCATED WITHIN PORTABLE INSTRUMENT SHELTER","13-121-0099","AQS"
"08/28/2009","6","","MONITOR LOCATED WITHIN PORTABLE INSTRUMENT SHELTER","13-121-0099","AQS"
"08/29/2009","6","","MONITOR LOCATED WITHIN PORTABLE INSTRUMENT SHELTER","13-121-0099","AQS"
"08/30/2009","6","","MONITOR LOCATED WITHIN PORTABLE INSTRUMENT SHELTER","13-121-0099","AQS"
"08/31/2009","6","","MONITOR LOCATED WITHIN PORTABLE INSTRUMENT SHELTER","13-121-0099","AQS"
"09/01/2009","7","","MONITOR LOCATED WITHIN PORTABLE INSTRUMENT SHELTER","13-121-0099","AQS"
"09/02/2009","6","","MONITOR LOCATED WITHIN PORTABLE INSTRUMENT SHELTER","13-121-0099","AQS"
"09/03/2009","6","","MONITOR LOCATED WITHIN PORTABLE INSTRUMENT SHELTER","13-121-0099","AQS"
"09/04/2009","8","","MONITOR LOCATED WITHIN PORTABLE INSTRUMENT SHELTER","13-121-0099","AQS"
"09/05/2009","7","","MONITOR LOCATED WITHIN PORTABLE INSTRUMENT SHELTER","13-121-0099","AQS"
"09/06/2009","6","","MONITOR LOCATED WITHIN PORTABLE INSTRUMENT SHELTER","13-121-0099","AQS"
"09/07/2009","6","","MONITOR LOCATED WITHIN PORTABLE INSTRUMENT SHELTER","13-121-0099","AQS"
"09/08/2009","7","","MONITOR LOCATED WITHIN PORTABLE INSTRUMENT SHELTER","13-121-0099","AQS"
"09/09/2009","7","","MONITOR LOCATED WITHIN PORTABLE INSTRUMENT SHELTER","13-121-0099","AQS"
"09/10/2009","7","","MONITOR LOCATED WITHIN PORTABLE INSTRUMENT SHELTER","13-121-0099","AQS"
"09/11/2009","7","","MONITOR LOCATED WITHIN PORTABLE INSTRUMENT SHELTER","13-121-0099","AQS"
"09/12/2009","7","","MONITOR LOCATED WITHIN PORTABLE INSTRUMENT SHELTER","13-121-0099","AQS"
"09/13/2009","7","","MONITOR LOCATED WITHIN PORTABLE INSTRUMENT SHELTER","13-121-0099","AQS"
"09/14/2009","7","","MONITOR LOCATED WITHIN PORTABLE INSTRUMENT SHELTER","13-121-0099","AQS"
"09/15/2009","7","","MONITOR LOCATED WITHIN PORTABLE INSTRUMENT SHELTER","13-121-0099","AQS"
"09/16/2009","6","","MONITOR LOCATED WITHIN PORTABLE INSTRUMENT SHELTER","13-121-0099","AQS"
"09/17/2009","5","","MONITOR LOCATED WITHIN PORTABLE INSTRUMENT SHELTER","13-121-0099","AQS"
"09/18/2009","7","","MONITOR LOCATED WITHIN PORTABLE INSTRUMENT SHELTER","13-121-0099","AQS"
"09/19/2009","6","","MONITOR LOCATED WITHIN PORTABLE INSTRUMENT SHELTER","13-121-0099","AQS"
"09/20/2009","5","","MONITOR LOCATED WITHIN PORTABLE INSTRUMENT SHELTER","13-121-0099","AQS"
"09/21/2009","6","","MONITOR LOCATED WITHIN PORTABLE INSTRUMENT SHELTER","13-121-0099","AQS"
"09/22/2009","6","","MONITOR LOCATED WITHIN PORTABLE INSTRUMENT SHELTER","13-121-0099","AQS"
"09/23/2009","7","","MONITOR LOCATED WITHIN PORTABLE INSTRUMENT SHELTER","13-121-0099","AQS"
"09/24/2009","7","","MONITOR LOCATED WITHIN PORTABLE INSTRUMENT SHELTER","13-121-0099","AQS"
"09/25/2009","9","","MONITOR LOCATED WITHIN PORTABLE INSTRUMENT SHELTER","13-121-0099","AQS"
"09/26/2009","7","","MONITOR LOCATED WITHIN PORTABLE INSTRUMENT SHELTER","13-121-0099","AQS"
"09/27/2009","5","","MONITOR LOCATED WITHIN PORTABLE INSTRUMENT SHELTER","13-121-0099","AQS"
"09/28/2009","5","","MONITOR LOCATED WITHIN PORTABLE INSTRUMENT SHELTER","13-121-0099","AQS"
"09/29/2009","5","","MONITOR LOCATED WITHIN PORTABLE INSTRUMENT SHELTER","13-121-0099","AQS"
"09/30/2009","6","","MONITOR LOCATED WITHIN PORTABLE INSTRUMENT SHELTER","13-121-0099","AQS"
"10/01/2009","9","","MONITOR LOCATED WITHIN PORTABLE INSTRUMENT SHELTER","13-121-0099","AQS"
"10/02/2009","8","","MONITOR LOCATED WITHIN PORTABLE INSTRUMENT SHELTER","13-121-0099","AQS"
"10/03/2009","5","","MONITOR LOCATED WITHIN PORTABLE INSTRUMENT SHELTER","13-121-0099","AQS"
"10/04/2009","7","","MONITOR LOCATED WITHIN PORTABLE INSTRUMENT SHELTER","13-121-0099","AQS"
"10/05/2009","6","","MONITOR LOCATED WITHIN PORTABLE INSTRUMENT SHELTER","13-121-0099","AQS"
"10/06/2009","7","","MONITOR LOCATED WITHIN PORTABLE INSTRUMENT SHELTER","13-121-0099","AQS"
"10/07/2009","7","","MONITOR LOCATED WITHIN PORTABLE INSTRUMENT SHELTER","13-121-0099","AQS"
"10/08/2009","7","","MONITOR LOCATED WITHIN PORTABLE INSTRUMENT SHELTER","13-121-0099","AQS"
"10/09/2009","7","","MONITOR LOCATED WITHIN PORTABLE INSTRUMENT SHELTER","13-121-0099","AQS"
"10/10/2009","3","","MONITOR LOCATED WITHIN PORTABLE INSTRUMENT SHELTER","13-121-0099","AQS"
"10/11/2009","5","","MONITOR LOCATED WITHIN PORTABLE INSTRUMENT SHELTER","13-121-0099","AQS"
"10/12/2009","6","","MONITOR LOCATED WITHIN PORTABLE INSTRUMENT SHELTER","13-121-0099","AQS"
"10/13/2009","7","","MONITOR LOCATED WITHIN PORTABLE INSTRUMENT SHELTER","13-121-0099","AQS"
"10/14/2009","5","","MONITOR LOCATED WITHIN PORTABLE INSTRUMENT SHELTER","13-121-0099","AQS"
"10/15/2009","8","","MONITOR LOCATED WITHIN PORTABLE INSTRUMENT SHELTER","13-121-0099","AQS"
"10/16/2009","7","","MONITOR LOCATED WITHIN PORTABLE INSTRUMENT SHELTER","13-121-0099","AQS"
"10/17/2009","2","","MONITOR LOCATED WITHIN PORTABLE INSTRUMENT SHELTER","13-121-0099","AQS"
"10/18/2009","1","","MONITOR LOCATED WITHIN PORTABLE INSTRUMENT SHELTER","13-121-0099","AQS"
"10/19/2009","7","","MONITOR LOCATED WITHIN PORTABLE INSTRUMENT SHELTER","13-121-0099","AQS"
"10/20/2009","13","","MONITOR LOCATED WITHIN PORTABLE INSTRUMENT SHELTER","13-121-0099","AQS"
"10/21/2009","10","","MONITOR LOCATED WITHIN PORTABLE INSTRUMENT SHELTER","13-121-0099","AQS"
"10/22/2009","9","","MONITOR LOCATED WITHIN PORTABLE INSTRUMENT SHELTER","13-121-0099","AQS"
"10/23/2009","6","","MONITOR LOCATED WITHIN PORTABLE INSTRUMENT SHELTER","13-121-0099","AQS"
"10/24/2009","3","","MONITOR LOCATED WITHIN PORTABLE INSTRUMENT SHELTER","13-121-0099","AQS"
"10/25/2009","5","","MONITOR LOCATED WITHIN PORTABLE INSTRUMENT SHELTER","13-121-0099","AQS"
"10/26/2009","5","","MONITOR LOCATED WITHIN PORTABLE INSTRUMENT SHELTER","13-121-0099","AQS"
"10/27/2009","7","","MONITOR LOCATED WITHIN PORTABLE INSTRUMENT SHELTER","13-121-0099","AQS"
"10/28/2009","6","","MONITOR LOCATED WITHIN PORTABLE INSTRUMENT SHELTER","13-121-0099","AQS"
"10/29/2009","9","","MONITOR LOCATED WITHIN PORTABLE INSTRUMENT SHELTER","13-121-0099","AQS"
"10/30/2009","5","","MONITOR LOCATED WITHIN PORTABLE INSTRUMENT SHELTER","13-121-0099","AQS"
"10/31/2009","2","","MONITOR LOCATED WITHIN PORTABLE INSTRUMENT SHELTER","13-121-0099","AQS"
"11/01/2009","2","","MONITOR LOCATED WITHIN PORTABLE INSTRUMENT SHELTER","13-121-0099","AQS"
"11/02/2009","7","","MONITOR LOCATED WITHIN PORTABLE INSTRUMENT SHELTER","13-121-0099","AQS"
"11/03/2009","8","","MONITOR LOCATED WITHIN PORTABLE INSTRUMENT SHELTER","13-121-0099","AQS"
"11/04/2009","7","","MONITOR LOCATED WITHIN PORTABLE INSTRUMENT SHELTER","13-121-0099","AQS"
"11/05/2009","8","","MONITOR LOCATED WITHIN PORTABLE INSTRUMENT SHELTER","13-121-0099","AQS"
"11/06/2009","9","","MONITOR LOCATED WITHIN PORTABLE INSTRUMENT SHELTER","13-121-0099","AQS"
"11/07/2009","10","","MONITOR LOCATED WITHIN PORTABLE INSTRUMENT SHELTER","13-121-0099","AQS"
"11/08/2009","11","","MONITOR LOCATED WITHIN PORTABLE INSTRUMENT SHELTER","13-121-0099","AQS"
"11/09/2009","9","","MONITOR LOCATED WITHIN PORTABLE INSTRUMENT SHELTER","13-121-0099","AQS"
"11/10/2009","5","","MONITOR LOCATED WITHIN PORTABLE INSTRUMENT SHELTER","13-121-0099","AQS"
"11/11/2009","5","","MONITOR LOCATED WITHIN PORTABLE INSTRUMENT SHELTER","13-121-0099","AQS"
"11/12/2009","5","","MONITOR LOCATED WITHIN PORTABLE INSTRUMENT SHELTER","13-121-0099","AQS"
"11/13/2009","7","","MONITOR LOCATED WITHIN PORTABLE INSTRUMENT SHELTER","13-121-0099","AQS"
"11/14/2009","9","","MONITOR LOCATED WITHIN PORTABLE INSTRUMENT SHELTER","13-121-0099","AQS"
"11/15/2009","8","","MONITOR LOCATED WITHIN PORTABLE INSTRUMENT SHELTER","13-121-0099","AQS"
"11/16/2009","13","","MONITOR LOCATED WITHIN PORTABLE INSTRUMENT SHELTER","13-121-0099","AQS"
"11/17/2009","9","","MONITOR LOCATED WITHIN PORTABLE INSTRUMENT SHELTER","13-121-0099","AQS"
"11/18/2009","8","","MONITOR LOCATED WITHIN PORTABLE INSTRUMENT SHELTER","13-121-0099","AQS"
"11/19/2009","6","","MONITOR LOCATED WITHIN PORTABLE INSTRUMENT SHELTER","13-121-0099","AQS"
"11/20/2009","8","","MONITOR LOCATED WITHIN PORTABLE INSTRUMENT SHELTER","13-121-0099","AQS"
"11/21/2009","10","","MONITOR LOCATED WITHIN PORTABLE INSTRUMENT SHELTER","13-121-0099","AQS"
"11/22/2009","5","","MONITOR LOCATED WITHIN PORTABLE INSTRUMENT SHELTER","13-121-0099","AQS"
"11/23/2009","8","","MONITOR LOCATED WITHIN PORTABLE INSTRUMENT SHELTER","13-121-0099","AQS"
"11/24/2009","8","","MONITOR LOCATED WITHIN PORTABLE INSTRUMENT SHELTER","13-121-0099","AQS"
"11/25/2009","7","","MONITOR LOCATED WITHIN PORTABLE INSTRUMENT SHELTER","13-121-0099","AQS"
"11/26/2009","7","","MONITOR LOCATED WITHIN PORTABLE INSTRUMENT SHELTER","13-121-0099","AQS"
"11/27/2009","3","","MONITOR LOCATED WITHIN PORTABLE INSTRUMENT SHELTER","13-121-0099","AQS"
"11/28/2009","6","","MONITOR LOCATED WITHIN PORTABLE INSTRUMENT SHELTER","13-121-0099","AQS"
"11/29/2009","9","","MONITOR LOCATED WITHIN PORTABLE INSTRUMENT SHELTER","13-121-0099","AQS"
"11/30/2009","6","","MONITOR LOCATED WITHIN PORTABLE INSTRUMENT SHELTER","13-121-0099","AQS"
"12/01/2009","3","","MONITOR LOCATED WITHIN PORTABLE INSTRUMENT SHELTER","13-121-0099","AQS"
"12/02/2009","2","","Yorkville, King Farm","13-223-0003","AQS"
"12/03/2009","2","","Yorkville, King Farm","13-223-0003","AQS"
"12/04/2009","3","","MONITOR LOCATED WITHIN PORTABLE INSTRUMENT SHELTER","13-121-0099","AQS"
"12/05/2009","2","","MONITOR LOCATED WITHIN PORTABLE INSTRUMENT SHELTER","13-121-0099","AQS"
"12/06/2009","2","","Yorkville, King Farm","13-223-0003","AQS"
"12/07/2009","5","","MONITOR LOCATED WITHIN PORTABLE INSTRUMENT SHELTER","13-121-0099","AQS"
"12/08/2009","5","","MONITOR LOCATED WITHIN PORTABLE INSTRUMENT SHELTER","13-121-0099","AQS"
"12/09/2009","2","","Yorkville, King Farm","13-223-0003","AQS"
"12/10/2009","2","","MONITOR LOCATED WITHIN PORTABLE INSTRUMENT SHELTER","13-121-0099","AQS"
"12/11/2009","7","","MONITOR LOCATED WITHIN PORTABLE INSTRUMENT SHELTER","13-121-0099","AQS"
"12/12/2009","7","","MONITOR LOCATED WITHIN PORTABLE INSTRUMENT SHELTER","13-121-0099","AQS"
"12/13/2009","8","","MONITOR LOCATED WITHIN PORTABLE INSTRUMENT SHELTER","13-121-0099","AQS"
"12/14/2009","13","","MONITOR LOCATED WITHIN PORTABLE INSTRUMENT SHELTER","13-121-0099","AQS"
"12/15/2009","10","","MONITOR LOCATED WITHIN PORTABLE INSTRUMENT SHELTER","13-121-0099","AQS"
"12/16/2009","6","","MONITOR LOCATED WITHIN PORTABLE INSTRUMENT SHELTER","13-121-0099","AQS"
"12/17/2009","10","","MONITOR LOCATED WITHIN PORTABLE INSTRUMENT SHELTER","13-121-0099","AQS"
"12/18/2009","6","","MONITOR LOCATED WITHIN PORTABLE INSTRUMENT SHELTER","13-121-0099","AQS"
"12/19/2009","5","","MONITOR LOCATED WITHIN PORTABLE INSTRUMENT SHELTER","13-121-0099","AQS"
"12/20/2009","6","","MONITOR LOCATED WITHIN PORTABLE INSTRUMENT SHELTER","13-121-0099","AQS"
"12/21/2009","9","","MONITOR LOCATED WITHIN PORTABLE INSTRUMENT SHELTER","13-121-0099","AQS"
"12/22/2009","15","","MONITOR LOCATED WITHIN PORTABLE INSTRUMENT SHELTER","13-121-0099","AQS"
"12/23/2009","23","","MONITOR LOCATED WITHIN PORTABLE INSTRUMENT SHELTER","13-121-0099","AQS"
"12/24/2009","9","","MONITOR LOCATED WITHIN PORTABLE INSTRUMENT SHELTER","13-121-0099","AQS"
"12/25/2009","5","","MONITOR LOCATED WITHIN PORTABLE INSTRUMENT SHELTER","13-121-0099","AQS"
"12/26/2009","7","","MONITOR LOCATED WITHIN PORTABLE INSTRUMENT SHELTER","13-121-0099","AQS"
"12/27/2009","10","","MONITOR LOCATED WITHIN PORTABLE INSTRUMENT SHELTER","13-121-0099","AQS"
"12/28/2009","5","","MONITOR LOCATED WITHIN PORTABLE INSTRUMENT SHELTER","13-121-0099","AQS"
"12/29/2009","8","","MONITOR LOCATED WITHIN PORTABLE INSTRUMENT SHELTER","13-121-0099","AQS"
"12/30/2009","10","","MONITOR LOCATED WITHIN PORTABLE INSTRUMENT SHELTER","13-121-0099","AQS"
"12/31/2009","8","","MONITOR LOCATED WITHIN PORTABLE INSTRUMENT SHELTER","13-121-0099","AQS"
"01/01/2010","3","","South DeKalb","13-089-0002","AQS"
"01/02/2010","2","","South DeKalb","13-089-0002","AQS"
"01/03/2010","2","","South DeKalb","13-089-0002","AQS"
"01/04/2010","2","","South DeKalb","13-089-0002","AQS"
"01/05/2010","3","","Yorkville, King Farm","13-223-0003","AQS"
"01/06/2010","5","","MONITOR LOCATED WITHIN PORTABLE INSTRUMENT SHELTER","13-121-0099","AQS"
"01/07/2010","6","","South DeKalb","13-089-0002","AQS"
"01/08/2010","3","","South DeKalb","13-089-0002","AQS"
"01/09/2010","3","","South DeKalb","13-089-0002","AQS"
"01/10/2010","3","","South DeKalb","13-089-0002","AQS"
"01/11/2010","5","","South DeKalb","13-089-0002","AQS"
"01/12/2010","5","","South DeKalb","13-089-0002","AQS"
"01/13/2010","10","","MONITOR LOCATED WITHIN PORTABLE INSTRUMENT SHELTER","13-121-0099","AQS"
"01/14/2010","24","","South DeKalb","13-089-0002","AQS"
"01/15/2010","22","","South DeKalb","13-089-0002","AQS"
"01/16/2010","18","","South DeKalb","13-089-0002","AQS"
"01/17/2010","5","","MONITOR LOCATED WITHIN PORTABLE INSTRUMENT SHELTER","13-121-0099","AQS"
"01/18/2010","7","","South DeKalb","13-089-0002","AQS"
"01/19/2010","10","","South DeKalb","13-089-0002","AQS"
"01/20/2010","10","","South DeKalb","13-089-0002","AQS"
"01/21/2010","8","","MONITOR LOCATED WITHIN PORTABLE INSTRUMENT SHELTER","13-121-0099","AQS"
"01/22/2010","8","","MONITOR LOCATED WITHIN PORTABLE INSTRUMENT SHELTER","13-121-0099","AQS"
"01/23/2010","9","","MONITOR LOCATED WITHIN PORTABLE INSTRUMENT SHELTER","13-121-0099","AQS"
"01/24/2010","3","","MONITOR LOCATED WITHIN PORTABLE INSTRUMENT SHELTER","13-121-0099","AQS"
"01/25/2010","2","","South DeKalb","13-089-0002","AQS"
"01/26/2010","3","","MONITOR LOCATED WITHIN PORTABLE INSTRUMENT SHELTER","13-121-0099","AQS"
"01/27/2010","7","","South DeKalb","13-089-0002","AQS"
"01/28/2010","13","","South DeKalb","13-089-0002","AQS"
"01/29/2010","7","","South DeKalb","13-089-0002","AQS"
"01/30/2010","5","","MONITOR LOCATED WITHIN PORTABLE INSTRUMENT SHELTER","13-121-0099","AQS"
"01/31/2010","6","","South DeKalb","13-089-0002","AQS"
"02/01/2010","11","","South DeKalb","13-089-0002","AQS"
"02/02/2010","5","","MONITOR LOCATED WITHIN PORTABLE INSTRUMENT SHELTER","13-121-0099","AQS"
"02/03/2010","5","","South DeKalb","13-089-0002","AQS"
"02/04/2010","6","","South DeKalb","13-089-0002","AQS"
"02/05/2010","6","","MONITOR LOCATED WITHIN PORTABLE INSTRUMENT SHELTER","13-121-0099","AQS"
"02/06/2010","6","","MONITOR LOCATED WITHIN PORTABLE INSTRUMENT SHELTER","13-121-0099","AQS"
"02/07/2010","3","","South DeKalb","13-089-0002","AQS"
"02/08/2010","5","","South DeKalb","13-089-0002","AQS"
"02/09/2010","5","","South DeKalb","13-089-0002","AQS"
"02/10/2010","2","","South DeKalb","13-089-0002","AQS"
"02/11/2010","3","","South DeKalb","13-089-0002","AQS"
"02/12/2010","3","","South DeKalb","13-089-0002","AQS"
"02/13/2010","5","","South DeKalb","13-089-0002","AQS"
"02/14/2010","7","","South DeKalb","13-089-0002","AQS"
"02/15/2010","2","","South DeKalb","13-089-0002","AQS"
"02/16/2010","2","","South DeKalb","13-089-0002","AQS"
"02/17/2010","2","","South DeKalb","13-089-0002","AQS"
"02/18/2010","2","","South DeKalb","13-089-0002","AQS"
"02/19/2010","6","","South DeKalb","13-089-0002","AQS"
"02/20/2010","11","","South DeKalb","13-089-0002","AQS"
"02/21/2010","18","","South DeKalb","13-089-0002","AQS"
"02/22/2010","7","","MONITOR LOCATED WITHIN PORTABLE INSTRUMENT SHELTER","13-121-0099","AQS"
"02/23/2010","6","","South DeKalb","13-089-0002","AQS"
"02/24/2010","3","","MONITOR LOCATED WITHIN PORTABLE INSTRUMENT SHELTER","13-121-0099","AQS"
"02/25/2010","3","","South DeKalb","13-089-0002","AQS"
"02/26/2010","3","","South DeKalb","13-089-0002","AQS"
"02/27/2010","3","","MONITOR LOCATED WITHIN PORTABLE INSTRUMENT SHELTER","13-121-0099","AQS"
"02/28/2010","2","","South DeKalb","13-089-0002","AQS"
"03/01/2010","5","","MONITOR LOCATED WITHIN PORTABLE INSTRUMENT SHELTER","13-121-0099","AQS"
"03/02/2010","5","","South DeKalb","13-089-0002","AQS"
"03/03/2010","3","","South DeKalb","13-089-0002","AQS"
"03/04/2010","2","","South DeKalb","13-089-0002","AQS"
"03/05/2010","6","","South DeKalb","13-089-0002","AQS"
"03/06/2010","7","","South DeKalb","13-089-0002","AQS"
"03/07/2010","10","","South DeKalb","13-089-0002","AQS"
"03/08/2010","11","","South DeKalb","13-089-0002","AQS"
"03/09/2010","14","","South DeKalb","13-089-0002","AQS"
"03/10/2010","8","","MONITOR LOCATED WITHIN PORTABLE INSTRUMENT SHELTER","13-121-0099","AQS"
"03/11/2010","7","","MONITOR LOCATED WITHIN PORTABLE INSTRUMENT SHELTER","13-121-0099","AQS"
"03/12/2010","6","","MONITOR LOCATED WITHIN PORTABLE INSTRUMENT SHELTER","13-121-0099","AQS"
"03/13/2010","5","","South DeKalb","13-089-0002","AQS"
"03/14/2010","6","","Yorkville, King Farm","13-223-0003","AQS"
"03/15/2010","6","","Yorkville, King Farm","13-223-0003","AQS"
"03/16/2010","5","","Yorkville, King Farm","13-223-0003","AQS"
"03/17/2010","6","","MONITOR LOCATED WITHIN PORTABLE INSTRUMENT SHELTER","13-121-0099","AQS"
"03/18/2010","6","","South DeKalb","13-089-0002","AQS"
"03/19/2010","7","","South DeKalb","13-089-0002","AQS"
"03/20/2010","14","","South DeKalb","13-089-0002","AQS"
"03/21/2010","7","","South DeKalb","13-089-0002","AQS"
"03/22/2010","3","","MONITOR LOCATED WITHIN PORTABLE INSTRUMENT SHELTER","13-121-0099","AQS"
"03/23/2010","5","","South DeKalb","13-089-0002","AQS"
"03/24/2010","9","","South DeKalb","13-089-0002","AQS"
"03/25/2010","9","","South DeKalb","13-089-0002","AQS"
"03/26/2010","5","","MONITOR LOCATED WITHIN PORTABLE INSTRUMENT SHELTER","13-121-0099","AQS"
"03/27/2010","5","","MONITOR LOCATED WITHIN PORTABLE INSTRUMENT SHELTER","13-121-0099","AQS"
"03/28/2010","5","","MONITOR LOCATED WITHIN PORTABLE INSTRUMENT SHELTER","13-121-0099","AQS"
"03/29/2010","3","","South DeKalb","13-089-0002","AQS"
"03/30/2010","5","","South DeKalb","13-089-0002","AQS"
"03/31/2010","7","","South DeKalb","13-089-0002","AQS"
"04/01/2010","11","","South DeKalb","13-089-0002","AQS"
"04/02/2010","14","","South DeKalb","13-089-0002","AQS"
"04/03/2010","9","","South DeKalb","13-089-0002","AQS"
"04/04/2010","10","","South DeKalb","13-089-0002","AQS"
"04/05/2010","9","","South DeKalb","13-089-0002","AQS"
"04/06/2010","9","","South DeKalb","13-089-0002","AQS"
"04/07/2010","3","","South DeKalb","13-089-0002","AQS"
"04/08/2010","5","","MONITOR LOCATED WITHIN PORTABLE INSTRUMENT SHELTER","13-121-0099","AQS"
"04/09/2010","5","","South DeKalb","13-089-0002","AQS"
"04/10/2010","7","","South DeKalb","13-089-0002","AQS"
"04/11/2010","10","","South DeKalb","13-089-0002","AQS"
"04/12/2010","9","","South DeKalb","13-089-0002","AQS"
"04/13/2010","9","","South DeKalb","13-089-0002","AQS"
"04/14/2010","9","","South DeKalb","13-089-0002","AQS"
"04/15/2010","6","","MONITOR LOCATED WITHIN PORTABLE INSTRUMENT SHELTER","13-121-0099","AQS"
"04/16/2010","9","","South DeKalb","13-089-0002","AQS"
"04/17/2010","9","","South DeKalb","13-089-0002","AQS"
"04/18/2010","3","","South DeKalb","13-089-0002","AQS"
"04/19/2010","6","","South DeKalb","13-089-0002","AQS"
"04/20/2010","8","","MONITOR LOCATED WITHIN PORTABLE INSTRUMENT SHELTER","13-121-0099","AQS"
"04/21/2010","6","","South DeKalb","13-089-0002","AQS"
"04/22/2010","10","","South DeKalb","13-089-0002","AQS"
"04/23/2010","10","","South DeKalb","13-089-0002","AQS"
"04/24/2010","5","","South DeKalb","13-089-0002","AQS"
"04/25/2010","3","","South DeKalb","13-089-0002","AQS"
"04/26/2010","3","","South DeKalb","13-089-0002","AQS"
"04/27/2010","5","","MONITOR LOCATED WITHIN PORTABLE INSTRUMENT SHELTER","13-121-0099","AQS"
"04/28/2010","5","","MONITOR LOCATED WITHIN PORTABLE INSTRUMENT SHELTER","13-121-0099","AQS"
"04/29/2010","8","","South DeKalb","13-089-0002","AQS"
"04/30/2010","6","","South DeKalb","13-089-0002","AQS"
"05/01/2010","5","","MONITOR LOCATED WITHIN PORTABLE INSTRUMENT SHELTER","13-121-0099","AQS"
"05/02/2010","3","","MONITOR LOCATED WITHIN PORTABLE INSTRUMENT SHELTER","13-121-0099","AQS"
"05/03/2010","6","","MONITOR LOCATED WITHIN PORTABLE INSTRUMENT SHELTER","13-121-0099","AQS"
"05/04/2010","6","","South DeKalb","13-089-0002","AQS"
"05/05/2010","10","","South DeKalb","13-089-0002","AQS"
"05/06/2010","7","","South DeKalb","13-089-0002","AQS"
"05/07/2010","9","","South DeKalb","13-089-0002","AQS"
"05/08/2010","3","","Yorkville, King Farm","13-223-0003","AQS"
"05/09/2010","3","","South DeKalb","13-089-0002","AQS"
"05/10/2010","5","","South DeKalb","13-089-0002","AQS"
"05/11/2010","3","","South DeKalb","13-089-0002","AQS"
"05/12/2010","5","","MONITOR LOCATED WITHIN PORTABLE INSTRUMENT SHELTER","13-121-0099","AQS"
"05/13/2010","7","","South DeKalb","13-089-0002","AQS"
"05/14/2010","7","","South DeKalb","13-089-0002","AQS"
"05/15/2010","6","","MONITOR LOCATED WITHIN PORTABLE INSTRUMENT SHELTER","13-121-0099","AQS"
"05/16/2010","6","","South DeKalb","13-089-0002","AQS"
"05/17/2010","6","","MONITOR LOCATED WITHIN PORTABLE INSTRUMENT SHELTER","13-121-0099","AQS"
"05/18/2010","3","","South DeKalb","13-089-0002","AQS"
"05/19/2010","5","","MONITOR LOCATED WITHIN PORTABLE INSTRUMENT SHELTER","13-121-0099","AQS"
"05/20/2010","7","","MONITOR LOCATED WITHIN PORTABLE INSTRUMENT SHELTER","13-121-0099","AQS"
"05/21/2010","7","","MONITOR LOCATED WITHIN PORTABLE INSTRUMENT SHELTER","13-121-0099","AQS"
"05/22/2010","7","","MONITOR LOCATED WITHIN PORTABLE INSTRUMENT SHELTER","13-121-0099","AQS"
"05/23/2010","11","","South DeKalb","13-089-0002","AQS"
"05/24/2010","6","","MONITOR LOCATED WITHIN PORTABLE INSTRUMENT SHELTER","13-121-0099","AQS"
"05/25/2010","5","","MONITOR LOCATED WITHIN PORTABLE INSTRUMENT SHELTER","13-121-0099","AQS"
"05/26/2010","7","","South DeKalb","13-089-0002","AQS"
"05/27/2010","6","","MONITOR LOCATED WITHIN PORTABLE INSTRUMENT SHELTER","13-121-0099","AQS"
"05/28/2010","8","","South DeKalb","13-089-0002","AQS"
"05/29/2010","5","","MONITOR LOCATED WITHIN PORTABLE INSTRUMENT SHELTER","13-121-0099","AQS"
"05/30/2010","5","","MONITOR LOCATED WITHIN PORTABLE INSTRUMENT SHELTER","13-121-0099","AQS"
"05/31/2010","5","","MONITOR LOCATED WITHIN PORTABLE INSTRUMENT SHELTER","13-121-0099","AQS"
"06/01/2010","6","","MONITOR LOCATED WITHIN PORTABLE INSTRUMENT SHELTER","13-121-0099","AQS"
"06/02/2010","7","","MONITOR LOCATED WITHIN PORTABLE INSTRUMENT SHELTER","13-121-0099","AQS"
"06/03/2010","6","","MONITOR LOCATED WITHIN PORTABLE INSTRUMENT SHELTER","13-121-0099","AQS"
"06/04/2010","7","","MONITOR LOCATED WITHIN PORTABLE INSTRUMENT SHELTER","13-121-0099","AQS"
"06/05/2010","7","","MONITOR LOCATED WITHIN PORTABLE INSTRUMENT SHELTER","13-121-0099","AQS"
"06/06/2010","5","","MONITOR LOCATED WITHIN PORTABLE INSTRUMENT SHELTER","13-121-0099","AQS"
"06/07/2010","6","","MONITOR LOCATED WITHIN PORTABLE INSTRUMENT SHELTER","13-121-0099","AQS"
"06/08/2010","7","","South DeKalb","13-089-0002","AQS"
"06/09/2010","7","","South DeKalb","13-089-0002","AQS"
"06/10/2010","6","","MONITOR LOCATED WITHIN PORTABLE INSTRUMENT SHELTER","13-121-0099","AQS"
"06/11/2010","9","","MONITOR LOCATED WITHIN PORTABLE INSTRUMENT SHELTER","13-121-0099","AQS"
"06/12/2010","9","","South DeKalb","13-089-0002","AQS"
"06/13/2010","8","","South DeKalb","13-089-0002","AQS"
"06/14/2010","6","","South DeKalb","13-089-0002","AQS"
"06/15/2010","7","","MONITOR LOCATED WITHIN PORTABLE INSTRUMENT SHELTER","13-121-0099","AQS"
"06/16/2010","5","","MONITOR LOCATED WITHIN PORTABLE INSTRUMENT SHELTER","13-121-0099","AQS"
"06/17/2010","5","","MONITOR LOCATED WITHIN PORTABLE INSTRUMENT SHELTER","13-121-0099","AQS"
"06/18/2010","7","","MONITOR LOCATED WITHIN PORTABLE INSTRUMENT SHELTER","13-121-0099","AQS"
"06/19/2010","6","","MONITOR LOCATED WITHIN PORTABLE INSTRUMENT SHELTER","13-121-0099","AQS"
"06/20/2010","5","","MONITOR LOCATED WITHIN PORTABLE INSTRUMENT SHELTER","13-121-0099","AQS"
"06/21/2010","7","","MONITOR LOCATED WITHIN PORTABLE INSTRUMENT SHELTER","13-121-0099","AQS"
"06/22/2010","7","","MONITOR LOCATED WITHIN PORTABLE INSTRUMENT SHELTER","13-121-0099","AQS"
"06/23/2010","6","","MONITOR LOCATED WITHIN PORTABLE INSTRUMENT SHELTER","13-121-0099","AQS"
"06/24/2010","7","","South DeKalb","13-089-0002","AQS"
"06/25/2010","6","","South DeKalb","13-089-0002","AQS"
"06/26/2010","5","","MONITOR LOCATED WITHIN PORTABLE INSTRUMENT SHELTER","13-121-0099","AQS"
"06/27/2010","3","","South DeKalb","13-089-0002","AQS"
"06/28/2010","5","","MONITOR LOCATED WITHIN PORTABLE INSTRUMENT SHELTER","13-121-0099","AQS"
"06/29/2010","5","","MONITOR LOCATED WITHIN PORTABLE INSTRUMENT SHELTER","13-121-0099","AQS"
"06/30/2010","5","","MONITOR LOCATED WITHIN PORTABLE INSTRUMENT SHELTER","13-121-0099","AQS"
"07/01/2010","7","","MONITOR LOCATED WITHIN PORTABLE INSTRUMENT SHELTER","13-121-0099","AQS"
"07/02/2010","7","","MONITOR LOCATED WITHIN PORTABLE INSTRUMENT SHELTER","13-121-0099","AQS"
"07/03/2010","5","","MONITOR LOCATED WITHIN PORTABLE INSTRUMENT SHELTER","13-121-0099","AQS"
"07/04/2010","8","","South DeKalb","13-089-0002","AQS"
"07/05/2010","7","","South DeKalb","13-089-0002","AQS"
"07/06/2010","6","","South DeKalb","13-089-0002","AQS"
"07/07/2010","7","","South DeKalb","13-089-0002","AQS"
"07/08/2010","7","","South DeKalb","13-089-0002","AQS"
"07/09/2010","8","","South DeKalb","13-089-0002","AQS"
"07/10/2010","3","","South DeKalb","13-089-0002","AQS"
"07/11/2010","3","","South DeKalb","13-089-0002","AQS"
"07/12/2010","6","","MONITOR LOCATED WITHIN PORTABLE INSTRUMENT SHELTER","13-121-0099","AQS"
"07/13/2010","7","","MONITOR LOCATED WITHIN PORTABLE INSTRUMENT SHELTER","13-121-0099","AQS"
"07/14/2010","5","","South DeKalb","13-089-0002","AQS"
"07/15/2010","8","","South DeKalb","13-089-0002","AQS"
"07/16/2010","6","","MONITOR LOCATED WITHIN PORTABLE INSTRUMENT SHELTER","13-121-0099","AQS"
"07/17/2010","6","","MONITOR LOCATED WITHIN PORTABLE INSTRUMENT SHELTER","13-121-0099","AQS"
"07/18/2010","6","","MONITOR LOCATED WITHIN PORTABLE INSTRUMENT SHELTER","13-121-0099","AQS"
"07/19/2010","6","","MONITOR LOCATED WITHIN PORTABLE INSTRUMENT SHELTER","13-121-0099","AQS"
"07/20/2010","6","","South DeKalb","13-089-0002","AQS"
"07/21/2010","7","","MONITOR LOCATED WITHIN PORTABLE INSTRUMENT SHELTER","13-121-0099","AQS"
"07/22/2010","7","","MONITOR LOCATED WITHIN PORTABLE INSTRUMENT SHELTER","13-121-0099","AQS"
"07/23/2010","6","","South DeKalb","13-089-0002","AQS"
"07/24/2010","7","","MONITOR LOCATED WITHIN PORTABLE INSTRUMENT SHELTER","13-121-0099","AQS"
"07/25/2010","6","","MONITOR LOCATED WITHIN PORTABLE INSTRUMENT SHELTER","13-121-0099","AQS"
"07/26/2010","6","","MONITOR LOCATED WITHIN PORTABLE INSTRUMENT SHELTER","13-121-0099","AQS"
"07/27/2010","6","","MONITOR LOCATED WITHIN PORTABLE INSTRUMENT SHELTER","13-121-0099","AQS"
"07/28/2010","6","","MONITOR LOCATED WITHIN PORTABLE INSTRUMENT SHELTER","13-121-0099","AQS"
"07/29/2010","5","","MONITOR LOCATED WITHIN PORTABLE INSTRUMENT SHELTER","13-121-0099","AQS"
"07/30/2010","5","","South DeKalb","13-089-0002","AQS"
"07/31/2010","7","","South DeKalb","13-089-0002","AQS"
"08/01/2010","6","","MONITOR LOCATED WITHIN PORTABLE INSTRUMENT SHELTER","13-121-0099","AQS"
"08/02/2010","7","","MONITOR LOCATED WITHIN PORTABLE INSTRUMENT SHELTER","13-121-0099","AQS"
"08/03/2010","8","","MONITOR LOCATED WITHIN PORTABLE INSTRUMENT SHELTER","13-121-0099","AQS"
"08/04/2010","8","","MONITOR LOCATED WITHIN PORTABLE INSTRUMENT SHELTER","13-121-0099","AQS"
"08/05/2010","7","","MONITOR LOCATED WITHIN PORTABLE INSTRUMENT SHELTER","13-121-0099","AQS"
"08/06/2010","7","","MONITOR LOCATED WITHIN PORTABLE INSTRUMENT SHELTER","13-121-0099","AQS"
"08/07/2010","6","","MONITOR LOCATED WITHIN PORTABLE INSTRUMENT SHELTER","13-121-0099","AQS"
"08/08/2010","6","","MONITOR LOCATED WITHIN PORTABLE INSTRUMENT SHELTER","13-121-0099","AQS"
"08/09/2010","8","","MONITOR LOCATED WITHIN PORTABLE INSTRUMENT SHELTER","13-121-0099","AQS"
"08/10/2010","8","","MONITOR LOCATED WITHIN PORTABLE INSTRUMENT SHELTER","13-121-0099","AQS"
"08/11/2010","7","","South DeKalb","13-089-0002","AQS"
"08/12/2010","7","","MONITOR LOCATED WITHIN PORTABLE INSTRUMENT SHELTER","13-121-0099","AQS"
"08/13/2010","8","","MONITOR LOCATED WITHIN PORTABLE INSTRUMENT SHELTER","13-121-0099","AQS"
"08/14/2010","7","","MONITOR LOCATED WITHIN PORTABLE INSTRUMENT SHELTER","13-121-0099","AQS"
"08/15/2010","6","","MONITOR LOCATED WITHIN PORTABLE INSTRUMENT SHELTER","13-121-0099","AQS"
"08/16/2010","6","","MONITOR LOCATED WITHIN PORTABLE INSTRUMENT SHELTER","13-121-0099","AQS"
"08/17/2010","7","","MONITOR LOCATED WITHIN PORTABLE INSTRUMENT SHELTER","13-121-0099","AQS"
"08/18/2010","7","","MONITOR LOCATED WITHIN PORTABLE INSTRUMENT SHELTER","13-121-0099","AQS"
"08/19/2010","6","","MONITOR LOCATED WITHIN PORTABLE INSTRUMENT SHELTER","13-121-0099","AQS"
"08/20/2010","7","","MONITOR LOCATED WITHIN PORTABLE INSTRUMENT SHELTER","13-121-0099","AQS"
"08/21/2010","6","","MONITOR LOCATED WITHIN PORTABLE INSTRUMENT SHELTER","13-121-0099","AQS"
"08/22/2010","6","","MONITOR LOCATED WITHIN PORTABLE INSTRUMENT SHELTER","13-121-0099","AQS"
"08/23/2010","6","","South DeKalb","13-089-0002","AQS"
"08/24/2010","6","","MONITOR LOCATED WITHIN PORTABLE INSTRUMENT SHELTER","13-121-0099","AQS"
"08/25/2010","7","","MONITOR LOCATED WITHIN PORTABLE INSTRUMENT SHELTER","13-121-0099","AQS"
"08/26/2010","8","","MONITOR LOCATED WITHIN PORTABLE INSTRUMENT SHELTER","13-121-0099","AQS"
"08/27/2010","8","","MONITOR LOCATED WITHIN PORTABLE INSTRUMENT SHELTER","13-121-0099","AQS"
"08/28/2010","7","","MONITOR LOCATED WITHIN PORTABLE INSTRUMENT SHELTER","13-121-0099","AQS"
"08/29/2010","7","","MONITOR LOCATED WITHIN PORTABLE INSTRUMENT SHELTER","13-121-0099","AQS"
"08/30/2010","8","","MONITOR LOCATED WITHIN PORTABLE INSTRUMENT SHELTER","13-121-0099","AQS"
"08/31/2010","9","","MONITOR LOCATED WITHIN PORTABLE INSTRUMENT SHELTER","13-121-0099","AQS"
"09/01/2010","9","","South DeKalb","13-089-0002","AQS"
"09/02/2010","8","","South DeKalb","13-089-0002","AQS"
"09/03/2010","9","","South DeKalb","13-089-0002","AQS"
"09/04/2010","5","","South DeKalb","13-089-0002","AQS"
"09/05/2010","7","","South DeKalb","13-089-0002","AQS"
"09/06/2010","10","","South DeKalb","13-089-0002","AQS"
"09/07/2010","9","","South DeKalb","13-089-0002","AQS"
"09/08/2010","7","","South DeKalb","13-089-0002","AQS"
"09/09/2010","8","","South DeKalb","13-089-0002","AQS"
"09/10/2010","8","","MONITOR LOCATED WITHIN PORTABLE INSTRUMENT SHELTER","13-121-0099","AQS"
"09/11/2010","7","","MONITOR LOCATED WITHIN PORTABLE INSTRUMENT SHELTER","13-121-0099","AQS"
"09/12/2010","6","","MONITOR LOCATED WITHIN PORTABLE INSTRUMENT SHELTER","13-121-0099","AQS"
"09/13/2010","7","","MONITOR LOCATED WITHIN PORTABLE INSTRUMENT SHELTER","13-121-0099","AQS"
"09/14/2010","8","","South DeKalb","13-089-0002","AQS"
"09/15/2010","9","","MONITOR LOCATED WITHIN PORTABLE INSTRUMENT SHELTER","13-121-0099","AQS"
"09/16/2010","7","","MONITOR LOCATED WITHIN PORTABLE INSTRUMENT SHELTER","13-121-0099","AQS"
"09/17/2010","7","","MONITOR LOCATED WITHIN PORTABLE INSTRUMENT SHELTER","13-121-0099","AQS"
"09/18/2010","8","","South DeKalb","13-089-0002","AQS"
"09/19/2010","7","","MONITOR LOCATED WITHIN PORTABLE INSTRUMENT SHELTER","13-121-0099","AQS"
"09/20/2010","9","","South DeKalb","13-089-0002","AQS"
"09/21/2010","9","","South DeKalb","13-089-0002","AQS"
"09/22/2010","7","","MONITOR LOCATED WITHIN PORTABLE INSTRUMENT SHELTER","13-121-0099","AQS"
"09/23/2010","8","","South DeKalb","13-089-0002","AQS"
"09/24/2010","7","","MONITOR LOCATED WITHIN PORTABLE INSTRUMENT SHELTER","13-121-0099","AQS"
"09/25/2010","9","","South DeKalb","13-089-0002","AQS"
"09/26/2010","5","","South DeKalb","13-089-0002","AQS"
"09/27/2010","5","","MONITOR LOCATED WITHIN PORTABLE INSTRUMENT SHELTER","13-121-0099","AQS"
"09/28/2010","6","","South DeKalb","13-089-0002","AQS"
"09/29/2010","8","","South DeKalb","13-089-0002","AQS"
"09/30/2010","5","","MONITOR LOCATED WITHIN PORTABLE INSTRUMENT SHELTER","13-121-0099","AQS"
"10/01/2010","5","","South DeKalb","13-089-0002","AQS"
"10/02/2010","6","","South DeKalb","13-089-0002","AQS"
"10/03/2010","6","","South DeKalb","13-089-0002","AQS"
"10/04/2010","6","","MONITOR LOCATED WITHIN PORTABLE INSTRUMENT SHELTER","13-121-0099","AQS"
"10/05/2010","7","","MONITOR LOCATED WITHIN PORTABLE INSTRUMENT SHELTER","13-121-0099","AQS"
"10/06/2010","7","","MONITOR LOCATED WITHIN PORTABLE INSTRUMENT SHELTER","13-121-0099","AQS"
"10/07/2010","6","","South DeKalb","13-089-0002","AQS"
"10/08/2010","7","","South DeKalb","13-089-0002","AQS"
"10/09/2010","11","","South DeKalb","13-089-0002","AQS"
"10/10/2010","13","","South DeKalb","13-089-0002","AQS"
"10/11/2010","11","","South DeKalb","13-089-0002","AQS"
"10/12/2010","7","","MONITOR LOCATED WITHIN PORTABLE INSTRUMENT SHELTER","13-121-0099","AQS"
"10/13/2010","7","","South DeKalb","13-089-0002","AQS"
"10/14/2010","6","","South DeKalb","13-089-0002","AQS"
"10/15/2010","7","","MONITOR LOCATED WITHIN PORTABLE INSTRUMENT SHELTER","13-121-0099","AQS"
"10/16/2010","8","","MONITOR LOCATED WITHIN PORTABLE INSTRUMENT SHELTER","13-121-0099","AQS"
"10/17/2010","11","","South DeKalb","13-089-0002","AQS"
"10/18/2010","11","","South DeKalb","13-089-0002","AQS"
"10/19/2010","10","","MONITOR LOCATED WITHIN PORTABLE INSTRUMENT SHELTER","13-121-0099","AQS"
"10/20/2010","8","","South DeKalb","13-089-0002","AQS"
"10/21/2010","8","","MONITOR LOCATED WITHIN PORTABLE INSTRUMENT SHELTER","13-121-0099","AQS"
"10/22/2010","9","","MONITOR LOCATED WITHIN PORTABLE INSTRUMENT SHELTER","13-121-0099","AQS"
"10/23/2010","13","","South DeKalb","13-089-0002","AQS"
"10/24/2010","7","","MONITOR LOCATED WITHIN PORTABLE INSTRUMENT SHELTER","13-121-0099","AQS"
"10/25/2010","7","","MONITOR LOCATED WITHIN PORTABLE INSTRUMENT SHELTER","13-121-0099","AQS"
"10/26/2010","6","","MONITOR LOCATED WITHIN PORTABLE INSTRUMENT SHELTER","13-121-0099","AQS"
"10/27/2010","8","","MONITOR LOCATED WITHIN PORTABLE INSTRUMENT SHELTER","13-121-0099","AQS"
"10/28/2010","7","","MONITOR LOCATED WITHIN PORTABLE INSTRUMENT SHELTER","13-121-0099","AQS"
"10/29/2010","5","","South DeKalb","13-089-0002","AQS"
"10/30/2010","9","","MONITOR LOCATED WITHIN PORTABLE INSTRUMENT SHELTER","13-121-0099","AQS"
"10/31/2010","14","","South DeKalb","13-089-0002","AQS"
"11/01/2010","10","","MONITOR LOCATED WITHIN PORTABLE INSTRUMENT SHELTER","13-121-0099","AQS"
"11/02/2010","5","","MONITOR LOCATED WITHIN PORTABLE INSTRUMENT SHELTER","13-121-0099","AQS"
"11/03/2010","7","","MONITOR LOCATED WITHIN PORTABLE INSTRUMENT SHELTER","13-121-0099","AQS"
"11/04/2010","5","","MONITOR LOCATED WITHIN PORTABLE INSTRUMENT SHELTER","13-121-0099","AQS"
"11/05/2010","3","","South DeKalb","13-089-0002","AQS"
"11/06/2010","5","","MONITOR LOCATED WITHIN PORTABLE INSTRUMENT SHELTER","13-121-0099","AQS"
"11/07/2010","7","","South DeKalb","13-089-0002","AQS"
"11/08/2010","7","","South DeKalb","13-089-0002","AQS"
"11/09/2010","7","","South DeKalb","13-089-0002","AQS"
"11/10/2010","10","","South DeKalb","13-089-0002","AQS"
"11/11/2010","15","","South DeKalb","13-089-0002","AQS"
"11/12/2010","14","","South DeKalb","13-089-0002","AQS"
"11/13/2010","15","","South DeKalb","13-089-0002","AQS"
"11/14/2010","14","","South DeKalb","13-089-0002","AQS"
"11/15/2010","8","","MONITOR LOCATED WITHIN PORTABLE INSTRUMENT SHELTER","13-121-0099","AQS"
"11/16/2010","7","","MONITOR LOCATED WITHIN PORTABLE INSTRUMENT SHELTER","13-121-0099","AQS"
"11/17/2010","6","","South DeKalb","13-089-0002","AQS"
"11/18/2010","11","","MONITOR LOCATED WITHIN PORTABLE INSTRUMENT SHELTER","13-121-0099","AQS"
"11/19/2010","13","","MONITOR LOCATED WITHIN PORTABLE INSTRUMENT SHELTER","13-121-0099","AQS"
"11/20/2010","14","","South DeKalb","13-089-0002","AQS"
"11/21/2010","14","","South DeKalb","13-089-0002","AQS"
"11/22/2010","10","","MONITOR LOCATED WITHIN PORTABLE INSTRUMENT SHELTER","13-121-0099","AQS"
"11/23/2010","9","","MONITOR LOCATED WITHIN PORTABLE INSTRUMENT SHELTER","13-121-0099","AQS"
"11/24/2010","7","","MONITOR LOCATED WITHIN PORTABLE INSTRUMENT SHELTER","13-121-0099","AQS"
"11/25/2010","6","","MONITOR LOCATED WITHIN PORTABLE INSTRUMENT SHELTER","13-121-0099","AQS"
"11/26/2010","3","","MONITOR LOCATED WITHIN PORTABLE INSTRUMENT SHELTER","13-121-0099","AQS"
"11/27/2010","6","","South DeKalb","13-089-0002","AQS"
"11/28/2010","8","","MONITOR LOCATED WITHIN PORTABLE INSTRUMENT SHELTER","13-121-0099","AQS"
"11/29/2010","5","","MONITOR LOCATED WITHIN PORTABLE INSTRUMENT SHELTER","13-121-0099","AQS"
"11/30/2010","6","","MONITOR LOCATED WITHIN PORTABLE INSTRUMENT SHELTER","13-121-0099","AQS"
"12/01/2010","5","","South DeKalb","13-089-0002","AQS"
"12/02/2010","6","","South DeKalb","13-089-0002","AQS"
"12/03/2010","13","","South DeKalb","13-089-0002","AQS"
"12/04/2010","13","","South DeKalb","13-089-0002","AQS"
"12/05/2010","2","","South DeKalb","13-089-0002","AQS"
"12/06/2010","2","","South DeKalb","13-089-0002","AQS"
"12/07/2010","3","","South DeKalb","13-089-0002","AQS"
"12/08/2010","3","","South DeKalb","13-089-0002","AQS"
"12/09/2010","10","","MONITOR LOCATED WITHIN PORTABLE INSTRUMENT SHELTER","13-121-0099","AQS"
"12/10/2010","15","","South DeKalb","13-089-0002","AQS"
"12/11/2010","14","","South DeKalb","13-089-0002","AQS"
"12/12/2010","5","","MONITOR LOCATED WITHIN PORTABLE INSTRUMENT SHELTER","13-121-0099","AQS"
"12/13/2010","2","","South DeKalb","13-089-0002","AQS"
"12/14/2010","5","","MONITOR LOCATED WITHIN PORTABLE INSTRUMENT SHELTER","13-121-0099","AQS"
"12/15/2010","7","","MONITOR LOCATED WITHIN PORTABLE INSTRUMENT SHELTER","13-121-0099","AQS"
"12/16/2010","11","","MONITOR LOCATED WITHIN PORTABLE INSTRUMENT SHELTER","13-121-0099","AQS"
"12/17/2010","6","","South DeKalb","13-089-0002","AQS"
"12/18/2010","7","","MONITOR LOCATED WITHIN PORTABLE INSTRUMENT SHELTER","13-121-0099","AQS"
"12/19/2010","7","","MONITOR LOCATED WITHIN PORTABLE INSTRUMENT SHELTER","13-121-0099","AQS"
"12/20/2010","6","","South DeKalb","13-089-0002","AQS"
"12/21/2010","13","","MONITOR LOCATED WITHIN PORTABLE INSTRUMENT SHELTER","13-121-0099","AQS"
"12/22/2010","13","","MONITOR LOCATED WITHIN PORTABLE INSTRUMENT SHELTER","13-121-0099","AQS"
"12/23/2010","3","","South DeKalb","13-089-0002","AQS"
"12/24/2010","9","","South DeKalb","13-089-0002","AQS"
"12/25/2010","17","","South DeKalb","13-089-0002","AQS"
"12/26/2010","3","","South DeKalb","13-089-0002","AQS"
"12/27/2010","2","","South DeKalb","13-089-0002","AQS"
"12/28/2010","7","","MONITOR LOCATED WITHIN PORTABLE INSTRUMENT SHELTER","13-121-0099","AQS"
"12/29/2010","10","","MONITOR LOCATED WITHIN PORTABLE INSTRUMENT SHELTER","13-121-0099","AQS"
"12/30/2010","11","","MONITOR LOCATED WITHIN PORTABLE INSTRUMENT SHELTER","13-121-0099","AQS"
"12/31/2010","6","","MONITOR LOCATED WITHIN PORTABLE INSTRUMENT SHELTER","13-121-0099","AQS"
"01/01/2011","6","","MONITOR LOCATED WITHIN PORTABLE INSTRUMENT SHELTER","13-121-0099","AQS"
"01/02/2011","5","","MONITOR LOCATED WITHIN PORTABLE INSTRUMENT SHELTER","13-121-0099","AQS"
"01/03/2011","11","","MONITOR LOCATED WITHIN PORTABLE INSTRUMENT SHELTER","13-121-0099","AQS"
"01/04/2011","14","","South DeKalb","13-089-0002","AQS"
"01/05/2011","13","","South DeKalb","13-089-0002","AQS"
"01/06/2011","7","","MONITOR LOCATED WITHIN PORTABLE INSTRUMENT SHELTER","13-121-0099","AQS"
"01/07/2011","5","","MONITOR LOCATED WITHIN PORTABLE INSTRUMENT SHELTER","13-121-0099","AQS"
"01/08/2011","2","","South DeKalb","13-089-0002","AQS"
"01/09/2011","5","","MONITOR LOCATED WITHIN PORTABLE INSTRUMENT SHELTER","13-121-0099","AQS"
"01/10/2011","3","","MONITOR LOCATED WITHIN PORTABLE INSTRUMENT SHELTER","13-121-0099","AQS"
"01/11/2011","5","","MONITOR LOCATED WITHIN PORTABLE INSTRUMENT SHELTER","13-121-0099","AQS"
"01/12/2011","3","","MONITOR LOCATED WITHIN PORTABLE INSTRUMENT SHELTER","13-121-0099","AQS"
"01/13/2011","3","","MONITOR LOCATED WITHIN PORTABLE INSTRUMENT SHELTER","13-121-0099","AQS"
"01/14/2011","8","","MONITOR LOCATED WITHIN PORTABLE INSTRUMENT SHELTER","13-121-0099","AQS"
"01/15/2011","13","","South DeKalb","13-089-0002","AQS"
"01/16/2011","9","","South DeKalb","13-089-0002","AQS"
"01/17/2011","13","","South DeKalb","13-089-0002","AQS"
"01/18/2011","10","","MONITOR LOCATED WITHIN PORTABLE INSTRUMENT SHELTER","13-121-0099","AQS"
"01/19/2011","10","","MONITOR LOCATED WITHIN PORTABLE INSTRUMENT SHELTER","13-121-0099","AQS"
"01/20/2011","9","","MONITOR LOCATED WITHIN PORTABLE INSTRUMENT SHELTER","13-121-0099","AQS"
"01/21/2011","6","","MONITOR LOCATED WITHIN PORTABLE INSTRUMENT SHELTER","13-121-0099","AQS"
"01/22/2011","5","","MONITOR LOCATED WITHIN PORTABLE INSTRUMENT SHELTER","13-121-0099","AQS"
"01/23/2011","9","","MONITOR LOCATED WITHIN PORTABLE INSTRUMENT SHELTER","13-121-0099","AQS"
"01/24/2011","10","","MONITOR LOCATED WITHIN PORTABLE INSTRUMENT SHELTER","13-121-0099","AQS"
"01/25/2011","7","","MONITOR LOCATED WITHIN PORTABLE INSTRUMENT SHELTER","13-121-0099","AQS"
"01/26/2011","6","","Yorkville, King Farm","13-223-0003","AQS"
"01/27/2011","6","","South DeKalb","13-089-0002","AQS"
"01/28/2011","9","","South DeKalb","13-089-0002","AQS"
"01/29/2011","9","","South DeKalb","13-089-0002","AQS"
"01/30/2011","10","","South DeKalb","13-089-0002","AQS"
"01/31/2011","7","","South DeKalb","13-089-0002","AQS"
"02/01/2011","9","","MONITOR LOCATED WITHIN PORTABLE INSTRUMENT SHELTER","13-121-0099","AQS"
"02/02/2011","7","","MONITOR LOCATED WITHIN PORTABLE INSTRUMENT SHELTER","13-121-0099","AQS"
"02/03/2011","7","","MONITOR LOCATED WITHIN PORTABLE INSTRUMENT SHELTER","13-121-0099","AQS"
"02/04/2011","7","","MONITOR LOCATED WITHIN PORTABLE INSTRUMENT SHELTER","13-121-0099","AQS"
"02/05/2011","6","","MONITOR LOCATED WITHIN PORTABLE INSTRUMENT SHELTER","13-121-0099","AQS"
"02/06/2011","7","","South DeKalb","13-089-0002","AQS"
"02/07/2011","15","","South DeKalb","13-089-0002","AQS"
"02/08/2011","3","","MONITOR LOCATED WITHIN PORTABLE INSTRUMENT SHELTER","13-121-0099","AQS"
"02/09/2011","6","","MONITOR LOCATED WITHIN PORTABLE INSTRUMENT SHELTER","13-121-0099","AQS"
"02/10/2011","5","","MONITOR LOCATED WITHIN PORTABLE INSTRUMENT SHELTER","13-121-0099","AQS"
"02/11/2011","6","","South DeKalb","13-089-0002","AQS"
"02/12/2011","5","","MONITOR LOCATED WITHIN PORTABLE INSTRUMENT SHELTER","13-121-0099","AQS"
"02/13/2011","8","","South DeKalb","13-089-0002","AQS"
"02/14/2011","8","","South DeKalb","13-089-0002","AQS"
"02/15/2011","7","","MONITOR LOCATED WITHIN PORTABLE INSTRUMENT SHELTER","13-121-0099","AQS"
"02/16/2011","9","","South DeKalb","13-089-0002","AQS"
"02/17/2011","9","","MONITOR LOCATED WITHIN PORTABLE INSTRUMENT SHELTER","13-121-0099","AQS"
"02/18/2011","11","","South DeKalb","13-089-0002","AQS"
"02/19/2011","8","","South DeKalb","13-089-0002","AQS"
"02/20/2011","6","","South DeKalb","13-089-0002","AQS"
"02/21/2011","8","","MONITOR LOCATED WITHIN PORTABLE INSTRUMENT SHELTER","13-121-0099","AQS"
"02/22/2011","3","","MONITOR LOCATED WITHIN PORTABLE INSTRUMENT SHELTER","13-121-0099","AQS"
"02/23/2011","7","","MONITOR LOCATED WITHIN PORTABLE INSTRUMENT SHELTER","13-121-0099","AQS"
"02/24/2011","8","","MONITOR LOCATED WITHIN PORTABLE INSTRUMENT SHELTER","13-121-0099","AQS"
"02/25/2011","6","","MONITOR LOCATED WITHIN PORTABLE INSTRUMENT SHELTER","13-121-0099","AQS"
"02/26/2011","8","","MONITOR LOCATED WITHIN PORTABLE INSTRUMENT SHELTER","13-121-0099","AQS"
"02/27/2011","11","","South DeKalb","13-089-0002","AQS"
"02/28/2011","5","","MONITOR LOCATED WITHIN PORTABLE INSTRUMENT SHELTER","13-121-0099","AQS"
"03/01/2011","7","","MONITOR LOCATED WITHIN PORTABLE INSTRUMENT SHELTER","13-121-0099","AQS"
"03/02/2011","8","","MONITOR LOCATED WITHIN PORTABLE INSTRUMENT SHELTER","13-121-0099","AQS"
"03/03/2011","11","","South DeKalb","13-089-0002","AQS"
"03/04/2011","6","","MONITOR LOCATED WITHIN PORTABLE INSTRUMENT SHELTER","13-121-0099","AQS"
"03/05/2011","6","","MONITOR LOCATED WITHIN PORTABLE INSTRUMENT SHELTER","13-121-0099","AQS"
"03/06/2011","5","","MONITOR LOCATED WITHIN PORTABLE INSTRUMENT SHELTER","13-121-0099","AQS"
"03/07/2011","7","","MONITOR LOCATED WITHIN PORTABLE INSTRUMENT SHELTER","13-121-0099","AQS"
"03/08/2011","6","","MONITOR LOCATED WITHIN PORTABLE INSTRUMENT SHELTER","13-121-0099","AQS"
"03/09/2011","9","","MONITOR LOCATED WITHIN PORTABLE INSTRUMENT SHELTER","13-121-0099","AQS"
"03/10/2011","7","","MONITOR LOCATED WITHIN PORTABLE INSTRUMENT SHELTER","13-121-0099","AQS"
"03/11/2011","5","","MONITOR LOCATED WITHIN PORTABLE INSTRUMENT SHELTER","13-121-0099","AQS"
"03/12/2011","8","","South DeKalb","13-089-0002","AQS"
"03/13/2011","8","","South DeKalb","13-089-0002","AQS"
"03/14/2011","9","","South DeKalb","13-089-0002","AQS"
"03/15/2011","8","","MONITOR LOCATED WITHIN PORTABLE INSTRUMENT SHELTER","13-121-0099","AQS"
"03/16/2011","7","","MONITOR LOCATED WITHIN PORTABLE INSTRUMENT SHELTER","13-121-0099","AQS"
"03/17/2011","9","","MONITOR LOCATED WITHIN PORTABLE INSTRUMENT SHELTER","13-121-0099","AQS"
"03/18/2011","11","","South DeKalb","13-089-0002","AQS"
"03/19/2011","7","","South DeKalb","13-089-0002","AQS"
"03/20/2011","5","","MONITOR LOCATED WITHIN PORTABLE INSTRUMENT SHELTER","13-121-0099","AQS"
"03/21/2011","7","","MONITOR LOCATED WITHIN PORTABLE INSTRUMENT SHELTER","13-121-0099","AQS"
"03/22/2011","8","","MONITOR LOCATED WITHIN PORTABLE INSTRUMENT SHELTER","13-121-0099","AQS"
"03/23/2011","3","","South DeKalb","13-089-0002","AQS"
"03/24/2011","2","","South DeKalb","13-089-0002","AQS"
"03/25/2011","5","","South DeKalb","13-089-0002","AQS"
"03/26/2011","9","","South DeKalb","13-089-0002","AQS"
"03/27/2011","6","","MONITOR LOCATED WITHIN PORTABLE INSTRUMENT SHELTER","13-121-0099","AQS"
"03/28/2011","6","","MONITOR LOCATED WITHIN PORTABLE INSTRUMENT SHELTER","13-121-0099","AQS"
"03/29/2011","7","","MONITOR LOCATED WITHIN PORTABLE INSTRUMENT SHELTER","13-121-0099","AQS"
"03/30/2011","8","","MONITOR LOCATED WITHIN PORTABLE INSTRUMENT SHELTER","13-121-0099","AQS"
"03/31/2011","5","","South DeKalb","13-089-0002","AQS"
"04/01/2011","5","","South DeKalb","13-089-0002","AQS"
"04/02/2011","6","","South DeKalb","13-089-0002","AQS"
"04/03/2011","7","","South DeKalb","13-089-0002","AQS"
"04/04/2011","6","","MONITOR LOCATED WITHIN PORTABLE INSTRUMENT SHELTER","13-121-0099","AQS"
"04/05/2011","3","","South DeKalb","13-089-0002","AQS"
"04/06/2011","8","","MONITOR LOCATED WITHIN PORTABLE INSTRUMENT SHELTER","13-121-0099","AQS"
"04/07/2011","8","","South DeKalb","13-089-0002","AQS"
"04/08/2011","7","","South DeKalb","13-089-0002","AQS"
"04/09/2011","7","","South DeKalb","13-089-0002","AQS"
"04/10/2011","9","","South DeKalb","13-089-0002","AQS"
"04/11/2011","7","","South DeKalb","13-089-0002","AQS"
"04/12/2011","5","","MONITOR LOCATED WITHIN PORTABLE INSTRUMENT SHELTER","13-121-0099","AQS"
"04/13/2011","7","","MONITOR LOCATED WITHIN PORTABLE INSTRUMENT SHELTER","13-121-0099","AQS"
"04/14/2011","9","","MONITOR LOCATED WITHIN PORTABLE INSTRUMENT SHELTER","13-121-0099","AQS"
"04/15/2011","6","","MONITOR LOCATED WITHIN PORTABLE INSTRUMENT SHELTER","13-121-0099","AQS"
"04/16/2011","3","","MONITOR LOCATED WITHIN PORTABLE INSTRUMENT SHELTER","13-121-0099","AQS"
"04/17/2011","5","","South DeKalb","13-089-0002","AQS"
"04/18/2011","9","","South DeKalb","13-089-0002","AQS"
"04/19/2011","8","","MONITOR LOCATED WITHIN PORTABLE INSTRUMENT SHELTER","13-121-0099","AQS"
"04/20/2011","6","","MONITOR LOCATED WITHIN PORTABLE INSTRUMENT SHELTER","13-121-0099","AQS"
"04/21/2011","6","","MONITOR LOCATED WITHIN PORTABLE INSTRUMENT SHELTER","13-121-0099","AQS"
"04/22/2011","6","","South DeKalb","13-089-0002","AQS"
"04/23/2011","7","","MONITOR LOCATED WITHIN PORTABLE INSTRUMENT SHELTER","13-121-0099","AQS"
"04/24/2011","7","","South DeKalb","13-089-0002","AQS"
"04/25/2011","7","","South DeKalb","13-089-0002","AQS"
"04/26/2011","6","","MONITOR LOCATED WITHIN PORTABLE INSTRUMENT SHELTER","13-121-0099","AQS"
"04/27/2011","6","","MONITOR LOCATED WITHIN PORTABLE INSTRUMENT SHELTER","13-121-0099","AQS"
"04/28/2011","3","","MONITOR LOCATED WITHIN PORTABLE INSTRUMENT SHELTER","13-121-0099","AQS"
"04/29/2011","5","","South DeKalb","13-089-0002","AQS"
"04/30/2011","9","","South DeKalb","13-089-0002","AQS"
"05/01/2011","7","","MONITOR LOCATED WITHIN PORTABLE INSTRUMENT SHELTER","13-121-0099","AQS"
"05/02/2011","7","","MONITOR LOCATED WITHIN PORTABLE INSTRUMENT SHELTER","13-121-0099","AQS"
"05/03/2011","6","","MONITOR LOCATED WITHIN PORTABLE INSTRUMENT SHELTER","13-121-0099","AQS"
"05/04/2011","5","","MONITOR LOCATED WITHIN PORTABLE INSTRUMENT SHELTER","13-121-0099","AQS"
"05/05/2011","7","","MONITOR LOCATED WITHIN PORTABLE INSTRUMENT SHELTER","13-121-0099","AQS"
"05/06/2011","7","","South DeKalb","13-089-0002","AQS"
"05/07/2011","9","","South DeKalb","13-089-0002","AQS"
"05/08/2011","8","","South DeKalb","13-089-0002","AQS"
"05/09/2011","7","","MONITOR LOCATED WITHIN PORTABLE INSTRUMENT SHELTER","13-121-0099","AQS"
"05/10/2011","8","","South DeKalb","13-089-0002","AQS"
"05/11/2011","7","","South DeKalb","13-089-0002","AQS"
"05/12/2011","10","","MONITOR LOCATED WITHIN PORTABLE INSTRUMENT SHELTER","13-121-0099","AQS"
"05/13/2011","6","","South DeKalb","13-089-0002","AQS"
"05/14/2011","5","","MONITOR LOCATED WITHIN PORTABLE INSTRUMENT SHELTER","13-121-0099","AQS"
"05/15/2011","3","","MONITOR LOCATED WITHIN PORTABLE INSTRUMENT SHELTER","13-121-0099","AQS"
"05/16/2011","3","","MONITOR LOCATED WITHIN PORTABLE INSTRUMENT SHELTER","13-121-0099","AQS"
"05/17/2011","5","","MONITOR LOCATED WITHIN PORTABLE INSTRUMENT SHELTER","13-121-0099","AQS"
"05/18/2011","5","","MONITOR LOCATED WITHIN PORTABLE INSTRUMENT SHELTER","13-121-0099","AQS"
"05/19/2011","7","","South DeKalb","13-089-0002","AQS"
"05/20/2011","9","","South DeKalb","13-089-0002","AQS"
"05/21/2011","9","","South DeKalb","13-089-0002","AQS"
"05/22/2011","8","","South DeKalb","13-089-0002","AQS"
"05/23/2011","7","","South DeKalb","13-089-0002","AQS"
"05/24/2011","7","","MONITOR LOCATED WITHIN PORTABLE INSTRUMENT SHELTER","13-121-0099","AQS"
"05/25/2011","7","","South DeKalb","13-089-0002","AQS"
"05/26/2011","6","","MONITOR LOCATED WITHIN PORTABLE INSTRUMENT SHELTER","13-121-0099","AQS"
"05/27/2011","7","","MONITOR LOCATED WITHIN PORTABLE INSTRUMENT SHELTER","13-121-0099","AQS"
"05/28/2011","9","","South DeKalb","13-089-0002","AQS"
"05/29/2011","8","","South DeKalb","13-089-0002","AQS"
"05/30/2011","7","","MONITOR LOCATED WITHIN PORTABLE INSTRUMENT SHELTER","13-121-0099","AQS"
"05/31/2011","8","","South DeKalb","13-089-0002","AQS"
"06/01/2011","8","","South DeKalb","13-089-0002","AQS"
"06/02/2011","9","","South DeKalb","13-089-0002","AQS"
"06/03/2011","8","","South DeKalb","13-089-0002","AQS"
"06/04/2011","6","","South DeKalb","13-089-0002","AQS"
"06/05/2011","9","","South DeKalb","13-089-0002","AQS"
"06/06/2011","6","","MONITOR LOCATED WITHIN PORTABLE INSTRUMENT SHELTER","13-121-0099","AQS"
"06/07/2011","8","","MONITOR LOCATED WITHIN PORTABLE INSTRUMENT SHELTER","13-121-0099","AQS"
"06/08/2011","7","","MONITOR LOCATED WITHIN PORTABLE INSTRUMENT SHELTER","13-121-0099","AQS"
"06/09/2011","6","","South DeKalb","13-089-0002","AQS"
"06/10/2011","7","","MONITOR LOCATED WITHIN PORTABLE INSTRUMENT SHELTER","13-121-0099","AQS"
"06/11/2011","7","","MONITOR LOCATED WITHIN PORTABLE INSTRUMENT SHELTER","13-121-0099","AQS"
"06/12/2011","7","","South DeKalb","13-089-0002","AQS"
"06/13/2011","6","","South DeKalb","13-089-0002","AQS"
"06/14/2011","6","","MONITOR LOCATED WITHIN PORTABLE INSTRUMENT SHELTER","13-121-0099","AQS"
"06/15/2011","6","","MONITOR LOCATED WITHIN PORTABLE INSTRUMENT SHELTER","13-121-0099","AQS"
"06/16/2011","7","","MONITOR LOCATED WITHIN PORTABLE INSTRUMENT SHELTER","13-121-0099","AQS"
"06/17/2011","7","","South DeKalb","13-089-0002","AQS"
"06/18/2011","5","","MONITOR LOCATED WITHIN PORTABLE INSTRUMENT SHELTER","13-121-0099","AQS"
"06/19/2011","6","","MONITOR LOCATED WITHIN PORTABLE INSTRUMENT SHELTER","13-121-0099","AQS"
"06/20/2011","5","","MONITOR LOCATED WITHIN PORTABLE INSTRUMENT SHELTER","13-121-0099","AQS"
"06/21/2011","6","","MONITOR LOCATED WITHIN PORTABLE INSTRUMENT SHELTER","13-121-0099","AQS"
"06/22/2011","5","","MONITOR LOCATED WITHIN PORTABLE INSTRUMENT SHELTER","13-121-0099","AQS"
"06/23/2011","6","","MONITOR LOCATED WITHIN PORTABLE INSTRUMENT SHELTER","13-121-0099","AQS"
"06/24/2011","6","","MONITOR LOCATED WITHIN PORTABLE INSTRUMENT SHELTER","13-121-0099","AQS"
"06/25/2011","6","","MONITOR LOCATED WITHIN PORTABLE INSTRUMENT SHELTER","13-121-0099","AQS"
"06/26/2011","8","","South DeKalb","13-089-0002","AQS"
"06/27/2011","6","","MONITOR LOCATED WITHIN PORTABLE INSTRUMENT SHELTER","13-121-0099","AQS"
"06/28/2011","6","","MONITOR LOCATED WITHIN PORTABLE INSTRUMENT SHELTER","13-121-0099","AQS"
"06/29/2011","6","","MONITOR LOCATED WITHIN PORTABLE INSTRUMENT SHELTER","13-121-0099","AQS"
"06/30/2011","7","","MONITOR LOCATED WITHIN PORTABLE INSTRUMENT SHELTER","13-121-0099","AQS"
"07/01/2011","8","","MONITOR LOCATED WITHIN PORTABLE INSTRUMENT SHELTER","13-121-0099","AQS"
"07/02/2011","7","","South DeKalb","13-089-0002","AQS"
"07/03/2011","6","","MONITOR LOCATED WITHIN PORTABLE INSTRUMENT SHELTER","13-121-0099","AQS"
"07/04/2011","6","","MONITOR LOCATED WITHIN PORTABLE INSTRUMENT SHELTER","13-121-0099","AQS"
"07/05/2011","7","","MONITOR LOCATED WITHIN PORTABLE INSTRUMENT SHELTER","13-121-0099","AQS"
"07/06/2011","6","","South DeKalb","13-089-0002","AQS"
"07/07/2011","8","","MONITOR LOCATED WITHIN PORTABLE INSTRUMENT SHELTER","13-121-0099","AQS"
"07/08/2011","7","","MONITOR LOCATED WITHIN PORTABLE INSTRUMENT SHELTER","13-121-0099","AQS"
"07/09/2011","7","","MONITOR LOCATED WITHIN PORTABLE INSTRUMENT SHELTER","13-121-0099","AQS"
"07/10/2011","6","","MONITOR LOCATED WITHIN PORTABLE INSTRUMENT SHELTER","13-121-0099","AQS"
"07/11/2011","7","","MONITOR LOCATED WITHIN PORTABLE INSTRUMENT SHELTER","13-121-0099","AQS"
"07/12/2011","7","","MONITOR LOCATED WITHIN PORTABLE INSTRUMENT SHELTER","13-121-0099","AQS"
"07/13/2011","6","","South DeKalb","13-089-0002","AQS"
"07/14/2011","6","","MONITOR LOCATED WITHIN PORTABLE INSTRUMENT SHELTER","13-121-0099","AQS"
"07/15/2011","6","","MONITOR LOCATED WITHIN PORTABLE INSTRUMENT SHELTER","13-121-0099","AQS"
"07/16/2011","5","","MONITOR LOCATED WITHIN PORTABLE INSTRUMENT SHELTER","13-121-0099","AQS"
"07/17/2011","5","","MONITOR LOCATED WITHIN PORTABLE INSTRUMENT SHELTER","13-121-0099","AQS"
"07/18/2011","7","","South DeKalb","13-089-0002","AQS"
"07/19/2011","5","","South DeKalb","13-089-0002","AQS"
"07/20/2011","6","","South DeKalb","13-089-0002","AQS"
"07/21/2011","6","","MONITOR LOCATED WITHIN PORTABLE INSTRUMENT SHELTER","13-121-0099","AQS"
"07/22/2011","8","","South DeKalb","13-089-0002","AQS"
"07/23/2011","6","","South DeKalb","13-089-0002","AQS"
"07/24/2011","3","","MONITOR LOCATED WITHIN PORTABLE INSTRUMENT SHELTER","13-121-0099","AQS"
"07/25/2011","6","","MONITOR LOCATED WITHIN PORTABLE INSTRUMENT SHELTER","13-121-0099","AQS"
"07/26/2011","6","","MONITOR LOCATED WITHIN PORTABLE INSTRUMENT SHELTER","13-121-0099","AQS"
"07/27/2011","7","","MONITOR LOCATED WITHIN PORTABLE INSTRUMENT SHELTER","13-121-0099","AQS"
"07/28/2011","6","","MONITOR LOCATED WITHIN PORTABLE INSTRUMENT SHELTER","13-121-0099","AQS"
"07/29/2011","5","","MONITOR LOCATED WITHIN PORTABLE INSTRUMENT SHELTER","13-121-0099","AQS"
"07/30/2011","3","","South DeKalb","13-089-0002","AQS"
"07/31/2011","5","","MONITOR LOCATED WITHIN PORTABLE INSTRUMENT SHELTER","13-121-0099","AQS"
"08/01/2011","6","","MONITOR LOCATED WITHIN PORTABLE INSTRUMENT SHELTER","13-121-0099","AQS"
"08/02/2011","7","","MONITOR LOCATED WITHIN PORTABLE INSTRUMENT SHELTER","13-121-0099","AQS"
"08/03/2011","7","","South DeKalb","13-089-0002","AQS"
"08/04/2011","6","","South DeKalb","13-089-0002","AQS"
"08/05/2011","7","","MONITOR LOCATED WITHIN PORTABLE INSTRUMENT SHELTER","13-121-0099","AQS"
"08/06/2011","6","","MONITOR LOCATED WITHIN PORTABLE INSTRUMENT SHELTER","13-121-0099","AQS"
"08/07/2011","6","","MONITOR LOCATED WITHIN PORTABLE INSTRUMENT SHELTER","13-121-0099","AQS"
"08/08/2011","6","","MONITOR LOCATED WITHIN PORTABLE INSTRUMENT SHELTER","13-121-0099","AQS"
"08/09/2011","5","","MONITOR LOCATED WITHIN PORTABLE INSTRUMENT SHELTER","13-121-0099","AQS"
"08/10/2011","5","","South DeKalb","13-089-0002","AQS"
"08/11/2011","6","","South DeKalb","13-089-0002","AQS"
"08/12/2011","7","","MONITOR LOCATED WITHIN PORTABLE INSTRUMENT SHELTER","13-121-0099","AQS"
"08/13/2011","6","","MONITOR LOCATED WITHIN PORTABLE INSTRUMENT SHELTER","13-121-0099","AQS"
"08/14/2011","5","","MONITOR LOCATED WITHIN PORTABLE INSTRUMENT SHELTER","13-121-0099","AQS"
"08/15/2011","3","","South DeKalb","13-089-0002","AQS"
"08/16/2011","6","","MONITOR LOCATED WITHIN PORTABLE INSTRUMENT SHELTER","13-121-0099","AQS"
"08/17/2011","8","","South DeKalb","13-089-0002","AQS"
"08/18/2011","7","","MONITOR LOCATED WITHIN PORTABLE INSTRUMENT SHELTER","13-121-0099","AQS"
"08/19/2011","8","","MONITOR LOCATED WITHIN PORTABLE INSTRUMENT SHELTER","13-121-0099","AQS"
"08/20/2011","7","","MONITOR LOCATED WITHIN PORTABLE INSTRUMENT SHELTER","13-121-0099","AQS"
"08/21/2011","6","","MONITOR LOCATED WITHIN PORTABLE INSTRUMENT SHELTER","13-121-0099","AQS"
"08/22/2011","6","","MONITOR LOCATED WITHIN PORTABLE INSTRUMENT SHELTER","13-121-0099","AQS"
"08/23/2011","6","","MONITOR LOCATED WITHIN PORTABLE INSTRUMENT SHELTER","13-121-0099","AQS"
"08/24/2011","7","","MONITOR LOCATED WITHIN PORTABLE INSTRUMENT SHELTER","13-121-0099","AQS"
"08/25/2011","7","","MONITOR LOCATED WITHIN PORTABLE INSTRUMENT SHELTER","13-121-0099","AQS"
"08/26/2011","8","","MONITOR LOCATED WITHIN PORTABLE INSTRUMENT SHELTER","13-121-0099","AQS"
"08/27/2011","6","","South DeKalb","13-089-0002","AQS"
"08/28/2011","3","","MONITOR LOCATED WITHIN PORTABLE INSTRUMENT SHELTER","13-121-0099","AQS"
"08/29/2011","6","","MONITOR LOCATED WITHIN PORTABLE INSTRUMENT SHELTER","13-121-0099","AQS"
"08/30/2011","6","","MONITOR LOCATED WITHIN PORTABLE INSTRUMENT SHELTER","13-121-0099","AQS"
"08/31/2011","7","","MONITOR LOCATED WITHIN PORTABLE INSTRUMENT SHELTER","13-121-0099","AQS"
"09/01/2011","7","","MONITOR LOCATED WITHIN PORTABLE INSTRUMENT SHELTER","13-121-0099","AQS"
"09/02/2011","8","","South DeKalb","13-089-0002","AQS"
"09/03/2011","9","","South DeKalb","13-089-0002","AQS"
"09/04/2011","6","","South DeKalb","13-089-0002","AQS"
"09/05/2011","6","","MONITOR LOCATED WITHIN PORTABLE INSTRUMENT SHELTER","13-121-0099","AQS"
"09/06/2011","5","","MONITOR LOCATED WITHIN PORTABLE INSTRUMENT SHELTER","13-121-0099","AQS"
"09/07/2011","3","","South DeKalb","13-089-0002","AQS"
"09/08/2011","3","","South DeKalb","13-089-0002","AQS"
"09/09/2011","5","","South DeKalb","13-089-0002","AQS"
"09/10/2011","9","","South DeKalb","13-089-0002","AQS"
"09/11/2011","9","","South DeKalb","13-089-0002","AQS"
"09/12/2011","8","","South DeKalb","13-089-0002","AQS"
"09/13/2011","8","","South DeKalb","13-089-0002","AQS"
"09/14/2011","8","","South DeKalb","13-089-0002","AQS"
"09/15/2011","8","","South DeKalb","13-089-0002","AQS"
"09/16/2011","5","","MONITOR LOCATED WITHIN PORTABLE INSTRUMENT SHELTER","13-121-0099","AQS"
"09/17/2011","6","","MONITOR LOCATED WITHIN PORTABLE INSTRUMENT SHELTER","13-121-0099","AQS"
"09/18/2011","5","","MONITOR LOCATED WITHIN PORTABLE INSTRUMENT SHELTER","13-121-0099","AQS"
"09/19/2011","6","","MONITOR LOCATED WITHIN PORTABLE INSTRUMENT SHELTER","13-121-0099","AQS"
"09/20/2011","6","","MONITOR LOCATED WITHIN PORTABLE INSTRUMENT SHELTER","13-121-0099","AQS"
"09/21/2011","6","","MONITOR LOCATED WITHIN PORTABLE INSTRUMENT SHELTER","13-121-0099","AQS"
"09/22/2011","7","","MONITOR LOCATED WITHIN PORTABLE INSTRUMENT SHELTER","13-121-0099","AQS"
"09/23/2011","6","","MONITOR LOCATED WITHIN PORTABLE INSTRUMENT SHELTER","13-121-0099","AQS"
"09/24/2011","6","","South DeKalb","13-089-0002","AQS"
"09/25/2011","9","","South DeKalb","13-089-0002","AQS"
"09/26/2011","6","","MONITOR LOCATED WITHIN PORTABLE INSTRUMENT SHELTER","13-121-0099","AQS"
"09/27/2011","5","","MONITOR LOCATED WITHIN PORTABLE INSTRUMENT SHELTER","13-121-0099","AQS"
"09/28/2011","6","","MONITOR LOCATED WITHIN PORTABLE INSTRUMENT SHELTER","13-121-0099","AQS"
"09/29/2011","6","","South DeKalb","13-089-0002","AQS"
"09/30/2011","6","","South DeKalb","13-089-0002","AQS"
"10/01/2011","2","","South DeKalb","13-089-0002","AQS"
"10/02/2011","3","","MONITOR LOCATED WITHIN PORTABLE INSTRUMENT SHELTER","13-121-0099","AQS"
"10/03/2011","5","","South DeKalb","13-089-0002","AQS"
"10/04/2011","8","","MONITOR LOCATED WITHIN PORTABLE INSTRUMENT SHELTER","13-121-0099","AQS"
"10/05/2011","10","","MONITOR LOCATED WITHIN PORTABLE INSTRUMENT SHELTER","13-121-0099","AQS"
"10/06/2011","9","","South DeKalb","13-089-0002","AQS"
"10/07/2011","6","","MONITOR LOCATED WITHIN PORTABLE INSTRUMENT SHELTER","13-121-0099","AQS"
"10/08/2011","5","","MONITOR LOCATED WITHIN PORTABLE INSTRUMENT SHELTER","13-121-0099","AQS"
"10/09/2011","3","","MONITOR LOCATED WITHIN PORTABLE INSTRUMENT SHELTER","13-121-0099","AQS"
"10/10/2011","5","","MONITOR LOCATED WITHIN PORTABLE INSTRUMENT SHELTER","13-121-0099","AQS"
"10/11/2011","5","","MONITOR LOCATED WITHIN PORTABLE INSTRUMENT SHELTER","13-121-0099","AQS"
"10/12/2011","5","","MONITOR LOCATED WITHIN PORTABLE INSTRUMENT SHELTER","13-121-0099","AQS"
"10/13/2011","5","","MONITOR LOCATED WITHIN PORTABLE INSTRUMENT SHELTER","13-121-0099","AQS"
"10/14/2011","5","","South DeKalb","13-089-0002","AQS"
"10/15/2011","6","","MONITOR LOCATED WITHIN PORTABLE INSTRUMENT SHELTER","13-121-0099","AQS"
"10/16/2011","7","","South DeKalb","13-089-0002","AQS"
"10/17/2011","10","","South DeKalb","13-089-0002","AQS"
"10/18/2011","10","","MONITOR LOCATED WITHIN PORTABLE INSTRUMENT SHELTER","13-121-0099","AQS"
"10/19/2011","3","","MONITOR LOCATED WITHIN PORTABLE INSTRUMENT SHELTER","13-121-0099","AQS"
"10/20/2011","3","","South DeKalb","13-089-0002","AQS"
"10/21/2011","5","","South DeKalb","13-089-0002","AQS"
"10/22/2011","7","","South DeKalb","13-089-0002","AQS"
"10/23/2011","11","","South DeKalb","13-089-0002","AQS"
"10/24/2011","8","","South DeKalb","13-089-0002","AQS"
"10/25/2011","9","","MONITOR LOCATED WITHIN PORTABLE INSTRUMENT SHELTER","13-121-0099","AQS"
"10/26/2011","10","","MONITOR LOCATED WITHIN PORTABLE INSTRUMENT SHELTER","13-121-0099","AQS"
"10/27/2011","8","","South DeKalb","13-089-0002","AQS"
"10/28/2011","8","","MONITOR LOCATED WITHIN PORTABLE INSTRUMENT SHELTER","13-121-0099","AQS"
"10/29/2011","5","","MONITOR LOCATED WITHIN PORTABLE INSTRUMENT SHELTER","13-121-0099","AQS"
"10/30/2011","8","","MONITOR LOCATED WITHIN PORTABLE INSTRUMENT SHELTER","13-121-0099","AQS"
"10/31/2011","8","","South DeKalb","13-089-0002","AQS"
"11/01/2011","11","","South DeKalb","13-089-0002","AQS"
"11/02/2011","9","","South DeKalb","13-089-0002","AQS"
"11/03/2011","8","","MONITOR LOCATED WITHIN PORTABLE INSTRUMENT SHELTER","13-121-0099","AQS"
"11/04/2011","5","","MONITOR LOCATED WITHIN PORTABLE INSTRUMENT SHELTER","13-121-0099","AQS"
"11/05/2011","6","","South DeKalb","13-089-0002","AQS"
"11/06/2011","8","","MONITOR LOCATED WITHIN PORTABLE INSTRUMENT SHELTER","13-121-0099","AQS"
"11/07/2011","9","","MONITOR LOCATED WITHIN PORTABLE INSTRUMENT SHELTER","13-121-0099","AQS"
"11/08/2011","9","","South DeKalb","13-089-0002","AQS"
"11/09/2011","9","","MONITOR LOCATED WITHIN PORTABLE INSTRUMENT SHELTER","13-121-0099","AQS"
"11/10/2011","6","","MONITOR LOCATED WITHIN PORTABLE INSTRUMENT SHELTER","13-121-0099","AQS"
"11/11/2011","8","","MONITOR LOCATED WITHIN PORTABLE INSTRUMENT SHELTER","13-121-0099","AQS"
"11/12/2011","13","","South DeKalb","13-089-0002","AQS"
"11/13/2011","9","","MONITOR LOCATED WITHIN PORTABLE INSTRUMENT SHELTER","13-121-0099","AQS"
"11/14/2011","6","","MONITOR LOCATED WITHIN PORTABLE INSTRUMENT SHELTER","13-121-0099","AQS"
"11/15/2011","7","","MONITOR LOCATED WITHIN PORTABLE INSTRUMENT SHELTER","13-121-0099","AQS"
"11/16/2011","6","","MONITOR LOCATED WITHIN PORTABLE INSTRUMENT SHELTER","13-121-0099","AQS"
"11/17/2011","3","","MONITOR LOCATED WITHIN PORTABLE INSTRUMENT SHELTER","13-121-0099","AQS"
"11/18/2011","5","","MONITOR LOCATED WITHIN PORTABLE INSTRUMENT SHELTER","13-121-0099","AQS"
"11/19/2011","6","","MONITOR LOCATED WITHIN PORTABLE INSTRUMENT SHELTER","13-121-0099","AQS"
"11/20/2011","8","","MONITOR LOCATED WITHIN PORTABLE INSTRUMENT SHELTER","13-121-0099","AQS"
"11/21/2011","11","","South DeKalb","13-089-0002","AQS"
"11/22/2011","10","","South DeKalb","13-089-0002","AQS"
"11/23/2011","5","","MONITOR LOCATED WITHIN PORTABLE INSTRUMENT SHELTER","13-121-0099","AQS"
"11/24/2011","8","","South DeKalb","13-089-0002","AQS"
"11/25/2011","13","","South DeKalb","13-089-0002","AQS"
"11/26/2011","10","","South DeKalb","13-089-0002","AQS"
"11/27/2011","6","","MONITOR LOCATED WITHIN PORTABLE INSTRUMENT SHELTER","13-121-0099","AQS"
"11/28/2011","5","","MONITOR LOCATED WITHIN PORTABLE INSTRUMENT SHELTER","13-121-0099","AQS"
"11/29/2011","5","","MONITOR LOCATED WITHIN PORTABLE INSTRUMENT SHELTER","13-121-0099","AQS"
"11/30/2011","3","","South DeKalb","13-089-0002","AQS"
"12/01/2011","11","","MONITOR LOCATED WITHIN PORTABLE INSTRUMENT SHELTER","13-121-0099","AQS"
"12/02/2011","15","","South DeKalb","13-089-0002","AQS"
"12/03/2011","17","","South DeKalb","13-089-0002","AQS"
"12/04/2011","8","","MONITOR LOCATED WITHIN PORTABLE INSTRUMENT SHELTER","13-121-0099","AQS"
"12/05/2011","6","","MONITOR LOCATED WITHIN PORTABLE INSTRUMENT SHELTER","13-121-0099","AQS"
"12/06/2011","7","","MONITOR LOCATED WITHIN PORTABLE INSTRUMENT SHELTER","13-121-0099","AQS"
"12/07/2011","6","","MONITOR LOCATED WITHIN PORTABLE INSTRUMENT SHELTER","13-121-0099","AQS"
"12/08/2011","9","","MONITOR LOCATED WITHIN PORTABLE INSTRUMENT SHELTER","13-121-0099","AQS"
"12/09/2011","9","","South DeKalb","13-089-0002","AQS"
"12/10/2011","8","","South DeKalb","13-089-0002","AQS"
"12/11/2011","6","","South DeKalb","13-089-0002","AQS"
"12/12/2011","7","","MONITOR LOCATED WITHIN PORTABLE INSTRUMENT SHELTER","13-121-0099","AQS"
"12/13/2011","10","","MONITOR LOCATED WITHIN PORTABLE INSTRUMENT SHELTER","13-121-0099","AQS"
"12/14/2011","17","","South DeKalb","13-089-0002","AQS"
"12/15/2011","6","","MONITOR LOCATED WITHIN PORTABLE INSTRUMENT SHELTER","13-121-0099","AQS"
"12/16/2011","5","","South DeKalb","13-089-0002","AQS"
"12/17/2011","5","","South DeKalb","13-089-0002","AQS"
"12/18/2011","7","","MONITOR LOCATED WITHIN PORTABLE INSTRUMENT SHELTER","13-121-0099","AQS"
"12/19/2011","13","","MONITOR LOCATED WITHIN PORTABLE INSTRUMENT SHELTER","13-121-0099","AQS"
"12/20/2011","13","","MONITOR LOCATED WITHIN PORTABLE INSTRUMENT SHELTER","13-121-0099","AQS"
"12/21/2011","7","","MONITOR LOCATED WITHIN PORTABLE INSTRUMENT SHELTER","13-121-0099","AQS"
"12/22/2011","7","","MONITOR LOCATED WITHIN PORTABLE INSTRUMENT SHELTER","13-121-0099","AQS"
"12/23/2011","3","","South DeKalb","13-089-0002","AQS"
"12/24/2011","7","","MONITOR LOCATED WITHIN PORTABLE INSTRUMENT SHELTER","13-121-0099","AQS"
"12/25/2011","9","","South DeKalb","13-089-0002","AQS"
"12/26/2011","6","","MONITOR LOCATED WITHIN PORTABLE INSTRUMENT SHELTER","13-121-0099","AQS"
"12/27/2011","5","","MONITOR LOCATED WITHIN PORTABLE INSTRUMENT SHELTER","13-121-0099","AQS"
"12/28/2011","7","","South DeKalb","13-089-0002","AQS"
"12/29/2011","13","","South DeKalb","13-089-0002","AQS"
"12/30/2011","14","","MONITOR LOCATED WITHIN PORTABLE INSTRUMENT SHELTER","13-121-0099","AQS"
"12/31/2011","9","","MONITOR LOCATED WITHIN PORTABLE INSTRUMENT SHELTER","13-121-0099","AQS"
"01/01/2012","16","","South DeKalb","13-089-0002","AQS"
"01/02/2012","2","","South DeKalb","13-089-0002","AQS"
"01/03/2012","3","","MONITOR LOCATED WITHIN PORTABLE INSTRUMENT SHELTER","13-121-0099","AQS"
"01/04/2012","6","","MONITOR LOCATED WITHIN PORTABLE INSTRUMENT SHELTER","13-121-0099","AQS"
"01/05/2012","8","","MONITOR LOCATED WITHIN PORTABLE INSTRUMENT SHELTER","13-121-0099","AQS"
"01/06/2012","16","","South DeKalb","13-089-0002","AQS"
"01/07/2012","14","","South DeKalb","13-089-0002","AQS"
"01/08/2012","8","","South DeKalb","13-089-0002","AQS"
"01/09/2012","10","","South DeKalb","13-089-0002","AQS"
"01/10/2012","8","","South DeKalb","13-089-0002","AQS"
"01/11/2012","6","","MONITOR LOCATED WITHIN PORTABLE INSTRUMENT SHELTER","13-121-0099","AQS"
"01/12/2012","5","","MONITOR LOCATED WITHIN PORTABLE INSTRUMENT SHELTER","13-121-0099","AQS"
"01/13/2012","2","","South DeKalb","13-089-0002","AQS"
"01/14/2012","3","","South DeKalb","13-089-0002","AQS"
"01/15/2012","6","","South DeKalb","13-089-0002","AQS"
"01/16/2012","11","","South DeKalb","13-089-0002","AQS"
"01/17/2012","9","","MONITOR LOCATED WITHIN PORTABLE INSTRUMENT SHELTER","13-121-0099","AQS"
"01/18/2012","3","","South DeKalb","13-089-0002","AQS"
"01/19/2012","10","","MONITOR LOCATED WITHIN PORTABLE INSTRUMENT SHELTER","13-121-0099","AQS"
"01/20/2012","11","","MONITOR LOCATED WITHIN PORTABLE INSTRUMENT SHELTER","13-121-0099","AQS"
"01/21/2012","9","","MONITOR LOCATED WITHIN PORTABLE INSTRUMENT SHELTER","13-121-0099","AQS"
"01/22/2012","8","","South DeKalb","13-089-0002","AQS"
"01/23/2012","9","","MONITOR LOCATED WITHIN PORTABLE INSTRUMENT SHELTER","13-121-0099","AQS"
"01/24/2012","9","","MONITOR LOCATED WITHIN PORTABLE INSTRUMENT SHELTER","13-121-0099","AQS"
"01/25/2012","10","","South DeKalb","13-089-0002","AQS"
"01/26/2012","7","","MONITOR LOCATED WITHIN PORTABLE INSTRUMENT SHELTER","13-121-0099","AQS"
"01/27/2012","5","","South DeKalb","13-089-0002","AQS"
"01/28/2012","9","","MONITOR LOCATED WITHIN PORTABLE INSTRUMENT SHELTER","13-121-0099","AQS"
"01/29/2012","7","","MONITOR LOCATED WITHIN PORTABLE INSTRUMENT SHELTER","13-121-0099","AQS"
"01/30/2012","10","","South DeKalb","13-089-0002","AQS"
"01/31/2012","13","","South DeKalb","13-089-0002","AQS"
"02/01/2012","9","","MONITOR LOCATED WITHIN PORTABLE INSTRUMENT SHELTER","13-121-0099","AQS"
"02/02/2012","8","","MONITOR LOCATED WITHIN PORTABLE INSTRUMENT SHELTER","13-121-0099","AQS"
"02/03/2012","8","","South DeKalb","13-089-0002","AQS"
"02/04/2012","7","","MONITOR LOCATED WITHIN PORTABLE INSTRUMENT SHELTER","13-121-0099","AQS"
"02/05/2012","7","","MONITOR LOCATED WITHIN PORTABLE INSTRUMENT SHELTER","13-121-0099","AQS"
"02/06/2012","7","","South DeKalb","13-089-0002","AQS"
"02/07/2012","9","","South DeKalb","13-089-0002","AQS"
"02/08/2012","10","","South DeKalb","13-089-0002","AQS"
"02/09/2012","8","","MONITOR LOCATED WITHIN PORTABLE INSTRUMENT SHELTER","13-121-0099","AQS"
"02/10/2012","13","","South DeKalb","13-089-0002","AQS"
"02/11/2012","5","","South DeKalb","13-089-0002","AQS"
"02/12/2012","5","","South DeKalb","13-089-0002","AQS"
"02/13/2012","6","","MONITOR LOCATED WITHIN PORTABLE INSTRUMENT SHELTER","13-121-0099","AQS"
"02/14/2012","9","","MONITOR LOCATED WITHIN PORTABLE INSTRUMENT SHELTER","13-121-0099","AQS"
"02/15/2012","10","","MONITOR LOCATED WITHIN PORTABLE INSTRUMENT SHELTER","13-121-0099","AQS"
"02/16/2012","7","","South DeKalb","13-089-0002","AQS"
"02/17/2012","8","","South DeKalb","13-089-0002","AQS"
"02/18/2012","13","","South DeKalb","13-089-0002","AQS"
"02/19/2012","6","","MONITOR LOCATED WITHIN PORTABLE INSTRUMENT SHELTER","13-121-0099","AQS"
"02/20/2012","6","","MONITOR LOCATED WITHIN PORTABLE INSTRUMENT SHELTER","13-121-0099","AQS"
"02/21/2012","6","","MONITOR LOCATED WITHIN PORTABLE INSTRUMENT SHELTER","13-121-0099","AQS"
"02/22/2012","6","","MONITOR LOCATED WITHIN PORTABLE INSTRUMENT SHELTER","13-121-0099","AQS"
"02/23/2012","5","","MONITOR LOCATED WITHIN PORTABLE INSTRUMENT SHELTER","13-121-0099","AQS"
"02/24/2012","3","","MONITOR LOCATED WITHIN PORTABLE INSTRUMENT SHELTER","13-121-0099","AQS"
"02/25/2012","5","","MONITOR LOCATED WITHIN PORTABLE INSTRUMENT SHELTER","13-121-0099","AQS"
"02/26/2012","8","","South DeKalb","13-089-0002","AQS"
"02/27/2012","6","","South DeKalb","13-089-0002","AQS"
"02/28/2012","10","","South DeKalb","13-089-0002","AQS"
"02/29/2012","6","","MONITOR LOCATED WITHIN PORTABLE INSTRUMENT SHELTER","13-121-0099","AQS"
"03/01/2012","3","","South DeKalb","13-089-0002","AQS"
"03/02/2012","5","","MONITOR LOCATED WITHIN PORTABLE INSTRUMENT SHELTER","13-121-0099","AQS"
"03/03/2012","3","","South DeKalb","13-089-0002","AQS"
"03/04/2012","5","","South DeKalb","13-089-0002","AQS"
"03/05/2012","5","","South DeKalb","13-089-0002","AQS"
"03/06/2012","6","","South DeKalb","13-089-0002","AQS"
"03/07/2012","8","","MONITOR LOCATED WITHIN PORTABLE INSTRUMENT SHELTER","13-121-0099","AQS"
"03/08/2012","8","","MONITOR LOCATED WITHIN PORTABLE INSTRUMENT SHELTER","13-121-0099","AQS"
"03/09/2012","6","","MONITOR LOCATED WITHIN PORTABLE INSTRUMENT SHELTER","13-121-0099","AQS"
"03/10/2012","6","","MONITOR LOCATED WITHIN PORTABLE INSTRUMENT SHELTER","13-121-0099","AQS"
"03/11/2012","6","","MONITOR LOCATED WITHIN PORTABLE INSTRUMENT SHELTER","13-121-0099","AQS"
"03/12/2012","7","","MONITOR LOCATED WITHIN PORTABLE INSTRUMENT SHELTER","13-121-0099","AQS"
"03/13/2012","7","","MONITOR LOCATED WITHIN PORTABLE INSTRUMENT SHELTER","13-121-0099","AQS"
"03/14/2012","11","","MONITOR LOCATED WITHIN PORTABLE INSTRUMENT SHELTER","13-121-0099","AQS"
"03/15/2012","10","","South DeKalb","13-089-0002","AQS"
"03/16/2012","7","","MONITOR LOCATED WITHIN PORTABLE INSTRUMENT SHELTER","13-121-0099","AQS"
"03/17/2012","9","","South DeKalb","13-089-0002","AQS"
"03/18/2012","11","","South DeKalb","13-089-0002","AQS"
"03/19/2012","9","","South DeKalb","13-089-0002","AQS"
"03/20/2012","9","","South DeKalb","13-089-0002","AQS"
"03/21/2012","6","","MONITOR LOCATED WITHIN PORTABLE INSTRUMENT SHELTER","13-121-0099","AQS"
"03/22/2012","7","","MONITOR LOCATED WITHIN PORTABLE INSTRUMENT SHELTER","13-121-0099","AQS"
"03/23/2012","7","","MONITOR LOCATED WITHIN PORTABLE INSTRUMENT SHELTER","13-121-0099","AQS"
"03/24/2012","5","","MONITOR LOCATED WITHIN PORTABLE INSTRUMENT SHELTER","13-121-0099","AQS"
"03/25/2012","3","","South DeKalb","13-089-0002","AQS"
"03/26/2012","7","","MONITOR LOCATED WITHIN PORTABLE INSTRUMENT SHELTER","13-121-0099","AQS"
"03/27/2012","7","","MONITOR LOCATED WITHIN PORTABLE INSTRUMENT SHELTER","13-121-0099","AQS"
"03/28/2012","7","","MONITOR LOCATED WITHIN PORTABLE INSTRUMENT SHELTER","13-121-0099","AQS"
"03/29/2012","6","","South DeKalb","13-089-0002","AQS"
"03/30/2012","9","","MONITOR LOCATED WITHIN PORTABLE INSTRUMENT SHELTER","13-121-0099","AQS"
"03/31/2012","5","","MONITOR LOCATED WITHIN PORTABLE INSTRUMENT SHELTER","13-121-0099","AQS"
"04/01/2012","5","","South DeKalb","13-089-0002","AQS"
"04/02/2012","6","","South DeKalb","13-089-0002","AQS"
"04/03/2012","7","","MONITOR LOCATED WITHIN PORTABLE INSTRUMENT SHELTER","13-121-0099","AQS"
"04/04/2012","6","","MONITOR LOCATED WITHIN PORTABLE INSTRUMENT SHELTER","13-121-0099","AQS"
"04/05/2012","5","","MONITOR LOCATED WITHIN PORTABLE INSTRUMENT SHELTER","13-121-0099","AQS"
"04/06/2012","7","","MONITOR LOCATED WITHIN PORTABLE INSTRUMENT SHELTER","13-121-0099","AQS"
"04/07/2012","8","","South DeKalb","13-089-0002","AQS"
"04/08/2012","7","","South DeKalb","13-089-0002","AQS"
"04/09/2012","6","","MONITOR LOCATED WITHIN PORTABLE INSTRUMENT SHELTER","13-121-0099","AQS"
"04/10/2012","6","","MONITOR LOCATED WITHIN PORTABLE INSTRUMENT SHELTER","13-121-0099","AQS"
"04/11/2012","3","","MONITOR LOCATED WITHIN PORTABLE INSTRUMENT SHELTER","13-121-0099","AQS"
"04/12/2012","7","","MONITOR LOCATED WITHIN PORTABLE INSTRUMENT SHELTER","13-121-0099","AQS"
"04/13/2012","9","","MONITOR LOCATED WITHIN PORTABLE INSTRUMENT SHELTER","13-121-0099","AQS"
"04/14/2012","8","","MONITOR LOCATED WITHIN PORTABLE INSTRUMENT SHELTER","13-121-0099","AQS"
"04/15/2012","7","","MONITOR LOCATED WITHIN PORTABLE INSTRUMENT SHELTER","13-121-0099","AQS"
"04/16/2012","7","","MONITOR LOCATED WITHIN PORTABLE INSTRUMENT SHELTER","13-121-0099","AQS"
"04/17/2012","8","","MONITOR LOCATED WITHIN PORTABLE INSTRUMENT SHELTER","13-121-0099","AQS"
"04/18/2012","6","","MONITOR LOCATED WITHIN PORTABLE INSTRUMENT SHELTER","13-121-0099","AQS"
"04/19/2012","6","","MONITOR LOCATED WITHIN PORTABLE INSTRUMENT SHELTER","13-121-0099","AQS"
"04/20/2012","7","","MONITOR LOCATED WITHIN PORTABLE INSTRUMENT SHELTER","13-121-0099","AQS"
"04/21/2012","7","","MONITOR LOCATED WITHIN PORTABLE INSTRUMENT SHELTER","13-121-0099","AQS"
"04/22/2012","3","","South DeKalb","13-089-0002","AQS"
"04/23/2012","2","","South DeKalb","13-089-0002","AQS"
"04/24/2012","5","","South DeKalb","13-089-0002","AQS"
"04/25/2012","3","","Yorkville, King Farm","13-223-0003","AQS"
"04/26/2012","3","","Yorkville, King Farm","13-223-0003","AQS"
"04/27/2012","5","","MONITOR LOCATED WITHIN PORTABLE INSTRUMENT SHELTER","13-121-0099","AQS"
"04/28/2012","6","","MONITOR LOCATED WITHIN PORTABLE INSTRUMENT SHELTER","13-121-0099","AQS"
"04/29/2012","8","","South DeKalb","13-089-0002","AQS"
"04/30/2012","8","","South DeKalb","13-089-0002","AQS"
"05/01/2012","7","","MONITOR LOCATED WITHIN PORTABLE INSTRUMENT SHELTER","13-121-0099","AQS"
"05/02/2012","7","","MONITOR LOCATED WITHIN PORTABLE INSTRUMENT SHELTER","13-121-0099","AQS"
"05/03/2012","7","","MONITOR LOCATED WITHIN PORTABLE INSTRUMENT SHELTER","13-121-0099","AQS"
"05/04/2012","7","","MONITOR LOCATED WITHIN PORTABLE INSTRUMENT SHELTER","13-121-0099","AQS"
"05/05/2012","8","","South DeKalb","13-089-0002","AQS"
"05/06/2012","5","","South DeKalb","13-089-0002","AQS"
"05/07/2012","7","","MONITOR LOCATED WITHIN PORTABLE INSTRUMENT SHELTER","13-121-0099","AQS"
"05/08/2012","6","","MONITOR LOCATED WITHIN PORTABLE INSTRUMENT SHELTER","13-121-0099","AQS"
"05/09/2012","5","","South DeKalb","13-089-0002","AQS"
"05/10/2012","5","","South DeKalb","13-089-0002","AQS"
"05/11/2012","7","","South DeKalb","13-089-0002","AQS"
"05/12/2012","7","","MONITOR LOCATED WITHIN PORTABLE INSTRUMENT SHELTER","13-121-0099","AQS"
"05/13/2012","6","","MONITOR LOCATED WITHIN PORTABLE INSTRUMENT SHELTER","13-121-0099","AQS"
"05/14/2012","7","","MONITOR LOCATED WITHIN PORTABLE INSTRUMENT SHELTER","13-121-0099","AQS"
"05/15/2012","6","","South DeKalb","13-089-0002","AQS"
"05/16/2012","6","","MONITOR LOCATED WITHIN PORTABLE INSTRUMENT SHELTER","13-121-0099","AQS"
"05/17/2012","8","","MONITOR LOCATED WITHIN PORTABLE INSTRUMENT SHELTER","13-121-0099","AQS"
"05/18/2012","7","","MONITOR LOCATED WITHIN PORTABLE INSTRUMENT SHELTER","13-121-0099","AQS"
"05/19/2012","7","","MONITOR LOCATED WITHIN PORTABLE INSTRUMENT SHELTER","13-121-0099","AQS"
"05/20/2012","7","","MONITOR LOCATED WITHIN PORTABLE INSTRUMENT SHELTER","13-121-0099","AQS"
"05/21/2012","7","","MONITOR LOCATED WITHIN PORTABLE INSTRUMENT SHELTER","13-121-0099","AQS"
"05/22/2012","5","","MONITOR LOCATED WITHIN PORTABLE INSTRUMENT SHELTER","13-121-0099","AQS"
"05/23/2012","6","","MONITOR LOCATED WITHIN PORTABLE INSTRUMENT SHELTER","13-121-0099","AQS"
"05/24/2012","8","","South DeKalb","13-089-0002","AQS"
"05/25/2012","8","","MONITOR LOCATED WITHIN PORTABLE INSTRUMENT SHELTER","13-121-0099","AQS"
"05/26/2012","10","","South DeKalb","13-089-0002","AQS"
"05/27/2012","7","","South DeKalb","13-089-0002","AQS"
"05/28/2012","5","","MONITOR LOCATED WITHIN PORTABLE INSTRUMENT SHELTER","13-121-0099","AQS"
"05/29/2012","6","","MONITOR LOCATED WITHIN PORTABLE INSTRUMENT SHELTER","13-121-0099","AQS"
"05/30/2012","5","","South DeKalb","13-089-0002","AQS"
"05/31/2012","8","","MONITOR LOCATED WITHIN PORTABLE INSTRUMENT SHELTER","13-121-0099","AQS"
"06/01/2012","6","","MONITOR LOCATED WITHIN PORTABLE INSTRUMENT SHELTER","13-121-0099","AQS"
"06/02/2012","5","","MONITOR LOCATED WITHIN PORTABLE INSTRUMENT SHELTER","13-121-0099","AQS"
"06/03/2012","6","","South DeKalb","13-089-0002","AQS"
"06/04/2012","5","","MONITOR LOCATED WITHIN PORTABLE INSTRUMENT SHELTER","13-121-0099","AQS"
"06/05/2012","7","","MONITOR LOCATED WITHIN PORTABLE INSTRUMENT SHELTER","13-121-0099","AQS"
"06/06/2012","6","","MONITOR LOCATED WITHIN PORTABLE INSTRUMENT SHELTER","13-121-0099","AQS"
"06/07/2012","6","","MONITOR LOCATED WITHIN PORTABLE INSTRUMENT SHELTER","13-121-0099","AQS"
"06/08/2012","7","","MONITOR LOCATED WITHIN PORTABLE INSTRUMENT SHELTER","13-121-0099","AQS"
"06/09/2012","6","","MONITOR LOCATED WITHIN PORTABLE INSTRUMENT SHELTER","13-121-0099","AQS"
"06/10/2012","3","","MONITOR LOCATED WITHIN PORTABLE INSTRUMENT SHELTER","13-121-0099","AQS"
"06/11/2012","6","","MONITOR LOCATED WITHIN PORTABLE INSTRUMENT SHELTER","13-121-0099","AQS"
"06/12/2012","5","","MONITOR LOCATED WITHIN PORTABLE INSTRUMENT SHELTER","13-121-0099","AQS"
"06/13/2012","6","","MONITOR LOCATED WITHIN PORTABLE INSTRUMENT SHELTER","13-121-0099","AQS"
"06/14/2012","6","","MONITOR LOCATED WITHIN PORTABLE INSTRUMENT SHELTER","13-121-0099","AQS"
"06/15/2012","5","","MONITOR LOCATED WITHIN PORTABLE INSTRUMENT SHELTER","13-121-0099","AQS"
"06/16/2012","5","","MONITOR LOCATED WITHIN PORTABLE INSTRUMENT SHELTER","13-121-0099","AQS"
"06/17/2012","6","","South DeKalb","13-089-0002","AQS"
"06/18/2012","7","","South DeKalb","13-089-0002","AQS"
"06/19/2012","7","","MONITOR LOCATED WITHIN PORTABLE INSTRUMENT SHELTER","13-121-0099","AQS"
"06/20/2012","7","","MONITOR LOCATED WITHIN PORTABLE INSTRUMENT SHELTER","13-121-0099","AQS"
"06/21/2012","7","","MONITOR LOCATED WITHIN PORTABLE INSTRUMENT SHELTER","13-121-0099","AQS"
"06/22/2012","7","","MONITOR LOCATED WITHIN PORTABLE INSTRUMENT SHELTER","13-121-0099","AQS"
"06/23/2012","6","","MONITOR LOCATED WITHIN PORTABLE INSTRUMENT SHELTER","13-121-0099","AQS"
"06/24/2012","6","","MONITOR LOCATED WITHIN PORTABLE INSTRUMENT SHELTER","13-121-0099","AQS"
"06/25/2012","5","","MONITOR LOCATED WITHIN PORTABLE INSTRUMENT SHELTER","13-121-0099","AQS"
"06/26/2012","5","","MONITOR LOCATED WITHIN PORTABLE INSTRUMENT SHELTER","13-121-0099","AQS"
"06/27/2012","6","","MONITOR LOCATED WITHIN PORTABLE INSTRUMENT SHELTER","13-121-0099","AQS"
"06/28/2012","9","","South DeKalb","13-089-0002","AQS"
"06/29/2012","6","","South DeKalb","13-089-0002","AQS"
"06/30/2012","7","","South DeKalb","13-089-0002","AQS"
"07/01/2012","8","","MONITOR LOCATED WITHIN PORTABLE INSTRUMENT SHELTER","13-121-0099","AQS"
"07/02/2012","5","","MONITOR LOCATED WITHIN PORTABLE INSTRUMENT SHELTER","13-121-0099","AQS"
"07/03/2012","5","","South DeKalb","13-089-0002","AQS"
"07/04/2012","5","","South DeKalb","13-089-0002","AQS"
"07/05/2012","6","","South DeKalb","13-089-0002","AQS"
"07/06/2012","3","","South DeKalb","13-089-0002","AQS"
"07/07/2012","3","","South DeKalb","13-089-0002","AQS"
"07/08/2012","5","","MONITOR LOCATED WITHIN PORTABLE INSTRUMENT SHELTER","13-121-0099","AQS"
"07/09/2012","6","","MONITOR LOCATED WITHIN PORTABLE INSTRUMENT SHELTER","13-121-0099","AQS"
"07/10/2012","5","","MONITOR LOCATED WITHIN PORTABLE INSTRUMENT SHELTER","13-121-0099","AQS"
"07/11/2012","5","","MONITOR LOCATED WITHIN PORTABLE INSTRUMENT SHELTER","13-121-0099","AQS"
"07/12/2012","5","","MONITOR LOCATED WITHIN PORTABLE INSTRUMENT SHELTER","13-121-0099","AQS"
"07/13/2012","6","","MONITOR LOCATED WITHIN PORTABLE INSTRUMENT SHELTER","13-121-0099","AQS"
"07/14/2012","5","","MONITOR LOCATED WITHIN PORTABLE INSTRUMENT SHELTER","13-121-0099","AQS"
"07/15/2012","5","","MONITOR LOCATED WITHIN PORTABLE INSTRUMENT SHELTER","13-121-0099","AQS"
"07/16/2012","7","","South DeKalb","13-089-0002","AQS"
"07/17/2012","7","","MONITOR LOCATED WITHIN PORTABLE INSTRUMENT SHELTER","13-121-0099","AQS"
"07/18/2012","6","","MONITOR LOCATED WITHIN PORTABLE INSTRUMENT SHELTER","13-121-0099","AQS"
"07/19/2012","6","","MONITOR LOCATED WITHIN PORTABLE INSTRUMENT SHELTER","13-121-0099","AQS"
"07/20/2012","6","","MONITOR LOCATED WITHIN PORTABLE INSTRUMENT SHELTER","13-121-0099","AQS"
"07/21/2012","6","","MONITOR LOCATED WITHIN PORTABLE INSTRUMENT SHELTER","13-121-0099","AQS"
"07/22/2012","7","","South DeKalb","13-089-0002","AQS"
"07/23/2012","6","","South DeKalb","13-089-0002","AQS"
"07/24/2012","5","","South DeKalb","13-089-0002","AQS"
"07/25/2012","5","","MONITOR LOCATED WITHIN PORTABLE INSTRUMENT SHELTER","13-121-0099","AQS"
"07/26/2012","5","","South DeKalb","13-089-0002","AQS"
"07/27/2012","5","","MONITOR LOCATED WITHIN PORTABLE INSTRUMENT SHELTER","13-121-0099","AQS"
"07/28/2012","3","","South DeKalb","13-089-0002","AQS"
"07/29/2012","3","","South DeKalb","13-089-0002","AQS"
"07/30/2012","6","","South DeKalb","13-089-0002","AQS"
"07/31/2012","5","","South DeKalb","13-089-0002","AQS"
"08/01/2012","6","","MONITOR LOCATED WITHIN PORTABLE INSTRUMENT SHELTER","13-121-0099","AQS"
"08/02/2012","6","","South DeKalb","13-089-0002","AQS"
"08/03/2012","7","","MONITOR LOCATED WITHIN PORTABLE INSTRUMENT SHELTER","13-121-0099","AQS"
"08/04/2012","6","","MONITOR LOCATED WITHIN PORTABLE INSTRUMENT SHELTER","13-121-0099","AQS"
"08/05/2012","6","","MONITOR LOCATED WITHIN PORTABLE INSTRUMENT SHELTER","13-121-0099","AQS"
"08/06/2012","5","","MONITOR LOCATED WITHIN PORTABLE INSTRUMENT SHELTER","13-121-0099","AQS"
"08/07/2012","6","","MONITOR LOCATED WITHIN PORTABLE INSTRUMENT SHELTER","13-121-0099","AQS"
"08/08/2012","5","","MONITOR LOCATED WITHIN PORTABLE INSTRUMENT SHELTER","13-121-0099","AQS"
"08/09/2012","6","","MONITOR LOCATED WITHIN PORTABLE INSTRUMENT SHELTER","13-121-0099","AQS"
"08/10/2012","6","","MONITOR LOCATED WITHIN PORTABLE INSTRUMENT SHELTER","13-121-0099","AQS"
"08/11/2012","5","","MONITOR LOCATED WITHIN PORTABLE INSTRUMENT SHELTER","13-121-0099","AQS"
"08/12/2012","5","","South DeKalb","13-089-0002","AQS"
"08/13/2012","7","","South DeKalb","13-089-0002","AQS"
"08/14/2012","7","","MONITOR LOCATED WITHIN PORTABLE INSTRUMENT SHELTER","13-121-0099","AQS"
"08/15/2012","5","","South DeKalb","13-089-0002","AQS"
"08/16/2012","7","","MONITOR LOCATED WITHIN PORTABLE INSTRUMENT SHELTER","13-121-0099","AQS"
"08/17/2012","7","","South DeKalb","13-089-0002","AQS"
"08/18/2012","5","","MONITOR LOCATED WITHIN PORTABLE INSTRUMENT SHELTER","13-121-0099","AQS"
"08/19/2012","5","","MONITOR LOCATED WITHIN PORTABLE INSTRUMENT SHELTER","13-121-0099","AQS"
"08/20/2012","5","","South DeKalb","13-089-0002","AQS"
"08/21/2012","7","","South DeKalb","13-089-0002","AQS"
"08/22/2012","8","","South DeKalb","13-089-0002","AQS"
"08/23/2012","10","","South DeKalb","13-089-0002","AQS"
"08/24/2012","7","","MONITOR LOCATED WITHIN PORTABLE INSTRUMENT SHELTER","13-121-0099","AQS"
"08/25/2012","7","","MONITOR LOCATED WITHIN PORTABLE INSTRUMENT SHELTER","13-121-0099","AQS"
"08/26/2012","7","","South DeKalb","13-089-0002","AQS"
"08/27/2012","7","","MONITOR LOCATED WITHIN PORTABLE INSTRUMENT SHELTER","13-121-0099","AQS"
"08/28/2012","6","","MONITOR LOCATED WITHIN PORTABLE INSTRUMENT SHELTER","13-121-0099","AQS"
"08/29/2012","7","","MONITOR LOCATED WITHIN PORTABLE INSTRUMENT SHELTER","13-121-0099","AQS"
"08/30/2012","7","","MONITOR LOCATED WITHIN PORTABLE INSTRUMENT SHELTER","13-121-0099","AQS"
"08/31/2012","8","","MONITOR LOCATED WITHIN PORTABLE INSTRUMENT SHELTER","13-121-0099","AQS"
"09/01/2012","7","","MONITOR LOCATED WITHIN PORTABLE INSTRUMENT SHELTER","13-121-0099","AQS"
"09/02/2012","5","","South DeKalb","13-089-0002","AQS"
"09/03/2012","3","","MONITOR LOCATED WITHIN PORTABLE INSTRUMENT SHELTER","13-121-0099","AQS"
"09/04/2012","8","","MONITOR LOCATED WITHIN PORTABLE INSTRUMENT SHELTER","13-121-0099","AQS"
"09/05/2012","6","","MONITOR LOCATED WITHIN PORTABLE INSTRUMENT SHELTER","13-121-0099","AQS"
"09/06/2012","6","","MONITOR LOCATED WITHIN PORTABLE INSTRUMENT SHELTER","13-121-0099","AQS"
"09/07/2012","8","","MONITOR LOCATED WITHIN PORTABLE INSTRUMENT SHELTER","13-121-0099","AQS"
"09/08/2012","6","","MONITOR LOCATED WITHIN PORTABLE INSTRUMENT SHELTER","13-121-0099","AQS"
"09/09/2012","3","","South DeKalb","13-089-0002","AQS"
"09/10/2012","6","","MONITOR LOCATED WITHIN PORTABLE INSTRUMENT SHELTER","13-121-0099","AQS"
"09/11/2012","8","","MONITOR LOCATED WITHIN PORTABLE INSTRUMENT SHELTER","13-121-0099","AQS"
"09/12/2012","7","","MONITOR LOCATED WITHIN PORTABLE INSTRUMENT SHELTER","13-121-0099","AQS"
"09/13/2012","6","","MONITOR LOCATED WITHIN PORTABLE INSTRUMENT SHELTER","13-121-0099","AQS"
"09/14/2012","5","","South DeKalb","13-089-0002","AQS"
"09/15/2012","7","","South DeKalb","13-089-0002","AQS"
"09/16/2012","8","","South DeKalb","13-089-0002","AQS"
"09/17/2012","7","","MONITOR LOCATED WITHIN PORTABLE INSTRUMENT SHELTER","13-121-0099","AQS"
"09/18/2012","5","","MONITOR LOCATED WITHIN PORTABLE INSTRUMENT SHELTER","13-121-0099","AQS"
"09/19/2012","6","","MONITOR LOCATED WITHIN PORTABLE INSTRUMENT SHELTER","13-121-0099","AQS"
"09/20/2012","7","","MONITOR LOCATED WITHIN PORTABLE INSTRUMENT SHELTER","13-121-0099","AQS"
"09/21/2012","7","","South DeKalb","13-089-0002","AQS"
"09/22/2012","8","","South DeKalb","13-089-0002","AQS"
"09/23/2012","5","","MONITOR LOCATED WITHIN PORTABLE INSTRUMENT SHELTER","13-121-0099","AQS"
"09/24/2012","7","","MONITOR LOCATED WITHIN PORTABLE INSTRUMENT SHELTER","13-121-0099","AQS"
"09/25/2012","8","","MONITOR LOCATED WITHIN PORTABLE INSTRUMENT SHELTER","13-121-0099","AQS"
"09/26/2012","8","","MONITOR LOCATED WITHIN PORTABLE INSTRUMENT SHELTER","13-121-0099","AQS"
"09/27/2012","9","","MONITOR LOCATED WITHIN PORTABLE INSTRUMENT SHELTER","13-121-0099","AQS"
"09/28/2012","10","","MONITOR LOCATED WITHIN PORTABLE INSTRUMENT SHELTER","13-121-0099","AQS"
"09/29/2012","8","","MONITOR LOCATED WITHIN PORTABLE INSTRUMENT SHELTER","13-121-0099","AQS"
"09/30/2012","7","","MONITOR LOCATED WITHIN PORTABLE INSTRUMENT SHELTER","13-121-0099","AQS"
"10/01/2012","7","","MONITOR LOCATED WITHIN PORTABLE INSTRUMENT SHELTER","13-121-0099","AQS"
"10/02/2012","7","","MONITOR LOCATED WITHIN PORTABLE INSTRUMENT SHELTER","13-121-0099","AQS"
"10/03/2012","7","","MONITOR LOCATED WITHIN PORTABLE INSTRUMENT SHELTER","13-121-0099","AQS"
"10/04/2012","9","","MONITOR LOCATED WITHIN PORTABLE INSTRUMENT SHELTER","13-121-0099","AQS"
"10/05/2012","9","","South DeKalb","13-089-0002","AQS"
"10/06/2012","10","","South DeKalb","13-089-0002","AQS"
"10/07/2012","3","","South DeKalb","13-089-0002","AQS"
"10/08/2012","6","","MONITOR LOCATED WITHIN PORTABLE INSTRUMENT SHELTER","13-121-0099","AQS"
"10/09/2012","8","","MONITOR LOCATED WITHIN PORTABLE INSTRUMENT SHELTER","13-121-0099","AQS"
"10/10/2012","7","","MONITOR LOCATED WITHIN PORTABLE INSTRUMENT SHELTER","13-121-0099","AQS"
"10/11/2012","7","","MONITOR LOCATED WITHIN PORTABLE INSTRUMENT SHELTER","13-121-0099","AQS"
"10/12/2012","8","","South DeKalb","13-089-0002","AQS"
"10/13/2012","5","","MONITOR LOCATED WITHIN PORTABLE INSTRUMENT SHELTER","13-121-0099","AQS"
"10/14/2012","6","","MONITOR LOCATED WITHIN PORTABLE INSTRUMENT SHELTER","13-121-0099","AQS"
"10/15/2012","6","","MONITOR LOCATED WITHIN PORTABLE INSTRUMENT SHELTER","13-121-0099","AQS"
"10/16/2012","6","","MONITOR LOCATED WITHIN PORTABLE INSTRUMENT SHELTER","13-121-0099","AQS"
"10/17/2012","10","","MONITOR LOCATED WITHIN PORTABLE INSTRUMENT SHELTER","13-121-0099","AQS"
"10/18/2012","7","","MONITOR LOCATED WITHIN PORTABLE INSTRUMENT SHELTER","13-121-0099","AQS"
"10/19/2012","6","","MONITOR LOCATED WITHIN PORTABLE INSTRUMENT SHELTER","13-121-0099","AQS"
"10/20/2012","6","","South DeKalb","13-089-0002","AQS"
"10/21/2012","7","","South DeKalb","13-089-0002","AQS"
"10/22/2012","10","","South DeKalb","13-089-0002","AQS"
"10/23/2012","10","","South DeKalb","13-089-0002","AQS"
"10/24/2012","10","","South DeKalb","13-089-0002","AQS"
"10/25/2012","9","","South DeKalb","13-089-0002","AQS"
"10/26/2012","7","","South DeKalb","13-089-0002","AQS"
"10/27/2012","8","","South DeKalb","13-089-0002","AQS"
"10/28/2012","2","","South DeKalb","13-089-0002","AQS"
"10/29/2012","2","","South DeKalb","13-089-0002","AQS"
"10/30/2012","2","","South DeKalb","13-089-0002","AQS"
"10/31/2012","3","","South DeKalb","13-089-0002","AQS"
"11/01/2012","3","","South DeKalb","13-089-0002","AQS"
"11/02/2012","6","","South DeKalb","13-089-0002","AQS"
"11/03/2012","9","","South DeKalb","13-089-0002","AQS"
"11/04/2012","11","","South DeKalb","13-089-0002","AQS"
"11/05/2012","7","","MONITOR LOCATED WITHIN PORTABLE INSTRUMENT SHELTER","13-121-0099","AQS"
"11/06/2012","8","","MONITOR LOCATED WITHIN PORTABLE INSTRUMENT SHELTER","13-121-0099","AQS"
"11/07/2012","7","","MONITOR LOCATED WITHIN PORTABLE INSTRUMENT SHELTER","13-121-0099","AQS"
"11/08/2012","6","","South DeKalb","13-089-0002","AQS"
"11/09/2012","10","","South DeKalb","13-089-0002","AQS"
"11/10/2012","15","","South DeKalb","13-089-0002","AQS"
"11/11/2012","13","","South DeKalb","13-089-0002","AQS"
"11/12/2012","7","","MONITOR LOCATED WITHIN PORTABLE INSTRUMENT SHELTER","13-121-0099","AQS"
"11/13/2012","6","","MONITOR LOCATED WITHIN PORTABLE INSTRUMENT SHELTER","13-121-0099","AQS"
"11/14/2012","7","","MONITOR LOCATED WITHIN PORTABLE INSTRUMENT SHELTER","13-121-0099","AQS"
"11/15/2012","9","","MONITOR LOCATED WITHIN PORTABLE INSTRUMENT SHELTER","13-121-0099","AQS"
"11/16/2012","11","","South DeKalb","13-089-0002","AQS"
"11/17/2012","14","","South DeKalb","13-089-0002","AQS"
"11/18/2012","9","","MONITOR LOCATED WITHIN PORTABLE INSTRUMENT SHELTER","13-121-0099","AQS"
"11/19/2012","8","","MONITOR LOCATED WITHIN PORTABLE INSTRUMENT SHELTER","13-121-0099","AQS"
"11/20/2012","8","","South DeKalb","13-089-0002","AQS"
"11/21/2012","10","","South DeKalb","13-089-0002","AQS"
"11/22/2012","11","","South DeKalb","13-089-0002","AQS"
"11/23/2012","13","","South DeKalb","13-089-0002","AQS"
"11/24/2012","6","","Yorkville, King Farm","13-223-0003","AQS"
"11/25/2012","7","","South DeKalb","13-089-0002","AQS"
"11/26/2012","11","","South DeKalb","13-089-0002","AQS"
"11/27/2012","9","","South DeKalb","13-089-0002","AQS"
"11/28/2012","6","","MONITOR LOCATED WITHIN PORTABLE INSTRUMENT SHELTER","13-121-0099","AQS"
"11/29/2012","10","","MONITOR LOCATED WITHIN PORTABLE INSTRUMENT SHELTER","13-121-0099","AQS"
"11/30/2012","13","","South DeKalb","13-089-0002","AQS"
"12/01/2012","13","","South DeKalb","13-089-0002","AQS"
"12/02/2012","9","","South DeKalb","13-089-0002","AQS"
"12/03/2012","11","","South DeKalb","13-089-0002","AQS"
"12/04/2012","10","","South DeKalb","13-089-0002","AQS"
"12/05/2012","9","","South DeKalb","13-089-0002","AQS"
"12/06/2012","5","","MONITOR LOCATED WITHIN PORTABLE INSTRUMENT SHELTER","13-121-0099","AQS"
"12/07/2012","9","","MONITOR LOCATED WITHIN PORTABLE INSTRUMENT SHELTER","13-121-0099","AQS"
"12/08/2012","10","","MONITOR LOCATED WITHIN PORTABLE INSTRUMENT SHELTER","13-121-0099","AQS"
"12/09/2012","9","","MONITOR LOCATED WITHIN PORTABLE INSTRUMENT SHELTER","13-121-0099","AQS"
"12/10/2012","8","","MONITOR LOCATED WITHIN PORTABLE INSTRUMENT SHELTER","13-121-0099","AQS"
"12/11/2012","3","","South DeKalb","13-089-0002","AQS"
"12/12/2012","7","","MONITOR LOCATED WITHIN PORTABLE INSTRUMENT SHELTER","13-121-0099","AQS"
"12/13/2012","9","","MONITOR LOCATED WITHIN PORTABLE INSTRUMENT SHELTER","13-121-0099","AQS"
"12/14/2012","11","","MONITOR LOCATED WITHIN PORTABLE INSTRUMENT SHELTER","13-121-0099","AQS"
"12/15/2012","13","","South DeKalb","13-089-0002","AQS"
"12/16/2012","7","","MONITOR LOCATED WITHIN PORTABLE INSTRUMENT SHELTER","13-121-0099","AQS"
"12/17/2012","7","","MONITOR LOCATED WITHIN PORTABLE INSTRUMENT SHELTER","13-121-0099","AQS"
"12/18/2012","7","","South DeKalb","13-089-0002","AQS"
"12/19/2012","13","","South DeKalb","13-089-0002","AQS"
"12/20/2012","11","","South DeKalb","13-089-0002","AQS"
"12/21/2012","5","","MONITOR LOCATED WITHIN PORTABLE INSTRUMENT SHELTER","13-121-0099","AQS"
"12/22/2012","7","","MONITOR LOCATED WITHIN PORTABLE INSTRUMENT SHELTER","13-121-0099","AQS"
"12/23/2012","9","","MONITOR LOCATED WITHIN PORTABLE INSTRUMENT SHELTER","13-121-0099","AQS"
"12/24/2012","9","","MONITOR LOCATED WITHIN PORTABLE INSTRUMENT SHELTER","13-121-0099","AQS"
"12/25/2012","9","","MONITOR LOCATED WITHIN PORTABLE INSTRUMENT SHELTER","13-121-0099","AQS"
"12/26/2012","5","","MONITOR LOCATED WITHIN PORTABLE INSTRUMENT SHELTER","13-121-0099","AQS"
"12/27/2012","3","","South DeKalb","13-089-0002","AQS"
"12/28/2012","5","","South DeKalb","13-089-0002","AQS"
"12/29/2012","5","","MONITOR LOCATED WITHIN PORTABLE INSTRUMENT SHELTER","13-121-0099","AQS"
"12/30/2012","6","","South DeKalb","13-089-0002","AQS"
"12/31/2012","9","","South DeKalb","13-089-0002","AQS"
"01/01/2013","9","","MONITOR LOCATED WITHIN PORTABLE INSTRUMENT SHELTER","13-121-0099","AQS"
"01/02/2013","8","","MONITOR LOCATED WITHIN PORTABLE INSTRUMENT SHELTER","13-121-0099","AQS"
"01/03/2013","5","","MONITOR LOCATED WITHIN PORTABLE INSTRUMENT SHELTER","13-121-0099","AQS"
"01/04/2013","6","","South DeKalb","13-089-0002","AQS"
"01/05/2013","8","","South DeKalb","13-089-0002","AQS"
"01/06/2013","6","","MONITOR LOCATED WITHIN PORTABLE INSTRUMENT SHELTER","13-121-0099","AQS"
"01/07/2013","8","","MONITOR LOCATED WITHIN PORTABLE INSTRUMENT SHELTER","13-121-0099","AQS"
"01/08/2013","8","","MONITOR LOCATED WITHIN PORTABLE INSTRUMENT SHELTER","13-121-0099","AQS"
"01/09/2013","7","","MONITOR LOCATED WITHIN PORTABLE INSTRUMENT SHELTER","13-121-0099","AQS"
"01/10/2013","7","","MONITOR LOCATED WITHIN PORTABLE INSTRUMENT SHELTER","13-121-0099","AQS"
"01/11/2013","8","","MONITOR LOCATED WITHIN PORTABLE INSTRUMENT SHELTER","13-121-0099","AQS"
"01/12/2013","8","","South DeKalb","13-089-0002","AQS"
"01/13/2013","7","","MONITOR LOCATED WITHIN PORTABLE INSTRUMENT SHELTER","13-121-0099","AQS"
"01/14/2013","6","","South DeKalb","13-089-0002","AQS"
"01/15/2013","13","","MONITOR LOCATED WITHIN PORTABLE INSTRUMENT SHELTER","13-121-0099","AQS"
"01/16/2013","11","","MONITOR LOCATED WITHIN PORTABLE INSTRUMENT SHELTER","13-121-0099","AQS"
"01/17/2013","7","","MONITOR LOCATED WITHIN PORTABLE INSTRUMENT SHELTER","13-121-0099","AQS"
"01/18/2013","9","","MONITOR LOCATED WITHIN PORTABLE INSTRUMENT SHELTER","13-121-0099","AQS"
"01/19/2013","13","","South DeKalb","13-089-0002","AQS"
"01/20/2013","11","","South DeKalb","13-089-0002","AQS"
"01/21/2013","10","","South DeKalb","13-089-0002","AQS"
"01/22/2013","3","","MONITOR LOCATED WITHIN PORTABLE INSTRUMENT SHELTER","13-121-0099","AQS"
"01/23/2013","6","","MONITOR LOCATED WITHIN PORTABLE INSTRUMENT SHELTER","13-121-0099","AQS"
"01/24/2013","6","","MONITOR LOCATED WITHIN PORTABLE INSTRUMENT SHELTER","13-121-0099","AQS"
"01/25/2013","6","","MONITOR LOCATED WITHIN PORTABLE INSTRUMENT SHELTER","13-121-0099","AQS"
"01/26/2013","6","","MONITOR LOCATED WITHIN PORTABLE INSTRUMENT SHELTER","13-121-0099","AQS"
"01/27/2013","5","","MONITOR LOCATED WITHIN PORTABLE INSTRUMENT SHELTER","13-121-0099","AQS"
"01/28/2013","9","","MONITOR LOCATED WITHIN PORTABLE INSTRUMENT SHELTER","13-121-0099","AQS"
"01/29/2013","9","","MONITOR LOCATED WITHIN PORTABLE INSTRUMENT SHELTER","13-121-0099","AQS"
"01/30/2013","5","","MONITOR LOCATED WITHIN PORTABLE INSTRUMENT SHELTER","13-121-0099","AQS"
"01/31/2013","3","","South DeKalb","13-089-0002","AQS"
"02/01/2013","3","","South DeKalb","13-089-0002","AQS"
"02/02/2013","7","","South DeKalb","13-089-0002","AQS"
"02/03/2013","5","","MONITOR LOCATED WITHIN PORTABLE INSTRUMENT SHELTER","13-121-0099","AQS"
"02/04/2013","9","","MONITOR LOCATED WITHIN PORTABLE INSTRUMENT SHELTER","13-121-0099","AQS"
"02/05/2013","10","","South DeKalb","13-089-0002","AQS"
"02/06/2013","8","","South DeKalb","13-089-0002","AQS"
"02/07/2013","9","","South DeKalb","13-089-0002","AQS"
"02/08/2013","7","","MONITOR LOCATED WITHIN PORTABLE INSTRUMENT SHELTER","13-121-0099","AQS"
"02/09/2013","9","","MONITOR LOCATED WITHIN PORTABLE INSTRUMENT SHELTER","13-121-0099","AQS"
"02/10/2013","10","","MONITOR LOCATED WITHIN PORTABLE INSTRUMENT SHELTER","13-121-0099","AQS"
"02/11/2013","8","","MONITOR LOCATED WITHIN PORTABLE INSTRUMENT SHELTER","13-121-0099","AQS"
"02/12/2013","7","","MONITOR LOCATED WITHIN PORTABLE INSTRUMENT SHELTER","13-121-0099","AQS"
"02/13/2013","6","","MONITOR LOCATED WITHIN PORTABLE INSTRUMENT SHELTER","13-121-0099","AQS"
"02/14/2013","6","","MONITOR LOCATED WITHIN PORTABLE INSTRUMENT SHELTER","13-121-0099","AQS"
"02/15/2013","10","","South DeKalb","13-089-0002","AQS"
"02/16/2013","3","","MONITOR LOCATED WITHIN PORTABLE INSTRUMENT SHELTER","13-121-0099","AQS"
"02/17/2013","5","","MONITOR LOCATED WITHIN PORTABLE INSTRUMENT SHELTER","13-121-0099","AQS"
"02/18/2013","10","","MONITOR LOCATED WITHIN PORTABLE INSTRUMENT SHELTER","13-121-0099","AQS"
"02/19/2013","7","","MONITOR LOCATED WITHIN PORTABLE INSTRUMENT SHELTER","13-121-0099","AQS"
"02/20/2013","2","","South DeKalb","13-089-0002","AQS"
"02/21/2013","5","","MONITOR LOCATED WITHIN PORTABLE INSTRUMENT SHELTER","13-121-0099","AQS"
"02/22/2013","5","","MONITOR LOCATED WITHIN PORTABLE INSTRUMENT SHELTER","13-121-0099","AQS"
"02/23/2013","8","","MONITOR LOCATED WITHIN PORTABLE INSTRUMENT SHELTER","13-121-0099","AQS"
"02/24/2013","6","","South DeKalb","13-089-0002","AQS"
"02/25/2013","8","","South DeKalb","13-089-0002","AQS"
"02/26/2013","6","","MONITOR LOCATED WITHIN PORTABLE INSTRUMENT SHELTER","13-121-0099","AQS"
"02/27/2013","3","","MONITOR LOCATED WITHIN PORTABLE INSTRUMENT SHELTER","13-121-0099","AQS"
"02/28/2013","3","","MONITOR LOCATED WITHIN PORTABLE INSTRUMENT SHELTER","13-121-0099","AQS"
"03/01/2013","3","","MONITOR LOCATED WITHIN PORTABLE INSTRUMENT SHELTER","13-121-0099","AQS"
"03/02/2013","3","","MONITOR LOCATED WITHIN PORTABLE INSTRUMENT SHELTER","13-121-0099","AQS"
"03/03/2013","3","","South DeKalb","13-089-0002","AQS"
"03/04/2013","6","","South DeKalb","13-089-0002","AQS"
"03/05/2013","6","","MONITOR LOCATED WITHIN PORTABLE INSTRUMENT SHELTER","13-121-0099","AQS"
"03/06/2013","3","","MONITOR LOCATED WITHIN PORTABLE INSTRUMENT SHELTER","13-121-0099","AQS"
"03/07/2013","3","","South DeKalb","13-089-0002","AQS"
"03/08/2013","6","","MONITOR LOCATED WITHIN PORTABLE INSTRUMENT SHELTER","13-121-0099","AQS"
"03/09/2013","8","","South DeKalb","13-089-0002","AQS"
"03/10/2013","8","","MONITOR LOCATED WITHIN PORTABLE INSTRUMENT SHELTER","13-121-0099","AQS"
"03/11/2013","6","","MONITOR LOCATED WITHIN PORTABLE INSTRUMENT SHELTER","13-121-0099","AQS"
"03/12/2013","5","","MONITOR LOCATED WITHIN PORTABLE INSTRUMENT SHELTER","13-121-0099","AQS"
"03/13/2013","5","","South DeKalb","13-089-0002","AQS"
"03/14/2013","3","","MONITOR LOCATED WITHIN PORTABLE INSTRUMENT SHELTER","13-121-0099","AQS"
"03/15/2013","7","","MONITOR LOCATED WITHIN PORTABLE INSTRUMENT SHELTER","13-121-0099","AQS"
"03/16/2013","5","","MONITOR LOCATED WITHIN PORTABLE INSTRUMENT SHELTER","13-121-0099","AQS"
"03/17/2013","5","","MONITOR LOCATED WITHIN PORTABLE INSTRUMENT SHELTER","13-121-0099","AQS"
"03/18/2013","6","","MONITOR LOCATED WITHIN PORTABLE INSTRUMENT SHELTER","13-121-0099","AQS"
"03/19/2013","6","","MONITOR LOCATED WITHIN PORTABLE INSTRUMENT SHELTER","13-121-0099","AQS"
"03/20/2013","3","","South DeKalb","13-089-0002","AQS"
"03/21/2013","3","","South DeKalb","13-089-0002","AQS"
"03/22/2013","7","","MONITOR LOCATED WITHIN PORTABLE INSTRUMENT SHELTER","13-121-0099","AQS"
"03/23/2013","6","","MONITOR LOCATED WITHIN PORTABLE INSTRUMENT SHELTER","13-121-0099","AQS"
"03/24/2013","5","","MONITOR LOCATED WITHIN PORTABLE INSTRUMENT SHELTER","13-121-0099","AQS"
"03/25/2013","3","","MONITOR LOCATED WITHIN PORTABLE INSTRUMENT SHELTER","13-121-0099","AQS"
"03/26/2013","2","","South DeKalb","13-089-0002","AQS"
"03/27/2013","3","","South DeKalb","13-089-0002","AQS"
"03/28/2013","6","","South DeKalb","13-089-0002","AQS"
"03/29/2013","10","","South DeKalb","13-089-0002","AQS"
"03/30/2013","5","","MONITOR LOCATED WITHIN PORTABLE INSTRUMENT SHELTER","13-121-0099","AQS"
"03/31/2013","5","","MONITOR LOCATED WITHIN PORTABLE INSTRUMENT SHELTER","13-121-0099","AQS"
"04/01/2013","3","","South DeKalb","13-089-0002","AQS"
"04/02/2013","3","","South DeKalb","13-089-0002","AQS"
"04/03/2013","6","","MONITOR LOCATED WITHIN PORTABLE INSTRUMENT SHELTER","13-121-0099","AQS"
"04/04/2013","5","","MONITOR LOCATED WITHIN PORTABLE INSTRUMENT SHELTER","13-121-0099","AQS"
"04/05/2013","5","","MONITOR LOCATED WITHIN PORTABLE INSTRUMENT SHELTER","13-121-0099","AQS"
"04/06/2013","8","","South DeKalb","13-089-0002","AQS"
"04/07/2013","8","","MONITOR LOCATED WITHIN PORTABLE INSTRUMENT SHELTER","13-121-0099","AQS"
"04/08/2013","7","","MONITOR LOCATED WITHIN PORTABLE INSTRUMENT SHELTER","13-121-0099","AQS"
"04/09/2013","8","","MONITOR LOCATED WITHIN PORTABLE INSTRUMENT SHELTER","13-121-0099","AQS"
"04/10/2013","7","","MONITOR LOCATED WITHIN PORTABLE INSTRUMENT SHELTER","13-121-0099","AQS"
"04/11/2013","6","","MONITOR LOCATED WITHIN PORTABLE INSTRUMENT SHELTER","13-121-0099","AQS"
"04/12/2013","3","","MONITOR LOCATED WITHIN PORTABLE INSTRUMENT SHELTER","13-121-0099","AQS"
"04/13/2013","5","","South DeKalb","13-089-0002","AQS"
"04/14/2013","9","","South DeKalb","13-089-0002","AQS"
"04/15/2013","6","","MONITOR LOCATED WITHIN PORTABLE INSTRUMENT SHELTER","13-121-0099","AQS"
"04/16/2013","6","","MONITOR LOCATED WITHIN PORTABLE INSTRUMENT SHELTER","13-121-0099","AQS"
"04/17/2013","6","","South DeKalb","13-089-0002","AQS"
"04/18/2013","6","","MONITOR LOCATED WITHIN PORTABLE INSTRUMENT SHELTER","13-121-0099","AQS"
"04/19/2013","5","","MONITOR LOCATED WITHIN PORTABLE INSTRUMENT SHELTER","13-121-0099","AQS"
"04/20/2013","3","","South DeKalb","13-089-0002","AQS"
"04/21/2013","7","","South DeKalb","13-089-0002","AQS"
"04/22/2013","5","","MONITOR LOCATED WITHIN PORTABLE INSTRUMENT SHELTER","13-121-0099","AQS"
"04/23/2013","7","","MONITOR LOCATED WITHIN PORTABLE INSTRUMENT SHELTER","13-121-0099","AQS"
"04/24/2013","7","","MONITOR LOCATED WITHIN PORTABLE INSTRUMENT SHELTER","13-121-0099","AQS"
"04/25/2013","5","","MONITOR LOCATED WITHIN PORTABLE INSTRUMENT SHELTER","13-121-0099","AQS"
"04/26/2013","7","","MONITOR LOCATED WITHIN PORTABLE INSTRUMENT SHELTER","13-121-0099","AQS"
"04/27/2013","6","","MONITOR LOCATED WITHIN PORTABLE INSTRUMENT SHELTER","13-121-0099","AQS"
"04/28/2013","6","","MONITOR LOCATED WITHIN PORTABLE INSTRUMENT SHELTER","13-121-0099","AQS"
"04/29/2013","6","","MONITOR LOCATED WITHIN PORTABLE INSTRUMENT SHELTER","13-121-0099","AQS"
"04/30/2013","6","","MONITOR LOCATED WITHIN PORTABLE INSTRUMENT SHELTER","13-121-0099","AQS"
"05/01/2013","5","","MONITOR LOCATED WITHIN PORTABLE INSTRUMENT SHELTER","13-121-0099","AQS"
"05/02/2013","6","","MONITOR LOCATED WITHIN PORTABLE INSTRUMENT SHELTER","13-121-0099","AQS"
"05/03/2013","5","","MONITOR LOCATED WITHIN PORTABLE INSTRUMENT SHELTER","13-121-0099","AQS"
"05/04/2013","8","","Yorkville, King Farm","13-223-0003","AQS"
"05/05/2013","8","","Yorkville, King Farm","13-223-0003","AQS"
"05/06/2013","7","","MONITOR LOCATED WITHIN PORTABLE INSTRUMENT SHELTER","13-121-0099","AQS"
"05/07/2013","7","","MONITOR LOCATED WITHIN PORTABLE INSTRUMENT SHELTER","13-121-0099","AQS"
"05/08/2013","5","","South DeKalb","13-089-0002","AQS"
"05/09/2013","8","","MONITOR LOCATED WITHIN PORTABLE INSTRUMENT SHELTER","13-121-0099","AQS"
"05/10/2013","8","","South DeKalb","13-089-0002","AQS"
"05/11/2013","5","","South DeKalb","13-089-0002","AQS"
"05/12/2013","5","","MONITOR LOCATED WITHIN PORTABLE INSTRUMENT SHELTER","13-121-0099","AQS"
"05/13/2013","3","","MONITOR LOCATED WITHIN PORTABLE INSTRUMENT SHELTER","13-121-0099","AQS"
"05/14/2013","7","","MONITOR LOCATED WITHIN PORTABLE INSTRUMENT SHELTER","13-121-0099","AQS"
"05/15/2013","6","","MONITOR LOCATED WITHIN PORTABLE INSTRUMENT SHELTER","13-121-0099","AQS"
"05/16/2013","7","","South DeKalb","13-089-0002","AQS"
"05/17/2013","9","","MONITOR LOCATED WITHIN PORTABLE INSTRUMENT SHELTER","13-121-0099","AQS"
"05/18/2013","6","","MONITOR LOCATED WITHIN PORTABLE INSTRUMENT SHELTER","13-121-0099","AQS"
"05/19/2013","6","","MONITOR LOCATED WITHIN PORTABLE INSTRUMENT SHELTER","13-121-0099","AQS"
"05/20/2013","7","","MONITOR LOCATED WITHIN PORTABLE INSTRUMENT SHELTER","13-121-0099","AQS"
"05/21/2013","7","","MONITOR LOCATED WITHIN PORTABLE INSTRUMENT SHELTER","13-121-0099","AQS"
"05/22/2013","6","","MONITOR LOCATED WITHIN PORTABLE INSTRUMENT SHELTER","13-121-0099","AQS"
"05/23/2013","5","","MONITOR LOCATED WITHIN PORTABLE INSTRUMENT SHELTER","13-121-0099","AQS"
"05/24/2013","5","","MONITOR LOCATED WITHIN PORTABLE INSTRUMENT SHELTER","13-121-0099","AQS"
"05/25/2013","3","","South DeKalb","13-089-0002","AQS"
"05/26/2013","8","","South DeKalb","13-089-0002","AQS"
"05/27/2013","9","","South DeKalb","13-089-0002","AQS"
"05/28/2013","6","","MONITOR LOCATED WITHIN PORTABLE INSTRUMENT SHELTER","13-121-0099","AQS"
"05/29/2013","6","","MONITOR LOCATED WITHIN PORTABLE INSTRUMENT SHELTER","13-121-0099","AQS"
"05/30/2013","5","","MONITOR LOCATED WITHIN PORTABLE INSTRUMENT SHELTER","13-121-0099","AQS"
"05/31/2013","6","","MONITOR LOCATED WITHIN PORTABLE INSTRUMENT SHELTER","13-121-0099","AQS"
"06/01/2013","6","","MONITOR LOCATED WITHIN PORTABLE INSTRUMENT SHELTER","13-121-0099","AQS"
"06/02/2013","5","","MONITOR LOCATED WITHIN PORTABLE INSTRUMENT SHELTER","13-121-0099","AQS"
"06/03/2013","5","","MONITOR LOCATED WITHIN PORTABLE INSTRUMENT SHELTER","13-121-0099","AQS"
"06/04/2013","7","","South DeKalb","13-089-0002","AQS"
"06/05/2013","6","","MONITOR LOCATED WITHIN PORTABLE INSTRUMENT SHELTER","13-121-0099","AQS"
"06/06/2013","6","","MONITOR LOCATED WITHIN PORTABLE INSTRUMENT SHELTER","13-121-0099","AQS"
"06/07/2013","7","","MONITOR LOCATED WITHIN PORTABLE INSTRUMENT SHELTER","13-121-0099","AQS"
"06/08/2013","6","","MONITOR LOCATED WITHIN PORTABLE INSTRUMENT SHELTER","13-121-0099","AQS"
"06/09/2013","7","","MONITOR LOCATED WITHIN PORTABLE INSTRUMENT SHELTER","13-121-0099","AQS"
"06/10/2013","6","","MONITOR LOCATED WITHIN PORTABLE INSTRUMENT SHELTER","13-121-0099","AQS"
"06/11/2013","6","","MONITOR LOCATED WITHIN PORTABLE INSTRUMENT SHELTER","13-121-0099","AQS"
"06/12/2013","6","","South DeKalb","13-089-0002","AQS"
"06/13/2013","6","","South DeKalb","13-089-0002","AQS"
"06/14/2013","6","","Yorkville, King Farm","13-223-0003","AQS"
"06/15/2013","6","","South DeKalb","13-089-0002","AQS"
"06/16/2013","7","","South DeKalb","13-089-0002","AQS"
"06/17/2013","6","","MONITOR LOCATED WITHIN PORTABLE INSTRUMENT SHELTER","13-121-0099","AQS"
"06/18/2013","5","","MONITOR LOCATED WITHIN PORTABLE INSTRUMENT SHELTER","13-121-0099","AQS"
"06/19/2013","6","","MONITOR LOCATED WITHIN PORTABLE INSTRUMENT SHELTER","13-121-0099","AQS"
"06/20/2013","6","","South DeKalb","13-089-0002","AQS"
"06/21/2013","6","","MONITOR LOCATED WITHIN PORTABLE INSTRUMENT SHELTER","13-121-0099","AQS"
"06/22/2013","6","","South DeKalb","13-089-0002","AQS"
"06/23/2013","6","","MONITOR LOCATED WITHIN PORTABLE INSTRUMENT SHELTER","13-121-0099","AQS"
"06/24/2013","6","","MONITOR LOCATED WITHIN PORTABLE INSTRUMENT SHELTER","13-121-0099","AQS"
"06/25/2013","5","","South DeKalb","13-089-0002","AQS"
"06/26/2013","6","","MONITOR LOCATED WITHIN PORTABLE INSTRUMENT SHELTER","13-121-0099","AQS"
"06/27/2013","6","","MONITOR LOCATED WITHIN PORTABLE INSTRUMENT SHELTER","13-121-0099","AQS"
"06/28/2013","7","","MONITOR LOCATED WITHIN PORTABLE INSTRUMENT SHELTER","13-121-0099","AQS"
"06/29/2013","6","","MONITOR LOCATED WITHIN PORTABLE INSTRUMENT SHELTER","13-121-0099","AQS"
"06/30/2013","5","","MONITOR LOCATED WITHIN PORTABLE INSTRUMENT SHELTER","13-121-0099","AQS"
"07/01/2013","6","","MONITOR LOCATED WITHIN PORTABLE INSTRUMENT SHELTER","13-121-0099","AQS"
"07/02/2013","7","","MONITOR LOCATED WITHIN PORTABLE INSTRUMENT SHELTER","13-121-0099","AQS"
"07/03/2013","6","","MONITOR LOCATED WITHIN PORTABLE INSTRUMENT SHELTER","13-121-0099","AQS"
"07/04/2013","5","","MONITOR LOCATED WITHIN PORTABLE INSTRUMENT SHELTER","13-121-0099","AQS"
"07/05/2013","5","","MONITOR LOCATED WITHIN PORTABLE INSTRUMENT SHELTER","13-121-0099","AQS"
"07/06/2013","5","","MONITOR LOCATED WITHIN PORTABLE INSTRUMENT SHELTER","13-121-0099","AQS"
"07/07/2013","5","","MONITOR LOCATED WITHIN PORTABLE INSTRUMENT SHELTER","13-121-0099","AQS"
"07/08/2013","5","","MONITOR LOCATED WITHIN PORTABLE INSTRUMENT SHELTER","13-121-0099","AQS"
"07/09/2013","5","","MONITOR LOCATED WITHIN PORTABLE INSTRUMENT SHELTER","13-121-0099","AQS"
"07/10/2013","7","","MONITOR LOCATED WITHIN PORTABLE INSTRUMENT SHELTER","13-121-0099","AQS"
"07/11/2013","5","","South DeKalb","13-089-0002","AQS"
"07/12/2013","7","","South DeKalb","13-089-0002","AQS"
"07/13/2013","5","","MONITOR LOCATED WITHIN PORTABLE INSTRUMENT SHELTER","13-121-0099","AQS"
"07/14/2013","3","","South DeKalb","13-089-0002","AQS"
"07/15/2013","5","","MONITOR LOCATED WITHIN PORTABLE INSTRUMENT SHELTER","13-121-0099","AQS"
"07/16/2013","5","","MONITOR LOCATED WITHIN PORTABLE INSTRUMENT SHELTER","13-121-0099","AQS"
"07/17/2013","8","","South DeKalb","13-089-0002","AQS"
"07/18/2013","7","","MONITOR LOCATED WITHIN PORTABLE INSTRUMENT SHELTER","13-121-0099","AQS"
"07/19/2013","7","","MONITOR LOCATED WITHIN PORTABLE INSTRUMENT SHELTER","13-121-0099","AQS"
"07/20/2013","5","","MONITOR LOCATED WITHIN PORTABLE INSTRUMENT SHELTER","13-121-0099","AQS"
"07/21/2013","6","","MONITOR LOCATED WITHIN PORTABLE INSTRUMENT SHELTER","13-121-0099","AQS"
"07/22/2013","5","","MONITOR LOCATED WITHIN PORTABLE INSTRUMENT SHELTER","13-121-0099","AQS"
"07/23/2013","5","","MONITOR LOCATED WITHIN PORTABLE INSTRUMENT SHELTER","13-121-0099","AQS"
"07/24/2013","5","","MONITOR LOCATED WITHIN PORTABLE INSTRUMENT SHELTER","13-121-0099","AQS"
"07/25/2013","6","","MONITOR LOCATED WITHIN PORTABLE INSTRUMENT SHELTER","13-121-0099","AQS"
"07/26/2013","7","","MONITOR LOCATED WITHIN PORTABLE INSTRUMENT SHELTER","13-121-0099","AQS"
"07/27/2013","7","","MONITOR LOCATED WITHIN PORTABLE INSTRUMENT SHELTER","13-121-0099","AQS"
"07/28/2013","5","","South DeKalb","13-089-0002","AQS"
"07/29/2013","6","","South DeKalb","13-089-0002","AQS"
"07/30/2013","7","","MONITOR LOCATED WITHIN PORTABLE INSTRUMENT SHELTER","13-121-0099","AQS"
"07/31/2013","7","","MONITOR LOCATED WITHIN PORTABLE INSTRUMENT SHELTER","13-121-0099","AQS"
"08/01/2013","5","","South DeKalb","13-089-0002","AQS"
"08/02/2013","7","","MONITOR LOCATED WITHIN PORTABLE INSTRUMENT SHELTER","13-121-0099","AQS"
"08/03/2013","9","","South DeKalb","13-089-0002","AQS"
"08/04/2013","5","","South DeKalb","13-089-0002","AQS"
"08/05/2013","6","","MONITOR LOCATED WITHIN PORTABLE INSTRUMENT SHELTER","13-121-0099","AQS"
"08/06/2013","6","","MONITOR LOCATED WITHIN PORTABLE INSTRUMENT SHELTER","13-121-0099","AQS"
"08/07/2013","7","","MONITOR LOCATED WITHIN PORTABLE INSTRUMENT SHELTER","13-121-0099","AQS"
"08/08/2013","7","","MONITOR LOCATED WITHIN PORTABLE INSTRUMENT SHELTER","13-121-0099","AQS"
"08/09/2013","7","","MONITOR LOCATED WITHIN PORTABLE INSTRUMENT SHELTER","13-121-0099","AQS"
"08/10/2013","6","","MONITOR LOCATED WITHIN PORTABLE INSTRUMENT SHELTER","13-121-0099","AQS"
"08/11/2013","5","","South DeKalb","13-089-0002","AQS"
"08/12/2013","5","","South DeKalb","13-089-0002","AQS"
"08/13/2013","5","","MONITOR LOCATED WITHIN PORTABLE INSTRUMENT SHELTER","13-121-0099","AQS"
"08/14/2013","5","","MONITOR LOCATED WITHIN PORTABLE INSTRUMENT SHELTER","13-121-0099","AQS"
"08/15/2013","5","","MONITOR LOCATED WITHIN PORTABLE INSTRUMENT SHELTER","13-121-0099","AQS"
"08/16/2013","5","","MONITOR LOCATED WITHIN PORTABLE INSTRUMENT SHELTER","13-121-0099","AQS"
"08/17/2013","5","","MONITOR LOCATED WITHIN PORTABLE INSTRUMENT SHELTER","13-121-0099","AQS"
"08/18/2013","5","","MONITOR LOCATED WITHIN PORTABLE INSTRUMENT SHELTER","13-121-0099","AQS"
"08/19/2013","6","","MONITOR LOCATED WITHIN PORTABLE INSTRUMENT SHELTER","13-121-0099","AQS"
"08/20/2013","6","","MONITOR LOCATED WITHIN PORTABLE INSTRUMENT SHELTER","13-121-0099","AQS"
"08/21/2013","7","","MONITOR LOCATED WITHIN PORTABLE INSTRUMENT SHELTER","13-121-0099","AQS"
"08/22/2013","7","","MONITOR LOCATED WITHIN PORTABLE INSTRUMENT SHELTER","13-121-0099","AQS"
"08/23/2013","7","","South DeKalb","13-089-0002","AQS"
"08/24/2013","6","","MONITOR LOCATED WITHIN PORTABLE INSTRUMENT SHELTER","13-121-0099","AQS"
"08/25/2013","6","","MONITOR LOCATED WITHIN PORTABLE INSTRUMENT SHELTER","13-121-0099","AQS"
"08/26/2013","7","","MONITOR LOCATED WITHIN PORTABLE INSTRUMENT SHELTER","13-121-0099","AQS"
"08/27/2013","7","","South DeKalb","13-089-0002","AQS"
"08/28/2013","8","","South DeKalb","13-089-0002","AQS"
"08/29/2013","6","","MONITOR LOCATED WITHIN PORTABLE INSTRUMENT SHELTER","13-121-0099","AQS"
"08/30/2013","7","","MONITOR LOCATED WITHIN PORTABLE INSTRUMENT SHELTER","13-121-0099","AQS"
"08/31/2013","6","","MONITOR LOCATED WITHIN PORTABLE INSTRUMENT SHELTER","13-121-0099","AQS"
"09/01/2013","7","","MONITOR LOCATED WITHIN PORTABLE INSTRUMENT SHELTER","13-121-0099","AQS"
"09/02/2013","7","","MONITOR LOCATED WITHIN PORTABLE INSTRUMENT SHELTER","13-121-0099","AQS"
"09/03/2013","7","","South DeKalb","13-089-0002","AQS"
"09/04/2013","9","","MONITOR LOCATED WITHIN PORTABLE INSTRUMENT SHELTER","13-121-0099","AQS"
"09/05/2013","8","","MONITOR LOCATED WITHIN PORTABLE INSTRUMENT SHELTER","13-121-0099","AQS"
"09/06/2013","8","","MONITOR LOCATED WITHIN PORTABLE INSTRUMENT SHELTER","13-121-0099","AQS"
"09/07/2013","8","","MONITOR LOCATED WITHIN PORTABLE INSTRUMENT SHELTER","13-121-0099","AQS"
"09/08/2013","9","","South DeKalb","13-089-0002","AQS"
"09/09/2013","8","","MONITOR LOCATED WITHIN PORTABLE INSTRUMENT SHELTER","13-121-0099","AQS"
"09/10/2013","8","","MONITOR LOCATED WITHIN PORTABLE INSTRUMENT SHELTER","13-121-0099","AQS"
"09/11/2013","8","","MONITOR LOCATED WITHIN PORTABLE INSTRUMENT SHELTER","13-121-0099","AQS"
"09/12/2013","7","","South DeKalb","13-089-0002","AQS"
"09/13/2013","5","","South DeKalb","13-089-0002","AQS"
"09/14/2013","7","","MONITOR LOCATED WITHIN PORTABLE INSTRUMENT SHELTER","13-121-0099","AQS"
"09/15/2013","7","","MONITOR LOCATED WITHIN PORTABLE INSTRUMENT SHELTER","13-121-0099","AQS"
"09/16/2013","8","","South DeKalb","13-089-0002","AQS"
"09/17/2013","6","","South DeKalb","13-089-0002","AQS"
"09/18/2013","7","","MONITOR LOCATED WITHIN PORTABLE INSTRUMENT SHELTER","13-121-0099","AQS"
"09/19/2013","7","","MONITOR LOCATED WITHIN PORTABLE INSTRUMENT SHELTER","13-121-0099","AQS"
"09/20/2013","7","","South DeKalb","13-089-0002","AQS"
"09/21/2013","6","","MONITOR LOCATED WITHIN PORTABLE INSTRUMENT SHELTER","13-121-0099","AQS"
"09/22/2013","5","","MONITOR LOCATED WITHIN PORTABLE INSTRUMENT SHELTER","13-121-0099","AQS"
"09/23/2013","6","","MONITOR LOCATED WITHIN PORTABLE INSTRUMENT SHELTER","13-121-0099","AQS"
"09/24/2013","5","","MONITOR LOCATED WITHIN PORTABLE INSTRUMENT SHELTER","13-121-0099","AQS"
"09/25/2013","6","","MONITOR LOCATED WITHIN PORTABLE INSTRUMENT SHELTER","13-121-0099","AQS"
"09/26/2013","8","","MONITOR LOCATED WITHIN PORTABLE INSTRUMENT SHELTER","13-121-0099","AQS"
"09/27/2013","8","","MONITOR LOCATED WITHIN PORTABLE INSTRUMENT SHELTER","13-121-0099","AQS"
"09/28/2013","7","","MONITOR LOCATED WITHIN PORTABLE INSTRUMENT SHELTER","13-121-0099","AQS"
"09/29/2013","7","","MONITOR LOCATED WITHIN PORTABLE INSTRUMENT SHELTER","13-121-0099","AQS"
"09/30/2013","7","","MONITOR LOCATED WITHIN PORTABLE INSTRUMENT SHELTER","13-121-0099","AQS"
"10/01/2013","8","","MONITOR LOCATED WITHIN PORTABLE INSTRUMENT SHELTER","13-121-0099","AQS"
"10/02/2013","10","","South DeKalb","13-089-0002","AQS"
"10/03/2013","9","","MONITOR LOCATED WITHIN PORTABLE INSTRUMENT SHELTER","13-121-0099","AQS"
"10/04/2013","10","","MONITOR LOCATED WITHIN PORTABLE INSTRUMENT SHELTER","13-121-0099","AQS"
"10/05/2013","10","","South DeKalb","13-089-0002","AQS"
"10/06/2013","9","","MONITOR LOCATED WITHIN PORTABLE INSTRUMENT SHELTER","13-121-0099","AQS"
"10/07/2013","5","","MONITOR LOCATED WITHIN PORTABLE INSTRUMENT SHELTER","13-121-0099","AQS"
"10/08/2013","5","","MONITOR LOCATED WITHIN PORTABLE INSTRUMENT SHELTER","13-121-0099","AQS"
"10/09/2013","7","","MONITOR LOCATED WITHIN PORTABLE INSTRUMENT SHELTER","13-121-0099","AQS"
"10/10/2013","8","","South DeKalb","13-089-0002","AQS"
"10/11/2013","7","","South DeKalb","13-089-0002","AQS"
"10/12/2013","7","","MONITOR LOCATED WITHIN PORTABLE INSTRUMENT SHELTER","13-121-0099","AQS"
"10/13/2013","6","","South DeKalb","13-089-0002","AQS"
"10/14/2013","6","","South DeKalb","13-089-0002","AQS"
"10/15/2013","6","","MONITOR LOCATED WITHIN PORTABLE INSTRUMENT SHELTER","13-121-0099","AQS"
"10/16/2013","7","","MONITOR LOCATED WITHIN PORTABLE INSTRUMENT SHELTER","13-121-0099","AQS"
"10/17/2013","7","","MONITOR LOCATED WITHIN PORTABLE INSTRUMENT SHELTER","13-121-0099","AQS"
"10/18/2013","6","","South DeKalb","13-089-0002","AQS"
"10/19/2013","7","","South DeKalb","13-089-0002","AQS"
"10/20/2013","6","","South DeKalb","13-089-0002","AQS"
"10/21/2013","9","","South DeKalb","13-089-0002","AQS"
"10/22/2013","8","","South DeKalb","13-089-0002","AQS"
"10/23/2013","5","","South DeKalb","13-089-0002","AQS"
"10/24/2013","3","","South DeKalb","13-089-0002","AQS"
"10/25/2013","5","","South DeKalb","13-089-0002","AQS"
"10/26/2013","7","","South DeKalb","13-089-0002","AQS"
"10/27/2013","9","","South DeKalb","13-089-0002","AQS"
"10/28/2013","10","","MONITOR LOCATED WITHIN PORTABLE INSTRUMENT SHELTER","13-121-0099","AQS"
"10/29/2013","10","","MONITOR LOCATED WITHIN PORTABLE INSTRUMENT SHELTER","13-121-0099","AQS"
"10/30/2013","9","","MONITOR LOCATED WITHIN PORTABLE INSTRUMENT SHELTER","13-121-0099","AQS"
"10/31/2013","8","","MONITOR LOCATED WITHIN PORTABLE INSTRUMENT SHELTER","13-121-0099","AQS"
"11/01/2013","5","","South DeKalb","13-089-0002","AQS"
"11/02/2013","7","","MONITOR LOCATED WITHIN PORTABLE INSTRUMENT SHELTER","13-121-0099","AQS"
"11/03/2013","8","","MONITOR LOCATED WITHIN PORTABLE INSTRUMENT SHELTER","13-121-0099","AQS"
"11/04/2013","10","","MONITOR LOCATED WITHIN PORTABLE INSTRUMENT SHELTER","13-121-0099","AQS"
"11/05/2013","7","","MONITOR LOCATED WITHIN PORTABLE INSTRUMENT SHELTER","13-121-0099","AQS"
"11/06/2013","9","","MONITOR LOCATED WITHIN PORTABLE INSTRUMENT SHELTER","13-121-0099","AQS"
"11/07/2013","9","","MONITOR LOCATED WITHIN PORTABLE INSTRUMENT SHELTER","13-121-0099","AQS"
"11/08/2013","9","","MONITOR LOCATED WITHIN PORTABLE INSTRUMENT SHELTER","13-121-0099","AQS"
"11/09/2013","11","","MONITOR LOCATED WITHIN PORTABLE INSTRUMENT SHELTER","13-121-0099","AQS"
"11/10/2013","14","","MONITOR LOCATED WITHIN PORTABLE INSTRUMENT SHELTER","13-121-0099","AQS"
"11/11/2013","11","","MONITOR LOCATED WITHIN PORTABLE INSTRUMENT SHELTER","13-121-0099","AQS"
"11/12/2013","13","","MONITOR LOCATED WITHIN PORTABLE INSTRUMENT SHELTER","13-121-0099","AQS"
"11/13/2013","10","","MONITOR LOCATED WITHIN PORTABLE INSTRUMENT SHELTER","13-121-0099","AQS"
"11/14/2013","13","","MONITOR LOCATED WITHIN PORTABLE INSTRUMENT SHELTER","13-121-0099","AQS"
"11/15/2013","14","","MONITOR LOCATED WITHIN PORTABLE INSTRUMENT SHELTER","13-121-0099","AQS"
"11/16/2013","10","","MONITOR LOCATED WITHIN PORTABLE INSTRUMENT SHELTER","13-121-0099","AQS"
"11/17/2013","8","","MONITOR LOCATED WITHIN PORTABLE INSTRUMENT SHELTER","13-121-0099","AQS"
"11/18/2013","7","","MONITOR LOCATED WITHIN PORTABLE INSTRUMENT SHELTER","13-121-0099","AQS"
"11/19/2013","10","","MONITOR LOCATED WITHIN PORTABLE INSTRUMENT SHELTER","13-121-0099","AQS"
"11/20/2013","10","","MONITOR LOCATED WITHIN PORTABLE INSTRUMENT SHELTER","13-121-0099","AQS"
"11/21/2013","9","","MONITOR LOCATED WITHIN PORTABLE INSTRUMENT SHELTER","13-121-0099","AQS"
"11/22/2013","11","","MONITOR LOCATED WITHIN PORTABLE INSTRUMENT SHELTER","13-121-0099","AQS"
"11/23/2013","10","","MONITOR LOCATED WITHIN PORTABLE INSTRUMENT SHELTER","13-121-0099","AQS"
"11/24/2013","7","","MONITOR LOCATED WITHIN PORTABLE INSTRUMENT SHELTER","13-121-0099","AQS"
"11/25/2013","8","","MONITOR LOCATED WITHIN PORTABLE INSTRUMENT SHELTER","13-121-0099","AQS"
"11/26/2013","9","","MONITOR LOCATED WITHIN PORTABLE INSTRUMENT SHELTER","13-121-0099","AQS"
"11/27/2013","8","","MONITOR LOCATED WITHIN PORTABLE INSTRUMENT SHELTER","13-121-0099","AQS"
"11/28/2013","11","","MONITOR LOCATED WITHIN PORTABLE INSTRUMENT SHELTER","13-121-0099","AQS"
"11/29/2013","14","","MONITOR LOCATED WITHIN PORTABLE INSTRUMENT SHELTER","13-121-0099","AQS"
"11/30/2013","14","","MONITOR LOCATED WITHIN PORTABLE INSTRUMENT SHELTER","13-121-0099","AQS"
"12/01/2013","13","","MONITOR LOCATED WITHIN PORTABLE INSTRUMENT SHELTER","13-121-0099","AQS"
"12/02/2013","9","","South DeKalb","13-089-0002","AQS"
"12/03/2013","9","","MONITOR LOCATED WITHIN PORTABLE INSTRUMENT SHELTER","13-121-0099","AQS"
"12/04/2013","8","","MONITOR LOCATED WITHIN PORTABLE INSTRUMENT SHELTER","13-121-0099","AQS"
"12/05/2013","7","","MONITOR LOCATED WITHIN PORTABLE INSTRUMENT SHELTER","13-121-0099","AQS"
"12/06/2013","5","","MONITOR LOCATED WITHIN PORTABLE INSTRUMENT SHELTER","13-121-0099","AQS"
"12/07/2013","5","","MONITOR LOCATED WITHIN PORTABLE INSTRUMENT SHELTER","13-121-0099","AQS"
"12/08/2013","5","","MONITOR LOCATED WITHIN PORTABLE INSTRUMENT SHELTER","13-121-0099","AQS"
"12/09/2013","7","","South DeKalb","13-089-0002","AQS"
"12/10/2013","7","","South DeKalb","13-089-0002","AQS"
"12/11/2013","8","","South DeKalb","13-089-0002","AQS"
"12/12/2013","9","","South DeKalb","13-089-0002","AQS"
"12/13/2013","11","","MONITOR LOCATED WITHIN PORTABLE INSTRUMENT SHELTER","13-121-0099","AQS"
"12/14/2013","11","","MONITOR LOCATED WITHIN PORTABLE INSTRUMENT SHELTER","13-121-0099","AQS"
"12/15/2013","9","","MONITOR LOCATED WITHIN PORTABLE INSTRUMENT SHELTER","13-121-0099","AQS"
"12/16/2013","9","","MONITOR LOCATED WITHIN PORTABLE INSTRUMENT SHELTER","13-121-0099","AQS"
"12/17/2013","11","","South DeKalb","13-089-0002","AQS"
"12/18/2013","8","","MONITOR LOCATED WITHIN PORTABLE INSTRUMENT SHELTER","13-121-0099","AQS"
"12/19/2013","15","","MONITOR LOCATED WITHIN PORTABLE INSTRUMENT SHELTER","13-121-0099","AQS"
"12/20/2013","14","","MONITOR LOCATED WITHIN PORTABLE INSTRUMENT SHELTER","13-121-0099","AQS"
"12/21/2013","10","","MONITOR LOCATED WITHIN PORTABLE INSTRUMENT SHELTER","13-121-0099","AQS"
"12/22/2013","7","","MONITOR LOCATED WITHIN PORTABLE INSTRUMENT SHELTER","13-121-0099","AQS"
"12/23/2013","7","","MONITOR LOCATED WITHIN PORTABLE INSTRUMENT SHELTER","13-121-0099","AQS"
"12/24/2013","3","","MONITOR LOCATED WITHIN PORTABLE INSTRUMENT SHELTER","13-121-0099","AQS"
"12/25/2013","3","","South DeKalb","13-089-0002","AQS"
"12/26/2013","5","","South DeKalb","13-089-0002","AQS"
"12/27/2013","10","","MONITOR LOCATED WITHIN PORTABLE INSTRUMENT SHELTER","13-121-0099","AQS"
"12/28/2013","14","","South DeKalb","13-089-0002","AQS"
"12/29/2013","6","","Yorkville, King Farm","13-223-0003","AQS"
"12/30/2013","6","","Yorkville, King Farm","13-223-0003","AQS"
"12/31/2013","6","","Yorkville, King Farm","13-223-0003","AQS"
"01/01/2014","9","","South DeKalb","13-089-0002","AQS"
"01/02/2014","5","","MONITOR LOCATED WITHIN PORTABLE INSTRUMENT SHELTER","13-121-0099","AQS"
"01/03/2014","6","","South DeKalb","13-089-0002","AQS"
"01/04/2014","8","","South DeKalb","13-089-0002","AQS"
"01/05/2014","6","","MONITOR LOCATED WITHIN PORTABLE INSTRUMENT SHELTER","13-121-0099","AQS"
"01/06/2014","6","","MONITOR LOCATED WITHIN PORTABLE INSTRUMENT SHELTER","13-121-0099","AQS"
"01/07/2014","2","","South DeKalb","13-089-0002","AQS"
"01/08/2014","10","","MONITOR LOCATED WITHIN PORTABLE INSTRUMENT SHELTER","13-121-0099","AQS"
"01/09/2014","10","","MONITOR LOCATED WITHIN PORTABLE INSTRUMENT SHELTER","13-121-0099","AQS"
"01/10/2014","8","","MONITOR LOCATED WITHIN PORTABLE INSTRUMENT SHELTER","13-121-0099","AQS"
"01/11/2014","7","","MONITOR LOCATED WITHIN PORTABLE INSTRUMENT SHELTER","13-121-0099","AQS"
"01/12/2014","6","","South DeKalb","13-089-0002","AQS"
"01/13/2014","11","","South DeKalb","13-089-0002","AQS"
"01/14/2014","7","","MONITOR LOCATED WITHIN PORTABLE INSTRUMENT SHELTER","13-121-0099","AQS"
"01/15/2014","9","","South DeKalb","13-089-0002","AQS"
"01/16/2014","5","","MONITOR LOCATED WITHIN PORTABLE INSTRUMENT SHELTER","13-121-0099","AQS"
"01/17/2014","6","","South DeKalb","13-089-0002","AQS"
"01/18/2014","3","","MONITOR LOCATED WITHIN PORTABLE INSTRUMENT SHELTER","13-121-0099","AQS"
"01/19/2014","5","","South DeKalb","13-089-0002","AQS"
"01/20/2014","7","","South DeKalb","13-089-0002","AQS"
"01/21/2014","7","","South DeKalb","13-089-0002","AQS"
"01/22/2014","3","","South DeKalb","13-089-0002","AQS"
"01/23/2014","5","","South DeKalb","13-089-0002","AQS"
"01/24/2014","7","","MONITOR LOCATED WITHIN PORTABLE INSTRUMENT SHELTER","13-121-0099","AQS"
"01/25/2014","11","","South DeKalb","13-089-0002","AQS"
"01/26/2014","7","","MONITOR LOCATED WITHIN PORTABLE INSTRUMENT SHELTER","13-121-0099","AQS"
"01/27/2014","6","","MONITOR LOCATED WITHIN PORTABLE INSTRUMENT SHELTER","13-121-0099","AQS"
"01/28/2014","3","","South DeKalb","13-089-0002","AQS"
"01/29/2014","3","","South DeKalb","13-089-0002","AQS"
"01/30/2014","8","","MONITOR LOCATED WITHIN PORTABLE INSTRUMENT SHELTER","13-121-0099","AQS"
"01/31/2014","11","","MONITOR LOCATED WITHIN PORTABLE INSTRUMENT SHELTER","13-121-0099","AQS"
"02/01/2014","16","","South DeKalb","13-089-0002","AQS"
"02/02/2014","10","","MONITOR LOCATED WITHIN PORTABLE INSTRUMENT SHELTER","13-121-0099","AQS"
"02/03/2014","5","","South DeKalb","13-089-0002","AQS"
"02/04/2014","6","","MONITOR LOCATED WITHIN PORTABLE INSTRUMENT SHELTER","13-121-0099","AQS"
"02/05/2014","5","","MONITOR LOCATED WITHIN PORTABLE INSTRUMENT SHELTER","13-121-0099","AQS"
"02/06/2014","3","","South DeKalb","13-089-0002","AQS"
"02/07/2014","5","","South DeKalb","13-089-0002","AQS"
"02/08/2014","6","","South DeKalb","13-089-0002","AQS"
"02/09/2014","8","","South DeKalb","13-089-0002","AQS"
"02/10/2014","6","","South DeKalb","13-089-0002","AQS"
"02/11/2014","3","","South DeKalb","13-089-0002","AQS"
"02/12/2014","3","","South DeKalb","13-089-0002","AQS"
"02/13/2014","5","","MONITOR LOCATED WITHIN PORTABLE INSTRUMENT SHELTER","13-121-0099","AQS"
"02/14/2014","6","","South DeKalb","13-089-0002","AQS"
"02/15/2014","6","","MONITOR LOCATED WITHIN PORTABLE INSTRUMENT SHELTER","13-121-0099","AQS"
"02/16/2014","7","","MONITOR LOCATED WITHIN PORTABLE INSTRUMENT SHELTER","13-121-0099","AQS"
"02/17/2014","9","","South DeKalb","13-089-0002","AQS"
"02/18/2014","7","","Yorkville, King Farm","13-223-0003","AQS"
"02/19/2014","6","","MONITOR LOCATED WITHIN PORTABLE INSTRUMENT SHELTER","13-121-0099","AQS"
"02/20/2014","7","","South DeKalb","13-089-0002","AQS"
"02/21/2014","5","","MONITOR LOCATED WITHIN PORTABLE INSTRUMENT SHELTER","13-121-0099","AQS"
"02/22/2014","9","","MONITOR LOCATED WITHIN PORTABLE INSTRUMENT SHELTER","13-121-0099","AQS"
"02/23/2014","11","","South DeKalb","13-089-0002","AQS"
"02/24/2014","6","","MONITOR LOCATED WITHIN PORTABLE INSTRUMENT SHELTER","13-121-0099","AQS"
"02/25/2014","6","","MONITOR LOCATED WITHIN PORTABLE INSTRUMENT SHELTER","13-121-0099","AQS"
"02/26/2014","5","","MONITOR LOCATED WITHIN PORTABLE INSTRUMENT SHELTER","13-121-0099","AQS"
"02/27/2014","6","","MONITOR LOCATED WITHIN PORTABLE INSTRUMENT SHELTER","13-121-0099","AQS"
"02/28/2014","7","","MONITOR LOCATED WITHIN PORTABLE INSTRUMENT SHELTER","13-121-0099","AQS"
"03/01/2014","9","","MONITOR LOCATED WITHIN PORTABLE INSTRUMENT SHELTER","13-121-0099","AQS"
"03/02/2014","11","","South DeKalb","13-089-0002","AQS"
"03/03/2014","6","","MONITOR LOCATED WITHIN PORTABLE INSTRUMENT SHELTER","13-121-0099","AQS"
"03/04/2014","7","","MONITOR LOCATED WITHIN PORTABLE INSTRUMENT SHELTER","13-121-0099","AQS"
"03/05/2014","7","","MONITOR LOCATED WITHIN PORTABLE INSTRUMENT SHELTER","13-121-0099","AQS"
"03/06/2014","3","","South DeKalb","13-089-0002","AQS"
"03/07/2014","3","","South DeKalb","13-089-0002","AQS"
"03/08/2014","11","","South DeKalb","13-089-0002","AQS"
"03/09/2014","6","","South DeKalb","13-089-0002","AQS"
"03/10/2014","5","","South DeKalb","13-089-0002","AQS"
"03/11/2014","6","","South DeKalb","13-089-0002","AQS"
"03/12/2014","5","","Yorkville, King Farm","13-223-0003","AQS"
"03/13/2014","5","","South DeKalb","13-089-0002","AQS"
"03/14/2014","9","","South DeKalb","13-089-0002","AQS"
"03/15/2014","7","","South DeKalb","13-089-0002","AQS"
"03/16/2014","6","","South DeKalb","13-089-0002","AQS"
"03/17/2014","3","","South DeKalb","13-089-0002","AQS"
"03/18/2014","3","","South DeKalb","13-089-0002","AQS"
"03/19/2014","6","","South DeKalb","13-089-0002","AQS"
"03/20/2014","9","","South DeKalb","13-089-0002","AQS"
"03/21/2014","10","","South DeKalb","13-089-0002","AQS"
"03/22/2014","10","","South DeKalb","13-089-0002","AQS"
"03/23/2014","11","","South DeKalb","13-089-0002","AQS"
"03/24/2014","3","","South DeKalb","13-089-0002","AQS"
"03/25/2014","3","","South DeKalb","13-089-0002","AQS"
"03/26/2014","5","","South DeKalb","13-089-0002","AQS"
"03/27/2014","8","","South DeKalb","13-089-0002","AQS"
"03/28/2014","3","","South DeKalb","13-089-0002","AQS"
"03/29/2014","3","","South DeKalb","13-089-0002","AQS"
"03/30/2014","3","","South DeKalb","13-089-0002","AQS"
"03/31/2014","6","","South DeKalb","13-089-0002","AQS"
"04/01/2014","9","","South DeKalb","13-089-0002","AQS"
"04/02/2014","9","","South DeKalb","13-089-0002","AQS"
"04/03/2014","6","","South DeKalb","13-089-0002","AQS"
"04/04/2014","3","","South DeKalb","13-089-0002","AQS"
"04/05/2014","3","","South DeKalb","13-089-0002","AQS"
"04/06/2014","3","","South DeKalb","13-089-0002","AQS"
"04/07/2014","3","","Yorkville, King Farm","13-223-0003","AQS"
"04/08/2014","3","","South DeKalb","13-089-0002","AQS"
"04/09/2014","5","","South DeKalb","13-089-0002","AQS"
"04/10/2014","7","","South DeKalb","13-089-0002","AQS"
"04/11/2014","6","","South DeKalb","13-089-0002","AQS"
"04/12/2014","10","","South DeKalb","13-089-0002","AQS"
"04/13/2014","7","","South DeKalb","13-089-0002","AQS"
"04/14/2014","2","","South DeKalb","13-089-0002","AQS"
"04/15/2014","2","","South DeKalb","13-089-0002","AQS"
"04/16/2014","3","","Yorkville, King Farm","13-223-0003","AQS"
"04/17/2014","2","","South DeKalb","13-089-0002","AQS"
"04/18/2014","3","","South DeKalb","13-089-0002","AQS"
"04/19/2014","2","","South DeKalb","13-089-0002","AQS"
"04/20/2014","5","","South DeKalb","13-089-0002","AQS"
"04/21/2014","8","","South DeKalb","13-089-0002","AQS"
"04/22/2014","7","","South DeKalb","13-089-0002","AQS"
"04/23/2014","3","","South DeKalb","13-089-0002","AQS"
"04/24/2014","6","","South DeKalb","13-089-0002","AQS"
"04/25/2014","6","","South DeKalb","13-089-0002","AQS"
"04/26/2014","5","","South DeKalb","13-089-0002","AQS"
"04/27/2014","9","","South DeKalb","13-089-0002","AQS"
"04/28/2014","5","","South DeKalb","13-089-0002","AQS"
"04/29/2014","3","","Yorkville, King Farm","13-223-0003","AQS"
"04/30/2014","2","","South DeKalb","13-089-0002","AQS"
"05/01/2014","3","","South DeKalb","13-089-0002","AQS"
"05/02/2014","3","","South DeKalb","13-089-0002","AQS"
"05/03/2014","5","","South DeKalb","13-089-0002","AQS"
"05/04/2014","7","","South DeKalb","13-089-0002","AQS"
"05/05/2014","7","","South DeKalb","13-089-0002","AQS"
"05/06/2014","6","","South DeKalb","13-089-0002","AQS"
"05/07/2014","7","","South DeKalb","13-089-0002","AQS"
"05/08/2014","8","","South DeKalb","13-089-0002","AQS"
"05/09/2014","3","","South DeKalb","13-089-0002","AQS"
"05/10/2014","3","","South DeKalb","13-089-0002","AQS"
"05/11/2014","5","","South DeKalb","13-089-0002","AQS"
"05/12/2014","6","","South DeKalb","13-089-0002","AQS"
"05/13/2014","7","","South DeKalb","13-089-0002","AQS"
"05/14/2014","5","","South DeKalb","13-089-0002","AQS"
"05/15/2014","2","","South DeKalb","13-089-0002","AQS"
"05/16/2014","3","","South DeKalb","13-089-0002","AQS"
"05/17/2014","6","","South DeKalb","13-089-0002","AQS"
"05/18/2014","5","","South DeKalb","13-089-0002","AQS"
"05/19/2014","3","","South DeKalb","13-089-0002","AQS"
"05/20/2014","6","","South DeKalb","13-089-0002","AQS"
"05/21/2014","6","","South DeKalb","13-089-0002","AQS"
"05/22/2014","3","","South DeKalb","13-089-0002","AQS"
"05/23/2014","3","","South DeKalb","13-089-0002","AQS"
"05/24/2014","6","","South DeKalb","13-089-0002","AQS"
"05/25/2014","8","","South DeKalb","13-089-0002","AQS"
"05/26/2014","3","","South DeKalb","13-089-0002","AQS"
"05/27/2014","6","","South DeKalb","13-089-0002","AQS"
"05/28/2014","5","","South DeKalb","13-089-0002","AQS"
"05/29/2014","5","","South DeKalb","13-089-0002","AQS"
"05/30/2014","5","","South DeKalb","13-089-0002","AQS"
"05/31/2014","6","","South DeKalb","13-089-0002","AQS"
"06/01/2014","5","","Yorkville, King Farm","13-223-0003","AQS"
"06/02/2014","2","","South DeKalb","13-089-0002","AQS"
"06/03/2014","2","","South DeKalb","13-089-0002","AQS"
"06/04/2014","2","","South DeKalb","13-089-0002","AQS"
"06/05/2014","3","","South DeKalb","13-089-0002","AQS"
"06/06/2014","3","","South DeKalb","13-089-0002","AQS"
"06/07/2014","3","","South DeKalb","13-089-0002","AQS"
"06/08/2014","5","","South DeKalb","13-089-0002","AQS"
"06/09/2014","5","","South DeKalb","13-089-0002","AQS"
"06/10/2014","3","","South DeKalb","13-089-0002","AQS"
"06/11/2014","2","","South DeKalb","13-089-0002","AQS"
"06/12/2014","3","","South DeKalb","13-089-0002","AQS"
"06/13/2014","5","","South DeKalb","13-089-0002","AQS"
"06/14/2014","6","","South DeKalb","13-089-0002","AQS"
"06/15/2014","9","","South DeKalb","13-089-0002","AQS"
"06/16/2014","6","","NR-GA Tech","13-121-0056","AQS"
"06/17/2014","8","","NR-GA Tech","13-121-0056","AQS"
"06/18/2014","7","","NR-GA Tech","13-121-0056","AQS"
"06/19/2014","9","","NR-GA Tech","13-121-0056","AQS"
"06/20/2014","9","","NR-GA Tech","13-121-0056","AQS"
"06/21/2014","8","","NR-GA Tech","13-121-0056","AQS"
"06/22/2014","8","","NR-GA Tech","13-121-0056","AQS"
"06/23/2014","8","","NR-GA Tech","13-121-0056","AQS"
"06/24/2014","6","","NR-GA Tech","13-121-0056","AQS"
"06/25/2014","7","","NR-GA Tech","13-121-0056","AQS"
"06/26/2014","8","","NR-GA Tech","13-121-0056","AQS"
"06/27/2014","9","","NR-GA Tech","13-121-0056","AQS"
"06/28/2014","8","","NR-GA Tech","13-121-0056","AQS"
"06/29/2014","8","","NR-GA Tech","13-121-0056","AQS"
"06/30/2014","10","","NR-GA Tech","13-121-0056","AQS"
"07/01/2014","8","","NR-GA Tech","13-121-0056","AQS"
"07/02/2014","9","","NR-GA Tech","13-121-0056","AQS"
"07/03/2014","9","","NR-GA Tech","13-121-0056","AQS"
"07/04/2014","6","","NR-GA Tech","13-121-0056","AQS"
"07/05/2014","8","","NR-GA Tech","13-121-0056","AQS"
"07/06/2014","8","","NR-GA Tech","13-121-0056","AQS"
"07/07/2014","6","","NR-GA Tech","13-121-0056","AQS"
"07/08/2014","6","","South DeKalb","13-089-0002","AQS"
"07/09/2014","7","","NR-GA Tech","13-121-0056","AQS"
"07/10/2014","6","","NR-GA Tech","13-121-0056","AQS"
"07/11/2014","5","","South DeKalb","13-089-0002","AQS"
"07/12/2014","5","","South DeKalb","13-089-0002","AQS"
"07/13/2014","5","","South DeKalb","13-089-0002","AQS"
"07/14/2014","5","","South DeKalb","13-089-0002","AQS"
"07/15/2014","6","","NR-GA Tech","13-121-0056","AQS"
"07/16/2014","6","","NR-GA Tech","13-121-0056","AQS"
"07/17/2014","10","","NR-GA Tech","13-121-0056","AQS"
"07/18/2014","11","","NR-GA Tech","13-121-0056","AQS"
"07/19/2014","11","","NR-GA Tech","13-121-0056","AQS"
"07/20/2014","11","","NR-GA Tech","13-121-0056","AQS"
"07/21/2014","10","","NR-GA Tech","13-121-0056","AQS"
"07/22/2014","13","","NR-GA Tech","13-121-0056","AQS"
"07/23/2014","13","","NR-GA Tech","13-121-0056","AQS"
"07/24/2014","10","","NR-GA Tech","13-121-0056","AQS"
"07/25/2014","10","","NR-GA Tech","13-121-0056","AQS"
"07/26/2014","9","","NR-GA Tech","13-121-0056","AQS"
"07/27/2014","9","","NR-GA Tech","13-121-0056","AQS"
"07/28/2014","10","","NR-GA Tech","13-121-0056","AQS"
"07/29/2014","9","","NR-GA Tech","13-121-0056","AQS"
"07/30/2014","11","","NR-GA Tech","13-121-0056","AQS"
"07/31/2014","14","","NR-GA Tech","13-121-0056","AQS"
"08/01/2014","13","","NR-GA Tech","13-121-0056","AQS"
"08/02/2014","10","","NR-GA Tech","13-121-0056","AQS"
"08/03/2014","13","","NR-GA Tech","13-121-0056","AQS"
"08/04/2014","14","","NR-GA Tech","13-121-0056","AQS"
"08/05/2014","11","","NR-GA Tech","13-121-0056","AQS"
"08/06/2014","9","","NR-GA Tech","13-121-0056","AQS"
"08/07/2014","9","","NR-GA Tech","13-121-0056","AQS"
"08/08/2014","13","","NR-GA Tech","13-121-0056","AQS"
"08/09/2014","9","","NR-GA Tech","13-121-0056","AQS"
"08/10/2014","9","","NR-GA Tech","13-121-0056","AQS"
"08/11/2014","9","","NR-GA Tech","13-121-0056","AQS"
"08/12/2014","9","","NR-GA Tech","13-121-0056","AQS"
"08/13/2014","8","","NR-GA Tech","13-121-0056","AQS"
"08/14/2014","9","","NR-GA Tech","13-121-0056","AQS"
"08/15/2014","10","","NR-GA Tech","13-121-0056","AQS"
"08/16/2014","8","","South DeKalb","13-089-0002","AQS"
"08/17/2014","9","","South DeKalb","13-089-0002","AQS"
"08/18/2014","8","","NR-GA Tech","13-121-0056","AQS"
"08/19/2014","9","","NR-GA Tech","13-121-0056","AQS"
"08/20/2014","10","","NR-GA Tech","13-121-0056","AQS"
"08/21/2014","10","","NR-GA Tech","13-121-0056","AQS"
"08/22/2014","10","","NR-GA Tech","13-121-0056","AQS"
"08/23/2014","9","","NR-GA Tech","13-121-0056","AQS"
"08/24/2014","10","","NR-GA Tech","13-121-0056","AQS"
"08/25/2014","10","","NR-GA Tech","13-121-0056","AQS"
"08/26/2014","11","","NR-GA Tech","13-121-0056","AQS"
"08/27/2014","11","","NR-GA Tech","13-121-0056","AQS"
"08/28/2014","10","","NR-GA Tech","13-121-0056","AQS"
"08/29/2014","14","","NR-GA Tech","13-121-0056","AQS"
"08/30/2014","11","","NR-GA Tech","13-121-0056","AQS"
"08/31/2014","10","","NR-GA Tech","13-121-0056","AQS"
"09/01/2014","9","","South DeKalb","13-089-0002","AQS"
"09/02/2014","9","","NR-GA Tech","13-121-0056","AQS"
"09/03/2014","9","","NR-GA Tech","13-121-0056","AQS"
"09/04/2014","11","","NR-GA Tech","13-121-0056","AQS"
"09/05/2014","14","","NR-GA Tech","13-121-0056","AQS"
"09/06/2014","11","","NR-GA Tech","13-121-0056","AQS"
"09/07/2014","10","","NR-GA Tech","13-121-0056","AQS"
"09/08/2014","11","","NR-GA Tech","13-121-0056","AQS"
"09/09/2014","10","","NR-GA Tech","13-121-0056","AQS"
"09/10/2014","9","","NR-GA Tech","13-121-0056","AQS"
"09/11/2014","8","","NR-GA Tech","13-121-0056","AQS"
"09/12/2014","10","","NR-GA Tech","13-121-0056","AQS"
"09/13/2014","10","","NR-GA Tech","13-121-0056","AQS"
"09/14/2014","11","","NR-GA Tech","13-121-0056","AQS"
"09/15/2014","13","","NR-GA Tech","13-121-0056","AQS"
"09/16/2014","10","","NR-GA Tech","13-121-0056","AQS"
"09/17/2014","10","","NR-GA Tech","13-121-0056","AQS"
"09/18/2014","11","","NR-GA Tech","13-121-0056","AQS"
"09/19/2014","13","","NR-GA Tech","13-121-0056","AQS"
"09/20/2014","13","","NR-GA Tech","13-121-0056","AQS"
"09/21/2014","13","","NR-GA Tech","13-121-0056","AQS"
"09/22/2014","9","","NR-GA Tech","13-121-0056","AQS"
"09/23/2014","10","","NR-GA Tech","13-121-0056","AQS"
"09/24/2014","8","","NR-GA Tech","13-121-0056","AQS"
"09/25/2014","10","","NR-GA Tech","13-121-0056","AQS"
"09/26/2014","8","","NR-GA Tech","13-121-0056","AQS"
"09/27/2014","10","","NR-GA Tech","13-121-0056","AQS"
"09/28/2014","11","","NR-GA Tech","13-121-0056","AQS"
"09/29/2014","10","","NR-GA Tech","13-121-0056","AQS"
"09/30/2014","6","","South DeKalb","13-089-0002","AQS"
"10/01/2014","9","","NR-GA Tech","13-121-0056","AQS"
"10/02/2014","9","","NR-GA Tech","13-121-0056","AQS"
"10/03/2014","8","","NR-GA Tech","13-121-0056","AQS"
"10/04/2014","9","","NR-GA Tech","13-121-0056","AQS"
"10/05/2014","9","","NR-GA Tech","13-121-0056","AQS"
"10/06/2014","6","","NR-GA Tech","13-121-0056","AQS"
"10/07/2014","7","","NR-GA Tech","13-121-0056","AQS"
"10/08/2014","10","","NR-GA Tech","13-121-0056","AQS"
"10/09/2014","11","","NR-GA Tech","13-121-0056","AQS"
"10/10/2014","11","","NR-GA Tech","13-121-0056","AQS"
"10/11/2014","7","","NR-GA Tech","13-121-0056","AQS"
"10/12/2014","9","","NR-GA Tech","13-121-0056","AQS"
"10/13/2014","9","","NR-GA Tech","13-121-0056","AQS"
"10/14/2014","7","","NR-GA Tech","13-121-0056","AQS"
"10/15/2014","6","","NR-GA Tech","13-121-0056","AQS"
"10/16/2014","8","","NR-GA Tech","13-121-0056","AQS"
"10/17/2014","7","","South DeKalb","13-089-0002","AQS"
"10/18/2014","9","","NR-GA Tech","13-121-0056","AQS"
"10/19/2014","8","","NR-GA Tech","13-121-0056","AQS"
"10/20/2014","13","","NR-GA Tech","13-121-0056","AQS"
"10/21/2014","10","","NR-GA Tech","13-121-0056","AQS"
"10/22/2014","7","","NR-GA Tech","13-121-0056","AQS"
"10/23/2014","8","","NR-GA Tech","13-121-0056","AQS"
"10/24/2014","10","","NR-GA Tech","13-121-0056","AQS"
"10/25/2014","9","","NR-GA Tech","13-121-0056","AQS"
"10/26/2014","9","","NR-GA Tech","13-121-0056","AQS"
"10/27/2014","11","","NR-GA Tech","13-121-0056","AQS"
"10/28/2014","11","","NR-GA Tech","13-121-0056","AQS"
"10/29/2014","9","","NR-GA Tech","13-121-0056","AQS"
"10/30/2014","9","","NR-GA Tech","13-121-0056","AQS"
"10/31/2014","10","","NR-GA Tech","13-121-0056","AQS"
"11/01/2014","6","","NR-GA Tech","13-121-0056","AQS"
"11/02/2014","7","","NR-GA Tech","13-121-0056","AQS"
"11/03/2014","11","","NR-GA Tech","13-121-0056","AQS"
"11/04/2014","14","","NR-GA Tech","13-121-0056","AQS"
"11/05/2014","10","","South DeKalb","13-089-0002","AQS"
"11/06/2014","8","","South DeKalb","13-089-0002","AQS"
"11/07/2014","8","","NR-GA Tech","13-121-0056","AQS"
"11/08/2014","10","","NR-GA Tech","13-121-0056","AQS"
"11/09/2014","9","","South DeKalb","13-089-0002","AQS"
"11/10/2014","20","","NR-GA Tech","13-121-0056","AQS"
"11/11/2014","19","","NR-GA Tech","13-121-0056","AQS"
"11/12/2014","16","","NR-GA Tech","13-121-0056","AQS"
"11/13/2014","11","","NR-GA Tech","13-121-0056","AQS"
"11/14/2014","9","","NR-GA Tech","13-121-0056","AQS"
"11/15/2014","10","","NR-GA Tech","13-121-0056","AQS"
"11/16/2014","11","","NR-GA Tech","13-121-0056","AQS"
"11/17/2014","10","","NR-GA Tech","13-121-0056","AQS"
"11/18/2014","9","","NR-GA Tech","13-121-0056","AQS"
"11/19/2014","9","","NR-GA Tech","13-121-0056","AQS"
"11/20/2014","11","","NR-GA Tech","13-121-0056","AQS"
"11/21/2014","11","","NR-GA Tech","13-121-0056","AQS"
"11/22/2014","13","","South DeKalb","13-089-0002","AQS"
"11/23/2014","9","","NR-GA Tech","13-121-0056","AQS"
"11/24/2014","7","","NR-GA Tech","13-121-0056","AQS"
"11/25/2014","8","","NR-GA Tech","13-121-0056","AQS"
"11/26/2014","8","","NR-GA Tech","13-121-0056","AQS"
"11/27/2014","6","","NR-GA Tech","13-121-0056","AQS"
"11/28/2014","10","","NR-GA Tech","13-121-0056","AQS"
"11/29/2014","16","","NR-GA Tech","13-121-0056","AQS"
"11/30/2014","9","","South DeKalb","13-089-0002","AQS"
"12/01/2014","10","","South DeKalb","13-089-0002","AQS"
"12/02/2014","15","","NR-GA Tech","13-121-0056","AQS"
"12/03/2014","17","","NR-GA Tech","13-121-0056","AQS"
"12/04/2014","18","","NR-GA Tech","13-121-0056","AQS"
"12/05/2014","13","","NR-GA Tech","13-121-0056","AQS"
"12/06/2014","9","","NR-GA Tech","13-121-0056","AQS"
"12/07/2014","10","","NR-GA Tech","13-121-0056","AQS"
"12/08/2014","10","","NR-GA Tech","13-121-0056","AQS"
"12/09/2014","9","","NR-GA Tech","13-121-0056","AQS"
"12/10/2014","8","","NR-GA Tech","13-121-0056","AQS"
"12/11/2014","8","","NR-GA Tech","13-121-0056","AQS"
"12/12/2014","10","","NR-GA Tech","13-121-0056","AQS"
"12/13/2014","13","","NR-GA Tech","13-121-0056","AQS"
"12/14/2014","8","","NR-GA Tech","13-121-0056","AQS"
"12/15/2014","16","","NR-GA Tech","13-121-0056","AQS"
"12/16/2014","15","","NR-GA Tech","13-121-0056","AQS"
"12/17/2014","10","","NR-GA Tech","13-121-0056","AQS"
"12/18/2014","11","","NR-GA Tech","13-121-0056","AQS"
"12/19/2014","11","","NR-GA Tech","13-121-0056","AQS"
"12/20/2014","14","","NR-GA Tech","13-121-0056","AQS"
"12/21/2014","14","","NR-GA Tech","13-121-0056","AQS"
"12/22/2014","10","","NR-GA Tech","13-121-0056","AQS"
"12/23/2014","10","","NR-GA Tech","13-121-0056","AQS"
"12/24/2014","9","","NR-GA Tech","13-121-0056","AQS"
"12/25/2014","7","","NR-GA Tech","13-121-0056","AQS"
"12/26/2014","13","","NR-GA Tech","13-121-0056","AQS"
"12/27/2014","14","","South DeKalb","13-089-0002","AQS"
"12/28/2014","10","","NR-GA Tech","13-121-0056","AQS"
"12/29/2014","8","","NR-GA Tech","13-121-0056","AQS"
"12/30/2014","5","","South DeKalb","13-089-0002","AQS"
"12/31/2014","6","","South DeKalb","13-089-0002","AQS"
"01/01/2015","7","","South DeKalb","13-089-0002","AQS"
"01/02/2015","6","","South DeKalb","13-089-0002","AQS"
"01/03/2015","3","","South DeKalb","13-089-0002","AQS"
"01/04/2015","3","","South DeKalb","13-089-0002","AQS"
"01/05/2015","3","","South DeKalb","13-089-0002","AQS"
"01/06/2015","8","","South DeKalb","13-089-0002","AQS"
"01/07/2015","5","","South DeKalb","13-089-0002","AQS"
"01/08/2015","8","","NR-GA Tech","13-121-0056","AQS"
"01/09/2015","8","","NR-GA Tech","13-121-0056","AQS"
"01/10/2015","14","","NR-GA Tech","13-121-0056","AQS"
"01/11/2015","14","","NR-GA Tech","13-121-0056","AQS"
"01/12/2015","17","","NR-GA Tech","13-121-0056","AQS"
"01/13/2015","13","","NR-GA Tech","13-121-0056","AQS"
"01/14/2015","10","","NR-GA Tech","13-121-0056","AQS"
"01/15/2015","9","","NR-GA Tech","13-121-0056","AQS"
"01/16/2015","9","","NR-GA Tech","13-121-0056","AQS"
"01/17/2015","14","","NR-GA Tech","13-121-0056","AQS"
"01/18/2015","13","","NR-GA Tech","13-121-0056","AQS"
"01/19/2015","7","","South DeKalb","13-089-0002","AQS"
"01/20/2015","10","","South DeKalb","13-089-0002","AQS"
"01/21/2015","11","","NR-GA Tech","13-121-0056","AQS"
"01/22/2015","11","","NR-GA Tech","13-121-0056","AQS"
"01/23/2015","9","","NR-GA Tech","13-121-0056","AQS"
"01/24/2015","9","","NR-GA Tech","13-121-0056","AQS"
"01/25/2015","7","","NR-GA Tech","13-121-0056","AQS"
"01/26/2015","8","","NR-GA Tech","13-121-0056","AQS"
"01/27/2015","8","","NR-GA Tech","13-121-0056","AQS"
"01/28/2015","11","","NR-GA Tech","13-121-0056","AQS"
"01/29/2015","13","","NR-GA Tech","13-121-0056","AQS"
"01/30/2015","5","","NR-GA Tech","13-121-0056","AQS"
"01/31/2015","11","","NR-GA Tech","13-121-0056","AQS"
"02/01/2015","14","","NR-GA Tech","13-121-0056","AQS"
"02/02/2015","6","","NR-GA Tech","13-121-0056","AQS"
"02/03/2015","11","","NR-GA Tech","13-121-0056","AQS"
"02/04/2015","18","","NR-GA Tech","13-121-0056","AQS"
"02/05/2015","13","","NR-GA Tech","13-121-0056","AQS"
"02/06/2015","8","","NR-GA Tech","13-121-0056","AQS"
"02/07/2015","14","","South DeKalb","13-089-0002","AQS"
"02/08/2015","10","","South DeKalb","13-089-0002","AQS"
"02/09/2015","8","","NR-GA Tech","13-121-0056","AQS"
"02/10/2015","8","","NR-GA Tech","13-121-0056","AQS"
"02/11/2015","11","","NR-GA Tech","13-121-0056","AQS"
"02/12/2015","8","","NR-GA Tech","13-121-0056","AQS"
"02/13/2015","7","","NR-GA Tech","13-121-0056","AQS"
"02/14/2015","8","","NR-GA Tech","13-121-0056","AQS"
"02/15/2015","7","","NR-GA Tech","13-121-0056","AQS"
"02/16/2015","8","","NR-GA Tech","13-121-0056","AQS"
"02/17/2015","7","","NR-GA Tech","13-121-0056","AQS"
"02/18/2015","6","","NR-GA Tech","13-121-0056","AQS"
"02/19/2015","6","","NR-GA Tech","13-121-0056","AQS"
"02/20/2015","9","","NR-GA Tech","13-121-0056","AQS"
"02/21/2015","14","","NR-GA Tech","13-121-0056","AQS"
"02/22/2015","13","","NR-GA Tech","13-121-0056","AQS"
"02/23/2015","8","","NR-GA Tech","13-121-0056","AQS"
"02/24/2015","7","","NR-GA Tech","13-121-0056","AQS"
"02/25/2015","9","","NR-GA Tech","13-121-0056","AQS"
"02/26/2015","7","","NR-GA Tech","13-121-0056","AQS"
"02/27/2015","7","","NR-GA Tech","13-121-0056","AQS"
"02/28/2015","8","","NR-GA Tech","13-121-0056","AQS"
"03/01/2015","14","","NR-GA Tech","13-121-0056","AQS"
"03/02/2015","13","","NR-GA Tech","13-121-0056","AQS"
"03/03/2015","13","","NR-GA Tech","13-121-0056","AQS"
"03/04/2015","11","","Yorkville, King Farm","13-223-0003","AQS"
"03/05/2015","13","","Yorkville, King Farm","13-223-0003","AQS"
"03/06/2015","7","","NR-GA Tech","13-121-0056","AQS"
"03/07/2015","8","","NR-GA Tech","13-121-0056","AQS"
"03/08/2015","17","","NR-GA Tech","13-121-0056","AQS"
"03/09/2015","13","","NR-GA Tech","13-121-0056","AQS"
"03/10/2015","11","","NR-GA Tech","13-121-0056","AQS"
"03/11/2015","9","","NR-GA Tech","13-121-0056","AQS"
"03/12/2015","10","","NR-GA Tech","13-121-0056","AQS"
"03/13/2015","7","","NR-GA Tech","13-121-0056","AQS"
"03/14/2015","9","","NR-GA Tech","13-121-0056","AQS"
"03/15/2015","9","","NR-GA Tech","13-121-0056","AQS"
"03/16/2015","9","","NR-GA Tech","13-121-0056","AQS"
"03/17/2015","9","","South DeKalb","13-089-0002","AQS"
"03/18/2015","8","","NR-GA Tech","13-121-0056","AQS"
"03/19/2015","9","","NR-GA Tech","13-121-0056","AQS"
"03/20/2015","11","","NR-GA Tech","13-121-0056","AQS"
"03/21/2015","9","","NR-GA Tech","13-121-0056","AQS"
"03/22/2015","9","","NR-GA Tech","13-121-0056","AQS"
"03/23/2015","13","","NR-GA Tech","13-121-0056","AQS"
"03/24/2015","13","","NR-GA Tech","13-121-0056","AQS"
"03/25/2015","13","","NR-GA Tech","13-121-0056","AQS"
"03/26/2015","9","","NR-GA Tech","13-121-0056","AQS"
"03/27/2015","6","","NR-GA Tech","13-121-0056","AQS"
"03/28/2015","8","","NR-GA Tech","13-121-0056","AQS"
"03/29/2015","9","","NR-GA Tech","13-121-0056","AQS"
"03/30/2015","10","","NR-GA Tech","13-121-0056","AQS"
"03/31/2015","10","","NR-GA Tech","13-121-0056","AQS"
"04/01/2015","13","","NR-GA Tech","13-121-0056","AQS"
"04/02/2015","14","","NR-GA Tech","13-121-0056","AQS"
"04/03/2015","9","","NR-GA Tech","13-121-0056","AQS"
"04/04/2015","6","","NR-GA Tech","13-121-0056","AQS"
"04/05/2015","9","","NR-GA Tech","13-121-0056","AQS"
"04/06/2015","10","","NR-GA Tech","13-121-0056","AQS"
"04/07/2015","13","","NR-GA Tech","13-121-0056","AQS"
"04/08/2015","13","","NR-GA Tech","13-121-0056","AQS"
"04/09/2015","8","","South DeKalb","13-089-0002","AQS"
"04/10/2015","6","","NR-GA Tech","13-121-0056","AQS"
"04/11/2015","9","","NR-GA Tech","13-121-0056","AQS"
"04/12/2015","10","","NR-GA Tech","13-121-0056","AQS"
"04/13/2015","9","","NR-GA Tech","13-121-0056","AQS"
"04/14/2015","3","","NR-GA Tech","13-121-0056","AQS"
"04/15/2015","8","","NR-GA Tech","13-121-0056","AQS"
"04/16/2015","7","","NR-GA Tech","13-121-0056","AQS"
"04/17/2015","11","","NR-GA Tech","13-121-0056","AQS"
"04/18/2015","13","","NR-GA Tech","13-121-0056","AQS"
"04/19/2015","13","","NR-GA Tech","13-121-0056","AQS"
"04/20/2015","7","","NR-GA Tech","13-121-0056","AQS"
"04/21/2015","8","","NR-GA Tech","13-121-0056","AQS"
"04/22/2015","8","","NR-GA Tech","13-121-0056","AQS"
"04/23/2015","9","","NR-GA Tech","13-121-0056","AQS"
"04/24/2015","9","","NR-GA Tech","13-121-0056","AQS"
"04/25/2015","9","","NR-GA Tech","13-121-0056","AQS"
"04/26/2015","7","","NR-GA Tech","13-121-0056","AQS"
"04/27/2015","7","","NR-GA Tech","13-121-0056","AQS"
"04/28/2015","9","","NR-GA Tech","13-121-0056","AQS"
"04/29/2015","10","","NR-GA Tech","13-121-0056","AQS"
"04/30/2015","10","","NR-GA Tech","13-121-0056","AQS"
"05/01/2015","9","","NR-GA Tech","13-121-0056","AQS"
"05/02/2015","11","","NR-GA Tech","13-121-0056","AQS"
"05/03/2015","11","","NR-GA Tech","13-121-0056","AQS"
"05/04/2015","11","","NR-GA Tech","13-121-0056","AQS"
"05/05/2015","13","","NR-GA Tech","13-121-0056","AQS"
"05/06/2015","14","","NR-GA Tech","13-121-0056","AQS"
"05/07/2015","13","","NR-GA Tech","13-121-0056","AQS"
"05/08/2015","13","","NR-GA Tech","13-121-0056","AQS"
"05/09/2015","14","","NR-GA Tech","13-121-0056","AQS"
"05/10/2015","13","","NR-GA Tech","13-121-0056","AQS"
"05/11/2015","11","","NR-GA Tech","13-121-0056","AQS"
"05/12/2015","11","","NR-GA Tech","13-121-0056","AQS"
"05/13/2015","10","","NR-GA Tech","13-121-0056","AQS"
"05/14/2015","13","","NR-GA Tech","13-121-0056","AQS"
"05/15/2015","13","","NR-GA Tech","13-121-0056","AQS"
"05/16/2015","14","","NR-GA Tech","13-121-0056","AQS"
"05/17/2015","15","","NR-GA Tech","13-121-0056","AQS"
"05/18/2015","15","","NR-GA Tech","13-121-0056","AQS"
"05/19/2015","13","","NR-GA Tech","13-121-0056","AQS"
"05/20/2015","11","","NR-GA Tech","13-121-0056","AQS"
"05/21/2015","10","","NR-GA Tech","13-121-0056","AQS"
"05/22/2015","11","","NR-GA Tech","13-121-0056","AQS"
"05/23/2015","13","","NR-GA Tech","13-121-0056","AQS"
"05/24/2015","13","","NR-GA Tech","13-121-0056","AQS"
"05/25/2015","11","","NR-GA Tech","13-121-0056","AQS"
"05/26/2015","14","","NR-GA Tech","13-121-0056","AQS"
"05/27/2015","14","","NR-GA Tech","13-121-0056","AQS"
"05/28/2015","15","","NR-GA Tech","13-121-0056","AQS"
"05/29/2015","15","","NR-GA Tech","13-121-0056","AQS"
"05/30/2015","16","","NR-GA Tech","13-121-0056","AQS"
"05/31/2015","16","","NR-GA Tech","13-121-0056","AQS"
"06/01/2015","13","","NR-GA Tech","13-121-0056","AQS"
"06/02/2015","13","","NR-GA Tech","13-121-0056","AQS"
"06/03/2015","14","","NR-GA Tech","13-121-0056","AQS"
"06/04/2015","15","","NR-GA Tech","13-121-0056","AQS"
"06/05/2015","15","","NR-GA Tech","13-121-0056","AQS"
"06/06/2015","13","","NR-GA Tech","13-121-0056","AQS"
"06/07/2015","14","","NR-GA Tech","13-121-0056","AQS"
"06/08/2015","14","","NR-GA Tech","13-121-0056","AQS"
"06/09/2015","10","","NR-GA Tech","13-121-0056","AQS"
"06/10/2015","15","","NR-GA Tech","13-121-0056","AQS"
"06/11/2015","14","","NR-GA Tech","13-121-0056","AQS"
"06/12/2015","10","","NR-GA Tech","13-121-0056","AQS"
"06/13/2015","10","","NR-GA Tech","13-121-0056","AQS"
"06/14/2015","10","","NR-GA Tech","13-121-0056","AQS"
"06/15/2015","10","","NR-GA Tech","13-121-0056","AQS"
"06/16/2015","14","","NR-GA Tech","13-121-0056","AQS"
"06/17/2015","13","","NR-GA Tech","13-121-0056","AQS"
"06/18/2015","11","","NR-GA Tech","13-121-0056","AQS"
"06/19/2015","11","","NR-GA Tech","13-121-0056","AQS"
"06/20/2015","9","","NR-GA Tech","13-121-0056","AQS"
"06/21/2015","13","","NR-GA Tech","13-121-0056","AQS"
"06/22/2015","13","","NR-GA Tech","13-121-0056","AQS"
"06/23/2015","14","","NR-GA Tech","13-121-0056","AQS"
"06/24/2015","13","","NR-GA Tech","13-121-0056","AQS"
"06/25/2015","13","","NR-GA Tech","13-121-0056","AQS"
"06/26/2015","11","","NR-GA Tech","13-121-0056","AQS"
"06/27/2015","13","","NR-GA Tech","13-121-0056","AQS"
"06/28/2015","14","","NR-GA Tech","13-121-0056","AQS"
"06/29/2015","11","","NR-GA Tech","13-121-0056","AQS"
"06/30/2015","11","","NR-GA Tech","13-121-0056","AQS"
"07/01/2015","13","","NR-GA Tech","13-121-0056","AQS"
"07/02/2015","11","","NR-GA Tech","13-121-0056","AQS"
"07/03/2015","13","","NR-GA Tech","13-121-0056","AQS"
"07/04/2015","11","","NR-GA Tech","13-121-0056","AQS"
"07/05/2015","10","","NR-GA Tech","13-121-0056","AQS"
"07/06/2015","14","","NR-GA Tech","13-121-0056","AQS"
"07/07/2015","14","","NR-GA Tech","13-121-0056","AQS"
"07/08/2015","14","","NR-GA Tech","13-121-0056","AQS"
"07/09/2015","13","","NR-GA Tech","13-121-0056","AQS"
"07/10/2015","14","","NR-GA Tech","13-121-0056","AQS"
"07/11/2015","14","","NR-GA Tech","13-121-0056","AQS"
"07/12/2015","13","","NR-GA Tech","13-121-0056","AQS"
"07/13/2015","14","","NR-GA Tech","13-121-0056","AQS"
"07/14/2015","14","","NR-GA Tech","13-121-0056","AQS"
"07/15/2015","15","","NR-GA Tech","13-121-0056","AQS"
"07/16/2015","14","","NR-GA Tech","13-121-0056","AQS"
"07/17/2015","14","","NR-GA Tech","13-121-0056","AQS"
"07/18/2015","13","","NR-GA Tech","13-121-0056","AQS"
"07/19/2015","7","","NR-GA Tech","13-121-0056","AQS"
"07/20/2015","10","","NR-GA Tech","13-121-0056","AQS"
"07/21/2015","9","","NR-GA Tech","13-121-0056","AQS"
"07/22/2015","9","","NR-GA Tech","13-121-0056","AQS"
"07/23/2015","10","","NR-GA Tech","13-121-0056","AQS"
"07/24/2015","10","","NR-GA Tech","13-121-0056","AQS"
"07/25/2015","10","","NR-GA Tech","13-121-0056","AQS"
"07/26/2015","9","","NR-GA Tech","13-121-0056","AQS"
"07/27/2015","10","","NR-GA Tech","13-121-0056","AQS"
"07/28/2015","13","","NR-GA Tech","13-121-0056","AQS"
"07/29/2015","11","","NR-GA Tech","13-121-0056","AQS"
"07/30/2015","13","","NR-GA Tech","13-121-0056","AQS"
"07/31/2015","10","","NR-GA Tech","13-121-0056","AQS"
"08/01/2015","10","","NR-GA Tech","13-121-0056","AQS"
"08/02/2015","11","","NR-GA Tech","13-121-0056","AQS"
"08/03/2015","13","","NR-GA Tech","13-121-0056","AQS"
"08/04/2015","9","","NR-GA Tech","13-121-0056","AQS"
"08/05/2015","9","","NR-GA Tech","13-121-0056","AQS"
"08/06/2015","8","","NR-GA Tech","13-121-0056","AQS"
"08/07/2015","10","","NR-GA Tech","13-121-0056","AQS"
"08/08/2015","14","","NR-GA Tech","13-121-0056","AQS"
"08/09/2015","15","","NR-GA Tech","13-121-0056","AQS"
"08/10/2015","9","","NR-GA Tech","13-121-0056","AQS"
"08/11/2015","10","","NR-GA Tech","13-121-0056","AQS"
"08/12/2015","10","","NR-GA Tech","13-121-0056","AQS"
"08/13/2015","15","","NR-GA Tech","13-121-0056","AQS"
"08/14/2015","15","","NR-GA Tech","13-121-0056","AQS"
"08/15/2015","13","","NR-GA Tech","13-121-0056","AQS"
"08/16/2015","14","","NR-GA Tech","13-121-0056","AQS"
"08/17/2015","13","","NR-GA Tech","13-121-0056","AQS"
"08/18/2015","8","","NR-GA Tech","13-121-0056","AQS"
"08/19/2015","8","","NR-GA Tech","13-121-0056","AQS"
"08/20/2015","10","","NR-GA Tech","13-121-0056","AQS"
"08/21/2015","10","","NR-GA Tech","13-121-0056","AQS"
"08/22/2015","10","","NR-GA Tech","13-121-0056","AQS"
"08/23/2015","10","","NR-GA Tech","13-121-0056","AQS"
"08/24/2015","11","","NR-GA Tech","13-121-0056","AQS"
"08/25/2015","10","","NR-GA Tech","13-121-0056","AQS"
"08/26/2015","11","","NR-GA Tech","13-121-0056","AQS"
"08/27/2015","13","","NR-GA Tech","13-121-0056","AQS"
"08/28/2015","13","","NR-GA Tech","13-121-0056","AQS"
"08/29/2015","14","","NR-GA Tech","13-121-0056","AQS"
"08/30/2015","15","","NR-GA Tech","13-121-0056","AQS"
"08/31/2015","15","","NR-GA Tech","13-121-0056","AQS"
"09/01/2015","14","","NR-GA Tech","13-121-0056","AQS"
"09/02/2015","14","","NR-GA Tech","13-121-0056","AQS"
"09/03/2015","13","","NR-GA Tech","13-121-0056","AQS"
"09/04/2015","14","","NR-GA Tech","13-121-0056","AQS"
"09/05/2015","14","","NR-GA Tech","13-121-0056","AQS"
"09/06/2015","14","","NR-GA Tech","13-121-0056","AQS"
"09/07/2015","14","","NR-GA Tech","13-121-0056","AQS"
"09/08/2015","13","","NR-GA Tech","13-121-0056","AQS"
"09/09/2015","11","","NR-GA Tech","13-121-0056","AQS"
"09/10/2015","10","","NR-GA Tech","13-121-0056","AQS"
"09/11/2015","13","","NR-GA Tech","13-121-0056","AQS"
"09/12/2015","13","","NR-GA Tech","13-121-0056","AQS"
"09/13/2015","15","","NR-GA Tech","13-121-0056","AQS"
"09/14/2015","13","","NR-GA Tech","13-121-0056","AQS"
"09/15/2015","14","","NR-GA Tech","13-121-0056","AQS"
"09/16/2015","14","","NR-GA Tech","13-121-0056","AQS"
"09/17/2015","15","","NR-GA Tech","13-121-0056","AQS"
"09/18/2015","17","","NR-GA Tech","13-121-0056","AQS"
"09/19/2015","15","","NR-GA Tech","13-121-0056","AQS"
"09/20/2015","11","","NR-GA Tech","13-121-0056","AQS"
"09/21/2015","14","","NR-GA Tech","13-121-0056","AQS"
"09/22/2015","16","","NR-GA Tech","13-121-0056","AQS"
"09/23/2015","14","","NR-GA Tech","13-121-0056","AQS"
"09/24/2015","13","","NR-GA Tech","13-121-0056","AQS"
"09/25/2015","15","","NR-GA Tech","13-121-0056","AQS"
"09/26/2015","15","","NR-GA Tech","13-121-0056","AQS"
"09/27/2015","14","","NR-GA Tech","13-121-0056","AQS"
"09/28/2015","14","","NR-GA Tech","13-121-0056","AQS"
"09/29/2015","16","","NR-GA Tech","13-121-0056","AQS"
"09/30/2015","15","","NR-GA Tech","13-121-0056","AQS"
"10/01/2015","15","","NR-GA Tech","13-121-0056","AQS"
"10/02/2015","14","","NR-GA Tech","13-121-0056","AQS"
"10/03/2015","14","","NR-GA Tech","13-121-0056","AQS"
"10/04/2015","13","","NR-GA Tech","13-121-0056","AQS"
"10/05/2015","15","","NR-GA Tech","13-121-0056","AQS"
"10/06/2015","15","","NR-GA Tech","13-121-0056","AQS"
"10/07/2015","18","","NR-GA Tech","13-121-0056","AQS"
"10/08/2015","18","","NR-GA Tech","13-121-0056","AQS"
"10/09/2015","16","","NR-GA Tech","13-121-0056","AQS"
"10/10/2015","13","","NR-GA Tech","13-121-0056","AQS"
"10/11/2015","14","","NR-GA Tech","13-121-0056","AQS"
"10/12/2015","13","","NR-GA Tech","13-121-0056","AQS"
"10/13/2015","14","","NR-GA Tech","13-121-0056","AQS"
"10/14/2015","14","","NR-GA Tech","13-121-0056","AQS"
"10/15/2015","15","","NR-GA Tech","13-121-0056","AQS"
"10/16/2015","14","","NR-GA Tech","13-121-0056","AQS"
"10/17/2015","8","","NR-GA Tech","13-121-0056","AQS"
"10/18/2015","7","","NR-GA Tech","13-121-0056","AQS"
"10/19/2015","10","","NR-GA Tech","13-121-0056","AQS"
"10/20/2015","11","","NR-GA Tech","13-121-0056","AQS"
"10/21/2015","15","","NR-GA Tech","13-121-0056","AQS"
"10/22/2015","17","","NR-GA Tech","13-121-0056","AQS"
"10/23/2015","17","","NR-GA Tech","13-121-0056","AQS"
"10/24/2015","17","","NR-GA Tech","13-121-0056","AQS"
"10/25/2015","14","","NR-GA Tech","13-121-0056","AQS"
"10/26/2015","11","","NR-GA Tech","13-121-0056","AQS"
"10/27/2015","8","","NR-GA Tech","13-121-0056","AQS"
"10/28/2015","10","","NR-GA Tech","13-121-0056","AQS"
"10/29/2015","11","","NR-GA Tech","13-121-0056","AQS"
"10/30/2015","11","","NR-GA Tech","13-121-0056","AQS"
"10/31/2015","13","","NR-GA Tech","13-121-0056","AQS"
"11/01/2015","14","","NR-GA Tech","13-121-0056","AQS"
"11/02/2015","15","","NR-GA Tech","13-121-0056","AQS"
"11/03/2015","15","","NR-GA Tech","13-121-0056","AQS"
"11/04/2015","14","","NR-GA Tech","13-121-0056","AQS"
"11/05/2015","13","","NR-GA Tech","13-121-0056","AQS"
"11/06/2015","13","","NR-GA Tech","13-121-0056","AQS"
"11/07/2015","11","","NR-GA Tech","13-121-0056","AQS"
"11/08/2015","9","","NR-GA Tech","13-121-0056","AQS"
"11/09/2015","13","","NR-GA Tech","13-121-0056","AQS"
"11/10/2015","11","","NR-GA Tech","13-121-0056","AQS"
"11/11/2015","13","","NR-GA Tech","13-121-0056","AQS"
"11/12/2015","11","","NR-GA Tech","13-121-0056","AQS"
"11/13/2015","11","","NR-GA Tech","13-121-0056","AQS"
"11/14/2015","10","","NR-GA Tech","13-121-0056","AQS"
"11/15/2015","15","","NR-GA Tech","13-121-0056","AQS"
"11/16/2015","15","","NR-GA Tech","13-121-0056","AQS"
"11/17/2015","13","","NR-GA Tech","13-121-0056","AQS"
"11/18/2015","13","","NR-GA Tech","13-121-0056","AQS"
"11/19/2015","13","","NR-GA Tech","13-121-0056","AQS"
"11/20/2015","11","","NR-GA Tech","13-121-0056","AQS"
"11/21/2015","14","","NR-GA Tech","13-121-0056","AQS"
"11/22/2015","14","","NR-GA Tech","13-121-0056","AQS"
"11/23/2015","13","","NR-GA Tech","13-121-0056","AQS"
"11/24/2015","16","","NR-GA Tech","13-121-0056","AQS"
"11/25/2015","14","","NR-GA Tech","13-121-0056","AQS"
"11/26/2015","10","","NR-GA Tech","13-121-0056","AQS"
"11/27/2015","17","","NR-GA Tech","13-121-0056","AQS"
"11/28/2015","17","","NR-GA Tech","13-121-0056","AQS"
"11/29/2015","20","","NR-GA Tech","13-121-0056","AQS"
"11/30/2015","15","","NR-GA Tech","13-121-0056","AQS"
"12/01/2015","16","","NR-GA Tech","13-121-0056","AQS"
"12/02/2015","14","","NR-GA Tech","13-121-0056","AQS"
"12/03/2015","11","","NR-GA Tech","13-121-0056","AQS"
"12/04/2015","17","","NR-GA Tech","13-121-0056","AQS"
"12/05/2015","17","","NR-GA Tech","13-121-0056","AQS"
"12/06/2015","16","","NR-GA Tech","13-121-0056","AQS"
"12/07/2015","16","","NR-GA Tech","13-121-0056","AQS"
"12/08/2015","15","","NR-GA Tech","13-121-0056","AQS"
"12/09/2015","19","","NR-GA Tech","13-121-0056","AQS"
"12/10/2015","13","","NR-GA Tech","13-121-0056","AQS"
"12/11/2015","14","","NR-GA Tech","13-121-0056","AQS"
"12/12/2015","18","","NR-GA Tech","13-121-0056","AQS"
"12/13/2015","19","","NR-GA Tech","13-121-0056","AQS"
"12/14/2015","13","","NR-GA Tech","13-121-0056","AQS"
"12/15/2015","15","","NR-GA Tech","13-121-0056","AQS"
"12/16/2015","23","","NR-GA Tech","13-121-0056","AQS"
"12/17/2015","15","","NR-GA Tech","13-121-0056","AQS"
"12/18/2015","9","","NR-GA Tech","13-121-0056","AQS"
"12/19/2015","9","","NR-GA Tech","13-121-0056","AQS"
"12/20/2015","10","","NR-GA Tech","13-121-0056","AQS"
"12/21/2015","13","","NR-GA Tech","13-121-0056","AQS"
"12/22/2015","16","","NR-GA Tech","13-121-0056","AQS"
"12/23/2015","11","","NR-GA Tech","13-121-0056","AQS"
"12/24/2015","10","","NR-GA Tech","13-121-0056","AQS"
"12/25/2015","7","","NR-GA Tech","13-121-0056","AQS"
"12/26/2015","14","","NR-GA Tech","13-121-0056","AQS"
"12/27/2015","15","","NR-GA Tech","13-121-0056","AQS"
"12/28/2015","14","","NR-GA Tech","13-121-0056","AQS"
"12/29/2015","10","","NR-GA Tech","13-121-0056","AQS"
"12/30/2015","13","","NR-GA Tech","13-121-0056","AQS"
"12/31/2015","11","","NR-GA Tech","13-121-0056","AQS"
"01/01/2016","9","","NR-GA Tech","13-121-0056","AQS"
"01/02/2016","11","","NR-GA Tech","13-121-0056","AQS"
"01/03/2016","13","","NR-GA Tech","13-121-0056","AQS"
"01/04/2016","10","","NR-GA Tech","13-121-0056","AQS"
"01/05/2016","11","","NR-GA Tech","13-121-0056","AQS"
"01/06/2016","11","","NR-GA Tech","13-121-0056","AQS"
"01/07/2016","14","","NR-GA Tech","13-121-0056","AQS"
"01/08/2016","14","","NR-GA Tech","13-121-0056","AQS"
"01/09/2016","13","","NR-GA Tech","13-121-0056","AQS"
"01/10/2016","11","","NR-GA Tech","13-121-0056","AQS"
"01/11/2016","11","","NR-GA Tech","13-121-0056","AQS"
"01/12/2016","11","","South DeKalb","13-089-0002","AQS"
"01/13/2016","11","","NR-GA Tech","13-121-0056","AQS"
"01/14/2016","11","","South DeKalb","13-089-0002","AQS"
"01/15/2016","13","","NR-GA Tech","13-121-0056","AQS"
"01/16/2016","10","","NR-GA Tech","13-121-0056","AQS"
"01/17/2016","10","","NR-GA Tech","13-121-0056","AQS"
"01/18/2016","11","","NR-GA Tech","13-121-0056","AQS"
"01/19/2016","11","","NR-GA Tech","13-121-0056","AQS"
"01/20/2016","16","","NR-GA Tech","13-121-0056","AQS"
"01/21/2016","18","","NR-GA Tech","13-121-0056","AQS"
"01/22/2016","10","","NR-GA Tech","13-121-0056","AQS"
"01/23/2016","10","","NR-GA Tech","13-121-0056","AQS"
"01/24/2016","22","","NR-GA Tech","13-121-0056","AQS"
"01/25/2016","26","","NR-GA Tech","13-121-0056","AQS"
"01/26/2016","16","","NR-GA Tech","13-121-0056","AQS"
"01/27/2016","15","","NR-GA Tech","13-121-0056","AQS"
"01/28/2016","14","","NR-GA Tech","13-121-0056","AQS"
"01/29/2016","14","","NR-GA Tech","13-121-0056","AQS"
"01/30/2016","19","","NR-GA Tech","13-121-0056","AQS"
"01/31/2016","15","","NR-GA Tech","13-121-0056","AQS"
"02/01/2016","13","","NR-GA Tech","13-121-0056","AQS"
"02/02/2016","17","","NR-GA Tech","13-121-0056","AQS"
"02/03/2016","14","","NR-GA Tech","13-121-0056","AQS"
"02/04/2016","13","","NR-GA Tech","13-121-0056","AQS"
"02/05/2016","11","","NR-GA Tech","13-121-0056","AQS"
"02/06/2016","15","","NR-GA Tech","13-121-0056","AQS"
"02/07/2016","13","","NR-GA Tech","13-121-0056","AQS"
"02/08/2016","13","","NR-GA Tech","13-121-0056","AQS"
"02/09/2016","11","","NR-GA Tech","13-121-0056","AQS"
"02/10/2016","13","","NR-GA Tech","13-121-0056","AQS"
"02/11/2016","14","","NR-GA Tech","13-121-0056","AQS"
"02/12/2016","17","","NR-GA Tech","13-121-0056","AQS"
"02/13/2016","11","","NR-GA Tech","13-121-0056","AQS"
"02/14/2016","11","","NR-GA Tech","13-121-0056","AQS"
"02/15/2016","2","","South DeKalb","13-089-0002","AQS"
"02/16/2016","3","","South DeKalb","13-089-0002","AQS"
"02/17/2016","2","","South DeKalb","13-089-0002","AQS"
"02/18/2016","6","","South DeKalb","13-089-0002","AQS"
"02/19/2016","8","","South DeKalb","13-089-0002","AQS"
"02/20/2016","9","","South DeKalb","13-089-0002","AQS"
"02/21/2016","11","","South DeKalb","13-089-0002","AQS"
"02/22/2016","3","","South DeKalb","13-089-0002","AQS"
"02/23/2016","3","","South DeKalb","13-089-0002","AQS"
"02/24/2016","3","","South DeKalb","13-089-0002","AQS"
"02/25/2016","3","","South DeKalb","13-089-0002","AQS"
"02/26/2016","3","","South DeKalb","13-089-0002","AQS"
"02/27/2016","5","","South DeKalb","13-089-0002","AQS"
"02/28/2016","11","","South DeKalb","13-089-0002","AQS"
"02/29/2016","5","","South DeKalb","13-089-0002","AQS"
"03/01/2016","9","","South DeKalb","13-089-0002","AQS"
"03/02/2016","7","","NR-GA Tech","13-121-0056","AQS"
"03/03/2016","9","","NR-GA Tech","13-121-0056","AQS"
"03/04/2016","9","","NR-GA Tech","13-121-0056","AQS"
"03/05/2016","10","","NR-GA Tech","13-121-0056","AQS"
"03/06/2016","11","","NR-GA Tech","13-121-0056","AQS"
"03/07/2016","11","","NR-GA Tech","13-121-0056","AQS"
"03/08/2016","11","","NR-GA Tech","13-121-0056","AQS"
"03/09/2016","11","","NR-GA Tech","13-121-0056","AQS"
"03/10/2016","11","","NR-GA Tech","13-121-0056","AQS"
"03/11/2016","11","","NR-GA Tech","13-121-0056","AQS"
"03/12/2016","15","","NR-GA Tech","13-121-0056","AQS"
"03/13/2016","16","","NR-GA Tech","13-121-0056","AQS"
"03/14/2016","8","","NR-GA Tech","13-121-0056","AQS"
"03/15/2016","9","","NR-GA Tech","13-121-0056","AQS"
"03/16/2016","10","","NR-GA Tech","13-121-0056","AQS"
"03/17/2016","10","","NR-GA Tech","13-121-0056","AQS"
"03/18/2016","10","","NR-GA Tech","13-121-0056","AQS"
"03/19/2016","8","","NR-GA Tech","13-121-0056","AQS"
"03/20/2016","8","","NR-GA Tech","13-121-0056","AQS"
"03/21/2016","8","","NR-GA Tech","13-121-0056","AQS"
"03/22/2016","9","","NR-GA Tech","13-121-0056","AQS"
"03/23/2016","8","","NR-GA Tech","13-121-0056","AQS"
"03/24/2016","11","","NR-GA Tech","13-121-0056","AQS"
"03/25/2016","10","","NR-GA Tech","13-121-0056","AQS"
"03/26/2016","16","","NR-GA Tech","13-121-0056","AQS"
"03/27/2016","14","","NR-GA Tech","13-121-0056","AQS"
"03/28/2016","10","","NR-GA Tech","13-121-0056","AQS"
"03/29/2016","11","","NR-GA Tech","13-121-0056","AQS"
"03/30/2016","11","","NR-GA Tech","13-121-0056","AQS"
"03/31/2016","13","","NR-GA Tech","13-121-0056","AQS"
"04/01/2016","10","","NR-GA Tech","13-121-0056","AQS"
"04/02/2016","10","","NR-GA Tech","13-121-0056","AQS"
"04/03/2016","9","","NR-GA Tech","13-121-0056","AQS"
"04/04/2016","13","","NR-GA Tech","13-121-0056","AQS"
"04/05/2016","9","","NR-GA Tech","13-121-0056","AQS"
"04/06/2016","11","","NR-GA Tech","13-121-0056","AQS"
"04/07/2016","10","","NR-GA Tech","13-121-0056","AQS"
"04/08/2016","10","","NR-GA Tech","13-121-0056","AQS"
"04/09/2016","10","","NR-GA Tech","13-121-0056","AQS"
"04/10/2016","15","","NR-GA Tech","13-121-0056","AQS"
"04/11/2016","14","","NR-GA Tech","13-121-0056","AQS"
"04/12/2016","11","","NR-GA Tech","13-121-0056","AQS"
"04/13/2016","13","","NR-GA Tech","13-121-0056","AQS"
"04/14/2016","14","","NR-GA Tech","13-121-0056","AQS"
"04/15/2016","11","","NR-GA Tech","13-121-0056","AQS"
"04/16/2016","14","","NR-GA Tech","13-121-0056","AQS"
"04/17/2016","14","","NR-GA Tech","13-121-0056","AQS"
"04/18/2016","16","","NR-GA Tech","13-121-0056","AQS"
"04/19/2016","15","","NR-GA Tech","13-121-0056","AQS"
"04/20/2016","15","","NR-GA Tech","13-121-0056","AQS"
"04/21/2016","15","","NR-GA Tech","13-121-0056","AQS"
"04/22/2016","14","","NR-GA Tech","13-121-0056","AQS"
"04/23/2016","13","","NR-GA Tech","13-121-0056","AQS"
"04/24/2016","17","","NR-GA Tech","13-121-0056","AQS"
"04/25/2016","17","","NR-GA Tech","13-121-0056","AQS"
"04/26/2016","14","","NR-GA Tech","13-121-0056","AQS"
"04/27/2016","11","","NR-GA Tech","13-121-0056","AQS"
"04/28/2016","9","","NR-GA Tech","13-121-0056","AQS"
"04/29/2016","10","","NR-GA Tech","13-121-0056","AQS"
"04/30/2016","11","","NR-GA Tech","13-121-0056","AQS"
"05/01/2016","10","","NR-GA Tech","13-121-0056","AQS"
"05/02/2016","13","","NR-GA Tech","13-121-0056","AQS"
"05/03/2016","9","","NR-GA Tech","13-121-0056","AQS"
"05/04/2016","9","","NR-GA Tech","13-121-0056","AQS"
"05/05/2016","8","","NR-GA Tech","13-121-0056","AQS"
"05/06/2016","9","","NR-GA Tech","13-121-0056","AQS"
"05/07/2016","9","","NR-GA Tech","13-121-0056","AQS"
"05/08/2016","8","","NR-GA Tech","13-121-0056","AQS"
"05/09/2016","8","","NR-GA Tech","13-121-0056","AQS"
"05/10/2016","11","","NR-GA Tech","13-121-0056","AQS"
"05/11/2016","7","","NR-GA Tech","13-121-0056","AQS"
"05/12/2016","9","","NR-GA Tech","13-121-0056","AQS"
"05/13/2016","10","","NR-GA Tech","13-121-0056","AQS"
"05/14/2016","11","","NR-GA Tech","13-121-0056","AQS"
"05/15/2016","8","","NR-GA Tech","13-121-0056","AQS"
"05/16/2016","10","","NR-GA Tech","13-121-0056","AQS"
"05/17/2016","13","","NR-GA Tech","13-121-0056","AQS"
"05/18/2016","14","","NR-GA Tech","13-121-0056","AQS"
"05/19/2016","13","","NR-GA Tech","13-121-0056","AQS"
"05/20/2016","11","","NR-GA Tech","13-121-0056","AQS"
"05/21/2016","13","","NR-GA Tech","13-121-0056","AQS"
"05/22/2016","9","","NR-GA Tech","13-121-0056","AQS"
"05/23/2016","9","","NR-GA Tech","13-121-0056","AQS"
"05/24/2016","13","","NR-GA Tech","13-121-0056","AQS"
"05/25/2016","10","","NR-GA Tech","13-121-0056","AQS"
"05/26/2016","10","","NR-GA Tech","13-121-0056","AQS"
"05/27/2016","14","","NR-GA Tech","13-121-0056","AQS"
"05/28/2016","15","","NR-GA Tech","13-121-0056","AQS"
"05/29/2016","16","","NR-GA Tech","13-121-0056","AQS"
"05/30/2016","13","","NR-GA Tech","13-121-0056","AQS"
"05/31/2016","14","","NR-GA Tech","13-121-0056","AQS"
"06/01/2016","14","","NR-GA Tech","13-121-0056","AQS"
"06/02/2016","14","","NR-GA Tech","13-121-0056","AQS"
"06/03/2016","13","","NR-GA Tech","13-121-0056","AQS"
"06/04/2016","10","","NR-GA Tech","13-121-0056","AQS"
"06/05/2016","8","","NR-GA Tech","13-121-0056","AQS"
"06/06/2016","11","","NR-GA Tech","13-121-0056","AQS"
"06/07/2016","11","","NR-GA Tech","13-121-0056","AQS"
"06/08/2016","10","","NR-GA Tech","13-121-0056","AQS"
"06/09/2016","14","","NR-GA Tech","13-121-0056","AQS"
"06/10/2016","16","","NR-GA Tech","13-121-0056","AQS"
"06/11/2016","16","","NR-GA Tech","13-121-0056","AQS"
"06/12/2016","13","","NR-GA Tech","13-121-0056","AQS"
"06/13/2016","13","","NR-GA Tech","13-121-0056","AQS"
"06/14/2016","13","","NR-GA Tech","13-121-0056","AQS"
"06/15/2016","11","","NR-GA Tech","13-121-0056","AQS"
"06/16/2016","13","","NR-GA Tech","13-121-0056","AQS"
"06/17/2016","13","","NR-GA Tech","13-121-0056","AQS"
"06/18/2016","14","","NR-GA Tech","13-121-0056","AQS"
"06/19/2016","13","","NR-GA Tech","13-121-0056","AQS"
"06/20/2016","11","","NR-GA Tech","13-121-0056","AQS"
"06/21/2016","13","","NR-GA Tech","13-121-0056","AQS"
"06/22/2016","11","","NR-GA Tech","13-121-0056","AQS"
"06/23/2016","13","","NR-GA Tech","13-121-0056","AQS"
"06/24/2016","11","","NR-GA Tech","13-121-0056","AQS"
"06/25/2016","13","","NR-GA Tech","13-121-0056","AQS"
"06/26/2016","14","","NR-GA Tech","13-121-0056","AQS"
"06/27/2016","11","","NR-GA Tech","13-121-0056","AQS"
"06/28/2016","13","","NR-GA Tech","13-121-0056","AQS"
"06/29/2016","13","","NR-GA Tech","13-121-0056","AQS"
"06/30/2016","13","","NR-GA Tech","13-121-0056","AQS"
"07/01/2016","11","","NR-GA Tech","13-121-0056","AQS"
"07/02/2016","13","","NR-GA Tech","13-121-0056","AQS"
"07/03/2016","13","","NR-GA Tech","13-121-0056","AQS"
"07/04/2016","11","","NR-GA Tech","13-121-0056","AQS"
"07/05/2016","10","","NR-GA Tech","13-121-0056","AQS"
"07/06/2016","11","","NR-GA Tech","13-121-0056","AQS"
"07/07/2016","11","","NR-GA Tech","13-121-0056","AQS"
"07/08/2016","11","","NR-GA Tech","13-121-0056","AQS"
"07/09/2016","11","","NR-GA Tech","13-121-0056","AQS"
"07/10/2016","15","","NR-GA Tech","13-121-0056","AQS"
"07/11/2016","15","","NR-GA Tech","13-121-0056","AQS"
"07/12/2016","6","","NR-GA Tech","13-121-0056","AQS"
"07/13/2016","7","","NR-GA Tech","13-121-0056","AQS"
"07/14/2016","7","","NR-GA Tech","13-121-0056","AQS"
"07/15/2016","8","","NR-GA Tech","13-121-0056","AQS"
"07/16/2016","9","","NR-GA Tech","13-121-0056","AQS"
"07/17/2016","9","","NR-GA Tech","13-121-0056","AQS"
"07/18/2016","9","","NR-GA Tech","13-121-0056","AQS"
"07/19/2016","9","","NR-GA Tech","13-121-0056","AQS"
"07/20/2016","11","","NR-GA Tech","13-121-0056","AQS"
"07/21/2016","13","","NR-GA Tech","13-121-0056","AQS"
"07/22/2016","9","","NR-GA Tech","13-121-0056","AQS"
"07/23/2016","9","","NR-GA Tech","13-121-0056","AQS"
"07/24/2016","9","","NR-GA Tech","13-121-0056","AQS"
"07/25/2016","10","","NR-GA Tech","13-121-0056","AQS"
"07/26/2016","8","","NR-GA Tech","13-121-0056","AQS"
"07/27/2016","8","","NR-GA Tech","13-121-0056","AQS"
"07/28/2016","8","","NR-GA Tech","13-121-0056","AQS"
"07/29/2016","8","","NR-GA Tech","13-121-0056","AQS"
"07/30/2016","8","","NR-GA Tech","13-121-0056","AQS"
"07/31/2016","8","","NR-GA Tech","13-121-0056","AQS"
"08/01/2016","9","","NR-GA Tech","13-121-0056","AQS"
"08/02/2016","8","","NR-GA Tech","13-121-0056","AQS"
"08/03/2016","10","","NR-GA Tech","13-121-0056","AQS"
"08/04/2016","11","","NR-GA Tech","13-121-0056","AQS"
"08/05/2016","11","","NR-GA Tech","13-121-0056","AQS"
"08/06/2016","10","","NR-GA Tech","13-121-0056","AQS"
"08/07/2016","10","","NR-GA Tech","13-121-0056","AQS"
"08/08/2016","11","","NR-GA Tech","13-121-0056","AQS"
"08/09/2016","10","","NR-GA Tech","13-121-0056","AQS"
"08/10/2016","9","","NR-GA Tech","13-121-0056","AQS"
"08/11/2016","11","","NR-GA Tech","13-121-0056","AQS"
"08/12/2016","10","","NR-GA Tech","13-121-0056","AQS"
"08/13/2016","8","","NR-GA Tech","13-121-0056","AQS"
"08/14/2016","8","","NR-GA Tech","13-121-0056","AQS"
"08/15/2016","10","","NR-GA Tech","13-121-0056","AQS"
"08/16/2016","13","","NR-GA Tech","13-121-0056","AQS"
"08/17/2016","11","","NR-GA Tech","13-121-0056","AQS"
"08/18/2016","8","","NR-GA Tech","13-121-0056","AQS"
"08/19/2016","10","","NR-GA Tech","13-121-0056","AQS"
"08/20/2016","8","","NR-GA Tech","13-121-0056","AQS"
"08/21/2016","9","","NR-GA Tech","13-121-0056","AQS"
"08/22/2016","9","","NR-GA Tech","13-121-0056","AQS"
"08/23/2016","14","","NR-GA Tech","13-121-0056","AQS"
"08/24/2016","10","","NR-GA Tech","13-121-0056","AQS"
"08/25/2016","13","","NR-GA Tech","13-121-0056","AQS"
"08/26/2016","16","","NR-GA Tech","13-121-0056","AQS"
"08/27/2016","14","","NR-GA Tech","13-121-0056","AQS"
"08/28/2016","14","","NR-GA Tech","13-121-0056","AQS"
"08/29/2016","13","","NR-GA Tech","13-121-0056","AQS"
"08/30/2016","10","","NR-GA Tech","13-121-0056","AQS"
"08/31/2016","11","","NR-GA Tech","13-121-0056","AQS"
"09/01/2016","9","","NR-GA Tech","13-121-0056","AQS"
"09/02/2016","8","","NR-GA Tech","13-121-0056","AQS"
"09/03/2016","11","","NR-GA Tech","13-121-0056","AQS"
"09/04/2016","14","","NR-GA Tech","13-121-0056","AQS"
"09/05/2016","10","","NR-GA Tech","13-121-0056","AQS"
"09/06/2016","9","","South DeKalb","13-089-0002","AQS"
"09/07/2016","7","","South DeKalb","13-089-0002","AQS"
"09/08/2016","7","","South DeKalb","13-089-0002","AQS"
"09/09/2016","8","","NR-GA Tech","13-121-0056","AQS"
"09/10/2016","8","","South DeKalb","13-089-0002","AQS"
"09/11/2016","11","","NR-GA Tech","13-121-0056","AQS"
"09/12/2016","14","","NR-GA Tech","13-121-0056","AQS"
"09/13/2016","14","","NR-GA Tech","13-121-0056","AQS"
"09/14/2016","14","","NR-GA Tech","13-121-0056","AQS"
"09/15/2016","15","","NR-GA Tech","13-121-0056","AQS"
"09/16/2016","14","","NR-GA Tech","13-121-0056","AQS"
"09/17/2016","19","","NR-GA Tech","13-121-0056","AQS"
"09/18/2016","19","","NR-GA Tech","13-121-0056","AQS"
"09/19/2016","14","","NR-GA Tech","13-121-0056","AQS"
"09/20/2016","13","","NR-GA Tech","13-121-0056","AQS"
"09/21/2016","13","","NR-GA Tech","13-121-0056","AQS"
"09/22/2016","9","","NR-GA Tech","13-121-0056","AQS"
"09/23/2016","11","","NR-GA Tech","13-121-0056","AQS"
"09/24/2016","14","","NR-GA Tech","13-121-0056","AQS"
"09/25/2016","15","","NR-GA Tech","13-121-0056","AQS"
"09/26/2016","14","","NR-GA Tech","13-121-0056","AQS"
"09/27/2016","9","","NR-GA Tech","13-121-0056","AQS"
"09/28/2016","11","","NR-GA Tech","13-121-0056","AQS"
"09/29/2016","11","","NR-GA Tech","13-121-0056","AQS"
"09/30/2016","11","","NR-GA Tech","13-121-0056","AQS"
"10/01/2016","14","","NR-GA Tech","13-121-0056","AQS"
"10/02/2016","18","","NR-GA Tech","13-121-0056","AQS"
"10/03/2016","11","","NR-GA Tech","13-121-0056","AQS"
"10/04/2016","10","","NR-GA Tech","13-121-0056","AQS"
"10/05/2016","8","","NR-GA Tech","13-121-0056","AQS"
"10/06/2016","8","","NR-GA Tech","13-121-0056","AQS"
"10/07/2016","9","","NR-GA Tech","13-121-0056","AQS"
"10/08/2016","8","","NR-GA Tech","13-121-0056","AQS"
"10/09/2016","6","","NR-GA Tech","13-121-0056","AQS"
"10/10/2016","9","","NR-GA Tech","13-121-0056","AQS"
"10/11/2016","9","","NR-GA Tech","13-121-0056","AQS"
"10/12/2016","10","","NR-GA Tech","13-121-0056","AQS"
"10/13/2016","10","","NR-GA Tech","13-121-0056","AQS"
"10/14/2016","11","","NR-GA Tech","13-121-0056","AQS"
"10/15/2016","9","","NR-GA Tech","13-121-0056","AQS"
"10/16/2016","11","","NR-GA Tech","13-121-0056","AQS"
"10/17/2016","11","","NR-GA Tech","13-121-0056","AQS"
"10/18/2016","7","","NR-GA Tech","13-121-0056","AQS"
"10/19/2016","9","","NR-GA Tech","13-121-0056","AQS"
"10/20/2016","8","","NR-GA Tech","13-121-0056","AQS"
"10/21/2016","6","","NR-GA Tech","13-121-0056","AQS"
"10/22/2016","6","","NR-GA Tech","13-121-0056","AQS"
"10/23/2016","10","","NR-GA Tech","13-121-0056","AQS"
"10/24/2016","10","","NR-GA Tech","13-121-0056","AQS"
"10/25/2016","9","","NR-GA Tech","13-121-0056","AQS"
"10/26/2016","10","","NR-GA Tech","13-121-0056","AQS"
"10/27/2016","9","","NR-GA Tech","13-121-0056","AQS"
"10/28/2016","11","","NR-GA Tech","13-121-0056","AQS"
"10/29/2016","17","","NR-GA Tech","13-121-0056","AQS"
"10/30/2016","13","","South DeKalb","13-089-0002","AQS"
"10/31/2016","13","","NR-GA Tech","13-121-0056","AQS"
"11/01/2016","13","","NR-GA Tech","13-121-0056","AQS"
"11/02/2016","14","","NR-GA Tech","13-121-0056","AQS"
"11/03/2016","15","","NR-GA Tech","13-121-0056","AQS"
"11/04/2016","9","","NR-GA Tech","13-121-0056","AQS"
"11/05/2016","14","","NR-GA Tech","13-121-0056","AQS"
"11/06/2016","15","","NR-GA Tech","13-121-0056","AQS"
"11/07/2016","10","","NR-GA Tech","13-121-0056","AQS"
"11/08/2016","10","","NR-GA Tech","13-121-0056","AQS"
"11/09/2016","9","","NR-GA Tech","13-121-0056","AQS"
"11/10/2016","11","","NR-GA Tech","13-121-0056","AQS"
"11/11/2016","11","","NR-GA Tech","13-121-0056","AQS"
"11/12/2016","8","","NR-GA Tech","13-121-0056","AQS"
"11/13/2016","11","","NR-GA Tech","13-121-0056","AQS"
"11/14/2016","15","","NR-GA Tech","13-121-0056","AQS"
"11/15/2016","17","","NR-GA Tech","13-121-0056","AQS"
"11/16/2016","10","","NR-GA Tech","13-121-0056","AQS"
"11/17/2016","20","","NR-GA Tech","13-121-0056","AQS"
"11/18/2016","25","","NR-GA Tech","13-121-0056","AQS"
"11/19/2016","9","","NR-GA Tech","13-121-0056","AQS"
"11/20/2016","6","","NR-GA Tech","13-121-0056","AQS"
"11/21/2016","7","","NR-GA Tech","13-121-0056","AQS"
"11/22/2016","13","","NR-GA Tech","13-121-0056","AQS"
"11/23/2016","13","","NR-GA Tech","13-121-0056","AQS"
"11/24/2016","13","","NR-GA Tech","13-121-0056","AQS"
"11/25/2016","9","","NR-GA Tech","13-121-0056","AQS"
"11/26/2016","8","","NR-GA Tech","13-121-0056","AQS"
"11/27/2016","10","","NR-GA Tech","13-121-0056","AQS"
"11/28/2016","9","","NR-GA Tech","13-121-0056","AQS"
"11/29/2016","10","","NR-GA Tech","13-121-0056","AQS"
"11/30/2016","9","","NR-GA Tech","13-121-0056","AQS"
"12/01/2016","8","","NR-GA Tech","13-121-0056","AQS"
"12/02/2016","8","","NR-GA Tech","13-121-0056","AQS"
"12/03/2016","9","","South DeKalb","13-089-0002","AQS"
"12/04/2016","9","","NR-GA Tech","13-121-0056","AQS"
"12/05/2016","13","","NR-GA Tech","13-121-0056","AQS"
"12/06/2016","11","","NR-GA Tech","13-121-0056","AQS"
"12/07/2016","8","","NR-GA Tech","13-121-0056","AQS"
"12/08/2016","8","","NR-GA Tech","13-121-0056","AQS"
"12/09/2016","6","","NR-GA Tech","13-121-0056","AQS"
"12/10/2016","14","","NR-GA Tech","13-121-0056","AQS"
"12/11/2016","14","","NR-GA Tech","13-121-0056","AQS"
"12/12/2016","9","","NR-GA Tech","13-121-0056","AQS"
"12/13/2016","13","","NR-GA Tech","13-121-0056","AQS"
"12/14/2016","13","","NR-GA Tech","13-121-0056","AQS"
"12/15/2016","8","","NR-GA Tech","13-121-0056","AQS"
"12/16/2016","8","","NR-GA Tech","13-121-0056","AQS"
"12/17/2016","14","","NR-GA Tech","13-121-0056","AQS"
"12/18/2016","11","","NR-GA Tech","13-121-0056","AQS"
"12/19/2016","8","","NR-GA Tech","13-121-0056","AQS"
"12/20/2016","9","","NR-GA Tech","13-121-0056","AQS"
"12/21/2016","9","","NR-GA Tech","13-121-0056","AQS"
"12/22/2016","8","","NR-GA Tech","13-121-0056","AQS"
"12/23/2016","8","","NR-GA Tech","13-121-0056","AQS"
"12/24/2016","13","","NR-GA Tech","13-121-0056","AQS"
"12/25/2016","16","","NR-GA Tech","13-121-0056","AQS"
"12/26/2016","10","","NR-GA Tech","13-121-0056","AQS"
"12/27/2016","9","","NR-GA Tech","13-121-0056","AQS"
"12/28/2016","8","","NR-GA Tech","13-121-0056","AQS"
"12/29/2016","7","","NR-GA Tech","13-121-0056","AQS"
"12/30/2016","7","","NR-GA Tech","13-121-0056","AQS"
"12/31/2016","11","","NR-GA Tech","13-121-0056","AQS"
"01/01/2017","10","","NR-GA Tech","13-121-0056","AQS"
"01/02/2017","13","","NR-GA Tech","13-121-0056","AQS"
"01/03/2017","10","","NR-GA Tech","13-121-0056","AQS"
"01/04/2017","6","","NR-GA Tech","13-121-0056","AQS"
"01/05/2017","8","","NR-GA Tech","13-121-0056","AQS"
"01/06/2017","6","","NR-GA Tech","13-121-0056","AQS"
"01/07/2017","5","","NR-GA Tech","13-121-0056","AQS"
"01/08/2017","3","","South DeKalb","13-089-0002","AQS"
"01/09/2017","10","","NR-GA Tech","13-121-0056","AQS"
"01/10/2017","10","","NR-GA Tech","13-121-0056","AQS"
"01/11/2017","10","","NR-GA Tech","13-121-0056","AQS"
"01/12/2017","10","","NR-GA Tech","13-121-0056","AQS"
"01/13/2017","11","","South DeKalb","13-089-0002","AQS"
"01/14/2017","20","","NR-GA Tech","13-121-0056","AQS"
"01/15/2017","16","","NR-GA Tech","13-121-0056","AQS"
"01/16/2017","18","","NR-GA Tech","13-121-0056","AQS"
"01/17/2017","9","","NR-GA Tech","13-121-0056","AQS"
"01/18/2017","7","","NR-GA Tech","13-121-0056","AQS"
"01/19/2017","11","","NR-GA Tech","13-121-0056","AQS"
"01/20/2017","8","","NR-GA Tech","13-121-0056","AQS"
"01/21/2017","9","","NR-GA Tech","13-121-0056","AQS"
"01/22/2017","11","","NR-GA Tech","13-121-0056","AQS"
"01/23/2017","7","","NR-GA Tech","13-121-0056","AQS"
"01/24/2017","8","","NR-GA Tech","13-121-0056","AQS"
"01/25/2017","11","","South DeKalb","13-089-0002","AQS"
"01/26/2017","7","","NR-GA Tech","13-121-0056","AQS"
"01/27/2017","7","","NR-GA Tech","13-121-0056","AQS"
"01/28/2017","6","","NR-GA Tech","13-121-0056","AQS"
"01/29/2017","6","","NR-GA Tech","13-121-0056","AQS"
"01/30/2017","7","","NR-GA Tech","13-121-0056","AQS"
"01/31/2017","10","","South DeKalb","13-089-0002","AQS"
"02/01/2017","6","","NR-GA Tech","13-121-0056","AQS"
"02/02/2017","9","","South DeKalb","13-089-0002","AQS"
"02/03/2017","8","","NR-GA Tech","13-121-0056","AQS"
"02/04/2017","9","","NR-GA Tech","13-121-0056","AQS"
"02/05/2017","9","","NR-GA Tech","13-121-0056","AQS"
"02/06/2017","18","","NR-GA Tech","13-121-0056","AQS"
"02/07/2017","17","","NR-GA Tech","13-121-0056","AQS"
"02/08/2017","7","","NR-GA Tech","13-121-0056","AQS"
"02/09/2017","5","","NR-GA Tech","13-121-0056","AQS"
"02/10/2017","8","","NR-GA Tech","13-121-0056","AQS"
"02/11/2017","8","","NR-GA Tech","13-121-0056","AQS"
"02/12/2017","6","","NR-GA Tech","13-121-0056","AQS"
"02/13/2017","7","","NR-GA Tech","13-121-0056","AQS"
"02/14/2017","10","","NR-GA Tech","13-121-0056","AQS"
"02/15/2017","9","","NR-GA Tech","13-121-0056","AQS"
"02/16/2017","7","","NR-GA Tech","13-121-0056","AQS"
"02/17/2017","8","","NR-GA Tech","13-121-0056","AQS"
"02/18/2017","9","","NR-GA Tech","13-121-0056","AQS"
"02/19/2017","7","","NR-GA Tech","13-121-0056","AQS"
"02/20/2017","11","","NR-GA Tech","13-121-0056","AQS"
"02/21/2017","11","","NR-GA Tech","13-121-0056","AQS"
"02/22/2017","11","","NR-GA Tech","13-121-0056","AQS"
"02/23/2017","11","","NR-GA Tech","13-121-0056","AQS"
"02/24/2017","11","","NR-GA Tech","13-121-0056","AQS"
"02/25/2017","8","","NR-GA Tech","13-121-0056","AQS"
"02/26/2017","8","","NR-GA Tech","13-121-0056","AQS"
"02/27/2017","10","","NR-GA Tech","13-121-0056","AQS"
"02/28/2017","10","","NR-GA Tech","13-121-0056","AQS"
"03/01/2017","8","","NR-GA Tech","13-121-0056","AQS"
"03/02/2017","6","","NR-GA Tech","13-121-0056","AQS"
"03/06/2017","10","","NR-GA Tech","13-121-0056","AQS"
"03/07/2017","9","","NR-GA Tech","13-121-0056","AQS"
"03/08/2017","6","","NR-GA Tech","13-121-0056","AQS"
"03/09/2017","10","","NR-GA Tech","13-121-0056","AQS"
"03/10/2017","7","","NR-GA Tech","13-121-0056","AQS"
"03/11/2017","7","","NR-GA Tech","13-121-0056","AQS"
"03/12/2017","9","","NR-GA Tech","13-121-0056","AQS"
"03/13/2017","8","","NR-GA Tech","13-121-0056","AQS"
"03/14/2017","6","","NR-GA Tech","13-121-0056","AQS"
"03/15/2017","6","","NR-GA Tech","13-121-0056","AQS"
"03/16/2017","7","","NR-GA Tech","13-121-0056","AQS"
"03/17/2017","11","","NR-GA Tech","13-121-0056","AQS"
"03/18/2017","6","","NR-GA Tech","13-121-0056","AQS"
"03/19/2017","6","","NR-GA Tech","13-121-0056","AQS"
"03/20/2017","8","","NR-GA Tech","13-121-0056","AQS"
"03/21/2017","7","","NR-GA Tech","13-121-0056","AQS"
"03/22/2017","7","","NR-GA Tech","13-121-0056","AQS"
"03/23/2017","7","","NR-GA Tech","13-121-0056","AQS"
"03/24/2017","10","","NR-GA Tech","13-121-0056","AQS"
"03/25/2017","11","","NR-GA Tech","13-121-0056","AQS"
"03/26/2017","11","","NR-GA Tech","13-121-0056","AQS"
"03/27/2017","13","","NR-GA Tech","13-121-0056","AQS"
"03/28/2017","9","","NR-GA Tech","13-121-0056","AQS"
"03/29/2017","10","","NR-GA Tech","13-121-0056","AQS"
"03/30/2017","10","","NR-GA Tech","13-121-0056","AQS"
"03/31/2017","7","","NR-GA Tech","13-121-0056","AQS"
"04/01/2017","7","","NR-GA Tech","13-121-0056","AQS"
"04/02/2017","10","","NR-GA Tech","13-121-0056","AQS"
"04/03/2017","8","","NR-GA Tech","13-121-0056","AQS"
"04/04/2017","7","","NR-GA Tech","13-121-0056","AQS"
"04/05/2017","7","","South DeKalb","13-089-0002","AQS"
"04/06/2017","6","","NR-GA Tech","13-121-0056","AQS"
"04/07/2017","6","","NR-GA Tech","13-121-0056","AQS"
"04/08/2017","7","","NR-GA Tech","13-121-0056","AQS"
"04/09/2017","15","","NR-GA Tech","13-121-0056","AQS"
"04/10/2017","10","","NR-GA Tech","13-121-0056","AQS"
"04/11/2017","8","","NR-GA Tech","13-121-0056","AQS"
"04/12/2017","9","","NR-GA Tech","13-121-0056","AQS"
"04/13/2017","11","","NR-GA Tech","13-121-0056","AQS"
"04/14/2017","13","","NR-GA Tech","13-121-0056","AQS"
"04/15/2017","14","","NR-GA Tech","13-121-0056","AQS"
"04/16/2017","11","","NR-GA Tech","13-121-0056","AQS"
"04/17/2017","8","","NR-GA Tech","13-121-0056","AQS"
"04/18/2017","10","","NR-GA Tech","13-121-0056","AQS"
"04/19/2017","9","","NR-GA Tech","13-121-0056","AQS"
"04/20/2017","9","","NR-GA Tech","13-121-0056","AQS"
"04/21/2017","8","","South DeKalb","13-089-0002","AQS"
"04/22/2017","7","","NR-GA Tech","13-121-0056","AQS"
"04/23/2017","8","","NR-GA Tech","13-121-0056","AQS"
"04/24/2017","8","","NR-GA Tech","13-121-0056","AQS"
"04/25/2017","8","","NR-GA Tech","13-121-0056","AQS"
"04/26/2017","9","","NR-GA Tech","13-121-0056","AQS"
"04/27/2017","9","","NR-GA Tech","13-121-0056","AQS"
"04/28/2017","10","","NR-GA Tech","13-121-0056","AQS"
"04/29/2017","13","","NR-GA Tech","13-121-0056","AQS"
"04/30/2017","13","","NR-GA Tech","13-121-0056","AQS"
"05/01/2017","9","","NR-GA Tech","13-121-0056","AQS"
"05/02/2017","7","","NR-GA Tech","13-121-0056","AQS"
"05/03/2017","10","","NR-GA Tech","13-121-0056","AQS"
"05/04/2017","10","","NR-GA Tech","13-121-0056","AQS"
"05/05/2017","8","","NR-GA Tech","13-121-0056","AQS"
"05/06/2017","6","","NR-GA Tech","13-121-0056","AQS"
"05/07/2017","6","","NR-GA Tech","13-121-0056","AQS"
"05/08/2017","7","","NR-GA Tech","13-121-0056","AQS"
"05/09/2017","8","","NR-GA Tech","13-121-0056","AQS"
"05/10/2017","7","","NR-GA Tech","13-121-0056","AQS"
"05/11/2017","8","","NR-GA Tech","13-121-0056","AQS"
"05/12/2017","8","","NR-GA Tech","13-121-0056","AQS"
"05/13/2017","9","","NR-GA Tech","13-121-0056","AQS"
"05/14/2017","9","","NR-GA Tech","13-121-0056","AQS"
"05/15/2017","9","","NR-GA Tech","13-121-0056","AQS"
"05/16/2017","9","","NR-GA Tech","13-121-0056","AQS"
"05/17/2017","9","","NR-GA Tech","13-121-0056","AQS"
"05/18/2017","9","","NR-GA Tech","13-121-0056","AQS"
"05/19/2017","10","","NR-GA Tech","13-121-0056","AQS"
"05/20/2017","11","","NR-GA Tech","13-121-0056","AQS"
"05/21/2017","8","","NR-GA Tech","13-121-0056","AQS"
"05/22/2017","8","","NR-GA Tech","13-121-0056","AQS"
"05/23/2017","8","","NR-GA Tech","13-121-0056","AQS"
"05/24/2017","7","","NR-GA Tech","13-121-0056","AQS"
"05/25/2017","7","","NR-GA Tech","13-121-0056","AQS"
"05/26/2017","7","","NR-GA Tech","13-121-0056","AQS"
"05/27/2017","8","","NR-GA Tech","13-121-0056","AQS"
"05/28/2017","9","","NR-GA Tech","13-121-0056","AQS"
"05/29/2017","8","","NR-GA Tech","13-121-0056","AQS"
"05/30/2017","8","","NR-GA Tech","13-121-0056","AQS"
"05/31/2017","8","","NR-GA Tech","13-121-0056","AQS"
"06/01/2017","7","","NR-GA Tech","13-121-0056","AQS"
"06/02/2017","7","","NR-GA Tech","13-121-0056","AQS"
"06/03/2017","8","","South DeKalb","13-089-0002","AQS"
"06/04/2017","9","","NR-GA Tech","13-121-0056","AQS"
"06/05/2017","8","","NR-GA Tech","13-121-0056","AQS"
"06/06/2017","9","","NR-GA Tech","13-121-0056","AQS"
"06/07/2017","9","","NR-GA Tech","13-121-0056","AQS"
"06/08/2017","8","","NR-GA Tech","13-121-0056","AQS"
"06/09/2017","9","","NR-GA Tech","13-121-0056","AQS"
"06/10/2017","11","","NR-GA Tech","13-121-0056","AQS"
"06/11/2017","11","","NR-GA Tech","13-121-0056","AQS"
"06/12/2017","10","","NR-GA Tech","13-121-0056","AQS"
"06/13/2017","10","","NR-GA Tech","13-121-0056","AQS"
"06/14/2017","6","","NR-GA Tech","13-121-0056","AQS"
"06/15/2017","7","","NR-GA Tech","13-121-0056","AQS"
"06/16/2017","7","","NR-GA Tech","13-121-0056","AQS"
"06/17/2017","9","","NR-GA Tech","13-121-0056","AQS"
"06/18/2017","11","","NR-GA Tech","13-121-0056","AQS"
"06/19/2017","8","","NR-GA Tech","13-121-0056","AQS"
"06/20/2017","8","","NR-GA Tech","13-121-0056","AQS"
"06/21/2017","19","","NR-GA Tech","13-121-0056","AQS"
"06/22/2017","17","","NR-GA Tech","13-121-0056","AQS"
"06/23/2017","9","","NR-GA Tech","13-121-0056","AQS"
"06/24/2017","7","","NR-GA Tech","13-121-0056","AQS"
"06/25/2017","7","","NR-GA Tech","13-121-0056","AQS"
"06/26/2017","6","","NR-GA Tech","13-121-0056","AQS"
"06/27/2017","7","","NR-GA Tech","13-121-0056","AQS"
"06/28/2017","9","","NR-GA Tech","13-121-0056","AQS"
"06/29/2017","10","","NR-GA Tech","13-121-0056","AQS"
"06/30/2017","8","","NR-GA Tech","13-121-0056","AQS"
"07/01/2017","8","","NR-GA Tech","13-121-0056","AQS"
"07/02/2017","8","","NR-GA Tech","13-121-0056","AQS"
"07/03/2017","8","","NR-GA Tech","13-121-0056","AQS"
"07/04/2017","8","","NR-GA Tech","13-121-0056","AQS"
"07/05/2017","8","","NR-GA Tech","13-121-0056","AQS"
"07/06/2017","9","","South DeKalb","13-089-0002","AQS"
"07/07/2017","8","","NR-GA Tech","13-121-0056","AQS"
"07/08/2017","7","","NR-GA Tech","13-121-0056","AQS"
"07/09/2017","7","","NR-GA Tech","13-121-0056","AQS"
"07/10/2017","8","","NR-GA Tech","13-121-0056","AQS"
"07/11/2017","8","","NR-GA Tech","13-121-0056","AQS"
"07/12/2017","8","","NR-GA Tech","13-121-0056","AQS"
"07/13/2017","8","","NR-GA Tech","13-121-0056","AQS"
"07/14/2017","9","","NR-GA Tech","13-121-0056","AQS"
"07/15/2017","8","","NR-GA Tech","13-121-0056","AQS"
"07/16/2017","8","","NR-GA Tech","13-121-0056","AQS"
"07/17/2017","8","","NR-GA Tech","13-121-0056","AQS"
"07/18/2017","8","","NR-GA Tech","13-121-0056","AQS"
"07/19/2017","7","","South DeKalb","13-089-0002","AQS"
"07/20/2017","7","","South DeKalb","13-089-0002","AQS"
"07/21/2017","7","","NR-GA Tech","13-121-0056","AQS"
"07/22/2017","9","","NR-GA Tech","13-121-0056","AQS"
"07/23/2017","9","","NR-GA Tech","13-121-0056","AQS"
"07/24/2017","8","","NR-GA Tech","13-121-0056","AQS"
"07/25/2017","8","","NR-GA Tech","13-121-0056","AQS"
"07/26/2017","8","","NR-GA Tech","13-121-0056","AQS"
"07/27/2017","9","","NR-GA Tech","13-121-0056","AQS"
"07/28/2017","8","","NR-GA Tech","13-121-0056","AQS"
"07/29/2017","7","","NR-GA Tech","13-121-0056","AQS"
"07/30/2017","7","","NR-GA Tech","13-121-0056","AQS"
"07/31/2017","9","","NR-GA Tech","13-121-0056","AQS"
"08/01/2017","10","","NR-GA Tech","13-121-0056","AQS"
"08/02/2017","11","","NR-GA Tech","13-121-0056","AQS"
"08/03/2017","10","","NR-GA Tech","13-121-0056","AQS"
"08/04/2017","8","","NR-GA Tech","13-121-0056","AQS"
"08/05/2017","7","","NR-GA Tech","13-121-0056","AQS"
"08/06/2017","9","","NR-GA Tech","13-121-0056","AQS"
"08/07/2017","7","","NR-GA Tech","13-121-0056","AQS"
"08/08/2017","8","","NR-GA Tech","13-121-0056","AQS"
"08/09/2017","8","","NR-GA Tech","13-121-0056","AQS"
"08/10/2017","11","","NR-GA Tech","13-121-0056","AQS"
"08/11/2017","10","","NR-GA Tech","13-121-0056","AQS"
"08/12/2017","8","","NR-GA Tech","13-121-0056","AQS"
"08/13/2017","7","","NR-GA Tech","13-121-0056","AQS"
"08/14/2017","10","","NR-GA Tech","13-121-0056","AQS"
"08/15/2017","8","","NR-GA Tech","13-121-0056","AQS"
"08/16/2017","8","","NR-GA Tech","13-121-0056","AQS"
"08/17/2017","8","","NR-GA Tech","13-121-0056","AQS"
"08/18/2017","7","","NR-GA Tech","13-121-0056","AQS"
"08/19/2017","6","","NR-GA Tech","13-121-0056","AQS"
"08/20/2017","13","","NR-GA Tech","13-121-0056","AQS"
"08/21/2017","13","","NR-GA Tech","13-121-0056","AQS"
"08/22/2017","10","","NR-GA Tech","13-121-0056","AQS"
"08/23/2017","7","","NR-GA Tech","13-121-0056","AQS"
"08/24/2017","7","","NR-GA Tech","13-121-0056","AQS"
"08/25/2017","8","","NR-GA Tech","13-121-0056","AQS"
"08/26/2017","11","","NR-GA Tech","13-121-0056","AQS"
"08/27/2017","11","","NR-GA Tech","13-121-0056","AQS"
"08/28/2017","8","","NR-GA Tech","13-121-0056","AQS"
"08/29/2017","9","","NR-GA Tech","13-121-0056","AQS"
"08/30/2017","10","","NR-GA Tech","13-121-0056","AQS"
"08/31/2017","11","","NR-GA Tech","13-121-0056","AQS"
"09/01/2017","8","","NR-GA Tech","13-121-0056","AQS"
"09/02/2017","7","","NR-GA Tech","13-121-0056","AQS"
"09/03/2017","7","","NR-GA Tech","13-121-0056","AQS"
"09/04/2017","8","","South DeKalb","13-089-0002","AQS"
"09/05/2017","8","","NR-GA Tech","13-121-0056","AQS"
"09/06/2017","8","","NR-GA Tech","13-121-0056","AQS"
"09/07/2017","6","","NR-GA Tech","13-121-0056","AQS"
"09/08/2017","9","","NR-GA Tech","13-121-0056","AQS"
"09/09/2017","9","","NR-GA Tech","13-121-0056","AQS"
"09/10/2017","6","","NR-GA Tech","13-121-0056","AQS"
"09/11/2017","6","","NR-GA Tech","13-121-0056","AQS"
"09/12/2017","10","","NR-GA Tech","13-121-0056","AQS"
"09/13/2017","10","","NR-GA Tech","13-121-0056","AQS"
"09/14/2017","9","","NR-GA Tech","13-121-0056","AQS"
"09/15/2017","15","","NR-GA Tech","13-121-0056","AQS"
"09/16/2017","16","","NR-GA Tech","13-121-0056","AQS"
"09/17/2017","15","","NR-GA Tech","13-121-0056","AQS"
"09/18/2017","9","","South DeKalb","13-089-0002","AQS"
"09/19/2017","8","","South DeKalb","13-089-0002","AQS"
"09/20/2017","8","","South DeKalb","13-089-0002","AQS"
"09/21/2017","8","","South DeKalb","13-089-0002","AQS"
"09/22/2017","5","","South DeKalb","13-089-0002","AQS"
"09/23/2017","8","","South DeKalb","13-089-0002","AQS"
"09/24/2017","9","","South DeKalb","13-089-0002","AQS"
"09/25/2017","9","","NR-GA Tech","13-121-0056","AQS"
"09/26/2017","15","","NR-GA Tech","13-121-0056","AQS"
"09/27/2017","15","","NR-GA Tech","13-121-0056","AQS"
"09/28/2017","7","","South DeKalb","13-089-0002","AQS"
"09/29/2017","6","","South DeKalb","13-089-0002","AQS"
"09/30/2017","9","","NR-GA Tech","13-121-0056","AQS"
"10/01/2017","8","","NR-GA Tech","13-121-0056","AQS"
"10/02/2017","7","","NR-GA Tech","13-121-0056","AQS"
"10/03/2017","9","","NR-GA Tech","13-121-0056","AQS"
"10/04/2017","9","","NR-GA Tech","13-121-0056","AQS"
"10/05/2017","9","","NR-GA Tech","13-121-0056","AQS"
"10/06/2017","9","","NR-GA Tech","13-121-0056","AQS"
"10/07/2017","10","","NR-GA Tech","13-121-0056","AQS"
"10/08/2017","8","","NR-GA Tech","13-121-0056","AQS"
"10/09/2017","11","","NR-GA Tech","13-121-0056","AQS"
"10/10/2017","13","","NR-GA Tech","13-121-0056","AQS"
"10/11/2017","9","","NR-GA Tech","13-121-0056","AQS"
"10/12/2017","9","","NR-GA Tech","13-121-0056","AQS"
"10/13/2017","8","","South DeKalb","13-089-0002","AQS"
"10/14/2017","15","","NR-GA Tech","13-121-0056","AQS"
"10/15/2017","15","","NR-GA Tech","13-121-0056","AQS"
"10/16/2017","5","","South DeKalb","13-089-0002","AQS"
"10/17/2017","6","","NR-GA Tech","13-121-0056","AQS"
"10/18/2017","8","","NR-GA Tech","13-121-0056","AQS"
"10/19/2017","9","","NR-GA Tech","13-121-0056","AQS"
"10/20/2017","17","","NR-GA Tech","13-121-0056","AQS"
"10/21/2017","19","","NR-GA Tech","13-121-0056","AQS"
"10/22/2017","11","","NR-GA Tech","13-121-0056","AQS"
"10/23/2017","9","","NR-GA Tech","13-121-0056","AQS"
"10/24/2017","7","","NR-GA Tech","13-121-0056","AQS"
"10/25/2017","7","","NR-GA Tech","13-121-0056","AQS"
"10/26/2017","6","","South DeKalb","13-089-0002","AQS"
"10/27/2017","9","","South DeKalb","13-089-0002","AQS"
"10/28/2017","9","","NR-GA Tech","13-121-0056","AQS"
"10/29/2017","6","","NR-GA Tech","13-121-0056","AQS"
"10/30/2017","7","","NR-GA Tech","13-121-0056","AQS"
"10/31/2017","11","","NR-GA Tech","13-121-0056","AQS"
"11/01/2017","16","","NR-GA Tech","13-121-0056","AQS"
"11/02/2017","15","","NR-GA Tech","13-121-0056","AQS"
"11/03/2017","16","","NR-GA Tech","13-121-0056","AQS"
"11/04/2017","11","","NR-GA Tech","13-121-0056","AQS"
"11/05/2017","13","","NR-GA Tech","13-121-0056","AQS"
"11/06/2017","10","","NR-GA Tech","13-121-0056","AQS"
"11/07/2017","8","","NR-GA Tech","13-121-0056","AQS"
"11/08/2017","7","","NR-GA Tech","13-121-0056","AQS"
"11/09/2017","8","","NR-GA Tech","13-121-0056","AQS"
"11/10/2017","7","","NR-GA Tech","13-121-0056","AQS"
"11/11/2017","7","","NR-GA Tech","13-121-0056","AQS"
"11/12/2017","9","","NR-GA Tech","13-121-0056","AQS"
"11/13/2017","9","","NR-GA Tech","13-121-0056","AQS"
"11/14/2017","10","","NR-GA Tech","13-121-0056","AQS"
"11/15/2017","10","","NR-GA Tech","13-121-0056","AQS"
"11/16/2017","8","","South DeKalb","13-089-0002","AQS"
"11/17/2017","11","","NR-GA Tech","13-121-0056","AQS"
"11/18/2017","13","","NR-GA Tech","13-121-0056","AQS"
"11/19/2017","7","","NR-GA Tech","13-121-0056","AQS"
"11/20/2017","10","","NR-GA Tech","13-121-0056","AQS"
"11/21/2017","13","","NR-GA Tech","13-121-0056","AQS"
"11/22/2017","13","","NR-GA Tech","13-121-0056","AQS"
"11/23/2017","10","","NR-GA Tech","13-121-0056","AQS"
"11/24/2017","15","","NR-GA Tech","13-121-0056","AQS"
"11/25/2017","17","","NR-GA Tech","13-121-0056","AQS"
"11/26/2017","8","","NR-GA Tech","13-121-0056","AQS"
"11/27/2017","10","","NR-GA Tech","13-121-0056","AQS"
"11/28/2017","11","","South DeKalb","13-089-0002","AQS"
"11/29/2017","13","","NR-GA Tech","13-121-0056","AQS"
"11/30/2017","15","","NR-GA Tech","13-121-0056","AQS"
"12/01/2017","11","","NR-GA Tech","13-121-0056","AQS"
"12/02/2017","17","","NR-GA Tech","13-121-0056","AQS"
"12/03/2017","15","","NR-GA Tech","13-121-0056","AQS"
"12/04/2017","10","","NR-GA Tech","13-121-0056","AQS"
"12/05/2017","10","","NR-GA Tech","13-121-0056","AQS"
"12/06/2017","6","","NR-GA Tech","13-121-0056","AQS"
"12/07/2017","7","","NR-GA Tech","13-121-0056","AQS"
"12/08/2017","7","","NR-GA Tech","13-121-0056","AQS"
"12/09/2017","7","","NR-GA Tech","13-121-0056","AQS"
"12/10/2017","6","","NR-GA Tech","13-121-0056","AQS"
"12/11/2017","6","","South DeKalb","13-089-0002","AQS"
"12/12/2017","7","","South DeKalb","13-089-0002","AQS"
"12/13/2017","6","","NR-GA Tech","13-121-0056","AQS"
"12/14/2017","6","","NR-GA Tech","13-121-0056","AQS"
"12/15/2017","7","","NR-GA Tech","13-121-0056","AQS"
"12/16/2017","11","","NR-GA Tech","13-121-0056","AQS"
"12/17/2017","24","","NR-GA Tech","13-121-0056","AQS"
"12/18/2017","13","","NR-GA Tech","13-121-0056","AQS"
"12/19/2017","10","","South DeKalb","13-089-0002","AQS"
"12/20/2017","8","","NR-GA Tech","13-121-0056","AQS"
"12/21/2017","10","","NR-GA Tech","13-121-0056","AQS"
"12/22/2017","11","","NR-GA Tech","13-121-0056","AQS"
"12/23/2017","11","","NR-GA Tech","13-121-0056","AQS"
"12/24/2017","7","","NR-GA Tech","13-121-0056","AQS"
"12/25/2017","6","","NR-GA Tech","13-121-0056","AQS"
"12/26/2017","10","","NR-GA Tech","13-121-0056","AQS"
"12/27/2017","10","","NR-GA Tech","13-121-0056","AQS"
"12/28/2017","8","","NR-GA Tech","13-121-0056","AQS"
"12/29/2017","8","","NR-GA Tech","13-121-0056","AQS"
"12/30/2017","11","","South DeKalb","13-089-0002","AQS"
"12/31/2017","6","","NR-GA Tech","13-121-0056","AQS"
"01/01/2018","6","","NR-GA Tech","13-121-0056","AQS"
"01/02/2018","10","","NR-GA Tech","13-121-0056","AQS"
"01/03/2018","10","","NR-GA Tech","13-121-0056","AQS"
"01/04/2018","7","","NR-GA Tech","13-121-0056","AQS"
"01/05/2018","6","","NR-GA Tech","13-121-0056","AQS"
"01/06/2018","6","","NR-GA Tech","13-121-0056","AQS"
"01/07/2018","8","","NR-GA Tech","13-121-0056","AQS"
"01/08/2018","11","","NR-GA Tech","13-121-0056","AQS"
"01/09/2018","13","","NR-GA Tech","13-121-0056","AQS"
"01/10/2018","11","","NR-GA Tech","13-121-0056","AQS"
"01/11/2018","11","","NR-GA Tech","13-121-0056","AQS"
"01/12/2018","11","","NR-GA Tech","13-121-0056","AQS"
"01/13/2018","5","","NR-GA Tech","13-121-0056","AQS"
"01/14/2018","6","","NR-GA Tech","13-121-0056","AQS"
"01/15/2018","10","","NR-GA Tech","13-121-0056","AQS"
"01/16/2018","10","","South DeKalb","13-089-0002","AQS"
"01/17/2018","5","","NR-GA Tech","13-121-0056","AQS"
"01/18/2018","7","","NR-GA Tech","13-121-0056","AQS"
"01/19/2018","9","","NR-GA Tech","13-121-0056","AQS"
"01/20/2018","11","","South DeKalb","13-089-0002","AQS"
"01/21/2018","23","","NR-GA Tech","13-121-0056","AQS"
"01/22/2018","14","","NR-GA Tech","13-121-0056","AQS"
"01/23/2018","7","","NR-GA Tech","13-121-0056","AQS"
"01/24/2018","6","","NR-GA Tech","13-121-0056","AQS"
"01/25/2018","10","","NR-GA Tech","13-121-0056","AQS"
"01/26/2018","11","","South DeKalb","13-089-0002","AQS"
"01/27/2018","11","","NR-GA Tech","13-121-0056","AQS"
"01/28/2018","11","","NR-GA Tech","13-121-0056","AQS"
"01/29/2018","9","","NR-GA Tech","13-121-0056","AQS"
"01/30/2018","6","","NR-GA Tech","13-121-0056","AQS"
"01/31/2018","10","","NR-GA Tech","13-121-0056","AQS"
"02/01/2018","8","","NR-GA Tech","13-121-0056","AQS"
"02/02/2018","5","","NR-GA Tech","13-121-0056","AQS"
"02/03/2018","8","","NR-GA Tech","13-121-0056","AQS"
"02/04/2018","9","","NR-GA Tech","13-121-0056","AQS"
"02/05/2018","9","","NR-GA Tech","13-121-0056","AQS"
"02/06/2018","15","","NR-GA Tech","13-121-0056","AQS"
"02/07/2018","11","","NR-GA Tech","13-121-0056","AQS"
"02/08/2018","7","","NR-GA Tech","13-121-0056","AQS"
"02/09/2018","10","","NR-GA Tech","13-121-0056","AQS"
"02/10/2018","10","","NR-GA Tech","13-121-0056","AQS"
"02/11/2018","9","","NR-GA Tech","13-121-0056","AQS"
"02/12/2018","8","","NR-GA Tech","13-121-0056","AQS"
"02/13/2018","8","","NR-GA Tech","13-121-0056","AQS"
"02/14/2018","13","","NR-GA Tech","13-121-0056","AQS"
"02/15/2018","10","","NR-GA Tech","13-121-0056","AQS"
"02/16/2018","7","","NR-GA Tech","13-121-0056","AQS"
"02/17/2018","9","","NR-GA Tech","13-121-0056","AQS"
"02/18/2018","9","","NR-GA Tech","13-121-0056","AQS"
"02/19/2018","10","","NR-GA Tech","13-121-0056","AQS"
"02/20/2018","11","","NR-GA Tech","13-121-0056","AQS"
"02/21/2018","11","","NR-GA Tech","13-121-0056","AQS"
"02/22/2018","11","","NR-GA Tech","13-121-0056","AQS"
"02/23/2018","11","","NR-GA Tech","13-121-0056","AQS"
"02/24/2018","11","","NR-GA Tech","13-121-0056","AQS"
"02/25/2018","8","","NR-GA Tech","13-121-0056","AQS"
"02/26/2018","8","","NR-GA Tech","13-121-0056","AQS"
"02/27/2018","8","","NR-GA Tech","13-121-0056","AQS"
"02/28/2018","10","","NR-GA Tech","13-121-0056","AQS"
"03/01/2018","10","","NR-GA Tech","13-121-0056","AQS"
"03/02/2018","6","","NR-GA Tech","13-121-0056","AQS"
"03/03/2018","6","","NR-GA Tech","13-121-0056","AQS"
"03/04/2018","7","","NR-GA Tech","13-121-0056","AQS"
"03/05/2018","11","","NR-GA Tech","13-121-0056","AQS"
"03/06/2018","8","","NR-GA Tech","13-121-0056","AQS"
"03/07/2018","8","","NR-GA Tech","13-121-0056","AQS"
"03/08/2018","7","","NR-GA Tech","13-121-0056","AQS"
"03/09/2018","7","","NR-GA Tech","13-121-0056","AQS"
"03/10/2018","10","","NR-GA Tech","13-121-0056","AQS"
"03/11/2018","11","","NR-GA Tech","13-121-0056","AQS"
"03/12/2018","8","","NR-GA Tech","13-121-0056","AQS"
"03/13/2018","7","","NR-GA Tech","13-121-0056","AQS"
"03/14/2018","7","","NR-GA Tech","13-121-0056","AQS"
"03/15/2018","7","","NR-GA Tech","13-121-0056","AQS"
"03/16/2018","9","","NR-GA Tech","13-121-0056","AQS"
"03/17/2018","7","","NR-GA Tech","13-121-0056","AQS"
"03/18/2018","8","","NR-GA Tech","13-121-0056","AQS"
"03/19/2018","10","","NR-GA Tech","13-121-0056","AQS"
"03/20/2018","8","","NR-GA Tech","13-121-0056","AQS"
"03/21/2018","7","","NR-GA Tech","13-121-0056","AQS"
"03/22/2018","5","","NR-GA Tech","13-121-0056","AQS"
"03/23/2018","7","","NR-GA Tech","13-121-0056","AQS"
"03/24/2018","10","","NR-GA Tech","13-121-0056","AQS"
"03/25/2018","8","","NR-GA Tech","13-121-0056","AQS"
"03/26/2018","7","","NR-GA Tech","13-121-0056","AQS"
"03/27/2018","8","","NR-GA Tech","13-121-0056","AQS"
"03/28/2018","9","","NR-GA Tech","13-121-0056","AQS"
"03/29/2018","8","","NR-GA Tech","13-121-0056","AQS"
"03/30/2018","7","","NR-GA Tech","13-121-0056","AQS"
"03/31/2018","11","","NR-GA Tech","13-121-0056","AQS"
"04/01/2018","11","","NR-GA Tech","13-121-0056","AQS"
"04/02/2018","7","","NR-GA Tech","13-121-0056","AQS"
"04/03/2018","8","","NR-GA Tech","13-121-0056","AQS"
"04/04/2018","6","","NR-GA Tech","13-121-0056","AQS"
"04/05/2018","9","","NR-GA Tech","13-121-0056","AQS"
"04/06/2018","10","","NR-GA Tech","13-121-0056","AQS"
"04/07/2018","7","","NR-GA Tech","13-121-0056","AQS"
"04/08/2018","8","","NR-GA Tech","13-121-0056","AQS"
"04/09/2018","10","","NR-GA Tech","13-121-0056","AQS"
"04/10/2018","9","","NR-GA Tech","13-121-0056","AQS"
"04/11/2018","7","","NR-GA Tech","13-121-0056","AQS"
"04/12/2018","13","","NR-GA Tech","13-121-0056","AQS"
"04/13/2018","10","","NR-GA Tech","13-121-0056","AQS"
"04/14/2018","13","","NR-GA Tech","13-121-0056","AQS"
"04/15/2018","13","","NR-GA Tech","13-121-0056","AQS"
"04/16/2018","7","","NR-GA Tech","13-121-0056","AQS"
"04/17/2018","7","","NR-GA Tech","13-121-0056","AQS"
"04/18/2018","8","","NR-GA Tech","13-121-0056","AQS"
"04/19/2018","7","","NR-GA Tech","13-121-0056","AQS"
"04/20/2018","9","","NR-GA Tech","13-121-0056","AQS"
"04/21/2018","10","","NR-GA Tech","13-121-0056","AQS"
"04/22/2018","10","","NR-GA Tech","13-121-0056","AQS"
"04/23/2018","9","","NR-GA Tech","13-121-0056","AQS"
"04/24/2018","8","","NR-GA Tech","13-121-0056","AQS"
"04/25/2018","8","","NR-GA Tech","13-121-0056","AQS"
"04/26/2018","9","","NR-GA Tech","13-121-0056","AQS"
"04/27/2018","8","","NR-GA Tech","13-121-0056","AQS"
"04/28/2018","8","","NR-GA Tech","13-121-0056","AQS"
"04/29/2018","7","","NR-GA Tech","13-121-0056","AQS"
"04/30/2018","10","","NR-GA Tech","13-121-0056","AQS"
"05/01/2018","9","","NR-GA Tech","13-121-0056","AQS"
"05/02/2018","9","","NR-GA Tech","13-121-0056","AQS"
"05/03/2018","9","","NR-GA Tech","13-121-0056","AQS"
"05/04/2018","8","","NR-GA Tech","13-121-0056","AQS"
"05/05/2018","7","","South DeKalb","13-089-0002","AQS"
"05/06/2018","8","","NR-GA Tech","13-121-0056","AQS"
"05/07/2018","6","","NR-GA Tech","13-121-0056","AQS"
"05/08/2018","10","","NR-GA Tech","13-121-0056","AQS"
"05/09/2018","11","","NR-GA Tech","13-121-0056","AQS"
"05/10/2018","9","","NR-GA Tech","13-121-0056","AQS"
"05/11/2018","8","","NR-GA Tech","13-121-0056","AQS"
"05/12/2018","9","","NR-GA Tech","13-121-0056","AQS"
"05/13/2018","8","","South DeKalb","13-089-0002","AQS"
"05/14/2018","10","","NR-GA Tech","13-121-0056","AQS"
"05/15/2018","10","","NR-GA Tech","13-121-0056","AQS"
"05/16/2018","10","","NR-GA Tech","13-121-0056","AQS"
"05/17/2018","10","","NR-GA Tech","13-121-0056","AQS"
"05/18/2018","10","","NR-GA Tech","13-121-0056","AQS"
"05/19/2018","10","","NR-GA Tech","13-121-0056","AQS"
"05/20/2018","13","","NR-GA Tech","13-121-0056","AQS"
"05/21/2018","9","","NR-GA Tech","13-121-0056","AQS"
"05/22/2018","10","","NR-GA Tech","13-121-0056","AQS"
"05/23/2018","9","","NR-GA Tech","13-121-0056","AQS"
"05/24/2018","9","","NR-GA Tech","13-121-0056","AQS"
"05/25/2018","10","","NR-GA Tech","13-121-0056","AQS"
"05/26/2018","10","","NR-GA Tech","13-121-0056","AQS"
"05/27/2018","10","","NR-GA Tech","13-121-0056","AQS"
"05/28/2018","8","","NR-GA Tech","13-121-0056","AQS"
"05/29/2018","9","","NR-GA Tech","13-121-0056","AQS"
"05/30/2018","8","","NR-GA Tech","13-121-0056","AQS"
"05/31/2018","9","","NR-GA Tech","13-121-0056","AQS"
"06/01/2018","9","","NR-GA Tech","13-121-0056","AQS"
"06/02/2018","8","","NR-GA Tech","13-121-0056","AQS"
"06/03/2018","8","","NR-GA Tech","13-121-0056","AQS"
"06/04/2018","6","","NR-GA Tech","13-121-0056","AQS"
"06/05/2018","7","","NR-GA Tech","13-121-0056","AQS"
"06/06/2018","7","","NR-GA Tech","13-121-0056","AQS"
"06/07/2018","9","","NR-GA Tech","13-121-0056","AQS"
"06/08/2018","13","","NR-GA Tech","13-121-0056","AQS"
"06/09/2018","13","","NR-GA Tech","13-121-0056","AQS"
"06/10/2018","9","","NR-GA Tech","13-121-0056","AQS"
"06/11/2018","8","","NR-GA Tech","13-121-0056","AQS"
"06/12/2018","11","","NR-GA Tech","13-121-0056","AQS"
"06/13/2018","9","","NR-GA Tech","13-121-0056","AQS"
"06/14/2018","7","","NR-GA Tech","13-121-0056","AQS"
"06/15/2018","8","","NR-GA Tech","13-121-0056","AQS"
"06/16/2018","8","","NR-GA Tech","13-121-0056","AQS"
"06/17/2018","10","","NR-GA Tech","13-121-0056","AQS"
"06/18/2018","7","","NR-GA Tech","13-121-0056","AQS"
"06/19/2018","7","","NR-GA Tech","13-121-0056","AQS"
"06/20/2018","7","","NR-GA Tech","13-121-0056","AQS"
"06/21/2018","8","","NR-GA Tech","13-121-0056","AQS"
"06/22/2018","8","","NR-GA Tech","13-121-0056","AQS"
"06/23/2018","9","","NR-GA Tech","13-121-0056","AQS"
"06/24/2018","10","","NR-GA Tech","13-121-0056","AQS"
"06/25/2018","9","","NR-GA Tech","13-121-0056","AQS"
"06/26/2018","7","","NR-GA Tech","13-121-0056","AQS"
"06/27/2018","8","","NR-GA Tech","13-121-0056","AQS"
"06/28/2018","8","","NR-GA Tech","13-121-0056","AQS"
"06/29/2018","9","","NR-GA Tech","13-121-0056","AQS"
"06/30/2018","11","","NR-GA Tech","13-121-0056","AQS"
"07/01/2018","10","","NR-GA Tech","13-121-0056","AQS"
"07/02/2018","10","","NR-GA Tech","13-121-0056","AQS"
"07/03/2018","9","","NR-GA Tech","13-121-0056","AQS"
"07/04/2018","9","","NR-GA Tech","13-121-0056","AQS"
"07/05/2018","9","","NR-GA Tech","13-121-0056","AQS"
"07/06/2018","8","","NR-GA Tech","13-121-0056","AQS"
"07/07/2018","8","","NR-GA Tech","13-121-0056","AQS"
"07/08/2018","8","","NR-GA Tech","13-121-0056","AQS"
"07/09/2018","8","","NR-GA Tech","13-121-0056","AQS"
"07/10/2018","6","","South DeKalb","13-089-0002","AQS"
"07/11/2018","8","","NR-GA Tech","13-121-0056","AQS"
"07/12/2018","7","","South DeKalb","13-089-0002","AQS"
"07/13/2018","9","","NR-GA Tech","13-121-0056","AQS"
"07/14/2018","9","","NR-GA Tech","13-121-0056","AQS"
"07/15/2018","10","","NR-GA Tech","13-121-0056","AQS"
"07/16/2018","11","","NR-GA Tech","13-121-0056","AQS"
"07/17/2018","8","","NR-GA Tech","13-121-0056","AQS"
"07/18/2018","7","","NR-GA Tech","13-121-0056","AQS"
"07/19/2018","10","","NR-GA Tech","13-121-0056","AQS"
"07/20/2018","10","","NR-GA Tech","13-121-0056","AQS"
"07/21/2018","11","","NR-GA Tech","13-121-0056","AQS"
"07/22/2018","7","","NR-GA Tech","13-121-0056","AQS"
"07/23/2018","7","","NR-GA Tech","13-121-0056","AQS"
"07/24/2018","9","","NR-GA Tech","13-121-0056","AQS"
"07/25/2018","9","","NR-GA Tech","13-121-0056","AQS"
"07/26/2018","7","","NR-GA Tech","13-121-0056","AQS"
"07/27/2018","8","","NR-GA Tech","13-121-0056","AQS"
"07/28/2018","6","","NR-GA Tech","13-121-0056","AQS"
"07/29/2018","7","","NR-GA Tech","13-121-0056","AQS"
"07/30/2018","10","","NR-GA Tech","13-121-0056","AQS"
"07/31/2018","9","","NR-GA Tech","13-121-0056","AQS"
"08/01/2018","11","","NR-GA Tech","13-121-0056","AQS"
"08/02/2018","11","","NR-GA Tech","13-121-0056","AQS"
"08/03/2018","8","","NR-GA Tech","13-121-0056","AQS"
"08/04/2018","10","","NR-GA Tech","13-121-0056","AQS"
"08/05/2018","11","","NR-GA Tech","13-121-0056","AQS"
"08/06/2018","8","","South DeKalb","13-089-0002","AQS"
"08/07/2018","9","","NR-GA Tech","13-121-0056","AQS"
"08/08/2018","8","","NR-GA Tech","13-121-0056","AQS"
"08/09/2018","7","","NR-GA Tech","13-121-0056","AQS"
"08/10/2018","7","","NR-GA Tech","13-121-0056","AQS"
"08/11/2018","7","","NR-GA Tech","13-121-0056","AQS"
"08/12/2018","7","","NR-GA Tech","13-121-0056","AQS"
"08/13/2018","8","","NR-GA Tech","13-121-0056","AQS"
"08/14/2018","7","","NR-GA Tech","13-121-0056","AQS"
"08/15/2018","9","","NR-GA Tech","13-121-0056","AQS"
"08/16/2018","9","","NR-GA Tech","13-121-0056","AQS"
"08/17/2018","7","","NR-GA Tech","13-121-0056","AQS"
"08/18/2018","8","","NR-GA Tech","13-121-0056","AQS"
"08/19/2018","9","","NR-GA Tech","13-121-0056","AQS"
"08/20/2018","8","","NR-GA Tech","13-121-0056","AQS"
"08/21/2018","8","","NR-GA Tech","13-121-0056","AQS"
"08/22/2018","8","","NR-GA Tech","13-121-0056","AQS"
"08/23/2018","9","","NR-GA Tech","13-121-0056","AQS"
"08/24/2018","9","","NR-GA Tech","13-121-0056","AQS"
"08/25/2018","11","","NR-GA Tech","13-121-0056","AQS"
"08/26/2018","11","","NR-GA Tech","13-121-0056","AQS"
"08/27/2018","13","","NR-GA Tech","13-121-0056","AQS"
"08/28/2018","10","","NR-GA Tech","13-121-0056","AQS"
"08/29/2018","9","","NR-GA Tech","13-121-0056","AQS"
"08/30/2018","9","","NR-GA Tech","13-121-0056","AQS"
"08/31/2018","11","","NR-GA Tech","13-121-0056","AQS"
"09/01/2018","14","","NR-GA Tech","13-121-0056","AQS"
"09/02/2018","11","","NR-GA Tech","13-121-0056","AQS"
"09/03/2018","10","","NR-GA Tech","13-121-0056","AQS"
"09/04/2018","9","","NR-GA Tech","13-121-0056","AQS"
"09/05/2018","11","","NR-GA Tech","13-121-0056","AQS"
"09/06/2018","11","","NR-GA Tech","13-121-0056","AQS"
"09/07/2018","11","","NR-GA Tech","13-121-0056","AQS"
"09/08/2018","9","","NR-GA Tech","13-121-0056","AQS"
"09/09/2018","9","","NR-GA Tech","13-121-0056","AQS"
"09/10/2018","8","","NR-GA Tech","13-121-0056","AQS"
"09/11/2018","9","","NR-GA Tech","13-121-0056","AQS"
"09/12/2018","11","","NR-GA Tech","13-121-0056","AQS"
"09/13/2018","9","","NR-GA Tech","13-121-0056","AQS"
"09/14/2018","8","","NR-GA Tech","13-121-0056","AQS"
"09/15/2018","7","","NR-GA Tech","13-121-0056","AQS"
"09/16/2018","7","","NR-GA Tech","13-121-0056","AQS"
"09/17/2018","7","","NR-GA Tech","13-121-0056","AQS"
"09/18/2018","8","","NR-GA Tech","13-121-0056","AQS"
"09/19/2018","11","","NR-GA Tech","13-121-0056","AQS"
"09/20/2018","13","","NR-GA Tech","13-121-0056","AQS"
"09/21/2018","11","","NR-GA Tech","13-121-0056","AQS"
"09/22/2018","10","","NR-GA Tech","13-121-0056","AQS"
"09/23/2018","10","","NR-GA Tech","13-121-0056","AQS"
"09/24/2018","10","","NR-GA Tech","13-121-0056","AQS"
"09/25/2018","10","","NR-GA Tech","13-121-0056","AQS"
"09/26/2018","10","","NR-GA Tech","13-121-0056","AQS"
"09/27/2018","11","","NR-GA Tech","13-121-0056","AQS"
"09/28/2018","7","","NR-GA Tech","13-121-0056","AQS"
"09/29/2018","8","","NR-GA Tech","13-121-0056","AQS"
"09/30/2018","11","","NR-GA Tech","13-121-0056","AQS"
"10/01/2018","9","","NR-GA Tech","13-121-0056","AQS"
"10/02/2018","10","","NR-GA Tech","13-121-0056","AQS"
"10/03/2018","10","","NR-GA Tech","13-121-0056","AQS"
"10/04/2018","11","","NR-GA Tech","13-121-0056","AQS"
"10/05/2018","9","","South DeKalb","13-089-0002","AQS"
"10/06/2018","13","","NR-GA Tech","13-121-0056","AQS"
"10/07/2018","14","","NR-GA Tech","13-121-0056","AQS"
"10/08/2018","9","","NR-GA Tech","13-121-0056","AQS"
"10/09/2018","7","","NR-GA Tech","13-121-0056","AQS"
"10/10/2018","9","","NR-GA Tech","13-121-0056","AQS"
"10/11/2018","7","","NR-GA Tech","13-121-0056","AQS"
"10/12/2018","6","","NR-GA Tech","13-121-0056","AQS"
"10/13/2018","8","","NR-GA Tech","13-121-0056","AQS"
"10/14/2018","9","","NR-GA Tech","13-121-0056","AQS"
"10/15/2018","10","","NR-GA Tech","13-121-0056","AQS"
"10/16/2018","9","","NR-GA Tech","13-121-0056","AQS"
"10/17/2018","7","","NR-GA Tech","13-121-0056","AQS"
"10/18/2018","9","","NR-GA Tech","13-121-0056","AQS"
"10/19/2018","13","","NR-GA Tech","13-121-0056","AQS"
"10/20/2018","13","","NR-GA Tech","13-121-0056","AQS"
"10/21/2018","6","","NR-GA Tech","13-121-0056","AQS"
"10/22/2018","10","","NR-GA Tech","13-121-0056","AQS"
"10/23/2018","11","","NR-GA Tech","13-121-0056","AQS"
"10/24/2018","11","","NR-GA Tech","13-121-0056","AQS"
"10/25/2018","11","","NR-GA Tech","13-121-0056","AQS"
"10/26/2018","8","","NR-GA Tech","13-121-0056","AQS"
"10/27/2018","8","","NR-GA Tech","13-121-0056","AQS"
"10/28/2018","8","","NR-GA Tech","13-121-0056","AQS"
"10/29/2018","7","","NR-GA Tech","13-121-0056","AQS"
"10/30/2018","10","","NR-GA Tech","13-121-0056","AQS"
"10/31/2018","11","","NR-GA Tech","13-121-0056","AQS"
"11/01/2018","10","","NR-GA Tech","13-121-0056","AQS"
"11/02/2018","8","","NR-GA Tech","13-121-0056","AQS"
"11/03/2018","11","","NR-GA Tech","13-121-0056","AQS"
"11/04/2018","13","","NR-GA Tech","13-121-0056","AQS"
"11/05/2018","11","","NR-GA Tech","13-121-0056","AQS"
"11/06/2018","8","","NR-GA Tech","13-121-0056","AQS"
"11/07/2018","13","","NR-GA Tech","13-121-0056","AQS"
"11/08/2018","11","","NR-GA Tech","13-121-0056","AQS"
"11/09/2018","8","","NR-GA Tech","13-121-0056","AQS"
"11/10/2018","6","","NR-GA Tech","13-121-0056","AQS"
"11/11/2018","7","","NR-GA Tech","13-121-0056","AQS"
"11/12/2018","7","","NR-GA Tech","13-121-0056","AQS"
"11/13/2018","9","","NR-GA Tech","13-121-0056","AQS"
"11/14/2018","8","","NR-GA Tech","13-121-0056","AQS"
"11/15/2018","8","","NR-GA Tech","13-121-0056","AQS"
"11/16/2018","7","","NR-GA Tech","13-121-0056","AQS"
"11/17/2018","15","","NR-GA Tech","13-121-0056","AQS"
"11/18/2018","18","","NR-GA Tech","13-121-0056","AQS"
"11/19/2018","16","","NR-GA Tech","13-121-0056","AQS"
"11/20/2018","7","","NR-GA Tech","13-121-0056","AQS"
"11/21/2018","7","","NR-GA Tech","13-121-0056","AQS"
"11/22/2018","11","","NR-GA Tech","13-121-0056","AQS"
"11/23/2018","9","","NR-GA Tech","13-121-0056","AQS"
"11/24/2018","8","","NR-GA Tech","13-121-0056","AQS"
"11/25/2018","9","","NR-GA Tech","13-121-0056","AQS"
"11/26/2018","8","","NR-GA Tech","13-121-0056","AQS"
"11/27/2018","6","","NR-GA Tech","13-121-0056","AQS"
"11/28/2018","8","","NR-GA Tech","13-121-0056","AQS"
"11/29/2018","14","","NR-GA Tech","13-121-0056","AQS"
"11/30/2018","11","","NR-GA Tech","13-121-0056","AQS"
"12/01/2018","11","","NR-GA Tech","13-121-0056","AQS"
"12/02/2018","10","","NR-GA Tech","13-121-0056","AQS"
"12/03/2018","10","","South DeKalb","13-089-0002","AQS"
"12/04/2018","6","","NR-GA Tech","13-121-0056","AQS"
"12/05/2018","6","","NR-GA Tech","13-121-0056","AQS"
"12/06/2018","8","","NR-GA Tech","13-121-0056","AQS"
"12/07/2018","8","","NR-GA Tech","13-121-0056","AQS"
"12/08/2018","10","","NR-GA Tech","13-121-0056","AQS"
"12/09/2018","7","","NR-GA Tech","13-121-0056","AQS"
"12/10/2018","8","","NR-GA Tech","13-121-0056","AQS"
"12/11/2018","9","","NR-GA Tech","13-121-0056","AQS"
"12/12/2018","9","","NR-GA Tech","13-121-0056","AQS"
"12/13/2018","14","","NR-GA Tech","13-121-0056","AQS"
"12/14/2018","7","","NR-GA Tech","13-121-0056","AQS"
"12/15/2018","8","","NR-GA Tech","13-121-0056","AQS"
"12/16/2018","6","","NR-GA Tech","13-121-0056","AQS"
"12/17/2018","7","","NR-GA Tech","13-121-0056","AQS"
"12/18/2018","9","","South DeKalb","13-089-0002","AQS"
"12/19/2018","13","","NR-GA Tech","13-121-0056","AQS"
"12/20/2018","9","","NR-GA Tech","13-121-0056","AQS"
"12/21/2018","9","","NR-GA Tech","13-121-0056","AQS"
"12/22/2018","7","","South DeKalb","13-089-0002","AQS"
"12/23/2018","17","","NR-GA Tech","13-121-0056","AQS"
"12/24/2018","7","","NR-GA Tech","13-121-0056","AQS"
"12/25/2018","11","","South DeKalb","13-089-0002","AQS"
"12/26/2018","11","","NR-GA Tech","13-121-0056","AQS"
"12/27/2018","7","","NR-GA Tech","13-121-0056","AQS"
"12/28/2018","10","","NR-GA Tech","13-121-0056","AQS"
"12/29/2018","9","","South DeKalb","13-089-0002","AQS"
"12/30/2018","10","","NR-GA Tech","13-121-0056","AQS"
"12/31/2018","9","","NR-GA Tech","13-121-0056","AQS"
"01/01/2019","8","","NR-GA Tech","13-121-0056","AQS"
"01/02/2019","10","","NR-GA Tech","13-121-0056","AQS"
"01/03/2019","10","","NR-GA Tech","13-121-0056","AQS"
"01/04/2019","10","","NR-GA Tech","13-121-0056","AQS"
"01/05/2019","7","","NR-GA Tech","13-121-0056","AQS"
"01/06/2019","10","","NR-GA Tech","13-121-0056","AQS"
"01/07/2019","17","","NR-GA Tech","13-121-0056","AQS"
"01/08/2019","9","","NR-GA Tech","13-121-0056","AQS"
"01/09/2019","6","","NR-GA Tech","13-121-0056","AQS"
"01/10/2019","5","","NR-GA Tech","13-121-0056","AQS"
"01/11/2019","9","","NR-GA Tech","13-121-0056","AQS"
"01/12/2019","10","","NR-GA Tech","13-121-0056","AQS"
"01/13/2019","8","","NR-GA Tech","13-121-0056","AQS"
"01/14/2019","8","","NR-GA Tech","13-121-0056","AQS"
"01/15/2019","6","","NR-GA Tech","13-121-0056","AQS"
"01/16/2019","7","","NR-GA Tech","13-121-0056","AQS"
"01/17/2019","11","","NR-GA Tech","13-121-0056","AQS"
"01/18/2019","13","","NR-GA Tech","13-121-0056","AQS"
"01/19/2019","14","","NR-GA Tech","13-121-0056","AQS"
"01/20/2019","6","","NR-GA Tech","13-121-0056","AQS"
"01/21/2019","10","","NR-GA Tech","13-121-0056","AQS"
"01/22/2019","10","","NR-GA Tech","13-121-0056","AQS"
"01/23/2019","10","","NR-GA Tech","13-121-0056","AQS"
"01/24/2019","8","","NR-GA Tech","13-121-0056","AQS"
"01/25/2019","7","","NR-GA Tech","13-121-0056","AQS"
"01/26/2019","9","","NR-GA Tech","13-121-0056","AQS"
"01/27/2019","20","","NR-GA Tech","13-121-0056","AQS"
"01/28/2019","15","","NR-GA Tech","13-121-0056","AQS"
"01/29/2019","7","","NR-GA Tech","13-121-0056","AQS"
"01/30/2019","7","","NR-GA Tech","13-121-0056","AQS"
"01/31/2019","11","","NR-GA Tech","13-121-0056","AQS"
"02/01/2019","17","","NR-GA Tech","13-121-0056","AQS"
"02/02/2019","23","","NR-GA Tech","13-121-0056","AQS"
"02/03/2019","15","","NR-GA Tech","13-121-0056","AQS"
"02/04/2019","15","","NR-GA Tech","13-121-0056","AQS"
"02/05/2019","8","","South DeKalb","13-089-0002","AQS"
"02/06/2019","8","","South DeKalb","13-089-0002","AQS"
"02/07/2019","7","","NR-GA Tech","13-121-0056","AQS"
"02/08/2019","7","","NR-GA Tech","13-121-0056","AQS"
"02/09/2019","7","","NR-GA Tech","13-121-0056","AQS"
"02/10/2019","8","","NR-GA Tech","13-121-0056","AQS"
"02/11/2019","15","","NR-GA Tech","13-121-0056","AQS"
"02/12/2019","10","","NR-GA Tech","13-121-0056","AQS"
"02/13/2019","6","","NR-GA Tech","13-121-0056","AQS"
"02/14/2019","14","","NR-GA Tech","13-121-0056","AQS"
"02/15/2019","8","","NR-GA Tech","13-121-0056","AQS"
"02/16/2019","7","","NR-GA Tech","13-121-0056","AQS"
"02/17/2019","9","","NR-GA Tech","13-121-0056","AQS"
"02/18/2019","7","","NR-GA Tech","13-121-0056","AQS"
"02/19/2019","7","","NR-GA Tech","13-121-0056","AQS"
"02/20/2019","7","","NR-GA Tech","13-121-0056","AQS"
"02/21/2019","17","","NR-GA Tech","13-121-0056","AQS"
"02/22/2019","15","","NR-GA Tech","13-121-0056","AQS"
"02/23/2019","9","","NR-GA Tech","13-121-0056","AQS"
"02/24/2019","9","","NR-GA Tech","13-121-0056","AQS"
"02/25/2019","6","","NR-GA Tech","13-121-0056","AQS"
"02/26/2019","11","","NR-GA Tech","13-121-0056","AQS"
"02/27/2019","10","","NR-GA Tech","13-121-0056","AQS"
"02/28/2019","9","","South DeKalb","13-089-0002","AQS"
"03/01/2019","8","","NR-GA Tech","13-121-0056","AQS"
"03/02/2019","7","","NR-GA Tech","13-121-0056","AQS"
"03/03/2019","9","","NR-GA Tech","13-121-0056","AQS"
"03/04/2019","6","","NR-GA Tech","13-121-0056","AQS"
"03/05/2019","5","","NR-GA Tech","13-121-0056","AQS"
"03/06/2019","6","","NR-GA Tech","13-121-0056","AQS"
"03/07/2019","7","","NR-GA Tech","13-121-0056","AQS"
"03/08/2019","10","","NR-GA Tech","13-121-0056","AQS"
"03/09/2019","11","","NR-GA Tech","13-121-0056","AQS"
"03/10/2019","11","","NR-GA Tech","13-121-0056","AQS"
"03/11/2019","7","","NR-GA Tech","13-121-0056","AQS"
"03/12/2019","8","","NR-GA Tech","13-121-0056","AQS"
"03/13/2019","9","","NR-GA Tech","13-121-0056","AQS"
"03/14/2019","9","","NR-GA Tech","13-121-0056","AQS"
"03/15/2019","8","","NR-GA Tech","13-121-0056","AQS"
"03/16/2019","6","","NR-GA Tech","13-121-0056","AQS"
"03/17/2019","6","","NR-GA Tech","13-121-0056","AQS"
"03/18/2019","7","","NR-GA Tech","13-121-0056","AQS"
"03/19/2019","7","","NR-GA Tech","13-121-0056","AQS"
"03/20/2019","10","","NR-GA Tech","13-121-0056","AQS"
"03/21/2019","10","","NR-GA Tech","13-121-0056","AQS"
"03/22/2019","8","","NR-GA Tech","13-121-0056","AQS"
"03/23/2019","8","","NR-GA Tech","13-121-0056","AQS"
"03/24/2019","13","","NR-GA Tech","13-121-0056","AQS"
"03/25/2019","9","","South DeKalb","13-089-0002","AQS"
"03/26/2019","7","","NR-GA Tech","13-121-0056","AQS"
"03/27/2019","8","","NR-GA Tech","13-121-0056","AQS"
"03/28/2019","9","","NR-GA Tech","13-121-0056","AQS"
"03/29/2019","9","","South DeKalb","13-089-0002","AQS"
"03/30/2019","8","","South DeKalb","13-089-0002","AQS"
"03/31/2019","8","","NR-GA Tech","13-121-0056","AQS"
"04/01/2019","7","","NR-GA Tech","13-121-0056","AQS"
"04/02/2019","7","","NR-GA Tech","13-121-0056","AQS"
"04/03/2019","9","","NR-GA Tech","13-121-0056","AQS"
"04/04/2019","10","","NR-GA Tech","13-121-0056","AQS"
"04/05/2019","14","","NR-GA Tech","13-121-0056","AQS"
"04/06/2019","14","","NR-GA Tech","13-121-0056","AQS"
"04/07/2019","11","","NR-GA Tech","13-121-0056","AQS"
"04/08/2019","9","","NR-GA Tech","13-121-0056","AQS"
"04/09/2019","8","","NR-GA Tech","13-121-0056","AQS"
"04/10/2019","15","","NR-GA Tech","13-121-0056","AQS"
"04/11/2019","15","","NR-GA Tech","13-121-0056","AQS"
"04/12/2019","14","","NR-GA Tech","13-121-0056","AQS"
"04/13/2019","16","","NR-GA Tech","13-121-0056","AQS"
"04/14/2019","9","","NR-GA Tech","13-121-0056","AQS"
"04/15/2019","10","","NR-GA Tech","13-121-0056","AQS"
"04/16/2019","10","","NR-GA Tech","13-121-0056","AQS"
"04/17/2019","10","","NR-GA Tech","13-121-0056","AQS"
"04/18/2019","11","","NR-GA Tech","13-121-0056","AQS"
"04/19/2019","9","","NR-GA Tech","13-121-0056","AQS"
"04/20/2019","7","","NR-GA Tech","13-121-0056","AQS"
"04/21/2019","7","","NR-GA Tech","13-121-0056","AQS"
"04/22/2019","9","","South DeKalb","13-089-0002","AQS"
"04/23/2019","9","","South DeKalb","13-089-0002","AQS"
"04/24/2019","8","","NR-GA Tech","13-121-0056","AQS"
"04/25/2019","7","","NR-GA Tech","13-121-0056","AQS"
"04/26/2019","7","","NR-GA Tech","13-121-0056","AQS"
"04/27/2019","9","","NR-GA Tech","13-121-0056","AQS"
"04/28/2019","9","","NR-GA Tech","13-121-0056","AQS"
"04/29/2019","11","","NR-GA Tech","13-121-0056","AQS"
"04/30/2019","13","","NR-GA Tech","13-121-0056","AQS"
"05/01/2019","20","","NR-GA Tech","13-121-0056","AQS"
"05/02/2019","20","","NR-GA Tech","13-121-0056","AQS"
"05/03/2019","10","","NR-GA Tech","13-121-0056","AQS"
"05/04/2019","9","","NR-GA Tech","13-121-0056","AQS"
"05/05/2019","7","","NR-GA Tech","13-121-0056","AQS"
"05/06/2019","6","","NR-GA Tech","13-121-0056","AQS"
"05/07/2019","8","","NR-GA Tech","13-121-0056","AQS"
"05/08/2019","9","","NR-GA Tech","13-121-0056","AQS"
"05/09/2019","8","","NR-GA Tech","13-121-0056","AQS"
"05/10/2019","10","","NR-GA Tech","13-121-0056","AQS"
"05/11/2019","7","","NR-GA Tech","13-121-0056","AQS"
"05/12/2019","7","","NR-GA Tech","13-121-0056","AQS"
"05/13/2019","7","","NR-GA Tech","13-121-0056","AQS"
"05/14/2019","6","","NR-GA Tech","13-121-0056","AQS"
"05/15/2019","7","","NR-GA Tech","13-121-0056","AQS"
"05/16/2019","8","","South DeKalb","13-089-0002","AQS"
"05/17/2019","6","","NR-GA Tech","13-121-0056","AQS"
"05/18/2019","8","","South DeKalb","13-089-0002","AQS"
"05/19/2019","9","","South DeKalb","13-089-0002","AQS"
"05/20/2019","7","","South DeKalb","13-089-0002","AQS"
"05/21/2019","7","","South DeKalb","13-089-0002","AQS"
"05/22/2019","7","","South DeKalb","13-089-0002","AQS"
"05/23/2019","9","","NR-GA Tech","13-121-0056","AQS"
"05/24/2019","7","","NR-GA Tech","13-121-0056","AQS"
"05/25/2019","8","","South DeKalb","13-089-0002","AQS"
"05/26/2019","8","","South DeKalb","13-089-0002","AQS"
"05/27/2019","8","","NR-GA Tech","13-121-0056","AQS"
"05/28/2019","8","","NR-GA Tech","13-121-0056","AQS"
"05/29/2019","7","","NR-GA Tech","13-121-0056","AQS"
"05/30/2019","7","","NR-GA Tech","13-121-0056","AQS"
"05/31/2019","7","","NR-GA Tech","13-121-0056","AQS"
"06/01/2019","6","","South DeKalb","13-089-0002","AQS"
"06/02/2019","7","","NR-GA Tech","13-121-0056","AQS"
"06/03/2019","7","","NR-GA Tech","13-121-0056","AQS"
"06/04/2019","8","","NR-GA Tech","13-121-0056","AQS"
"06/05/2019","11","","NR-GA Tech","13-121-0056","AQS"
"06/06/2019","9","","NR-GA Tech","13-121-0056","AQS"
"06/07/2019","9","","NR-GA Tech","13-121-0056","AQS"
"06/08/2019","10","","NR-GA Tech","13-121-0056","AQS"
"06/09/2019","10","","NR-GA Tech","13-121-0056","AQS"
"06/10/2019","9","","NR-GA Tech","13-121-0056","AQS"
"06/11/2019","8","","NR-GA Tech","13-121-0056","AQS"
"06/12/2019","8","","NR-GA Tech","13-121-0056","AQS"
"06/13/2019","8","","NR-GA Tech","13-121-0056","AQS"
"06/14/2019","11","","NR-GA Tech","13-121-0056","AQS"
"06/15/2019","13","","NR-GA Tech","13-121-0056","AQS"
"06/16/2019","13","","NR-GA Tech","13-121-0056","AQS"
"06/17/2019","8","","NR-GA Tech","13-121-0056","AQS"
"06/18/2019","8","","NR-GA Tech","13-121-0056","AQS"
"06/19/2019","6","","NR-GA Tech","13-121-0056","AQS"
"06/20/2019","7","","NR-GA Tech","13-121-0056","AQS"
"06/21/2019","7","","NR-GA Tech","13-121-0056","AQS"
"06/22/2019","7","","NR-GA Tech","13-121-0056","AQS"
"06/23/2019","10","","NR-GA Tech","13-121-0056","AQS"
"06/24/2019","10","","NR-GA Tech","13-121-0056","AQS"
"06/25/2019","7","","NR-GA Tech","13-121-0056","AQS"
"06/26/2019","7","","NR-GA Tech","13-121-0056","AQS"
"06/27/2019","8","","NR-GA Tech","13-121-0056","AQS"
"06/28/2019","8","","NR-GA Tech","13-121-0056","AQS"
"06/29/2019","9","","NR-GA Tech","13-121-0056","AQS"
"06/30/2019","9","","NR-GA Tech","13-121-0056","AQS"
"07/01/2019","7","","NR-GA Tech","13-121-0056","AQS"
"07/02/2019","7","","NR-GA Tech","13-121-0056","AQS"
"07/03/2019","7","","NR-GA Tech","13-121-0056","AQS"
"07/04/2019","8","","NR-GA Tech","13-121-0056","AQS"
"07/05/2019","8","","NR-GA Tech","13-121-0056","AQS"
"07/06/2019","7","","NR-GA Tech","13-121-0056","AQS"
"07/07/2019","9","","NR-GA Tech","13-121-0056","AQS"
"07/08/2019","9","","NR-GA Tech","13-121-0056","AQS"
"07/09/2019","9","","NR-GA Tech","13-121-0056","AQS"
"07/10/2019","8","","NR-GA Tech","13-121-0056","AQS"
"07/11/2019","8","","NR-GA Tech","13-121-0056","AQS"
"07/12/2019","7","","NR-GA Tech","13-121-0056","AQS"
"07/13/2019","6","","NR-GA Tech","13-121-0056","AQS"
"07/14/2019","6","","NR-GA Tech","13-121-0056","AQS"
"07/15/2019","6","","South DeKalb","13-089-0002","AQS"
"07/16/2019","6","","South DeKalb","13-089-0002","AQS"
"07/17/2019","7","","NR-GA Tech","13-121-0056","AQS"
"07/18/2019","7","","NR-GA Tech","13-121-0056","AQS"
"07/19/2019","7","","NR-GA Tech","13-121-0056","AQS"
"07/20/2019","7","","NR-GA Tech","13-121-0056","AQS"
"07/21/2019","7","","NR-GA Tech","13-121-0056","AQS"
"07/22/2019","7","","NR-GA Tech","13-121-0056","AQS"
"07/23/2019","6","","NR-GA Tech","13-121-0056","AQS"
"07/24/2019","5","","NR-GA Tech","13-121-0056","AQS"
"07/25/2019","8","","NR-GA Tech","13-121-0056","AQS"
"07/26/2019","9","","NR-GA Tech","13-121-0056","AQS"
"07/27/2019","10","","NR-GA Tech","13-121-0056","AQS"
"07/28/2019","9","","NR-GA Tech","13-121-0056","AQS"
"07/29/2019","9","","NR-GA Tech","13-121-0056","AQS"
"07/30/2019","9","","NR-GA Tech","13-121-0056","AQS"
"07/31/2019","8","","NR-GA Tech","13-121-0056","AQS"
"08/01/2019","9","","NR-GA Tech","13-121-0056","AQS"
"08/02/2019","9","","NR-GA Tech","13-121-0056","AQS"
"08/03/2019","10","","NR-GA Tech","13-121-0056","AQS"
"08/04/2019","7","","NR-GA Tech","13-121-0056","AQS"
"08/05/2019","6","","South DeKalb","13-089-0002","AQS"
"08/06/2019","7","","NR-GA Tech","13-121-0056","AQS"
"08/07/2019","8","","NR-GA Tech","13-121-0056","AQS"
"08/08/2019","8","","NR-GA Tech","13-121-0056","AQS"
"08/09/2019","7","","NR-GA Tech","13-121-0056","AQS"
"08/10/2019","7","","South DeKalb","13-089-0002","AQS"
"08/11/2019","9","","NR-GA Tech","13-121-0056","AQS"
"08/12/2019","10","","NR-GA Tech","13-121-0056","AQS"
"08/13/2019","10","","NR-GA Tech","13-121-0056","AQS"
"08/14/2019","7","","NR-GA Tech","13-121-0056","AQS"
"08/15/2019","6","","NR-GA Tech","13-121-0056","AQS"
"08/16/2019","6","","South DeKalb","13-089-0002","AQS"
"08/17/2019","9","","NR-GA Tech","13-121-0056","AQS"
"08/18/2019","14","","NR-GA Tech","13-121-0056","AQS"
"08/19/2019","9","","NR-GA Tech","13-121-0056","AQS"
"08/20/2019","8","","NR-GA Tech","13-121-0056","AQS"
"08/21/2019","7","","NR-GA Tech","13-121-0056","AQS"
"08/22/2019","7","","NR-GA Tech","13-121-0056","AQS"
"08/23/2019","8","","NR-GA Tech","13-121-0056","AQS"
"08/24/2019","10","","NR-GA Tech","13-121-0056","AQS"
"08/25/2019","9","","NR-GA Tech","13-121-0056","AQS"
"08/26/2019","8","","NR-GA Tech","13-121-0056","AQS"
"08/27/2019","8","","NR-GA Tech","13-121-0056","AQS"
"08/28/2019","8","","NR-GA Tech","13-121-0056","AQS"
"08/29/2019","6","","NR-GA Tech","13-121-0056","AQS"
"08/30/2019","9","","NR-GA Tech","13-121-0056","AQS"
"08/31/2019","9","","NR-GA Tech","13-121-0056","AQS"
"09/01/2019","13","","NR-GA Tech","13-121-0056","AQS"
"09/02/2019","9","","NR-GA Tech","13-121-0056","AQS"
"09/03/2019","10","","NR-GA Tech","13-121-0056","AQS"
"09/04/2019","8","","NR-GA Tech","13-121-0056","AQS"
"09/05/2019","6","","NR-GA Tech","13-121-0056","AQS"
"09/06/2019","7","","NR-GA Tech","13-121-0056","AQS"
"09/07/2019","7","","NR-GA Tech","13-121-0056","AQS"
"09/08/2019","7","","South DeKalb","13-089-0002","AQS"
"09/09/2019","9","","NR-GA Tech","13-121-0056","AQS"
"09/10/2019","9","","NR-GA Tech","13-121-0056","AQS"
"09/11/2019","10","","NR-GA Tech","13-121-0056","AQS"
"09/12/2019","10","","NR-GA Tech","13-121-0056","AQS"
"09/13/2019","10","","NR-GA Tech","13-121-0056","AQS"
"09/14/2019","9","","NR-GA Tech","13-121-0056","AQS"
"09/15/2019","10","","NR-GA Tech","13-121-0056","AQS"
"09/16/2019","10","","NR-GA Tech","13-121-0056","AQS"
"09/17/2019","9","","NR-GA Tech","13-121-0056","AQS"
"09/18/2019","8","","NR-GA Tech","13-121-0056","AQS"
"09/19/2019","8","","NR-GA Tech","13-121-0056","AQS"
"09/20/2019","9","","NR-GA Tech","13-121-0056","AQS"
"09/21/2019","10","","NR-GA Tech","13-121-0056","AQS"
"09/22/2019","11","","NR-GA Tech","13-121-0056","AQS"
"09/23/2019","10","","NR-GA Tech","13-121-0056","AQS"
"09/24/2019","7","","South DeKalb","13-089-0002","AQS"
"09/25/2019","7","","South DeKalb","13-089-0002","AQS"
"09/26/2019","10","","NR-GA Tech","13-121-0056","AQS"
"09/27/2019","13","","NR-GA Tech","13-121-0056","AQS"
"09/28/2019","13","","NR-GA Tech","13-121-0056","AQS"
"09/29/2019","11","","NR-GA Tech","13-121-0056","AQS"
"09/30/2019","10","","South DeKalb","13-089-0002","AQS"
"10/01/2019","10","","NR-GA Tech","13-121-0056","AQS"
"10/02/2019","10","","NR-GA Tech","13-121-0056","AQS"
"10/03/2019","9","","South DeKalb","13-089-0002","AQS"
"10/04/2019","9","","South DeKalb","13-089-0002","AQS"
"10/05/2019","7","","South DeKalb","13-089-0002","AQS"
"10/06/2019","8","","NR-GA Tech","13-121-0056","AQS"
"10/07/2019","8","","NR-GA Tech","13-121-0056","AQS"
"10/08/2019","7","","NR-GA Tech","13-121-0056","AQS"
"10/09/2019","8","","NR-GA Tech","13-121-0056","AQS"
"10/10/2019","9","","NR-GA Tech","13-121-0056","AQS"
"10/11/2019","13","","NR-GA Tech","13-121-0056","AQS"
"10/12/2019","14","","NR-GA Tech","13-121-0056","AQS"
"10/13/2019","6","","NR-GA Tech","13-121-0056","AQS"
"10/14/2019","7","","NR-GA Tech","13-121-0056","AQS"
"10/15/2019","11","","NR-GA Tech","13-121-0056","AQS"
"10/16/2019","7","","NR-GA Tech","13-121-0056","AQS"
"10/17/2019","6","","NR-GA Tech","13-121-0056","AQS"
"10/18/2019","9","","NR-GA Tech","13-121-0056","AQS"
"10/19/2019","9","","NR-GA Tech","13-121-0056","AQS"
"10/20/2019","7","","NR-GA Tech","13-121-0056","AQS"
"10/21/2019","13","","NR-GA Tech","13-121-0056","AQS"
"10/22/2019","9","","NR-GA Tech","13-121-0056","AQS"
"10/23/2019","9","","NR-GA Tech","13-121-0056","AQS"
"10/24/2019","9","","South DeKalb","13-089-0002","AQS"
"10/25/2019","9","","NR-GA Tech","13-121-0056","AQS"
"10/26/2019","9","","NR-GA Tech","13-121-0056","AQS"
"10/27/2019","9","","NR-GA Tech","13-121-0056","AQS"
"10/28/2019","13","","NR-GA Tech","13-121-0056","AQS"
"10/29/2019","14","","NR-GA Tech","13-121-0056","AQS"
"10/30/2019","10","","NR-GA Tech","13-121-0056","AQS"
"10/31/2019","7","","NR-GA Tech","13-121-0056","AQS"
"11/01/2019","6","","NR-GA Tech","13-121-0056","AQS"
"11/02/2019","8","","NR-GA Tech","13-121-0056","AQS"
"11/03/2019","9","","NR-GA Tech","13-121-0056","AQS"
"11/04/2019","10","","NR-GA Tech","13-121-0056","AQS"
"11/05/2019","9","","NR-GA Tech","13-121-0056","AQS"
"11/06/2019","8","","South DeKalb","13-089-0002","AQS"
"11/07/2019","10","","NR-GA Tech","13-121-0056","AQS"
"11/08/2019","7","","NR-GA Tech","13-121-0056","AQS"
"11/09/2019","10","","NR-GA Tech","13-121-0056","AQS"
"11/10/2019","16","","NR-GA Tech","13-121-0056","AQS"
"11/11/2019","11","","South DeKalb","13-089-0002","AQS"
"11/12/2019","8","","NR-GA Tech","13-121-0056","AQS"
"11/13/2019","7","","NR-GA Tech","13-121-0056","AQS"
"11/14/2019","8","","NR-GA Tech","13-121-0056","AQS"
"11/15/2019","8","","NR-GA Tech","13-121-0056","AQS"
"11/16/2019","8","","NR-GA Tech","13-121-0056","AQS"
"11/17/2019","10","","NR-GA Tech","13-121-0056","AQS"
"11/18/2019","10","","NR-GA Tech","13-121-0056","AQS"
"11/19/2019","7","","NR-GA Tech","13-121-0056","AQS"
"11/20/2019","7","","NR-GA Tech","13-121-0056","AQS"
"11/21/2019","10","","South DeKalb","13-089-0002","AQS"
"11/22/2019","10","","NR-GA Tech","13-121-0056","AQS"
"11/23/2019","9","","NR-GA Tech","13-121-0056","AQS"
"11/24/2019","6","","NR-GA Tech","13-121-0056","AQS"
"11/25/2019","8","","NR-GA Tech","13-121-0056","AQS"
"11/26/2019","16","","NR-GA Tech","13-121-0056","AQS"
"11/27/2019","9","","NR-GA Tech","13-121-0056","AQS"
"11/28/2019","6","","NR-GA Tech","13-121-0056","AQS"
"11/29/2019","8","","NR-GA Tech","13-121-0056","AQS"
"11/30/2019","9","","South DeKalb","13-089-0002","AQS"
"12/01/2019","10","","NR-GA Tech","13-121-0056","AQS"
"12/02/2019","5","","NR-GA Tech","13-121-0056","AQS"
"12/03/2019","7","","NR-GA Tech","13-121-0056","AQS"
"12/04/2019","7","","NR-GA Tech","13-121-0056","AQS"
"12/05/2019","15","","NR-GA Tech","13-121-0056","AQS"
"12/06/2019","20","","NR-GA Tech","13-121-0056","AQS"
"12/07/2019","14","","NR-GA Tech","13-121-0056","AQS"
"12/08/2019","10","","NR-GA Tech","13-121-0056","AQS"
"12/09/2019","11","","NR-GA Tech","13-121-0056","AQS"
"12/10/2019","10","","NR-GA Tech","13-121-0056","AQS"
"12/11/2019","6","","NR-GA Tech","13-121-0056","AQS"
"12/12/2019","7","","NR-GA Tech","13-121-0056","AQS"
"12/13/2019","8","","NR-GA Tech","13-121-0056","AQS"
"12/14/2019","9","","NR-GA Tech","13-121-0056","AQS"
"12/15/2019","9","","South DeKalb","13-089-0002","AQS"
"12/16/2019","8","","NR-GA Tech","13-121-0056","AQS"
"12/17/2019","8","","NR-GA Tech","13-121-0056","AQS"
"12/18/2019","5","","NR-GA Tech","13-121-0056","AQS"
"12/19/2019","10","","NR-GA Tech","13-121-0056","AQS"
"12/20/2019","11","","South DeKalb","13-089-0002","AQS"
"12/21/2019","8","","NR-GA Tech","13-121-0056","AQS"
"12/22/2019","8","","NR-GA Tech","13-121-0056","AQS"
"12/23/2019","8","","NR-GA Tech","13-121-0056","AQS"
"12/24/2019","11","","NR-GA Tech","13-121-0056","AQS"
"12/25/2019","13","","South DeKalb","13-089-0002","AQS"
"12/26/2019","13","","NR-GA Tech","13-121-0056","AQS"
"12/27/2019","13","","NR-GA Tech","13-121-0056","AQS"
"12/28/2019","13","","NR-GA Tech","13-121-0056","AQS"
"12/29/2019","9","","NR-GA Tech","13-121-0056","AQS"
"12/30/2019","8","","NR-GA Tech","13-121-0056","AQS"
"12/31/2019","7","","NR-GA Tech","13-121-0056","AQS"
"01/01/2020","7","","NR-GA Tech","13-121-0056","AQS"
"01/02/2020","9","","NR-GA Tech","13-121-0056","AQS"
"01/03/2020","10","","NR-GA Tech","13-121-0056","AQS"
"01/04/2020","8","","NR-GA Tech","13-121-0056","AQS"
"01/05/2020","7","","NR-GA Tech","13-121-0056","AQS"
"01/06/2020","8","","South DeKalb","13-089-0002","AQS"
"01/07/2020","8","","South DeKalb","13-089-0002","AQS"
"01/08/2020","11","","NR-GA Tech","13-121-0056","AQS"
"01/09/2020","17","","NR-GA Tech","13-121-0056","AQS"
"01/10/2020","9","","NR-GA Tech","13-121-0056","AQS"
"01/11/2020","9","","NR-GA Tech","13-121-0056","AQS"
"01/12/2020","11","","NR-GA Tech","13-121-0056","AQS"
"01/13/2020","11","","NR-GA Tech","13-121-0056","AQS"
"01/14/2020","10","","NR-GA Tech","13-121-0056","AQS"
"01/15/2020","9","","NR-GA Tech","13-121-0056","AQS"
"01/16/2020","5","","NR-GA Tech","13-121-0056","AQS"
"01/17/2020","7","","NR-GA Tech","13-121-0056","AQS"
"01/18/2020","11","","NR-GA Tech","13-121-0056","AQS"
"01/19/2020","11","","NR-GA Tech","13-121-0056","AQS"
"01/20/2020","5","","NR-GA Tech","13-121-0056","AQS"
"01/21/2020","6","","NR-GA Tech","13-121-0056","AQS"
"01/22/2020","8","","NR-GA Tech","13-121-0056","AQS"
"01/23/2020","8","","NR-GA Tech","13-121-0056","AQS"
"01/24/2020","9","","NR-GA Tech","13-121-0056","AQS"
"01/25/2020","8","","NR-GA Tech","13-121-0056","AQS"
"01/26/2020","7","","NR-GA Tech","13-121-0056","AQS"
"01/27/2020","7","","NR-GA Tech","13-121-0056","AQS"
"01/28/2020","7","","NR-GA Tech","13-121-0056","AQS"
"01/29/2020","11","","NR-GA Tech","13-121-0056","AQS"
"01/30/2020","9","","NR-GA Tech","13-121-0056","AQS"
"01/31/2020","8","","NR-GA Tech","13-121-0056","AQS"
"02/01/2020","8","","NR-GA Tech","13-121-0056","AQS"
"02/02/2020","7","","NR-GA Tech","13-121-0056","AQS"
"02/03/2020","8","","South DeKalb","13-089-0002","AQS"
"02/04/2020","6","","NR-GA Tech","13-121-0056","AQS"
"02/05/2020","7","","NR-GA Tech","13-121-0056","AQS"
"02/06/2020","7","","NR-GA Tech","13-121-0056","AQS"
"02/07/2020","6","","NR-GA Tech","13-121-0056","AQS"
"02/08/2020","10","","NR-GA Tech","13-121-0056","AQS"
"02/09/2020","11","","NR-GA Tech","13-121-0056","AQS"
"02/10/2020","8","","NR-GA Tech","13-121-0056","AQS"
"02/11/2020","8","","NR-GA Tech","13-121-0056","AQS"
"02/12/2020","11","","NR-GA Tech","13-121-0056","AQS"
"02/13/2020","8","","NR-GA Tech","13-121-0056","AQS"
"02/14/2020","5","","NR-GA Tech","13-121-0056","AQS"
"02/15/2020","9","","NR-GA Tech","13-121-0056","AQS"
"02/16/2020","10","","NR-GA Tech","13-121-0056","AQS"
"02/17/2020","10","","NR-GA Tech","13-121-0056","AQS"
"02/18/2020","10","","NR-GA Tech","13-121-0056","AQS"
"02/19/2020","9","","NR-GA Tech","13-121-0056","AQS"
"02/20/2020","7","","NR-GA Tech","13-121-0056","AQS"
"02/21/2020","7","","NR-GA Tech","13-121-0056","AQS"
"02/22/2020","7","","South DeKalb","13-089-0002","AQS"
"02/23/2020","13","","South DeKalb","13-089-0002","AQS"
"02/24/2020","9","","NR-GA Tech","13-121-0056","AQS"
"02/25/2020","11","","NR-GA Tech","13-121-0056","AQS"
"02/26/2020","7","","NR-GA Tech","13-121-0056","AQS"
"02/27/2020","7","","NR-GA Tech","13-121-0056","AQS"
"02/28/2020","7","","NR-GA Tech","13-121-0056","AQS"
"02/29/2020","7","","NR-GA Tech","13-121-0056","AQS"
"03/01/2020","13","","NR-GA Tech","13-121-0056","AQS"
"03/02/2020","10","","NR-GA Tech","13-121-0056","AQS"
"03/03/2020","9","","NR-GA Tech","13-121-0056","AQS"
"03/04/2020","8","","NR-GA Tech","13-121-0056","AQS"
"03/05/2020","7","","NR-GA Tech","13-121-0056","AQS"
"03/06/2020","7","","NR-GA Tech","13-121-0056","AQS"
"03/07/2020","7","","NR-GA Tech","13-121-0056","AQS"
"03/08/2020","11","","South DeKalb","13-089-0002","AQS"
"03/09/2020","9","","NR-GA Tech","13-121-0056","AQS"
"03/10/2020","9","","NR-GA Tech","13-121-0056","AQS"
"03/11/2020","7","","NR-GA Tech","13-121-0056","AQS"
"03/12/2020","8","","NR-GA Tech","13-121-0056","AQS"
"03/13/2020","7","","NR-GA Tech","13-121-0056","AQS"
"03/14/2020","9","","NR-GA Tech","13-121-0056","AQS"
"03/15/2020","9","","NR-GA Tech","13-121-0056","AQS"
"03/16/2020","9","","NR-GA Tech","13-121-0056","AQS"
"03/17/2020","11","","NR-GA Tech","13-121-0056","AQS"
"03/18/2020","13","","NR-GA Tech","13-121-0056","AQS"
"03/19/2020","11","","NR-GA Tech","13-121-0056","AQS"
"03/20/2020","9","","NR-GA Tech","13-121-0056","AQS"
"03/21/2020","6","","NR-GA Tech","13-121-0056","AQS"
"03/22/2020","8","","NR-GA Tech","13-121-0056","AQS"
"03/23/2020","10","","NR-GA Tech","13-121-0056","AQS"
"03/24/2020","10","","NR-GA Tech","13-121-0056","AQS"
"03/25/2020","7","","NR-GA Tech","13-121-0056","AQS"
"03/26/2020","11","","NR-GA Tech","13-121-0056","AQS"
"03/27/2020","9","","NR-GA Tech","13-121-0056","AQS"
"03/28/2020","8","","NR-GA Tech","13-121-0056","AQS"
"03/29/2020","7","","NR-GA Tech","13-121-0056","AQS"
"03/30/2020","6","","NR-GA Tech","13-121-0056","AQS"
"03/31/2020","7","","NR-GA Tech","13-121-0056","AQS"
"04/01/2020","5","","NR-GA Tech","13-121-0056","AQS"
"04/02/2020","7","","NR-GA Tech","13-121-0056","AQS"
"04/03/2020","7","","NR-GA Tech","13-121-0056","AQS"
"04/04/2020","7","","NR-GA Tech","13-121-0056","AQS"
"04/05/2020","7","","South DeKalb","13-089-0002","AQS"
"04/06/2020","7","","NR-GA Tech","13-121-0056","AQS"
"04/07/2020","7","","NR-GA Tech","13-121-0056","AQS"
"04/08/2020","8","","NR-GA Tech","13-121-0056","AQS"
"04/09/2020","6","","NR-GA Tech","13-121-0056","AQS"
"04/10/2020","5","","NR-GA Tech","13-121-0056","AQS"
"04/11/2020","8","","NR-GA Tech","13-121-0056","AQS"
"04/12/2020","7","","NR-GA Tech","13-121-0056","AQS"
"04/13/2020","7","","NR-GA Tech","13-121-0056","AQS"
"04/14/2020","6","","NR-GA Tech","13-121-0056","AQS"
"04/15/2020","6","","NR-GA Tech","13-121-0056","AQS"
"04/16/2020","6","","NR-GA Tech","13-121-0056","AQS"
"04/17/2020","9","","NR-GA Tech","13-121-0056","AQS"
"04/18/2020","8","","NR-GA Tech","13-121-0056","AQS"
"04/19/2020","7","","NR-GA Tech","13-121-0056","AQS"
"04/20/2020","7","","NR-GA Tech","13-121-0056","AQS"
"04/21/2020","7","","NR-GA Tech","13-121-0056","AQS"
"04/22/2020","9","","NR-GA Tech","13-121-0056","AQS"
"04/23/2020","10","","NR-GA Tech","13-121-0056","AQS"
"04/24/2020","8","","NR-GA Tech","13-121-0056","AQS"
"04/25/2020","8","","NR-GA Tech","13-121-0056","AQS"
"04/26/2020","6","","NR-GA Tech","13-121-0056","AQS"
"04/27/2020","7","","NR-GA Tech","13-121-0056","AQS"
"04/28/2020","10","","NR-GA Tech","13-121-0056","AQS"
"04/29/2020","8","","NR-GA Tech","13-121-0056","AQS"
"04/30/2020","8","","NR-GA Tech","13-121-0056","AQS"
"05/01/2020","7","","NR-GA Tech","13-121-0056","AQS"
"05/02/2020","9","","NR-GA Tech","13-121-0056","AQS"
"05/03/2020","10","","South DeKalb","13-089-0002","AQS"
"05/04/2020","9","","NR-GA Tech","13-121-0056","AQS"
"05/05/2020","9","","NR-GA Tech","13-121-0056","AQS"
"05/06/2020","7","","NR-GA Tech","13-121-0056","AQS"
"05/07/2020","6","","NR-GA Tech","13-121-0056","AQS"
"05/08/2020","9","","NR-GA Tech","13-121-0056","AQS"
"05/09/2020","6","","NR-GA Tech","13-121-0056","AQS"
"05/10/2020","7","","NR-GA Tech","13-121-0056","AQS"
"05/11/2020","6","","NR-GA Tech","13-121-0056","AQS"
"05/12/2020","7","","NR-GA Tech","13-121-0056","AQS"
"05/13/2020","10","","NR-GA Tech","13-121-0056","AQS"
"05/14/2020","10","","NR-GA Tech","13-121-0056","AQS"
"05/15/2020","11","","NR-GA Tech","13-121-0056","AQS"
"05/16/2020","11","","NR-GA Tech","13-121-0056","AQS"
"05/17/2020","11","","NR-GA Tech","13-121-0056","AQS"
"05/18/2020","10","","NR-GA Tech","13-121-0056","AQS"
"05/19/2020","8","","NR-GA Tech","13-121-0056","AQS"
"05/20/2020","8","","NR-GA Tech","13-121-0056","AQS"
"05/21/2020","11","","NR-GA Tech","13-121-0056","AQS"
"05/22/2020","10","","NR-GA Tech","13-121-0056","AQS"
"05/23/2020","9","","NR-GA Tech","13-121-0056","AQS"
"05/24/2020","9","","NR-GA Tech","13-121-0056","AQS"
"05/25/2020","9","","NR-GA Tech","13-121-0056","AQS"
"05/26/2020","8","","NR-GA Tech","13-121-0056","AQS"
"05/27/2020","9","","NR-GA Tech","13-121-0056","AQS"
"05/28/2020","10","","NR-GA Tech","13-121-0056","AQS"
"05/29/2020","10","","NR-GA Tech","13-121-0056","AQS"
"05/30/2020","8","","NR-GA Tech","13-121-0056","AQS"
"05/31/2020","9","","NR-GA Tech","13-121-0056","AQS"
"06/01/2020","10","","NR-GA Tech","13-121-0056","AQS"
"06/02/2020","9","","NR-GA Tech","13-121-0056","AQS"
"06/03/2020","8","","NR-GA Tech","13-121-0056","AQS"
"06/04/2020","8","","NR-GA Tech","13-121-0056","AQS"
"06/05/2020","8","","NR-GA Tech","13-121-0056","AQS"
"06/06/2020","9","","NR-GA Tech","13-121-0056","AQS"
"06/07/2020","10","","NR-GA Tech","13-121-0056","AQS"
"06/08/2020","10","","NR-GA Tech","13-121-0056","AQS"
"06/09/2020","8","","NR-GA Tech","13-121-0056","AQS"
"06/10/2020","8","","NR-GA Tech","13-121-0056","AQS"
"06/11/2020","8","","NR-GA Tech","13-121-0056","AQS"
"06/12/2020","8","","NR-GA Tech","13-121-0056","AQS"
"06/13/2020","9","","NR-GA Tech","13-121-0056","AQS"
"06/14/2020","10","","South DeKalb","13-089-0002","AQS"
"06/15/2020","8","","NR-GA Tech","13-121-0056","AQS"
"06/16/2020","7","","NR-GA Tech","13-121-0056","AQS"
"06/17/2020","7","","NR-GA Tech","13-121-0056","AQS"
"06/18/2020","7","","NR-GA Tech","13-121-0056","AQS"
"06/19/2020","9","","NR-GA Tech","13-121-0056","AQS"
"06/20/2020","9","","NR-GA Tech","13-121-0056","AQS"
"06/21/2020","9","","South DeKalb","13-089-0002","AQS"
"06/22/2020","8","","NR-GA Tech","13-121-0056","AQS"
"06/23/2020","8","","NR-GA Tech","13-121-0056","AQS"
"06/24/2020","8","","NR-GA Tech","13-121-0056","AQS"
"06/25/2020","8","","NR-GA Tech","13-121-0056","AQS"
"06/26/2020","8","","NR-GA Tech","13-121-0056","AQS"
"06/27/2020","8","","NR-GA Tech","13-121-0056","AQS"
"06/28/2020","9","","NR-GA Tech","13-121-0056","AQS"
"06/29/2020","9","","NR-GA Tech","13-121-0056","AQS"
"06/30/2020","7","","NR-GA Tech","13-121-0056","AQS"
"07/01/2020","8","","NR-GA Tech","13-121-0056","AQS"
"07/02/2020","8","","NR-GA Tech","13-121-0056","AQS"
"07/03/2020","16","","NR-GA Tech","13-121-0056","AQS"
"07/04/2020","17","","NR-GA Tech","13-121-0056","AQS"
"07/05/2020","11","","NR-GA Tech","13-121-0056","AQS"
"07/06/2020","10","","NR-GA Tech","13-121-0056","AQS"
"07/07/2020","10","","NR-GA Tech","13-121-0056","AQS"
"07/08/2020","10","","NR-GA Tech","13-121-0056","AQS"
"07/09/2020","9","","NR-GA Tech","13-121-0056","AQS"
"07/10/2020","9","","NR-GA Tech","13-121-0056","AQS"
"07/11/2020","9","","NR-GA Tech","13-121-0056","AQS"
"07/12/2020","9","","NR-GA Tech","13-121-0056","AQS"
"07/13/2020","9","","NR-GA Tech","13-121-0056","AQS"
"07/14/2020","8","","NR-GA Tech","13-121-0056","AQS"
"07/15/2020","11","","NR-GA Tech","13-121-0056","AQS"
"07/16/2020","14","","NR-GA Tech","13-121-0056","AQS"
"07/17/2020","14","","NR-GA Tech","13-121-0056","AQS"
"07/18/2020","9","","NR-GA Tech","13-121-0056","AQS"
"07/19/2020","11","","NR-GA Tech","13-121-0056","AQS"
"07/20/2020","9","","NR-GA Tech","13-121-0056","AQS"
"07/21/2020","9","","NR-GA Tech","13-121-0056","AQS"
"07/22/2020","10","","NR-GA Tech","13-121-0056","AQS"
"07/23/2020","9","","NR-GA Tech","13-121-0056","AQS"
"07/24/2020","9","","NR-GA Tech","13-121-0056","AQS"
"07/25/2020","10","","NR-GA Tech","13-121-0056","AQS"
"07/26/2020","9","","NR-GA Tech","13-121-0056","AQS"
"07/27/2020","8","","NR-GA Tech","13-121-0056","AQS"
"07/28/2020","7","","NR-GA Tech","13-121-0056","AQS"
"07/29/2020","7","","NR-GA Tech","13-121-0056","AQS"
"07/30/2020","8","","NR-GA Tech","13-121-0056","AQS"
"07/31/2020","8","","NR-GA Tech","13-121-0056","AQS"
"08/01/2020","9","","NR-GA Tech","13-121-0056","AQS"
"08/02/2020","8","","NR-GA Tech","13-121-0056","AQS"
"08/03/2020","10","","NR-GA Tech","13-121-0056","AQS"
"08/04/2020","9","","NR-GA Tech","13-121-0056","AQS"
"08/05/2020","11","","NR-GA Tech","13-121-0056","AQS"
"08/06/2020","11","","NR-GA Tech","13-121-0056","AQS"
"08/07/2020","11","","NR-GA Tech","13-121-0056","AQS"
"08/08/2020","11","","NR-GA Tech","13-121-0056","AQS"
"08/09/2020","13","","NR-GA Tech","13-121-0056","AQS"
"08/10/2020","10","","NR-GA Tech","13-121-0056","AQS"
"08/11/2020","9","","NR-GA Tech","13-121-0056","AQS"
"08/12/2020","8","","NR-GA Tech","13-121-0056","AQS"
"08/13/2020","8","","NR-GA Tech","13-121-0056","AQS"
"08/14/2020","11","","NR-GA Tech","13-121-0056","AQS"
"08/15/2020","11","","NR-GA Tech","13-121-0056","AQS"
"08/16/2020","9","","NR-GA Tech","13-121-0056","AQS"
"08/17/2020","9","","South DeKalb","13-089-0002","AQS"
"08/18/2020","9","","NR-GA Tech","13-121-0056","AQS"
"08/19/2020","9","","NR-GA Tech","13-121-0056","AQS"
"08/20/2020","9","","NR-GA Tech","13-121-0056","AQS"
"08/21/2020","11","","NR-GA Tech","13-121-0056","AQS"
"08/22/2020","14","","NR-GA Tech","13-121-0056","AQS"
"08/23/2020","14","","NR-GA Tech","13-121-0056","AQS"
"08/24/2020","13","","NR-GA Tech","13-121-0056","AQS"
"08/25/2020","11","","NR-GA Tech","13-121-0056","AQS"
"08/26/2020","13","","NR-GA Tech","13-121-0056","AQS"
"08/27/2020","14","","NR-GA Tech","13-121-0056","AQS"
"08/28/2020","14","","NR-GA Tech","13-121-0056","AQS"
"08/29/2020","9","","NR-GA Tech","13-121-0056","AQS"
"08/30/2020","10","","NR-GA Tech","13-121-0056","AQS"
"08/31/2020","9","","NR-GA Tech","13-121-0056","AQS"
"09/01/2020","9","","NR-GA Tech","13-121-0056","AQS"
"09/02/2020","8","","NR-GA Tech","13-121-0056","AQS"
"09/03/2020","8","","NR-GA Tech","13-121-0056","AQS"
"09/04/2020","8","","NR-GA Tech","13-121-0056","AQS"
"09/05/2020","8","","NR-GA Tech","13-121-0056","AQS"
"09/06/2020","10","","NR-GA Tech","13-121-0056","AQS"
"09/07/2020","10","","NR-GA Tech","13-121-0056","AQS"
"09/08/2020","10","","NR-GA Tech","13-121-0056","AQS"
"09/09/2020","10","","NR-GA Tech","13-121-0056","AQS"
"09/10/2020","13","","NR-GA Tech","13-121-0056","AQS"
"09/11/2020","13","","NR-GA Tech","13-121-0056","AQS"
"09/12/2020","13","","NR-GA Tech","13-121-0056","AQS"
"09/13/2020","10","","NR-GA Tech","13-121-0056","AQS"
"09/14/2020","10","","NR-GA Tech","13-121-0056","AQS"
"09/15/2020","9","","NR-GA Tech","13-121-0056","AQS"
"09/16/2020","8","","NR-GA Tech","13-121-0056","AQS"
"09/17/2020","7","","NR-GA Tech","13-121-0056","AQS"
"09/18/2020","7","","NR-GA Tech","13-121-0056","AQS"
"09/19/2020","10","","NR-GA Tech","13-121-0056","AQS"
"09/20/2020","10","","NR-GA Tech","13-121-0056","AQS"
"09/21/2020","7","","NR-GA Tech","13-121-0056","AQS"
"09/22/2020","8","","NR-GA Tech","13-121-0056","AQS"
"09/23/2020","11","","NR-GA Tech","13-121-0056","AQS"
"09/24/2020","11","","NR-GA Tech","13-121-0056","AQS"
"09/25/2020","8","","NR-GA Tech","13-121-0056","AQS"
"09/26/2020","10","","NR-GA Tech","13-121-0056","AQS"
"09/27/2020","16","","NR-GA Tech","13-121-0056","AQS"
"09/28/2020","10","","NR-GA Tech","13-121-0056","AQS"
"09/29/2020","9","","NR-GA Tech","13-121-0056","AQS"
"09/30/2020","9","","NR-GA Tech","13-121-0056","AQS"
"10/01/2020","8","","South DeKalb","13-089-0002","AQS"
"10/02/2020","7","","NR-GA Tech","13-121-0056","AQS"
"10/03/2020","10","","NR-GA Tech","13-121-0056","AQS"
"10/04/2020","10","","NR-GA Tech","13-121-0056","AQS"
"10/05/2020","13","","NR-GA Tech","13-121-0056","AQS"
"10/06/2020","14","","NR-GA Tech","13-121-0056","AQS"
"10/07/2020","14","","NR-GA Tech","13-121-0056","AQS"
"10/08/2020","15","","NR-GA Tech","13-121-0056","AQS"
"10/09/2020","15","","NR-GA Tech","13-121-0056","AQS"
"10/10/2020","10","","NR-GA Tech","13-121-0056","AQS"
"10/11/2020","8","","NR-GA Tech","13-121-0056","AQS"
"10/12/2020","8","","NR-GA Tech","13-121-0056","AQS"
"10/13/2020","8","","NR-GA Tech","13-121-0056","AQS"
"10/14/2020","11","","NR-GA Tech","13-121-0056","AQS"
"10/15/2020","11","","NR-GA Tech","13-121-0056","AQS"
"10/16/2020","8","","NR-GA Tech","13-121-0056","AQS"
"10/17/2020","6","","NR-GA Tech","13-121-0056","AQS"
"10/18/2020","7","","NR-GA Tech","13-121-0056","AQS"
"10/19/2020","10","","NR-GA Tech","13-121-0056","AQS"
"10/20/2020","10","","NR-GA Tech","13-121-0056","AQS"
"10/21/2020","10","","NR-GA Tech","13-121-0056","AQS"
"10/22/2020","10","","NR-GA Tech","13-121-0056","AQS"
"10/23/2020","15","","NR-GA Tech","13-121-0056","AQS"
"10/24/2020","16","","NR-GA Tech","13-121-0056","AQS"
"10/25/2020","8","","NR-GA Tech","13-121-0056","AQS"
"10/26/2020","11","","NR-GA Tech","13-121-0056","AQS"
"10/27/2020","13","","NR-GA Tech","13-121-0056","AQS"
"10/28/2020","14","","NR-GA Tech","13-121-0056","AQS"
"10/29/2020","10","","NR-GA Tech","13-121-0056","AQS"
"10/30/2020","6","","NR-GA Tech","13-121-0056","AQS"
"10/31/2020","8","","NR-GA Tech","13-121-0056","AQS"
"11/01/2020","8","","NR-GA Tech","13-121-0056","AQS"
"11/02/2020","6","","NR-GA Tech","13-121-0056","AQS"
"11/03/2020","7","","NR-GA Tech","13-121-0056","AQS"
"11/04/2020","11","","NR-GA Tech","13-121-0056","AQS"
"11/05/2020","11","","NR-GA Tech","13-121-0056","AQS"
"11/06/2020","11","","NR-GA Tech","13-121-0056","AQS"
"11/07/2020","9","","NR-GA Tech","13-121-0056","AQS"
"11/08/2020","8","","NR-GA Tech","13-121-0056","AQS"
"11/09/2020","7","","NR-GA Tech","13-121-0056","AQS"
"11/10/2020","7","","NR-GA Tech","13-121-0056","AQS"
"11/11/2020","9","","NR-GA Tech","13-121-0056","AQS"
"11/12/2020","8","","NR-GA Tech","13-121-0056","AQS"
"11/13/2020","6","","South DeKalb","13-089-0002","AQS"
"11/14/2020","9","","NR-GA Tech","13-121-0056","AQS"
"11/15/2020","11","","NR-GA Tech","13-121-0056","AQS"
"11/16/2020","5","","South DeKalb","13-089-0002","AQS"
"11/17/2020","7","","South DeKalb","13-089-0002","AQS"
"11/18/2020","11","","NR-GA Tech","13-121-0056","AQS"
"11/19/2020","11","","NR-GA Tech","13-121-0056","AQS"
"11/20/2020","14","","NR-GA Tech","13-121-0056","AQS"
"11/21/2020","22","","NR-GA Tech","13-121-0056","AQS"
"11/22/2020","20","","NR-GA Tech","13-121-0056","AQS"
"11/23/2020","7","","South DeKalb","13-089-0002","AQS"
"11/24/2020","8","","NR-GA Tech","13-121-0056","AQS"
"11/25/2020","9","","NR-GA Tech","13-121-0056","AQS"
"11/26/2020","9","","NR-GA Tech","13-121-0056","AQS"
"11/27/2020","10","","South DeKalb","13-089-0002","AQS"
"11/28/2020","11","","NR-GA Tech","13-121-0056","AQS"
"11/29/2020","10","","South DeKalb","13-089-0002","AQS"
"11/30/2020","6","","NR-GA Tech","13-121-0056","AQS"
"12/01/2020","7","","NR-GA Tech","13-121-0056","AQS"
"12/02/2020","9","","NR-GA Tech","13-121-0056","AQS"
"12/03/2020","16","","NR-GA Tech","13-121-0056","AQS"
"12/04/2020","11","","NR-GA Tech","13-121-0056","AQS"
"12/05/2020","7","","NR-GA Tech","13-121-0056","AQS"
"12/06/2020","8","","South DeKalb","13-089-0002","AQS"
"12/07/2020","7","","NR-GA Tech","13-121-0056","AQS"
"12/08/2020","8","","NR-GA Tech","13-121-0056","AQS"
"12/09/2020","9","","NR-GA Tech","13-121-0056","AQS"
"12/10/2020","15","","NR-GA Tech","13-121-0056","AQS"
"12/11/2020","19","","NR-GA Tech","13-121-0056","AQS"
"12/12/2020","14","","NR-GA Tech","13-121-0056","AQS"
"12/13/2020","11","","NR-GA Tech","13-121-0056","AQS"
"12/14/2020","11","","NR-GA Tech","13-121-0056","AQS"
"12/15/2020","8","","NR-GA Tech","13-121-0056","AQS"
"12/16/2020","8","","NR-GA Tech","13-121-0056","AQS"
"12/17/2020","8","","NR-GA Tech","13-121-0056","AQS"
"12/18/2020","8","","South DeKalb","13-089-0002","AQS"
"12/19/2020","15","","South DeKalb","13-089-0002","AQS"
"12/20/2020","14","","NR-GA Tech","13-121-0056","AQS"
"12/21/2020","7","","NR-GA Tech","13-121-0056","AQS"
"12/22/2020","7","","NR-GA Tech","13-121-0056","AQS"
"12/23/2020","11","","South DeKalb","13-089-0002","AQS"
"12/24/2020","9","","NR-GA Tech","13-121-0056","AQS"
"12/25/2020","6","","NR-GA Tech","13-121-0056","AQS"
"12/26/2020","8","","NR-GA Tech","13-121-0056","AQS"
"12/27/2020","14","","South DeKalb","13-089-0002","AQS"
"12/28/2020","11","","South DeKalb","13-089-0002","AQS"
"12/29/2020","10","","NR-GA Tech","13-121-0056","AQS"
"12/30/2020","10","","NR-GA Tech","13-121-0056","AQS"
"12/31/2020","13","","NR-GA Tech","13-121-0056","AQS"
"01/01/2021","9","","NR-GA Tech","13-121-0056","AQS"
"01/02/2021","8","","NR-GA Tech","13-121-0056","AQS"
"01/03/2021","8","","NR-GA Tech","13-121-0056","AQS"
"01/04/2021","8","","NR-GA Tech","13-121-0056","AQS"
"01/05/2021","7","","NR-GA Tech","13-121-0056","AQS"
"01/06/2021","9","","NR-GA Tech","13-121-0056","AQS"
"01/07/2021","10","","NR-GA Tech","13-121-0056","AQS"
"01/08/2021","8","","NR-GA Tech","13-121-0056","AQS"
"01/09/2021","6","","NR-GA Tech","13-121-0056","AQS"
"01/10/2021","14","","NR-GA Tech","13-121-0056","AQS"
"01/11/2021","15","","NR-GA Tech","13-121-0056","AQS"
"01/12/2021","8","","NR-GA Tech","13-121-0056","AQS"
"01/13/2021","9","","NR-GA Tech","13-121-0056","AQS"
"01/14/2021","9","","NR-GA Tech","13-121-0056","AQS"
"01/15/2021","9","","NR-GA Tech","13-121-0056","AQS"
"01/16/2021","8","","NR-GA Tech","13-121-0056","AQS"
"01/17/2021","8","","NR-GA Tech","13-121-0056","AQS"
"01/18/2021","8","","NR-GA Tech","13-121-0056","AQS"
"01/19/2021","13","","NR-GA Tech","13-121-0056","AQS"
"01/20/2021","8","","NR-GA Tech","13-121-0056","AQS"
"01/21/2021","8","","NR-GA Tech","13-121-0056","AQS"
"01/22/2021","9","","NR-GA Tech","13-121-0056","AQS"
"01/23/2021","14","","NR-GA Tech","13-121-0056","AQS"
"01/24/2021","15","","NR-GA Tech","13-121-0056","AQS"
"01/25/2021","16","","NR-GA Tech","13-121-0056","AQS"
"01/26/2021","11","","NR-GA Tech","13-121-0056","AQS"
"01/27/2021","10","","NR-GA Tech","13-121-0056","AQS"
"01/28/2021","5","","NR-GA Tech","13-121-0056","AQS"
"01/29/2021","7","","NR-GA Tech","13-121-0056","AQS"
"01/30/2021","14","","NR-GA Tech","13-121-0056","AQS"
"01/31/2021","10","","NR-GA Tech","13-121-0056","AQS"
"02/01/2021","9","","NR-GA Tech","13-121-0056","AQS"
"02/02/2021","5","","NR-GA Tech","13-121-0056","AQS"
"02/03/2021","7","","NR-GA Tech","13-121-0056","AQS"
"02/04/2021","13","","NR-GA Tech","13-121-0056","AQS"
"02/05/2021","9","","NR-GA Tech","13-121-0056","AQS"
"02/06/2021","13","","NR-GA Tech","13-121-0056","AQS"
"02/07/2021","7","","NR-GA Tech","13-121-0056","AQS"
"02/08/2021","10","","NR-GA Tech","13-121-0056","AQS"
"02/09/2021","11","","NR-GA Tech","13-121-0056","AQS"
"02/10/2021","19","","NR-GA Tech","13-121-0056","AQS"
"02/11/2021","11","","NR-GA Tech","13-121-0056","AQS"
"02/12/2021","10","","NR-GA Tech","13-121-0056","AQS"
"02/13/2021","10","","NR-GA Tech","13-121-0056","AQS"
"02/14/2021","11","","NR-GA Tech","13-121-0056","AQS"
"02/15/2021","9","","NR-GA Tech","13-121-0056","AQS"
"02/16/2021","8","","NR-GA Tech","13-121-0056","AQS"
"02/17/2021","8","","NR-GA Tech","13-121-0056","AQS"
"02/18/2021","10","","NR-GA Tech","13-121-0056","AQS"
"02/19/2021","8","","NR-GA Tech","13-121-0056","AQS"
"02/20/2021","8","","NR-GA Tech","13-121-0056","AQS"
"02/21/2021","14","","South DeKalb","13-089-0002","AQS"
"02/22/2021","10","","NR-GA Tech","13-121-0056","AQS"
"02/23/2021","10","","NR-GA Tech","13-121-0056","AQS"
"02/24/2021","14","","NR-GA Tech","13-121-0056","AQS"
"02/25/2021","10","","South DeKalb","13-089-0002","AQS"
"02/26/2021","9","","South DeKalb","13-089-0002","AQS"
"02/27/2021","15","","NR-GA Tech","13-121-0056","AQS"
"02/28/2021","15","","NR-GA Tech","13-121-0056","AQS"
"03/01/2021","8","","NR-GA Tech","13-121-0056","AQS"
"03/02/2021","8","","NR-GA Tech","13-121-0056","AQS"
"03/03/2021","7","","NR-GA Tech","13-121-0056","AQS"
"03/04/2021","7","","NR-GA Tech","13-121-0056","AQS"
"03/05/2021","7","","NR-GA Tech","13-121-0056","AQS"
"03/06/2021","8","","NR-GA Tech","13-121-0056","AQS"
"03/07/2021","8","","South DeKalb","13-089-0002","AQS"
"03/08/2021","10","","NR-GA Tech","13-121-0056","AQS"
"03/09/2021","10","","South DeKalb","13-089-0002","AQS"
"03/10/2021","13","","NR-GA Tech","13-121-0056","AQS"
"03/11/2021","10","","NR-GA Tech","13-121-0056","AQS"
"03/12/2021","11","","South DeKalb","13-089-0002","AQS"
"03/13/2021","10","","South DeKalb","13-089-0002","AQS"
"03/14/2021","13","","NR-GA Tech","13-121-0056","AQS"
"03/15/2021","13","","NR-GA Tech","13-121-0056","AQS"
"03/16/2021","9","","NR-GA Tech","13-121-0056","AQS"
"03/17/2021","10","","NR-GA Tech","13-121-0056","AQS"
"03/18/2021","7","","NR-GA Tech","13-121-0056","AQS"
"03/19/2021","8","","NR-GA Tech","13-121-0056","AQS"
"03/20/2021","7","","NR-GA Tech","13-121-0056","AQS"
"03/21/2021","8","","NR-GA Tech","13-121-0056","AQS"
"03/22/2021","8","","NR-GA Tech","13-121-0056","AQS"
"03/23/2021","13","","NR-GA Tech","13-121-0056","AQS"
"03/24/2021","11","","NR-GA Tech","13-121-0056","AQS"
"03/25/2021","11","","NR-GA Tech","13-121-0056","AQS"
"03/26/2021","9","","NR-GA Tech","13-121-0056","AQS"
"03/27/2021","9","","NR-GA Tech","13-121-0056","AQS"
"03/28/2021","10","","NR-GA Tech","13-121-0056","AQS"
"03/29/2021","11","","NR-GA Tech","13-121-0056","AQS"
"03/30/2021","11","","NR-GA Tech","13-121-0056","AQS"
"03/31/2021","9","","NR-GA Tech","13-121-0056","AQS"
"04/01/2021","5","","NR-GA Tech","13-121-0056","AQS"
"04/02/2021","5","","NR-GA Tech","13-121-0056","AQS"
"04/03/2021","10","","NR-GA Tech","13-121-0056","AQS"
"04/04/2021","16","","NR-GA Tech","13-121-0056","AQS"
"04/05/2021","9","","South DeKalb","13-089-0002","AQS"
"04/06/2021","10","","NR-GA Tech","13-121-0056","AQS"
"04/07/2021","9","","NR-GA Tech","13-121-0056","AQS"
"04/08/2021","9","","NR-GA Tech","13-121-0056","AQS"
"04/09/2021","9","","NR-GA Tech","13-121-0056","AQS"
"04/10/2021","10","","NR-GA Tech","13-121-0056","AQS"
"04/11/2021","8","","NR-GA Tech","13-121-0056","AQS"
"04/12/2021","7","","NR-GA Tech","13-121-0056","AQS"
"04/13/2021","10","","NR-GA Tech","13-121-0056","AQS"
"04/14/2021","9","","South DeKalb","13-089-0002","AQS"
"04/15/2021","7","","NR-GA Tech","13-121-0056","AQS"
"04/16/2021","6","","NR-GA Tech","13-121-0056","AQS"
"04/17/2021","7","","NR-GA Tech","13-121-0056","AQS"
"04/18/2021","8","","NR-GA Tech","13-121-0056","AQS"
"04/19/2021","8","","NR-GA Tech","13-121-0056","AQS"
"04/20/2021","10","","NR-GA Tech","13-121-0056","AQS"
"04/21/2021","8","","NR-GA Tech","13-121-0056","AQS"
"04/22/2021","7","","NR-GA Tech","13-121-0056","AQS"
"04/23/2021","13","","NR-GA Tech","13-121-0056","AQS"
"04/24/2021","10","","NR-GA Tech","13-121-0056","AQS"
"04/25/2021","8","","NR-GA Tech","13-121-0056","AQS"
"04/26/2021","11","","NR-GA Tech","13-121-0056","AQS"
"04/27/2021","11","","NR-GA Tech","13-121-0056","AQS"
"04/28/2021","10","","NR-GA Tech","13-121-0056","AQS"
"04/29/2021","8","","NR-GA Tech","13-121-0056","AQS"
"04/30/2021","7","","NR-GA Tech","13-121-0056","AQS"
"05/01/2021","14","","NR-GA Tech","13-121-0056","AQS"
"05/02/2021","15","","NR-GA Tech","13-121-0056","AQS"
"05/03/2021","13","","NR-GA Tech","13-121-0056","AQS"
"05/04/2021","10","","NR-GA Tech","13-121-0056","AQS"
"05/05/2021","8","","NR-GA Tech","13-121-0056","AQS"
"05/06/2021","6","","NR-GA Tech","13-121-0056","AQS"
"05/07/2021","7","","NR-GA Tech","13-121-0056","AQS"
"05/08/2021","8","","NR-GA Tech","13-121-0056","AQS"
"05/09/2021","10","","South DeKalb","13-089-0002","AQS"
"05/10/2021","8","","NR-GA Tech","13-121-0056","AQS"
"05/11/2021","7","","NR-GA Tech","13-121-0056","AQS"
"05/12/2021","7","","NR-GA Tech","13-121-0056","AQS"
"05/13/2021","10","","NR-GA Tech","13-121-0056","AQS"
"05/14/2021","11","","NR-GA Tech","13-121-0056","AQS"
"05/15/2021","14","","NR-GA Tech","13-121-0056","AQS"
"05/16/2021","11","","NR-GA Tech","13-121-0056","AQS"
"05/17/2021","13","","NR-GA Tech","13-121-0056","AQS"
"05/18/2021","10","","NR-GA Tech","13-121-0056","AQS"
"05/19/2021","7","","NR-GA Tech","13-121-0056","AQS"
"05/20/2021","8","","NR-GA Tech","13-121-0056","AQS"
"05/21/2021","9","","NR-GA Tech","13-121-0056","AQS"
"05/22/2021","9","","NR-GA Tech","13-121-0056","AQS"
"05/23/2021","9","","NR-GA Tech","13-121-0056","AQS"
"05/24/2021","8","","South DeKalb","13-089-0002","AQS"
"05/25/2021","8","","South DeKalb","13-089-0002","AQS"
"05/26/2021","8","","South DeKalb","13-089-0002","AQS"
"05/27/2021","7","","NR-GA Tech","13-121-0056","AQS"
"05/28/2021","6","","NR-GA Tech","13-121-0056","AQS"
"05/29/2021","7","","NR-GA Tech","13-121-0056","AQS"
"05/30/2021","6","","NR-GA Tech","13-121-0056","AQS"
"05/31/2021","10","","NR-GA Tech","13-121-0056","AQS"
"06/01/2021","10","","NR-GA Tech","13-121-0056","AQS"
"06/02/2021","10","","NR-GA Tech","13-121-0056","AQS"
"06/03/2021","10","","NR-GA Tech","13-121-0056","AQS"
"06/04/2021","7","","NR-GA Tech","13-121-0056","AQS"
"06/05/2021","9","","NR-GA Tech","13-121-0056","AQS"
"06/06/2021","9","","NR-GA Tech","13-121-0056","AQS"
"06/07/2021","9","","NR-GA Tech","13-121-0056","AQS"
"06/08/2021","9","","NR-GA Tech","13-121-0056","AQS"
"06/09/2021","9","","NR-GA Tech","13-121-0056","AQS"
"06/10/2021","8","","NR-GA Tech","13-121-0056","AQS"
"06/11/2021","8","","NR-GA Tech","13-121-0056","AQS"
"06/12/2021","9","","NR-GA Tech","13-121-0056","AQS"
"06/13/2021","13","","NR-GA Tech","13-121-0056","AQS"
"06/14/2021","13","","NR-GA Tech","13-121-0056","AQS"
"06/15/2021","7","","NR-GA Tech","13-121-0056","AQS"
"06/16/2021","7","","NR-GA Tech","13-121-0056","AQS"
"06/17/2021","7","","NR-GA Tech","13-121-0056","AQS"
"06/18/2021","11","","NR-GA Tech","13-121-0056","AQS"
"06/19/2021","7","","NR-GA Tech","13-121-0056","AQS"
"06/20/2021","8","","NR-GA Tech","13-121-0056","AQS"
"06/21/2021","8","","NR-GA Tech","13-121-0056","AQS"
"06/22/2021","6","","NR-GA Tech","13-121-0056","AQS"
"06/23/2021","8","","NR-GA Tech","13-121-0056","AQS"
"06/24/2021","9","","NR-GA Tech","13-121-0056","AQS"
"06/25/2021","10","","NR-GA Tech","13-121-0056","AQS"
"06/26/2021","11","","NR-GA Tech","13-121-0056","AQS"
"06/27/2021","14","","NR-GA Tech","13-121-0056","AQS"
"06/28/2021","14","","NR-GA Tech","13-121-0056","AQS"
"06/29/2021","11","","NR-GA Tech","13-121-0056","AQS"
"06/30/2021","13","","NR-GA Tech","13-121-0056","AQS"
"07/01/2021","7","","NR-GA Tech","13-121-0056","AQS"
"07/02/2021","7","","NR-GA Tech","13-121-0056","AQS"
"07/03/2021","6","","NR-GA Tech","13-121-0056","AQS"
"07/04/2021","9","","NR-GA Tech","13-121-0056","AQS"
"07/05/2021","13","","NR-GA Tech","13-121-0056","AQS"
"07/06/2021","13","","NR-GA Tech","13-121-0056","AQS"
"07/07/2021","9","","NR-GA Tech","13-121-0056","AQS"
"07/08/2021","7","","NR-GA Tech","13-121-0056","AQS"
"07/09/2021","7","","NR-GA Tech","13-121-0056","AQS"
"07/10/2021","9","","NR-GA Tech","13-121-0056","AQS"
"07/11/2021","8","","NR-GA Tech","13-121-0056","AQS"
"07/12/2021","8","","NR-GA Tech","13-121-0056","AQS"
"07/13/2021","9","","NR-GA Tech","13-121-0056","AQS"
"07/14/2021","8","","NR-GA Tech","13-121-0056","AQS"
"07/15/2021","8","","NR-GA Tech","13-121-0056","AQS"
"07/16/2021","8","","NR-GA Tech","13-121-0056","AQS"
"07/17/2021","7","","NR-GA Tech","13-121-0056","AQS"
"07/18/2021","6","","NR-GA Tech","13-121-0056","AQS"
"07/19/2021","8","","NR-GA Tech","13-121-0056","AQS"
"07/20/2021","10","","NR-GA Tech","13-121-0056","AQS"
"07/21/2021","10","","NR-GA Tech","13-121-0056","AQS"
"07/22/2021","8","","NR-GA Tech","13-121-0056","AQS"
"07/23/2021","11","","NR-GA Tech","13-121-0056","AQS"
"07/24/2021","16","","NR-GA Tech","13-121-0056","AQS"
"07/25/2021","10","","NR-GA Tech","13-121-0056","AQS"
"07/26/2021","9","","NR-GA Tech","13-121-0056","AQS"
"07/27/2021","9","","NR-GA Tech","13-121-0056","AQS"
"07/28/2021","8","","NR-GA Tech","13-121-0056","AQS"
"07/29/2021","9","","NR-GA Tech","13-121-0056","AQS"
"07/30/2021","8","","NR-GA Tech","13-121-0056","AQS"
"07/31/2021","8","","NR-GA Tech","13-121-0056","AQS"
"08/01/2021","8","","NR-GA Tech","13-121-0056","AQS"
"08/02/2021","8","","NR-GA Tech","13-121-0056","AQS"
"08/03/2021","11","","NR-GA Tech","13-121-0056","AQS"
"08/04/2021","10","","NR-GA Tech","13-121-0056","AQS"
"08/05/2021","10","","NR-GA Tech","13-121-0056","AQS"
"08/06/2021","11","","NR-GA Tech","13-121-0056","AQS"
"08/07/2021","11","","NR-GA Tech","13-121-0056","AQS"
"08/08/2021","14","","NR-GA Tech","13-121-0056","AQS"
"08/09/2021","14","","NR-GA Tech","13-121-0056","AQS"
"08/10/2021","8","","NR-GA Tech","13-121-0056","AQS"
"08/11/2021","8","","NR-GA Tech","13-121-0056","AQS"
"08/12/2021","8","","NR-GA Tech","13-121-0056","AQS"
"08/13/2021","8","","NR-GA Tech","13-121-0056","AQS"
"08/14/2021","8","","South DeKalb","13-089-0002","AQS"
"08/15/2021","11","","NR-GA Tech","13-121-0056","AQS"
"08/16/2021","11","","NR-GA Tech","13-121-0056","AQS"
"08/17/2021","8","","NR-GA Tech","13-121-0056","AQS"
"08/18/2021","11","","NR-GA Tech","13-121-0056","AQS"
"08/19/2021","11","","NR-GA Tech","13-121-0056","AQS"
"08/20/2021","9","","NR-GA Tech","13-121-0056","AQS"
"08/21/2021","7","","NR-GA Tech","13-121-0056","AQS"
"08/22/2021","8","","NR-GA Tech","13-121-0056","AQS"
"08/23/2021","8","","NR-GA Tech","13-121-0056","AQS"
"08/24/2021","9","","South DeKalb","13-089-0002","AQS"
"08/25/2021","11","","NR-GA Tech","13-121-0056","AQS"
"08/26/2021","11","","NR-GA Tech","13-121-0056","AQS"
"08/27/2021","13","","NR-GA Tech","13-121-0056","AQS"
"08/28/2021","10","","NR-GA Tech","13-121-0056","AQS"
"08/29/2021","13","","NR-GA Tech","13-121-0056","AQS"
"08/30/2021","13","","NR-GA Tech","13-121-0056","AQS"
"08/31/2021","9","","NR-GA Tech","13-121-0056","AQS"
"09/01/2021","7","","NR-GA Tech","13-121-0056","AQS"
"09/02/2021","8","","NR-GA Tech","13-121-0056","AQS"
"09/03/2021","11","","NR-GA Tech","13-121-0056","AQS"
"09/04/2021","15","","NR-GA Tech","13-121-0056","AQS"
"09/05/2021","11","","NR-GA Tech","13-121-0056","AQS"
"09/06/2021","9","","NR-GA Tech","13-121-0056","AQS"
"09/07/2021","13","","NR-GA Tech","13-121-0056","AQS"
"09/08/2021","10","","NR-GA Tech","13-121-0056","AQS"
"09/09/2021","7","","NR-GA Tech","13-121-0056","AQS"
"09/10/2021","8","","NR-GA Tech","13-121-0056","AQS"
"09/11/2021","15","","NR-GA Tech","13-121-0056","AQS"
"09/12/2021","16","","NR-GA Tech","13-121-0056","AQS"
"09/13/2021","14","","NR-GA Tech","13-121-0056","AQS"
"09/14/2021","11","","NR-GA Tech","13-121-0056","AQS"
"09/15/2021","11","","NR-GA Tech","13-121-0056","AQS"
"09/16/2021","8","","NR-GA Tech","13-121-0056","AQS"
"09/17/2021","13","","NR-GA Tech","13-121-0056","AQS"
"09/18/2021","14","","NR-GA Tech","13-121-0056","AQS"
"09/19/2021","11","","NR-GA Tech","13-121-0056","AQS"
"09/20/2021","10","","NR-GA Tech","13-121-0056","AQS"
"09/21/2021","10","","NR-GA Tech","13-121-0056","AQS"
"09/22/2021","9","","NR-GA Tech","13-121-0056","AQS"
"09/23/2021","6","","NR-GA Tech","13-121-0056","AQS"
"09/24/2021","9","","NR-GA Tech","13-121-0056","AQS"
"09/25/2021","13","","NR-GA Tech","13-121-0056","AQS"
"09/26/2021","7","","NR-GA Tech","13-121-0056","AQS"
"09/27/2021","10","","NR-GA Tech","13-121-0056","AQS"
"09/28/2021","13","","NR-GA Tech","13-121-0056","AQS"
"09/29/2021","7","","NR-GA Tech","13-121-0056","AQS"
"09/30/2021","11","","NR-GA Tech","13-121-0056","AQS"
"10/01/2021","14","","NR-GA Tech","13-121-0056","AQS"
"10/02/2021","13","","NR-GA Tech","13-121-0056","AQS"
"10/03/2021","15","","NR-GA Tech","13-121-0056","AQS"
"10/04/2021","9","","NR-GA Tech","13-121-0056","AQS"
"10/05/2021","8","","NR-GA Tech","13-121-0056","AQS"
"10/06/2021","10","","NR-GA Tech","13-121-0056","AQS"
"10/07/2021","9","","NR-GA Tech","13-121-0056","AQS"
"10/08/2021","9","","NR-GA Tech","13-121-0056","AQS"
"10/09/2021","8","","NR-GA Tech","13-121-0056","AQS"
"10/10/2021","13","","NR-GA Tech","13-121-0056","AQS"
"10/11/2021","13","","NR-GA Tech","13-121-0056","AQS"
"10/12/2021","10","","NR-GA Tech","13-121-0056","AQS"
"10/13/2021","11","","NR-GA Tech","13-121-0056","AQS"
"10/14/2021","13","","NR-GA Tech","13-121-0056","AQS"
"10/15/2021","8","","South DeKalb","13-089-0002","AQS"
"10/16/2021","8","","NR-GA Tech","13-121-0056","AQS"
"10/17/2021","5","","NR-GA Tech","13-121-0056","AQS"
"10/18/2021","8","","NR-GA Tech","13-121-0056","AQS"
"10/19/2021","11","","NR-GA Tech","13-121-0056","AQS"
"10/20/2021","13","","NR-GA Tech","13-121-0056","AQS"
"10/21/2021","9","","NR-GA Tech","13-121-0056","AQS"
"10/22/2021","7","","NR-GA Tech","13-121-0056","AQS"
"10/23/2021","8","","NR-GA Tech","13-121-0056","AQS"
"10/24/2021","14","","NR-GA Tech","13-121-0056","AQS"
"10/25/2021","13","","NR-GA Tech","13-121-0056","AQS"
"10/26/2021","6","","NR-GA Tech","13-121-0056","AQS"
"10/27/2021","10","","NR-GA Tech","13-121-0056","AQS"
"10/28/2021","10","","NR-GA Tech","13-121-0056","AQS"
"10/29/2021","9","","NR-GA Tech","13-121-0056","AQS"
"10/30/2021","7","","NR-GA Tech","13-121-0056","AQS"
"10/31/2021","8","","NR-GA Tech","13-121-0056","AQS"
"11/01/2021","7","","NR-GA Tech","13-121-0056","AQS"
"11/02/2021","8","","South DeKalb","13-089-0002","AQS"
"11/03/2021","8","","NR-GA Tech","13-121-0056","AQS"
"11/04/2021","8","","NR-GA Tech","13-121-0056","AQS"
"11/05/2021","9","","NR-GA Tech","13-121-0056","AQS"
"11/06/2021","7","","NR-GA Tech","13-121-0056","AQS"
"11/07/2021","7","","NR-GA Tech","13-121-0056","AQS"
"11/08/2021","11","","NR-GA Tech","13-121-0056","AQS"
"11/09/2021","14","","NR-GA Tech","13-121-0056","AQS"
"11/10/2021","15","","NR-GA Tech","13-121-0056","AQS"
"11/11/2021","11","","NR-GA Tech","13-121-0056","AQS"
"11/12/2021","7","","South DeKalb","13-089-0002","AQS"
"11/13/2021","10","","South DeKalb","13-089-0002","AQS"
"11/14/2021","8","","NR-GA Tech","13-121-0056","AQS"
"11/15/2021","9","","NR-GA Tech","13-121-0056","AQS"
"11/16/2021","11","","South DeKalb","13-089-0002","AQS"
"11/17/2021","10","","South DeKalb","13-089-0002","AQS"
"11/18/2021","13","","NR-GA Tech","13-121-0056","AQS"
"11/19/2021","7","","South DeKalb","13-089-0002","AQS"
"11/20/2021","8","","South DeKalb","13-089-0002","AQS"
"11/21/2021","11","","NR-GA Tech","13-121-0056","AQS"
"11/22/2021","11","","NR-GA Tech","13-121-0056","AQS"
"11/23/2021","6","","NR-GA Tech","13-121-0056","AQS"
"11/24/2021","11","","NR-GA Tech","13-121-0056","AQS"
"11/25/2021","13","","South DeKalb","13-089-0002","AQS"
"11/26/2021","6","","NR-GA Tech","13-121-0056","AQS"
"11/27/2021","7","","South DeKalb","13-089-0002","AQS"
"11/28/2021","9","","South DeKalb","13-089-0002","AQS"
"11/29/2021","6","","NR-GA Tech","13-121-0056","AQS"
"11/30/2021","8","","NR-GA Tech","13-121-0056","AQS"
"12/01/2021","13","","South DeKalb","13-089-0002","AQS"
"12/02/2021","8","","South DeKalb","13-089-0002","AQS"
"12/03/2021","9","","South DeKalb","13-089-0002","AQS"
"12/04/2021","13","","NR-GA Tech","13-121-0056","AQS"
"12/05/2021","15","","NR-GA Tech","13-121-0056","AQS"
"12/06/2021","10","","NR-GA Tech","13-121-0056","AQS"
"12/07/2021","9","","NR-GA Tech","13-121-0056","AQS"
"12/08/2021","9","","NR-GA Tech","13-121-0056","AQS"
"12/09/2021","9","","NR-GA Tech","13-121-0056","AQS"
"12/10/2021","10","","NR-GA Tech","13-121-0056","AQS"
"12/11/2021","10","","NR-GA Tech","13-121-0056","AQS"
"12/12/2021","9","","NR-GA Tech","13-121-0056","AQS"
"12/13/2021","15","","NR-GA Tech","13-121-0056","AQS"
"12/14/2021","20","","NR-GA Tech","13-121-0056","AQS"
"12/15/2021","11","","South DeKalb","13-089-0002","AQS"
"12/16/2021","11","","NR-GA Tech","13-121-0056","AQS"
"12/17/2021","13","","NR-GA Tech","13-121-0056","AQS"
"12/18/2021","11","","NR-GA Tech","13-121-0056","AQS"
"12/19/2021","8","","NR-GA Tech","13-121-0056","AQS"
"12/20/2021","7","","NR-GA Tech","13-121-0056","AQS"
"12/21/2021","8","","NR-GA Tech","13-121-0056","AQS"
"12/22/2021","9","","NR-GA Tech","13-121-0056","AQS"
"12/23/2021","9","","NR-GA Tech","13-121-0056","AQS"
"12/24/2021","11","","South DeKalb","13-089-0002","AQS"
"12/25/2021","8","","NR-GA Tech","13-121-0056","AQS"
"12/26/2021","7","","NR-GA Tech","13-121-0056","AQS"
"12/27/2021","10","","South DeKalb","13-089-0002","AQS"
"12/28/2021","7","","NR-GA Tech","13-121-0056","AQS"
"12/29/2021","8","","NR-GA Tech","13-121-0056","AQS"
"12/30/2021","8","","NR-GA Tech","13-121-0056","AQS"
"12/31/2021","13","","NR-GA Tech","13-121-0056","AQS"
"01/01/2022","8","","NR-GA Tech","13-121-0056","AQS"
"01/02/2022","8","","NR-GA Tech","13-121-0056","AQS"
"01/03/2022","7","","NR-GA Tech","13-121-0056","AQS"
"01/04/2022","9","","NR-GA Tech","13-121-0056","AQS"
"01/05/2022","9","","NR-GA Tech","13-121-0056","AQS"
"01/06/2022","10","","South DeKalb","13-089-0002","AQS"
"01/07/2022","7","","NR-GA Tech","13-121-0056","AQS"
"01/08/2022","8","","NR-GA Tech","13-121-0056","AQS"
"01/09/2022","10","","NR-GA Tech","13-121-0056","AQS"
"01/10/2022","7","","NR-GA Tech","13-121-0056","AQS"
"01/11/2022","10","","NR-GA Tech","13-121-0056","AQS"
"01/12/2022","11","","South DeKalb","13-089-0002","AQS"
"01/13/2022","13","","South DeKalb","13-089-0002","AQS"
"01/14/2022","7","","NR-GA Tech","13-121-0056","AQS"
"01/15/2022","9","","South DeKalb","13-089-0002","AQS"
"01/16/2022","6","","NR-GA Tech","13-121-0056","AQS"
"01/17/2022","6","","NR-GA Tech","13-121-0056","AQS"
"01/18/2022","14","","NR-GA Tech","13-121-0056","AQS"
"01/19/2022","18","","NR-GA Tech","13-121-0056","AQS"
"01/20/2022","9","","NR-GA Tech","13-121-0056","AQS"
"01/21/2022","8","","NR-GA Tech","13-121-0056","AQS"
"01/22/2022","7","","NR-GA Tech","13-121-0056","AQS"
"01/23/2022","8","","NR-GA Tech","13-121-0056","AQS"
"01/24/2022","8","","NR-GA Tech","13-121-0056","AQS"
"01/25/2022","7","","NR-GA Tech","13-121-0056","AQS"
"01/26/2022","6","","NR-GA Tech","13-121-0056","AQS"
"01/27/2022","10","","NR-GA Tech","13-121-0056","AQS"
"01/28/2022","11","","NR-GA Tech","13-121-0056","AQS"
"01/29/2022","6","","NR-GA Tech","13-121-0056","AQS"
"01/30/2022","9","","South DeKalb","13-089-0002","AQS"
"01/31/2022","10","","South DeKalb","13-089-0002","AQS"
"02/01/2022","13","","NR-GA Tech","13-121-0056","AQS"
"02/02/2022","8","","NR-GA Tech","13-121-0056","AQS"
"02/03/2022","9","","NR-GA Tech","13-121-0056","AQS"
"02/04/2022","7","","NR-GA Tech","13-121-0056","AQS"
"02/05/2022","6","","NR-GA Tech","13-121-0056","AQS"
"02/06/2022","8","","NR-GA Tech","13-121-0056","AQS"
"02/07/2022","8","","NR-GA Tech","13-121-0056","AQS"
"02/08/2022","8","","NR-GA Tech","13-121-0056","AQS"
"02/09/2022","11","","South DeKalb","13-089-0002","AQS"
"02/10/2022","10","","South DeKalb","13-089-0002","AQS"
"02/11/2022","13","","South DeKalb","13-089-0002","AQS"
"02/12/2022","10","","South DeKalb","13-089-0002","AQS"
"02/13/2022","6","","NR-GA Tech","13-121-0056","AQS"
"02/14/2022","8","","NR-GA Tech","13-121-0056","AQS"
"02/15/2022","15","","NR-GA Tech","13-121-0056","AQS"
"02/16/2022","11","","NR-GA Tech","13-121-0056","AQS"
"02/17/2022","11","","NR-GA Tech","13-121-0056","AQS"
"02/18/2022","7","","NR-GA Tech","13-121-0056","AQS"
"02/19/2022","6","","NR-GA Tech","13-121-0056","AQS"
"02/20/2022","10","","NR-GA Tech","13-121-0056","AQS"
"02/21/2022","10","","NR-GA Tech","13-121-0056","AQS"
"02/22/2022","10","","NR-GA Tech","13-121-0056","AQS"
"02/23/2022","10","","NR-GA Tech","13-121-0056","AQS"
"02/24/2022","11","","NR-GA Tech","13-121-0056","AQS"
"02/25/2022","8","","NR-GA Tech","13-121-0056","AQS"
"02/26/2022","7","","NR-GA Tech","13-121-0056","AQS"
"02/27/2022","8","","NR-GA Tech","13-121-0056","AQS"
"02/28/2022","8","","NR-GA Tech","13-121-0056","AQS"
"03/01/2022","9","","South DeKalb","13-089-0002","AQS"
"03/02/2022","8","","South DeKalb","13-089-0002","AQS"
"03/03/2022","9","","NR-GA Tech","13-121-0056","AQS"
"03/04/2022","10","","South DeKalb","13-089-0002","AQS"
"03/05/2022","10","","NR-GA Tech","13-121-0056","AQS"
"03/06/2022","13","","NR-GA Tech","13-121-0056","AQS"
"03/07/2022","11","","NR-GA Tech","13-121-0056","AQS"
"03/08/2022","9","","NR-GA Tech","13-121-0056","AQS"
"03/09/2022","9","","NR-GA Tech","13-121-0056","AQS"
"03/10/2022","8","","NR-GA Tech","13-121-0056","AQS"
"03/11/2022","10","","NR-GA Tech","13-121-0056","AQS"
"03/12/2022","10","","NR-GA Tech","13-121-0056","AQS"
"03/13/2022","8","","NR-GA Tech","13-121-0056","AQS"
"03/14/2022","14","","NR-GA Tech","13-121-0056","AQS"
"03/15/2022","14","","NR-GA Tech","13-121-0056","AQS"
"03/16/2022","11","","NR-GA Tech","13-121-0056","AQS"
"03/17/2022","10","","NR-GA Tech","13-121-0056","AQS"
"03/18/2022","9","","NR-GA Tech","13-121-0056","AQS"
"03/19/2022","2","","South DeKalb","13-089-0002","AQS"
"03/20/2022","5","","South DeKalb","13-089-0002","AQS"
"03/21/2022","10","","NR-GA Tech","13-121-0056","AQS"
"03/22/2022","8","","NR-GA Tech","13-121-0056","AQS"
"03/23/2022","7","","NR-GA Tech","13-121-0056","AQS"
"03/24/2022","6","","NR-GA Tech","13-121-0056","AQS"
"03/25/2022","7","","South DeKalb","13-089-0002","AQS"
"03/26/2022","6","","NR-GA Tech","13-121-0056","AQS"
"03/27/2022","6","","NR-GA Tech","13-121-0056","AQS"
"03/28/2022","6","","NR-GA Tech","13-121-0056","AQS"
"03/29/2022","11","","NR-GA Tech","13-121-0056","AQS"
"03/30/2022","11","","NR-GA Tech","13-121-0056","AQS"
"03/31/2022","7","","NR-GA Tech","13-121-0056","AQS"
"04/01/2022","6","","NR-GA Tech","13-121-0056","AQS"
"04/02/2022","7","","South DeKalb","13-089-0002","AQS"
"04/03/2022","8","","NR-GA Tech","13-121-0056","AQS"
"04/04/2022","10","","NR-GA Tech","13-121-0056","AQS"
"04/05/2022","10","","NR-GA Tech","13-121-0056","AQS"
"04/06/2022","11","","NR-GA Tech","13-121-0056","AQS"
"04/07/2022","10","","NR-GA Tech","13-121-0056","AQS"
"04/08/2022","6","","NR-GA Tech","13-121-0056","AQS"
"04/09/2022","7","","NR-GA Tech","13-121-0056","AQS"
"04/10/2022","9","","South DeKalb","13-089-0002","AQS"
"04/11/2022","10","","NR-GA Tech","13-121-0056","AQS"
"04/12/2022","9","","NR-GA Tech","13-121-0056","AQS"
"04/13/2022","9","","NR-GA Tech","13-121-0056","AQS"
"04/14/2022","9","","NR-GA Tech","13-121-0056","AQS"
"04/15/2022","11","","NR-GA Tech","13-121-0056","AQS"
"04/16/2022","13","","NR-GA Tech","13-121-0056","AQS"
"04/17/2022","11","","NR-GA Tech","13-121-0056","AQS"
"04/18/2022","11","","NR-GA Tech","13-121-0056","AQS"
"04/19/2022","6","","NR-GA Tech","13-121-0056","AQS"
"04/20/2022","9","","NR-GA Tech","13-121-0056","AQS"
"04/21/2022","10","","NR-GA Tech","13-121-0056","AQS"
"04/22/2022","13","","NR-GA Tech","13-121-0056","AQS"
"04/23/2022","14","","NR-GA Tech","13-121-0056","AQS"
"04/24/2022","11","","NR-GA Tech","13-121-0056","AQS"
"04/25/2022","11","","NR-GA Tech","13-121-0056","AQS"
"04/26/2022","8","","South DeKalb","13-089-0002","AQS"
"04/27/2022","6","","NR-GA Tech","13-121-0056","AQS"
"04/28/2022","11","","NR-GA Tech","13-121-0056","AQS"
"04/29/2022","13","","NR-GA Tech","13-121-0056","AQS"
"04/30/2022","13","","NR-GA Tech","13-121-0056","AQS"
"05/01/2022","13","","NR-GA Tech","13-121-0056","AQS"
"05/02/2022","8","","NR-GA Tech","13-121-0056","AQS"
"05/03/2022","8","","NR-GA Tech","13-121-0056","AQS"
"05/04/2022","9","","NR-GA Tech","13-121-0056","AQS"
"05/05/2022","8","","NR-GA Tech","13-121-0056","AQS"
"05/06/2022","8","","NR-GA Tech","13-121-0056","AQS"
"05/07/2022","7","","NR-GA Tech","13-121-0056","AQS"
"05/08/2022","10","","NR-GA Tech","13-121-0056","AQS"
"05/09/2022","10","","NR-GA Tech","13-121-0056","AQS"
"05/10/2022","10","","NR-GA Tech","13-121-0056","AQS"
"05/11/2022","8","","South DeKalb","13-089-0002","AQS"
"05/12/2022","8","","NR-GA Tech","13-121-0056","AQS"
"05/13/2022","9","","NR-GA Tech","13-121-0056","AQS"
"05/14/2022","10","","NR-GA Tech","13-121-0056","AQS"
"05/15/2022","9","","NR-GA Tech","13-121-0056","AQS"
"05/16/2022","9","","NR-GA Tech","13-121-0056","AQS"
"05/17/2022","6","","NR-GA Tech","13-121-0056","AQS"
"05/18/2022","10","","NR-GA Tech","13-121-0056","AQS"
"05/19/2022","8","","NR-GA Tech","13-121-0056","AQS"
"05/20/2022","8","","NR-GA Tech","13-121-0056","AQS"
"05/21/2022","8","","NR-GA Tech","13-121-0056","AQS"
"05/22/2022","9","","NR-GA Tech","13-121-0056","AQS"
"05/23/2022","7","","NR-GA Tech","13-121-0056","AQS"
"05/24/2022","9","","NR-GA Tech","13-121-0056","AQS"
"05/25/2022","9","","NR-GA Tech","13-121-0056","AQS"
"05/26/2022","10","","NR-GA Tech","13-121-0056","AQS"
"05/27/2022","8","","NR-GA Tech","13-121-0056","AQS"
"05/28/2022","7","","NR-GA Tech","13-121-0056","AQS"
"05/29/2022","13","","NR-GA Tech","13-121-0056","AQS"
"05/30/2022","15","","NR-GA Tech","13-121-0056","AQS"
"05/31/2022","10","","NR-GA Tech","13-121-0056","AQS"
"06/01/2022","11","","NR-GA Tech","13-121-0056","AQS"
"06/02/2022","7","","South DeKalb","13-089-0002","AQS"
"06/03/2022","8","","NR-GA Tech","13-121-0056","AQS"
"06/04/2022","8","","NR-GA Tech","13-121-0056","AQS"
"06/05/2022","8","","NR-GA Tech","13-121-0056","AQS"
"06/06/2022","10","","NR-GA Tech","13-121-0056","AQS"
"06/07/2022","9","","NR-GA Tech","13-121-0056","AQS"
"06/08/2022","9","","NR-GA Tech","13-121-0056","AQS"
"06/09/2022","7","","NR-GA Tech","13-121-0056","AQS"
"06/10/2022","7","","NR-GA Tech","13-121-0056","AQS"
"06/11/2022","9","","NR-GA Tech","13-121-0056","AQS"
"06/12/2022","16","","NR-GA Tech","13-121-0056","AQS"
"06/13/2022","8","","NR-GA Tech","13-121-0056","AQS"
"06/14/2022","7","","NR-GA Tech","13-121-0056","AQS"
"06/15/2022","8","","NR-GA Tech","13-121-0056","AQS"
"06/16/2022","11","","NR-GA Tech","13-121-0056","AQS"
"06/17/2022","9","","NR-GA Tech","13-121-0056","AQS"
"06/18/2022","7","","NR-GA Tech","13-121-0056","AQS"
"06/19/2022","8","","NR-GA Tech","13-121-0056","AQS"
"06/20/2022","10","","NR-GA Tech","13-121-0056","AQS"
"06/21/2022","8","","South DeKalb","13-089-0002","AQS"
"06/22/2022","7","","South DeKalb","13-089-0002","AQS"
"06/23/2022","7","","NR-GA Tech","13-121-0056","AQS"
"06/24/2022","9","","NR-GA Tech","13-121-0056","AQS"
"06/25/2022","10","","NR-GA Tech","13-121-0056","AQS"
"06/26/2022","14","","NR-GA Tech","13-121-0056","AQS"
"06/27/2022","9","","NR-GA Tech","13-121-0056","AQS"
"06/28/2022","11","","NR-GA Tech","13-121-0056","AQS"
"06/29/2022","10","","NR-GA Tech","13-121-0056","AQS"
"06/30/2022","11","","NR-GA Tech","13-121-0056","AQS"
"07/01/2022","13","","NR-GA Tech","13-121-0056","AQS"
"07/02/2022","10","","NR-GA Tech","13-121-0056","AQS"
"07/03/2022","8","","NR-GA Tech","13-121-0056","AQS"
"07/04/2022","8","","NR-GA Tech","13-121-0056","AQS"
"07/05/2022","8","","NR-GA Tech","13-121-0056","AQS"
"07/06/2022","8","","NR-GA Tech","13-121-0056","AQS"
"07/07/2022","8","","NR-GA Tech","13-121-0056","AQS"
"07/08/2022","9","","NR-GA Tech","13-121-0056","AQS"
"07/09/2022","9","","NR-GA Tech","13-121-0056","AQS"
"07/10/2022","8","","NR-GA Tech","13-121-0056","AQS"
"07/11/2022","9","","NR-GA Tech","13-121-0056","AQS"
"07/12/2022","11","","NR-GA Tech","13-121-0056","AQS"
"07/13/2022","10","","NR-GA Tech","13-121-0056","AQS"
"07/14/2022","8","","NR-GA Tech","13-121-0056","AQS"
"07/15/2022","9","","NR-GA Tech","13-121-0056","AQS"
"07/16/2022","9","","NR-GA Tech","13-121-0056","AQS"
"07/17/2022","10","","NR-GA Tech","13-121-0056","AQS"
"07/18/2022","8","","NR-GA Tech","13-121-0056","AQS"
"07/19/2022","8","","NR-GA Tech","13-121-0056","AQS"
"07/20/2022","8","","NR-GA Tech","13-121-0056","AQS"
"07/21/2022","8","","NR-GA Tech","13-121-0056","AQS"
"07/22/2022","8","","NR-GA Tech","13-121-0056","AQS"
"07/23/2022","6","","South DeKalb","13-089-0002","AQS"
"07/24/2022","8","","NR-GA Tech","13-121-0056","AQS"
"07/25/2022","8","","NR-GA Tech","13-121-0056","AQS"
"07/26/2022","7","","NR-GA Tech","13-121-0056","AQS"
"07/27/2022","7","","NR-GA Tech","13-121-0056","AQS"
"07/28/2022","7","","NR-GA Tech","13-121-0056","AQS"
"07/29/2022","7","","NR-GA Tech","13-121-0056","AQS"
"07/30/2022","7","","NR-GA Tech","13-121-0056","AQS"
"07/31/2022","8","","NR-GA Tech","13-121-0056","AQS"
"08/01/2022","8","","NR-GA Tech","13-121-0056","AQS"
"08/02/2022","7","","NR-GA Tech","13-121-0056","AQS"
"08/03/2022","8","","NR-GA Tech","13-121-0056","AQS"
"08/04/2022","10","","NR-GA Tech","13-121-0056","AQS"
"08/05/2022","13","","NR-GA Tech","13-121-0056","AQS"
"08/06/2022","9","","NR-GA Tech","13-121-0056","AQS"
"08/07/2022","9","","NR-GA Tech","13-121-0056","AQS"
"08/08/2022","8","","NR-GA Tech","13-121-0056","AQS"
"08/09/2022","8","","NR-GA Tech","13-121-0056","AQS"
"08/10/2022","7","","NR-GA Tech","13-121-0056","AQS"
"08/11/2022","8","","NR-GA Tech","13-121-0056","AQS"
"08/12/2022","8","","NR-GA Tech","13-121-0056","AQS"
"08/13/2022","10","","NR-GA Tech","13-121-0056","AQS"
"08/14/2022","13","","NR-GA Tech","13-121-0056","AQS"
"08/15/2022","8","","NR-GA Tech","13-121-0056","AQS"
"08/16/2022","7","","NR-GA Tech","13-121-0056","AQS"
"08/17/2022","8","","NR-GA Tech","13-121-0056","AQS"
"08/18/2022","11","","NR-GA Tech","13-121-0056","AQS"
"08/19/2022","11","","NR-GA Tech","13-121-0056","AQS"
"08/20/2022","10","","NR-GA Tech","13-121-0056","AQS"
"08/21/2022","8","","NR-GA Tech","13-121-0056","AQS"
"08/22/2022","8","","NR-GA Tech","13-121-0056","AQS"
"08/23/2022","8","","NR-GA Tech","13-121-0056","AQS"
"08/24/2022","7","","NR-GA Tech","13-121-0056","AQS"
"08/25/2022","10","","NR-GA Tech","13-121-0056","AQS"
"08/26/2022","7","","NR-GA Tech","13-121-0056","AQS"
"08/27/2022","9","","NR-GA Tech","13-121-0056","AQS"
"08/28/2022","13","","NR-GA Tech","13-121-0056","AQS"
"08/29/2022","13","","NR-GA Tech","13-121-0056","AQS"
"08/30/2022","8","","NR-GA Tech","13-121-0056","AQS"
"08/31/2022","6","","NR-GA Tech","13-121-0056","AQS"
"09/01/2022","8","","NR-GA Tech","13-121-0056","AQS"
"09/02/2022","11","","NR-GA Tech","13-121-0056","AQS"
"09/03/2022","10","","NR-GA Tech","13-121-0056","AQS"
"09/04/2022","10","","NR-GA Tech","13-121-0056","AQS"
"09/05/2022","8","","NR-GA Tech","13-121-0056","AQS"
"09/06/2022","8","","NR-GA Tech","13-121-0056","AQS"
"09/07/2022","7","","NR-GA Tech","13-121-0056","AQS"
"09/08/2022","8","","NR-GA Tech","13-121-0056","AQS"
"09/09/2022","8","","NR-GA Tech","13-121-0056","AQS"
"09/10/2022","9","","NR-GA Tech","13-121-0056","AQS"
"09/11/2022","10","","NR-GA Tech","13-121-0056","AQS"
"09/12/2022","7","","NR-GA Tech","13-121-0056","AQS"
"09/13/2022","6","","NR-GA Tech","13-121-0056","AQS"
"09/14/2022","8","","NR-GA Tech","13-121-0056","AQS"
"09/15/2022","9","","NR-GA Tech","13-121-0056","AQS"
"09/16/2022","11","","NR-GA Tech","13-121-0056","AQS"
"09/17/2022","14","","NR-GA Tech","13-121-0056","AQS"
"09/18/2022","10","","NR-GA Tech","13-121-0056","AQS"
"09/19/2022","9","","NR-GA Tech","13-121-0056","AQS"
"09/20/2022","7","","South DeKalb","13-089-0002","AQS"
"09/21/2022","11","","NR-GA Tech","13-121-0056","AQS"
"09/22/2022","8","","South DeKalb","13-089-0002","AQS"
"09/23/2022","10","","NR-GA Tech","13-121-0056","AQS"
"09/24/2022","11","","NR-GA Tech","13-121-0056","AQS"
"09/25/2022","9","","NR-GA Tech","13-121-0056","AQS"
"09/26/2022","8","","NR-GA Tech","13-121-0056","AQS"
"09/27/2022","5","","NR-GA Tech","13-121-0056","AQS"
"09/28/2022","5","","NR-GA Tech","13-121-0056","AQS"
"09/29/2022","7","","NR-GA Tech","13-121-0056","AQS"
"09/30/2022","7","","NR-GA Tech","13-121-0056","AQS"
"10/01/2022","6","","NR-GA Tech","13-121-0056","AQS"
"10/02/2022","6","","NR-GA Tech","13-121-0056","AQS"
"10/03/2022","5","","NR-GA Tech","13-121-0056","AQS"
"10/04/2022","9","","NR-GA Tech","13-121-0056","AQS"
"10/05/2022","7","","NR-GA Tech","13-121-0056","AQS"
"10/06/2022","6","","South DeKalb","13-089-0002","AQS"
"10/07/2022","9","","South DeKalb","13-089-0002","AQS"
"10/08/2022","7","","South DeKalb","13-089-0002","AQS"
"10/09/2022","6","","NR-GA Tech","13-121-0056","AQS"
"10/10/2022","7","","NR-GA Tech","13-121-0056","AQS"
"10/11/2022","10","","NR-GA Tech","13-121-0056","AQS"
"10/12/2022","11","","NR-GA Tech","13-121-0056","AQS"
"10/13/2022","8","","NR-GA Tech","13-121-0056","AQS"
"10/14/2022","6","","South DeKalb","13-089-0002","AQS"
"10/15/2022","11","","South DeKalb","13-089-0002","AQS"
"10/16/2022","11","","South DeKalb","13-089-0002","AQS"
"10/17/2022","8","","NR-GA Tech","13-121-0056","AQS"
"10/18/2022","5","","NR-GA Tech","13-121-0056","AQS"
"10/19/2022","6","","NR-GA Tech","13-121-0056","AQS"
"10/20/2022","8","","NR-GA Tech","13-121-0056","AQS"
"10/21/2022","10","","NR-GA Tech","13-121-0056","AQS"
"10/22/2022","15","","NR-GA Tech","13-121-0056","AQS"
"10/23/2022","17","","NR-GA Tech","13-121-0056","AQS"
"10/24/2022","15","","NR-GA Tech","13-121-0056","AQS"
"10/25/2022","11","","NR-GA Tech","13-121-0056","AQS"
"10/26/2022","8","","NR-GA Tech","13-121-0056","AQS"
"10/27/2022","7","","NR-GA Tech","13-121-0056","AQS"
"10/28/2022","7","","NR-GA Tech","13-121-0056","AQS"
"10/29/2022","7","","NR-GA Tech","13-121-0056","AQS"
"10/30/2022","7","","NR-GA Tech","13-121-0056","AQS"
"10/31/2022","13","","NR-GA Tech","13-121-0056","AQS"
"11/01/2022","7","","South DeKalb","13-089-0002","AQS"
"11/02/2022","11","","NR-GA Tech","13-121-0056","AQS"
"11/03/2022","9","","NR-GA Tech","13-121-0056","AQS"
"11/04/2022","10","","NR-GA Tech","13-121-0056","AQS"
"11/05/2022","10","","NR-GA Tech","13-121-0056","AQS"
"11/06/2022","11","","NR-GA Tech","13-121-0056","AQS"
"11/07/2022","11","","NR-GA Tech","13-121-0056","AQS"
"11/08/2022","8","","NR-GA Tech","13-121-0056","AQS"
"11/09/2022","6","","NR-GA Tech","13-121-0056","AQS"
"11/10/2022","6","","NR-GA Tech","13-121-0056","AQS"
"11/11/2022","9","","NR-GA Tech","13-121-0056","AQS"
"11/12/2022","9","","NR-GA Tech","13-121-0056","AQS"
"11/13/2022","5","","NR-GA Tech","13-121-0056","AQS"
"11/14/2022","6","","NR-GA Tech","13-121-0056","AQS"
"11/15/2022","7","","NR-GA Tech","13-121-0056","AQS"
"11/16/2022","7","","NR-GA Tech","13-121-0056","AQS"
"11/17/2022","7","","NR-GA Tech","13-121-0056","AQS"
"11/18/2022","6","","NR-GA Tech","13-121-0056","AQS"
"11/19/2022","8","","South DeKalb","13-089-0002","AQS"
"11/20/2022","6","","NR-GA Tech","13-121-0056","AQS"
"11/21/2022","11","","NR-GA Tech","13-121-0056","AQS"
"11/22/2022","14","","NR-GA Tech","13-121-0056","AQS"
"11/23/2022","16","","NR-GA Tech","13-121-0056","AQS"
"11/24/2022","14","","NR-GA Tech","13-121-0056","AQS"
"11/25/2022","7","","NR-GA Tech","13-121-0056","AQS"
"11/26/2022","8","","NR-GA Tech","13-121-0056","AQS"
"11/27/2022","8","","NR-GA Tech","13-121-0056","AQS"
"11/28/2022","8","","NR-GA Tech","13-121-0056","AQS"
"11/29/2022","13","","NR-GA Tech","13-121-0056","AQS"
"11/30/2022","8","","NR-GA Tech","13-121-0056","AQS"
"12/01/2022","9","","NR-GA Tech","13-121-0056","AQS"
"12/02/2022","10","","NR-GA Tech","13-121-0056","AQS"
"12/03/2022","10","","NR-GA Tech","13-121-0056","AQS"
"12/04/2022","7","","NR-GA Tech","13-121-0056","AQS"
"12/05/2022","10","","NR-GA Tech","13-121-0056","AQS"
"12/06/2022","10","","NR-GA Tech","13-121-0056","AQS"
"12/07/2022","10","","NR-GA Tech","13-121-0056","AQS"
"12/08/2022","8","","NR-GA Tech","13-121-0056","AQS"
"12/09/2022","9","","NR-GA Tech","13-121-0056","AQS"
"12/10/2022","9","","NR-GA Tech","13-121-0056","AQS"
"12/11/2022","10","","NR-GA Tech","13-121-0056","AQS"
"12/12/2022","10","","NR-GA Tech","13-121-0056","AQS"
"12/13/2022","9","","NR-GA Tech","13-121-0056","AQS"
"12/14/2022","7","","NR-GA Tech","13-121-0056","AQS"
"12/15/2022","7","","NR-GA Tech","13-121-0056","AQS"
"12/16/2022","7","","NR-GA Tech","13-121-0056","AQS"
"12/17/2022","6","","NR-GA Tech","13-121-0056","AQS"
"12/18/2022","7","","NR-GA Tech","13-121-0056","AQS"
"12/19/2022","9","","NR-GA Tech","13-121-0056","AQS"
"12/20/2022","8","","NR-GA Tech","13-121-0056","AQS"
"12/21/2022","8","","NR-GA Tech","13-121-0056","AQS"
"12/22/2022","8","","NR-GA Tech","13-121-0056","AQS"
"12/23/2022","9","","South DeKalb","13-089-0002","AQS"
"12/24/2022","9","","South DeKalb","13-089-0002","AQS"
"12/25/2022","7","","NR-GA Tech","13-121-0056","AQS"
"12/26/2022","7","","NR-GA Tech","13-121-0056","AQS"
"12/27/2022","10","","NR-GA Tech","13-121-0056","AQS"
"12/28/2022","18","","NR-GA Tech","13-121-0056","AQS"
"12/29/2022","11","","NR-GA Tech","13-121-0056","AQS"
"12/30/2022","11","","NR-GA Tech","13-121-0056","AQS"
"12/31/2022","10","","NR-GA Tech","13-121-0056","AQS"
"01/01/2023","10","","NR-GA Tech","13-121-0056","AQS"
"01/02/2023","14","","NR-GA Tech","13-121-0056","AQS"
"01/03/2023","10","","NR-GA Tech","13-121-0056","AQS"
"01/04/2023","8","","NR-GA Tech","13-121-0056","AQS"
"01/05/2023","8","","South DeKalb","13-089-0002","AQS"
"01/06/2023","6","","NR-GA Tech","13-121-0056","AQS"
"01/07/2023","11","","NR-GA Tech","13-121-0056","AQS"
"01/08/2023","10","","NR-GA Tech","13-121-0056","AQS"
"01/09/2023","6","","NR-GA Tech","13-121-0056","AQS"
"01/10/2023","7","","NR-GA Tech","13-121-0056","AQS"
"01/11/2023","10","","South DeKalb","13-089-0002","AQS"
"01/12/2023","10","","NR-GA Tech","13-121-0056","AQS"
"01/13/2023","5","","NR-GA Tech","13-121-0056","AQS"
"01/14/2023","5","","NR-GA Tech","13-121-0056","AQS"
"01/15/2023","9","","NR-GA Tech","13-121-0056","AQS"
"01/16/2023","15","","NR-GA Tech","13-121-0056","AQS"
"01/17/2023","6","","NR-GA Tech","13-121-0056","AQS"
"01/18/2023","13","","NR-GA Tech","13-121-0056","AQS"
"01/19/2023","9","","NR-GA Tech","13-121-0056","AQS"
"01/20/2023","7","","NR-GA Tech","13-121-0056","AQS"
"01/21/2023","8","","NR-GA Tech","13-121-0056","AQS"
"01/22/2023","8","","NR-GA Tech","13-121-0056","AQS"
"01/23/2023","8","","NR-GA Tech","13-121-0056","AQS"
"01/24/2023","8","","NR-GA Tech","13-121-0056","AQS"
"01/25/2023","7","","NR-GA Tech","13-121-0056","AQS"
"01/26/2023","7","","NR-GA Tech","13-121-0056","AQS"
"01/27/2023","7","","NR-GA Tech","13-121-0056","AQS"
"01/28/2023","11","","South DeKalb","13-089-0002","AQS"
"01/29/2023","11","","NR-GA Tech","13-121-0056","AQS"
"01/30/2023","11","","NR-GA Tech","13-121-0056","AQS"
"01/31/2023","9","","NR-GA Tech","13-121-0056","AQS"
"02/01/2023","8","","NR-GA Tech","13-121-0056","AQS"
"02/02/2023","7","","NR-GA Tech","13-121-0056","AQS"
"02/03/2023","6","","NR-GA Tech","13-121-0056","AQS"
"02/04/2023","10","","NR-GA Tech","13-121-0056","AQS"
"02/05/2023","11","","NR-GA Tech","13-121-0056","AQS"
"02/06/2023","10","","NR-GA Tech","13-121-0056","AQS"
"02/07/2023","11","","NR-GA Tech","13-121-0056","AQS"
"02/08/2023","14","","NR-GA Tech","13-121-0056","AQS"
"02/09/2023","13","","NR-GA Tech","13-121-0056","AQS"
"02/10/2023","7","","NR-GA Tech","13-121-0056","AQS"
"02/11/2023","6","","NR-GA Tech","13-121-0056","AQS"
"02/12/2023","7","","NR-GA Tech","13-121-0056","AQS"
"02/13/2023","8","","NR-GA Tech","13-121-0056","AQS"
"02/14/2023","15","","NR-GA Tech","13-121-0056","AQS"
"02/15/2023","15","","NR-GA Tech","13-121-0056","AQS"
"02/16/2023","13","","NR-GA Tech","13-121-0056","AQS"
"02/17/2023","9","","NR-GA Tech","13-121-0056","AQS"
"02/18/2023","11","","NR-GA Tech","13-121-0056","AQS"
"02/19/2023","13","","NR-GA Tech","13-121-0056","AQS"
"02/20/2023","9","","South DeKalb","13-089-0002","AQS"
"02/21/2023","9","","NR-GA Tech","13-121-0056","AQS"
"02/22/2023","9","","NR-GA Tech","13-121-0056","AQS"
"02/23/2023","7","","NR-GA Tech","13-121-0056","AQS"
"02/24/2023","7","","NR-GA Tech","13-121-0056","AQS"
"02/25/2023","8","","NR-GA Tech","13-121-0056","AQS"
"02/26/2023","9","","NR-GA Tech","13-121-0056","AQS"
"02/27/2023","8","","NR-GA Tech","13-121-0056","AQS"
"02/28/2023","9","","NR-GA Tech","13-121-0056","AQS"
"03/01/2023","13","","NR-GA Tech","13-121-0056","AQS"
"03/02/2023","9","","NR-GA Tech","13-121-0056","AQS"
"03/03/2023","10","","NR-GA Tech","13-121-0056","AQS"
"03/04/2023","8","","NR-GA Tech","13-121-0056","AQS"
"03/05/2023","10","","NR-GA Tech","13-121-0056","AQS"
"03/06/2023","11","","NR-GA Tech","13-121-0056","AQS"
"03/07/2023","10","","South DeKalb","13-089-0002","AQS"
"03/08/2023","9","","NR-GA Tech","13-121-0056","AQS"
"03/09/2023","11","","NR-GA Tech","13-121-0056","AQS"
"03/10/2023","9","","NR-GA Tech","13-121-0056","AQS"
"03/11/2023","9","","NR-GA Tech","13-121-0056","AQS"
"03/12/2023","11","","NR-GA Tech","13-121-0056","AQS"
"03/13/2023","8","","NR-GA Tech","13-121-0056","AQS"
"03/14/2023","5","","NR-GA Tech","13-121-0056","AQS"
"03/15/2023","6","","South DeKalb","13-089-0002","AQS"
"03/16/2023","13","","NR-GA Tech","13-121-0056","AQS"
"03/17/2023","8","","NR-GA Tech","13-121-0056","AQS"
"03/18/2023","6","","NR-GA Tech","13-121-0056","AQS"
"03/19/2023","6","","NR-GA Tech","13-121-0056","AQS"
"03/20/2023","10","","NR-GA Tech","13-121-0056","AQS"
"03/21/2023","13","","NR-GA Tech","13-121-0056","AQS"
"03/22/2023","13","","NR-GA Tech","13-121-0056","AQS"
"03/23/2023","9","","NR-GA Tech","13-121-0056","AQS"
"03/24/2023","9","","NR-GA Tech","13-121-0056","AQS"
"03/25/2023","9","","NR-GA Tech","13-121-0056","AQS"
"03/26/2023","10","","NR-GA Tech","13-121-0056","AQS"
"03/27/2023","9","","NR-GA Tech","13-121-0056","AQS"
"03/28/2023","7","","NR-GA Tech","13-121-0056","AQS"
"03/29/2023","6","","NR-GA Tech","13-121-0056","AQS"
"03/30/2023","10","","South DeKalb","13-089-0002","AQS"
"03/31/2023","10","","NR-GA Tech","13-121-0056","AQS"
"04/01/2023","9","","NR-GA Tech","13-121-0056","AQS"
"04/02/2023","8","","NR-GA Tech","13-121-0056","AQS"
"04/03/2023","14","","NR-GA Tech","13-121-0056","AQS"
"04/04/2023","13","","NR-GA Tech","13-121-0056","AQS"
"04/05/2023","11","","NR-GA Tech","13-121-0056","AQS"
"04/06/2023","10","","NR-GA Tech","13-121-0056","AQS"
"04/07/2023","11","","NR-GA Tech","13-121-0056","AQS"
"04/08/2023","7","","NR-GA Tech","13-121-0056","AQS"
"04/09/2023","7","","NR-GA Tech","13-121-0056","AQS"
"04/10/2023","6","","NR-GA Tech","13-121-0056","AQS"
"04/11/2023","10","","NR-GA Tech","13-121-0056","AQS"
"04/12/2023","13","","NR-GA Tech","13-121-0056","AQS"
"04/13/2023","10","","NR-GA Tech","13-121-0056","AQS"
"04/14/2023","10","","NR-GA Tech","13-121-0056","AQS"
"04/15/2023","7","","South DeKalb","13-089-0002","AQS"
"04/16/2023","8","","NR-GA Tech","13-121-0056","AQS"
"04/17/2023","7","","NR-GA Tech","13-121-0056","AQS"
"04/18/2023","7","","NR-GA Tech","13-121-0056","AQS"
"04/19/2023","9","","NR-GA Tech","13-121-0056","AQS"
"04/20/2023","11","","NR-GA Tech","13-121-0056","AQS"
"04/21/2023","11","","NR-GA Tech","13-121-0056","AQS"
"04/22/2023","11","","NR-GA Tech","13-121-0056","AQS"
"04/23/2023","6","","South DeKalb","13-089-0002","AQS"
"04/24/2023","5","","NR-GA Tech","13-121-0056","AQS"
"04/25/2023","8","","NR-GA Tech","13-121-0056","AQS"
"04/26/2023","8","","NR-GA Tech","13-121-0056","AQS"
"04/27/2023","9","","NR-GA Tech","13-121-0056","AQS"
"04/28/2023","10","","NR-GA Tech","13-121-0056","AQS"
"04/29/2023","8","","NR-GA Tech","13-121-0056","AQS"
"04/30/2023","9","","NR-GA Tech","13-121-0056","AQS"
"05/01/2023","7","","NR-GA Tech","13-121-0056","AQS"
"05/02/2023","7","","NR-GA Tech","13-121-0056","AQS"
"05/03/2023","6","","NR-GA Tech","13-121-0056","AQS"
"05/04/2023","6","","South DeKalb","13-089-0002","AQS"
"05/05/2023","11","","NR-GA Tech","13-121-0056","AQS"
"05/06/2023","14","","NR-GA Tech","13-121-0056","AQS"
"05/07/2023","15","","NR-GA Tech","13-121-0056","AQS"
"05/08/2023","9","","NR-GA Tech","13-121-0056","AQS"
"05/09/2023","8","","NR-GA Tech","13-121-0056","AQS"
"05/10/2023","8","","NR-GA Tech","13-121-0056","AQS"
"05/11/2023","10","","NR-GA Tech","13-121-0056","AQS"
"05/12/2023","10","","NR-GA Tech","13-121-0056","AQS"
"05/13/2023","10","","NR-GA Tech","13-121-0056","AQS"
"05/14/2023","9","","NR-GA Tech","13-121-0056","AQS"
"05/15/2023","10","","NR-GA Tech","13-121-0056","AQS"
"05/16/2023","10","","NR-GA Tech","13-121-0056","AQS"
"05/17/2023","8","","NR-GA Tech","13-121-0056","AQS"
"05/18/2023","8","","NR-GA Tech","13-121-0056","AQS"
"05/19/2023","13","","NR-GA Tech","13-121-0056","AQS"
"05/20/2023","14","","NR-GA Tech","13-121-0056","AQS"
"05/21/2023","9","","NR-GA Tech","13-121-0056","AQS"
"05/22/2023","10","","NR-GA Tech","13-121-0056","AQS"
"05/23/2023","9","","NR-GA Tech","13-121-0056","AQS"
"05/24/2023","9","","NR-GA Tech","13-121-0056","AQS"
"05/25/2023","10","","NR-GA Tech","13-121-0056","AQS"
"05/26/2023","7","","NR-GA Tech","13-121-0056","AQS"
"05/27/2023","7","","NR-GA Tech","13-121-0056","AQS"
"05/28/2023","7","","NR-GA Tech","13-121-0056","AQS"
"05/29/2023","8","","NR-GA Tech","13-121-0056","AQS"
"05/30/2023","9","","NR-GA Tech","13-121-0056","AQS"
"05/31/2023","8","","NR-GA Tech","13-121-0056","AQS"
"06/01/2023","10","","NR-GA Tech","13-121-0056","AQS"
"06/02/2023","9","","NR-GA Tech","13-121-0056","AQS"
"06/03/2023","10","","NR-GA Tech","13-121-0056","AQS"
"06/04/2023","10","","NR-GA Tech","13-121-0056","AQS"
"06/05/2023","10","","NR-GA Tech","13-121-0056","AQS"
"06/06/2023","8","","NR-GA Tech","13-121-0056","AQS"
"06/07/2023","9","","NR-GA Tech","13-121-0056","AQS"
"06/08/2023","8","","NR-GA Tech","13-121-0056","AQS"
"06/09/2023","9","","NR-GA Tech","13-121-0056","AQS"
"06/10/2023","14","","NR-GA Tech","13-121-0056","AQS"
"06/11/2023","16","","NR-GA Tech","13-121-0056","AQS"
"06/12/2023","10","","NR-GA Tech","13-121-0056","AQS"
"06/13/2023","7","","NR-GA Tech","13-121-0056","AQS"
"06/14/2023","8","","NR-GA Tech","13-121-0056","AQS"
"06/15/2023","8","","NR-GA Tech","13-121-0056","AQS"
"06/16/2023","8","","NR-GA Tech","13-121-0056","AQS"
"06/17/2023","8","","NR-GA Tech","13-121-0056","AQS"
"06/18/2023","11","","NR-GA Tech","13-121-0056","AQS"
"06/19/2023","13","","NR-GA Tech","13-121-0056","AQS"
"06/20/2023","8","","NR-GA Tech","13-121-0056","AQS"
"06/21/2023","5","","NR-GA Tech","13-121-0056","AQS"
"06/22/2023","10","","NR-GA Tech","13-121-0056","AQS"
"06/23/2023","9","","NR-GA Tech","13-121-0056","AQS"
"06/24/2023","8","","NR-GA Tech","13-121-0056","AQS"
"06/25/2023","9","","NR-GA Tech","13-121-0056","AQS"
"06/26/2023","8","","NR-GA Tech","13-121-0056","AQS"
"06/27/2023","9","","NR-GA Tech","13-121-0056","AQS"
"06/28/2023","8","","NR-GA Tech","13-121-0056","AQS"
"06/29/2023","11","","NR-GA Tech","13-121-0056","AQS"
"06/30/2023","11","","NR-GA Tech","13-121-0056","AQS"
"07/01/2023","11","","NR-GA Tech","13-121-0056","AQS"
"07/02/2023","11","","NR-GA Tech","13-121-0056","AQS"
"07/03/2023","9","","NR-GA Tech","13-121-0056","AQS"
"07/04/2023","9","","NR-GA Tech","13-121-0056","AQS"
"07/05/2023","9","","NR-GA Tech","13-121-0056","AQS"
"07/06/2023","8","","NR-GA Tech","13-121-0056","AQS"
"07/07/2023","9","","NR-GA Tech","13-121-0056","AQS"
"07/08/2023","8","","NR-GA Tech","13-121-0056","AQS"
"07/09/2023","8","","NR-GA Tech","13-121-0056","AQS"
"07/10/2023","7","","NR-GA Tech","13-121-0056","AQS"
"07/11/2023","6","","South DeKalb","13-089-0002","AQS"
"07/12/2023","10","","NR-GA Tech","13-121-0056","AQS"
"07/13/2023","7","","NR-GA Tech","13-121-0056","AQS"
"07/14/2023","9","","NR-GA Tech","13-121-0056","AQS"
"07/15/2023","11","","NR-GA Tech","13-121-0056","AQS"
"07/16/2023","8","","NR-GA Tech","13-121-0056","AQS"
"07/17/2023","10","","NR-GA Tech","13-121-0056","AQS"
"07/18/2023","11","","NR-GA Tech","13-121-0056","AQS"
"07/19/2023","8","","NR-GA Tech","13-121-0056","AQS"
"07/20/2023","8","","NR-GA Tech","13-121-0056","AQS"
"07/21/2023","7","","NR-GA Tech","13-121-0056","AQS"
"07/22/2023","8","","NR-GA Tech","13-121-0056","AQS"
"07/23/2023","8","","NR-GA Tech","13-121-0056","AQS"
"07/24/2023","8","","NR-GA Tech","13-121-0056","AQS"
"07/25/2023","8","","NR-GA Tech","13-121-0056","AQS"
"07/26/2023","10","","NR-GA Tech","13-121-0056","AQS"
"07/27/2023","10","","NR-GA Tech","13-121-0056","AQS"
"07/28/2023","10","","NR-GA Tech","13-121-0056","AQS"
"07/29/2023","10","","NR-GA Tech","13-121-0056","AQS"
"07/30/2023","7","","NR-GA Tech","13-121-0056","AQS"
"07/31/2023","6","","NR-GA Tech","13-121-0056","AQS"
"08/01/2023","7","","NR-GA Tech","13-121-0056","AQS"
"08/02/2023","9","","NR-GA Tech","13-121-0056","AQS"
"08/03/2023","8","","NR-GA Tech","13-121-0056","AQS"
"08/04/2023","8","","NR-GA Tech","13-121-0056","AQS"
"08/05/2023","9","","NR-GA Tech","13-121-0056","AQS"
"08/06/2023","10","","NR-GA Tech","13-121-0056","AQS"
"08/07/2023","8","","NR-GA Tech","13-121-0056","AQS"
"08/08/2023","8","","NR-GA Tech","13-121-0056","AQS"
"08/09/2023","8","","NR-GA Tech","13-121-0056","AQS"
"08/10/2023","8","","NR-GA Tech","13-121-0056","AQS"
"08/11/2023","8","","NR-GA Tech","13-121-0056","AQS"
"08/12/2023","8","","NR-GA Tech","13-121-0056","AQS"
"08/13/2023","8","","NR-GA Tech","13-121-0056","AQS"
"08/14/2023","7","","NR-GA Tech","13-121-0056","AQS"
"08/15/2023","7","","NR-GA Tech","13-121-0056","AQS"
"08/16/2023","7","","NR-GA Tech","13-121-0056","AQS"
"08/17/2023","7","","South DeKalb","13-089-0002","AQS"
"08/18/2023","7","","NR-GA Tech","13-121-0056","AQS"
"08/19/2023","9","","NR-GA Tech","13-121-0056","AQS"
"08/20/2023","10","","NR-GA Tech","13-121-0056","AQS"
"08/21/2023","10","","South DeKalb","13-089-0002","AQS"
"08/22/2023","8","","NR-GA Tech","13-121-0056","AQS"
"08/23/2023","11","","NR-GA Tech","13-121-0056","AQS"
"08/24/2023","11","","NR-GA Tech","13-121-0056","AQS"
"08/25/2023","8","","NR-GA Tech","13-121-0056","AQS"
"08/26/2023","7","","South DeKalb","13-089-0002","AQS"
"08/27/2023","10","","NR-GA Tech","13-121-0056","AQS"
"08/28/2023","10","","NR-GA Tech","13-121-0056","AQS"
"08/29/2023","10","","NR-GA Tech","13-121-0056","AQS"
"08/30/2023","10","","NR-GA Tech","13-121-0056","AQS"
"08/31/2023","8","","NR-GA Tech","13-121-0056","AQS"
"09/01/2023","8","","NR-GA Tech","13-121-0056","AQS"
"09/02/2023","10","","NR-GA Tech","13-121-0056","AQS"
"09/03/2023","14","","NR-GA Tech","13-121-0056","AQS"
"09/04/2023","14","","NR-GA Tech","13-121-0056","AQS"
"09/05/2023","9","","NR-GA Tech","13-121-0056","AQS"
"09/06/2023","8","","South DeKalb","13-089-0002","AQS"
"09/07/2023","8","","NR-GA Tech","13-121-0056","AQS"
"09/08/2023","8","","NR-GA Tech","13-121-0056","AQS"
"09/09/2023","11","","NR-GA Tech","13-121-0056","AQS"
"09/10/2023","10","","NR-GA Tech","13-121-0056","AQS"
"09/11/2023","10","","NR-GA Tech","13-121-0056","AQS"
"09/12/2023","13","","NR-GA Tech","13-121-0056","AQS"
"09/13/2023","10","","NR-GA Tech","13-121-0056","AQS"
"09/14/2023","11","","NR-GA Tech","13-121-0056","AQS"
"09/15/2023","13","","NR-GA Tech","13-121-0056","AQS"
"09/16/2023","15","","NR-GA Tech","13-121-0056","AQS"
"09/17/2023","13","","NR-GA Tech","13-121-0056","AQS"
"09/18/2023","7","","NR-GA Tech","13-121-0056","AQS"
"09/19/2023","11","","NR-GA Tech","13-121-0056","AQS"
"09/20/2023","13","","NR-GA Tech","13-121-0056","AQS"
"09/21/2023","13","","NR-GA Tech","13-121-0056","AQS"
"09/22/2023","11","","NR-GA Tech","13-121-0056","AQS"
"09/23/2023","10","","NR-GA Tech","13-121-0056","AQS"
"09/24/2023","7","","South DeKalb","13-089-0002","AQS"
"09/25/2023","9","","South DeKalb","13-089-0002","AQS"
"09/26/2023","10","","NR-GA Tech","13-121-0056","AQS"
"09/27/2023","9","","NR-GA Tech","13-121-0056","AQS"
"09/28/2023","9","","NR-GA Tech","13-121-0056","AQS"
"09/29/2023","9","","NR-GA Tech","13-121-0056","AQS"
"09/30/2023","15","","NR-GA Tech","13-121-0056","AQS"
"10/01/2023","16","","NR-GA Tech","13-121-0056","AQS"
"10/02/2023","10","","NR-GA Tech","13-121-0056","AQS"
"10/03/2023","9","","NR-GA Tech","13-121-0056","AQS"
"10/04/2023","10","","NR-GA Tech","13-121-0056","AQS"
"10/05/2023","10","","NR-GA Tech","13-121-0056","AQS"
"10/06/2023","9","","NR-GA Tech","13-121-0056","AQS"
"10/07/2023","2","","South DeKalb","13-089-0002","AQS"
"10/08/2023","5","","South DeKalb","13-089-0002","AQS"
"10/09/2023","7","","South DeKalb","13-089-0002","AQS"
"10/10/2023","6","","South DeKalb","13-089-0002","AQS"
"10/11/2023","7","","South DeKalb","13-089-0002","AQS"
"10/12/2023","6","","NR-GA Tech","13-121-0056","AQS"
"10/13/2023","7","","NR-GA Tech","13-121-0056","AQS"
"10/14/2023","8","","NR-GA Tech","13-121-0056","AQS"
"10/15/2023","5","","NR-GA Tech","13-121-0056","AQS"
"10/16/2023","6","","NR-GA Tech","13-121-0056","AQS"
"10/17/2023","6","","NR-GA Tech","13-121-0056","AQS"
"10/18/2023","11","","NR-GA Tech","13-121-0056","AQS"
"10/19/2023","11","","NR-GA Tech","13-121-0056","AQS"
"10/20/2023","8","","NR-GA Tech","13-121-0056","AQS"
"10/21/2023","8","","NR-GA Tech","13-121-0056","AQS"
"10/22/2023","9","","NR-GA Tech","13-121-0056","AQS"
"10/23/2023","9","","NR-GA Tech","13-121-0056","AQS"
"10/24/2023","9","","NR-GA Tech","13-121-0056","AQS"
"10/25/2023","11","","NR-GA Tech","13-121-0056","AQS"
"10/26/2023","13","","NR-GA Tech","13-121-0056","AQS"
"10/27/2023","13","","NR-GA Tech","13-121-0056","AQS"
"10/28/2023","16","","NR-GA Tech","13-121-0056","AQS"
"10/29/2023","15","","NR-GA Tech","13-121-0056","AQS"
"10/30/2023","11","","NR-GA Tech","13-121-0056","AQS"
"10/31/2023","7","","NR-GA Tech","13-121-0056","AQS"
"11/01/2023","6","","NR-GA Tech","13-121-0056","AQS"
"11/02/2023","7","","South DeKalb","13-089-0002","AQS"
"11/03/2023","13","","NR-GA Tech","13-121-0056","AQS"
"11/04/2023","15","","NR-GA Tech","13-121-0056","AQS"
"11/05/2023","11","","South DeKalb","13-089-0002","AQS"
"11/06/2023","10","","NR-GA Tech","13-121-0056","AQS"
"11/07/2023","9","","South DeKalb","13-089-0002","AQS"
"11/08/2023","9","","NR-GA Tech","13-121-0056","AQS"
"11/09/2023","8","","NR-GA Tech","13-121-0056","AQS"
"11/10/2023","8","","NR-GA Tech","13-121-0056","AQS"
"11/11/2023","8","","NR-GA Tech","13-121-0056","AQS"
"11/12/2023","10","","NR-GA Tech","13-121-0056","AQS"
"11/13/2023","11","","NR-GA Tech","13-121-0056","AQS"
"11/14/2023","14","","NR-GA Tech","13-121-0056","AQS"
"11/15/2023","8","","NR-GA Tech","13-121-0056","AQS"
"11/16/2023","9","","NR-GA Tech","13-121-0056","AQS"
"11/17/2023","11","","NR-GA Tech","13-121-0056","AQS"
"11/18/2023","10","","NR-GA Tech","13-121-0056","AQS"
"11/19/2023","8","","NR-GA Tech","13-121-0056","AQS"
"11/20/2023","9","","NR-GA Tech","13-121-0056","AQS"
"11/21/2023","9","","NR-GA Tech","13-121-0056","AQS"
"11/22/2023","7","","NR-GA Tech","13-121-0056","AQS"
"11/23/2023","8","","NR-GA Tech","13-121-0056","AQS"
"11/24/2023","8","","South DeKalb","13-089-0002","AQS"
"11/25/2023","11","","South DeKalb","13-089-0002","AQS"
"11/26/2023","9","","NR-GA Tech","13-121-0056","AQS"
"11/27/2023","7","","NR-GA Tech","13-121-0056","AQS"
"11/28/2023","7","","NR-GA Tech","13-121-0056","AQS"
"11/29/2023","8","","NR-GA Tech","13-121-0056","AQS"
"11/30/2023","15","","NR-GA Tech","13-121-0056","AQS"
"12/01/2023","16","","NR-GA Tech","13-121-0056","AQS"
"12/02/2023","16","","NR-GA Tech","13-121-0056","AQS"
"12/03/2023","10","","NR-GA Tech","13-121-0056","AQS"
"12/04/2023","8","","South DeKalb","13-089-0002","AQS"
"12/05/2023","7","","NR-GA Tech","13-121-0056","AQS"
"12/06/2023","6","","NR-GA Tech","13-121-0056","AQS"
"12/07/2023","8","","NR-GA Tech","13-121-0056","AQS"
"12/08/2023","13","","South DeKalb","13-089-0002","AQS"
"12/09/2023","15","","NR-GA Tech","13-121-0056","AQS"
"12/10/2023","13","","NR-GA Tech","13-121-0056","AQS"
"12/11/2023","6","","NR-GA Tech","13-121-0056","AQS"
"12/12/2023","18","","NR-GA Tech","13-121-0056","AQS"
"12/13/2023","18","","NR-GA Tech","13-121-0056","AQS"
"12/14/2023","17","","NR-GA Tech","13-121-0056","AQS"
"12/15/2023","7","","South DeKalb","13-089-0002","AQS"
"12/16/2023","11","","South DeKalb","13-089-0002","AQS"
"12/17/2023","7","","NR-GA Tech","13-121-0056","AQS"
"12/18/2023","6","","NR-GA Tech","13-121-0056","AQS"
"12/19/2023","5","","South DeKalb","13-089-0002","AQS"
"12/20/2023","13","","NR-GA Tech","13-121-0056","AQS"
"12/21/2023","17","","NR-GA Tech","13-121-0056","AQS"
"12/22/2023","17","","NR-GA Tech","13-121-0056","AQS"
"12/23/2023","14","","South DeKalb","13-089-0002","AQS"
"12/24/2023","11","","South DeKalb","13-089-0002","AQS"
"12/25/2023","9","","NR-GA Tech","13-121-0056","AQS"
"12/26/2023","9","","NR-GA Tech","13-121-0056","AQS"
"12/27/2023","7","","NR-GA Tech","13-121-0056","AQS"
"12/28/2023","6","","NR-GA Tech","13-121-0056","AQS"
"12/29/2023","7","","NR-GA Tech","13-121-0056","AQS"
"12/30/2023","7","","NR-GA Tech","13-121-0056","AQS"
"12/31/2023","8","","NR-GA Tech","13-121-0056","AQS"
"01/01/2024","13","","South DeKalb","13-089-0002","AQS"
"01/02/2024","6","","South DeKalb","13-089-0002","AQS"
"01/03/2024","9","","South DeKalb","13-089-0002","AQS"
"01/04/2024","7","","NR-GA Tech","13-121-0056","AQS"
"01/05/2024","7","","NR-GA Tech","13-121-0056","AQS"
"01/06/2024","8","","NR-GA Tech","13-121-0056","AQS"
"01/07/2024","8","","NR-GA Tech","13-121-0056","AQS"
"01/08/2024","9","","South DeKalb","13-089-0002","AQS"
"01/09/2024","8","","NR-GA Tech","13-121-0056","AQS"
"01/10/2024","7","","NR-GA Tech","13-121-0056","AQS"
"01/11/2024","9","","NR-GA Tech","13-121-0056","AQS"
"01/12/2024","10","","NR-GA Tech","13-121-0056","AQS"
"01/13/2024","10","","NR-GA Tech","13-121-0056","AQS"
"01/14/2024","9","","South DeKalb","13-089-0002","AQS"
"01/15/2024","9","","South DeKalb","13-089-0002","AQS"
"01/16/2024","8","","NR-GA Tech","13-121-0056","AQS"
"01/17/2024","6","","NR-GA Tech","13-121-0056","AQS"
"01/18/2024","10","","NR-GA Tech","13-121-0056","AQS"
"01/19/2024","9","","NR-GA Tech","13-121-0056","AQS"
"01/20/2024","5","","NR-GA Tech","13-121-0056","AQS"
"01/21/2024","13","","NR-GA Tech","13-121-0056","AQS"
"01/22/2024","13","","NR-GA Tech","13-121-0056","AQS"
"01/23/2024","9","","NR-GA Tech","13-121-0056","AQS"
"01/24/2024","11","","NR-GA Tech","13-121-0056","AQS"
"01/25/2024","11","","NR-GA Tech","13-121-0056","AQS"
"01/26/2024","10","","NR-GA Tech","13-121-0056","AQS"
"01/27/2024","17","","NR-GA Tech","13-121-0056","AQS"
"01/28/2024","6","","NR-GA Tech","13-121-0056","AQS"
"01/29/2024","5","","NR-GA Tech","13-121-0056","AQS"
"01/30/2024","7","","NR-GA Tech","13-121-0056","AQS"
"01/31/2024","7","","NR-GA Tech","13-121-0056","AQS"
"02/01/2024","7","","NR-GA Tech","13-121-0056","AQS"
"02/02/2024","8","","South DeKalb","13-089-0002","AQS"
"02/03/2024","11","","NR-GA Tech","13-121-0056","AQS"
"02/04/2024","6","","NR-GA Tech","13-121-0056","AQS"
"02/05/2024","11","","NR-GA Tech","13-121-0056","AQS"
"02/06/2024","14","","NR-GA Tech","13-121-0056","AQS"
"02/07/2024","13","","NR-GA Tech","13-121-0056","AQS"
"02/08/2024","10","","NR-GA Tech","13-121-0056","AQS"
"02/09/2024","13","","NR-GA Tech","13-121-0056","AQS"
"02/10/2024","13","","NR-GA Tech","13-121-0056","AQS"
"02/11/2024","10","","NR-GA Tech","13-121-0056","AQS"
"02/12/2024","10","","NR-GA Tech","13-121-0056","AQS"
"02/13/2024","6","","NR-GA Tech","13-121-0056","AQS"
"02/14/2024","9","","NR-GA Tech","13-121-0056","AQS"
"02/15/2024","14","","NR-GA Tech","13-121-0056","AQS"
"02/16/2024","9","","South DeKalb","13-089-0002","AQS"
"02/17/2024","6","","NR-GA Tech","13-121-0056","AQS"
"02/18/2024","6","","NR-GA Tech","13-121-0056","AQS"
"02/19/2024","7","","NR-GA Tech","13-121-0056","AQS"
"02/20/2024","13","","NR-GA Tech","13-121-0056","AQS"
"02/21/2024","16","","NR-GA Tech","13-121-0056","AQS"
"02/22/2024","9","","NR-GA Tech","13-121-0056","AQS"
"02/23/2024","7","","NR-GA Tech","13-121-0056","AQS"
"02/24/2024","7","","NR-GA Tech","13-121-0056","AQS"
"02/25/2024","9","","NR-GA Tech","13-121-0056","AQS"
"02/26/2024","9","","NR-GA Tech","13-121-0056","AQS"
"02/27/2024","9","","NR-GA Tech","13-121-0056","AQS"
"02/28/2024","7","","NR-GA Tech","13-121-0056","AQS"
"02/29/2024","7","","NR-GA Tech","13-121-0056","AQS"
"03/01/2024","7","","NR-GA Tech","13-121-0056","AQS"
"03/02/2024","10","","NR-GA Tech","13-121-0056","AQS"
"03/03/2024","15","","NR-GA Tech","13-121-0056","AQS"
"03/04/2024","11","","NR-GA Tech","13-121-0056","AQS"
"03/05/2024","13","","NR-GA Tech","13-121-0056","AQS"
"03/06/2024","9","","NR-GA Tech","13-121-0056","AQS"
"03/07/2024","13","","NR-GA Tech","13-121-0056","AQS"
"03/08/2024","14","","NR-GA Tech","13-121-0056","AQS"
"03/09/2024","7","","NR-GA Tech","13-121-0056","AQS"
"03/10/2024","6","","NR-GA Tech","13-121-0056","AQS"
"03/11/2024","6","","NR-GA Tech","13-121-0056","AQS"
"03/12/2024","8","","South DeKalb","13-089-0002","AQS"
"03/13/2024","9","","South DeKalb","13-089-0002","AQS"
"03/14/2024","11","","NR-GA Tech","13-121-0056","AQS"
"03/15/2024","8","","NR-GA Tech","13-121-0056","AQS"
"03/16/2024","7","","NR-GA Tech","13-121-0056","AQS"
"03/17/2024","7","","NR-GA Tech","13-121-0056","AQS"
"03/18/2024","8","","NR-GA Tech","13-121-0056","AQS"
"03/19/2024","6","","NR-GA Tech","13-121-0056","AQS"
"03/20/2024","7","","NR-GA Tech","13-121-0056","AQS"
"03/21/2024","8","","South DeKalb","13-089-0002","AQS"
"03/22/2024","6","","NR-GA Tech","13-121-0056","AQS"
"03/23/2024","7","","NR-GA Tech","13-121-0056","AQS"
"03/24/2024","6","","NR-GA Tech","13-121-0056","AQS"
"03/25/2024","6","","NR-GA Tech","13-121-0056","AQS"
"03/26/2024","8","","NR-GA Tech","13-121-0056","AQS"
"03/27/2024","7","","NR-GA Tech","13-121-0056","AQS"
"03/28/2024","5","","NR-GA Tech","13-121-0056","AQS"
"03/29/2024","6","","South DeKalb","13-089-0002","AQS"
"03/30/2024","10","","South DeKalb","13-089-0002","AQS"
"03/31/2024","8","","NR-GA Tech","13-121-0056","AQS"
"04/01/2024","7","","NR-GA Tech","13-121-0056","AQS"
"04/02/2024","8","","NR-GA Tech","13-121-0056","AQS"
"04/03/2024","8","","NR-GA Tech","13-121-0056","AQS"
"04/04/2024","5","","NR-GA Tech","13-121-0056","AQS"
"04/05/2024","5","","NR-GA Tech","13-121-0056","AQS"
"04/06/2024","6","","NR-GA Tech","13-121-0056","AQS"
"04/07/2024","11","","NR-GA Tech","13-121-0056","AQS"
"04/08/2024","13","","NR-GA Tech","13-121-0056","AQS"
"04/09/2024","10","","NR-GA Tech","13-121-0056","AQS"
"04/10/2024","10","","NR-GA Tech","13-121-0056","AQS"
"04/11/2024","9","","NR-GA Tech","13-121-0056","AQS"
"04/12/2024","6","","NR-GA Tech","13-121-0056","AQS"
"04/13/2024","7","","NR-GA Tech","13-121-0056","AQS"
"04/14/2024","8","","South DeKalb","13-089-0002","AQS"
"04/15/2024","7","","NR-GA Tech","13-121-0056","AQS"
"04/16/2024","8","","NR-GA Tech","13-121-0056","AQS"
"04/17/2024","8","","NR-GA Tech","13-121-0056","AQS"
"04/18/2024","7","","NR-GA Tech","13-121-0056","AQS"
"04/19/2024","8","","NR-GA Tech","13-121-0056","AQS"
"04/20/2024","8","","NR-GA Tech","13-121-0056","AQS"
"04/21/2024","6","","NR-GA Tech","13-121-0056","AQS"
"04/22/2024","6","","NR-GA Tech","13-121-0056","AQS"
"04/23/2024","8","","NR-GA Tech","13-121-0056","AQS"
"04/24/2024","8","","NR-GA Tech","13-121-0056","AQS"
"04/25/2024","8","","South DeKalb","13-089-0002","AQS"
"04/26/2024","10","","NR-GA Tech","13-121-0056","AQS"
"04/27/2024","9","","NR-GA Tech","13-121-0056","AQS"
"04/28/2024","10","","NR-GA Tech","13-121-0056","AQS"
"04/29/2024","11","","NR-GA Tech","13-121-0056","AQS"
"04/30/2024","10","","NR-GA Tech","13-121-0056","AQS"
"05/01/2024","9","","NR-GA Tech","13-121-0056","AQS"
"05/02/2024","10","","NR-GA Tech","13-121-0056","AQS"
"05/03/2024","11","","NR-GA Tech","13-121-0056","AQS"
"05/04/2024","10","","NR-GA Tech","13-121-0056","AQS"
"05/05/2024","13","","NR-GA Tech","13-121-0056","AQS"
"05/06/2024","10","","NR-GA Tech","13-121-0056","AQS"
"05/07/2024","8","","NR-GA Tech","13-121-0056","AQS"
"05/08/2024","9","","NR-GA Tech","13-121-0056","AQS"
"05/09/2024","10","","NR-GA Tech","13-121-0056","AQS"
"05/10/2024","7","","NR-GA Tech","13-121-0056","AQS"
"05/11/2024","7","","NR-GA Tech","13-121-0056","AQS"
"05/12/2024","8","","NR-GA Tech","13-121-0056","AQS"
"05/13/2024","9","","NR-GA Tech","13-121-0056","AQS"
"05/14/2024","9","","NR-GA Tech","13-121-0056","AQS"
"05/15/2024","8","","NR-GA Tech","13-121-0056","AQS"
"05/16/2024","7","","NR-GA Tech","13-121-0056","AQS"
"05/17/2024","13","","NR-GA Tech","13-121-0056","AQS"
"05/18/2024","9","","NR-GA Tech","13-121-0056","AQS"
"05/19/2024","10","","NR-GA Tech","13-121-0056","AQS"
"05/20/2024","10","","NR-GA Tech","13-121-0056","AQS"
"05/21/2024","11","","NR-GA Tech","13-121-0056","AQS"
"05/22/2024","11","","NR-GA Tech","13-121-0056","AQS"
"05/23/2024","7","","NR-GA Tech","13-121-0056","AQS"
"05/24/2024","10","","NR-GA Tech","13-121-0056","AQS"
"05/25/2024","13","","NR-GA Tech","13-121-0056","AQS"
"05/26/2024","14","","NR-GA Tech","13-121-0056","AQS"
"05/27/2024","10","","NR-GA Tech","13-121-0056","AQS"
"05/28/2024","7","","NR-GA Tech","13-121-0056","AQS"
"05/29/2024","6","","NR-GA Tech","13-121-0056","AQS"
"05/30/2024","6","","NR-GA Tech","13-121-0056","AQS"
"05/31/2024","8","","NR-GA Tech","13-121-0056","AQS"
"06/01/2024","14","","NR-GA Tech","13-121-0056","AQS"
"06/02/2024","15","","NR-GA Tech","13-121-0056","AQS"
"06/03/2024","8","","NR-GA Tech","13-121-0056","AQS"
"06/04/2024","9","","NR-GA Tech","13-121-0056","AQS"
"06/05/2024","8","","NR-GA Tech","13-121-0056","AQS"
"06/06/2024","7","","NR-GA Tech","13-121-0056","AQS"
"06/07/2024","7","","NR-GA Tech","13-121-0056","AQS"
"06/08/2024","5","","South DeKalb","13-089-0002","AQS"
"06/09/2024","7","","South DeKalb","13-089-0002","AQS"
"06/10/2024","3","","South DeKalb","13-089-0002","AQS"
"06/11/2024","5","","South DeKalb","13-089-0002","AQS"
"06/12/2024","9","","NR-GA Tech","13-121-0056","AQS"
"06/13/2024","9","","NR-GA Tech","13-121-0056","AQS"
"06/14/2024","8","","NR-GA Tech","13-121-0056","AQS"
"06/15/2024","9","","South DeKalb","13-089-0002","AQS"
"06/16/2024","11","","NR-GA Tech","13-121-0056","AQS"
"06/17/2024","11","","NR-GA Tech","13-121-0056","AQS"
"06/18/2024","9","","NR-GA Tech","13-121-0056","AQS"
"06/19/2024","6","","NR-GA Tech","13-121-0056","AQS"
"06/20/2024","8","","NR-GA Tech","13-121-0056","AQS"
"06/21/2024","7","","NR-GA Tech","13-121-0056","AQS"
"06/22/2024","11","","NR-GA Tech","13-121-0056","AQS"
"06/23/2024","14","","NR-GA Tech","13-121-0056","AQS"
"06/24/2024","8","","NR-GA Tech","13-121-0056","AQS"
"06/25/2024","7","","NR-GA Tech","13-121-0056","AQS"
"06/26/2024","10","","NR-GA Tech","13-121-0056","AQS"
"06/27/2024","11","","NR-GA Tech","13-121-0056","AQS"
"06/28/2024","11","","NR-GA Tech","13-121-0056","AQS"
"06/29/2024","9","","NR-GA Tech","13-121-0056","AQS"
"06/30/2024","8","","NR-GA Tech","13-121-0056","AQS"
"07/01/2024","7","","NR-GA Tech","13-121-0056","AQS"
"07/02/2024","9","","NR-GA Tech","13-121-0056","AQS"
"07/03/2024","9","","NR-GA Tech","13-121-0056","AQS"
"07/04/2024","9","","NR-GA Tech","13-121-0056","AQS"
"07/05/2024","9","","NR-GA Tech","13-121-0056","AQS"
"07/06/2024","8","","NR-GA Tech","13-121-0056","AQS"
"07/07/2024","10","","NR-GA Tech","13-121-0056","AQS"
"07/08/2024","10","","NR-GA Tech","13-121-0056","AQS"
"07/09/2024","8","","NR-GA Tech","13-121-0056","AQS"
"07/10/2024","8","","NR-GA Tech","13-121-0056","AQS"
"07/11/2024","7","","NR-GA Tech","13-121-0056","AQS"
"07/12/2024","8","","South DeKalb","13-089-0002","AQS"
"07/13/2024","9","","South DeKalb","13-089-0002","AQS"
"07/14/2024","8","","NR-GA Tech","13-121-0056","AQS"
"07/15/2024","7","","NR-GA Tech","13-121-0056","AQS"
"07/16/2024","7","","NR-GA Tech","13-121-0056","AQS"
"07/17/2024","7","","NR-GA Tech","13-121-0056","AQS"
"07/18/2024","7","","NR-GA Tech","13-121-0056","AQS"
"07/19/2024","7","","NR-GA Tech","13-121-0056","AQS"
"07/20/2024","8","","NR-GA Tech","13-121-0056","AQS"
"07/21/2024","10","","NR-GA Tech","13-121-0056","AQS"
"07/22/2024","8","","NR-GA Tech","13-121-0056","AQS"
"07/23/2024","7","","NR-GA Tech","13-121-0056","AQS"
"07/24/2024","7","","NR-GA Tech","13-121-0056","AQS"
"07/25/2024","8","","NR-GA Tech","13-121-0056","AQS"
"07/26/2024","8","","NR-GA Tech","13-121-0056","AQS"
"07/27/2024","11","","NR-GA Tech","13-121-0056","AQS"
"07/28/2024","10","","NR-GA Tech","13-121-0056","AQS"
"07/29/2024","8","","NR-GA Tech","13-121-0056","AQS"
"07/30/2024","7","","NR-GA Tech","13-121-0056","AQS"
"07/31/2024","8","","NR-GA Tech","13-121-0056","AQS"
"08/01/2024","7","","NR-GA Tech","13-121-0056","AQS"
"08/02/2024","8","","NR-GA Tech","13-121-0056","AQS"
"08/03/2024","7","","NR-GA Tech","13-121-0056","AQS"
"08/04/2024","10","","NR-GA Tech","13-121-0056","AQS"
"08/05/2024","10","","NR-GA Tech","13-121-0056","AQS"
"08/06/2024","7","","NR-GA Tech","13-121-0056","AQS"
"08/07/2024","7","","NR-GA Tech","13-121-0056","AQS"
"08/08/2024","7","","NR-GA Tech","13-121-0056","AQS"
"08/09/2024","6","","NR-GA Tech","13-121-0056","AQS"
"08/10/2024","6","","NR-GA Tech","13-121-0056","AQS"
"08/11/2024","7","","NR-GA Tech","13-121-0056","AQS"
"08/12/2024","6","","NR-GA Tech","13-121-0056","AQS"
"08/13/2024","7","","NR-GA Tech","13-121-0056","AQS"
"08/14/2024","11","","NR-GA Tech","13-121-0056","AQS"
"08/15/2024","11","","NR-GA Tech","13-121-0056","AQS"
"08/16/2024","11","","NR-GA Tech","13-121-0056","AQS"
"08/17/2024","2","","South DeKalb","13-089-0002","AQS"
"08/18/2024","2","","South DeKalb","13-089-0002","AQS"
"08/19/2024","6","","NR-GA Tech","13-121-0056","AQS"
"08/20/2024","6","","NR-GA Tech","13-121-0056","AQS"
"08/21/2024","8","","NR-GA Tech","13-121-0056","AQS"
"08/22/2024","8","","NR-GA Tech","13-121-0056","AQS"
"08/23/2024","8","","NR-GA Tech","13-121-0056","AQS"
"08/24/2024","8","","NR-GA Tech","13-121-0056","AQS"
"08/25/2024","8","","South DeKalb","13-089-0002","AQS"
"08/26/2024","10","","NR-GA Tech","13-121-0056","AQS"
"08/27/2024","8","","South DeKalb","13-089-0002","AQS"
"08/28/2024","10","","NR-GA Tech","13-121-0056","AQS"
"08/29/2024","8","","NR-GA Tech","13-121-0056","AQS"
"08/30/2024","10","","NR-GA Tech","13-121-0056","AQS"
"08/31/2024","11","","NR-GA Tech","13-121-0056","AQS"
"09/01/2024","9","","NR-GA Tech","13-121-0056","AQS"
"09/02/2024","7","","NR-GA Tech","13-121-0056","AQS"
"09/03/2024","6","","NR-GA Tech","13-121-0056","AQS"
"09/04/2024","6","","NR-GA Tech","13-121-0056","AQS"
"09/05/2024","7","","NR-GA Tech","13-121-0056","AQS"
"09/06/2024","9","","NR-GA Tech","13-121-0056","AQS"
"09/07/2024","9","","NR-GA Tech","13-121-0056","AQS"
"09/08/2024","8","","NR-GA Tech","13-121-0056","AQS"
"09/09/2024","8","","NR-GA Tech","13-121-0056","AQS"
"09/10/2024","9","","NR-GA Tech","13-121-0056","AQS"
"09/11/2024","7","","NR-GA Tech","13-121-0056","AQS"
"09/12/2024","5","","NR-GA Tech","13-121-0056","AQS"
"09/13/2024","7","","NR-GA Tech","13-121-0056","AQS"
"09/14/2024","6","","NR-GA Tech","13-121-0056","AQS"
"09/15/2024","6","","NR-GA Tech","13-121-0056","AQS"
"09/16/2024","7","","NR-GA Tech","13-121-0056","AQS"
"09/17/2024","6","","NR-GA Tech","13-121-0056","AQS"
"09/18/2024","7","","NR-GA Tech","13-121-0056","AQS"
"09/19/2024","11","","NR-GA Tech","13-121-0056","AQS"
"09/20/2024","13","","NR-GA Tech","13-121-0056","AQS"
"09/21/2024","14","","NR-GA Tech","13-121-0056","AQS"
"09/22/2024","9","","NR-GA Tech","13-121-0056","AQS"
"09/23/2024","7","","NR-GA Tech","13-121-0056","AQS"
"09/24/2024","11","","NR-GA Tech","13-121-0056","AQS"
"09/25/2024","9","","NR-GA Tech","13-121-0056","AQS"
"09/26/2024","10","","NR-GA Tech","13-121-0056","AQS"
"09/27/2024","10","","NR-GA Tech","13-121-0056","AQS"
"09/28/2024","11","","NR-GA Tech","13-121-0056","AQS"
"09/29/2024","8","","NR-GA Tech","13-121-0056","AQS"
"09/30/2024","8","","NR-GA Tech","13-121-0056","AQS"
"10/01/2024","7","","NR-GA Tech","13-121-0056","AQS"
"10/02/2024","8","","NR-GA Tech","13-121-0056","AQS"
"10/03/2024","11","","NR-GA Tech","13-121-0056","AQS"
"10/04/2024","10","","NR-GA Tech","13-121-0056","AQS"
"10/05/2024","13","","NR-GA Tech","13-121-0056","AQS"
"10/06/2024","15","","NR-GA Tech","13-121-0056","AQS"
"10/07/2024","9","","South DeKalb","13-089-0002","AQS"
"10/08/2024","9","","NR-GA Tech","13-121-0056","AQS"
"10/09/2024","9","","NR-GA Tech","13-121-0056","AQS"
"10/10/2024","8","","NR-GA Tech","13-121-0056","AQS"
"10/11/2024","8","","South DeKalb","13-089-0002","AQS"
"10/12/2024","11","","South DeKalb","13-089-0002","AQS"
"10/13/2024","9","","South DeKalb","13-089-0002","AQS"
"10/14/2024","8","","NR-GA Tech","13-121-0056","AQS"
"10/15/2024","6","","NR-GA Tech","13-121-0056","AQS"
"10/16/2024","5","","NR-GA Tech","13-121-0056","AQS"
"10/17/2024","7","","South DeKalb","13-089-0002","AQS"
"10/18/2024","11","","NR-GA Tech","13-121-0056","AQS"
"10/19/2024","9","","South DeKalb","13-089-0002","AQS"
"10/20/2024","10","","South DeKalb","13-089-0002","AQS"
"10/21/2024","11","","NR-GA Tech","13-121-0056","AQS"
"10/22/2024","14","","NR-GA Tech","13-121-0056","AQS"
"10/23/2024","15","","NR-GA Tech","13-121-0056","AQS"
"10/24/2024","8","","NR-GA Tech","13-121-0056","AQS"
"10/25/2024","9","","South DeKalb","13-089-0002","AQS"
"10/26/2024","13","","South DeKalb","13-089-0002","AQS"
"10/27/2024","8","","South DeKalb","13-089-0002","AQS"
"10/28/2024","9","","NR-GA Tech","13-121-0056","AQS"
"10/29/2024","9","","NR-GA Tech","13-121-0056","AQS"
"10/30/2024","9","","NR-GA Tech","13-121-0056","AQS"
"10/31/2024","13","","NR-GA Tech","13-121-0056","AQS"
"11/01/2024","13","","NR-GA Tech","13-121-0056","AQS"
"11/02/2024","9","","NR-GA Tech","13-121-0056","AQS"
"11/03/2024","9","","South DeKalb","13-089-0002","AQS"
"11/04/2024","9","","NR-GA Tech","13-121-0056","AQS"
"11/05/2024","9","","NR-GA Tech","13-121-0056","AQS"
"11/06/2024","11","","NR-GA Tech","13-121-0056","AQS"
"11/07/2024","9","","NR-GA Tech","13-121-0056","AQS"
"11/08/2024","9","","NR-GA Tech","13-121-0056","AQS"
"11/09/2024","11","","NR-GA Tech","13-121-0056","AQS"
"11/10/2024","8","","NR-GA Tech","13-121-0056","AQS"
"11/11/2024","9","","NR-GA Tech","13-121-0056","AQS"
"11/12/2024","8","","NR-GA Tech","13-121-0056","AQS"
"11/13/2024","7","","South DeKalb","13-089-0002","AQS"
"11/14/2024","8","","NR-GA Tech","13-121-0056","AQS"
"11/15/2024","8","","NR-GA Tech","13-121-0056","AQS"
"11/16/2024","9","","NR-GA Tech","13-121-0056","AQS"
"11/17/2024","18","","NR-GA Tech","13-121-0056","AQS"
"11/18/2024","11","","South DeKalb","13-089-0002","AQS"
"11/19/2024","9","","NR-GA Tech","13-121-0056","AQS"
"11/20/2024","9","","NR-GA Tech","13-121-0056","AQS"
"11/21/2024","6","","NR-GA Tech","13-121-0056","AQS"
"11/22/2024","6","","NR-GA Tech","13-121-0056","AQS"
"11/23/2024","7","","NR-GA Tech","13-121-0056","AQS"
"11/24/2024","7","","South DeKalb","13-089-0002","AQS"
"11/25/2024","11","","South DeKalb","13-089-0002","AQS"
"11/26/2024","8","","NR-GA Tech","13-121-0056","AQS"
"11/27/2024","9","","NR-GA Tech","13-121-0056","AQS"
"11/28/2024","8","","NR-GA Tech","13-121-0056","AQS"
"11/29/2024","5","","NR-GA Tech","13-121-0056","AQS"
"11/30/2024","5","","South DeKalb","13-089-0002","AQS"
"12/01/2024","9","","South DeKalb","13-089-0002","AQS"
"12/02/2024","6","","South DeKalb","13-089-0002","AQS"
"12/03/2024","6","","NR-GA Tech","13-121-0056","AQS"
"12/04/2024","8","","NR-GA Tech","13-121-0056","AQS"
"12/05/2024","6","","NR-GA Tech","13-121-0056","AQS"
"12/06/2024","6","","NR-GA Tech","13-121-0056","AQS"
"12/07/2024","6","","South DeKalb","13-089-0002","AQS"
"12/08/2024","9","","South DeKalb","13-089-0002","AQS"
"12/09/2024","13","","NR-GA Tech","13-121-0056","AQS"
"12/10/2024","10","","NR-GA Tech","13-121-0056","AQS"
"12/11/2024","8","","NR-GA Tech","13-121-0056","AQS"
"12/12/2024","9","","NR-GA Tech","13-121-0056","AQS"
"12/13/2024","14","","South DeKalb","13-089-0002","AQS"
"12/14/2024","6","","NR-GA Tech","13-121-0056","AQS"
"12/15/2024","6","","NR-GA Tech","13-121-0056","AQS"
"12/16/2024","11","","NR-GA Tech","13-121-0056","AQS"
"12/17/2024","11","","NR-GA Tech","13-121-0056","AQS"
"12/18/2024","14","","NR-GA Tech","13-121-0056","AQS"
"12/19/2024","6","","NR-GA Tech","13-121-0056","AQS"
"12/20/2024","7","","NR-GA Tech","13-121-0056","AQS"
"12/21/2024","5","","NR-GA Tech","13-121-0056","AQS"
"12/22/2024","8","","NR-GA Tech","13-121-0056","AQS"
"12/23/2024","9","","South DeKalb","13-089-0002","AQS"
"12/24/2024","9","","South DeKalb","13-089-0002","AQS"
"12/25/2024","17","","NR-GA Tech","13-121-0056","AQS"
"12/26/2024","6","","NR-GA Tech","13-121-0056","AQS"
"12/27/2024","7","","NR-GA Tech","13-121-0056","AQS"
"12/28/2024","8","","NR-GA Tech","13-121-0056","AQS"
"12/29/2024","8","","NR-GA Tech","13-121-0056","AQS"
"12/30/2024","8","","NR-GA Tech","13-121-0056","AQS"
"12/31/2024","8","","South DeKalb","13-089-0002","AQS"
"01/01/2025","5","","NR-GA Tech","13-121-0056","AQS"
"01/02/2025","6","","NR-GA Tech","13-121-0056","AQS"
"01/03/2025","7","","South DeKalb","13-089-0002","AQS"
"01/04/2025","5","","South DeKalb","13-089-0002","AQS"
"01/05/2025","9","","NR-GA Tech","13-121-0056","AQS"
"01/06/2025","7","","NR-GA Tech","13-121-0056","AQS"
"01/07/2025","5","","NR-GA Tech","13-121-0056","AQS"
"01/08/2025","5","","NR-GA Tech","13-121-0056","AQS"
"01/09/2025","6","","NR-GA Tech","13-121-0056","AQS"
"01/10/2025","6","","NR-GA Tech","13-121-0056","AQS"
"01/11/2025","6","","NR-GA Tech","13-121-0056","AQS"
"01/12/2025","11","","NR-GA Tech","13-121-0056","AQS"
"01/13/2025","16","","NR-GA Tech","13-121-0056","AQS"
"01/14/2025","6","","NR-GA Tech","13-121-0056","AQS"
"01/15/2025","6","","NR-GA Tech","13-121-0056","AQS"
"01/16/2025","9","","South DeKalb","13-089-0002","AQS"
"01/17/2025","11","","NR-GA Tech","13-121-0056","AQS"
"01/18/2025","13","","NR-GA Tech","13-121-0056","AQS"
"01/19/2025","9","","NR-GA Tech","13-121-0056","AQS"
"01/20/2025","5","","NR-GA Tech","13-121-0056","AQS"
"01/21/2025","6","","NR-GA Tech","13-121-0056","AQS"
"01/22/2025","9","","NR-GA Tech","13-121-0056","AQS"
"01/23/2025","9","","NR-GA Tech","13-121-0056","AQS"
"01/24/2025","7","","South DeKalb","13-089-0002","AQS"
"01/25/2025","8","","South DeKalb","13-089-0002","AQS"
"01/26/2025","10","","South DeKalb","13-089-0002","AQS"
"01/27/2025","10","","NR-GA Tech","13-121-0056","AQS"
"01/28/2025","7","","NR-GA Tech","13-121-0056","AQS"
"01/29/2025","7","","NR-GA Tech","13-121-0056","AQS"
"01/30/2025","13","","NR-GA Tech","13-121-0056","AQS"
"01/31/2025","10","","NR-GA Tech","13-121-0056","AQS"
"02/01/2025","8","","NR-GA Tech","13-121-0056","AQS"
"02/02/2025","11","","South DeKalb","13-089-0002","AQS"
"02/03/2025","11","","NR-GA Tech","13-121-0056","AQS"
"02/04/2025","7","","NR-GA Tech","13-121-0056","AQS"
"02/05/2025","8","","NR-GA Tech","13-121-0056","AQS"
"02/06/2025","9","","NR-GA Tech","13-121-0056","AQS"
"02/07/2025","8","","NR-GA Tech","13-121-0056","AQS"
"02/08/2025","10","","NR-GA Tech","13-121-0056","AQS"
"02/09/2025","6","","NR-GA Tech","13-121-0056","AQS"
"02/10/2025","6","","NR-GA Tech","13-121-0056","AQS"
"02/11/2025","6","","NR-GA Tech","13-121-0056","AQS"
"02/12/2025","7","","NR-GA Tech","13-121-0056","AQS"
"02/13/2025","7","","NR-GA Tech","13-121-0056","AQS"
"02/14/2025","7","","NR-GA Tech","13-121-0056","AQS"
"02/15/2025","10","","NR-GA Tech","13-121-0056","AQS"
"02/16/2025","10","","NR-GA Tech","13-121-0056","AQS"
"02/17/2025","5","","NR-GA Tech","13-121-0056","AQS"
"02/18/2025","10","","NR-GA Tech","13-121-0056","AQS"
"02/19/2025","11","","NR-GA Tech","13-121-0056","AQS"
"02/20/2025","6","","NR-GA Tech","13-121-0056","AQS"
"02/21/2025","6","","NR-GA Tech","13-121-0056","AQS"
"02/22/2025","11","","NR-GA Tech","13-121-0056","AQS"
"02/23/2025","8","","NR-GA Tech","13-121-0056","AQS"
"02/24/2025","10","","NR-GA Tech","13-121-0056","AQS"
"02/25/2025","14","","NR-GA Tech","13-121-0056","AQS"
"02/26/2025","8","","South DeKalb","13-089-0002","AQS"
"02/27/2025","9","","South DeKalb","13-089-0002","AQS"
"02/28/2025","7","","NR-GA Tech","13-121-0056","AQS"
"03/01/2025","7","","South DeKalb","13-089-0002","AQS"
"03/02/2025","6","","NR-GA Tech","13-121-0056","AQS"
"03/03/2025","9","","NR-GA Tech","13-121-0056","AQS"
"03/04/2025","10","","NR-GA Tech","13-121-0056","AQS"
"03/05/2025","8","","NR-GA Tech","13-121-0056","AQS"
"03/06/2025","6","","NR-GA Tech","13-121-0056","AQS"
"03/07/2025","7","","NR-GA Tech","13-121-0056","AQS"
"03/08/2025","7","","NR-GA Tech","13-121-0056","AQS"
"03/09/2025","8","","NR-GA Tech","13-121-0056","AQS"
"03/10/2025","8","","NR-GA Tech","13-121-0056","AQS"
"03/11/2025","8","","NR-GA Tech","13-121-0056","AQS"
"03/12/2025","9","","South DeKalb","13-089-0002","AQS"
"03/13/2025","8","","South DeKalb","13-089-0002","AQS"
"03/14/2025","9","","NR-GA Tech","13-121-0056","AQS"
"03/15/2025","10","","NR-GA Tech","13-121-0056","AQS"
"03/16/2025","7","","NR-GA Tech","13-121-0056","AQS"
"03/17/2025","5","","NR-GA Tech","13-121-0056","AQS"
"03/18/2025","7","","South DeKalb","13-089-0002","AQS"
"03/19/2025","8","","South DeKalb","13-089-0002","AQS"
"03/20/2025","7","","NR-GA Tech","13-121-0056","AQS"
"03/21/2025","6","","NR-GA Tech","13-121-0056","AQS"
"03/22/2025","7","","South DeKalb","13-089-0002","AQS"
"03/23/2025","9","","NR-GA Tech","13-121-0056","AQS"
"03/24/2025","8","","NR-GA Tech","13-121-0056","AQS"
"03/25/2025","7","","South DeKalb","13-089-0002","AQS"
"03/26/2025","6","","NR-GA Tech","13-121-0056","AQS"
"03/27/2025","10","","NR-GA Tech","13-121-0056","AQS"
"03/28/2025","11","","NR-GA Tech","13-121-0056","AQS"
"03/29/2025","13","","NR-GA Tech","13-121-0056","AQS"
"03/30/2025","14","","NR-GA Tech","13-121-0056","AQS"
"03/31/2025","9","","NR-GA Tech","13-121-0056","AQS"
"04/01/2025","11","","NR-GA Tech","13-121-0056","AQS"
"04/02/2025","11","","NR-GA Tech","13-121-0056","AQS"
"04/03/2025","10","","NR-GA Tech","13-121-0056","AQS"
"04/04/2025","11","","NR-GA Tech","13-121-0056","AQS"
"04/05/2025","13","","NR-GA Tech","13-121-0056","AQS"
"04/06/2025","9","","NR-GA Tech","13-121-0056","AQS"
"04/07/2025","7","","NR-GA Tech","13-121-0056","AQS"
"04/08/2025","6","","NR-GA Tech","13-121-0056","AQS"
"04/09/2025","10","","NR-GA Tech","13-121-0056","AQS"
"04/10/2025","10","","NR-GA Tech","13-121-0056","AQS"
"04/11/2025","6","","NR-GA Tech","13-121-0056","AQS"
"04/12/2025","5","","NR-GA Tech","13-121-0056","AQS"
"04/13/2025","8","","NR-GA Tech","13-121-0056","AQS"
"04/14/2025","7","","NR-GA Tech","13-121-0056","AQS"
"04/15/2025","6","","NR-GA Tech","13-121-0056","AQS"
"04/16/2025","6","","NR-GA Tech","13-121-0056","AQS"
"04/17/2025","9","","NR-GA Tech","13-121-0056","AQS"
"04/18/2025","11","","NR-GA Tech","13-121-0056","AQS"
"04/19/2025","13","","NR-GA Tech","13-121-0056","AQS"
"04/20/2025","11","","NR-GA Tech","13-121-0056","AQS"
"04/21/2025","10","","NR-GA Tech","13-121-0056","AQS"
"04/22/2025","8","","NR-GA Tech","13-121-0056","AQS"
"04/23/2025","11","","NR-GA Tech","13-121-0056","AQS"
"04/24/2025","9","","NR-GA Tech","13-121-0056","AQS"
"04/25/2025","10","","NR-GA Tech","13-121-0056","AQS"
"04/26/2025","9","","NR-GA Tech","13-121-0056","AQS"
"04/27/2025","9","","NR-GA Tech","13-121-0056","AQS"
"04/28/2025","9","","NR-GA Tech","13-121-0056","AQS"
"04/29/2025","9","","NR-GA Tech","13-121-0056","AQS"
"04/30/2025","11","","NR-GA Tech","13-121-0056","AQS"
"05/01/2025","10","","NR-GA Tech","13-121-0056","AQS"
"05/02/2025","7","","NR-GA Tech","13-121-0056","AQS"
"05/03/2025","9","","NR-GA Tech","13-121-0056","AQS"
"05/04/2025","7","","NR-GA Tech","13-121-0056","AQS"
"05/05/2025","6","","NR-GA Tech","13-121-0056","AQS"
"05/06/2025","10","","NR-GA Tech","13-121-0056","AQS"
"05/07/2025","9","","NR-GA Tech","13-121-0056","AQS"
"05/08/2025","9","","NR-GA Tech","13-121-0056","AQS"
"05/09/2025","7","","NR-GA Tech","13-121-0056","AQS"
"05/10/2025","9","","NR-GA Tech","13-121-0056","AQS"
"05/11/2025","7","","NR-GA Tech","13-121-0056","AQS"
"05/12/2025","10","","NR-GA Tech","13-121-0056","AQS"
"05/13/2025","9","","NR-GA Tech","13-121-0056","AQS"
"05/14/2025","8","","NR-GA Tech","13-121-0056","AQS"
"05/15/2025","8","","NR-GA Tech","13-121-0056","AQS"
"05/16/2025","7","","NR-GA Tech","13-121-0056","AQS"
"05/17/2025","8","","NR-GA Tech","13-121-0056","AQS"
"05/18/2025","7","","NR-GA Tech","13-121-0056","AQS"
"05/19/2025","7","","NR-GA Tech","13-121-0056","AQS"
"05/20/2025","8","","NR-GA Tech","13-121-0056","AQS"
"05/21/2025","7","","NR-GA Tech","13-121-0056","AQS"
"05/22/2025","6","","NR-GA Tech","13-121-0056","AQS"
"05/23/2025","6","","NR-GA Tech","13-121-0056","AQS"
"05/24/2025","8","","NR-GA Tech","13-121-0056","AQS"
"05/25/2025","9","","NR-GA Tech","13-121-0056","AQS"
"05/26/2025","11","","NR-GA Tech","13-121-0056","AQS"
"05/27/2025","10","","NR-GA Tech","13-121-0056","AQS"
"05/28/2025","13","","NR-GA Tech","13-121-0056","AQS"
"05/29/2025","14","","NR-GA Tech","13-121-0056","AQS"
"05/30/2025","8","","NR-GA Tech","13-121-0056","AQS"
"05/31/2025","8","","NR-GA Tech","13-121-0056","AQS"
"06/01/2025","9","","NR-GA Tech","13-121-0056","AQS"
"06/02/2025","9","","NR-GA Tech","13-121-0056","AQS"
"06/03/2025","7","","South DeKalb","13-089-0002","AQS"
"06/04/2025","3","","South DeKalb","13-089-0002","AQS"
"06/05/2025","6","","NR-GA Tech","13-121-0056","AQS"
"06/06/2025","6","","South DeKalb","13-089-0002","AQS"
"06/07/2025","7","","NR-GA Tech","13-121-0056","AQS"
"06/08/2025","7","","NR-GA Tech","13-121-0056","AQS"
"06/09/2025","6","","NR-GA Tech","13-121-0056","AQS"
"06/10/2025","6","","NR-GA Tech","13-121-0056","AQS"
"06/11/2025","9","","NR-GA Tech","13-121-0056","AQS"
"06/12/2025","9","","NR-GA Tech","13-121-0056","AQS"
"06/13/2025","8","","NR-GA Tech","13-121-0056","AQS"
"06/14/2025","7","","NR-GA Tech","13-121-0056","AQS"
"06/15/2025","8","","NR-GA Tech","13-121-0056","AQS"
"06/16/2025","6","","NR-GA Tech","13-121-0056","AQS"
"06/17/2025","6","","NR-GA Tech","13-121-0056","AQS"
"06/18/2025","6","","NR-GA Tech","13-121-0056","AQS"
"06/19/2025","6","","NR-GA Tech","13-121-0056","AQS"
"06/20/2025","6","","NR-GA Tech","13-121-0056","AQS"
"06/21/2025","9","","South DeKalb","13-089-0002","AQS"
"06/22/2025","11","","NR-GA Tech","13-121-0056","AQS"
"06/23/2025","13","","NR-GA Tech","13-121-0056","AQS"
"06/24/2025","9","","NR-GA Tech","13-121-0056","AQS"
"06/25/2025","9","","NR-GA Tech","13-121-0056","AQS"
"06/26/2025","7","","NR-GA Tech","13-121-0056","AQS"
"06/27/2025","6","","NR-GA Tech","13-121-0056","AQS"
"06/28/2025","7","","NR-GA Tech","13-121-0056","AQS"
"06/29/2025","7","","NR-GA Tech","13-121-0056","AQS"
"06/30/2025","7","","NR-GA Tech","13-121-0056","AQS"
"07/01/2025","6","","NR-GA Tech","13-121-0056","AQS"
"07/02/2025","6","","NR-GA Tech","13-121-0056","AQS"
"07/03/2025","6","","NR-GA Tech","13-121-0056","AQS"
"07/04/2025","9","","NR-GA Tech","13-121-0056","AQS"
"07/05/2025","9","","NR-GA Tech","13-121-0056","AQS"
"07/06/2025","8","","South DeKalb","13-089-0002","AQS"
"07/07/2025","7","","NR-GA Tech","13-121-0056","AQS"
"07/08/2025","7","","South DeKalb","13-089-0002","AQS"
"07/09/2025","6","","NR-GA Tech","13-121-0056","AQS"
"07/10/2025","7","","NR-GA Tech","13-121-0056","AQS"
"07/11/2025","6","","NR-GA Tech","13-121-0056","AQS"
"07/12/2025","7","","NR-GA Tech","13-121-0056","AQS"
"07/13/2025","6","","South DeKalb","13-089-0002","AQS"
"07/14/2025","6","","NR-GA Tech","13-121-0056","AQS"
"07/15/2025","8","","NR-GA Tech","13-121-0056","AQS"
"07/16/2025","8","","NR-GA Tech","13-121-0056","AQS"
"07/17/2025","8","","NR-GA Tech","13-121-0056","AQS"
"07/18/2025","6","","NR-GA Tech","13-121-0056","AQS"
"07/19/2025","5","","NR-GA Tech","13-121-0056","AQS"
"07/20/2025","6","","NR-GA Tech","13-121-0056","AQS"
"07/21/2025","6","","NR-GA Tech","13-121-0056","AQS"
"07/22/2025","6","","NR-GA Tech","13-121-0056","AQS"
"07/23/2025","7","","NR-GA Tech","13-121-0056","AQS"
"07/24/2025","9","","NR-GA Tech","13-121-0056","AQS"
"07/25/2025","10","","NR-GA Tech","13-121-0056","AQS"
"07/26/2025","6","","NR-GA Tech","13-121-0056","AQS"
"07/27/2025","6","","NR-GA Tech","13-121-0056","AQS"
"07/28/2025","6","","NR-GA Tech","13-121-0056","AQS"
"07/29/2025","3","","South DeKalb","13-089-0002","AQS"
"07/30/2025","2","","South DeKalb","13-089-0002","AQS"
"07/31/2025","3","","South DeKalb","13-089-0002","AQS"
"08/01/2025","3","","South DeKalb","13-089-0002","AQS"
"08/02/2025","3","","South DeKalb","13-089-0002","AQS"
"08/03/2025","2","","South DeKalb","13-089-0002","AQS"
"08/04/2025","2","","South DeKalb","13-089-0002","AQS"
"08/05/2025","2","","South DeKalb","13-089-0002","AQS"
"08/06/2025","2","","South DeKalb","13-089-0002","AQS"
"08/07/2025","7","","NR-GA Tech","13-121-0056","AQS"
"08/08/2025","8","","NR-GA Tech","13-121-0056","AQS"
"08/09/2025","7","","NR-GA Tech","13-121-0056","AQS"
"08/10/2025","7","","NR-GA Tech","13-121-0056","AQS"
"08/11/2025","7","","NR-GA Tech","13-121-0056","AQS"
"08/12/2025","9","","NR-GA Tech","13-121-0056","AQS"
"08/13/2025","7","","NR-GA Tech","13-121-0056","AQS"
"08/14/2025","5","","South DeKalb","13-089-0002","AQS"
"08/15/2025","6","","South DeKalb","13-089-0002","AQS"
"08/16/2025","6","","NR-GA Tech","13-121-0056","AQS"
"08/17/2025","6","","NR-GA Tech","13-121-0056","AQS"
"08/18/2025","9","","NR-GA Tech","13-121-0056","AQS"
"08/19/2025","9","","NR-GA Tech","13-121-0056","AQS"
"08/20/2025","8","","NR-GA Tech","13-121-0056","AQS"
"08/21/2025","7","","NR-GA Tech","13-121-0056","AQS"
"08/22/2025","8","","NR-GA Tech","13-121-0056","AQS"
"08/23/2025","7","","NR-GA Tech","13-121-0056","AQS"
"08/24/2025","8","","NR-GA Tech","13-121-0056","AQS"
"08/25/2025","6","","NR-GA Tech","13-121-0056","AQS"
"08/26/2025","5","","NR-GA Tech","13-121-0056","AQS"
"08/27/2025","7","","NR-GA Tech","13-121-0056","AQS"
"08/28/2025","8","","NR-GA Tech","13-121-0056","AQS"
"08/29/2025","8","","NR-GA Tech","13-121-0056","AQS"
"08/30/2025","9","","NR-GA Tech","13-121-0056","AQS"
"08/31/2025","10","","NR-GA Tech","13-121-0056","AQS"
"09/01/2025","7","","NR-GA Tech","13-121-0056","AQS"
"09/02/2025","8","","NR-GA Tech","13-121-0056","AQS"
"09/03/2025","8","","NR-GA Tech","13-121-0056","AQS"
"09/04/2025","7","","NR-GA Tech","13-121-0056","AQS"
"09/05/2025","7","","NR-GA Tech","13-121-0056","AQS"
"09/06/2025","6","","NR-GA Tech","13-121-0056","AQS"
"09/07/2025","6","","NR-GA Tech","13-121-0056","AQS"
"09/08/2025","6","","NR-GA Tech","13-121-0056","AQS"
"09/09/2025","7","","NR-GA Tech","13-121-0056","AQS"
"09/10/2025","7","","NR-GA Tech","13-121-0056","AQS"
"09/11/2025","7","","South DeKalb","13-089-0002","AQS"
"09/12/2025","8","","NR-GA Tech","13-121-0056","AQS"
"09/13/2025","9","","NR-GA Tech","13-121-0056","AQS"
"09/14/2025","9","","NR-GA Tech","13-121-0056","AQS"
"09/15/2025","10","","NR-GA Tech","13-121-0056","AQS"
"09/16/2025","9","","NR-GA Tech","13-121-0056","AQS"
"09/17/2025","9","","NR-GA Tech","13-121-0056","AQS"
"09/18/2025","7","","NR-GA Tech","13-121-0056","AQS"
"09/19/2025","7","","South DeKalb","13-089-0002","AQS"
"09/22/2025","2","","South DeKalb","13-089-0002","AQS"
"09/23/2025","5","","South DeKalb","13-089-0002","AQS"
"09/24/2025","6","","South DeKalb","13-089-0002","AQS"
"09/25/2025","2","","South DeKalb","13-089-0002","AQS"
"09/26/2025","2","","South DeKalb","13-089-0002","AQS"
"09/27/2025","3","","South DeKalb","13-089-0002","AQS"
"09/28/2025","5","","South DeKalb","13-089-0002","AQS"
"09/29/2025","7","","NR-GA Tech","13-121-0056","AQS"
"09/30/2025","8","","NR-GA Tech","13-121-0056","AQS"
"10/01/2025","7","","NR-GA Tech","13-121-0056","AQS"
"10/02/2025","6","","NR-GA Tech","13-121-0056","AQS"
"10/03/2025","7","","NR-GA Tech","13-121-0056","AQS"
"10/04/2025","7","","NR-GA Tech","13-121-0056","AQS"
"10/05/2025","7","","NR-GA Tech","13-121-0056","AQS"
"10/06/2025","7","","NR-GA Tech","13-121-0056","AQS"
"10/07/2025","9","","NR-GA Tech","13-121-0056","AQS"
"10/08/2025","9","","NR-GA Tech","13-121-0056","AQS"
"10/09/2025","6","","NR-GA Tech","13-121-0056","AQS"
"10/10/2025","6","","NR-GA Tech","13-121-0056","AQS"
"10/11/2025","7","","NR-GA Tech","13-121-0056","AQS"
"10/12/2025","9","","NR-GA Tech","13-121-0056","AQS"
"10/13/2025","7","","South DeKalb","13-089-0002","AQS"
"10/14/2025","7","","NR-GA Tech","13-121-0056","AQS"
"10/15/2025","9","","NR-GA Tech","13-121-0056","AQS"
"10/16/2025","10","","NR-GA Tech","13-121-0056","AQS"
"10/17/2025","10","","NR-GA Tech","13-121-0056","AQS"
"10/18/2025","10","","NR-GA Tech","13-121-0056","AQS"
"10/19/2025","11","","NR-GA Tech","13-121-0056","AQS"
"10/20/2025","7","","NR-GA Tech","13-121-0056","AQS"
"10/21/2025","8","","South DeKalb","13-089-0002","AQS"
"10/22/2025","7","","NR-GA Tech","13-121-0056","AQS"
"10/23/2025","6","","NR-GA Tech","13-121-0056","AQS"
"10/24/2025","7","","South DeKalb","13-089-0002","AQS"
"10/25/2025","8","","NR-GA Tech","13-121-0056","AQS"
"10/26/2025","7","","NR-GA Tech","13-121-0056","AQS"
"10/27/2025","7","","NR-GA Tech","13-121-0056","AQS"
"10/28/2025","8","","NR-GA Tech","13-121-0056","AQS"
"10/29/2025","7","","NR-GA Tech","13-121-0056","AQS"
"10/30/2025","7","","NR-GA Tech","13-121-0056","AQS"
"10/31/2025","7","","NR-GA Tech","13-121-0056","AQS"
"11/01/2025","10","","NR-GA Tech","13-121-0056","AQS"
"11/02/2025","11","","NR-GA Tech","13-121-0056","AQS"
"11/03/2025","7","","NR-GA Tech","13-121-0056","AQS"
"11/04/2025","13","","NR-GA Tech","13-121-0056","AQS"
"11/05/2025","14","","NR-GA Tech","13-121-0056","AQS"
"11/06/2025","9","","NR-GA Tech","13-121-0056","AQS"
"11/07/2025","10","","NR-GA Tech","13-121-0056","AQS"
"11/08/2025","8","","NR-GA Tech","13-121-0056","AQS"
"11/09/2025","9","","NR-GA Tech","13-121-0056","AQS"
"11/10/2025","5","","NR-GA Tech","13-121-0056","AQS"
"11/11/2025","6","","NR-GA Tech","13-121-0056","AQS"
"11/12/2025","7","","NR-GA Tech","13-121-0056","AQS"
"11/13/2025","7","","South DeKalb","13-089-0002","AQS"
"11/14/2025","10","","NR-GA Tech","13-121-0056","AQS"
"11/15/2025","11","","South DeKalb","13-089-0002","AQS"
"11/16/2025","6","","NR-GA Tech","13-121-0056","AQS"
"11/17/2025","6","","NR-GA Tech","13-121-0056","AQS"
"11/18/2025","11","","NR-GA Tech","13-121-0056","AQS"
"11/19/2025","9","","South DeKalb","13-089-0002","AQS"
"11/20/2025","7","","NR-GA Tech","13-121-0056","AQS"
"11/21/2025","8","","South DeKalb","13-089-0002","AQS"
"11/22/2025","8","","NR-GA Tech","13-121-0056","AQS"
"11/23/2025","8","","NR-GA Tech","13-121-0056","AQS"
"11/24/2025","11","","NR-GA Tech","13-121-0056","AQS"
"11/25/2025","9","","NR-GA Tech","13-121-0056","AQS"
"11/26/2025","8","","NR-GA Tech","13-121-0056","AQS"
"11/27/2025","5","","NR-GA Tech","13-121-0056","AQS"
"11/28/2025","5","","South DeKalb","13-089-0002","AQS"
"11/29/2025","8","","South DeKalb","13-089-0002","AQS"
"11/30/2025","7","","NR-GA Tech","13-121-0056","AQS"
"12/01/2025","7","","NR-GA Tech","13-121-0056","AQS"
"12/02/2025","8","","NR-GA Tech","13-121-0056","AQS"
"12/03/2025","7","","NR-GA Tech","13-121-0056","AQS"
"12/04/2025","8","","NR-GA Tech","13-121-0056","AQS"
"12/05/2025","10","","NR-GA Tech","13-121-0056","AQS"
"12/06/2025","7","","NR-GA Tech","13-121-0056","AQS"
"12/07/2025","15","","NR-GA Tech","13-121-0056","AQS"
"12/08/2025","8","","NR-GA Tech","13-121-0056","AQS"
"12/09/2025","8","","NR-GA Tech","13-121-0056","AQS"
"12/10/2025","8","","NR-GA Tech","13-121-0056","AQS"
"12/11/2025","6","","NR-GA Tech","13-121-0056","AQS"
"12/12/2025","10","","South DeKalb","13-089-0002","AQS"
"12/13/2025","13","","South DeKalb","13-089-0002","AQS"
"12/14/2025","3","","NR-GA Tech","13-121-0056","AQS"
"12/15/2025","7","","NR-GA Tech","13-121-0056","AQS"
"12/16/2025","9","","South DeKalb","13-089-0002","AQS"
"12/17/2025","22","","NR-GA Tech","13-121-0056","AQS"
"12/18/2025","10","","NR-GA Tech","13-121-0056","AQS"
"12/19/2025","7","","NR-GA Tech","13-121-0056","AQS"
"12/20/2025","13","","NR-GA Tech","13-121-0056","AQS"
"12/21/2025","16","","NR-GA Tech","13-121-0056","AQS"
"12/22/2025","10","","NR-GA Tech","13-121-0056","AQS"
"12/23/2025","9","","NR-GA Tech","13-121-0056","AQS"
"12/24/2025","10","","NR-GA Tech","13-121-0056","AQS"
"12/25/2025","10","","South DeKalb","13-089-0002","AQS"
"12/26/2025","7","","NR-GA Tech","13-121-0056","AQS"
"12/27/2025","6","","NR-GA Tech","13-121-0056","AQS"
"12/28/2025","8","","NR-GA Tech","13-121-0056","AQS"
"12/29/2025","7","","NR-GA Tech","13-121-0056","AQS"
"12/30/2025","3","","NR-GA Tech","13-121-0056","AQS"
"12/31/2025","7","","NR-GA Tech","13-121-0056","AQS"
