"Date","Source","Site ID","POC","Daily Max 8-hour Ozone Concentration","Units","Daily AQI Value","Local Site Name","Daily Obs Count","Percent Complete","AQS Parameter Code","AQS Parameter Description","Method Code","CBSA Code","CBSA Name","State FIPS Code","State","County FIPS Code","County","Site Latitude","Site Longitude"
"03/01/1990","AQS","130850001","2","0.037","ppm","34","Dawsonville","17","100.0000","44201","Ozone","014","12060","Atlanta-Sandy Springs-Roswell, GA","13","Georgia","085","Dawson","34.3762272381086","-84.0595064747239"
"03/02/1990","AQS","130850001","2","0.028","ppm","26","Dawsonville","17","100.0000","44201","Ozone","014","12060","Atlanta-Sandy Springs-Roswell, GA","13","Georgia","085","Dawson","34.3762272381086","-84.0595064747239"
"03/03/1990","AQS","130850001","2","0.042","ppm","39","Dawsonville","17","100.0000","44201","Ozone","014","12060","Atlanta-Sandy Springs-Roswell, GA","13","Georgia","085","Dawson","34.3762272381086","-84.0595064747239"
"03/04/1990","AQS","130850001","2","0.052","ppm","48","Dawsonville","17","100.0000","44201","Ozone","014","12060","Atlanta-Sandy Springs-Roswell, GA","13","Georgia","085","Dawson","34.3762272381086","-84.0595064747239"
"03/05/1990","AQS","130850001","2","0.06","ppm","67","Dawsonville","17","100.0000","44201","Ozone","014","12060","Atlanta-Sandy Springs-Roswell, GA","13","Georgia","085","Dawson","34.3762272381086","-84.0595064747239"
"03/06/1990","AQS","130850001","2","0.063","ppm","77","Dawsonville","16","94.0000","44201","Ozone","014","12060","Atlanta-Sandy Springs-Roswell, GA","13","Georgia","085","Dawson","34.3762272381086","-84.0595064747239"
"03/07/1990","AQS","130850001","2","0.034","ppm","31","Dawsonville","17","100.0000","44201","Ozone","014","12060","Atlanta-Sandy Springs-Roswell, GA","13","Georgia","085","Dawson","34.3762272381086","-84.0595064747239"
"03/08/1990","AQS","130850001","2","0.026","ppm","24","Dawsonville","17","100.0000","44201","Ozone","014","12060","Atlanta-Sandy Springs-Roswell, GA","13","Georgia","085","Dawson","34.3762272381086","-84.0595064747239"
"03/09/1990","AQS","130850001","2","0.019","ppm","18","Dawsonville","17","100.0000","44201","Ozone","014","12060","Atlanta-Sandy Springs-Roswell, GA","13","Georgia","085","Dawson","34.3762272381086","-84.0595064747239"
"03/10/1990","AQS","130850001","2","0.037","ppm","34","Dawsonville","17","100.0000","44201","Ozone","014","12060","Atlanta-Sandy Springs-Roswell, GA","13","Georgia","085","Dawson","34.3762272381086","-84.0595064747239"
"03/11/1990","AQS","130850001","2","0.064","ppm","80","Dawsonville","17","100.0000","44201","Ozone","014","12060","Atlanta-Sandy Springs-Roswell, GA","13","Georgia","085","Dawson","34.3762272381086","-84.0595064747239"
"03/12/1990","AQS","130850001","2","0.043","ppm","40","Dawsonville","17","100.0000","44201","Ozone","014","12060","Atlanta-Sandy Springs-Roswell, GA","13","Georgia","085","Dawson","34.3762272381086","-84.0595064747239"
"03/13/1990","AQS","130850001","2","0.066","ppm","87","Dawsonville","16","94.0000","44201","Ozone","014","12060","Atlanta-Sandy Springs-Roswell, GA","13","Georgia","085","Dawson","34.3762272381086","-84.0595064747239"
"03/14/1990","AQS","130850001","2","0.053","ppm","49","Dawsonville","17","100.0000","44201","Ozone","014","12060","Atlanta-Sandy Springs-Roswell, GA","13","Georgia","085","Dawson","34.3762272381086","-84.0595064747239"
"03/15/1990","AQS","130850001","2","0.042","ppm","39","Dawsonville","17","100.0000","44201","Ozone","014","12060","Atlanta-Sandy Springs-Roswell, GA","13","Georgia","085","Dawson","34.3762272381086","-84.0595064747239"
"03/16/1990","AQS","130850001","2","0.03","ppm","28","Dawsonville","17","100.0000","44201","Ozone","014","12060","Atlanta-Sandy Springs-Roswell, GA","13","Georgia","085","Dawson","34.3762272381086","-84.0595064747239"
"03/17/1990","AQS","130850001","2","0.047","ppm","44","Dawsonville","17","100.0000","44201","Ozone","014","12060","Atlanta-Sandy Springs-Roswell, GA","13","Georgia","085","Dawson","34.3762272381086","-84.0595064747239"
"03/18/1990","AQS","130850001","2","0.046","ppm","43","Dawsonville","17","100.0000","44201","Ozone","014","12060","Atlanta-Sandy Springs-Roswell, GA","13","Georgia","085","Dawson","34.3762272381086","-84.0595064747239"
"03/19/1990","AQS","130850001","2","0.048","ppm","44","Dawsonville","17","100.0000","44201","Ozone","014","12060","Atlanta-Sandy Springs-Roswell, GA","13","Georgia","085","Dawson","34.3762272381086","-84.0595064747239"
"03/20/1990","AQS","130850001","2","0.042","ppm","39","Dawsonville","16","94.0000","44201","Ozone","014","12060","Atlanta-Sandy Springs-Roswell, GA","13","Georgia","085","Dawson","34.3762272381086","-84.0595064747239"
"03/21/1990","AQS","130850001","2","0.049","ppm","45","Dawsonville","17","100.0000","44201","Ozone","014","12060","Atlanta-Sandy Springs-Roswell, GA","13","Georgia","085","Dawson","34.3762272381086","-84.0595064747239"
"03/22/1990","AQS","130850001","2","0.065","ppm","84","Dawsonville","17","100.0000","44201","Ozone","014","12060","Atlanta-Sandy Springs-Roswell, GA","13","Georgia","085","Dawson","34.3762272381086","-84.0595064747239"
"03/23/1990","AQS","130850001","2","0.072","ppm","105","Dawsonville","17","100.0000","44201","Ozone","014","12060","Atlanta-Sandy Springs-Roswell, GA","13","Georgia","085","Dawson","34.3762272381086","-84.0595064747239"
"03/24/1990","AQS","130850001","2","0.07","ppm","100","Dawsonville","17","100.0000","44201","Ozone","014","12060","Atlanta-Sandy Springs-Roswell, GA","13","Georgia","085","Dawson","34.3762272381086","-84.0595064747239"
"03/25/1990","AQS","130850001","2","0.048","ppm","44","Dawsonville","17","100.0000","44201","Ozone","014","12060","Atlanta-Sandy Springs-Roswell, GA","13","Georgia","085","Dawson","34.3762272381086","-84.0595064747239"
"03/26/1990","AQS","130850001","2","0.03","ppm","28","Dawsonville","17","100.0000","44201","Ozone","014","12060","Atlanta-Sandy Springs-Roswell, GA","13","Georgia","085","Dawson","34.3762272381086","-84.0595064747239"
"03/27/1990","AQS","130850001","2","0.055","ppm","51","Dawsonville","16","94.0000","44201","Ozone","014","12060","Atlanta-Sandy Springs-Roswell, GA","13","Georgia","085","Dawson","34.3762272381086","-84.0595064747239"
"03/28/1990","AQS","130850001","2","0.064","ppm","80","Dawsonville","17","100.0000","44201","Ozone","014","12060","Atlanta-Sandy Springs-Roswell, GA","13","Georgia","085","Dawson","34.3762272381086","-84.0595064747239"
"03/29/1990","AQS","130850001","2","0.042","ppm","39","Dawsonville","17","100.0000","44201","Ozone","014","12060","Atlanta-Sandy Springs-Roswell, GA","13","Georgia","085","Dawson","34.3762272381086","-84.0595064747239"
"03/30/1990","AQS","130850001","2","0.03","ppm","28","Dawsonville","17","100.0000","44201","Ozone","014","12060","Atlanta-Sandy Springs-Roswell, GA","13","Georgia","085","Dawson","34.3762272381086","-84.0595064747239"
"03/31/1990","AQS","130850001","2","0.043","ppm","40","Dawsonville","17","100.0000","44201","Ozone","014","12060","Atlanta-Sandy Springs-Roswell, GA","13","Georgia","085","Dawson","34.3762272381086","-84.0595064747239"
"04/01/1990","AQS","130850001","2","0.05","ppm","46","Dawsonville","17","100.0000","44201","Ozone","014","12060","Atlanta-Sandy Springs-Roswell, GA","13","Georgia","085","Dawson","34.3762272381086","-84.0595064747239"
"04/02/1990","AQS","130850001","2","0.051","ppm","47","Dawsonville","17","100.0000","44201","Ozone","014","12060","Atlanta-Sandy Springs-Roswell, GA","13","Georgia","085","Dawson","34.3762272381086","-84.0595064747239"
"04/03/1990","AQS","130850001","2","0.038","ppm","35","Dawsonville","16","94.0000","44201","Ozone","014","12060","Atlanta-Sandy Springs-Roswell, GA","13","Georgia","085","Dawson","34.3762272381086","-84.0595064747239"
"04/04/1990","AQS","130850001","2","0.056","ppm","54","Dawsonville","17","100.0000","44201","Ozone","014","12060","Atlanta-Sandy Springs-Roswell, GA","13","Georgia","085","Dawson","34.3762272381086","-84.0595064747239"
"04/05/1990","AQS","130850001","2","0.067","ppm","90","Dawsonville","17","100.0000","44201","Ozone","014","12060","Atlanta-Sandy Springs-Roswell, GA","13","Georgia","085","Dawson","34.3762272381086","-84.0595064747239"
"04/06/1990","AQS","130850001","2","0.051","ppm","47","Dawsonville","17","100.0000","44201","Ozone","014","12060","Atlanta-Sandy Springs-Roswell, GA","13","Georgia","085","Dawson","34.3762272381086","-84.0595064747239"
"04/07/1990","AQS","130850001","2","0.048","ppm","44","Dawsonville","17","100.0000","44201","Ozone","014","12060","Atlanta-Sandy Springs-Roswell, GA","13","Georgia","085","Dawson","34.3762272381086","-84.0595064747239"
"04/08/1990","AQS","130850001","2","0.057","ppm","58","Dawsonville","17","100.0000","44201","Ozone","014","12060","Atlanta-Sandy Springs-Roswell, GA","13","Georgia","085","Dawson","34.3762272381086","-84.0595064747239"
"04/09/1990","AQS","130850001","2","0.069","ppm","97","Dawsonville","17","100.0000","44201","Ozone","014","12060","Atlanta-Sandy Springs-Roswell, GA","13","Georgia","085","Dawson","34.3762272381086","-84.0595064747239"
"04/10/1990","AQS","130850001","2","0.041","ppm","38","Dawsonville","16","94.0000","44201","Ozone","014","12060","Atlanta-Sandy Springs-Roswell, GA","13","Georgia","085","Dawson","34.3762272381086","-84.0595064747239"
"04/11/1990","AQS","130850001","2","0.046","ppm","43","Dawsonville","17","100.0000","44201","Ozone","014","12060","Atlanta-Sandy Springs-Roswell, GA","13","Georgia","085","Dawson","34.3762272381086","-84.0595064747239"
"04/12/1990","AQS","130850001","2","0.051","ppm","47","Dawsonville","17","100.0000","44201","Ozone","014","12060","Atlanta-Sandy Springs-Roswell, GA","13","Georgia","085","Dawson","34.3762272381086","-84.0595064747239"
"04/13/1990","AQS","130850001","2","0.062","ppm","74","Dawsonville","17","100.0000","44201","Ozone","014","12060","Atlanta-Sandy Springs-Roswell, GA","13","Georgia","085","Dawson","34.3762272381086","-84.0595064747239"
"04/14/1990","AQS","130850001","2","0.066","ppm","87","Dawsonville","17","100.0000","44201","Ozone","014","12060","Atlanta-Sandy Springs-Roswell, GA","13","Georgia","085","Dawson","34.3762272381086","-84.0595064747239"
"04/15/1990","AQS","130850001","2","0.05","ppm","46","Dawsonville","17","100.0000","44201","Ozone","014","12060","Atlanta-Sandy Springs-Roswell, GA","13","Georgia","085","Dawson","34.3762272381086","-84.0595064747239"
"04/16/1990","AQS","130850001","2","0.056","ppm","54","Dawsonville","17","100.0000","44201","Ozone","014","12060","Atlanta-Sandy Springs-Roswell, GA","13","Georgia","085","Dawson","34.3762272381086","-84.0595064747239"
"04/17/1990","AQS","130850001","2","0.064","ppm","80","Dawsonville","16","94.0000","44201","Ozone","014","12060","Atlanta-Sandy Springs-Roswell, GA","13","Georgia","085","Dawson","34.3762272381086","-84.0595064747239"
"04/18/1990","AQS","130850001","2","0.056","ppm","54","Dawsonville","17","100.0000","44201","Ozone","014","12060","Atlanta-Sandy Springs-Roswell, GA","13","Georgia","085","Dawson","34.3762272381086","-84.0595064747239"
"04/19/1990","AQS","130850001","2","0.057","ppm","58","Dawsonville","17","100.0000","44201","Ozone","014","12060","Atlanta-Sandy Springs-Roswell, GA","13","Georgia","085","Dawson","34.3762272381086","-84.0595064747239"
"04/20/1990","AQS","130850001","2","0.051","ppm","47","Dawsonville","17","100.0000","44201","Ozone","014","12060","Atlanta-Sandy Springs-Roswell, GA","13","Georgia","085","Dawson","34.3762272381086","-84.0595064747239"
"04/21/1990","AQS","130850001","2","0.041","ppm","38","Dawsonville","17","100.0000","44201","Ozone","014","12060","Atlanta-Sandy Springs-Roswell, GA","13","Georgia","085","Dawson","34.3762272381086","-84.0595064747239"
"04/22/1990","AQS","130850001","2","0.052","ppm","48","Dawsonville","17","100.0000","44201","Ozone","014","12060","Atlanta-Sandy Springs-Roswell, GA","13","Georgia","085","Dawson","34.3762272381086","-84.0595064747239"
"04/23/1990","AQS","130850001","2","0.061","ppm","71","Dawsonville","17","100.0000","44201","Ozone","014","12060","Atlanta-Sandy Springs-Roswell, GA","13","Georgia","085","Dawson","34.3762272381086","-84.0595064747239"
"04/24/1990","AQS","130850001","2","0.069","ppm","97","Dawsonville","16","94.0000","44201","Ozone","014","12060","Atlanta-Sandy Springs-Roswell, GA","13","Georgia","085","Dawson","34.3762272381086","-84.0595064747239"
"04/25/1990","AQS","130850001","2","0.081","ppm","136","Dawsonville","17","100.0000","44201","Ozone","014","12060","Atlanta-Sandy Springs-Roswell, GA","13","Georgia","085","Dawson","34.3762272381086","-84.0595064747239"
"04/26/1990","AQS","130850001","2","0.082","ppm","140","Dawsonville","17","100.0000","44201","Ozone","014","12060","Atlanta-Sandy Springs-Roswell, GA","13","Georgia","085","Dawson","34.3762272381086","-84.0595064747239"
"04/27/1990","AQS","130850001","2","0.066","ppm","87","Dawsonville","17","100.0000","44201","Ozone","014","12060","Atlanta-Sandy Springs-Roswell, GA","13","Georgia","085","Dawson","34.3762272381086","-84.0595064747239"
"04/28/1990","AQS","130850001","2","0.039","ppm","36","Dawsonville","17","100.0000","44201","Ozone","014","12060","Atlanta-Sandy Springs-Roswell, GA","13","Georgia","085","Dawson","34.3762272381086","-84.0595064747239"
"04/29/1990","AQS","130850001","2","0.058","ppm","61","Dawsonville","17","100.0000","44201","Ozone","014","12060","Atlanta-Sandy Springs-Roswell, GA","13","Georgia","085","Dawson","34.3762272381086","-84.0595064747239"
"04/30/1990","AQS","130850001","2","0.044","ppm","41","Dawsonville","17","100.0000","44201","Ozone","014","12060","Atlanta-Sandy Springs-Roswell, GA","13","Georgia","085","Dawson","34.3762272381086","-84.0595064747239"
"05/01/1990","AQS","130850001","2","0.058","ppm","61","Dawsonville","15","88.0000","44201","Ozone","014","12060","Atlanta-Sandy Springs-Roswell, GA","13","Georgia","085","Dawson","34.3762272381086","-84.0595064747239"
"05/02/1990","AQS","130850001","2","0.064","ppm","80","Dawsonville","17","100.0000","44201","Ozone","014","12060","Atlanta-Sandy Springs-Roswell, GA","13","Georgia","085","Dawson","34.3762272381086","-84.0595064747239"
"05/03/1990","AQS","130850001","2","0.057","ppm","58","Dawsonville","17","100.0000","44201","Ozone","014","12060","Atlanta-Sandy Springs-Roswell, GA","13","Georgia","085","Dawson","34.3762272381086","-84.0595064747239"
"05/04/1990","AQS","130850001","2","0.049","ppm","45","Dawsonville","17","100.0000","44201","Ozone","014","12060","Atlanta-Sandy Springs-Roswell, GA","13","Georgia","085","Dawson","34.3762272381086","-84.0595064747239"
"05/05/1990","AQS","130850001","2","0.047","ppm","44","Dawsonville","17","100.0000","44201","Ozone","014","12060","Atlanta-Sandy Springs-Roswell, GA","13","Georgia","085","Dawson","34.3762272381086","-84.0595064747239"
"05/06/1990","AQS","130850001","2","0.051","ppm","47","Dawsonville","17","100.0000","44201","Ozone","014","12060","Atlanta-Sandy Springs-Roswell, GA","13","Georgia","085","Dawson","34.3762272381086","-84.0595064747239"
"05/07/1990","AQS","130850001","2","0.064","ppm","80","Dawsonville","17","100.0000","44201","Ozone","014","12060","Atlanta-Sandy Springs-Roswell, GA","13","Georgia","085","Dawson","34.3762272381086","-84.0595064747239"
"05/08/1990","AQS","130850001","2","0.077","ppm","122","Dawsonville","16","94.0000","44201","Ozone","014","12060","Atlanta-Sandy Springs-Roswell, GA","13","Georgia","085","Dawson","34.3762272381086","-84.0595064747239"
"05/09/1990","AQS","130850001","2","0.036","ppm","33","Dawsonville","17","100.0000","44201","Ozone","014","12060","Atlanta-Sandy Springs-Roswell, GA","13","Georgia","085","Dawson","34.3762272381086","-84.0595064747239"
"05/10/1990","AQS","130850001","2","0.044","ppm","41","Dawsonville","17","100.0000","44201","Ozone","014","12060","Atlanta-Sandy Springs-Roswell, GA","13","Georgia","085","Dawson","34.3762272381086","-84.0595064747239"
"05/11/1990","AQS","130850001","2","0.052","ppm","48","Dawsonville","17","100.0000","44201","Ozone","014","12060","Atlanta-Sandy Springs-Roswell, GA","13","Georgia","085","Dawson","34.3762272381086","-84.0595064747239"
"05/12/1990","AQS","130850001","2","0.065","ppm","84","Dawsonville","17","100.0000","44201","Ozone","014","12060","Atlanta-Sandy Springs-Roswell, GA","13","Georgia","085","Dawson","34.3762272381086","-84.0595064747239"
"05/13/1990","AQS","130850001","2","0.042","ppm","39","Dawsonville","17","100.0000","44201","Ozone","014","12060","Atlanta-Sandy Springs-Roswell, GA","13","Georgia","085","Dawson","34.3762272381086","-84.0595064747239"
"05/14/1990","AQS","130850001","2","0.058","ppm","61","Dawsonville","17","100.0000","44201","Ozone","014","12060","Atlanta-Sandy Springs-Roswell, GA","13","Georgia","085","Dawson","34.3762272381086","-84.0595064747239"
"05/15/1990","AQS","130850001","2","0.095","ppm","174","Dawsonville","16","94.0000","44201","Ozone","014","12060","Atlanta-Sandy Springs-Roswell, GA","13","Georgia","085","Dawson","34.3762272381086","-84.0595064747239"
"05/16/1990","AQS","130850001","2","0.067","ppm","90","Dawsonville","17","100.0000","44201","Ozone","014","12060","Atlanta-Sandy Springs-Roswell, GA","13","Georgia","085","Dawson","34.3762272381086","-84.0595064747239"
"05/17/1990","AQS","130850001","2","0.048","ppm","44","Dawsonville","17","100.0000","44201","Ozone","014","12060","Atlanta-Sandy Springs-Roswell, GA","13","Georgia","085","Dawson","34.3762272381086","-84.0595064747239"
"05/18/1990","AQS","130850001","2","0.054","ppm","50","Dawsonville","17","100.0000","44201","Ozone","014","12060","Atlanta-Sandy Springs-Roswell, GA","13","Georgia","085","Dawson","34.3762272381086","-84.0595064747239"
"05/19/1990","AQS","130850001","2","0.064","ppm","80","Dawsonville","17","100.0000","44201","Ozone","014","12060","Atlanta-Sandy Springs-Roswell, GA","13","Georgia","085","Dawson","34.3762272381086","-84.0595064747239"
"05/22/1990","AQS","130850001","2","0.042","ppm","39","Dawsonville","16","94.0000","44201","Ozone","014","12060","Atlanta-Sandy Springs-Roswell, GA","13","Georgia","085","Dawson","34.3762272381086","-84.0595064747239"
"05/23/1990","AQS","130850001","2","0.049","ppm","45","Dawsonville","17","100.0000","44201","Ozone","014","12060","Atlanta-Sandy Springs-Roswell, GA","13","Georgia","085","Dawson","34.3762272381086","-84.0595064747239"
"05/24/1990","AQS","130850001","2","0.087","ppm","154","Dawsonville","17","100.0000","44201","Ozone","014","12060","Atlanta-Sandy Springs-Roswell, GA","13","Georgia","085","Dawson","34.3762272381086","-84.0595064747239"
"05/25/1990","AQS","130850001","2","0.083","ppm","143","Dawsonville","17","100.0000","44201","Ozone","014","12060","Atlanta-Sandy Springs-Roswell, GA","13","Georgia","085","Dawson","34.3762272381086","-84.0595064747239"
"05/26/1990","AQS","130850001","2","0.061","ppm","71","Dawsonville","17","100.0000","44201","Ozone","014","12060","Atlanta-Sandy Springs-Roswell, GA","13","Georgia","085","Dawson","34.3762272381086","-84.0595064747239"
"05/27/1990","AQS","130850001","2","0.036","ppm","33","Dawsonville","17","100.0000","44201","Ozone","014","12060","Atlanta-Sandy Springs-Roswell, GA","13","Georgia","085","Dawson","34.3762272381086","-84.0595064747239"
"05/28/1990","AQS","130850001","2","0.041","ppm","38","Dawsonville","17","100.0000","44201","Ozone","014","12060","Atlanta-Sandy Springs-Roswell, GA","13","Georgia","085","Dawson","34.3762272381086","-84.0595064747239"
"05/29/1990","AQS","130850001","2","0.059","ppm","64","Dawsonville","15","88.0000","44201","Ozone","014","12060","Atlanta-Sandy Springs-Roswell, GA","13","Georgia","085","Dawson","34.3762272381086","-84.0595064747239"
"05/30/1990","AQS","130850001","2","0.054","ppm","50","Dawsonville","17","100.0000","44201","Ozone","014","12060","Atlanta-Sandy Springs-Roswell, GA","13","Georgia","085","Dawson","34.3762272381086","-84.0595064747239"
"05/31/1990","AQS","130850001","2","0.068","ppm","93","Dawsonville","17","100.0000","44201","Ozone","014","12060","Atlanta-Sandy Springs-Roswell, GA","13","Georgia","085","Dawson","34.3762272381086","-84.0595064747239"
"06/01/1990","AQS","130850001","2","0.039","ppm","36","Dawsonville","17","100.0000","44201","Ozone","014","12060","Atlanta-Sandy Springs-Roswell, GA","13","Georgia","085","Dawson","34.3762272381086","-84.0595064747239"
"06/02/1990","AQS","130850001","2","0.028","ppm","26","Dawsonville","17","100.0000","44201","Ozone","014","12060","Atlanta-Sandy Springs-Roswell, GA","13","Georgia","085","Dawson","34.3762272381086","-84.0595064747239"
"06/03/1990","AQS","130850001","2","0.037","ppm","34","Dawsonville","17","100.0000","44201","Ozone","014","12060","Atlanta-Sandy Springs-Roswell, GA","13","Georgia","085","Dawson","34.3762272381086","-84.0595064747239"
"06/04/1990","AQS","130850001","2","0.052","ppm","48","Dawsonville","17","100.0000","44201","Ozone","014","12060","Atlanta-Sandy Springs-Roswell, GA","13","Georgia","085","Dawson","34.3762272381086","-84.0595064747239"
"06/05/1990","AQS","130850001","2","0.071","ppm","101","Dawsonville","16","94.0000","44201","Ozone","014","12060","Atlanta-Sandy Springs-Roswell, GA","13","Georgia","085","Dawson","34.3762272381086","-84.0595064747239"
"06/06/1990","AQS","130850001","2","0.082","ppm","140","Dawsonville","17","100.0000","44201","Ozone","014","12060","Atlanta-Sandy Springs-Roswell, GA","13","Georgia","085","Dawson","34.3762272381086","-84.0595064747239"
"06/07/1990","AQS","130850001","2","0.052","ppm","48","Dawsonville","17","100.0000","44201","Ozone","014","12060","Atlanta-Sandy Springs-Roswell, GA","13","Georgia","085","Dawson","34.3762272381086","-84.0595064747239"
"06/08/1990","AQS","130850001","2","0.051","ppm","47","Dawsonville","17","100.0000","44201","Ozone","014","12060","Atlanta-Sandy Springs-Roswell, GA","13","Georgia","085","Dawson","34.3762272381086","-84.0595064747239"
"06/09/1990","AQS","130850001","2","0.04","ppm","37","Dawsonville","17","100.0000","44201","Ozone","014","12060","Atlanta-Sandy Springs-Roswell, GA","13","Georgia","085","Dawson","34.3762272381086","-84.0595064747239"
"06/10/1990","AQS","130850001","2","0.052","ppm","48","Dawsonville","17","100.0000","44201","Ozone","014","12060","Atlanta-Sandy Springs-Roswell, GA","13","Georgia","085","Dawson","34.3762272381086","-84.0595064747239"
"06/11/1990","AQS","130850001","2","0.051","ppm","47","Dawsonville","17","100.0000","44201","Ozone","014","12060","Atlanta-Sandy Springs-Roswell, GA","13","Georgia","085","Dawson","34.3762272381086","-84.0595064747239"
"06/12/1990","AQS","130850001","2","0.08","ppm","133","Dawsonville","17","100.0000","44201","Ozone","014","12060","Atlanta-Sandy Springs-Roswell, GA","13","Georgia","085","Dawson","34.3762272381086","-84.0595064747239"
"06/13/1990","AQS","130850001","2","0.086","ppm","151","Dawsonville","17","100.0000","44201","Ozone","014","12060","Atlanta-Sandy Springs-Roswell, GA","13","Georgia","085","Dawson","34.3762272381086","-84.0595064747239"
"06/14/1990","AQS","130850001","2","0.061","ppm","71","Dawsonville","17","100.0000","44201","Ozone","014","12060","Atlanta-Sandy Springs-Roswell, GA","13","Georgia","085","Dawson","34.3762272381086","-84.0595064747239"
"06/15/1990","AQS","130850001","2","0.053","ppm","49","Dawsonville","17","100.0000","44201","Ozone","014","12060","Atlanta-Sandy Springs-Roswell, GA","13","Georgia","085","Dawson","34.3762272381086","-84.0595064747239"
"06/16/1990","AQS","130850001","2","0.054","ppm","50","Dawsonville","17","100.0000","44201","Ozone","014","12060","Atlanta-Sandy Springs-Roswell, GA","13","Georgia","085","Dawson","34.3762272381086","-84.0595064747239"
"06/17/1990","AQS","130850001","2","0.055","ppm","51","Dawsonville","17","100.0000","44201","Ozone","014","12060","Atlanta-Sandy Springs-Roswell, GA","13","Georgia","085","Dawson","34.3762272381086","-84.0595064747239"
"06/18/1990","AQS","130850001","2","0.067","ppm","90","Dawsonville","17","100.0000","44201","Ozone","014","12060","Atlanta-Sandy Springs-Roswell, GA","13","Georgia","085","Dawson","34.3762272381086","-84.0595064747239"
"06/19/1990","AQS","130850001","2","0.056","ppm","54","Dawsonville","16","94.0000","44201","Ozone","014","12060","Atlanta-Sandy Springs-Roswell, GA","13","Georgia","085","Dawson","34.3762272381086","-84.0595064747239"
"06/20/1990","AQS","130850001","2","0.086","ppm","151","Dawsonville","17","100.0000","44201","Ozone","014","12060","Atlanta-Sandy Springs-Roswell, GA","13","Georgia","085","Dawson","34.3762272381086","-84.0595064747239"
"06/21/1990","AQS","130850001","2","0.056","ppm","54","Dawsonville","17","100.0000","44201","Ozone","014","12060","Atlanta-Sandy Springs-Roswell, GA","13","Georgia","085","Dawson","34.3762272381086","-84.0595064747239"
"06/22/1990","AQS","130850001","2","0.062","ppm","74","Dawsonville","17","100.0000","44201","Ozone","014","12060","Atlanta-Sandy Springs-Roswell, GA","13","Georgia","085","Dawson","34.3762272381086","-84.0595064747239"
"06/23/1990","AQS","130850001","2","0.055","ppm","51","Dawsonville","17","100.0000","44201","Ozone","014","12060","Atlanta-Sandy Springs-Roswell, GA","13","Georgia","085","Dawson","34.3762272381086","-84.0595064747239"
"06/24/1990","AQS","130850001","2","0.048","ppm","44","Dawsonville","17","100.0000","44201","Ozone","014","12060","Atlanta-Sandy Springs-Roswell, GA","13","Georgia","085","Dawson","34.3762272381086","-84.0595064747239"
"06/25/1990","AQS","130850001","2","0.059","ppm","64","Dawsonville","17","100.0000","44201","Ozone","014","12060","Atlanta-Sandy Springs-Roswell, GA","13","Georgia","085","Dawson","34.3762272381086","-84.0595064747239"
"06/26/1990","AQS","130850001","2","0.08","ppm","133","Dawsonville","15","88.0000","44201","Ozone","014","12060","Atlanta-Sandy Springs-Roswell, GA","13","Georgia","085","Dawson","34.3762272381086","-84.0595064747239"
"06/27/1990","AQS","130850001","2","0.08","ppm","133","Dawsonville","17","100.0000","44201","Ozone","014","12060","Atlanta-Sandy Springs-Roswell, GA","13","Georgia","085","Dawson","34.3762272381086","-84.0595064747239"
"06/28/1990","AQS","130850001","2","0.076","ppm","119","Dawsonville","17","100.0000","44201","Ozone","014","12060","Atlanta-Sandy Springs-Roswell, GA","13","Georgia","085","Dawson","34.3762272381086","-84.0595064747239"
"06/29/1990","AQS","130850001","2","0.093","ppm","169","Dawsonville","17","100.0000","44201","Ozone","014","12060","Atlanta-Sandy Springs-Roswell, GA","13","Georgia","085","Dawson","34.3762272381086","-84.0595064747239"
"06/30/1990","AQS","130850001","2","0.075","ppm","115","Dawsonville","17","100.0000","44201","Ozone","014","12060","Atlanta-Sandy Springs-Roswell, GA","13","Georgia","085","Dawson","34.3762272381086","-84.0595064747239"
"07/01/1990","AQS","130850001","2","0.073","ppm","108","Dawsonville","17","100.0000","44201","Ozone","014","12060","Atlanta-Sandy Springs-Roswell, GA","13","Georgia","085","Dawson","34.3762272381086","-84.0595064747239"
"07/02/1990","AQS","130850001","2","0.062","ppm","74","Dawsonville","17","100.0000","44201","Ozone","014","12060","Atlanta-Sandy Springs-Roswell, GA","13","Georgia","085","Dawson","34.3762272381086","-84.0595064747239"
"07/03/1990","AQS","130850001","2","0.072","ppm","105","Dawsonville","16","94.0000","44201","Ozone","014","12060","Atlanta-Sandy Springs-Roswell, GA","13","Georgia","085","Dawson","34.3762272381086","-84.0595064747239"
"07/04/1990","AQS","130850001","2","0.074","ppm","112","Dawsonville","17","100.0000","44201","Ozone","014","12060","Atlanta-Sandy Springs-Roswell, GA","13","Georgia","085","Dawson","34.3762272381086","-84.0595064747239"
"07/05/1990","AQS","130850001","2","0.064","ppm","80","Dawsonville","17","100.0000","44201","Ozone","014","12060","Atlanta-Sandy Springs-Roswell, GA","13","Georgia","085","Dawson","34.3762272381086","-84.0595064747239"
"07/06/1990","AQS","130850001","2","0.066","ppm","87","Dawsonville","17","100.0000","44201","Ozone","014","12060","Atlanta-Sandy Springs-Roswell, GA","13","Georgia","085","Dawson","34.3762272381086","-84.0595064747239"
"07/07/1990","AQS","130850001","2","0.067","ppm","90","Dawsonville","17","100.0000","44201","Ozone","014","12060","Atlanta-Sandy Springs-Roswell, GA","13","Georgia","085","Dawson","34.3762272381086","-84.0595064747239"
"07/08/1990","AQS","130850001","2","0.075","ppm","115","Dawsonville","17","100.0000","44201","Ozone","014","12060","Atlanta-Sandy Springs-Roswell, GA","13","Georgia","085","Dawson","34.3762272381086","-84.0595064747239"
"07/09/1990","AQS","130850001","2","0.097","ppm","179","Dawsonville","17","100.0000","44201","Ozone","014","12060","Atlanta-Sandy Springs-Roswell, GA","13","Georgia","085","Dawson","34.3762272381086","-84.0595064747239"
"07/10/1990","AQS","130850001","2","0.063","ppm","77","Dawsonville","16","94.0000","44201","Ozone","014","12060","Atlanta-Sandy Springs-Roswell, GA","13","Georgia","085","Dawson","34.3762272381086","-84.0595064747239"
"07/11/1990","AQS","130850001","2","0.066","ppm","87","Dawsonville","17","100.0000","44201","Ozone","014","12060","Atlanta-Sandy Springs-Roswell, GA","13","Georgia","085","Dawson","34.3762272381086","-84.0595064747239"
"07/12/1990","AQS","130850001","2","0.031","ppm","29","Dawsonville","17","100.0000","44201","Ozone","014","12060","Atlanta-Sandy Springs-Roswell, GA","13","Georgia","085","Dawson","34.3762272381086","-84.0595064747239"
"07/13/1990","AQS","130850001","2","0.04","ppm","37","Dawsonville","17","100.0000","44201","Ozone","014","12060","Atlanta-Sandy Springs-Roswell, GA","13","Georgia","085","Dawson","34.3762272381086","-84.0595064747239"
"07/14/1990","AQS","130850001","2","0.054","ppm","50","Dawsonville","17","100.0000","44201","Ozone","014","12060","Atlanta-Sandy Springs-Roswell, GA","13","Georgia","085","Dawson","34.3762272381086","-84.0595064747239"
"07/15/1990","AQS","130850001","2","0.053","ppm","49","Dawsonville","17","100.0000","44201","Ozone","014","12060","Atlanta-Sandy Springs-Roswell, GA","13","Georgia","085","Dawson","34.3762272381086","-84.0595064747239"
"07/16/1990","AQS","130850001","2","0.071","ppm","101","Dawsonville","17","100.0000","44201","Ozone","014","12060","Atlanta-Sandy Springs-Roswell, GA","13","Georgia","085","Dawson","34.3762272381086","-84.0595064747239"
"07/17/1990","AQS","130850001","2","0.051","ppm","47","Dawsonville","16","94.0000","44201","Ozone","014","12060","Atlanta-Sandy Springs-Roswell, GA","13","Georgia","085","Dawson","34.3762272381086","-84.0595064747239"
"07/18/1990","AQS","130850001","2","0.042","ppm","39","Dawsonville","17","100.0000","44201","Ozone","014","12060","Atlanta-Sandy Springs-Roswell, GA","13","Georgia","085","Dawson","34.3762272381086","-84.0595064747239"
"07/19/1990","AQS","130850001","2","0.025","ppm","23","Dawsonville","17","100.0000","44201","Ozone","014","12060","Atlanta-Sandy Springs-Roswell, GA","13","Georgia","085","Dawson","34.3762272381086","-84.0595064747239"
"07/20/1990","AQS","130850001","2","0.038","ppm","35","Dawsonville","17","100.0000","44201","Ozone","014","12060","Atlanta-Sandy Springs-Roswell, GA","13","Georgia","085","Dawson","34.3762272381086","-84.0595064747239"
"07/21/1990","AQS","130850001","2","0.042","ppm","39","Dawsonville","17","100.0000","44201","Ozone","014","12060","Atlanta-Sandy Springs-Roswell, GA","13","Georgia","085","Dawson","34.3762272381086","-84.0595064747239"
"07/22/1990","AQS","130850001","2","0.048","ppm","44","Dawsonville","17","100.0000","44201","Ozone","014","12060","Atlanta-Sandy Springs-Roswell, GA","13","Georgia","085","Dawson","34.3762272381086","-84.0595064747239"
"07/23/1990","AQS","130850001","2","0.038","ppm","35","Dawsonville","17","100.0000","44201","Ozone","014","12060","Atlanta-Sandy Springs-Roswell, GA","13","Georgia","085","Dawson","34.3762272381086","-84.0595064747239"
"07/24/1990","AQS","130850001","2","0.047","ppm","44","Dawsonville","17","100.0000","44201","Ozone","014","12060","Atlanta-Sandy Springs-Roswell, GA","13","Georgia","085","Dawson","34.3762272381086","-84.0595064747239"
"07/25/1990","AQS","130850001","2","0.052","ppm","48","Dawsonville","17","100.0000","44201","Ozone","014","12060","Atlanta-Sandy Springs-Roswell, GA","13","Georgia","085","Dawson","34.3762272381086","-84.0595064747239"
"07/26/1990","AQS","130850001","2","0.08","ppm","133","Dawsonville","13","76.0000","44201","Ozone","014","12060","Atlanta-Sandy Springs-Roswell, GA","13","Georgia","085","Dawson","34.3762272381086","-84.0595064747239"
"07/27/1990","AQS","130850001","2","0.075","ppm","115","Dawsonville","17","100.0000","44201","Ozone","014","12060","Atlanta-Sandy Springs-Roswell, GA","13","Georgia","085","Dawson","34.3762272381086","-84.0595064747239"
"07/28/1990","AQS","130850001","2","0.044","ppm","41","Dawsonville","17","100.0000","44201","Ozone","014","12060","Atlanta-Sandy Springs-Roswell, GA","13","Georgia","085","Dawson","34.3762272381086","-84.0595064747239"
"07/29/1990","AQS","130850001","2","0.049","ppm","45","Dawsonville","17","100.0000","44201","Ozone","014","12060","Atlanta-Sandy Springs-Roswell, GA","13","Georgia","085","Dawson","34.3762272381086","-84.0595064747239"
"07/30/1990","AQS","130850001","2","0.076","ppm","119","Dawsonville","13","76.0000","44201","Ozone","014","12060","Atlanta-Sandy Springs-Roswell, GA","13","Georgia","085","Dawson","34.3762272381086","-84.0595064747239"
"07/31/1990","AQS","130850001","2","0.062","ppm","74","Dawsonville","17","100.0000","44201","Ozone","014","12060","Atlanta-Sandy Springs-Roswell, GA","13","Georgia","085","Dawson","34.3762272381086","-84.0595064747239"
"08/01/1990","AQS","130850001","2","0.053","ppm","49","Dawsonville","17","100.0000","44201","Ozone","014","12060","Atlanta-Sandy Springs-Roswell, GA","13","Georgia","085","Dawson","34.3762272381086","-84.0595064747239"
"08/02/1990","AQS","130850001","2","0.056","ppm","54","Dawsonville","17","100.0000","44201","Ozone","014","12060","Atlanta-Sandy Springs-Roswell, GA","13","Georgia","085","Dawson","34.3762272381086","-84.0595064747239"
"08/03/1990","AQS","130850001","2","0.061","ppm","71","Dawsonville","17","100.0000","44201","Ozone","014","12060","Atlanta-Sandy Springs-Roswell, GA","13","Georgia","085","Dawson","34.3762272381086","-84.0595064747239"
"08/04/1990","AQS","130850001","2","0.109","ppm","204","Dawsonville","17","100.0000","44201","Ozone","014","12060","Atlanta-Sandy Springs-Roswell, GA","13","Georgia","085","Dawson","34.3762272381086","-84.0595064747239"
"08/05/1990","AQS","130850001","2","0.068","ppm","93","Dawsonville","17","100.0000","44201","Ozone","014","12060","Atlanta-Sandy Springs-Roswell, GA","13","Georgia","085","Dawson","34.3762272381086","-84.0595064747239"
"08/06/1990","AQS","130850001","2","0.051","ppm","47","Dawsonville","17","100.0000","44201","Ozone","014","12060","Atlanta-Sandy Springs-Roswell, GA","13","Georgia","085","Dawson","34.3762272381086","-84.0595064747239"
"08/07/1990","AQS","130850001","2","0.056","ppm","54","Dawsonville","15","88.0000","44201","Ozone","014","12060","Atlanta-Sandy Springs-Roswell, GA","13","Georgia","085","Dawson","34.3762272381086","-84.0595064747239"
"08/08/1990","AQS","130850001","2","0.055","ppm","51","Dawsonville","17","100.0000","44201","Ozone","014","12060","Atlanta-Sandy Springs-Roswell, GA","13","Georgia","085","Dawson","34.3762272381086","-84.0595064747239"
"08/09/1990","AQS","130850001","2","0.058","ppm","61","Dawsonville","17","100.0000","44201","Ozone","014","12060","Atlanta-Sandy Springs-Roswell, GA","13","Georgia","085","Dawson","34.3762272381086","-84.0595064747239"
"08/10/1990","AQS","130850001","2","0.054","ppm","50","Dawsonville","17","100.0000","44201","Ozone","014","12060","Atlanta-Sandy Springs-Roswell, GA","13","Georgia","085","Dawson","34.3762272381086","-84.0595064747239"
"08/11/1990","AQS","130850001","2","0.057","ppm","58","Dawsonville","17","100.0000","44201","Ozone","014","12060","Atlanta-Sandy Springs-Roswell, GA","13","Georgia","085","Dawson","34.3762272381086","-84.0595064747239"
"08/12/1990","AQS","130850001","2","0.07","ppm","100","Dawsonville","17","100.0000","44201","Ozone","014","12060","Atlanta-Sandy Springs-Roswell, GA","13","Georgia","085","Dawson","34.3762272381086","-84.0595064747239"
"08/13/1990","AQS","130850001","2","0.076","ppm","119","Dawsonville","17","100.0000","44201","Ozone","014","12060","Atlanta-Sandy Springs-Roswell, GA","13","Georgia","085","Dawson","34.3762272381086","-84.0595064747239"
"08/14/1990","AQS","130850001","2","0.063","ppm","77","Dawsonville","14","82.0000","44201","Ozone","014","12060","Atlanta-Sandy Springs-Roswell, GA","13","Georgia","085","Dawson","34.3762272381086","-84.0595064747239"
"08/15/1990","AQS","130850001","2","0.064","ppm","80","Dawsonville","17","100.0000","44201","Ozone","014","12060","Atlanta-Sandy Springs-Roswell, GA","13","Georgia","085","Dawson","34.3762272381086","-84.0595064747239"
"08/16/1990","AQS","130850001","2","0.052","ppm","48","Dawsonville","17","100.0000","44201","Ozone","014","12060","Atlanta-Sandy Springs-Roswell, GA","13","Georgia","085","Dawson","34.3762272381086","-84.0595064747239"
"08/17/1990","AQS","130850001","2","0.059","ppm","64","Dawsonville","17","100.0000","44201","Ozone","014","12060","Atlanta-Sandy Springs-Roswell, GA","13","Georgia","085","Dawson","34.3762272381086","-84.0595064747239"
"08/18/1990","AQS","130850001","2","0.059","ppm","64","Dawsonville","17","100.0000","44201","Ozone","014","12060","Atlanta-Sandy Springs-Roswell, GA","13","Georgia","085","Dawson","34.3762272381086","-84.0595064747239"
"08/19/1990","AQS","130850001","2","0.063","ppm","77","Dawsonville","17","100.0000","44201","Ozone","014","12060","Atlanta-Sandy Springs-Roswell, GA","13","Georgia","085","Dawson","34.3762272381086","-84.0595064747239"
"08/20/1990","AQS","130850001","2","0.057","ppm","58","Dawsonville","17","100.0000","44201","Ozone","014","12060","Atlanta-Sandy Springs-Roswell, GA","13","Georgia","085","Dawson","34.3762272381086","-84.0595064747239"
"08/21/1990","AQS","130850001","2","0.079","ppm","129","Dawsonville","16","94.0000","44201","Ozone","014","12060","Atlanta-Sandy Springs-Roswell, GA","13","Georgia","085","Dawson","34.3762272381086","-84.0595064747239"
"08/22/1990","AQS","130850001","2","0.059","ppm","64","Dawsonville","17","100.0000","44201","Ozone","014","12060","Atlanta-Sandy Springs-Roswell, GA","13","Georgia","085","Dawson","34.3762272381086","-84.0595064747239"
"08/23/1990","AQS","130850001","2","0.052","ppm","48","Dawsonville","17","100.0000","44201","Ozone","014","12060","Atlanta-Sandy Springs-Roswell, GA","13","Georgia","085","Dawson","34.3762272381086","-84.0595064747239"
"08/24/1990","AQS","130850001","2","0.056","ppm","54","Dawsonville","17","100.0000","44201","Ozone","014","12060","Atlanta-Sandy Springs-Roswell, GA","13","Georgia","085","Dawson","34.3762272381086","-84.0595064747239"
"08/25/1990","AQS","130850001","2","0.053","ppm","49","Dawsonville","17","100.0000","44201","Ozone","014","12060","Atlanta-Sandy Springs-Roswell, GA","13","Georgia","085","Dawson","34.3762272381086","-84.0595064747239"
"08/26/1990","AQS","130850001","2","0.053","ppm","49","Dawsonville","17","100.0000","44201","Ozone","014","12060","Atlanta-Sandy Springs-Roswell, GA","13","Georgia","085","Dawson","34.3762272381086","-84.0595064747239"
"08/27/1990","AQS","130850001","2","0.056","ppm","54","Dawsonville","17","100.0000","44201","Ozone","014","12060","Atlanta-Sandy Springs-Roswell, GA","13","Georgia","085","Dawson","34.3762272381086","-84.0595064747239"
"08/28/1990","AQS","130850001","2","0.064","ppm","80","Dawsonville","16","94.0000","44201","Ozone","014","12060","Atlanta-Sandy Springs-Roswell, GA","13","Georgia","085","Dawson","34.3762272381086","-84.0595064747239"
"08/29/1990","AQS","130850001","2","0.07","ppm","100","Dawsonville","17","100.0000","44201","Ozone","014","12060","Atlanta-Sandy Springs-Roswell, GA","13","Georgia","085","Dawson","34.3762272381086","-84.0595064747239"
"08/30/1990","AQS","130850001","2","0.049","ppm","45","Dawsonville","17","100.0000","44201","Ozone","014","12060","Atlanta-Sandy Springs-Roswell, GA","13","Georgia","085","Dawson","34.3762272381086","-84.0595064747239"
"08/31/1990","AQS","130850001","2","0.053","ppm","49","Dawsonville","17","100.0000","44201","Ozone","014","12060","Atlanta-Sandy Springs-Roswell, GA","13","Georgia","085","Dawson","34.3762272381086","-84.0595064747239"
"09/01/1990","AQS","130850001","2","0.059","ppm","64","Dawsonville","17","100.0000","44201","Ozone","014","12060","Atlanta-Sandy Springs-Roswell, GA","13","Georgia","085","Dawson","34.3762272381086","-84.0595064747239"
"09/02/1990","AQS","130850001","2","0.055","ppm","51","Dawsonville","17","100.0000","44201","Ozone","014","12060","Atlanta-Sandy Springs-Roswell, GA","13","Georgia","085","Dawson","34.3762272381086","-84.0595064747239"
"09/03/1990","AQS","130850001","2","0.064","ppm","80","Dawsonville","17","100.0000","44201","Ozone","014","12060","Atlanta-Sandy Springs-Roswell, GA","13","Georgia","085","Dawson","34.3762272381086","-84.0595064747239"
"09/04/1990","AQS","130850001","2","0.07","ppm","100","Dawsonville","16","94.0000","44201","Ozone","014","12060","Atlanta-Sandy Springs-Roswell, GA","13","Georgia","085","Dawson","34.3762272381086","-84.0595064747239"
"09/05/1990","AQS","130850001","2","0.07","ppm","100","Dawsonville","17","100.0000","44201","Ozone","014","12060","Atlanta-Sandy Springs-Roswell, GA","13","Georgia","085","Dawson","34.3762272381086","-84.0595064747239"
"09/06/1990","AQS","130850001","2","0.07","ppm","100","Dawsonville","17","100.0000","44201","Ozone","014","12060","Atlanta-Sandy Springs-Roswell, GA","13","Georgia","085","Dawson","34.3762272381086","-84.0595064747239"
"09/07/1990","AQS","130850001","2","0.073","ppm","108","Dawsonville","17","100.0000","44201","Ozone","014","12060","Atlanta-Sandy Springs-Roswell, GA","13","Georgia","085","Dawson","34.3762272381086","-84.0595064747239"
"09/08/1990","AQS","130850001","2","0.073","ppm","108","Dawsonville","17","100.0000","44201","Ozone","014","12060","Atlanta-Sandy Springs-Roswell, GA","13","Georgia","085","Dawson","34.3762272381086","-84.0595064747239"
"09/09/1990","AQS","130850001","2","0.066","ppm","87","Dawsonville","17","100.0000","44201","Ozone","014","12060","Atlanta-Sandy Springs-Roswell, GA","13","Georgia","085","Dawson","34.3762272381086","-84.0595064747239"
"09/10/1990","AQS","130850001","2","0.065","ppm","84","Dawsonville","17","100.0000","44201","Ozone","014","12060","Atlanta-Sandy Springs-Roswell, GA","13","Georgia","085","Dawson","34.3762272381086","-84.0595064747239"
"09/11/1990","AQS","130850001","2","0.068","ppm","93","Dawsonville","16","94.0000","44201","Ozone","014","12060","Atlanta-Sandy Springs-Roswell, GA","13","Georgia","085","Dawson","34.3762272381086","-84.0595064747239"
"09/12/1990","AQS","130850001","2","0.059","ppm","64","Dawsonville","17","100.0000","44201","Ozone","014","12060","Atlanta-Sandy Springs-Roswell, GA","13","Georgia","085","Dawson","34.3762272381086","-84.0595064747239"
"09/13/1990","AQS","130850001","2","0.043","ppm","40","Dawsonville","17","100.0000","44201","Ozone","014","12060","Atlanta-Sandy Springs-Roswell, GA","13","Georgia","085","Dawson","34.3762272381086","-84.0595064747239"
"09/14/1990","AQS","130850001","2","0.046","ppm","43","Dawsonville","17","100.0000","44201","Ozone","014","12060","Atlanta-Sandy Springs-Roswell, GA","13","Georgia","085","Dawson","34.3762272381086","-84.0595064747239"
"09/15/1990","AQS","130850001","2","0.047","ppm","44","Dawsonville","17","100.0000","44201","Ozone","014","12060","Atlanta-Sandy Springs-Roswell, GA","13","Georgia","085","Dawson","34.3762272381086","-84.0595064747239"
"09/16/1990","AQS","130850001","2","0.053","ppm","49","Dawsonville","17","100.0000","44201","Ozone","014","12060","Atlanta-Sandy Springs-Roswell, GA","13","Georgia","085","Dawson","34.3762272381086","-84.0595064747239"
"09/17/1990","AQS","130850001","2","0.063","ppm","77","Dawsonville","17","100.0000","44201","Ozone","014","12060","Atlanta-Sandy Springs-Roswell, GA","13","Georgia","085","Dawson","34.3762272381086","-84.0595064747239"
"09/18/1990","AQS","130850001","2","0.06","ppm","67","Dawsonville","16","94.0000","44201","Ozone","014","12060","Atlanta-Sandy Springs-Roswell, GA","13","Georgia","085","Dawson","34.3762272381086","-84.0595064747239"
"09/19/1990","AQS","130850001","2","0.081","ppm","136","Dawsonville","17","100.0000","44201","Ozone","014","12060","Atlanta-Sandy Springs-Roswell, GA","13","Georgia","085","Dawson","34.3762272381086","-84.0595064747239"
"09/20/1990","AQS","130850001","2","0.053","ppm","49","Dawsonville","17","100.0000","44201","Ozone","014","12060","Atlanta-Sandy Springs-Roswell, GA","13","Georgia","085","Dawson","34.3762272381086","-84.0595064747239"
"09/21/1990","AQS","130850001","2","0.063","ppm","77","Dawsonville","17","100.0000","44201","Ozone","014","12060","Atlanta-Sandy Springs-Roswell, GA","13","Georgia","085","Dawson","34.3762272381086","-84.0595064747239"
"09/22/1990","AQS","130850001","2","0.027","ppm","25","Dawsonville","17","100.0000","44201","Ozone","014","12060","Atlanta-Sandy Springs-Roswell, GA","13","Georgia","085","Dawson","34.3762272381086","-84.0595064747239"
"09/23/1990","AQS","130850001","2","0.031","ppm","29","Dawsonville","17","100.0000","44201","Ozone","014","12060","Atlanta-Sandy Springs-Roswell, GA","13","Georgia","085","Dawson","34.3762272381086","-84.0595064747239"
"09/24/1990","AQS","130850001","2","0.033","ppm","31","Dawsonville","17","100.0000","44201","Ozone","014","12060","Atlanta-Sandy Springs-Roswell, GA","13","Georgia","085","Dawson","34.3762272381086","-84.0595064747239"
"09/25/1990","AQS","130850001","2","0.05","ppm","46","Dawsonville","16","94.0000","44201","Ozone","014","12060","Atlanta-Sandy Springs-Roswell, GA","13","Georgia","085","Dawson","34.3762272381086","-84.0595064747239"
"09/26/1990","AQS","130850001","2","0.068","ppm","93","Dawsonville","17","100.0000","44201","Ozone","014","12060","Atlanta-Sandy Springs-Roswell, GA","13","Georgia","085","Dawson","34.3762272381086","-84.0595064747239"
"09/27/1990","AQS","130850001","2","0.065","ppm","84","Dawsonville","17","100.0000","44201","Ozone","014","12060","Atlanta-Sandy Springs-Roswell, GA","13","Georgia","085","Dawson","34.3762272381086","-84.0595064747239"
"09/28/1990","AQS","130850001","2","0.062","ppm","74","Dawsonville","17","100.0000","44201","Ozone","014","12060","Atlanta-Sandy Springs-Roswell, GA","13","Georgia","085","Dawson","34.3762272381086","-84.0595064747239"
"09/29/1990","AQS","130850001","2","0.065","ppm","84","Dawsonville","17","100.0000","44201","Ozone","014","12060","Atlanta-Sandy Springs-Roswell, GA","13","Georgia","085","Dawson","34.3762272381086","-84.0595064747239"
"09/30/1990","AQS","130850001","2","0.058","ppm","61","Dawsonville","17","100.0000","44201","Ozone","014","12060","Atlanta-Sandy Springs-Roswell, GA","13","Georgia","085","Dawson","34.3762272381086","-84.0595064747239"
"10/01/1990","AQS","130850001","2","0.054","ppm","50","Dawsonville","17","100.0000","44201","Ozone","014","12060","Atlanta-Sandy Springs-Roswell, GA","13","Georgia","085","Dawson","34.3762272381086","-84.0595064747239"
"10/02/1990","AQS","130850001","2","0.055","ppm","51","Dawsonville","16","94.0000","44201","Ozone","014","12060","Atlanta-Sandy Springs-Roswell, GA","13","Georgia","085","Dawson","34.3762272381086","-84.0595064747239"
"10/03/1990","AQS","130850001","2","0.054","ppm","50","Dawsonville","17","100.0000","44201","Ozone","014","12060","Atlanta-Sandy Springs-Roswell, GA","13","Georgia","085","Dawson","34.3762272381086","-84.0595064747239"
"10/04/1990","AQS","130850001","2","0.032","ppm","30","Dawsonville","17","100.0000","44201","Ozone","014","12060","Atlanta-Sandy Springs-Roswell, GA","13","Georgia","085","Dawson","34.3762272381086","-84.0595064747239"
"10/05/1990","AQS","130850001","2","0.052","ppm","48","Dawsonville","17","100.0000","44201","Ozone","014","12060","Atlanta-Sandy Springs-Roswell, GA","13","Georgia","085","Dawson","34.3762272381086","-84.0595064747239"
"10/06/1990","AQS","130850001","2","0.063","ppm","77","Dawsonville","17","100.0000","44201","Ozone","014","12060","Atlanta-Sandy Springs-Roswell, GA","13","Georgia","085","Dawson","34.3762272381086","-84.0595064747239"
"10/07/1990","AQS","130850001","2","0.043","ppm","40","Dawsonville","17","100.0000","44201","Ozone","014","12060","Atlanta-Sandy Springs-Roswell, GA","13","Georgia","085","Dawson","34.3762272381086","-84.0595064747239"
"10/08/1990","AQS","130850001","2","0.033","ppm","31","Dawsonville","17","100.0000","44201","Ozone","014","12060","Atlanta-Sandy Springs-Roswell, GA","13","Georgia","085","Dawson","34.3762272381086","-84.0595064747239"
"10/09/1990","AQS","130850001","2","0.035","ppm","32","Dawsonville","16","94.0000","44201","Ozone","014","12060","Atlanta-Sandy Springs-Roswell, GA","13","Georgia","085","Dawson","34.3762272381086","-84.0595064747239"
"10/10/1990","AQS","130850001","2","0.017","ppm","16","Dawsonville","17","100.0000","44201","Ozone","014","12060","Atlanta-Sandy Springs-Roswell, GA","13","Georgia","085","Dawson","34.3762272381086","-84.0595064747239"
"10/11/1990","AQS","130850001","2","0.028","ppm","26","Dawsonville","17","100.0000","44201","Ozone","014","12060","Atlanta-Sandy Springs-Roswell, GA","13","Georgia","085","Dawson","34.3762272381086","-84.0595064747239"
"10/12/1990","AQS","130850001","2","0.032","ppm","30","Dawsonville","17","100.0000","44201","Ozone","014","12060","Atlanta-Sandy Springs-Roswell, GA","13","Georgia","085","Dawson","34.3762272381086","-84.0595064747239"
"10/13/1990","AQS","130850001","2","0.032","ppm","30","Dawsonville","17","100.0000","44201","Ozone","014","12060","Atlanta-Sandy Springs-Roswell, GA","13","Georgia","085","Dawson","34.3762272381086","-84.0595064747239"
"10/14/1990","AQS","130850001","2","0.039","ppm","36","Dawsonville","17","100.0000","44201","Ozone","014","12060","Atlanta-Sandy Springs-Roswell, GA","13","Georgia","085","Dawson","34.3762272381086","-84.0595064747239"
"10/15/1990","AQS","130850001","2","0.056","ppm","54","Dawsonville","17","100.0000","44201","Ozone","014","12060","Atlanta-Sandy Springs-Roswell, GA","13","Georgia","085","Dawson","34.3762272381086","-84.0595064747239"
"10/16/1990","AQS","130850001","2","0.068","ppm","93","Dawsonville","16","94.0000","44201","Ozone","014","12060","Atlanta-Sandy Springs-Roswell, GA","13","Georgia","085","Dawson","34.3762272381086","-84.0595064747239"
"10/17/1990","AQS","130850001","2","0.063","ppm","77","Dawsonville","17","100.0000","44201","Ozone","014","12060","Atlanta-Sandy Springs-Roswell, GA","13","Georgia","085","Dawson","34.3762272381086","-84.0595064747239"
"10/18/1990","AQS","130850001","2","0.04","ppm","37","Dawsonville","17","100.0000","44201","Ozone","014","12060","Atlanta-Sandy Springs-Roswell, GA","13","Georgia","085","Dawson","34.3762272381086","-84.0595064747239"
"10/19/1990","AQS","130850001","2","0.044","ppm","41","Dawsonville","17","100.0000","44201","Ozone","014","12060","Atlanta-Sandy Springs-Roswell, GA","13","Georgia","085","Dawson","34.3762272381086","-84.0595064747239"
"10/20/1990","AQS","130850001","2","0.054","ppm","50","Dawsonville","17","100.0000","44201","Ozone","014","12060","Atlanta-Sandy Springs-Roswell, GA","13","Georgia","085","Dawson","34.3762272381086","-84.0595064747239"
"10/21/1990","AQS","130850001","2","0.045","ppm","42","Dawsonville","17","100.0000","44201","Ozone","014","12060","Atlanta-Sandy Springs-Roswell, GA","13","Georgia","085","Dawson","34.3762272381086","-84.0595064747239"
"10/22/1990","AQS","130850001","2","0.016","ppm","15","Dawsonville","17","100.0000","44201","Ozone","014","12060","Atlanta-Sandy Springs-Roswell, GA","13","Georgia","085","Dawson","34.3762272381086","-84.0595064747239"
"10/23/1990","AQS","130850001","2","0.031","ppm","29","Dawsonville","14","82.0000","44201","Ozone","014","12060","Atlanta-Sandy Springs-Roswell, GA","13","Georgia","085","Dawson","34.3762272381086","-84.0595064747239"
"10/24/1990","AQS","130850001","2","0.036","ppm","33","Dawsonville","17","100.0000","44201","Ozone","014","12060","Atlanta-Sandy Springs-Roswell, GA","13","Georgia","085","Dawson","34.3762272381086","-84.0595064747239"
"10/25/1990","AQS","130850001","2","0.025","ppm","23","Dawsonville","17","100.0000","44201","Ozone","014","12060","Atlanta-Sandy Springs-Roswell, GA","13","Georgia","085","Dawson","34.3762272381086","-84.0595064747239"
"10/26/1990","AQS","130850001","2","0.036","ppm","33","Dawsonville","17","100.0000","44201","Ozone","014","12060","Atlanta-Sandy Springs-Roswell, GA","13","Georgia","085","Dawson","34.3762272381086","-84.0595064747239"
"10/27/1990","AQS","130850001","2","0.038","ppm","35","Dawsonville","17","100.0000","44201","Ozone","014","12060","Atlanta-Sandy Springs-Roswell, GA","13","Georgia","085","Dawson","34.3762272381086","-84.0595064747239"
"10/28/1990","AQS","130850001","2","0.041","ppm","38","Dawsonville","17","100.0000","44201","Ozone","014","12060","Atlanta-Sandy Springs-Roswell, GA","13","Georgia","085","Dawson","34.3762272381086","-84.0595064747239"
"10/29/1990","AQS","130850001","2","0.045","ppm","42","Dawsonville","17","100.0000","44201","Ozone","014","12060","Atlanta-Sandy Springs-Roswell, GA","13","Georgia","085","Dawson","34.3762272381086","-84.0595064747239"
"10/30/1990","AQS","130850001","2","0.054","ppm","50","Dawsonville","16","94.0000","44201","Ozone","014","12060","Atlanta-Sandy Springs-Roswell, GA","13","Georgia","085","Dawson","34.3762272381086","-84.0595064747239"
"10/31/1990","AQS","130850001","2","0.055","ppm","51","Dawsonville","17","100.0000","44201","Ozone","014","12060","Atlanta-Sandy Springs-Roswell, GA","13","Georgia","085","Dawson","34.3762272381086","-84.0595064747239"
"11/01/1990","AQS","130850001","2","0.06","ppm","67","Dawsonville","17","100.0000","44201","Ozone","014","12060","Atlanta-Sandy Springs-Roswell, GA","13","Georgia","085","Dawson","34.3762272381086","-84.0595064747239"
"11/02/1990","AQS","130850001","2","0.071","ppm","101","Dawsonville","17","100.0000","44201","Ozone","014","12060","Atlanta-Sandy Springs-Roswell, GA","13","Georgia","085","Dawson","34.3762272381086","-84.0595064747239"
"11/03/1990","AQS","130850001","2","0.058","ppm","61","Dawsonville","17","100.0000","44201","Ozone","014","12060","Atlanta-Sandy Springs-Roswell, GA","13","Georgia","085","Dawson","34.3762272381086","-84.0595064747239"
"11/04/1990","AQS","130850001","2","0.05","ppm","46","Dawsonville","17","100.0000","44201","Ozone","014","12060","Atlanta-Sandy Springs-Roswell, GA","13","Georgia","085","Dawson","34.3762272381086","-84.0595064747239"
"11/05/1990","AQS","130850001","2","0.032","ppm","30","Dawsonville","17","100.0000","44201","Ozone","014","12060","Atlanta-Sandy Springs-Roswell, GA","13","Georgia","085","Dawson","34.3762272381086","-84.0595064747239"
"11/06/1990","AQS","130850001","2","0.038","ppm","35","Dawsonville","16","94.0000","44201","Ozone","014","12060","Atlanta-Sandy Springs-Roswell, GA","13","Georgia","085","Dawson","34.3762272381086","-84.0595064747239"
"11/07/1990","AQS","130850001","2","0.044","ppm","41","Dawsonville","17","100.0000","44201","Ozone","014","12060","Atlanta-Sandy Springs-Roswell, GA","13","Georgia","085","Dawson","34.3762272381086","-84.0595064747239"
"11/08/1990","AQS","130850001","2","0.028","ppm","26","Dawsonville","17","100.0000","44201","Ozone","014","12060","Atlanta-Sandy Springs-Roswell, GA","13","Georgia","085","Dawson","34.3762272381086","-84.0595064747239"
"11/09/1990","AQS","130850001","2","0.026","ppm","24","Dawsonville","17","100.0000","44201","Ozone","014","12060","Atlanta-Sandy Springs-Roswell, GA","13","Georgia","085","Dawson","34.3762272381086","-84.0595064747239"
"11/10/1990","AQS","130850001","2","0.027","ppm","25","Dawsonville","17","100.0000","44201","Ozone","014","12060","Atlanta-Sandy Springs-Roswell, GA","13","Georgia","085","Dawson","34.3762272381086","-84.0595064747239"
"11/11/1990","AQS","130850001","2","0.037","ppm","34","Dawsonville","17","100.0000","44201","Ozone","014","12060","Atlanta-Sandy Springs-Roswell, GA","13","Georgia","085","Dawson","34.3762272381086","-84.0595064747239"
"11/12/1990","AQS","130850001","2","0.046","ppm","43","Dawsonville","17","100.0000","44201","Ozone","014","12060","Atlanta-Sandy Springs-Roswell, GA","13","Georgia","085","Dawson","34.3762272381086","-84.0595064747239"
"11/13/1990","AQS","130850001","2","0.036","ppm","33","Dawsonville","14","82.0000","44201","Ozone","014","12060","Atlanta-Sandy Springs-Roswell, GA","13","Georgia","085","Dawson","34.3762272381086","-84.0595064747239"
"11/14/1990","AQS","130850001","2","0.048","ppm","44","Dawsonville","17","100.0000","44201","Ozone","014","12060","Atlanta-Sandy Springs-Roswell, GA","13","Georgia","085","Dawson","34.3762272381086","-84.0595064747239"
"11/15/1990","AQS","130850001","2","0.059","ppm","64","Dawsonville","17","100.0000","44201","Ozone","014","12060","Atlanta-Sandy Springs-Roswell, GA","13","Georgia","085","Dawson","34.3762272381086","-84.0595064747239"
"11/16/1990","AQS","130850001","2","0.055","ppm","51","Dawsonville","17","100.0000","44201","Ozone","014","12060","Atlanta-Sandy Springs-Roswell, GA","13","Georgia","085","Dawson","34.3762272381086","-84.0595064747239"
"11/17/1990","AQS","130850001","2","0.039","ppm","36","Dawsonville","17","100.0000","44201","Ozone","014","12060","Atlanta-Sandy Springs-Roswell, GA","13","Georgia","085","Dawson","34.3762272381086","-84.0595064747239"
"11/18/1990","AQS","130850001","2","0.045","ppm","42","Dawsonville","17","100.0000","44201","Ozone","014","12060","Atlanta-Sandy Springs-Roswell, GA","13","Georgia","085","Dawson","34.3762272381086","-84.0595064747239"
"11/19/1990","AQS","130850001","2","0.048","ppm","44","Dawsonville","17","100.0000","44201","Ozone","014","12060","Atlanta-Sandy Springs-Roswell, GA","13","Georgia","085","Dawson","34.3762272381086","-84.0595064747239"
"11/20/1990","AQS","130850001","2","0.05","ppm","46","Dawsonville","14","82.0000","44201","Ozone","014","12060","Atlanta-Sandy Springs-Roswell, GA","13","Georgia","085","Dawson","34.3762272381086","-84.0595064747239"
"11/21/1990","AQS","130850001","2","0.051","ppm","47","Dawsonville","17","100.0000","44201","Ozone","014","12060","Atlanta-Sandy Springs-Roswell, GA","13","Georgia","085","Dawson","34.3762272381086","-84.0595064747239"
"11/22/1990","AQS","130850001","2","0.058","ppm","61","Dawsonville","17","100.0000","44201","Ozone","014","12060","Atlanta-Sandy Springs-Roswell, GA","13","Georgia","085","Dawson","34.3762272381086","-84.0595064747239"
"11/23/1990","AQS","130850001","2","0.033","ppm","31","Dawsonville","17","100.0000","44201","Ozone","014","12060","Atlanta-Sandy Springs-Roswell, GA","13","Georgia","085","Dawson","34.3762272381086","-84.0595064747239"
"11/24/1990","AQS","130850001","2","0.034","ppm","31","Dawsonville","17","100.0000","44201","Ozone","014","12060","Atlanta-Sandy Springs-Roswell, GA","13","Georgia","085","Dawson","34.3762272381086","-84.0595064747239"
"11/25/1990","AQS","130850001","2","0.046","ppm","43","Dawsonville","17","100.0000","44201","Ozone","014","12060","Atlanta-Sandy Springs-Roswell, GA","13","Georgia","085","Dawson","34.3762272381086","-84.0595064747239"
"11/26/1990","AQS","130850001","2","0.036","ppm","33","Dawsonville","17","100.0000","44201","Ozone","014","12060","Atlanta-Sandy Springs-Roswell, GA","13","Georgia","085","Dawson","34.3762272381086","-84.0595064747239"
"11/27/1990","AQS","130850001","2","0.045","ppm","42","Dawsonville","16","94.0000","44201","Ozone","014","12060","Atlanta-Sandy Springs-Roswell, GA","13","Georgia","085","Dawson","34.3762272381086","-84.0595064747239"
"11/28/1990","AQS","130850001","2","0.033","ppm","31","Dawsonville","17","100.0000","44201","Ozone","014","12060","Atlanta-Sandy Springs-Roswell, GA","13","Georgia","085","Dawson","34.3762272381086","-84.0595064747239"
"11/29/1990","AQS","130850001","2","0.034","ppm","31","Dawsonville","17","100.0000","44201","Ozone","014","12060","Atlanta-Sandy Springs-Roswell, GA","13","Georgia","085","Dawson","34.3762272381086","-84.0595064747239"
"03/01/1990","AQS","130850001","5","0.037","ppm","34","Dawsonville","17","100.0000","44201","Ozone","014","12060","Atlanta-Sandy Springs-Roswell, GA","13","Georgia","085","Dawson","34.3762272381086","-84.0595064747239"
"03/02/1990","AQS","130850001","5","0.028","ppm","26","Dawsonville","17","100.0000","44201","Ozone","014","12060","Atlanta-Sandy Springs-Roswell, GA","13","Georgia","085","Dawson","34.3762272381086","-84.0595064747239"
"03/03/1990","AQS","130850001","5","0.042","ppm","39","Dawsonville","17","100.0000","44201","Ozone","014","12060","Atlanta-Sandy Springs-Roswell, GA","13","Georgia","085","Dawson","34.3762272381086","-84.0595064747239"
"03/04/1990","AQS","130850001","5","0.052","ppm","48","Dawsonville","17","100.0000","44201","Ozone","014","12060","Atlanta-Sandy Springs-Roswell, GA","13","Georgia","085","Dawson","34.3762272381086","-84.0595064747239"
"03/05/1990","AQS","130850001","5","0.06","ppm","67","Dawsonville","17","100.0000","44201","Ozone","014","12060","Atlanta-Sandy Springs-Roswell, GA","13","Georgia","085","Dawson","34.3762272381086","-84.0595064747239"
"03/06/1990","AQS","130850001","5","0.063","ppm","77","Dawsonville","16","94.0000","44201","Ozone","014","12060","Atlanta-Sandy Springs-Roswell, GA","13","Georgia","085","Dawson","34.3762272381086","-84.0595064747239"
"03/07/1990","AQS","130850001","5","0.034","ppm","31","Dawsonville","17","100.0000","44201","Ozone","014","12060","Atlanta-Sandy Springs-Roswell, GA","13","Georgia","085","Dawson","34.3762272381086","-84.0595064747239"
"03/08/1990","AQS","130850001","5","0.026","ppm","24","Dawsonville","17","100.0000","44201","Ozone","014","12060","Atlanta-Sandy Springs-Roswell, GA","13","Georgia","085","Dawson","34.3762272381086","-84.0595064747239"
"03/09/1990","AQS","130850001","5","0.019","ppm","18","Dawsonville","17","100.0000","44201","Ozone","014","12060","Atlanta-Sandy Springs-Roswell, GA","13","Georgia","085","Dawson","34.3762272381086","-84.0595064747239"
"03/10/1990","AQS","130850001","5","0.037","ppm","34","Dawsonville","17","100.0000","44201","Ozone","014","12060","Atlanta-Sandy Springs-Roswell, GA","13","Georgia","085","Dawson","34.3762272381086","-84.0595064747239"
"03/11/1990","AQS","130850001","5","0.064","ppm","80","Dawsonville","17","100.0000","44201","Ozone","014","12060","Atlanta-Sandy Springs-Roswell, GA","13","Georgia","085","Dawson","34.3762272381086","-84.0595064747239"
"03/12/1990","AQS","130850001","5","0.043","ppm","40","Dawsonville","17","100.0000","44201","Ozone","014","12060","Atlanta-Sandy Springs-Roswell, GA","13","Georgia","085","Dawson","34.3762272381086","-84.0595064747239"
"03/13/1990","AQS","130850001","5","0.066","ppm","87","Dawsonville","16","94.0000","44201","Ozone","014","12060","Atlanta-Sandy Springs-Roswell, GA","13","Georgia","085","Dawson","34.3762272381086","-84.0595064747239"
"03/14/1990","AQS","130850001","5","0.053","ppm","49","Dawsonville","17","100.0000","44201","Ozone","014","12060","Atlanta-Sandy Springs-Roswell, GA","13","Georgia","085","Dawson","34.3762272381086","-84.0595064747239"
"03/15/1990","AQS","130850001","5","0.042","ppm","39","Dawsonville","17","100.0000","44201","Ozone","014","12060","Atlanta-Sandy Springs-Roswell, GA","13","Georgia","085","Dawson","34.3762272381086","-84.0595064747239"
"03/16/1990","AQS","130850001","5","0.03","ppm","28","Dawsonville","17","100.0000","44201","Ozone","014","12060","Atlanta-Sandy Springs-Roswell, GA","13","Georgia","085","Dawson","34.3762272381086","-84.0595064747239"
"03/17/1990","AQS","130850001","5","0.047","ppm","44","Dawsonville","17","100.0000","44201","Ozone","014","12060","Atlanta-Sandy Springs-Roswell, GA","13","Georgia","085","Dawson","34.3762272381086","-84.0595064747239"
"03/18/1990","AQS","130850001","5","0.046","ppm","43","Dawsonville","17","100.0000","44201","Ozone","014","12060","Atlanta-Sandy Springs-Roswell, GA","13","Georgia","085","Dawson","34.3762272381086","-84.0595064747239"
"03/19/1990","AQS","130850001","5","0.048","ppm","44","Dawsonville","17","100.0000","44201","Ozone","014","12060","Atlanta-Sandy Springs-Roswell, GA","13","Georgia","085","Dawson","34.3762272381086","-84.0595064747239"
"03/20/1990","AQS","130850001","5","0.042","ppm","39","Dawsonville","16","94.0000","44201","Ozone","014","12060","Atlanta-Sandy Springs-Roswell, GA","13","Georgia","085","Dawson","34.3762272381086","-84.0595064747239"
"03/21/1990","AQS","130850001","5","0.049","ppm","45","Dawsonville","17","100.0000","44201","Ozone","014","12060","Atlanta-Sandy Springs-Roswell, GA","13","Georgia","085","Dawson","34.3762272381086","-84.0595064747239"
"03/22/1990","AQS","130850001","5","0.065","ppm","84","Dawsonville","17","100.0000","44201","Ozone","014","12060","Atlanta-Sandy Springs-Roswell, GA","13","Georgia","085","Dawson","34.3762272381086","-84.0595064747239"
"03/23/1990","AQS","130850001","5","0.072","ppm","105","Dawsonville","17","100.0000","44201","Ozone","014","12060","Atlanta-Sandy Springs-Roswell, GA","13","Georgia","085","Dawson","34.3762272381086","-84.0595064747239"
"03/24/1990","AQS","130850001","5","0.07","ppm","100","Dawsonville","17","100.0000","44201","Ozone","014","12060","Atlanta-Sandy Springs-Roswell, GA","13","Georgia","085","Dawson","34.3762272381086","-84.0595064747239"
"03/25/1990","AQS","130850001","5","0.048","ppm","44","Dawsonville","17","100.0000","44201","Ozone","014","12060","Atlanta-Sandy Springs-Roswell, GA","13","Georgia","085","Dawson","34.3762272381086","-84.0595064747239"
"03/26/1990","AQS","130850001","5","0.03","ppm","28","Dawsonville","17","100.0000","44201","Ozone","014","12060","Atlanta-Sandy Springs-Roswell, GA","13","Georgia","085","Dawson","34.3762272381086","-84.0595064747239"
"03/27/1990","AQS","130850001","5","0.055","ppm","51","Dawsonville","16","94.0000","44201","Ozone","014","12060","Atlanta-Sandy Springs-Roswell, GA","13","Georgia","085","Dawson","34.3762272381086","-84.0595064747239"
"03/28/1990","AQS","130850001","5","0.064","ppm","80","Dawsonville","17","100.0000","44201","Ozone","014","12060","Atlanta-Sandy Springs-Roswell, GA","13","Georgia","085","Dawson","34.3762272381086","-84.0595064747239"
"03/29/1990","AQS","130850001","5","0.042","ppm","39","Dawsonville","17","100.0000","44201","Ozone","014","12060","Atlanta-Sandy Springs-Roswell, GA","13","Georgia","085","Dawson","34.3762272381086","-84.0595064747239"
"03/30/1990","AQS","130850001","5","0.03","ppm","28","Dawsonville","17","100.0000","44201","Ozone","014","12060","Atlanta-Sandy Springs-Roswell, GA","13","Georgia","085","Dawson","34.3762272381086","-84.0595064747239"
"03/31/1990","AQS","130850001","5","0.043","ppm","40","Dawsonville","17","100.0000","44201","Ozone","014","12060","Atlanta-Sandy Springs-Roswell, GA","13","Georgia","085","Dawson","34.3762272381086","-84.0595064747239"
"04/01/1990","AQS","130850001","5","0.05","ppm","46","Dawsonville","17","100.0000","44201","Ozone","014","12060","Atlanta-Sandy Springs-Roswell, GA","13","Georgia","085","Dawson","34.3762272381086","-84.0595064747239"
"04/02/1990","AQS","130850001","5","0.051","ppm","47","Dawsonville","17","100.0000","44201","Ozone","014","12060","Atlanta-Sandy Springs-Roswell, GA","13","Georgia","085","Dawson","34.3762272381086","-84.0595064747239"
"04/03/1990","AQS","130850001","5","0.038","ppm","35","Dawsonville","16","94.0000","44201","Ozone","014","12060","Atlanta-Sandy Springs-Roswell, GA","13","Georgia","085","Dawson","34.3762272381086","-84.0595064747239"
"04/04/1990","AQS","130850001","5","0.056","ppm","54","Dawsonville","17","100.0000","44201","Ozone","014","12060","Atlanta-Sandy Springs-Roswell, GA","13","Georgia","085","Dawson","34.3762272381086","-84.0595064747239"
"04/05/1990","AQS","130850001","5","0.067","ppm","90","Dawsonville","17","100.0000","44201","Ozone","014","12060","Atlanta-Sandy Springs-Roswell, GA","13","Georgia","085","Dawson","34.3762272381086","-84.0595064747239"
"04/06/1990","AQS","130850001","5","0.051","ppm","47","Dawsonville","17","100.0000","44201","Ozone","014","12060","Atlanta-Sandy Springs-Roswell, GA","13","Georgia","085","Dawson","34.3762272381086","-84.0595064747239"
"04/07/1990","AQS","130850001","5","0.048","ppm","44","Dawsonville","17","100.0000","44201","Ozone","014","12060","Atlanta-Sandy Springs-Roswell, GA","13","Georgia","085","Dawson","34.3762272381086","-84.0595064747239"
"04/08/1990","AQS","130850001","5","0.057","ppm","58","Dawsonville","17","100.0000","44201","Ozone","014","12060","Atlanta-Sandy Springs-Roswell, GA","13","Georgia","085","Dawson","34.3762272381086","-84.0595064747239"
"04/09/1990","AQS","130850001","5","0.069","ppm","97","Dawsonville","17","100.0000","44201","Ozone","014","12060","Atlanta-Sandy Springs-Roswell, GA","13","Georgia","085","Dawson","34.3762272381086","-84.0595064747239"
"04/10/1990","AQS","130850001","5","0.041","ppm","38","Dawsonville","16","94.0000","44201","Ozone","014","12060","Atlanta-Sandy Springs-Roswell, GA","13","Georgia","085","Dawson","34.3762272381086","-84.0595064747239"
"04/11/1990","AQS","130850001","5","0.046","ppm","43","Dawsonville","17","100.0000","44201","Ozone","014","12060","Atlanta-Sandy Springs-Roswell, GA","13","Georgia","085","Dawson","34.3762272381086","-84.0595064747239"
"04/12/1990","AQS","130850001","5","0.051","ppm","47","Dawsonville","17","100.0000","44201","Ozone","014","12060","Atlanta-Sandy Springs-Roswell, GA","13","Georgia","085","Dawson","34.3762272381086","-84.0595064747239"
"04/13/1990","AQS","130850001","5","0.062","ppm","74","Dawsonville","17","100.0000","44201","Ozone","014","12060","Atlanta-Sandy Springs-Roswell, GA","13","Georgia","085","Dawson","34.3762272381086","-84.0595064747239"
"04/14/1990","AQS","130850001","5","0.066","ppm","87","Dawsonville","17","100.0000","44201","Ozone","014","12060","Atlanta-Sandy Springs-Roswell, GA","13","Georgia","085","Dawson","34.3762272381086","-84.0595064747239"
"04/15/1990","AQS","130850001","5","0.05","ppm","46","Dawsonville","17","100.0000","44201","Ozone","014","12060","Atlanta-Sandy Springs-Roswell, GA","13","Georgia","085","Dawson","34.3762272381086","-84.0595064747239"
"04/16/1990","AQS","130850001","5","0.056","ppm","54","Dawsonville","17","100.0000","44201","Ozone","014","12060","Atlanta-Sandy Springs-Roswell, GA","13","Georgia","085","Dawson","34.3762272381086","-84.0595064747239"
"04/17/1990","AQS","130850001","5","0.064","ppm","80","Dawsonville","16","94.0000","44201","Ozone","014","12060","Atlanta-Sandy Springs-Roswell, GA","13","Georgia","085","Dawson","34.3762272381086","-84.0595064747239"
"04/18/1990","AQS","130850001","5","0.056","ppm","54","Dawsonville","17","100.0000","44201","Ozone","014","12060","Atlanta-Sandy Springs-Roswell, GA","13","Georgia","085","Dawson","34.3762272381086","-84.0595064747239"
"04/19/1990","AQS","130850001","5","0.057","ppm","58","Dawsonville","17","100.0000","44201","Ozone","014","12060","Atlanta-Sandy Springs-Roswell, GA","13","Georgia","085","Dawson","34.3762272381086","-84.0595064747239"
"04/20/1990","AQS","130850001","5","0.051","ppm","47","Dawsonville","17","100.0000","44201","Ozone","014","12060","Atlanta-Sandy Springs-Roswell, GA","13","Georgia","085","Dawson","34.3762272381086","-84.0595064747239"
"04/21/1990","AQS","130850001","5","0.041","ppm","38","Dawsonville","17","100.0000","44201","Ozone","014","12060","Atlanta-Sandy Springs-Roswell, GA","13","Georgia","085","Dawson","34.3762272381086","-84.0595064747239"
"04/22/1990","AQS","130850001","5","0.052","ppm","48","Dawsonville","17","100.0000","44201","Ozone","014","12060","Atlanta-Sandy Springs-Roswell, GA","13","Georgia","085","Dawson","34.3762272381086","-84.0595064747239"
"04/23/1990","AQS","130850001","5","0.061","ppm","71","Dawsonville","17","100.0000","44201","Ozone","014","12060","Atlanta-Sandy Springs-Roswell, GA","13","Georgia","085","Dawson","34.3762272381086","-84.0595064747239"
"04/24/1990","AQS","130850001","5","0.069","ppm","97","Dawsonville","16","94.0000","44201","Ozone","014","12060","Atlanta-Sandy Springs-Roswell, GA","13","Georgia","085","Dawson","34.3762272381086","-84.0595064747239"
"04/25/1990","AQS","130850001","5","0.081","ppm","136","Dawsonville","17","100.0000","44201","Ozone","014","12060","Atlanta-Sandy Springs-Roswell, GA","13","Georgia","085","Dawson","34.3762272381086","-84.0595064747239"
"04/26/1990","AQS","130850001","5","0.082","ppm","140","Dawsonville","17","100.0000","44201","Ozone","014","12060","Atlanta-Sandy Springs-Roswell, GA","13","Georgia","085","Dawson","34.3762272381086","-84.0595064747239"
"04/27/1990","AQS","130850001","5","0.066","ppm","87","Dawsonville","17","100.0000","44201","Ozone","014","12060","Atlanta-Sandy Springs-Roswell, GA","13","Georgia","085","Dawson","34.3762272381086","-84.0595064747239"
"04/28/1990","AQS","130850001","5","0.039","ppm","36","Dawsonville","17","100.0000","44201","Ozone","014","12060","Atlanta-Sandy Springs-Roswell, GA","13","Georgia","085","Dawson","34.3762272381086","-84.0595064747239"
"04/29/1990","AQS","130850001","5","0.058","ppm","61","Dawsonville","17","100.0000","44201","Ozone","014","12060","Atlanta-Sandy Springs-Roswell, GA","13","Georgia","085","Dawson","34.3762272381086","-84.0595064747239"
"04/30/1990","AQS","130850001","5","0.044","ppm","41","Dawsonville","17","100.0000","44201","Ozone","014","12060","Atlanta-Sandy Springs-Roswell, GA","13","Georgia","085","Dawson","34.3762272381086","-84.0595064747239"
"05/01/1990","AQS","130850001","5","0.058","ppm","61","Dawsonville","15","88.0000","44201","Ozone","014","12060","Atlanta-Sandy Springs-Roswell, GA","13","Georgia","085","Dawson","34.3762272381086","-84.0595064747239"
"05/02/1990","AQS","130850001","5","0.064","ppm","80","Dawsonville","17","100.0000","44201","Ozone","014","12060","Atlanta-Sandy Springs-Roswell, GA","13","Georgia","085","Dawson","34.3762272381086","-84.0595064747239"
"05/03/1990","AQS","130850001","5","0.057","ppm","58","Dawsonville","17","100.0000","44201","Ozone","014","12060","Atlanta-Sandy Springs-Roswell, GA","13","Georgia","085","Dawson","34.3762272381086","-84.0595064747239"
"05/04/1990","AQS","130850001","5","0.049","ppm","45","Dawsonville","17","100.0000","44201","Ozone","014","12060","Atlanta-Sandy Springs-Roswell, GA","13","Georgia","085","Dawson","34.3762272381086","-84.0595064747239"
"05/05/1990","AQS","130850001","5","0.047","ppm","44","Dawsonville","17","100.0000","44201","Ozone","014","12060","Atlanta-Sandy Springs-Roswell, GA","13","Georgia","085","Dawson","34.3762272381086","-84.0595064747239"
"05/06/1990","AQS","130850001","5","0.051","ppm","47","Dawsonville","17","100.0000","44201","Ozone","014","12060","Atlanta-Sandy Springs-Roswell, GA","13","Georgia","085","Dawson","34.3762272381086","-84.0595064747239"
"05/07/1990","AQS","130850001","5","0.064","ppm","80","Dawsonville","17","100.0000","44201","Ozone","014","12060","Atlanta-Sandy Springs-Roswell, GA","13","Georgia","085","Dawson","34.3762272381086","-84.0595064747239"
"05/08/1990","AQS","130850001","5","0.077","ppm","122","Dawsonville","16","94.0000","44201","Ozone","014","12060","Atlanta-Sandy Springs-Roswell, GA","13","Georgia","085","Dawson","34.3762272381086","-84.0595064747239"
"05/09/1990","AQS","130850001","5","0.036","ppm","33","Dawsonville","17","100.0000","44201","Ozone","014","12060","Atlanta-Sandy Springs-Roswell, GA","13","Georgia","085","Dawson","34.3762272381086","-84.0595064747239"
"05/10/1990","AQS","130850001","5","0.044","ppm","41","Dawsonville","17","100.0000","44201","Ozone","014","12060","Atlanta-Sandy Springs-Roswell, GA","13","Georgia","085","Dawson","34.3762272381086","-84.0595064747239"
"05/11/1990","AQS","130850001","5","0.052","ppm","48","Dawsonville","17","100.0000","44201","Ozone","014","12060","Atlanta-Sandy Springs-Roswell, GA","13","Georgia","085","Dawson","34.3762272381086","-84.0595064747239"
"05/12/1990","AQS","130850001","5","0.065","ppm","84","Dawsonville","17","100.0000","44201","Ozone","014","12060","Atlanta-Sandy Springs-Roswell, GA","13","Georgia","085","Dawson","34.3762272381086","-84.0595064747239"
"05/13/1990","AQS","130850001","5","0.042","ppm","39","Dawsonville","17","100.0000","44201","Ozone","014","12060","Atlanta-Sandy Springs-Roswell, GA","13","Georgia","085","Dawson","34.3762272381086","-84.0595064747239"
"05/14/1990","AQS","130850001","5","0.058","ppm","61","Dawsonville","17","100.0000","44201","Ozone","014","12060","Atlanta-Sandy Springs-Roswell, GA","13","Georgia","085","Dawson","34.3762272381086","-84.0595064747239"
"05/15/1990","AQS","130850001","5","0.095","ppm","174","Dawsonville","16","94.0000","44201","Ozone","014","12060","Atlanta-Sandy Springs-Roswell, GA","13","Georgia","085","Dawson","34.3762272381086","-84.0595064747239"
"05/16/1990","AQS","130850001","5","0.067","ppm","90","Dawsonville","17","100.0000","44201","Ozone","014","12060","Atlanta-Sandy Springs-Roswell, GA","13","Georgia","085","Dawson","34.3762272381086","-84.0595064747239"
"05/17/1990","AQS","130850001","5","0.048","ppm","44","Dawsonville","17","100.0000","44201","Ozone","014","12060","Atlanta-Sandy Springs-Roswell, GA","13","Georgia","085","Dawson","34.3762272381086","-84.0595064747239"
"05/18/1990","AQS","130850001","5","0.054","ppm","50","Dawsonville","17","100.0000","44201","Ozone","014","12060","Atlanta-Sandy Springs-Roswell, GA","13","Georgia","085","Dawson","34.3762272381086","-84.0595064747239"
"05/19/1990","AQS","130850001","5","0.064","ppm","80","Dawsonville","17","100.0000","44201","Ozone","014","12060","Atlanta-Sandy Springs-Roswell, GA","13","Georgia","085","Dawson","34.3762272381086","-84.0595064747239"
"05/22/1990","AQS","130850001","5","0.042","ppm","39","Dawsonville","16","94.0000","44201","Ozone","014","12060","Atlanta-Sandy Springs-Roswell, GA","13","Georgia","085","Dawson","34.3762272381086","-84.0595064747239"
"05/23/1990","AQS","130850001","5","0.049","ppm","45","Dawsonville","17","100.0000","44201","Ozone","014","12060","Atlanta-Sandy Springs-Roswell, GA","13","Georgia","085","Dawson","34.3762272381086","-84.0595064747239"
"05/24/1990","AQS","130850001","5","0.087","ppm","154","Dawsonville","17","100.0000","44201","Ozone","014","12060","Atlanta-Sandy Springs-Roswell, GA","13","Georgia","085","Dawson","34.3762272381086","-84.0595064747239"
"05/25/1990","AQS","130850001","5","0.083","ppm","143","Dawsonville","17","100.0000","44201","Ozone","014","12060","Atlanta-Sandy Springs-Roswell, GA","13","Georgia","085","Dawson","34.3762272381086","-84.0595064747239"
"05/26/1990","AQS","130850001","5","0.061","ppm","71","Dawsonville","17","100.0000","44201","Ozone","014","12060","Atlanta-Sandy Springs-Roswell, GA","13","Georgia","085","Dawson","34.3762272381086","-84.0595064747239"
"05/27/1990","AQS","130850001","5","0.036","ppm","33","Dawsonville","17","100.0000","44201","Ozone","014","12060","Atlanta-Sandy Springs-Roswell, GA","13","Georgia","085","Dawson","34.3762272381086","-84.0595064747239"
"05/28/1990","AQS","130850001","5","0.041","ppm","38","Dawsonville","17","100.0000","44201","Ozone","014","12060","Atlanta-Sandy Springs-Roswell, GA","13","Georgia","085","Dawson","34.3762272381086","-84.0595064747239"
"05/29/1990","AQS","130850001","5","0.059","ppm","64","Dawsonville","15","88.0000","44201","Ozone","014","12060","Atlanta-Sandy Springs-Roswell, GA","13","Georgia","085","Dawson","34.3762272381086","-84.0595064747239"
"05/30/1990","AQS","130850001","5","0.054","ppm","50","Dawsonville","17","100.0000","44201","Ozone","014","12060","Atlanta-Sandy Springs-Roswell, GA","13","Georgia","085","Dawson","34.3762272381086","-84.0595064747239"
"05/31/1990","AQS","130850001","5","0.068","ppm","93","Dawsonville","17","100.0000","44201","Ozone","014","12060","Atlanta-Sandy Springs-Roswell, GA","13","Georgia","085","Dawson","34.3762272381086","-84.0595064747239"
"06/01/1990","AQS","130850001","5","0.039","ppm","36","Dawsonville","17","100.0000","44201","Ozone","014","12060","Atlanta-Sandy Springs-Roswell, GA","13","Georgia","085","Dawson","34.3762272381086","-84.0595064747239"
"06/02/1990","AQS","130850001","5","0.028","ppm","26","Dawsonville","17","100.0000","44201","Ozone","014","12060","Atlanta-Sandy Springs-Roswell, GA","13","Georgia","085","Dawson","34.3762272381086","-84.0595064747239"
"06/03/1990","AQS","130850001","5","0.037","ppm","34","Dawsonville","17","100.0000","44201","Ozone","014","12060","Atlanta-Sandy Springs-Roswell, GA","13","Georgia","085","Dawson","34.3762272381086","-84.0595064747239"
"06/04/1990","AQS","130850001","5","0.052","ppm","48","Dawsonville","17","100.0000","44201","Ozone","014","12060","Atlanta-Sandy Springs-Roswell, GA","13","Georgia","085","Dawson","34.3762272381086","-84.0595064747239"
"06/05/1990","AQS","130850001","5","0.071","ppm","101","Dawsonville","16","94.0000","44201","Ozone","014","12060","Atlanta-Sandy Springs-Roswell, GA","13","Georgia","085","Dawson","34.3762272381086","-84.0595064747239"
"06/06/1990","AQS","130850001","5","0.082","ppm","140","Dawsonville","17","100.0000","44201","Ozone","014","12060","Atlanta-Sandy Springs-Roswell, GA","13","Georgia","085","Dawson","34.3762272381086","-84.0595064747239"
"06/07/1990","AQS","130850001","5","0.052","ppm","48","Dawsonville","17","100.0000","44201","Ozone","014","12060","Atlanta-Sandy Springs-Roswell, GA","13","Georgia","085","Dawson","34.3762272381086","-84.0595064747239"
"06/08/1990","AQS","130850001","5","0.051","ppm","47","Dawsonville","17","100.0000","44201","Ozone","014","12060","Atlanta-Sandy Springs-Roswell, GA","13","Georgia","085","Dawson","34.3762272381086","-84.0595064747239"
"06/09/1990","AQS","130850001","5","0.04","ppm","37","Dawsonville","17","100.0000","44201","Ozone","014","12060","Atlanta-Sandy Springs-Roswell, GA","13","Georgia","085","Dawson","34.3762272381086","-84.0595064747239"
"06/10/1990","AQS","130850001","5","0.052","ppm","48","Dawsonville","17","100.0000","44201","Ozone","014","12060","Atlanta-Sandy Springs-Roswell, GA","13","Georgia","085","Dawson","34.3762272381086","-84.0595064747239"
"06/11/1990","AQS","130850001","5","0.051","ppm","47","Dawsonville","17","100.0000","44201","Ozone","014","12060","Atlanta-Sandy Springs-Roswell, GA","13","Georgia","085","Dawson","34.3762272381086","-84.0595064747239"
"06/12/1990","AQS","130850001","5","0.08","ppm","133","Dawsonville","17","100.0000","44201","Ozone","014","12060","Atlanta-Sandy Springs-Roswell, GA","13","Georgia","085","Dawson","34.3762272381086","-84.0595064747239"
"06/13/1990","AQS","130850001","5","0.086","ppm","151","Dawsonville","17","100.0000","44201","Ozone","014","12060","Atlanta-Sandy Springs-Roswell, GA","13","Georgia","085","Dawson","34.3762272381086","-84.0595064747239"
"06/14/1990","AQS","130850001","5","0.061","ppm","71","Dawsonville","17","100.0000","44201","Ozone","014","12060","Atlanta-Sandy Springs-Roswell, GA","13","Georgia","085","Dawson","34.3762272381086","-84.0595064747239"
"06/15/1990","AQS","130850001","5","0.053","ppm","49","Dawsonville","17","100.0000","44201","Ozone","014","12060","Atlanta-Sandy Springs-Roswell, GA","13","Georgia","085","Dawson","34.3762272381086","-84.0595064747239"
"06/16/1990","AQS","130850001","5","0.054","ppm","50","Dawsonville","17","100.0000","44201","Ozone","014","12060","Atlanta-Sandy Springs-Roswell, GA","13","Georgia","085","Dawson","34.3762272381086","-84.0595064747239"
"06/17/1990","AQS","130850001","5","0.055","ppm","51","Dawsonville","17","100.0000","44201","Ozone","014","12060","Atlanta-Sandy Springs-Roswell, GA","13","Georgia","085","Dawson","34.3762272381086","-84.0595064747239"
"06/18/1990","AQS","130850001","5","0.067","ppm","90","Dawsonville","17","100.0000","44201","Ozone","014","12060","Atlanta-Sandy Springs-Roswell, GA","13","Georgia","085","Dawson","34.3762272381086","-84.0595064747239"
"06/19/1990","AQS","130850001","5","0.056","ppm","54","Dawsonville","16","94.0000","44201","Ozone","014","12060","Atlanta-Sandy Springs-Roswell, GA","13","Georgia","085","Dawson","34.3762272381086","-84.0595064747239"
"06/20/1990","AQS","130850001","5","0.086","ppm","151","Dawsonville","17","100.0000","44201","Ozone","014","12060","Atlanta-Sandy Springs-Roswell, GA","13","Georgia","085","Dawson","34.3762272381086","-84.0595064747239"
"06/21/1990","AQS","130850001","5","0.056","ppm","54","Dawsonville","17","100.0000","44201","Ozone","014","12060","Atlanta-Sandy Springs-Roswell, GA","13","Georgia","085","Dawson","34.3762272381086","-84.0595064747239"
"06/22/1990","AQS","130850001","5","0.062","ppm","74","Dawsonville","17","100.0000","44201","Ozone","014","12060","Atlanta-Sandy Springs-Roswell, GA","13","Georgia","085","Dawson","34.3762272381086","-84.0595064747239"
"06/23/1990","AQS","130850001","5","0.055","ppm","51","Dawsonville","17","100.0000","44201","Ozone","014","12060","Atlanta-Sandy Springs-Roswell, GA","13","Georgia","085","Dawson","34.3762272381086","-84.0595064747239"
"06/24/1990","AQS","130850001","5","0.048","ppm","44","Dawsonville","17","100.0000","44201","Ozone","014","12060","Atlanta-Sandy Springs-Roswell, GA","13","Georgia","085","Dawson","34.3762272381086","-84.0595064747239"
"06/25/1990","AQS","130850001","5","0.059","ppm","64","Dawsonville","17","100.0000","44201","Ozone","014","12060","Atlanta-Sandy Springs-Roswell, GA","13","Georgia","085","Dawson","34.3762272381086","-84.0595064747239"
"06/26/1990","AQS","130850001","5","0.08","ppm","133","Dawsonville","15","88.0000","44201","Ozone","014","12060","Atlanta-Sandy Springs-Roswell, GA","13","Georgia","085","Dawson","34.3762272381086","-84.0595064747239"
"06/27/1990","AQS","130850001","5","0.08","ppm","133","Dawsonville","17","100.0000","44201","Ozone","014","12060","Atlanta-Sandy Springs-Roswell, GA","13","Georgia","085","Dawson","34.3762272381086","-84.0595064747239"
"06/28/1990","AQS","130850001","5","0.076","ppm","119","Dawsonville","17","100.0000","44201","Ozone","014","12060","Atlanta-Sandy Springs-Roswell, GA","13","Georgia","085","Dawson","34.3762272381086","-84.0595064747239"
"06/29/1990","AQS","130850001","5","0.093","ppm","169","Dawsonville","17","100.0000","44201","Ozone","014","12060","Atlanta-Sandy Springs-Roswell, GA","13","Georgia","085","Dawson","34.3762272381086","-84.0595064747239"
"06/30/1990","AQS","130850001","5","0.075","ppm","115","Dawsonville","17","100.0000","44201","Ozone","014","12060","Atlanta-Sandy Springs-Roswell, GA","13","Georgia","085","Dawson","34.3762272381086","-84.0595064747239"
"07/01/1990","AQS","130850001","5","0.073","ppm","108","Dawsonville","17","100.0000","44201","Ozone","014","12060","Atlanta-Sandy Springs-Roswell, GA","13","Georgia","085","Dawson","34.3762272381086","-84.0595064747239"
"07/02/1990","AQS","130850001","5","0.062","ppm","74","Dawsonville","17","100.0000","44201","Ozone","014","12060","Atlanta-Sandy Springs-Roswell, GA","13","Georgia","085","Dawson","34.3762272381086","-84.0595064747239"
"07/03/1990","AQS","130850001","5","0.072","ppm","105","Dawsonville","16","94.0000","44201","Ozone","014","12060","Atlanta-Sandy Springs-Roswell, GA","13","Georgia","085","Dawson","34.3762272381086","-84.0595064747239"
"07/04/1990","AQS","130850001","5","0.074","ppm","112","Dawsonville","17","100.0000","44201","Ozone","014","12060","Atlanta-Sandy Springs-Roswell, GA","13","Georgia","085","Dawson","34.3762272381086","-84.0595064747239"
"07/05/1990","AQS","130850001","5","0.064","ppm","80","Dawsonville","17","100.0000","44201","Ozone","014","12060","Atlanta-Sandy Springs-Roswell, GA","13","Georgia","085","Dawson","34.3762272381086","-84.0595064747239"
"07/06/1990","AQS","130850001","5","0.066","ppm","87","Dawsonville","17","100.0000","44201","Ozone","014","12060","Atlanta-Sandy Springs-Roswell, GA","13","Georgia","085","Dawson","34.3762272381086","-84.0595064747239"
"07/07/1990","AQS","130850001","5","0.067","ppm","90","Dawsonville","17","100.0000","44201","Ozone","014","12060","Atlanta-Sandy Springs-Roswell, GA","13","Georgia","085","Dawson","34.3762272381086","-84.0595064747239"
"07/08/1990","AQS","130850001","5","0.075","ppm","115","Dawsonville","17","100.0000","44201","Ozone","014","12060","Atlanta-Sandy Springs-Roswell, GA","13","Georgia","085","Dawson","34.3762272381086","-84.0595064747239"
"07/09/1990","AQS","130850001","5","0.097","ppm","179","Dawsonville","17","100.0000","44201","Ozone","014","12060","Atlanta-Sandy Springs-Roswell, GA","13","Georgia","085","Dawson","34.3762272381086","-84.0595064747239"
"07/10/1990","AQS","130850001","5","0.063","ppm","77","Dawsonville","16","94.0000","44201","Ozone","014","12060","Atlanta-Sandy Springs-Roswell, GA","13","Georgia","085","Dawson","34.3762272381086","-84.0595064747239"
"07/11/1990","AQS","130850001","5","0.066","ppm","87","Dawsonville","17","100.0000","44201","Ozone","014","12060","Atlanta-Sandy Springs-Roswell, GA","13","Georgia","085","Dawson","34.3762272381086","-84.0595064747239"
"07/12/1990","AQS","130850001","5","0.031","ppm","29","Dawsonville","17","100.0000","44201","Ozone","014","12060","Atlanta-Sandy Springs-Roswell, GA","13","Georgia","085","Dawson","34.3762272381086","-84.0595064747239"
"07/13/1990","AQS","130850001","5","0.04","ppm","37","Dawsonville","17","100.0000","44201","Ozone","014","12060","Atlanta-Sandy Springs-Roswell, GA","13","Georgia","085","Dawson","34.3762272381086","-84.0595064747239"
"07/14/1990","AQS","130850001","5","0.054","ppm","50","Dawsonville","17","100.0000","44201","Ozone","014","12060","Atlanta-Sandy Springs-Roswell, GA","13","Georgia","085","Dawson","34.3762272381086","-84.0595064747239"
"07/15/1990","AQS","130850001","5","0.053","ppm","49","Dawsonville","17","100.0000","44201","Ozone","014","12060","Atlanta-Sandy Springs-Roswell, GA","13","Georgia","085","Dawson","34.3762272381086","-84.0595064747239"
"07/16/1990","AQS","130850001","5","0.071","ppm","101","Dawsonville","17","100.0000","44201","Ozone","014","12060","Atlanta-Sandy Springs-Roswell, GA","13","Georgia","085","Dawson","34.3762272381086","-84.0595064747239"
"07/17/1990","AQS","130850001","5","0.051","ppm","47","Dawsonville","16","94.0000","44201","Ozone","014","12060","Atlanta-Sandy Springs-Roswell, GA","13","Georgia","085","Dawson","34.3762272381086","-84.0595064747239"
"07/18/1990","AQS","130850001","5","0.042","ppm","39","Dawsonville","17","100.0000","44201","Ozone","014","12060","Atlanta-Sandy Springs-Roswell, GA","13","Georgia","085","Dawson","34.3762272381086","-84.0595064747239"
"07/19/1990","AQS","130850001","5","0.025","ppm","23","Dawsonville","17","100.0000","44201","Ozone","014","12060","Atlanta-Sandy Springs-Roswell, GA","13","Georgia","085","Dawson","34.3762272381086","-84.0595064747239"
"07/20/1990","AQS","130850001","5","0.038","ppm","35","Dawsonville","17","100.0000","44201","Ozone","014","12060","Atlanta-Sandy Springs-Roswell, GA","13","Georgia","085","Dawson","34.3762272381086","-84.0595064747239"
"07/21/1990","AQS","130850001","5","0.042","ppm","39","Dawsonville","17","100.0000","44201","Ozone","014","12060","Atlanta-Sandy Springs-Roswell, GA","13","Georgia","085","Dawson","34.3762272381086","-84.0595064747239"
"07/22/1990","AQS","130850001","5","0.048","ppm","44","Dawsonville","17","100.0000","44201","Ozone","014","12060","Atlanta-Sandy Springs-Roswell, GA","13","Georgia","085","Dawson","34.3762272381086","-84.0595064747239"
"07/23/1990","AQS","130850001","5","0.038","ppm","35","Dawsonville","17","100.0000","44201","Ozone","014","12060","Atlanta-Sandy Springs-Roswell, GA","13","Georgia","085","Dawson","34.3762272381086","-84.0595064747239"
"07/24/1990","AQS","130850001","5","0.047","ppm","44","Dawsonville","17","100.0000","44201","Ozone","014","12060","Atlanta-Sandy Springs-Roswell, GA","13","Georgia","085","Dawson","34.3762272381086","-84.0595064747239"
"07/25/1990","AQS","130850001","5","0.052","ppm","48","Dawsonville","17","100.0000","44201","Ozone","014","12060","Atlanta-Sandy Springs-Roswell, GA","13","Georgia","085","Dawson","34.3762272381086","-84.0595064747239"
"07/26/1990","AQS","130850001","5","0.08","ppm","133","Dawsonville","13","76.0000","44201","Ozone","014","12060","Atlanta-Sandy Springs-Roswell, GA","13","Georgia","085","Dawson","34.3762272381086","-84.0595064747239"
"07/27/1990","AQS","130850001","5","0.075","ppm","115","Dawsonville","17","100.0000","44201","Ozone","014","12060","Atlanta-Sandy Springs-Roswell, GA","13","Georgia","085","Dawson","34.3762272381086","-84.0595064747239"
"07/28/1990","AQS","130850001","5","0.044","ppm","41","Dawsonville","17","100.0000","44201","Ozone","014","12060","Atlanta-Sandy Springs-Roswell, GA","13","Georgia","085","Dawson","34.3762272381086","-84.0595064747239"
"07/29/1990","AQS","130850001","5","0.049","ppm","45","Dawsonville","17","100.0000","44201","Ozone","014","12060","Atlanta-Sandy Springs-Roswell, GA","13","Georgia","085","Dawson","34.3762272381086","-84.0595064747239"
"07/30/1990","AQS","130850001","5","0.076","ppm","119","Dawsonville","13","76.0000","44201","Ozone","014","12060","Atlanta-Sandy Springs-Roswell, GA","13","Georgia","085","Dawson","34.3762272381086","-84.0595064747239"
"07/31/1990","AQS","130850001","5","0.062","ppm","74","Dawsonville","17","100.0000","44201","Ozone","014","12060","Atlanta-Sandy Springs-Roswell, GA","13","Georgia","085","Dawson","34.3762272381086","-84.0595064747239"
"08/01/1990","AQS","130850001","5","0.053","ppm","49","Dawsonville","17","100.0000","44201","Ozone","014","12060","Atlanta-Sandy Springs-Roswell, GA","13","Georgia","085","Dawson","34.3762272381086","-84.0595064747239"
"08/02/1990","AQS","130850001","5","0.056","ppm","54","Dawsonville","17","100.0000","44201","Ozone","014","12060","Atlanta-Sandy Springs-Roswell, GA","13","Georgia","085","Dawson","34.3762272381086","-84.0595064747239"
"08/03/1990","AQS","130850001","5","0.061","ppm","71","Dawsonville","17","100.0000","44201","Ozone","014","12060","Atlanta-Sandy Springs-Roswell, GA","13","Georgia","085","Dawson","34.3762272381086","-84.0595064747239"
"08/04/1990","AQS","130850001","5","0.109","ppm","204","Dawsonville","17","100.0000","44201","Ozone","014","12060","Atlanta-Sandy Springs-Roswell, GA","13","Georgia","085","Dawson","34.3762272381086","-84.0595064747239"
"08/05/1990","AQS","130850001","5","0.068","ppm","93","Dawsonville","17","100.0000","44201","Ozone","014","12060","Atlanta-Sandy Springs-Roswell, GA","13","Georgia","085","Dawson","34.3762272381086","-84.0595064747239"
"08/06/1990","AQS","130850001","5","0.051","ppm","47","Dawsonville","17","100.0000","44201","Ozone","014","12060","Atlanta-Sandy Springs-Roswell, GA","13","Georgia","085","Dawson","34.3762272381086","-84.0595064747239"
"08/07/1990","AQS","130850001","5","0.056","ppm","54","Dawsonville","15","88.0000","44201","Ozone","014","12060","Atlanta-Sandy Springs-Roswell, GA","13","Georgia","085","Dawson","34.3762272381086","-84.0595064747239"
"08/08/1990","AQS","130850001","5","0.055","ppm","51","Dawsonville","17","100.0000","44201","Ozone","014","12060","Atlanta-Sandy Springs-Roswell, GA","13","Georgia","085","Dawson","34.3762272381086","-84.0595064747239"
"08/09/1990","AQS","130850001","5","0.058","ppm","61","Dawsonville","17","100.0000","44201","Ozone","014","12060","Atlanta-Sandy Springs-Roswell, GA","13","Georgia","085","Dawson","34.3762272381086","-84.0595064747239"
"08/10/1990","AQS","130850001","5","0.054","ppm","50","Dawsonville","17","100.0000","44201","Ozone","014","12060","Atlanta-Sandy Springs-Roswell, GA","13","Georgia","085","Dawson","34.3762272381086","-84.0595064747239"
"08/11/1990","AQS","130850001","5","0.057","ppm","58","Dawsonville","17","100.0000","44201","Ozone","014","12060","Atlanta-Sandy Springs-Roswell, GA","13","Georgia","085","Dawson","34.3762272381086","-84.0595064747239"
"08/12/1990","AQS","130850001","5","0.07","ppm","100","Dawsonville","17","100.0000","44201","Ozone","014","12060","Atlanta-Sandy Springs-Roswell, GA","13","Georgia","085","Dawson","34.3762272381086","-84.0595064747239"
"08/13/1990","AQS","130850001","5","0.076","ppm","119","Dawsonville","17","100.0000","44201","Ozone","014","12060","Atlanta-Sandy Springs-Roswell, GA","13","Georgia","085","Dawson","34.3762272381086","-84.0595064747239"
"08/14/1990","AQS","130850001","5","0.063","ppm","77","Dawsonville","14","82.0000","44201","Ozone","014","12060","Atlanta-Sandy Springs-Roswell, GA","13","Georgia","085","Dawson","34.3762272381086","-84.0595064747239"
"08/15/1990","AQS","130850001","5","0.064","ppm","80","Dawsonville","17","100.0000","44201","Ozone","014","12060","Atlanta-Sandy Springs-Roswell, GA","13","Georgia","085","Dawson","34.3762272381086","-84.0595064747239"
"08/16/1990","AQS","130850001","5","0.052","ppm","48","Dawsonville","17","100.0000","44201","Ozone","014","12060","Atlanta-Sandy Springs-Roswell, GA","13","Georgia","085","Dawson","34.3762272381086","-84.0595064747239"
"08/17/1990","AQS","130850001","5","0.059","ppm","64","Dawsonville","17","100.0000","44201","Ozone","014","12060","Atlanta-Sandy Springs-Roswell, GA","13","Georgia","085","Dawson","34.3762272381086","-84.0595064747239"
"08/18/1990","AQS","130850001","5","0.059","ppm","64","Dawsonville","17","100.0000","44201","Ozone","014","12060","Atlanta-Sandy Springs-Roswell, GA","13","Georgia","085","Dawson","34.3762272381086","-84.0595064747239"
"08/19/1990","AQS","130850001","5","0.063","ppm","77","Dawsonville","17","100.0000","44201","Ozone","014","12060","Atlanta-Sandy Springs-Roswell, GA","13","Georgia","085","Dawson","34.3762272381086","-84.0595064747239"
"08/20/1990","AQS","130850001","5","0.057","ppm","58","Dawsonville","17","100.0000","44201","Ozone","014","12060","Atlanta-Sandy Springs-Roswell, GA","13","Georgia","085","Dawson","34.3762272381086","-84.0595064747239"
"08/21/1990","AQS","130850001","5","0.079","ppm","129","Dawsonville","16","94.0000","44201","Ozone","014","12060","Atlanta-Sandy Springs-Roswell, GA","13","Georgia","085","Dawson","34.3762272381086","-84.0595064747239"
"08/22/1990","AQS","130850001","5","0.059","ppm","64","Dawsonville","17","100.0000","44201","Ozone","014","12060","Atlanta-Sandy Springs-Roswell, GA","13","Georgia","085","Dawson","34.3762272381086","-84.0595064747239"
"08/23/1990","AQS","130850001","5","0.052","ppm","48","Dawsonville","17","100.0000","44201","Ozone","014","12060","Atlanta-Sandy Springs-Roswell, GA","13","Georgia","085","Dawson","34.3762272381086","-84.0595064747239"
"08/24/1990","AQS","130850001","5","0.056","ppm","54","Dawsonville","17","100.0000","44201","Ozone","014","12060","Atlanta-Sandy Springs-Roswell, GA","13","Georgia","085","Dawson","34.3762272381086","-84.0595064747239"
"08/25/1990","AQS","130850001","5","0.053","ppm","49","Dawsonville","17","100.0000","44201","Ozone","014","12060","Atlanta-Sandy Springs-Roswell, GA","13","Georgia","085","Dawson","34.3762272381086","-84.0595064747239"
"08/26/1990","AQS","130850001","5","0.053","ppm","49","Dawsonville","17","100.0000","44201","Ozone","014","12060","Atlanta-Sandy Springs-Roswell, GA","13","Georgia","085","Dawson","34.3762272381086","-84.0595064747239"
"08/27/1990","AQS","130850001","5","0.056","ppm","54","Dawsonville","17","100.0000","44201","Ozone","014","12060","Atlanta-Sandy Springs-Roswell, GA","13","Georgia","085","Dawson","34.3762272381086","-84.0595064747239"
"08/28/1990","AQS","130850001","5","0.064","ppm","80","Dawsonville","16","94.0000","44201","Ozone","014","12060","Atlanta-Sandy Springs-Roswell, GA","13","Georgia","085","Dawson","34.3762272381086","-84.0595064747239"
"08/29/1990","AQS","130850001","5","0.07","ppm","100","Dawsonville","17","100.0000","44201","Ozone","014","12060","Atlanta-Sandy Springs-Roswell, GA","13","Georgia","085","Dawson","34.3762272381086","-84.0595064747239"
"08/30/1990","AQS","130850001","5","0.049","ppm","45","Dawsonville","17","100.0000","44201","Ozone","014","12060","Atlanta-Sandy Springs-Roswell, GA","13","Georgia","085","Dawson","34.3762272381086","-84.0595064747239"
"08/31/1990","AQS","130850001","5","0.053","ppm","49","Dawsonville","17","100.0000","44201","Ozone","014","12060","Atlanta-Sandy Springs-Roswell, GA","13","Georgia","085","Dawson","34.3762272381086","-84.0595064747239"
"09/01/1990","AQS","130850001","5","0.059","ppm","64","Dawsonville","17","100.0000","44201","Ozone","014","12060","Atlanta-Sandy Springs-Roswell, GA","13","Georgia","085","Dawson","34.3762272381086","-84.0595064747239"
"09/02/1990","AQS","130850001","5","0.055","ppm","51","Dawsonville","17","100.0000","44201","Ozone","014","12060","Atlanta-Sandy Springs-Roswell, GA","13","Georgia","085","Dawson","34.3762272381086","-84.0595064747239"
"09/03/1990","AQS","130850001","5","0.064","ppm","80","Dawsonville","17","100.0000","44201","Ozone","014","12060","Atlanta-Sandy Springs-Roswell, GA","13","Georgia","085","Dawson","34.3762272381086","-84.0595064747239"
"09/04/1990","AQS","130850001","5","0.07","ppm","100","Dawsonville","16","94.0000","44201","Ozone","014","12060","Atlanta-Sandy Springs-Roswell, GA","13","Georgia","085","Dawson","34.3762272381086","-84.0595064747239"
"09/05/1990","AQS","130850001","5","0.07","ppm","100","Dawsonville","17","100.0000","44201","Ozone","014","12060","Atlanta-Sandy Springs-Roswell, GA","13","Georgia","085","Dawson","34.3762272381086","-84.0595064747239"
"09/06/1990","AQS","130850001","5","0.07","ppm","100","Dawsonville","17","100.0000","44201","Ozone","014","12060","Atlanta-Sandy Springs-Roswell, GA","13","Georgia","085","Dawson","34.3762272381086","-84.0595064747239"
"09/07/1990","AQS","130850001","5","0.073","ppm","108","Dawsonville","17","100.0000","44201","Ozone","014","12060","Atlanta-Sandy Springs-Roswell, GA","13","Georgia","085","Dawson","34.3762272381086","-84.0595064747239"
"09/08/1990","AQS","130850001","5","0.073","ppm","108","Dawsonville","17","100.0000","44201","Ozone","014","12060","Atlanta-Sandy Springs-Roswell, GA","13","Georgia","085","Dawson","34.3762272381086","-84.0595064747239"
"09/09/1990","AQS","130850001","5","0.066","ppm","87","Dawsonville","17","100.0000","44201","Ozone","014","12060","Atlanta-Sandy Springs-Roswell, GA","13","Georgia","085","Dawson","34.3762272381086","-84.0595064747239"
"09/10/1990","AQS","130850001","5","0.065","ppm","84","Dawsonville","17","100.0000","44201","Ozone","014","12060","Atlanta-Sandy Springs-Roswell, GA","13","Georgia","085","Dawson","34.3762272381086","-84.0595064747239"
"09/11/1990","AQS","130850001","5","0.068","ppm","93","Dawsonville","16","94.0000","44201","Ozone","014","12060","Atlanta-Sandy Springs-Roswell, GA","13","Georgia","085","Dawson","34.3762272381086","-84.0595064747239"
"09/12/1990","AQS","130850001","5","0.059","ppm","64","Dawsonville","17","100.0000","44201","Ozone","014","12060","Atlanta-Sandy Springs-Roswell, GA","13","Georgia","085","Dawson","34.3762272381086","-84.0595064747239"
"09/13/1990","AQS","130850001","5","0.043","ppm","40","Dawsonville","17","100.0000","44201","Ozone","014","12060","Atlanta-Sandy Springs-Roswell, GA","13","Georgia","085","Dawson","34.3762272381086","-84.0595064747239"
"09/14/1990","AQS","130850001","5","0.046","ppm","43","Dawsonville","17","100.0000","44201","Ozone","014","12060","Atlanta-Sandy Springs-Roswell, GA","13","Georgia","085","Dawson","34.3762272381086","-84.0595064747239"
"09/15/1990","AQS","130850001","5","0.047","ppm","44","Dawsonville","17","100.0000","44201","Ozone","014","12060","Atlanta-Sandy Springs-Roswell, GA","13","Georgia","085","Dawson","34.3762272381086","-84.0595064747239"
"09/16/1990","AQS","130850001","5","0.053","ppm","49","Dawsonville","17","100.0000","44201","Ozone","014","12060","Atlanta-Sandy Springs-Roswell, GA","13","Georgia","085","Dawson","34.3762272381086","-84.0595064747239"
"09/17/1990","AQS","130850001","5","0.063","ppm","77","Dawsonville","17","100.0000","44201","Ozone","014","12060","Atlanta-Sandy Springs-Roswell, GA","13","Georgia","085","Dawson","34.3762272381086","-84.0595064747239"
"09/18/1990","AQS","130850001","5","0.06","ppm","67","Dawsonville","16","94.0000","44201","Ozone","014","12060","Atlanta-Sandy Springs-Roswell, GA","13","Georgia","085","Dawson","34.3762272381086","-84.0595064747239"
"09/19/1990","AQS","130850001","5","0.081","ppm","136","Dawsonville","17","100.0000","44201","Ozone","014","12060","Atlanta-Sandy Springs-Roswell, GA","13","Georgia","085","Dawson","34.3762272381086","-84.0595064747239"
"09/20/1990","AQS","130850001","5","0.053","ppm","49","Dawsonville","17","100.0000","44201","Ozone","014","12060","Atlanta-Sandy Springs-Roswell, GA","13","Georgia","085","Dawson","34.3762272381086","-84.0595064747239"
"09/21/1990","AQS","130850001","5","0.063","ppm","77","Dawsonville","17","100.0000","44201","Ozone","014","12060","Atlanta-Sandy Springs-Roswell, GA","13","Georgia","085","Dawson","34.3762272381086","-84.0595064747239"
"09/22/1990","AQS","130850001","5","0.027","ppm","25","Dawsonville","17","100.0000","44201","Ozone","014","12060","Atlanta-Sandy Springs-Roswell, GA","13","Georgia","085","Dawson","34.3762272381086","-84.0595064747239"
"09/23/1990","AQS","130850001","5","0.031","ppm","29","Dawsonville","17","100.0000","44201","Ozone","014","12060","Atlanta-Sandy Springs-Roswell, GA","13","Georgia","085","Dawson","34.3762272381086","-84.0595064747239"
"09/24/1990","AQS","130850001","5","0.033","ppm","31","Dawsonville","17","100.0000","44201","Ozone","014","12060","Atlanta-Sandy Springs-Roswell, GA","13","Georgia","085","Dawson","34.3762272381086","-84.0595064747239"
"09/25/1990","AQS","130850001","5","0.05","ppm","46","Dawsonville","16","94.0000","44201","Ozone","014","12060","Atlanta-Sandy Springs-Roswell, GA","13","Georgia","085","Dawson","34.3762272381086","-84.0595064747239"
"09/26/1990","AQS","130850001","5","0.068","ppm","93","Dawsonville","17","100.0000","44201","Ozone","014","12060","Atlanta-Sandy Springs-Roswell, GA","13","Georgia","085","Dawson","34.3762272381086","-84.0595064747239"
"09/27/1990","AQS","130850001","5","0.065","ppm","84","Dawsonville","17","100.0000","44201","Ozone","014","12060","Atlanta-Sandy Springs-Roswell, GA","13","Georgia","085","Dawson","34.3762272381086","-84.0595064747239"
"09/28/1990","AQS","130850001","5","0.062","ppm","74","Dawsonville","17","100.0000","44201","Ozone","014","12060","Atlanta-Sandy Springs-Roswell, GA","13","Georgia","085","Dawson","34.3762272381086","-84.0595064747239"
"09/29/1990","AQS","130850001","5","0.065","ppm","84","Dawsonville","17","100.0000","44201","Ozone","014","12060","Atlanta-Sandy Springs-Roswell, GA","13","Georgia","085","Dawson","34.3762272381086","-84.0595064747239"
"09/30/1990","AQS","130850001","5","0.058","ppm","61","Dawsonville","17","100.0000","44201","Ozone","014","12060","Atlanta-Sandy Springs-Roswell, GA","13","Georgia","085","Dawson","34.3762272381086","-84.0595064747239"
"10/01/1990","AQS","130850001","5","0.054","ppm","50","Dawsonville","17","100.0000","44201","Ozone","014","12060","Atlanta-Sandy Springs-Roswell, GA","13","Georgia","085","Dawson","34.3762272381086","-84.0595064747239"
"10/02/1990","AQS","130850001","5","0.055","ppm","51","Dawsonville","16","94.0000","44201","Ozone","014","12060","Atlanta-Sandy Springs-Roswell, GA","13","Georgia","085","Dawson","34.3762272381086","-84.0595064747239"
"10/03/1990","AQS","130850001","5","0.054","ppm","50","Dawsonville","17","100.0000","44201","Ozone","014","12060","Atlanta-Sandy Springs-Roswell, GA","13","Georgia","085","Dawson","34.3762272381086","-84.0595064747239"
"10/04/1990","AQS","130850001","5","0.032","ppm","30","Dawsonville","17","100.0000","44201","Ozone","014","12060","Atlanta-Sandy Springs-Roswell, GA","13","Georgia","085","Dawson","34.3762272381086","-84.0595064747239"
"10/05/1990","AQS","130850001","5","0.052","ppm","48","Dawsonville","17","100.0000","44201","Ozone","014","12060","Atlanta-Sandy Springs-Roswell, GA","13","Georgia","085","Dawson","34.3762272381086","-84.0595064747239"
"10/06/1990","AQS","130850001","5","0.063","ppm","77","Dawsonville","17","100.0000","44201","Ozone","014","12060","Atlanta-Sandy Springs-Roswell, GA","13","Georgia","085","Dawson","34.3762272381086","-84.0595064747239"
"10/07/1990","AQS","130850001","5","0.043","ppm","40","Dawsonville","17","100.0000","44201","Ozone","014","12060","Atlanta-Sandy Springs-Roswell, GA","13","Georgia","085","Dawson","34.3762272381086","-84.0595064747239"
"10/08/1990","AQS","130850001","5","0.033","ppm","31","Dawsonville","17","100.0000","44201","Ozone","014","12060","Atlanta-Sandy Springs-Roswell, GA","13","Georgia","085","Dawson","34.3762272381086","-84.0595064747239"
"10/09/1990","AQS","130850001","5","0.035","ppm","32","Dawsonville","16","94.0000","44201","Ozone","014","12060","Atlanta-Sandy Springs-Roswell, GA","13","Georgia","085","Dawson","34.3762272381086","-84.0595064747239"
"10/10/1990","AQS","130850001","5","0.017","ppm","16","Dawsonville","17","100.0000","44201","Ozone","014","12060","Atlanta-Sandy Springs-Roswell, GA","13","Georgia","085","Dawson","34.3762272381086","-84.0595064747239"
"10/11/1990","AQS","130850001","5","0.028","ppm","26","Dawsonville","17","100.0000","44201","Ozone","014","12060","Atlanta-Sandy Springs-Roswell, GA","13","Georgia","085","Dawson","34.3762272381086","-84.0595064747239"
"10/12/1990","AQS","130850001","5","0.032","ppm","30","Dawsonville","17","100.0000","44201","Ozone","014","12060","Atlanta-Sandy Springs-Roswell, GA","13","Georgia","085","Dawson","34.3762272381086","-84.0595064747239"
"10/13/1990","AQS","130850001","5","0.032","ppm","30","Dawsonville","17","100.0000","44201","Ozone","014","12060","Atlanta-Sandy Springs-Roswell, GA","13","Georgia","085","Dawson","34.3762272381086","-84.0595064747239"
"10/14/1990","AQS","130850001","5","0.039","ppm","36","Dawsonville","17","100.0000","44201","Ozone","014","12060","Atlanta-Sandy Springs-Roswell, GA","13","Georgia","085","Dawson","34.3762272381086","-84.0595064747239"
"10/15/1990","AQS","130850001","5","0.056","ppm","54","Dawsonville","17","100.0000","44201","Ozone","014","12060","Atlanta-Sandy Springs-Roswell, GA","13","Georgia","085","Dawson","34.3762272381086","-84.0595064747239"
"10/16/1990","AQS","130850001","5","0.068","ppm","93","Dawsonville","16","94.0000","44201","Ozone","014","12060","Atlanta-Sandy Springs-Roswell, GA","13","Georgia","085","Dawson","34.3762272381086","-84.0595064747239"
"10/17/1990","AQS","130850001","5","0.063","ppm","77","Dawsonville","17","100.0000","44201","Ozone","014","12060","Atlanta-Sandy Springs-Roswell, GA","13","Georgia","085","Dawson","34.3762272381086","-84.0595064747239"
"10/18/1990","AQS","130850001","5","0.04","ppm","37","Dawsonville","17","100.0000","44201","Ozone","014","12060","Atlanta-Sandy Springs-Roswell, GA","13","Georgia","085","Dawson","34.3762272381086","-84.0595064747239"
"10/19/1990","AQS","130850001","5","0.044","ppm","41","Dawsonville","17","100.0000","44201","Ozone","014","12060","Atlanta-Sandy Springs-Roswell, GA","13","Georgia","085","Dawson","34.3762272381086","-84.0595064747239"
"10/20/1990","AQS","130850001","5","0.054","ppm","50","Dawsonville","17","100.0000","44201","Ozone","014","12060","Atlanta-Sandy Springs-Roswell, GA","13","Georgia","085","Dawson","34.3762272381086","-84.0595064747239"
"10/21/1990","AQS","130850001","5","0.045","ppm","42","Dawsonville","17","100.0000","44201","Ozone","014","12060","Atlanta-Sandy Springs-Roswell, GA","13","Georgia","085","Dawson","34.3762272381086","-84.0595064747239"
"10/22/1990","AQS","130850001","5","0.016","ppm","15","Dawsonville","17","100.0000","44201","Ozone","014","12060","Atlanta-Sandy Springs-Roswell, GA","13","Georgia","085","Dawson","34.3762272381086","-84.0595064747239"
"10/23/1990","AQS","130850001","5","0.031","ppm","29","Dawsonville","14","82.0000","44201","Ozone","014","12060","Atlanta-Sandy Springs-Roswell, GA","13","Georgia","085","Dawson","34.3762272381086","-84.0595064747239"
"10/24/1990","AQS","130850001","5","0.036","ppm","33","Dawsonville","17","100.0000","44201","Ozone","014","12060","Atlanta-Sandy Springs-Roswell, GA","13","Georgia","085","Dawson","34.3762272381086","-84.0595064747239"
"10/25/1990","AQS","130850001","5","0.025","ppm","23","Dawsonville","17","100.0000","44201","Ozone","014","12060","Atlanta-Sandy Springs-Roswell, GA","13","Georgia","085","Dawson","34.3762272381086","-84.0595064747239"
"10/26/1990","AQS","130850001","5","0.036","ppm","33","Dawsonville","17","100.0000","44201","Ozone","014","12060","Atlanta-Sandy Springs-Roswell, GA","13","Georgia","085","Dawson","34.3762272381086","-84.0595064747239"
"10/27/1990","AQS","130850001","5","0.038","ppm","35","Dawsonville","17","100.0000","44201","Ozone","014","12060","Atlanta-Sandy Springs-Roswell, GA","13","Georgia","085","Dawson","34.3762272381086","-84.0595064747239"
"10/28/1990","AQS","130850001","5","0.041","ppm","38","Dawsonville","17","100.0000","44201","Ozone","014","12060","Atlanta-Sandy Springs-Roswell, GA","13","Georgia","085","Dawson","34.3762272381086","-84.0595064747239"
"10/29/1990","AQS","130850001","5","0.045","ppm","42","Dawsonville","17","100.0000","44201","Ozone","014","12060","Atlanta-Sandy Springs-Roswell, GA","13","Georgia","085","Dawson","34.3762272381086","-84.0595064747239"
"10/30/1990","AQS","130850001","5","0.054","ppm","50","Dawsonville","16","94.0000","44201","Ozone","014","12060","Atlanta-Sandy Springs-Roswell, GA","13","Georgia","085","Dawson","34.3762272381086","-84.0595064747239"
"10/31/1990","AQS","130850001","5","0.055","ppm","51","Dawsonville","17","100.0000","44201","Ozone","014","12060","Atlanta-Sandy Springs-Roswell, GA","13","Georgia","085","Dawson","34.3762272381086","-84.0595064747239"
"11/01/1990","AQS","130850001","5","0.06","ppm","67","Dawsonville","17","100.0000","44201","Ozone","014","12060","Atlanta-Sandy Springs-Roswell, GA","13","Georgia","085","Dawson","34.3762272381086","-84.0595064747239"
"11/02/1990","AQS","130850001","5","0.071","ppm","101","Dawsonville","17","100.0000","44201","Ozone","014","12060","Atlanta-Sandy Springs-Roswell, GA","13","Georgia","085","Dawson","34.3762272381086","-84.0595064747239"
"11/03/1990","AQS","130850001","5","0.058","ppm","61","Dawsonville","17","100.0000","44201","Ozone","014","12060","Atlanta-Sandy Springs-Roswell, GA","13","Georgia","085","Dawson","34.3762272381086","-84.0595064747239"
"11/04/1990","AQS","130850001","5","0.05","ppm","46","Dawsonville","17","100.0000","44201","Ozone","014","12060","Atlanta-Sandy Springs-Roswell, GA","13","Georgia","085","Dawson","34.3762272381086","-84.0595064747239"
"11/05/1990","AQS","130850001","5","0.032","ppm","30","Dawsonville","17","100.0000","44201","Ozone","014","12060","Atlanta-Sandy Springs-Roswell, GA","13","Georgia","085","Dawson","34.3762272381086","-84.0595064747239"
"11/06/1990","AQS","130850001","5","0.038","ppm","35","Dawsonville","16","94.0000","44201","Ozone","014","12060","Atlanta-Sandy Springs-Roswell, GA","13","Georgia","085","Dawson","34.3762272381086","-84.0595064747239"
"11/07/1990","AQS","130850001","5","0.044","ppm","41","Dawsonville","17","100.0000","44201","Ozone","014","12060","Atlanta-Sandy Springs-Roswell, GA","13","Georgia","085","Dawson","34.3762272381086","-84.0595064747239"
"11/08/1990","AQS","130850001","5","0.028","ppm","26","Dawsonville","17","100.0000","44201","Ozone","014","12060","Atlanta-Sandy Springs-Roswell, GA","13","Georgia","085","Dawson","34.3762272381086","-84.0595064747239"
"11/09/1990","AQS","130850001","5","0.026","ppm","24","Dawsonville","17","100.0000","44201","Ozone","014","12060","Atlanta-Sandy Springs-Roswell, GA","13","Georgia","085","Dawson","34.3762272381086","-84.0595064747239"
"11/10/1990","AQS","130850001","5","0.027","ppm","25","Dawsonville","17","100.0000","44201","Ozone","014","12060","Atlanta-Sandy Springs-Roswell, GA","13","Georgia","085","Dawson","34.3762272381086","-84.0595064747239"
"11/11/1990","AQS","130850001","5","0.037","ppm","34","Dawsonville","17","100.0000","44201","Ozone","014","12060","Atlanta-Sandy Springs-Roswell, GA","13","Georgia","085","Dawson","34.3762272381086","-84.0595064747239"
"11/12/1990","AQS","130850001","5","0.046","ppm","43","Dawsonville","17","100.0000","44201","Ozone","014","12060","Atlanta-Sandy Springs-Roswell, GA","13","Georgia","085","Dawson","34.3762272381086","-84.0595064747239"
"11/13/1990","AQS","130850001","5","0.036","ppm","33","Dawsonville","14","82.0000","44201","Ozone","014","12060","Atlanta-Sandy Springs-Roswell, GA","13","Georgia","085","Dawson","34.3762272381086","-84.0595064747239"
"11/14/1990","AQS","130850001","5","0.048","ppm","44","Dawsonville","17","100.0000","44201","Ozone","014","12060","Atlanta-Sandy Springs-Roswell, GA","13","Georgia","085","Dawson","34.3762272381086","-84.0595064747239"
"11/15/1990","AQS","130850001","5","0.059","ppm","64","Dawsonville","17","100.0000","44201","Ozone","014","12060","Atlanta-Sandy Springs-Roswell, GA","13","Georgia","085","Dawson","34.3762272381086","-84.0595064747239"
"11/16/1990","AQS","130850001","5","0.055","ppm","51","Dawsonville","17","100.0000","44201","Ozone","014","12060","Atlanta-Sandy Springs-Roswell, GA","13","Georgia","085","Dawson","34.3762272381086","-84.0595064747239"
"11/17/1990","AQS","130850001","5","0.039","ppm","36","Dawsonville","17","100.0000","44201","Ozone","014","12060","Atlanta-Sandy Springs-Roswell, GA","13","Georgia","085","Dawson","34.3762272381086","-84.0595064747239"
"11/18/1990","AQS","130850001","5","0.045","ppm","42","Dawsonville","17","100.0000","44201","Ozone","014","12060","Atlanta-Sandy Springs-Roswell, GA","13","Georgia","085","Dawson","34.3762272381086","-84.0595064747239"
"11/19/1990","AQS","130850001","5","0.048","ppm","44","Dawsonville","17","100.0000","44201","Ozone","014","12060","Atlanta-Sandy Springs-Roswell, GA","13","Georgia","085","Dawson","34.3762272381086","-84.0595064747239"
"11/20/1990","AQS","130850001","5","0.05","ppm","46","Dawsonville","14","82.0000","44201","Ozone","014","12060","Atlanta-Sandy Springs-Roswell, GA","13","Georgia","085","Dawson","34.3762272381086","-84.0595064747239"
"11/21/1990","AQS","130850001","5","0.051","ppm","47","Dawsonville","17","100.0000","44201","Ozone","014","12060","Atlanta-Sandy Springs-Roswell, GA","13","Georgia","085","Dawson","34.3762272381086","-84.0595064747239"
"11/22/1990","AQS","130850001","5","0.058","ppm","61","Dawsonville","17","100.0000","44201","Ozone","014","12060","Atlanta-Sandy Springs-Roswell, GA","13","Georgia","085","Dawson","34.3762272381086","-84.0595064747239"
"11/23/1990","AQS","130850001","5","0.033","ppm","31","Dawsonville","17","100.0000","44201","Ozone","014","12060","Atlanta-Sandy Springs-Roswell, GA","13","Georgia","085","Dawson","34.3762272381086","-84.0595064747239"
"11/24/1990","AQS","130850001","5","0.034","ppm","31","Dawsonville","17","100.0000","44201","Ozone","014","12060","Atlanta-Sandy Springs-Roswell, GA","13","Georgia","085","Dawson","34.3762272381086","-84.0595064747239"
"11/25/1990","AQS","130850001","5","0.046","ppm","43","Dawsonville","17","100.0000","44201","Ozone","014","12060","Atlanta-Sandy Springs-Roswell, GA","13","Georgia","085","Dawson","34.3762272381086","-84.0595064747239"
"11/26/1990","AQS","130850001","5","0.036","ppm","33","Dawsonville","17","100.0000","44201","Ozone","014","12060","Atlanta-Sandy Springs-Roswell, GA","13","Georgia","085","Dawson","34.3762272381086","-84.0595064747239"
"11/27/1990","AQS","130850001","5","0.045","ppm","42","Dawsonville","16","94.0000","44201","Ozone","014","12060","Atlanta-Sandy Springs-Roswell, GA","13","Georgia","085","Dawson","34.3762272381086","-84.0595064747239"
"11/28/1990","AQS","130850001","5","0.033","ppm","31","Dawsonville","17","100.0000","44201","Ozone","014","12060","Atlanta-Sandy Springs-Roswell, GA","13","Georgia","085","Dawson","34.3762272381086","-84.0595064747239"
"11/29/1990","AQS","130850001","5","0.034","ppm","31","Dawsonville","17","100.0000","44201","Ozone","014","12060","Atlanta-Sandy Springs-Roswell, GA","13","Georgia","085","Dawson","34.3762272381086","-84.0595064747239"
"03/01/1990","AQS","130890002","1","0.034","ppm","31","South DeKalb","17","100.0000","44201","Ozone","014","12060","Atlanta-Sandy Springs-Roswell, GA","13","Georgia","089","DeKalb","33.6878000008711","-84.2905"
"03/02/1990","AQS","130890002","1","0.005","ppm","5","South DeKalb","17","100.0000","44201","Ozone","014","12060","Atlanta-Sandy Springs-Roswell, GA","13","Georgia","089","DeKalb","33.6878000008711","-84.2905"
"03/03/1990","AQS","130890002","1","0.033","ppm","31","South DeKalb","17","100.0000","44201","Ozone","014","12060","Atlanta-Sandy Springs-Roswell, GA","13","Georgia","089","DeKalb","33.6878000008711","-84.2905"
"03/04/1990","AQS","130890002","1","0.039","ppm","36","South DeKalb","14","82.0000","44201","Ozone","014","12060","Atlanta-Sandy Springs-Roswell, GA","13","Georgia","089","DeKalb","33.6878000008711","-84.2905"
"03/05/1990","AQS","130890002","1","0.045","ppm","42","South DeKalb","17","100.0000","44201","Ozone","014","12060","Atlanta-Sandy Springs-Roswell, GA","13","Georgia","089","DeKalb","33.6878000008711","-84.2905"
"03/06/1990","AQS","130890002","1","0.055","ppm","51","South DeKalb","17","100.0000","44201","Ozone","014","12060","Atlanta-Sandy Springs-Roswell, GA","13","Georgia","089","DeKalb","33.6878000008711","-84.2905"
"03/07/1990","AQS","130890002","1","0.037","ppm","34","South DeKalb","17","100.0000","44201","Ozone","014","12060","Atlanta-Sandy Springs-Roswell, GA","13","Georgia","089","DeKalb","33.6878000008711","-84.2905"
"03/08/1990","AQS","130890002","1","0.02","ppm","19","South DeKalb","17","100.0000","44201","Ozone","014","12060","Atlanta-Sandy Springs-Roswell, GA","13","Georgia","089","DeKalb","33.6878000008711","-84.2905"
"03/09/1990","AQS","130890002","1","0.005","ppm","5","South DeKalb","17","100.0000","44201","Ozone","014","12060","Atlanta-Sandy Springs-Roswell, GA","13","Georgia","089","DeKalb","33.6878000008711","-84.2905"
"03/10/1990","AQS","130890002","1","0.031","ppm","29","South DeKalb","17","100.0000","44201","Ozone","014","12060","Atlanta-Sandy Springs-Roswell, GA","13","Georgia","089","DeKalb","33.6878000008711","-84.2905"
"03/11/1990","AQS","130890002","1","0.05","ppm","46","South DeKalb","17","100.0000","44201","Ozone","014","12060","Atlanta-Sandy Springs-Roswell, GA","13","Georgia","089","DeKalb","33.6878000008711","-84.2905"
"03/12/1990","AQS","130890002","1","0.045","ppm","42","South DeKalb","17","100.0000","44201","Ozone","014","12060","Atlanta-Sandy Springs-Roswell, GA","13","Georgia","089","DeKalb","33.6878000008711","-84.2905"
"03/13/1990","AQS","130890002","1","0.054","ppm","50","South DeKalb","17","100.0000","44201","Ozone","014","12060","Atlanta-Sandy Springs-Roswell, GA","13","Georgia","089","DeKalb","33.6878000008711","-84.2905"
"03/14/1990","AQS","130890002","1","0.052","ppm","48","South DeKalb","17","100.0000","44201","Ozone","014","12060","Atlanta-Sandy Springs-Roswell, GA","13","Georgia","089","DeKalb","33.6878000008711","-84.2905"
"03/15/1990","AQS","130890002","1","0.042","ppm","39","South DeKalb","17","100.0000","44201","Ozone","014","12060","Atlanta-Sandy Springs-Roswell, GA","13","Georgia","089","DeKalb","33.6878000008711","-84.2905"
"03/16/1990","AQS","130890002","1","0.024","ppm","22","South DeKalb","17","100.0000","44201","Ozone","014","12060","Atlanta-Sandy Springs-Roswell, GA","13","Georgia","089","DeKalb","33.6878000008711","-84.2905"
"03/17/1990","AQS","130890002","1","0.041","ppm","38","South DeKalb","17","100.0000","44201","Ozone","014","12060","Atlanta-Sandy Springs-Roswell, GA","13","Georgia","089","DeKalb","33.6878000008711","-84.2905"
"03/18/1990","AQS","130890002","1","0.041","ppm","38","South DeKalb","17","100.0000","44201","Ozone","014","12060","Atlanta-Sandy Springs-Roswell, GA","13","Georgia","089","DeKalb","33.6878000008711","-84.2905"
"03/21/1990","AQS","130890002","1","0.037","ppm","34","South DeKalb","14","82.0000","44201","Ozone","014","12060","Atlanta-Sandy Springs-Roswell, GA","13","Georgia","089","DeKalb","33.6878000008711","-84.2905"
"03/22/1990","AQS","130890002","1","0.069","ppm","97","South DeKalb","17","100.0000","44201","Ozone","014","12060","Atlanta-Sandy Springs-Roswell, GA","13","Georgia","089","DeKalb","33.6878000008711","-84.2905"
"03/23/1990","AQS","130890002","1","0.062","ppm","74","South DeKalb","17","100.0000","44201","Ozone","014","12060","Atlanta-Sandy Springs-Roswell, GA","13","Georgia","089","DeKalb","33.6878000008711","-84.2905"
"03/24/1990","AQS","130890002","1","0.06","ppm","67","South DeKalb","17","100.0000","44201","Ozone","014","12060","Atlanta-Sandy Springs-Roswell, GA","13","Georgia","089","DeKalb","33.6878000008711","-84.2905"
"03/25/1990","AQS","130890002","1","0.044","ppm","41","South DeKalb","17","100.0000","44201","Ozone","014","12060","Atlanta-Sandy Springs-Roswell, GA","13","Georgia","089","DeKalb","33.6878000008711","-84.2905"
"03/26/1990","AQS","130890002","1","0.01","ppm","9","South DeKalb","17","100.0000","44201","Ozone","014","12060","Atlanta-Sandy Springs-Roswell, GA","13","Georgia","089","DeKalb","33.6878000008711","-84.2905"
"03/27/1990","AQS","130890002","1","0.04","ppm","37","South DeKalb","17","100.0000","44201","Ozone","014","12060","Atlanta-Sandy Springs-Roswell, GA","13","Georgia","089","DeKalb","33.6878000008711","-84.2905"
"03/28/1990","AQS","130890002","1","0.057","ppm","58","South DeKalb","17","100.0000","44201","Ozone","014","12060","Atlanta-Sandy Springs-Roswell, GA","13","Georgia","089","DeKalb","33.6878000008711","-84.2905"
"03/29/1990","AQS","130890002","1","0.026","ppm","24","South DeKalb","17","100.0000","44201","Ozone","014","12060","Atlanta-Sandy Springs-Roswell, GA","13","Georgia","089","DeKalb","33.6878000008711","-84.2905"
"03/30/1990","AQS","130890002","1","0.015","ppm","14","South DeKalb","17","100.0000","44201","Ozone","014","12060","Atlanta-Sandy Springs-Roswell, GA","13","Georgia","089","DeKalb","33.6878000008711","-84.2905"
"03/31/1990","AQS","130890002","1","0.02","ppm","19","South DeKalb","17","100.0000","44201","Ozone","014","12060","Atlanta-Sandy Springs-Roswell, GA","13","Georgia","089","DeKalb","33.6878000008711","-84.2905"
"04/01/1990","AQS","130890002","1","0.046","ppm","43","South DeKalb","17","100.0000","44201","Ozone","014","12060","Atlanta-Sandy Springs-Roswell, GA","13","Georgia","089","DeKalb","33.6878000008711","-84.2905"
"04/02/1990","AQS","130890002","1","0.049","ppm","45","South DeKalb","17","100.0000","44201","Ozone","014","12060","Atlanta-Sandy Springs-Roswell, GA","13","Georgia","089","DeKalb","33.6878000008711","-84.2905"
"04/03/1990","AQS","130890002","1","0.038","ppm","35","South DeKalb","17","100.0000","44201","Ozone","014","12060","Atlanta-Sandy Springs-Roswell, GA","13","Georgia","089","DeKalb","33.6878000008711","-84.2905"
"04/04/1990","AQS","130890002","1","0.047","ppm","44","South DeKalb","17","100.0000","44201","Ozone","014","12060","Atlanta-Sandy Springs-Roswell, GA","13","Georgia","089","DeKalb","33.6878000008711","-84.2905"
"04/05/1990","AQS","130890002","1","0.072","ppm","105","South DeKalb","17","100.0000","44201","Ozone","014","12060","Atlanta-Sandy Springs-Roswell, GA","13","Georgia","089","DeKalb","33.6878000008711","-84.2905"
"04/07/1990","AQS","130890002","1","0.043","ppm","40","South DeKalb","17","100.0000","44201","Ozone","014","12060","Atlanta-Sandy Springs-Roswell, GA","13","Georgia","089","DeKalb","33.6878000008711","-84.2905"
"04/08/1990","AQS","130890002","1","0.052","ppm","48","South DeKalb","17","100.0000","44201","Ozone","014","12060","Atlanta-Sandy Springs-Roswell, GA","13","Georgia","089","DeKalb","33.6878000008711","-84.2905"
"04/09/1990","AQS","130890002","1","0.061","ppm","71","South DeKalb","17","100.0000","44201","Ozone","014","12060","Atlanta-Sandy Springs-Roswell, GA","13","Georgia","089","DeKalb","33.6878000008711","-84.2905"
"04/10/1990","AQS","130890002","1","0.037","ppm","34","South DeKalb","17","100.0000","44201","Ozone","014","12060","Atlanta-Sandy Springs-Roswell, GA","13","Georgia","089","DeKalb","33.6878000008711","-84.2905"
"04/11/1990","AQS","130890002","1","0.039","ppm","36","South DeKalb","17","100.0000","44201","Ozone","014","12060","Atlanta-Sandy Springs-Roswell, GA","13","Georgia","089","DeKalb","33.6878000008711","-84.2905"
"04/12/1990","AQS","130890002","1","0.042","ppm","39","South DeKalb","17","100.0000","44201","Ozone","014","12060","Atlanta-Sandy Springs-Roswell, GA","13","Georgia","089","DeKalb","33.6878000008711","-84.2905"
"04/13/1990","AQS","130890002","1","0.053","ppm","49","South DeKalb","17","100.0000","44201","Ozone","014","12060","Atlanta-Sandy Springs-Roswell, GA","13","Georgia","089","DeKalb","33.6878000008711","-84.2905"
"04/14/1990","AQS","130890002","1","0.061","ppm","71","South DeKalb","17","100.0000","44201","Ozone","014","12060","Atlanta-Sandy Springs-Roswell, GA","13","Georgia","089","DeKalb","33.6878000008711","-84.2905"
"04/15/1990","AQS","130890002","1","0.047","ppm","44","South DeKalb","17","100.0000","44201","Ozone","014","12060","Atlanta-Sandy Springs-Roswell, GA","13","Georgia","089","DeKalb","33.6878000008711","-84.2905"
"04/16/1990","AQS","130890002","1","0.047","ppm","44","South DeKalb","17","100.0000","44201","Ozone","014","12060","Atlanta-Sandy Springs-Roswell, GA","13","Georgia","089","DeKalb","33.6878000008711","-84.2905"
"04/17/1990","AQS","130890002","1","0.054","ppm","50","South DeKalb","17","100.0000","44201","Ozone","014","12060","Atlanta-Sandy Springs-Roswell, GA","13","Georgia","089","DeKalb","33.6878000008711","-84.2905"
"04/18/1990","AQS","130890002","1","0.037","ppm","34","South DeKalb","17","100.0000","44201","Ozone","014","12060","Atlanta-Sandy Springs-Roswell, GA","13","Georgia","089","DeKalb","33.6878000008711","-84.2905"
"04/19/1990","AQS","130890002","1","0.041","ppm","38","South DeKalb","17","100.0000","44201","Ozone","014","12060","Atlanta-Sandy Springs-Roswell, GA","13","Georgia","089","DeKalb","33.6878000008711","-84.2905"
"04/20/1990","AQS","130890002","1","0.045","ppm","42","South DeKalb","17","100.0000","44201","Ozone","014","12060","Atlanta-Sandy Springs-Roswell, GA","13","Georgia","089","DeKalb","33.6878000008711","-84.2905"
"04/21/1990","AQS","130890002","1","0.019","ppm","18","South DeKalb","17","100.0000","44201","Ozone","014","12060","Atlanta-Sandy Springs-Roswell, GA","13","Georgia","089","DeKalb","33.6878000008711","-84.2905"
"04/22/1990","AQS","130890002","1","0.04","ppm","37","South DeKalb","17","100.0000","44201","Ozone","014","12060","Atlanta-Sandy Springs-Roswell, GA","13","Georgia","089","DeKalb","33.6878000008711","-84.2905"
"04/23/1990","AQS","130890002","1","0.048","ppm","44","South DeKalb","17","100.0000","44201","Ozone","014","12060","Atlanta-Sandy Springs-Roswell, GA","13","Georgia","089","DeKalb","33.6878000008711","-84.2905"
"04/24/1990","AQS","130890002","1","0.061","ppm","71","South DeKalb","17","100.0000","44201","Ozone","014","12060","Atlanta-Sandy Springs-Roswell, GA","13","Georgia","089","DeKalb","33.6878000008711","-84.2905"
"04/25/1990","AQS","130890002","1","0.056","ppm","54","South DeKalb","17","100.0000","44201","Ozone","014","12060","Atlanta-Sandy Springs-Roswell, GA","13","Georgia","089","DeKalb","33.6878000008711","-84.2905"
"04/26/1990","AQS","130890002","1","0.059","ppm","64","South DeKalb","17","100.0000","44201","Ozone","014","12060","Atlanta-Sandy Springs-Roswell, GA","13","Georgia","089","DeKalb","33.6878000008711","-84.2905"
"04/27/1990","AQS","130890002","1","0.066","ppm","87","South DeKalb","17","100.0000","44201","Ozone","014","12060","Atlanta-Sandy Springs-Roswell, GA","13","Georgia","089","DeKalb","33.6878000008711","-84.2905"
"04/28/1990","AQS","130890002","1","0.036","ppm","33","South DeKalb","17","100.0000","44201","Ozone","014","12060","Atlanta-Sandy Springs-Roswell, GA","13","Georgia","089","DeKalb","33.6878000008711","-84.2905"
"04/29/1990","AQS","130890002","1","0.045","ppm","42","South DeKalb","17","100.0000","44201","Ozone","014","12060","Atlanta-Sandy Springs-Roswell, GA","13","Georgia","089","DeKalb","33.6878000008711","-84.2905"
"04/30/1990","AQS","130890002","1","0.038","ppm","35","South DeKalb","17","100.0000","44201","Ozone","014","12060","Atlanta-Sandy Springs-Roswell, GA","13","Georgia","089","DeKalb","33.6878000008711","-84.2905"
"05/01/1990","AQS","130890002","1","0.054","ppm","50","South DeKalb","17","100.0000","44201","Ozone","014","12060","Atlanta-Sandy Springs-Roswell, GA","13","Georgia","089","DeKalb","33.6878000008711","-84.2905"
"05/02/1990","AQS","130890002","1","0.051","ppm","47","South DeKalb","17","100.0000","44201","Ozone","014","12060","Atlanta-Sandy Springs-Roswell, GA","13","Georgia","089","DeKalb","33.6878000008711","-84.2905"
"05/03/1990","AQS","130890002","1","0.061","ppm","71","South DeKalb","17","100.0000","44201","Ozone","014","12060","Atlanta-Sandy Springs-Roswell, GA","13","Georgia","089","DeKalb","33.6878000008711","-84.2905"
"05/04/1990","AQS","130890002","1","0.042","ppm","39","South DeKalb","17","100.0000","44201","Ozone","014","12060","Atlanta-Sandy Springs-Roswell, GA","13","Georgia","089","DeKalb","33.6878000008711","-84.2905"
"05/05/1990","AQS","130890002","1","0.045","ppm","42","South DeKalb","17","100.0000","44201","Ozone","014","12060","Atlanta-Sandy Springs-Roswell, GA","13","Georgia","089","DeKalb","33.6878000008711","-84.2905"
"05/06/1990","AQS","130890002","1","0.044","ppm","41","South DeKalb","17","100.0000","44201","Ozone","014","12060","Atlanta-Sandy Springs-Roswell, GA","13","Georgia","089","DeKalb","33.6878000008711","-84.2905"
"05/07/1990","AQS","130890002","1","0.062","ppm","74","South DeKalb","17","100.0000","44201","Ozone","014","12060","Atlanta-Sandy Springs-Roswell, GA","13","Georgia","089","DeKalb","33.6878000008711","-84.2905"
"05/08/1990","AQS","130890002","1","0.066","ppm","87","South DeKalb","17","100.0000","44201","Ozone","014","12060","Atlanta-Sandy Springs-Roswell, GA","13","Georgia","089","DeKalb","33.6878000008711","-84.2905"
"05/09/1990","AQS","130890002","1","0.037","ppm","34","South DeKalb","17","100.0000","44201","Ozone","014","12060","Atlanta-Sandy Springs-Roswell, GA","13","Georgia","089","DeKalb","33.6878000008711","-84.2905"
"05/10/1990","AQS","130890002","1","0.042","ppm","39","South DeKalb","17","100.0000","44201","Ozone","014","12060","Atlanta-Sandy Springs-Roswell, GA","13","Georgia","089","DeKalb","33.6878000008711","-84.2905"
"05/11/1990","AQS","130890002","1","0.045","ppm","42","South DeKalb","17","100.0000","44201","Ozone","014","12060","Atlanta-Sandy Springs-Roswell, GA","13","Georgia","089","DeKalb","33.6878000008711","-84.2905"
"05/12/1990","AQS","130890002","1","0.07","ppm","100","South DeKalb","17","100.0000","44201","Ozone","014","12060","Atlanta-Sandy Springs-Roswell, GA","13","Georgia","089","DeKalb","33.6878000008711","-84.2905"
"05/13/1990","AQS","130890002","1","0.039","ppm","36","South DeKalb","17","100.0000","44201","Ozone","014","12060","Atlanta-Sandy Springs-Roswell, GA","13","Georgia","089","DeKalb","33.6878000008711","-84.2905"
"05/14/1990","AQS","130890002","1","0.062","ppm","74","South DeKalb","17","100.0000","44201","Ozone","014","12060","Atlanta-Sandy Springs-Roswell, GA","13","Georgia","089","DeKalb","33.6878000008711","-84.2905"
"05/15/1990","AQS","130890002","1","0.061","ppm","71","South DeKalb","17","100.0000","44201","Ozone","014","12060","Atlanta-Sandy Springs-Roswell, GA","13","Georgia","089","DeKalb","33.6878000008711","-84.2905"
"05/16/1990","AQS","130890002","1","0.049","ppm","45","South DeKalb","17","100.0000","44201","Ozone","014","12060","Atlanta-Sandy Springs-Roswell, GA","13","Georgia","089","DeKalb","33.6878000008711","-84.2905"
"05/17/1990","AQS","130890002","1","0.039","ppm","36","South DeKalb","17","100.0000","44201","Ozone","014","12060","Atlanta-Sandy Springs-Roswell, GA","13","Georgia","089","DeKalb","33.6878000008711","-84.2905"
"05/18/1990","AQS","130890002","1","0.057","ppm","58","South DeKalb","17","100.0000","44201","Ozone","014","12060","Atlanta-Sandy Springs-Roswell, GA","13","Georgia","089","DeKalb","33.6878000008711","-84.2905"
"05/19/1990","AQS","130890002","1","0.075","ppm","115","South DeKalb","17","100.0000","44201","Ozone","014","12060","Atlanta-Sandy Springs-Roswell, GA","13","Georgia","089","DeKalb","33.6878000008711","-84.2905"
"05/20/1990","AQS","130890002","1","0.035","ppm","32","South DeKalb","17","100.0000","44201","Ozone","014","12060","Atlanta-Sandy Springs-Roswell, GA","13","Georgia","089","DeKalb","33.6878000008711","-84.2905"
"05/21/1990","AQS","130890002","1","0.042","ppm","39","South DeKalb","17","100.0000","44201","Ozone","014","12060","Atlanta-Sandy Springs-Roswell, GA","13","Georgia","089","DeKalb","33.6878000008711","-84.2905"
"05/22/1990","AQS","130890002","1","0.043","ppm","40","South DeKalb","17","100.0000","44201","Ozone","014","12060","Atlanta-Sandy Springs-Roswell, GA","13","Georgia","089","DeKalb","33.6878000008711","-84.2905"
"05/23/1990","AQS","130890002","1","0.048","ppm","44","South DeKalb","17","100.0000","44201","Ozone","014","12060","Atlanta-Sandy Springs-Roswell, GA","13","Georgia","089","DeKalb","33.6878000008711","-84.2905"
"05/24/1990","AQS","130890002","1","0.085","ppm","150","South DeKalb","17","100.0000","44201","Ozone","014","12060","Atlanta-Sandy Springs-Roswell, GA","13","Georgia","089","DeKalb","33.6878000008711","-84.2905"
"05/25/1990","AQS","130890002","1","0.083","ppm","143","South DeKalb","17","100.0000","44201","Ozone","014","12060","Atlanta-Sandy Springs-Roswell, GA","13","Georgia","089","DeKalb","33.6878000008711","-84.2905"
"05/26/1990","AQS","130890002","1","0.07","ppm","100","South DeKalb","17","100.0000","44201","Ozone","014","12060","Atlanta-Sandy Springs-Roswell, GA","13","Georgia","089","DeKalb","33.6878000008711","-84.2905"
"05/27/1990","AQS","130890002","1","0.037","ppm","34","South DeKalb","17","100.0000","44201","Ozone","014","12060","Atlanta-Sandy Springs-Roswell, GA","13","Georgia","089","DeKalb","33.6878000008711","-84.2905"
"05/28/1990","AQS","130890002","1","0.041","ppm","38","South DeKalb","17","100.0000","44201","Ozone","014","12060","Atlanta-Sandy Springs-Roswell, GA","13","Georgia","089","DeKalb","33.6878000008711","-84.2905"
"05/29/1990","AQS","130890002","1","0.07","ppm","100","South DeKalb","17","100.0000","44201","Ozone","014","12060","Atlanta-Sandy Springs-Roswell, GA","13","Georgia","089","DeKalb","33.6878000008711","-84.2905"
"05/30/1990","AQS","130890002","1","0.078","ppm","126","South DeKalb","12","71.0000","44201","Ozone","014","12060","Atlanta-Sandy Springs-Roswell, GA","13","Georgia","089","DeKalb","33.6878000008711","-84.2905"
"05/31/1990","AQS","130890002","1","0.065","ppm","84","South DeKalb","17","100.0000","44201","Ozone","014","12060","Atlanta-Sandy Springs-Roswell, GA","13","Georgia","089","DeKalb","33.6878000008711","-84.2905"
"06/01/1990","AQS","130890002","1","0.036","ppm","33","South DeKalb","13","76.0000","44201","Ozone","014","12060","Atlanta-Sandy Springs-Roswell, GA","13","Georgia","089","DeKalb","33.6878000008711","-84.2905"
"06/02/1990","AQS","130890002","1","0.038","ppm","35","South DeKalb","17","100.0000","44201","Ozone","014","12060","Atlanta-Sandy Springs-Roswell, GA","13","Georgia","089","DeKalb","33.6878000008711","-84.2905"
"06/03/1990","AQS","130890002","1","0.042","ppm","39","South DeKalb","17","100.0000","44201","Ozone","014","12060","Atlanta-Sandy Springs-Roswell, GA","13","Georgia","089","DeKalb","33.6878000008711","-84.2905"
"06/04/1990","AQS","130890002","1","0.054","ppm","50","South DeKalb","17","100.0000","44201","Ozone","014","12060","Atlanta-Sandy Springs-Roswell, GA","13","Georgia","089","DeKalb","33.6878000008711","-84.2905"
"06/05/1990","AQS","130890002","1","0.109","ppm","204","South DeKalb","17","100.0000","44201","Ozone","014","12060","Atlanta-Sandy Springs-Roswell, GA","13","Georgia","089","DeKalb","33.6878000008711","-84.2905"
"06/06/1990","AQS","130890002","1","0.09","ppm","161","South DeKalb","17","100.0000","44201","Ozone","014","12060","Atlanta-Sandy Springs-Roswell, GA","13","Georgia","089","DeKalb","33.6878000008711","-84.2905"
"06/07/1990","AQS","130890002","1","0.067","ppm","90","South DeKalb","17","100.0000","44201","Ozone","014","12060","Atlanta-Sandy Springs-Roswell, GA","13","Georgia","089","DeKalb","33.6878000008711","-84.2905"
"06/08/1990","AQS","130890002","1","0.07","ppm","100","South DeKalb","17","100.0000","44201","Ozone","014","12060","Atlanta-Sandy Springs-Roswell, GA","13","Georgia","089","DeKalb","33.6878000008711","-84.2905"
"06/09/1990","AQS","130890002","1","0.069","ppm","97","South DeKalb","17","100.0000","44201","Ozone","014","12060","Atlanta-Sandy Springs-Roswell, GA","13","Georgia","089","DeKalb","33.6878000008711","-84.2905"
"06/10/1990","AQS","130890002","1","0.066","ppm","87","South DeKalb","17","100.0000","44201","Ozone","014","12060","Atlanta-Sandy Springs-Roswell, GA","13","Georgia","089","DeKalb","33.6878000008711","-84.2905"
"06/11/1990","AQS","130890002","1","0.102","ppm","192","South DeKalb","17","100.0000","44201","Ozone","014","12060","Atlanta-Sandy Springs-Roswell, GA","13","Georgia","089","DeKalb","33.6878000008711","-84.2905"
"06/12/1990","AQS","130890002","1","0.075","ppm","115","South DeKalb","17","100.0000","44201","Ozone","014","12060","Atlanta-Sandy Springs-Roswell, GA","13","Georgia","089","DeKalb","33.6878000008711","-84.2905"
"06/13/1990","AQS","130890002","1","0.09","ppm","161","South DeKalb","17","100.0000","44201","Ozone","014","12060","Atlanta-Sandy Springs-Roswell, GA","13","Georgia","089","DeKalb","33.6878000008711","-84.2905"
"06/14/1990","AQS","130890002","1","0.077","ppm","122","South DeKalb","17","100.0000","44201","Ozone","014","12060","Atlanta-Sandy Springs-Roswell, GA","13","Georgia","089","DeKalb","33.6878000008711","-84.2905"
"06/15/1990","AQS","130890002","1","0.044","ppm","41","South DeKalb","17","100.0000","44201","Ozone","014","12060","Atlanta-Sandy Springs-Roswell, GA","13","Georgia","089","DeKalb","33.6878000008711","-84.2905"
"06/16/1990","AQS","130890002","1","0.058","ppm","61","South DeKalb","17","100.0000","44201","Ozone","014","12060","Atlanta-Sandy Springs-Roswell, GA","13","Georgia","089","DeKalb","33.6878000008711","-84.2905"
"06/17/1990","AQS","130890002","1","0.06","ppm","67","South DeKalb","17","100.0000","44201","Ozone","014","12060","Atlanta-Sandy Springs-Roswell, GA","13","Georgia","089","DeKalb","33.6878000008711","-84.2905"
"06/18/1990","AQS","130890002","1","0.091","ppm","164","South DeKalb","17","100.0000","44201","Ozone","014","12060","Atlanta-Sandy Springs-Roswell, GA","13","Georgia","089","DeKalb","33.6878000008711","-84.2905"
"06/19/1990","AQS","130890002","1","0.077","ppm","122","South DeKalb","17","100.0000","44201","Ozone","014","12060","Atlanta-Sandy Springs-Roswell, GA","13","Georgia","089","DeKalb","33.6878000008711","-84.2905"
"06/20/1990","AQS","130890002","1","0.123","ppm","219","South DeKalb","17","100.0000","44201","Ozone","014","12060","Atlanta-Sandy Springs-Roswell, GA","13","Georgia","089","DeKalb","33.6878000008711","-84.2905"
"06/21/1990","AQS","130890002","1","0.089","ppm","159","South DeKalb","17","100.0000","44201","Ozone","014","12060","Atlanta-Sandy Springs-Roswell, GA","13","Georgia","089","DeKalb","33.6878000008711","-84.2905"
"06/22/1990","AQS","130890002","1","0.06","ppm","67","South DeKalb","17","100.0000","44201","Ozone","014","12060","Atlanta-Sandy Springs-Roswell, GA","13","Georgia","089","DeKalb","33.6878000008711","-84.2905"
"06/23/1990","AQS","130890002","1","0.058","ppm","61","South DeKalb","17","100.0000","44201","Ozone","014","12060","Atlanta-Sandy Springs-Roswell, GA","13","Georgia","089","DeKalb","33.6878000008711","-84.2905"
"06/24/1990","AQS","130890002","1","0.057","ppm","58","South DeKalb","17","100.0000","44201","Ozone","014","12060","Atlanta-Sandy Springs-Roswell, GA","13","Georgia","089","DeKalb","33.6878000008711","-84.2905"
"06/25/1990","AQS","130890002","1","0.073","ppm","108","South DeKalb","17","100.0000","44201","Ozone","014","12060","Atlanta-Sandy Springs-Roswell, GA","13","Georgia","089","DeKalb","33.6878000008711","-84.2905"
"06/26/1990","AQS","130890002","1","0.085","ppm","150","South DeKalb","17","100.0000","44201","Ozone","014","12060","Atlanta-Sandy Springs-Roswell, GA","13","Georgia","089","DeKalb","33.6878000008711","-84.2905"
"06/27/1990","AQS","130890002","1","0.075","ppm","115","South DeKalb","17","100.0000","44201","Ozone","014","12060","Atlanta-Sandy Springs-Roswell, GA","13","Georgia","089","DeKalb","33.6878000008711","-84.2905"
"06/28/1990","AQS","130890002","1","0.083","ppm","143","South DeKalb","17","100.0000","44201","Ozone","014","12060","Atlanta-Sandy Springs-Roswell, GA","13","Georgia","089","DeKalb","33.6878000008711","-84.2905"
"06/29/1990","AQS","130890002","1","0.103","ppm","195","South DeKalb","17","100.0000","44201","Ozone","014","12060","Atlanta-Sandy Springs-Roswell, GA","13","Georgia","089","DeKalb","33.6878000008711","-84.2905"
"06/30/1990","AQS","130890002","1","0.074","ppm","112","South DeKalb","17","100.0000","44201","Ozone","014","12060","Atlanta-Sandy Springs-Roswell, GA","13","Georgia","089","DeKalb","33.6878000008711","-84.2905"
"07/01/1990","AQS","130890002","1","0.078","ppm","126","South DeKalb","17","100.0000","44201","Ozone","014","12060","Atlanta-Sandy Springs-Roswell, GA","13","Georgia","089","DeKalb","33.6878000008711","-84.2905"
"07/02/1990","AQS","130890002","1","0.09","ppm","161","South DeKalb","17","100.0000","44201","Ozone","014","12060","Atlanta-Sandy Springs-Roswell, GA","13","Georgia","089","DeKalb","33.6878000008711","-84.2905"
"07/03/1990","AQS","130890002","1","0.079","ppm","129","South DeKalb","16","94.0000","44201","Ozone","014","12060","Atlanta-Sandy Springs-Roswell, GA","13","Georgia","089","DeKalb","33.6878000008711","-84.2905"
"07/04/1990","AQS","130890002","1","0.065","ppm","84","South DeKalb","17","100.0000","44201","Ozone","014","12060","Atlanta-Sandy Springs-Roswell, GA","13","Georgia","089","DeKalb","33.6878000008711","-84.2905"
"07/05/1990","AQS","130890002","1","0.069","ppm","97","South DeKalb","17","100.0000","44201","Ozone","014","12060","Atlanta-Sandy Springs-Roswell, GA","13","Georgia","089","DeKalb","33.6878000008711","-84.2905"
"07/06/1990","AQS","130890002","1","0.095","ppm","174","South DeKalb","17","100.0000","44201","Ozone","014","12060","Atlanta-Sandy Springs-Roswell, GA","13","Georgia","089","DeKalb","33.6878000008711","-84.2905"
"07/07/1990","AQS","130890002","1","0.091","ppm","164","South DeKalb","17","100.0000","44201","Ozone","014","12060","Atlanta-Sandy Springs-Roswell, GA","13","Georgia","089","DeKalb","33.6878000008711","-84.2905"
"07/08/1990","AQS","130890002","1","0.083","ppm","143","South DeKalb","17","100.0000","44201","Ozone","014","12060","Atlanta-Sandy Springs-Roswell, GA","13","Georgia","089","DeKalb","33.6878000008711","-84.2905"
"07/09/1990","AQS","130890002","1","0.119","ppm","215","South DeKalb","17","100.0000","44201","Ozone","014","12060","Atlanta-Sandy Springs-Roswell, GA","13","Georgia","089","DeKalb","33.6878000008711","-84.2905"
"07/10/1990","AQS","130890002","1","0.091","ppm","164","South DeKalb","17","100.0000","44201","Ozone","014","12060","Atlanta-Sandy Springs-Roswell, GA","13","Georgia","089","DeKalb","33.6878000008711","-84.2905"
"07/11/1990","AQS","130890002","1","0.076","ppm","119","South DeKalb","17","100.0000","44201","Ozone","014","12060","Atlanta-Sandy Springs-Roswell, GA","13","Georgia","089","DeKalb","33.6878000008711","-84.2905"
"07/12/1990","AQS","130890002","1","0.034","ppm","31","South DeKalb","17","100.0000","44201","Ozone","014","12060","Atlanta-Sandy Springs-Roswell, GA","13","Georgia","089","DeKalb","33.6878000008711","-84.2905"
"07/13/1990","AQS","130890002","1","0.031","ppm","29","South DeKalb","17","100.0000","44201","Ozone","014","12060","Atlanta-Sandy Springs-Roswell, GA","13","Georgia","089","DeKalb","33.6878000008711","-84.2905"
"07/14/1990","AQS","130890002","1","0.042","ppm","39","South DeKalb","17","100.0000","44201","Ozone","014","12060","Atlanta-Sandy Springs-Roswell, GA","13","Georgia","089","DeKalb","33.6878000008711","-84.2905"
"07/15/1990","AQS","130890002","1","0.059","ppm","64","South DeKalb","17","100.0000","44201","Ozone","014","12060","Atlanta-Sandy Springs-Roswell, GA","13","Georgia","089","DeKalb","33.6878000008711","-84.2905"
"07/17/1990","AQS","130890002","1","0.058","ppm","61","South DeKalb","17","100.0000","44201","Ozone","014","12060","Atlanta-Sandy Springs-Roswell, GA","13","Georgia","089","DeKalb","33.6878000008711","-84.2905"
"07/18/1990","AQS","130890002","1","0.038","ppm","35","South DeKalb","17","100.0000","44201","Ozone","014","12060","Atlanta-Sandy Springs-Roswell, GA","13","Georgia","089","DeKalb","33.6878000008711","-84.2905"
"07/19/1990","AQS","130890002","1","0.014","ppm","13","South DeKalb","17","100.0000","44201","Ozone","014","12060","Atlanta-Sandy Springs-Roswell, GA","13","Georgia","089","DeKalb","33.6878000008711","-84.2905"
"07/20/1990","AQS","130890002","1","0.03","ppm","28","South DeKalb","17","100.0000","44201","Ozone","014","12060","Atlanta-Sandy Springs-Roswell, GA","13","Georgia","089","DeKalb","33.6878000008711","-84.2905"
"07/21/1990","AQS","130890002","1","0.04","ppm","37","South DeKalb","17","100.0000","44201","Ozone","014","12060","Atlanta-Sandy Springs-Roswell, GA","13","Georgia","089","DeKalb","33.6878000008711","-84.2905"
"07/22/1990","AQS","130890002","1","0.044","ppm","41","South DeKalb","17","100.0000","44201","Ozone","014","12060","Atlanta-Sandy Springs-Roswell, GA","13","Georgia","089","DeKalb","33.6878000008711","-84.2905"
"07/23/1990","AQS","130890002","1","0.045","ppm","42","South DeKalb","17","100.0000","44201","Ozone","014","12060","Atlanta-Sandy Springs-Roswell, GA","13","Georgia","089","DeKalb","33.6878000008711","-84.2905"
"07/24/1990","AQS","130890002","1","0.055","ppm","51","South DeKalb","17","100.0000","44201","Ozone","014","12060","Atlanta-Sandy Springs-Roswell, GA","13","Georgia","089","DeKalb","33.6878000008711","-84.2905"
"07/25/1990","AQS","130890002","1","0.058","ppm","61","South DeKalb","17","100.0000","44201","Ozone","014","12060","Atlanta-Sandy Springs-Roswell, GA","13","Georgia","089","DeKalb","33.6878000008711","-84.2905"
"07/26/1990","AQS","130890002","1","0.066","ppm","87","South DeKalb","17","100.0000","44201","Ozone","014","12060","Atlanta-Sandy Springs-Roswell, GA","13","Georgia","089","DeKalb","33.6878000008711","-84.2905"
"07/27/1990","AQS","130890002","1","0.08","ppm","133","South DeKalb","17","100.0000","44201","Ozone","014","12060","Atlanta-Sandy Springs-Roswell, GA","13","Georgia","089","DeKalb","33.6878000008711","-84.2905"
"07/28/1990","AQS","130890002","1","0.046","ppm","43","South DeKalb","17","100.0000","44201","Ozone","014","12060","Atlanta-Sandy Springs-Roswell, GA","13","Georgia","089","DeKalb","33.6878000008711","-84.2905"
"07/29/1990","AQS","130890002","1","0.054","ppm","50","South DeKalb","17","100.0000","44201","Ozone","014","12060","Atlanta-Sandy Springs-Roswell, GA","13","Georgia","089","DeKalb","33.6878000008711","-84.2905"
"07/30/1990","AQS","130890002","1","0.082","ppm","140","South DeKalb","17","100.0000","44201","Ozone","014","12060","Atlanta-Sandy Springs-Roswell, GA","13","Georgia","089","DeKalb","33.6878000008711","-84.2905"
"07/31/1990","AQS","130890002","1","0.076","ppm","119","South DeKalb","17","100.0000","44201","Ozone","014","12060","Atlanta-Sandy Springs-Roswell, GA","13","Georgia","089","DeKalb","33.6878000008711","-84.2905"
"08/01/1990","AQS","130890002","1","0.046","ppm","43","South DeKalb","17","100.0000","44201","Ozone","014","12060","Atlanta-Sandy Springs-Roswell, GA","13","Georgia","089","DeKalb","33.6878000008711","-84.2905"
"08/02/1990","AQS","130890002","1","0.054","ppm","50","South DeKalb","17","100.0000","44201","Ozone","014","12060","Atlanta-Sandy Springs-Roswell, GA","13","Georgia","089","DeKalb","33.6878000008711","-84.2905"
"08/03/1990","AQS","130890002","1","0.097","ppm","179","South DeKalb","17","100.0000","44201","Ozone","014","12060","Atlanta-Sandy Springs-Roswell, GA","13","Georgia","089","DeKalb","33.6878000008711","-84.2905"
"08/04/1990","AQS","130890002","1","0.09","ppm","161","South DeKalb","17","100.0000","44201","Ozone","014","12060","Atlanta-Sandy Springs-Roswell, GA","13","Georgia","089","DeKalb","33.6878000008711","-84.2905"
"08/05/1990","AQS","130890002","1","0.055","ppm","51","South DeKalb","17","100.0000","44201","Ozone","014","12060","Atlanta-Sandy Springs-Roswell, GA","13","Georgia","089","DeKalb","33.6878000008711","-84.2905"
"08/06/1990","AQS","130890002","1","0.05","ppm","46","South DeKalb","17","100.0000","44201","Ozone","014","12060","Atlanta-Sandy Springs-Roswell, GA","13","Georgia","089","DeKalb","33.6878000008711","-84.2905"
"08/07/1990","AQS","130890002","1","0.076","ppm","119","South DeKalb","17","100.0000","44201","Ozone","014","12060","Atlanta-Sandy Springs-Roswell, GA","13","Georgia","089","DeKalb","33.6878000008711","-84.2905"
"08/08/1990","AQS","130890002","1","0.046","ppm","43","South DeKalb","17","100.0000","44201","Ozone","014","12060","Atlanta-Sandy Springs-Roswell, GA","13","Georgia","089","DeKalb","33.6878000008711","-84.2905"
"08/10/1990","AQS","130890002","1","0.076","ppm","119","South DeKalb","17","100.0000","44201","Ozone","014","12060","Atlanta-Sandy Springs-Roswell, GA","13","Georgia","089","DeKalb","33.6878000008711","-84.2905"
"08/11/1990","AQS","130890002","1","0.085","ppm","150","South DeKalb","17","100.0000","44201","Ozone","014","12060","Atlanta-Sandy Springs-Roswell, GA","13","Georgia","089","DeKalb","33.6878000008711","-84.2905"
"08/12/1990","AQS","130890002","1","0.06","ppm","67","South DeKalb","17","100.0000","44201","Ozone","014","12060","Atlanta-Sandy Springs-Roswell, GA","13","Georgia","089","DeKalb","33.6878000008711","-84.2905"
"08/13/1990","AQS","130890002","1","0.055","ppm","51","South DeKalb","17","100.0000","44201","Ozone","014","12060","Atlanta-Sandy Springs-Roswell, GA","13","Georgia","089","DeKalb","33.6878000008711","-84.2905"
"08/14/1990","AQS","130890002","1","0.088","ppm","156","South DeKalb","17","100.0000","44201","Ozone","014","12060","Atlanta-Sandy Springs-Roswell, GA","13","Georgia","089","DeKalb","33.6878000008711","-84.2905"
"08/15/1990","AQS","130890002","1","0.099","ppm","185","South DeKalb","17","100.0000","44201","Ozone","014","12060","Atlanta-Sandy Springs-Roswell, GA","13","Georgia","089","DeKalb","33.6878000008711","-84.2905"
"08/16/1990","AQS","130890002","1","0.078","ppm","126","South DeKalb","17","100.0000","44201","Ozone","014","12060","Atlanta-Sandy Springs-Roswell, GA","13","Georgia","089","DeKalb","33.6878000008711","-84.2905"
"08/17/1990","AQS","130890002","1","0.083","ppm","143","South DeKalb","17","100.0000","44201","Ozone","014","12060","Atlanta-Sandy Springs-Roswell, GA","13","Georgia","089","DeKalb","33.6878000008711","-84.2905"
"08/18/1990","AQS","130890002","1","0.095","ppm","174","South DeKalb","17","100.0000","44201","Ozone","014","12060","Atlanta-Sandy Springs-Roswell, GA","13","Georgia","089","DeKalb","33.6878000008711","-84.2905"
"08/19/1990","AQS","130890002","1","0.091","ppm","164","South DeKalb","17","100.0000","44201","Ozone","014","12060","Atlanta-Sandy Springs-Roswell, GA","13","Georgia","089","DeKalb","33.6878000008711","-84.2905"
"08/20/1990","AQS","130890002","1","0.065","ppm","84","South DeKalb","17","100.0000","44201","Ozone","014","12060","Atlanta-Sandy Springs-Roswell, GA","13","Georgia","089","DeKalb","33.6878000008711","-84.2905"
"08/21/1990","AQS","130890002","1","0.093","ppm","169","South DeKalb","17","100.0000","44201","Ozone","014","12060","Atlanta-Sandy Springs-Roswell, GA","13","Georgia","089","DeKalb","33.6878000008711","-84.2905"
"08/22/1990","AQS","130890002","1","0.066","ppm","87","South DeKalb","17","100.0000","44201","Ozone","014","12060","Atlanta-Sandy Springs-Roswell, GA","13","Georgia","089","DeKalb","33.6878000008711","-84.2905"
"08/23/1990","AQS","130890002","1","0.072","ppm","105","South DeKalb","17","100.0000","44201","Ozone","014","12060","Atlanta-Sandy Springs-Roswell, GA","13","Georgia","089","DeKalb","33.6878000008711","-84.2905"
"08/24/1990","AQS","130890002","1","0.075","ppm","115","South DeKalb","17","100.0000","44201","Ozone","014","12060","Atlanta-Sandy Springs-Roswell, GA","13","Georgia","089","DeKalb","33.6878000008711","-84.2905"
"08/25/1990","AQS","130890002","1","0.057","ppm","58","South DeKalb","17","100.0000","44201","Ozone","014","12060","Atlanta-Sandy Springs-Roswell, GA","13","Georgia","089","DeKalb","33.6878000008711","-84.2905"
"08/26/1990","AQS","130890002","1","0.052","ppm","48","South DeKalb","17","100.0000","44201","Ozone","014","12060","Atlanta-Sandy Springs-Roswell, GA","13","Georgia","089","DeKalb","33.6878000008711","-84.2905"
"08/27/1990","AQS","130890002","1","0.086","ppm","151","South DeKalb","17","100.0000","44201","Ozone","014","12060","Atlanta-Sandy Springs-Roswell, GA","13","Georgia","089","DeKalb","33.6878000008711","-84.2905"
"08/28/1990","AQS","130890002","1","0.124","ppm","220","South DeKalb","17","100.0000","44201","Ozone","014","12060","Atlanta-Sandy Springs-Roswell, GA","13","Georgia","089","DeKalb","33.6878000008711","-84.2905"
"08/29/1990","AQS","130890002","1","0.079","ppm","129","South DeKalb","17","100.0000","44201","Ozone","014","12060","Atlanta-Sandy Springs-Roswell, GA","13","Georgia","089","DeKalb","33.6878000008711","-84.2905"
"08/30/1990","AQS","130890002","1","0.071","ppm","101","South DeKalb","17","100.0000","44201","Ozone","014","12060","Atlanta-Sandy Springs-Roswell, GA","13","Georgia","089","DeKalb","33.6878000008711","-84.2905"
"08/31/1990","AQS","130890002","1","0.043","ppm","40","South DeKalb","17","100.0000","44201","Ozone","014","12060","Atlanta-Sandy Springs-Roswell, GA","13","Georgia","089","DeKalb","33.6878000008711","-84.2905"
"09/01/1990","AQS","130890002","1","0.047","ppm","44","South DeKalb","17","100.0000","44201","Ozone","014","12060","Atlanta-Sandy Springs-Roswell, GA","13","Georgia","089","DeKalb","33.6878000008711","-84.2905"
"09/02/1990","AQS","130890002","1","0.065","ppm","84","South DeKalb","17","100.0000","44201","Ozone","014","12060","Atlanta-Sandy Springs-Roswell, GA","13","Georgia","089","DeKalb","33.6878000008711","-84.2905"
"09/03/1990","AQS","130890002","1","0.076","ppm","119","South DeKalb","17","100.0000","44201","Ozone","014","12060","Atlanta-Sandy Springs-Roswell, GA","13","Georgia","089","DeKalb","33.6878000008711","-84.2905"
"09/04/1990","AQS","130890002","1","0.062","ppm","74","South DeKalb","17","100.0000","44201","Ozone","014","12060","Atlanta-Sandy Springs-Roswell, GA","13","Georgia","089","DeKalb","33.6878000008711","-84.2905"
"09/05/1990","AQS","130890002","1","0.107","ppm","202","South DeKalb","17","100.0000","44201","Ozone","014","12060","Atlanta-Sandy Springs-Roswell, GA","13","Georgia","089","DeKalb","33.6878000008711","-84.2905"
"09/06/1990","AQS","130890002","1","0.093","ppm","169","South DeKalb","17","100.0000","44201","Ozone","014","12060","Atlanta-Sandy Springs-Roswell, GA","13","Georgia","089","DeKalb","33.6878000008711","-84.2905"
"09/07/1990","AQS","130890002","1","0.088","ppm","156","South DeKalb","17","100.0000","44201","Ozone","014","12060","Atlanta-Sandy Springs-Roswell, GA","13","Georgia","089","DeKalb","33.6878000008711","-84.2905"
"09/08/1990","AQS","130890002","1","0.08","ppm","133","South DeKalb","17","100.0000","44201","Ozone","014","12060","Atlanta-Sandy Springs-Roswell, GA","13","Georgia","089","DeKalb","33.6878000008711","-84.2905"
"09/09/1990","AQS","130890002","1","0.059","ppm","64","South DeKalb","17","100.0000","44201","Ozone","014","12060","Atlanta-Sandy Springs-Roswell, GA","13","Georgia","089","DeKalb","33.6878000008711","-84.2905"
"09/10/1990","AQS","130890002","1","0.083","ppm","143","South DeKalb","11","65.0000","44201","Ozone","014","12060","Atlanta-Sandy Springs-Roswell, GA","13","Georgia","089","DeKalb","33.6878000008711","-84.2905"
"09/11/1990","AQS","130890002","1","0.062","ppm","74","South DeKalb","17","100.0000","44201","Ozone","014","12060","Atlanta-Sandy Springs-Roswell, GA","13","Georgia","089","DeKalb","33.6878000008711","-84.2905"
"09/12/1990","AQS","130890002","1","0.044","ppm","41","South DeKalb","13","76.0000","44201","Ozone","014","12060","Atlanta-Sandy Springs-Roswell, GA","13","Georgia","089","DeKalb","33.6878000008711","-84.2905"
"09/13/1990","AQS","130890002","1","0.042","ppm","39","South DeKalb","17","100.0000","44201","Ozone","014","12060","Atlanta-Sandy Springs-Roswell, GA","13","Georgia","089","DeKalb","33.6878000008711","-84.2905"
"09/14/1990","AQS","130890002","1","0.033","ppm","31","South DeKalb","17","100.0000","44201","Ozone","014","12060","Atlanta-Sandy Springs-Roswell, GA","13","Georgia","089","DeKalb","33.6878000008711","-84.2905"
"09/15/1990","AQS","130890002","1","0.058","ppm","61","South DeKalb","17","100.0000","44201","Ozone","014","12060","Atlanta-Sandy Springs-Roswell, GA","13","Georgia","089","DeKalb","33.6878000008711","-84.2905"
"09/16/1990","AQS","130890002","1","0.058","ppm","61","South DeKalb","17","100.0000","44201","Ozone","014","12060","Atlanta-Sandy Springs-Roswell, GA","13","Georgia","089","DeKalb","33.6878000008711","-84.2905"
"09/17/1990","AQS","130890002","1","0.075","ppm","115","South DeKalb","17","100.0000","44201","Ozone","014","12060","Atlanta-Sandy Springs-Roswell, GA","13","Georgia","089","DeKalb","33.6878000008711","-84.2905"
"09/18/1990","AQS","130890002","1","0.055","ppm","51","South DeKalb","17","100.0000","44201","Ozone","014","12060","Atlanta-Sandy Springs-Roswell, GA","13","Georgia","089","DeKalb","33.6878000008711","-84.2905"
"09/19/1990","AQS","130890002","1","0.068","ppm","93","South DeKalb","17","100.0000","44201","Ozone","014","12060","Atlanta-Sandy Springs-Roswell, GA","13","Georgia","089","DeKalb","33.6878000008711","-84.2905"
"09/20/1990","AQS","130890002","1","0.071","ppm","101","South DeKalb","17","100.0000","44201","Ozone","014","12060","Atlanta-Sandy Springs-Roswell, GA","13","Georgia","089","DeKalb","33.6878000008711","-84.2905"
"09/21/1990","AQS","130890002","1","0.074","ppm","112","South DeKalb","17","100.0000","44201","Ozone","014","12060","Atlanta-Sandy Springs-Roswell, GA","13","Georgia","089","DeKalb","33.6878000008711","-84.2905"
"09/22/1990","AQS","130890002","1","0.032","ppm","30","South DeKalb","17","100.0000","44201","Ozone","014","12060","Atlanta-Sandy Springs-Roswell, GA","13","Georgia","089","DeKalb","33.6878000008711","-84.2905"
"09/23/1990","AQS","130890002","1","0.041","ppm","38","South DeKalb","17","100.0000","44201","Ozone","014","12060","Atlanta-Sandy Springs-Roswell, GA","13","Georgia","089","DeKalb","33.6878000008711","-84.2905"
"09/24/1990","AQS","130890002","1","0.033","ppm","31","South DeKalb","17","100.0000","44201","Ozone","014","12060","Atlanta-Sandy Springs-Roswell, GA","13","Georgia","089","DeKalb","33.6878000008711","-84.2905"
"09/25/1990","AQS","130890002","1","0.04","ppm","37","South DeKalb","17","100.0000","44201","Ozone","014","12060","Atlanta-Sandy Springs-Roswell, GA","13","Georgia","089","DeKalb","33.6878000008711","-84.2905"
"09/26/1990","AQS","130890002","1","0.062","ppm","74","South DeKalb","13","76.0000","44201","Ozone","014","12060","Atlanta-Sandy Springs-Roswell, GA","13","Georgia","089","DeKalb","33.6878000008711","-84.2905"
"09/27/1990","AQS","130890002","1","0.061","ppm","71","South DeKalb","17","100.0000","44201","Ozone","014","12060","Atlanta-Sandy Springs-Roswell, GA","13","Georgia","089","DeKalb","33.6878000008711","-84.2905"
"09/28/1990","AQS","130890002","1","0.052","ppm","48","South DeKalb","17","100.0000","44201","Ozone","014","12060","Atlanta-Sandy Springs-Roswell, GA","13","Georgia","089","DeKalb","33.6878000008711","-84.2905"
"09/29/1990","AQS","130890002","1","0.057","ppm","58","South DeKalb","17","100.0000","44201","Ozone","014","12060","Atlanta-Sandy Springs-Roswell, GA","13","Georgia","089","DeKalb","33.6878000008711","-84.2905"
"09/30/1990","AQS","130890002","1","0.059","ppm","64","South DeKalb","17","100.0000","44201","Ozone","014","12060","Atlanta-Sandy Springs-Roswell, GA","13","Georgia","089","DeKalb","33.6878000008711","-84.2905"
"10/01/1990","AQS","130890002","1","0.049","ppm","45","South DeKalb","17","100.0000","44201","Ozone","014","12060","Atlanta-Sandy Springs-Roswell, GA","13","Georgia","089","DeKalb","33.6878000008711","-84.2905"
"10/02/1990","AQS","130890002","1","0.054","ppm","50","South DeKalb","17","100.0000","44201","Ozone","014","12060","Atlanta-Sandy Springs-Roswell, GA","13","Georgia","089","DeKalb","33.6878000008711","-84.2905"
"10/03/1990","AQS","130890002","1","0.051","ppm","47","South DeKalb","13","76.0000","44201","Ozone","014","12060","Atlanta-Sandy Springs-Roswell, GA","13","Georgia","089","DeKalb","33.6878000008711","-84.2905"
"10/04/1990","AQS","130890002","1","0.023","ppm","21","South DeKalb","17","100.0000","44201","Ozone","014","12060","Atlanta-Sandy Springs-Roswell, GA","13","Georgia","089","DeKalb","33.6878000008711","-84.2905"
"10/05/1990","AQS","130890002","1","0.043","ppm","40","South DeKalb","17","100.0000","44201","Ozone","014","12060","Atlanta-Sandy Springs-Roswell, GA","13","Georgia","089","DeKalb","33.6878000008711","-84.2905"
"10/06/1990","AQS","130890002","1","0.057","ppm","58","South DeKalb","17","100.0000","44201","Ozone","014","12060","Atlanta-Sandy Springs-Roswell, GA","13","Georgia","089","DeKalb","33.6878000008711","-84.2905"
"10/07/1990","AQS","130890002","1","0.035","ppm","32","South DeKalb","17","100.0000","44201","Ozone","014","12060","Atlanta-Sandy Springs-Roswell, GA","13","Georgia","089","DeKalb","33.6878000008711","-84.2905"
"10/08/1990","AQS","130890002","1","0.036","ppm","33","South DeKalb","17","100.0000","44201","Ozone","014","12060","Atlanta-Sandy Springs-Roswell, GA","13","Georgia","089","DeKalb","33.6878000008711","-84.2905"
"10/09/1990","AQS","130890002","1","0.026","ppm","24","South DeKalb","17","100.0000","44201","Ozone","014","12060","Atlanta-Sandy Springs-Roswell, GA","13","Georgia","089","DeKalb","33.6878000008711","-84.2905"
"10/10/1990","AQS","130890002","1","0.009","ppm","8","South DeKalb","17","100.0000","44201","Ozone","014","12060","Atlanta-Sandy Springs-Roswell, GA","13","Georgia","089","DeKalb","33.6878000008711","-84.2905"
"10/11/1990","AQS","130890002","1","0.018","ppm","17","South DeKalb","17","100.0000","44201","Ozone","014","12060","Atlanta-Sandy Springs-Roswell, GA","13","Georgia","089","DeKalb","33.6878000008711","-84.2905"
"10/12/1990","AQS","130890002","1","0.013","ppm","12","South DeKalb","13","76.0000","44201","Ozone","014","12060","Atlanta-Sandy Springs-Roswell, GA","13","Georgia","089","DeKalb","33.6878000008711","-84.2905"
"10/13/1990","AQS","130890002","1","0.016","ppm","15","South DeKalb","17","100.0000","44201","Ozone","014","12060","Atlanta-Sandy Springs-Roswell, GA","13","Georgia","089","DeKalb","33.6878000008711","-84.2905"
"10/14/1990","AQS","130890002","1","0.03","ppm","28","South DeKalb","17","100.0000","44201","Ozone","014","12060","Atlanta-Sandy Springs-Roswell, GA","13","Georgia","089","DeKalb","33.6878000008711","-84.2905"
"10/15/1990","AQS","130890002","1","0.038","ppm","35","South DeKalb","17","100.0000","44201","Ozone","014","12060","Atlanta-Sandy Springs-Roswell, GA","13","Georgia","089","DeKalb","33.6878000008711","-84.2905"
"10/16/1990","AQS","130890002","1","0.057","ppm","58","South DeKalb","13","76.0000","44201","Ozone","014","12060","Atlanta-Sandy Springs-Roswell, GA","13","Georgia","089","DeKalb","33.6878000008711","-84.2905"
"10/20/1990","AQS","130890002","1","0.04","ppm","37","South DeKalb","17","100.0000","44201","Ozone","014","12060","Atlanta-Sandy Springs-Roswell, GA","13","Georgia","089","DeKalb","33.6878000008711","-84.2905"
"10/21/1990","AQS","130890002","1","0.035","ppm","32","South DeKalb","17","100.0000","44201","Ozone","014","12060","Atlanta-Sandy Springs-Roswell, GA","13","Georgia","089","DeKalb","33.6878000008711","-84.2905"
"10/22/1990","AQS","130890002","1","0.009","ppm","8","South DeKalb","17","100.0000","44201","Ozone","014","12060","Atlanta-Sandy Springs-Roswell, GA","13","Georgia","089","DeKalb","33.6878000008711","-84.2905"
"10/23/1990","AQS","130890002","1","0.017","ppm","16","South DeKalb","17","100.0000","44201","Ozone","014","12060","Atlanta-Sandy Springs-Roswell, GA","13","Georgia","089","DeKalb","33.6878000008711","-84.2905"
"10/24/1990","AQS","130890002","1","0.016","ppm","15","South DeKalb","17","100.0000","44201","Ozone","014","12060","Atlanta-Sandy Springs-Roswell, GA","13","Georgia","089","DeKalb","33.6878000008711","-84.2905"
"10/25/1990","AQS","130890002","1","0.019","ppm","18","South DeKalb","13","76.0000","44201","Ozone","014","12060","Atlanta-Sandy Springs-Roswell, GA","13","Georgia","089","DeKalb","33.6878000008711","-84.2905"
"10/26/1990","AQS","130890002","1","0.025","ppm","23","South DeKalb","17","100.0000","44201","Ozone","014","12060","Atlanta-Sandy Springs-Roswell, GA","13","Georgia","089","DeKalb","33.6878000008711","-84.2905"
"10/27/1990","AQS","130890002","1","0.03","ppm","28","South DeKalb","17","100.0000","44201","Ozone","014","12060","Atlanta-Sandy Springs-Roswell, GA","13","Georgia","089","DeKalb","33.6878000008711","-84.2905"
"10/28/1990","AQS","130890002","1","0.035","ppm","32","South DeKalb","17","100.0000","44201","Ozone","014","12060","Atlanta-Sandy Springs-Roswell, GA","13","Georgia","089","DeKalb","33.6878000008711","-84.2905"
"10/29/1990","AQS","130890002","1","0.031","ppm","29","South DeKalb","17","100.0000","44201","Ozone","014","12060","Atlanta-Sandy Springs-Roswell, GA","13","Georgia","089","DeKalb","33.6878000008711","-84.2905"
"10/30/1990","AQS","130890002","1","0.038","ppm","35","South DeKalb","14","82.0000","44201","Ozone","014","12060","Atlanta-Sandy Springs-Roswell, GA","13","Georgia","089","DeKalb","33.6878000008711","-84.2905"
"10/31/1990","AQS","130890002","1","0.028","ppm","26","South DeKalb","17","100.0000","44201","Ozone","014","12060","Atlanta-Sandy Springs-Roswell, GA","13","Georgia","089","DeKalb","33.6878000008711","-84.2905"
"11/01/1990","AQS","130890002","1","0.052","ppm","48","South DeKalb","17","100.0000","44201","Ozone","014","12060","Atlanta-Sandy Springs-Roswell, GA","13","Georgia","089","DeKalb","33.6878000008711","-84.2905"
"11/02/1990","AQS","130890002","1","0.055","ppm","51","South DeKalb","17","100.0000","44201","Ozone","014","12060","Atlanta-Sandy Springs-Roswell, GA","13","Georgia","089","DeKalb","33.6878000008711","-84.2905"
"11/03/1990","AQS","130890002","1","0.043","ppm","40","South DeKalb","17","100.0000","44201","Ozone","014","12060","Atlanta-Sandy Springs-Roswell, GA","13","Georgia","089","DeKalb","33.6878000008711","-84.2905"
"11/04/1990","AQS","130890002","1","0.039","ppm","36","South DeKalb","17","100.0000","44201","Ozone","014","12060","Atlanta-Sandy Springs-Roswell, GA","13","Georgia","089","DeKalb","33.6878000008711","-84.2905"
"11/06/1990","AQS","130890002","1","0.02","ppm","19","South DeKalb","17","100.0000","44201","Ozone","014","12060","Atlanta-Sandy Springs-Roswell, GA","13","Georgia","089","DeKalb","33.6878000008711","-84.2905"
"11/07/1990","AQS","130890002","1","0.025","ppm","23","South DeKalb","17","100.0000","44201","Ozone","014","12060","Atlanta-Sandy Springs-Roswell, GA","13","Georgia","089","DeKalb","33.6878000008711","-84.2905"
"11/08/1990","AQS","130890002","1","0.025","ppm","23","South DeKalb","17","100.0000","44201","Ozone","014","12060","Atlanta-Sandy Springs-Roswell, GA","13","Georgia","089","DeKalb","33.6878000008711","-84.2905"
"11/09/1990","AQS","130890002","1","0.014","ppm","13","South DeKalb","17","100.0000","44201","Ozone","014","12060","Atlanta-Sandy Springs-Roswell, GA","13","Georgia","089","DeKalb","33.6878000008711","-84.2905"
"11/10/1990","AQS","130890002","1","0.019","ppm","18","South DeKalb","17","100.0000","44201","Ozone","014","12060","Atlanta-Sandy Springs-Roswell, GA","13","Georgia","089","DeKalb","33.6878000008711","-84.2905"
"11/11/1990","AQS","130890002","1","0.022","ppm","20","South DeKalb","17","100.0000","44201","Ozone","014","12060","Atlanta-Sandy Springs-Roswell, GA","13","Georgia","089","DeKalb","33.6878000008711","-84.2905"
"11/12/1990","AQS","130890002","1","0.033","ppm","31","South DeKalb","17","100.0000","44201","Ozone","014","12060","Atlanta-Sandy Springs-Roswell, GA","13","Georgia","089","DeKalb","33.6878000008711","-84.2905"
"11/13/1990","AQS","130890002","1","0.023","ppm","21","South DeKalb","17","100.0000","44201","Ozone","014","12060","Atlanta-Sandy Springs-Roswell, GA","13","Georgia","089","DeKalb","33.6878000008711","-84.2905"
"11/15/1990","AQS","130890002","1","0.034","ppm","31","South DeKalb","17","100.0000","44201","Ozone","014","12060","Atlanta-Sandy Springs-Roswell, GA","13","Georgia","089","DeKalb","33.6878000008711","-84.2905"
"11/16/1990","AQS","130890002","1","0.031","ppm","29","South DeKalb","17","100.0000","44201","Ozone","014","12060","Atlanta-Sandy Springs-Roswell, GA","13","Georgia","089","DeKalb","33.6878000008711","-84.2905"
"11/17/1990","AQS","130890002","1","0.028","ppm","26","South DeKalb","17","100.0000","44201","Ozone","014","12060","Atlanta-Sandy Springs-Roswell, GA","13","Georgia","089","DeKalb","33.6878000008711","-84.2905"
"11/18/1990","AQS","130890002","1","0.031","ppm","29","South DeKalb","17","100.0000","44201","Ozone","014","12060","Atlanta-Sandy Springs-Roswell, GA","13","Georgia","089","DeKalb","33.6878000008711","-84.2905"
"11/19/1990","AQS","130890002","1","0.03","ppm","28","South DeKalb","17","100.0000","44201","Ozone","014","12060","Atlanta-Sandy Springs-Roswell, GA","13","Georgia","089","DeKalb","33.6878000008711","-84.2905"
"11/20/1990","AQS","130890002","1","0.026","ppm","24","South DeKalb","17","100.0000","44201","Ozone","014","12060","Atlanta-Sandy Springs-Roswell, GA","13","Georgia","089","DeKalb","33.6878000008711","-84.2905"
"11/21/1990","AQS","130890002","1","0.047","ppm","44","South DeKalb","17","100.0000","44201","Ozone","014","12060","Atlanta-Sandy Springs-Roswell, GA","13","Georgia","089","DeKalb","33.6878000008711","-84.2905"
"11/22/1990","AQS","130890002","1","0.048","ppm","44","South DeKalb","17","100.0000","44201","Ozone","014","12060","Atlanta-Sandy Springs-Roswell, GA","13","Georgia","089","DeKalb","33.6878000008711","-84.2905"
"11/23/1990","AQS","130890002","1","0.029","ppm","27","South DeKalb","17","100.0000","44201","Ozone","014","12060","Atlanta-Sandy Springs-Roswell, GA","13","Georgia","089","DeKalb","33.6878000008711","-84.2905"
"11/24/1990","AQS","130890002","1","0.028","ppm","26","South DeKalb","17","100.0000","44201","Ozone","014","12060","Atlanta-Sandy Springs-Roswell, GA","13","Georgia","089","DeKalb","33.6878000008711","-84.2905"
"11/25/1990","AQS","130890002","1","0.04","ppm","37","South DeKalb","17","100.0000","44201","Ozone","014","12060","Atlanta-Sandy Springs-Roswell, GA","13","Georgia","089","DeKalb","33.6878000008711","-84.2905"
"11/26/1990","AQS","130890002","1","0.023","ppm","21","South DeKalb","17","100.0000","44201","Ozone","014","12060","Atlanta-Sandy Springs-Roswell, GA","13","Georgia","089","DeKalb","33.6878000008711","-84.2905"
"11/27/1990","AQS","130890002","1","0.03","ppm","28","South DeKalb","17","100.0000","44201","Ozone","014","12060","Atlanta-Sandy Springs-Roswell, GA","13","Georgia","089","DeKalb","33.6878000008711","-84.2905"
"11/28/1990","AQS","130890002","1","0.021","ppm","19","South DeKalb","17","100.0000","44201","Ozone","014","12060","Atlanta-Sandy Springs-Roswell, GA","13","Georgia","089","DeKalb","33.6878000008711","-84.2905"
"03/01/1990","AQS","130970002","1","0.029","ppm","27","","17","100.0000","44201","Ozone","014","12060","Atlanta-Sandy Springs-Roswell, GA","13","Georgia","097","Douglas","33.74399666","-84.632711565"
"03/02/1990","AQS","130970002","1","0.004","ppm","4","","17","100.0000","44201","Ozone","014","12060","Atlanta-Sandy Springs-Roswell, GA","13","Georgia","097","Douglas","33.74399666","-84.632711565"
"03/03/1990","AQS","130970002","1","0.03","ppm","28","","17","100.0000","44201","Ozone","014","12060","Atlanta-Sandy Springs-Roswell, GA","13","Georgia","097","Douglas","33.74399666","-84.632711565"
"03/04/1990","AQS","130970002","1","0.033","ppm","31","","17","100.0000","44201","Ozone","014","12060","Atlanta-Sandy Springs-Roswell, GA","13","Georgia","097","Douglas","33.74399666","-84.632711565"
"03/05/1990","AQS","130970002","1","0.04","ppm","37","","17","100.0000","44201","Ozone","014","12060","Atlanta-Sandy Springs-Roswell, GA","13","Georgia","097","Douglas","33.74399666","-84.632711565"
"03/06/1990","AQS","130970002","1","0.052","ppm","48","","17","100.0000","44201","Ozone","014","12060","Atlanta-Sandy Springs-Roswell, GA","13","Georgia","097","Douglas","33.74399666","-84.632711565"
"03/07/1990","AQS","130970002","1","0.039","ppm","36","","17","100.0000","44201","Ozone","014","12060","Atlanta-Sandy Springs-Roswell, GA","13","Georgia","097","Douglas","33.74399666","-84.632711565"
"03/08/1990","AQS","130970002","1","0.017","ppm","16","","17","100.0000","44201","Ozone","014","12060","Atlanta-Sandy Springs-Roswell, GA","13","Georgia","097","Douglas","33.74399666","-84.632711565"
"03/09/1990","AQS","130970002","1","0.003","ppm","3","","17","100.0000","44201","Ozone","014","12060","Atlanta-Sandy Springs-Roswell, GA","13","Georgia","097","Douglas","33.74399666","-84.632711565"
"03/10/1990","AQS","130970002","1","0.032","ppm","30","","17","100.0000","44201","Ozone","014","12060","Atlanta-Sandy Springs-Roswell, GA","13","Georgia","097","Douglas","33.74399666","-84.632711565"
"03/11/1990","AQS","130970002","1","0.045","ppm","42","","17","100.0000","44201","Ozone","014","12060","Atlanta-Sandy Springs-Roswell, GA","13","Georgia","097","Douglas","33.74399666","-84.632711565"
"03/12/1990","AQS","130970002","1","0.031","ppm","29","","17","100.0000","44201","Ozone","014","12060","Atlanta-Sandy Springs-Roswell, GA","13","Georgia","097","Douglas","33.74399666","-84.632711565"
"03/13/1990","AQS","130970002","1","0.052","ppm","48","","17","100.0000","44201","Ozone","014","12060","Atlanta-Sandy Springs-Roswell, GA","13","Georgia","097","Douglas","33.74399666","-84.632711565"
"03/14/1990","AQS","130970002","1","0.045","ppm","42","","17","100.0000","44201","Ozone","014","12060","Atlanta-Sandy Springs-Roswell, GA","13","Georgia","097","Douglas","33.74399666","-84.632711565"
"03/15/1990","AQS","130970002","1","0.036","ppm","33","","17","100.0000","44201","Ozone","014","12060","Atlanta-Sandy Springs-Roswell, GA","13","Georgia","097","Douglas","33.74399666","-84.632711565"
"03/16/1990","AQS","130970002","1","0.023","ppm","21","","17","100.0000","44201","Ozone","014","12060","Atlanta-Sandy Springs-Roswell, GA","13","Georgia","097","Douglas","33.74399666","-84.632711565"
"03/17/1990","AQS","130970002","1","0.04","ppm","37","","17","100.0000","44201","Ozone","014","12060","Atlanta-Sandy Springs-Roswell, GA","13","Georgia","097","Douglas","33.74399666","-84.632711565"
"03/18/1990","AQS","130970002","1","0.035","ppm","32","","17","100.0000","44201","Ozone","014","12060","Atlanta-Sandy Springs-Roswell, GA","13","Georgia","097","Douglas","33.74399666","-84.632711565"
"03/19/1990","AQS","130970002","1","0.041","ppm","38","","17","100.0000","44201","Ozone","014","12060","Atlanta-Sandy Springs-Roswell, GA","13","Georgia","097","Douglas","33.74399666","-84.632711565"
"03/20/1990","AQS","130970002","1","0.031","ppm","29","","17","100.0000","44201","Ozone","014","12060","Atlanta-Sandy Springs-Roswell, GA","13","Georgia","097","Douglas","33.74399666","-84.632711565"
"03/21/1990","AQS","130970002","1","0.036","ppm","33","","17","100.0000","44201","Ozone","014","12060","Atlanta-Sandy Springs-Roswell, GA","13","Georgia","097","Douglas","33.74399666","-84.632711565"
"03/22/1990","AQS","130970002","1","0.056","ppm","54","","17","100.0000","44201","Ozone","014","12060","Atlanta-Sandy Springs-Roswell, GA","13","Georgia","097","Douglas","33.74399666","-84.632711565"
"03/23/1990","AQS","130970002","1","0.061","ppm","71","","17","100.0000","44201","Ozone","014","12060","Atlanta-Sandy Springs-Roswell, GA","13","Georgia","097","Douglas","33.74399666","-84.632711565"
"03/24/1990","AQS","130970002","1","0.058","ppm","61","","17","100.0000","44201","Ozone","014","12060","Atlanta-Sandy Springs-Roswell, GA","13","Georgia","097","Douglas","33.74399666","-84.632711565"
"03/25/1990","AQS","130970002","1","0.041","ppm","38","","17","100.0000","44201","Ozone","014","12060","Atlanta-Sandy Springs-Roswell, GA","13","Georgia","097","Douglas","33.74399666","-84.632711565"
"03/26/1990","AQS","130970002","1","0.021","ppm","19","","17","100.0000","44201","Ozone","014","12060","Atlanta-Sandy Springs-Roswell, GA","13","Georgia","097","Douglas","33.74399666","-84.632711565"
"03/27/1990","AQS","130970002","1","0.036","ppm","33","","17","100.0000","44201","Ozone","014","12060","Atlanta-Sandy Springs-Roswell, GA","13","Georgia","097","Douglas","33.74399666","-84.632711565"
"03/28/1990","AQS","130970002","1","0.05","ppm","46","","17","100.0000","44201","Ozone","014","12060","Atlanta-Sandy Springs-Roswell, GA","13","Georgia","097","Douglas","33.74399666","-84.632711565"
"03/29/1990","AQS","130970002","1","0.017","ppm","16","","17","100.0000","44201","Ozone","014","12060","Atlanta-Sandy Springs-Roswell, GA","13","Georgia","097","Douglas","33.74399666","-84.632711565"
"03/30/1990","AQS","130970002","1","0.008","ppm","7","","17","100.0000","44201","Ozone","014","12060","Atlanta-Sandy Springs-Roswell, GA","13","Georgia","097","Douglas","33.74399666","-84.632711565"
"03/31/1990","AQS","130970002","1","0.031","ppm","29","","17","100.0000","44201","Ozone","014","12060","Atlanta-Sandy Springs-Roswell, GA","13","Georgia","097","Douglas","33.74399666","-84.632711565"
"04/01/1990","AQS","130970002","1","0.038","ppm","35","","17","100.0000","44201","Ozone","014","12060","Atlanta-Sandy Springs-Roswell, GA","13","Georgia","097","Douglas","33.74399666","-84.632711565"
"04/02/1990","AQS","130970002","1","0.043","ppm","40","","17","100.0000","44201","Ozone","014","12060","Atlanta-Sandy Springs-Roswell, GA","13","Georgia","097","Douglas","33.74399666","-84.632711565"
"04/03/1990","AQS","130970002","1","0.029","ppm","27","","17","100.0000","44201","Ozone","014","12060","Atlanta-Sandy Springs-Roswell, GA","13","Georgia","097","Douglas","33.74399666","-84.632711565"
"04/04/1990","AQS","130970002","1","0.044","ppm","41","","17","100.0000","44201","Ozone","014","12060","Atlanta-Sandy Springs-Roswell, GA","13","Georgia","097","Douglas","33.74399666","-84.632711565"
"04/05/1990","AQS","130970002","1","0.065","ppm","84","","17","100.0000","44201","Ozone","014","12060","Atlanta-Sandy Springs-Roswell, GA","13","Georgia","097","Douglas","33.74399666","-84.632711565"
"04/06/1990","AQS","130970002","1","0.042","ppm","39","","17","100.0000","44201","Ozone","014","12060","Atlanta-Sandy Springs-Roswell, GA","13","Georgia","097","Douglas","33.74399666","-84.632711565"
"04/07/1990","AQS","130970002","1","0.038","ppm","35","","17","100.0000","44201","Ozone","014","12060","Atlanta-Sandy Springs-Roswell, GA","13","Georgia","097","Douglas","33.74399666","-84.632711565"
"04/08/1990","AQS","130970002","1","0.046","ppm","43","","17","100.0000","44201","Ozone","014","12060","Atlanta-Sandy Springs-Roswell, GA","13","Georgia","097","Douglas","33.74399666","-84.632711565"
"04/09/1990","AQS","130970002","1","0.055","ppm","51","","17","100.0000","44201","Ozone","014","12060","Atlanta-Sandy Springs-Roswell, GA","13","Georgia","097","Douglas","33.74399666","-84.632711565"
"04/10/1990","AQS","130970002","1","0.029","ppm","27","","17","100.0000","44201","Ozone","014","12060","Atlanta-Sandy Springs-Roswell, GA","13","Georgia","097","Douglas","33.74399666","-84.632711565"
"04/11/1990","AQS","130970002","1","0.035","ppm","32","","17","100.0000","44201","Ozone","014","12060","Atlanta-Sandy Springs-Roswell, GA","13","Georgia","097","Douglas","33.74399666","-84.632711565"
"04/12/1990","AQS","130970002","1","0.036","ppm","33","","17","100.0000","44201","Ozone","014","12060","Atlanta-Sandy Springs-Roswell, GA","13","Georgia","097","Douglas","33.74399666","-84.632711565"
"04/13/1990","AQS","130970002","1","0.047","ppm","44","","17","100.0000","44201","Ozone","014","12060","Atlanta-Sandy Springs-Roswell, GA","13","Georgia","097","Douglas","33.74399666","-84.632711565"
"04/14/1990","AQS","130970002","1","0.051","ppm","47","","17","100.0000","44201","Ozone","014","12060","Atlanta-Sandy Springs-Roswell, GA","13","Georgia","097","Douglas","33.74399666","-84.632711565"
"04/15/1990","AQS","130970002","1","0.041","ppm","38","","17","100.0000","44201","Ozone","014","12060","Atlanta-Sandy Springs-Roswell, GA","13","Georgia","097","Douglas","33.74399666","-84.632711565"
"04/16/1990","AQS","130970002","1","0.046","ppm","43","","17","100.0000","44201","Ozone","014","12060","Atlanta-Sandy Springs-Roswell, GA","13","Georgia","097","Douglas","33.74399666","-84.632711565"
"04/17/1990","AQS","130970002","1","0.053","ppm","49","","17","100.0000","44201","Ozone","014","12060","Atlanta-Sandy Springs-Roswell, GA","13","Georgia","097","Douglas","33.74399666","-84.632711565"
"04/18/1990","AQS","130970002","1","0.037","ppm","34","","17","100.0000","44201","Ozone","014","12060","Atlanta-Sandy Springs-Roswell, GA","13","Georgia","097","Douglas","33.74399666","-84.632711565"
"04/19/1990","AQS","130970002","1","0.039","ppm","36","","17","100.0000","44201","Ozone","014","12060","Atlanta-Sandy Springs-Roswell, GA","13","Georgia","097","Douglas","33.74399666","-84.632711565"
"04/20/1990","AQS","130970002","1","0.049","ppm","45","","17","100.0000","44201","Ozone","014","12060","Atlanta-Sandy Springs-Roswell, GA","13","Georgia","097","Douglas","33.74399666","-84.632711565"
"04/21/1990","AQS","130970002","1","0.027","ppm","25","","17","100.0000","44201","Ozone","014","12060","Atlanta-Sandy Springs-Roswell, GA","13","Georgia","097","Douglas","33.74399666","-84.632711565"
"04/22/1990","AQS","130970002","1","0.051","ppm","47","","17","100.0000","44201","Ozone","014","12060","Atlanta-Sandy Springs-Roswell, GA","13","Georgia","097","Douglas","33.74399666","-84.632711565"
"04/23/1990","AQS","130970002","1","0.062","ppm","74","","17","100.0000","44201","Ozone","014","12060","Atlanta-Sandy Springs-Roswell, GA","13","Georgia","097","Douglas","33.74399666","-84.632711565"
"04/24/1990","AQS","130970002","1","0.066","ppm","87","","17","100.0000","44201","Ozone","014","12060","Atlanta-Sandy Springs-Roswell, GA","13","Georgia","097","Douglas","33.74399666","-84.632711565"
"04/25/1990","AQS","130970002","1","0.065","ppm","84","","17","100.0000","44201","Ozone","014","12060","Atlanta-Sandy Springs-Roswell, GA","13","Georgia","097","Douglas","33.74399666","-84.632711565"
"04/26/1990","AQS","130970002","1","0.061","ppm","71","","17","100.0000","44201","Ozone","014","12060","Atlanta-Sandy Springs-Roswell, GA","13","Georgia","097","Douglas","33.74399666","-84.632711565"
"04/27/1990","AQS","130970002","1","0.064","ppm","80","","17","100.0000","44201","Ozone","014","12060","Atlanta-Sandy Springs-Roswell, GA","13","Georgia","097","Douglas","33.74399666","-84.632711565"
"04/28/1990","AQS","130970002","1","0.037","ppm","34","","17","100.0000","44201","Ozone","014","12060","Atlanta-Sandy Springs-Roswell, GA","13","Georgia","097","Douglas","33.74399666","-84.632711565"
"04/29/1990","AQS","130970002","1","0.047","ppm","44","","17","100.0000","44201","Ozone","014","12060","Atlanta-Sandy Springs-Roswell, GA","13","Georgia","097","Douglas","33.74399666","-84.632711565"
"04/30/1990","AQS","130970002","1","0.052","ppm","48","","17","100.0000","44201","Ozone","014","12060","Atlanta-Sandy Springs-Roswell, GA","13","Georgia","097","Douglas","33.74399666","-84.632711565"
"05/01/1990","AQS","130970002","1","0.057","ppm","58","","17","100.0000","44201","Ozone","014","12060","Atlanta-Sandy Springs-Roswell, GA","13","Georgia","097","Douglas","33.74399666","-84.632711565"
"05/02/1990","AQS","130970002","1","0.052","ppm","48","","17","100.0000","44201","Ozone","014","12060","Atlanta-Sandy Springs-Roswell, GA","13","Georgia","097","Douglas","33.74399666","-84.632711565"
"05/03/1990","AQS","130970002","1","0.068","ppm","93","","17","100.0000","44201","Ozone","014","12060","Atlanta-Sandy Springs-Roswell, GA","13","Georgia","097","Douglas","33.74399666","-84.632711565"
"05/04/1990","AQS","130970002","1","0.039","ppm","36","","17","100.0000","44201","Ozone","014","12060","Atlanta-Sandy Springs-Roswell, GA","13","Georgia","097","Douglas","33.74399666","-84.632711565"
"05/05/1990","AQS","130970002","1","0.047","ppm","44","","17","100.0000","44201","Ozone","014","12060","Atlanta-Sandy Springs-Roswell, GA","13","Georgia","097","Douglas","33.74399666","-84.632711565"
"05/06/1990","AQS","130970002","1","0.049","ppm","45","","17","100.0000","44201","Ozone","014","12060","Atlanta-Sandy Springs-Roswell, GA","13","Georgia","097","Douglas","33.74399666","-84.632711565"
"05/07/1990","AQS","130970002","1","0.067","ppm","90","","17","100.0000","44201","Ozone","014","12060","Atlanta-Sandy Springs-Roswell, GA","13","Georgia","097","Douglas","33.74399666","-84.632711565"
"05/08/1990","AQS","130970002","1","0.057","ppm","58","","17","100.0000","44201","Ozone","014","12060","Atlanta-Sandy Springs-Roswell, GA","13","Georgia","097","Douglas","33.74399666","-84.632711565"
"05/09/1990","AQS","130970002","1","0.033","ppm","31","","17","100.0000","44201","Ozone","014","12060","Atlanta-Sandy Springs-Roswell, GA","13","Georgia","097","Douglas","33.74399666","-84.632711565"
"05/10/1990","AQS","130970002","1","0.045","ppm","42","","17","100.0000","44201","Ozone","014","12060","Atlanta-Sandy Springs-Roswell, GA","13","Georgia","097","Douglas","33.74399666","-84.632711565"
"05/11/1990","AQS","130970002","1","0.05","ppm","46","","17","100.0000","44201","Ozone","014","12060","Atlanta-Sandy Springs-Roswell, GA","13","Georgia","097","Douglas","33.74399666","-84.632711565"
"05/12/1990","AQS","130970002","1","0.06","ppm","67","","17","100.0000","44201","Ozone","014","12060","Atlanta-Sandy Springs-Roswell, GA","13","Georgia","097","Douglas","33.74399666","-84.632711565"
"05/13/1990","AQS","130970002","1","0.032","ppm","30","","17","100.0000","44201","Ozone","014","12060","Atlanta-Sandy Springs-Roswell, GA","13","Georgia","097","Douglas","33.74399666","-84.632711565"
"05/14/1990","AQS","130970002","1","0.05","ppm","46","","17","100.0000","44201","Ozone","014","12060","Atlanta-Sandy Springs-Roswell, GA","13","Georgia","097","Douglas","33.74399666","-84.632711565"
"05/15/1990","AQS","130970002","1","0.049","ppm","45","","17","100.0000","44201","Ozone","014","12060","Atlanta-Sandy Springs-Roswell, GA","13","Georgia","097","Douglas","33.74399666","-84.632711565"
"05/16/1990","AQS","130970002","1","0.038","ppm","35","","17","100.0000","44201","Ozone","014","12060","Atlanta-Sandy Springs-Roswell, GA","13","Georgia","097","Douglas","33.74399666","-84.632711565"
"05/17/1990","AQS","130970002","1","0.05","ppm","46","","17","100.0000","44201","Ozone","014","12060","Atlanta-Sandy Springs-Roswell, GA","13","Georgia","097","Douglas","33.74399666","-84.632711565"
"05/18/1990","AQS","130970002","1","0.056","ppm","54","","17","100.0000","44201","Ozone","014","12060","Atlanta-Sandy Springs-Roswell, GA","13","Georgia","097","Douglas","33.74399666","-84.632711565"
"05/19/1990","AQS","130970002","1","0.065","ppm","84","","17","100.0000","44201","Ozone","014","12060","Atlanta-Sandy Springs-Roswell, GA","13","Georgia","097","Douglas","33.74399666","-84.632711565"
"05/20/1990","AQS","130970002","1","0.029","ppm","27","","17","100.0000","44201","Ozone","014","12060","Atlanta-Sandy Springs-Roswell, GA","13","Georgia","097","Douglas","33.74399666","-84.632711565"
"05/21/1990","AQS","130970002","1","0.043","ppm","40","","17","100.0000","44201","Ozone","014","12060","Atlanta-Sandy Springs-Roswell, GA","13","Georgia","097","Douglas","33.74399666","-84.632711565"
"05/22/1990","AQS","130970002","1","0.039","ppm","36","","14","82.0000","44201","Ozone","014","12060","Atlanta-Sandy Springs-Roswell, GA","13","Georgia","097","Douglas","33.74399666","-84.632711565"
"05/23/1990","AQS","130970002","1","0.044","ppm","41","","17","100.0000","44201","Ozone","014","12060","Atlanta-Sandy Springs-Roswell, GA","13","Georgia","097","Douglas","33.74399666","-84.632711565"
"05/24/1990","AQS","130970002","1","0.087","ppm","154","","17","100.0000","44201","Ozone","014","12060","Atlanta-Sandy Springs-Roswell, GA","13","Georgia","097","Douglas","33.74399666","-84.632711565"
"05/25/1990","AQS","130970002","1","0.069","ppm","97","","17","100.0000","44201","Ozone","014","12060","Atlanta-Sandy Springs-Roswell, GA","13","Georgia","097","Douglas","33.74399666","-84.632711565"
"05/26/1990","AQS","130970002","1","0.051","ppm","47","","17","100.0000","44201","Ozone","014","12060","Atlanta-Sandy Springs-Roswell, GA","13","Georgia","097","Douglas","33.74399666","-84.632711565"
"05/27/1990","AQS","130970002","1","0.033","ppm","31","","17","100.0000","44201","Ozone","014","12060","Atlanta-Sandy Springs-Roswell, GA","13","Georgia","097","Douglas","33.74399666","-84.632711565"
"05/28/1990","AQS","130970002","1","0.047","ppm","44","","17","100.0000","44201","Ozone","014","12060","Atlanta-Sandy Springs-Roswell, GA","13","Georgia","097","Douglas","33.74399666","-84.632711565"
"05/29/1990","AQS","130970002","1","0.07","ppm","100","","17","100.0000","44201","Ozone","014","12060","Atlanta-Sandy Springs-Roswell, GA","13","Georgia","097","Douglas","33.74399666","-84.632711565"
"05/30/1990","AQS","130970002","1","0.064","ppm","80","","17","100.0000","44201","Ozone","014","12060","Atlanta-Sandy Springs-Roswell, GA","13","Georgia","097","Douglas","33.74399666","-84.632711565"
"05/31/1990","AQS","130970002","1","0.062","ppm","74","","17","100.0000","44201","Ozone","014","12060","Atlanta-Sandy Springs-Roswell, GA","13","Georgia","097","Douglas","33.74399666","-84.632711565"
"06/01/1990","AQS","130970002","1","0.037","ppm","34","","17","100.0000","44201","Ozone","014","12060","Atlanta-Sandy Springs-Roswell, GA","13","Georgia","097","Douglas","33.74399666","-84.632711565"
"06/02/1990","AQS","130970002","1","0.039","ppm","36","","17","100.0000","44201","Ozone","014","12060","Atlanta-Sandy Springs-Roswell, GA","13","Georgia","097","Douglas","33.74399666","-84.632711565"
"06/03/1990","AQS","130970002","1","0.035","ppm","32","","17","100.0000","44201","Ozone","014","12060","Atlanta-Sandy Springs-Roswell, GA","13","Georgia","097","Douglas","33.74399666","-84.632711565"
"06/04/1990","AQS","130970002","1","0.049","ppm","45","","17","100.0000","44201","Ozone","014","12060","Atlanta-Sandy Springs-Roswell, GA","13","Georgia","097","Douglas","33.74399666","-84.632711565"
"06/05/1990","AQS","130970002","1","0.076","ppm","119","","17","100.0000","44201","Ozone","014","12060","Atlanta-Sandy Springs-Roswell, GA","13","Georgia","097","Douglas","33.74399666","-84.632711565"
"06/06/1990","AQS","130970002","1","0.071","ppm","101","","17","100.0000","44201","Ozone","014","12060","Atlanta-Sandy Springs-Roswell, GA","13","Georgia","097","Douglas","33.74399666","-84.632711565"
"06/07/1990","AQS","130970002","1","0.038","ppm","35","","17","100.0000","44201","Ozone","014","12060","Atlanta-Sandy Springs-Roswell, GA","13","Georgia","097","Douglas","33.74399666","-84.632711565"
"06/08/1990","AQS","130970002","1","0.043","ppm","40","","17","100.0000","44201","Ozone","014","12060","Atlanta-Sandy Springs-Roswell, GA","13","Georgia","097","Douglas","33.74399666","-84.632711565"
"06/09/1990","AQS","130970002","1","0.04","ppm","37","","17","100.0000","44201","Ozone","014","12060","Atlanta-Sandy Springs-Roswell, GA","13","Georgia","097","Douglas","33.74399666","-84.632711565"
"06/10/1990","AQS","130970002","1","0.061","ppm","71","","17","100.0000","44201","Ozone","014","12060","Atlanta-Sandy Springs-Roswell, GA","13","Georgia","097","Douglas","33.74399666","-84.632711565"
"06/11/1990","AQS","130970002","1","0.069","ppm","97","","17","100.0000","44201","Ozone","014","12060","Atlanta-Sandy Springs-Roswell, GA","13","Georgia","097","Douglas","33.74399666","-84.632711565"
"06/12/1990","AQS","130970002","1","0.084","ppm","147","","17","100.0000","44201","Ozone","014","12060","Atlanta-Sandy Springs-Roswell, GA","13","Georgia","097","Douglas","33.74399666","-84.632711565"
"06/13/1990","AQS","130970002","1","0.073","ppm","108","","17","100.0000","44201","Ozone","014","12060","Atlanta-Sandy Springs-Roswell, GA","13","Georgia","097","Douglas","33.74399666","-84.632711565"
"06/14/1990","AQS","130970002","1","0.063","ppm","77","","17","100.0000","44201","Ozone","014","12060","Atlanta-Sandy Springs-Roswell, GA","13","Georgia","097","Douglas","33.74399666","-84.632711565"
"06/15/1990","AQS","130970002","1","0.044","ppm","41","","17","100.0000","44201","Ozone","014","12060","Atlanta-Sandy Springs-Roswell, GA","13","Georgia","097","Douglas","33.74399666","-84.632711565"
"06/16/1990","AQS","130970002","1","0.078","ppm","126","","17","100.0000","44201","Ozone","014","12060","Atlanta-Sandy Springs-Roswell, GA","13","Georgia","097","Douglas","33.74399666","-84.632711565"
"06/17/1990","AQS","130970002","1","0.072","ppm","105","","17","100.0000","44201","Ozone","014","12060","Atlanta-Sandy Springs-Roswell, GA","13","Georgia","097","Douglas","33.74399666","-84.632711565"
"06/18/1990","AQS","130970002","1","0.064","ppm","80","","17","100.0000","44201","Ozone","014","12060","Atlanta-Sandy Springs-Roswell, GA","13","Georgia","097","Douglas","33.74399666","-84.632711565"
"06/19/1990","AQS","130970002","1","0.075","ppm","115","","17","100.0000","44201","Ozone","014","12060","Atlanta-Sandy Springs-Roswell, GA","13","Georgia","097","Douglas","33.74399666","-84.632711565"
"06/20/1990","AQS","130970002","1","0.092","ppm","166","","17","100.0000","44201","Ozone","014","12060","Atlanta-Sandy Springs-Roswell, GA","13","Georgia","097","Douglas","33.74399666","-84.632711565"
"06/21/1990","AQS","130970002","1","0.081","ppm","136","","17","100.0000","44201","Ozone","014","12060","Atlanta-Sandy Springs-Roswell, GA","13","Georgia","097","Douglas","33.74399666","-84.632711565"
"06/22/1990","AQS","130970002","1","0.047","ppm","44","","17","100.0000","44201","Ozone","014","12060","Atlanta-Sandy Springs-Roswell, GA","13","Georgia","097","Douglas","33.74399666","-84.632711565"
"06/23/1990","AQS","130970002","1","0.054","ppm","50","","17","100.0000","44201","Ozone","014","12060","Atlanta-Sandy Springs-Roswell, GA","13","Georgia","097","Douglas","33.74399666","-84.632711565"
"06/24/1990","AQS","130970002","1","0.059","ppm","64","","17","100.0000","44201","Ozone","014","12060","Atlanta-Sandy Springs-Roswell, GA","13","Georgia","097","Douglas","33.74399666","-84.632711565"
"06/25/1990","AQS","130970002","1","0.081","ppm","136","","17","100.0000","44201","Ozone","014","12060","Atlanta-Sandy Springs-Roswell, GA","13","Georgia","097","Douglas","33.74399666","-84.632711565"
"06/26/1990","AQS","130970002","1","0.092","ppm","166","","17","100.0000","44201","Ozone","014","12060","Atlanta-Sandy Springs-Roswell, GA","13","Georgia","097","Douglas","33.74399666","-84.632711565"
"06/27/1990","AQS","130970002","1","0.083","ppm","143","","17","100.0000","44201","Ozone","014","12060","Atlanta-Sandy Springs-Roswell, GA","13","Georgia","097","Douglas","33.74399666","-84.632711565"
"06/28/1990","AQS","130970002","1","0.105","ppm","200","","17","100.0000","44201","Ozone","014","12060","Atlanta-Sandy Springs-Roswell, GA","13","Georgia","097","Douglas","33.74399666","-84.632711565"
"06/29/1990","AQS","130970002","1","0.076","ppm","119","","17","100.0000","44201","Ozone","014","12060","Atlanta-Sandy Springs-Roswell, GA","13","Georgia","097","Douglas","33.74399666","-84.632711565"
"06/30/1990","AQS","130970002","1","0.059","ppm","64","","17","100.0000","44201","Ozone","014","12060","Atlanta-Sandy Springs-Roswell, GA","13","Georgia","097","Douglas","33.74399666","-84.632711565"
"07/01/1990","AQS","130970002","1","0.065","ppm","84","","17","100.0000","44201","Ozone","014","12060","Atlanta-Sandy Springs-Roswell, GA","13","Georgia","097","Douglas","33.74399666","-84.632711565"
"07/02/1990","AQS","130970002","1","0.081","ppm","136","","17","100.0000","44201","Ozone","014","12060","Atlanta-Sandy Springs-Roswell, GA","13","Georgia","097","Douglas","33.74399666","-84.632711565"
"07/03/1990","AQS","130970002","1","0.088","ppm","156","","17","100.0000","44201","Ozone","014","12060","Atlanta-Sandy Springs-Roswell, GA","13","Georgia","097","Douglas","33.74399666","-84.632711565"
"07/04/1990","AQS","130970002","1","0.079","ppm","129","","17","100.0000","44201","Ozone","014","12060","Atlanta-Sandy Springs-Roswell, GA","13","Georgia","097","Douglas","33.74399666","-84.632711565"
"07/05/1990","AQS","130970002","1","0.05","ppm","46","","17","100.0000","44201","Ozone","014","12060","Atlanta-Sandy Springs-Roswell, GA","13","Georgia","097","Douglas","33.74399666","-84.632711565"
"07/06/1990","AQS","130970002","1","0.091","ppm","164","","17","100.0000","44201","Ozone","014","12060","Atlanta-Sandy Springs-Roswell, GA","13","Georgia","097","Douglas","33.74399666","-84.632711565"
"07/07/1990","AQS","130970002","1","0.105","ppm","200","","17","100.0000","44201","Ozone","014","12060","Atlanta-Sandy Springs-Roswell, GA","13","Georgia","097","Douglas","33.74399666","-84.632711565"
"07/08/1990","AQS","130970002","1","0.09","ppm","161","","17","100.0000","44201","Ozone","014","12060","Atlanta-Sandy Springs-Roswell, GA","13","Georgia","097","Douglas","33.74399666","-84.632711565"
"07/09/1990","AQS","130970002","1","0.084","ppm","147","","17","100.0000","44201","Ozone","014","12060","Atlanta-Sandy Springs-Roswell, GA","13","Georgia","097","Douglas","33.74399666","-84.632711565"
"07/10/1990","AQS","130970002","1","0.069","ppm","97","","17","100.0000","44201","Ozone","014","12060","Atlanta-Sandy Springs-Roswell, GA","13","Georgia","097","Douglas","33.74399666","-84.632711565"
"07/11/1990","AQS","130970002","1","0.055","ppm","51","","17","100.0000","44201","Ozone","014","12060","Atlanta-Sandy Springs-Roswell, GA","13","Georgia","097","Douglas","33.74399666","-84.632711565"
"07/12/1990","AQS","130970002","1","0.031","ppm","29","","17","100.0000","44201","Ozone","014","12060","Atlanta-Sandy Springs-Roswell, GA","13","Georgia","097","Douglas","33.74399666","-84.632711565"
"07/13/1990","AQS","130970002","1","0.021","ppm","19","","17","100.0000","44201","Ozone","014","12060","Atlanta-Sandy Springs-Roswell, GA","13","Georgia","097","Douglas","33.74399666","-84.632711565"
"07/14/1990","AQS","130970002","1","0.036","ppm","33","","17","100.0000","44201","Ozone","014","12060","Atlanta-Sandy Springs-Roswell, GA","13","Georgia","097","Douglas","33.74399666","-84.632711565"
"07/15/1990","AQS","130970002","1","0.038","ppm","35","","17","100.0000","44201","Ozone","014","12060","Atlanta-Sandy Springs-Roswell, GA","13","Georgia","097","Douglas","33.74399666","-84.632711565"
"07/16/1990","AQS","130970002","1","0.07","ppm","100","","17","100.0000","44201","Ozone","014","12060","Atlanta-Sandy Springs-Roswell, GA","13","Georgia","097","Douglas","33.74399666","-84.632711565"
"07/17/1990","AQS","130970002","1","0.069","ppm","97","","17","100.0000","44201","Ozone","014","12060","Atlanta-Sandy Springs-Roswell, GA","13","Georgia","097","Douglas","33.74399666","-84.632711565"
"07/18/1990","AQS","130970002","1","0.047","ppm","44","","17","100.0000","44201","Ozone","014","12060","Atlanta-Sandy Springs-Roswell, GA","13","Georgia","097","Douglas","33.74399666","-84.632711565"
"07/19/1990","AQS","130970002","1","0.012","ppm","11","","17","100.0000","44201","Ozone","014","12060","Atlanta-Sandy Springs-Roswell, GA","13","Georgia","097","Douglas","33.74399666","-84.632711565"
"07/20/1990","AQS","130970002","1","0.022","ppm","20","","17","100.0000","44201","Ozone","014","12060","Atlanta-Sandy Springs-Roswell, GA","13","Georgia","097","Douglas","33.74399666","-84.632711565"
"07/21/1990","AQS","130970002","1","0.026","ppm","24","","17","100.0000","44201","Ozone","014","12060","Atlanta-Sandy Springs-Roswell, GA","13","Georgia","097","Douglas","33.74399666","-84.632711565"
"07/22/1990","AQS","130970002","1","0.032","ppm","30","","17","100.0000","44201","Ozone","014","12060","Atlanta-Sandy Springs-Roswell, GA","13","Georgia","097","Douglas","33.74399666","-84.632711565"
"07/23/1990","AQS","130970002","1","0.036","ppm","33","","17","100.0000","44201","Ozone","014","12060","Atlanta-Sandy Springs-Roswell, GA","13","Georgia","097","Douglas","33.74399666","-84.632711565"
"07/24/1990","AQS","130970002","1","0.05","ppm","46","","17","100.0000","44201","Ozone","014","12060","Atlanta-Sandy Springs-Roswell, GA","13","Georgia","097","Douglas","33.74399666","-84.632711565"
"07/25/1990","AQS","130970002","1","0.063","ppm","77","","17","100.0000","44201","Ozone","014","12060","Atlanta-Sandy Springs-Roswell, GA","13","Georgia","097","Douglas","33.74399666","-84.632711565"
"07/26/1990","AQS","130970002","1","0.071","ppm","101","","17","100.0000","44201","Ozone","014","12060","Atlanta-Sandy Springs-Roswell, GA","13","Georgia","097","Douglas","33.74399666","-84.632711565"
"07/27/1990","AQS","130970002","1","0.088","ppm","156","","17","100.0000","44201","Ozone","014","12060","Atlanta-Sandy Springs-Roswell, GA","13","Georgia","097","Douglas","33.74399666","-84.632711565"
"07/28/1990","AQS","130970002","1","0.053","ppm","49","","17","100.0000","44201","Ozone","014","12060","Atlanta-Sandy Springs-Roswell, GA","13","Georgia","097","Douglas","33.74399666","-84.632711565"
"07/29/1990","AQS","130970002","1","0.072","ppm","105","","17","100.0000","44201","Ozone","014","12060","Atlanta-Sandy Springs-Roswell, GA","13","Georgia","097","Douglas","33.74399666","-84.632711565"
"07/30/1990","AQS","130970002","1","0.065","ppm","84","","17","100.0000","44201","Ozone","014","12060","Atlanta-Sandy Springs-Roswell, GA","13","Georgia","097","Douglas","33.74399666","-84.632711565"
"07/31/1990","AQS","130970002","1","0.072","ppm","105","","17","100.0000","44201","Ozone","014","12060","Atlanta-Sandy Springs-Roswell, GA","13","Georgia","097","Douglas","33.74399666","-84.632711565"
"08/01/1990","AQS","130970002","1","0.05","ppm","46","","17","100.0000","44201","Ozone","014","12060","Atlanta-Sandy Springs-Roswell, GA","13","Georgia","097","Douglas","33.74399666","-84.632711565"
"08/02/1990","AQS","130970002","1","0.047","ppm","44","","17","100.0000","44201","Ozone","014","12060","Atlanta-Sandy Springs-Roswell, GA","13","Georgia","097","Douglas","33.74399666","-84.632711565"
"08/03/1990","AQS","130970002","1","0.063","ppm","77","","17","100.0000","44201","Ozone","014","12060","Atlanta-Sandy Springs-Roswell, GA","13","Georgia","097","Douglas","33.74399666","-84.632711565"
"08/04/1990","AQS","130970002","1","0.077","ppm","122","","17","100.0000","44201","Ozone","014","12060","Atlanta-Sandy Springs-Roswell, GA","13","Georgia","097","Douglas","33.74399666","-84.632711565"
"08/05/1990","AQS","130970002","1","0.04","ppm","37","","17","100.0000","44201","Ozone","014","12060","Atlanta-Sandy Springs-Roswell, GA","13","Georgia","097","Douglas","33.74399666","-84.632711565"
"08/06/1990","AQS","130970002","1","0.057","ppm","58","","17","100.0000","44201","Ozone","014","12060","Atlanta-Sandy Springs-Roswell, GA","13","Georgia","097","Douglas","33.74399666","-84.632711565"
"08/07/1990","AQS","130970002","1","0.068","ppm","93","","17","100.0000","44201","Ozone","014","12060","Atlanta-Sandy Springs-Roswell, GA","13","Georgia","097","Douglas","33.74399666","-84.632711565"
"08/08/1990","AQS","130970002","1","0.05","ppm","46","","17","100.0000","44201","Ozone","014","12060","Atlanta-Sandy Springs-Roswell, GA","13","Georgia","097","Douglas","33.74399666","-84.632711565"
"08/09/1990","AQS","130970002","1","0.067","ppm","90","","17","100.0000","44201","Ozone","014","12060","Atlanta-Sandy Springs-Roswell, GA","13","Georgia","097","Douglas","33.74399666","-84.632711565"
"08/10/1990","AQS","130970002","1","0.066","ppm","87","","17","100.0000","44201","Ozone","014","12060","Atlanta-Sandy Springs-Roswell, GA","13","Georgia","097","Douglas","33.74399666","-84.632711565"
"08/11/1990","AQS","130970002","1","0.08","ppm","133","","17","100.0000","44201","Ozone","014","12060","Atlanta-Sandy Springs-Roswell, GA","13","Georgia","097","Douglas","33.74399666","-84.632711565"
"08/12/1990","AQS","130970002","1","0.06","ppm","67","","17","100.0000","44201","Ozone","014","12060","Atlanta-Sandy Springs-Roswell, GA","13","Georgia","097","Douglas","33.74399666","-84.632711565"
"08/13/1990","AQS","130970002","1","0.05","ppm","46","","17","100.0000","44201","Ozone","014","12060","Atlanta-Sandy Springs-Roswell, GA","13","Georgia","097","Douglas","33.74399666","-84.632711565"
"08/14/1990","AQS","130970002","1","0.064","ppm","80","","17","100.0000","44201","Ozone","014","12060","Atlanta-Sandy Springs-Roswell, GA","13","Georgia","097","Douglas","33.74399666","-84.632711565"
"08/15/1990","AQS","130970002","1","0.062","ppm","74","","17","100.0000","44201","Ozone","014","12060","Atlanta-Sandy Springs-Roswell, GA","13","Georgia","097","Douglas","33.74399666","-84.632711565"
"08/16/1990","AQS","130970002","1","0.069","ppm","97","","17","100.0000","44201","Ozone","014","12060","Atlanta-Sandy Springs-Roswell, GA","13","Georgia","097","Douglas","33.74399666","-84.632711565"
"08/17/1990","AQS","130970002","1","0.073","ppm","108","","17","100.0000","44201","Ozone","014","12060","Atlanta-Sandy Springs-Roswell, GA","13","Georgia","097","Douglas","33.74399666","-84.632711565"
"08/18/1990","AQS","130970002","1","0.088","ppm","156","","17","100.0000","44201","Ozone","014","12060","Atlanta-Sandy Springs-Roswell, GA","13","Georgia","097","Douglas","33.74399666","-84.632711565"
"08/19/1990","AQS","130970002","1","0.096","ppm","177","","17","100.0000","44201","Ozone","014","12060","Atlanta-Sandy Springs-Roswell, GA","13","Georgia","097","Douglas","33.74399666","-84.632711565"
"08/20/1990","AQS","130970002","1","0.088","ppm","156","","17","100.0000","44201","Ozone","014","12060","Atlanta-Sandy Springs-Roswell, GA","13","Georgia","097","Douglas","33.74399666","-84.632711565"
"08/21/1990","AQS","130970002","1","0.073","ppm","108","","17","100.0000","44201","Ozone","014","12060","Atlanta-Sandy Springs-Roswell, GA","13","Georgia","097","Douglas","33.74399666","-84.632711565"
"08/22/1990","AQS","130970002","1","0.069","ppm","97","","17","100.0000","44201","Ozone","014","12060","Atlanta-Sandy Springs-Roswell, GA","13","Georgia","097","Douglas","33.74399666","-84.632711565"
"08/23/1990","AQS","130970002","1","0.062","ppm","74","","17","100.0000","44201","Ozone","014","12060","Atlanta-Sandy Springs-Roswell, GA","13","Georgia","097","Douglas","33.74399666","-84.632711565"
"08/24/1990","AQS","130970002","1","0.083","ppm","143","","13","76.0000","44201","Ozone","014","12060","Atlanta-Sandy Springs-Roswell, GA","13","Georgia","097","Douglas","33.74399666","-84.632711565"
"08/25/1990","AQS","130970002","1","0.093","ppm","169","","17","100.0000","44201","Ozone","014","12060","Atlanta-Sandy Springs-Roswell, GA","13","Georgia","097","Douglas","33.74399666","-84.632711565"
"08/26/1990","AQS","130970002","1","0.074","ppm","112","","17","100.0000","44201","Ozone","014","12060","Atlanta-Sandy Springs-Roswell, GA","13","Georgia","097","Douglas","33.74399666","-84.632711565"
"08/27/1990","AQS","130970002","1","0.087","ppm","154","","17","100.0000","44201","Ozone","014","12060","Atlanta-Sandy Springs-Roswell, GA","13","Georgia","097","Douglas","33.74399666","-84.632711565"
"08/28/1990","AQS","130970002","1","0.104","ppm","197","","17","100.0000","44201","Ozone","014","12060","Atlanta-Sandy Springs-Roswell, GA","13","Georgia","097","Douglas","33.74399666","-84.632711565"
"08/29/1990","AQS","130970002","1","0.091","ppm","164","","17","100.0000","44201","Ozone","014","12060","Atlanta-Sandy Springs-Roswell, GA","13","Georgia","097","Douglas","33.74399666","-84.632711565"
"08/30/1990","AQS","130970002","1","0.072","ppm","105","","17","100.0000","44201","Ozone","014","12060","Atlanta-Sandy Springs-Roswell, GA","13","Georgia","097","Douglas","33.74399666","-84.632711565"
"08/31/1990","AQS","130970002","1","0.047","ppm","44","","17","100.0000","44201","Ozone","014","12060","Atlanta-Sandy Springs-Roswell, GA","13","Georgia","097","Douglas","33.74399666","-84.632711565"
"09/01/1990","AQS","130970002","1","0.06","ppm","67","","17","100.0000","44201","Ozone","014","12060","Atlanta-Sandy Springs-Roswell, GA","13","Georgia","097","Douglas","33.74399666","-84.632711565"
"09/02/1990","AQS","130970002","1","0.074","ppm","112","","17","100.0000","44201","Ozone","014","12060","Atlanta-Sandy Springs-Roswell, GA","13","Georgia","097","Douglas","33.74399666","-84.632711565"
"09/03/1990","AQS","130970002","1","0.072","ppm","105","","17","100.0000","44201","Ozone","014","12060","Atlanta-Sandy Springs-Roswell, GA","13","Georgia","097","Douglas","33.74399666","-84.632711565"
"09/04/1990","AQS","130970002","1","0.084","ppm","147","","17","100.0000","44201","Ozone","014","12060","Atlanta-Sandy Springs-Roswell, GA","13","Georgia","097","Douglas","33.74399666","-84.632711565"
"09/05/1990","AQS","130970002","1","0.082","ppm","140","","17","100.0000","44201","Ozone","014","12060","Atlanta-Sandy Springs-Roswell, GA","13","Georgia","097","Douglas","33.74399666","-84.632711565"
"09/06/1990","AQS","130970002","1","0.104","ppm","197","","17","100.0000","44201","Ozone","014","12060","Atlanta-Sandy Springs-Roswell, GA","13","Georgia","097","Douglas","33.74399666","-84.632711565"
"09/07/1990","AQS","130970002","1","0.083","ppm","143","","17","100.0000","44201","Ozone","014","12060","Atlanta-Sandy Springs-Roswell, GA","13","Georgia","097","Douglas","33.74399666","-84.632711565"
"09/08/1990","AQS","130970002","1","0.073","ppm","108","","17","100.0000","44201","Ozone","014","12060","Atlanta-Sandy Springs-Roswell, GA","13","Georgia","097","Douglas","33.74399666","-84.632711565"
"09/09/1990","AQS","130970002","1","0.06","ppm","67","","17","100.0000","44201","Ozone","014","12060","Atlanta-Sandy Springs-Roswell, GA","13","Georgia","097","Douglas","33.74399666","-84.632711565"
"09/10/1990","AQS","130970002","1","0.072","ppm","105","","17","100.0000","44201","Ozone","014","12060","Atlanta-Sandy Springs-Roswell, GA","13","Georgia","097","Douglas","33.74399666","-84.632711565"
"09/11/1990","AQS","130970002","1","0.082","ppm","140","","17","100.0000","44201","Ozone","014","12060","Atlanta-Sandy Springs-Roswell, GA","13","Georgia","097","Douglas","33.74399666","-84.632711565"
"09/12/1990","AQS","130970002","1","0.053","ppm","49","","17","100.0000","44201","Ozone","014","12060","Atlanta-Sandy Springs-Roswell, GA","13","Georgia","097","Douglas","33.74399666","-84.632711565"
"09/13/1990","AQS","130970002","1","0.038","ppm","35","","17","100.0000","44201","Ozone","014","12060","Atlanta-Sandy Springs-Roswell, GA","13","Georgia","097","Douglas","33.74399666","-84.632711565"
"09/14/1990","AQS","130970002","1","0.033","ppm","31","","17","100.0000","44201","Ozone","014","12060","Atlanta-Sandy Springs-Roswell, GA","13","Georgia","097","Douglas","33.74399666","-84.632711565"
"09/15/1990","AQS","130970002","1","0.056","ppm","54","","17","100.0000","44201","Ozone","014","12060","Atlanta-Sandy Springs-Roswell, GA","13","Georgia","097","Douglas","33.74399666","-84.632711565"
"09/16/1990","AQS","130970002","1","0.067","ppm","90","","17","100.0000","44201","Ozone","014","12060","Atlanta-Sandy Springs-Roswell, GA","13","Georgia","097","Douglas","33.74399666","-84.632711565"
"09/17/1990","AQS","130970002","1","0.061","ppm","71","","17","100.0000","44201","Ozone","014","12060","Atlanta-Sandy Springs-Roswell, GA","13","Georgia","097","Douglas","33.74399666","-84.632711565"
"09/18/1990","AQS","130970002","1","0.069","ppm","97","","17","100.0000","44201","Ozone","014","12060","Atlanta-Sandy Springs-Roswell, GA","13","Georgia","097","Douglas","33.74399666","-84.632711565"
"09/19/1990","AQS","130970002","1","0.067","ppm","90","","17","100.0000","44201","Ozone","014","12060","Atlanta-Sandy Springs-Roswell, GA","13","Georgia","097","Douglas","33.74399666","-84.632711565"
"09/20/1990","AQS","130970002","1","0.073","ppm","108","","17","100.0000","44201","Ozone","014","12060","Atlanta-Sandy Springs-Roswell, GA","13","Georgia","097","Douglas","33.74399666","-84.632711565"
"09/21/1990","AQS","130970002","1","0.067","ppm","90","","17","100.0000","44201","Ozone","014","12060","Atlanta-Sandy Springs-Roswell, GA","13","Georgia","097","Douglas","33.74399666","-84.632711565"
"09/22/1990","AQS","130970002","1","0.032","ppm","30","","17","100.0000","44201","Ozone","014","12060","Atlanta-Sandy Springs-Roswell, GA","13","Georgia","097","Douglas","33.74399666","-84.632711565"
"09/23/1990","AQS","130970002","1","0.038","ppm","35","","17","100.0000","44201","Ozone","014","12060","Atlanta-Sandy Springs-Roswell, GA","13","Georgia","097","Douglas","33.74399666","-84.632711565"
"09/24/1990","AQS","130970002","1","0.04","ppm","37","","17","100.0000","44201","Ozone","014","12060","Atlanta-Sandy Springs-Roswell, GA","13","Georgia","097","Douglas","33.74399666","-84.632711565"
"09/25/1990","AQS","130970002","1","0.065","ppm","84","","17","100.0000","44201","Ozone","014","12060","Atlanta-Sandy Springs-Roswell, GA","13","Georgia","097","Douglas","33.74399666","-84.632711565"
"09/26/1990","AQS","130970002","1","0.061","ppm","71","","17","100.0000","44201","Ozone","014","12060","Atlanta-Sandy Springs-Roswell, GA","13","Georgia","097","Douglas","33.74399666","-84.632711565"
"09/27/1990","AQS","130970002","1","0.076","ppm","119","","17","100.0000","44201","Ozone","014","12060","Atlanta-Sandy Springs-Roswell, GA","13","Georgia","097","Douglas","33.74399666","-84.632711565"
"09/28/1990","AQS","130970002","1","0.05","ppm","46","","15","88.0000","44201","Ozone","014","12060","Atlanta-Sandy Springs-Roswell, GA","13","Georgia","097","Douglas","33.74399666","-84.632711565"
"09/29/1990","AQS","130970002","1","0.071","ppm","101","","17","100.0000","44201","Ozone","014","12060","Atlanta-Sandy Springs-Roswell, GA","13","Georgia","097","Douglas","33.74399666","-84.632711565"
"09/30/1990","AQS","130970002","1","0.066","ppm","87","","17","100.0000","44201","Ozone","014","12060","Atlanta-Sandy Springs-Roswell, GA","13","Georgia","097","Douglas","33.74399666","-84.632711565"
"10/01/1990","AQS","130970002","1","0.058","ppm","61","","17","100.0000","44201","Ozone","014","12060","Atlanta-Sandy Springs-Roswell, GA","13","Georgia","097","Douglas","33.74399666","-84.632711565"
"10/02/1990","AQS","130970002","1","0.062","ppm","74","","17","100.0000","44201","Ozone","014","12060","Atlanta-Sandy Springs-Roswell, GA","13","Georgia","097","Douglas","33.74399666","-84.632711565"
"10/03/1990","AQS","130970002","1","0.05","ppm","46","","17","100.0000","44201","Ozone","014","12060","Atlanta-Sandy Springs-Roswell, GA","13","Georgia","097","Douglas","33.74399666","-84.632711565"
"10/04/1990","AQS","130970002","1","0.028","ppm","26","","17","100.0000","44201","Ozone","014","12060","Atlanta-Sandy Springs-Roswell, GA","13","Georgia","097","Douglas","33.74399666","-84.632711565"
"10/05/1990","AQS","130970002","1","0.05","ppm","46","","17","100.0000","44201","Ozone","014","12060","Atlanta-Sandy Springs-Roswell, GA","13","Georgia","097","Douglas","33.74399666","-84.632711565"
"10/06/1990","AQS","130970002","1","0.064","ppm","80","","17","100.0000","44201","Ozone","014","12060","Atlanta-Sandy Springs-Roswell, GA","13","Georgia","097","Douglas","33.74399666","-84.632711565"
"10/07/1990","AQS","130970002","1","0.038","ppm","35","","17","100.0000","44201","Ozone","014","12060","Atlanta-Sandy Springs-Roswell, GA","13","Georgia","097","Douglas","33.74399666","-84.632711565"
"10/08/1990","AQS","130970002","1","0.033","ppm","31","","17","100.0000","44201","Ozone","014","12060","Atlanta-Sandy Springs-Roswell, GA","13","Georgia","097","Douglas","33.74399666","-84.632711565"
"10/09/1990","AQS","130970002","1","0.032","ppm","30","","17","100.0000","44201","Ozone","014","12060","Atlanta-Sandy Springs-Roswell, GA","13","Georgia","097","Douglas","33.74399666","-84.632711565"
"10/10/1990","AQS","130970002","1","0.014","ppm","13","","17","100.0000","44201","Ozone","014","12060","Atlanta-Sandy Springs-Roswell, GA","13","Georgia","097","Douglas","33.74399666","-84.632711565"
"10/11/1990","AQS","130970002","1","0.014","ppm","13","","17","100.0000","44201","Ozone","014","12060","Atlanta-Sandy Springs-Roswell, GA","13","Georgia","097","Douglas","33.74399666","-84.632711565"
"10/12/1990","AQS","130970002","1","0.023","ppm","21","","17","100.0000","44201","Ozone","014","12060","Atlanta-Sandy Springs-Roswell, GA","13","Georgia","097","Douglas","33.74399666","-84.632711565"
"10/13/1990","AQS","130970002","1","0.02","ppm","19","","17","100.0000","44201","Ozone","014","12060","Atlanta-Sandy Springs-Roswell, GA","13","Georgia","097","Douglas","33.74399666","-84.632711565"
"10/14/1990","AQS","130970002","1","0.024","ppm","22","","17","100.0000","44201","Ozone","014","12060","Atlanta-Sandy Springs-Roswell, GA","13","Georgia","097","Douglas","33.74399666","-84.632711565"
"10/15/1990","AQS","130970002","1","0.056","ppm","54","","17","100.0000","44201","Ozone","014","12060","Atlanta-Sandy Springs-Roswell, GA","13","Georgia","097","Douglas","33.74399666","-84.632711565"
"10/16/1990","AQS","130970002","1","0.068","ppm","93","","17","100.0000","44201","Ozone","014","12060","Atlanta-Sandy Springs-Roswell, GA","13","Georgia","097","Douglas","33.74399666","-84.632711565"
"10/17/1990","AQS","130970002","1","0.054","ppm","50","","17","100.0000","44201","Ozone","014","12060","Atlanta-Sandy Springs-Roswell, GA","13","Georgia","097","Douglas","33.74399666","-84.632711565"
"10/18/1990","AQS","130970002","1","0.038","ppm","35","","17","100.0000","44201","Ozone","014","12060","Atlanta-Sandy Springs-Roswell, GA","13","Georgia","097","Douglas","33.74399666","-84.632711565"
"10/19/1990","AQS","130970002","1","0.037","ppm","34","","17","100.0000","44201","Ozone","014","12060","Atlanta-Sandy Springs-Roswell, GA","13","Georgia","097","Douglas","33.74399666","-84.632711565"
"10/20/1990","AQS","130970002","1","0.05","ppm","46","","17","100.0000","44201","Ozone","014","12060","Atlanta-Sandy Springs-Roswell, GA","13","Georgia","097","Douglas","33.74399666","-84.632711565"
"10/21/1990","AQS","130970002","1","0.041","ppm","38","","17","100.0000","44201","Ozone","014","12060","Atlanta-Sandy Springs-Roswell, GA","13","Georgia","097","Douglas","33.74399666","-84.632711565"
"10/22/1990","AQS","130970002","1","0.016","ppm","15","","17","100.0000","44201","Ozone","014","12060","Atlanta-Sandy Springs-Roswell, GA","13","Georgia","097","Douglas","33.74399666","-84.632711565"
"10/23/1990","AQS","130970002","1","0.027","ppm","25","","17","100.0000","44201","Ozone","014","12060","Atlanta-Sandy Springs-Roswell, GA","13","Georgia","097","Douglas","33.74399666","-84.632711565"
"10/24/1990","AQS","130970002","1","0.027","ppm","25","","17","100.0000","44201","Ozone","014","12060","Atlanta-Sandy Springs-Roswell, GA","13","Georgia","097","Douglas","33.74399666","-84.632711565"
"10/25/1990","AQS","130970002","1","0.026","ppm","24","","17","100.0000","44201","Ozone","014","12060","Atlanta-Sandy Springs-Roswell, GA","13","Georgia","097","Douglas","33.74399666","-84.632711565"
"10/26/1990","AQS","130970002","1","0.032","ppm","30","","17","100.0000","44201","Ozone","014","12060","Atlanta-Sandy Springs-Roswell, GA","13","Georgia","097","Douglas","33.74399666","-84.632711565"
"10/27/1990","AQS","130970002","1","0.042","ppm","39","","17","100.0000","44201","Ozone","014","12060","Atlanta-Sandy Springs-Roswell, GA","13","Georgia","097","Douglas","33.74399666","-84.632711565"
"10/28/1990","AQS","130970002","1","0.041","ppm","38","","17","100.0000","44201","Ozone","014","12060","Atlanta-Sandy Springs-Roswell, GA","13","Georgia","097","Douglas","33.74399666","-84.632711565"
"10/29/1990","AQS","130970002","1","0.033","ppm","31","","17","100.0000","44201","Ozone","014","12060","Atlanta-Sandy Springs-Roswell, GA","13","Georgia","097","Douglas","33.74399666","-84.632711565"
"10/30/1990","AQS","130970002","1","0.04","ppm","37","","17","100.0000","44201","Ozone","014","12060","Atlanta-Sandy Springs-Roswell, GA","13","Georgia","097","Douglas","33.74399666","-84.632711565"
"10/31/1990","AQS","130970002","1","0.054","ppm","50","","17","100.0000","44201","Ozone","014","12060","Atlanta-Sandy Springs-Roswell, GA","13","Georgia","097","Douglas","33.74399666","-84.632711565"
"11/01/1990","AQS","130970002","1","0.047","ppm","44","","17","100.0000","44201","Ozone","014","12060","Atlanta-Sandy Springs-Roswell, GA","13","Georgia","097","Douglas","33.74399666","-84.632711565"
"11/02/1990","AQS","130970002","1","0.049","ppm","45","","17","100.0000","44201","Ozone","014","12060","Atlanta-Sandy Springs-Roswell, GA","13","Georgia","097","Douglas","33.74399666","-84.632711565"
"11/03/1990","AQS","130970002","1","0.045","ppm","42","","17","100.0000","44201","Ozone","014","12060","Atlanta-Sandy Springs-Roswell, GA","13","Georgia","097","Douglas","33.74399666","-84.632711565"
"11/04/1990","AQS","130970002","1","0.04","ppm","37","","17","100.0000","44201","Ozone","014","12060","Atlanta-Sandy Springs-Roswell, GA","13","Georgia","097","Douglas","33.74399666","-84.632711565"
"11/05/1990","AQS","130970002","1","0.027","ppm","25","","17","100.0000","44201","Ozone","014","12060","Atlanta-Sandy Springs-Roswell, GA","13","Georgia","097","Douglas","33.74399666","-84.632711565"
"11/06/1990","AQS","130970002","1","0.03","ppm","28","","17","100.0000","44201","Ozone","014","12060","Atlanta-Sandy Springs-Roswell, GA","13","Georgia","097","Douglas","33.74399666","-84.632711565"
"11/07/1990","AQS","130970002","1","0.033","ppm","31","","17","100.0000","44201","Ozone","014","12060","Atlanta-Sandy Springs-Roswell, GA","13","Georgia","097","Douglas","33.74399666","-84.632711565"
"11/08/1990","AQS","130970002","1","0.027","ppm","25","","17","100.0000","44201","Ozone","014","12060","Atlanta-Sandy Springs-Roswell, GA","13","Georgia","097","Douglas","33.74399666","-84.632711565"
"11/09/1990","AQS","130970002","1","0.01","ppm","9","","17","100.0000","44201","Ozone","014","12060","Atlanta-Sandy Springs-Roswell, GA","13","Georgia","097","Douglas","33.74399666","-84.632711565"
"11/10/1990","AQS","130970002","1","0.02","ppm","19","","17","100.0000","44201","Ozone","014","12060","Atlanta-Sandy Springs-Roswell, GA","13","Georgia","097","Douglas","33.74399666","-84.632711565"
"11/11/1990","AQS","130970002","1","0.035","ppm","32","","17","100.0000","44201","Ozone","014","12060","Atlanta-Sandy Springs-Roswell, GA","13","Georgia","097","Douglas","33.74399666","-84.632711565"
"11/12/1990","AQS","130970002","1","0.047","ppm","44","","17","100.0000","44201","Ozone","014","12060","Atlanta-Sandy Springs-Roswell, GA","13","Georgia","097","Douglas","33.74399666","-84.632711565"
"11/13/1990","AQS","130970002","1","0.034","ppm","31","","17","100.0000","44201","Ozone","014","12060","Atlanta-Sandy Springs-Roswell, GA","13","Georgia","097","Douglas","33.74399666","-84.632711565"
"11/14/1990","AQS","130970002","1","0.032","ppm","30","","17","100.0000","44201","Ozone","014","12060","Atlanta-Sandy Springs-Roswell, GA","13","Georgia","097","Douglas","33.74399666","-84.632711565"
"11/15/1990","AQS","130970002","1","0.038","ppm","35","","17","100.0000","44201","Ozone","014","12060","Atlanta-Sandy Springs-Roswell, GA","13","Georgia","097","Douglas","33.74399666","-84.632711565"
"11/16/1990","AQS","130970002","1","0.045","ppm","42","","17","100.0000","44201","Ozone","014","12060","Atlanta-Sandy Springs-Roswell, GA","13","Georgia","097","Douglas","33.74399666","-84.632711565"
"11/17/1990","AQS","130970002","1","0.034","ppm","31","","17","100.0000","44201","Ozone","014","12060","Atlanta-Sandy Springs-Roswell, GA","13","Georgia","097","Douglas","33.74399666","-84.632711565"
"11/18/1990","AQS","130970002","1","0.037","ppm","34","","17","100.0000","44201","Ozone","014","12060","Atlanta-Sandy Springs-Roswell, GA","13","Georgia","097","Douglas","33.74399666","-84.632711565"
"11/19/1990","AQS","130970002","1","0.042","ppm","39","","17","100.0000","44201","Ozone","014","12060","Atlanta-Sandy Springs-Roswell, GA","13","Georgia","097","Douglas","33.74399666","-84.632711565"
"11/20/1990","AQS","130970002","1","0.033","ppm","31","","17","100.0000","44201","Ozone","014","12060","Atlanta-Sandy Springs-Roswell, GA","13","Georgia","097","Douglas","33.74399666","-84.632711565"
"11/21/1990","AQS","130970002","1","0.047","ppm","44","","17","100.0000","44201","Ozone","014","12060","Atlanta-Sandy Springs-Roswell, GA","13","Georgia","097","Douglas","33.74399666","-84.632711565"
"11/22/1990","AQS","130970002","1","0.053","ppm","49","","17","100.0000","44201","Ozone","014","12060","Atlanta-Sandy Springs-Roswell, GA","13","Georgia","097","Douglas","33.74399666","-84.632711565"
"11/23/1990","AQS","130970002","1","0.032","ppm","30","","17","100.0000","44201","Ozone","014","12060","Atlanta-Sandy Springs-Roswell, GA","13","Georgia","097","Douglas","33.74399666","-84.632711565"
"11/24/1990","AQS","130970002","1","0.035","ppm","32","","17","100.0000","44201","Ozone","014","12060","Atlanta-Sandy Springs-Roswell, GA","13","Georgia","097","Douglas","33.74399666","-84.632711565"
"11/25/1990","AQS","130970002","1","0.042","ppm","39","","17","100.0000","44201","Ozone","014","12060","Atlanta-Sandy Springs-Roswell, GA","13","Georgia","097","Douglas","33.74399666","-84.632711565"
"11/26/1990","AQS","130970002","1","0.025","ppm","23","","17","100.0000","44201","Ozone","014","12060","Atlanta-Sandy Springs-Roswell, GA","13","Georgia","097","Douglas","33.74399666","-84.632711565"
"11/27/1990","AQS","130970002","1","0.038","ppm","35","","17","100.0000","44201","Ozone","014","12060","Atlanta-Sandy Springs-Roswell, GA","13","Georgia","097","Douglas","33.74399666","-84.632711565"
"11/28/1990","AQS","130970002","1","0.03","ppm","28","","17","100.0000","44201","Ozone","014","12060","Atlanta-Sandy Springs-Roswell, GA","13","Georgia","097","Douglas","33.74399666","-84.632711565"
"11/29/1990","AQS","130970002","1","0.031","ppm","29","","17","100.0000","44201","Ozone","014","12060","Atlanta-Sandy Springs-Roswell, GA","13","Georgia","097","Douglas","33.74399666","-84.632711565"
"03/01/1990","AQS","131210053","1","0.039","ppm","36","","17","100.0000","44201","Ozone","014","12060","Atlanta-Sandy Springs-Roswell, GA","13","Georgia","121","Fulton","33.74843942","-84.37548234"
"03/02/1990","AQS","131210053","1","0.008","ppm","7","","17","100.0000","44201","Ozone","014","12060","Atlanta-Sandy Springs-Roswell, GA","13","Georgia","121","Fulton","33.74843942","-84.37548234"
"03/03/1990","AQS","131210053","1","0.03","ppm","28","","17","100.0000","44201","Ozone","014","12060","Atlanta-Sandy Springs-Roswell, GA","13","Georgia","121","Fulton","33.74843942","-84.37548234"
"03/04/1990","AQS","131210053","1","0.039","ppm","36","","17","100.0000","44201","Ozone","014","12060","Atlanta-Sandy Springs-Roswell, GA","13","Georgia","121","Fulton","33.74843942","-84.37548234"
"03/05/1990","AQS","131210053","1","0.043","ppm","40","","17","100.0000","44201","Ozone","014","12060","Atlanta-Sandy Springs-Roswell, GA","13","Georgia","121","Fulton","33.74843942","-84.37548234"
"03/06/1990","AQS","131210053","1","0.053","ppm","49","","17","100.0000","44201","Ozone","014","12060","Atlanta-Sandy Springs-Roswell, GA","13","Georgia","121","Fulton","33.74843942","-84.37548234"
"03/07/1990","AQS","131210053","1","0.038","ppm","35","","17","100.0000","44201","Ozone","014","12060","Atlanta-Sandy Springs-Roswell, GA","13","Georgia","121","Fulton","33.74843942","-84.37548234"
"03/08/1990","AQS","131210053","1","0.025","ppm","23","","17","100.0000","44201","Ozone","014","12060","Atlanta-Sandy Springs-Roswell, GA","13","Georgia","121","Fulton","33.74843942","-84.37548234"
"03/09/1990","AQS","131210053","1","0.003","ppm","3","","17","100.0000","44201","Ozone","014","12060","Atlanta-Sandy Springs-Roswell, GA","13","Georgia","121","Fulton","33.74843942","-84.37548234"
"03/10/1990","AQS","131210053","1","0.023","ppm","21","","17","100.0000","44201","Ozone","014","12060","Atlanta-Sandy Springs-Roswell, GA","13","Georgia","121","Fulton","33.74843942","-84.37548234"
"03/11/1990","AQS","131210053","1","0.036","ppm","33","","17","100.0000","44201","Ozone","014","12060","Atlanta-Sandy Springs-Roswell, GA","13","Georgia","121","Fulton","33.74843942","-84.37548234"
"03/12/1990","AQS","131210053","1","0.021","ppm","19","","17","100.0000","44201","Ozone","014","12060","Atlanta-Sandy Springs-Roswell, GA","13","Georgia","121","Fulton","33.74843942","-84.37548234"
"03/13/1990","AQS","131210053","1","0.047","ppm","44","","17","100.0000","44201","Ozone","014","12060","Atlanta-Sandy Springs-Roswell, GA","13","Georgia","121","Fulton","33.74843942","-84.37548234"
"03/14/1990","AQS","131210053","1","0.035","ppm","32","","17","100.0000","44201","Ozone","014","12060","Atlanta-Sandy Springs-Roswell, GA","13","Georgia","121","Fulton","33.74843942","-84.37548234"
"03/15/1990","AQS","131210053","1","0.025","ppm","23","","17","100.0000","44201","Ozone","014","12060","Atlanta-Sandy Springs-Roswell, GA","13","Georgia","121","Fulton","33.74843942","-84.37548234"
"03/16/1990","AQS","131210053","1","0.019","ppm","18","","17","100.0000","44201","Ozone","014","12060","Atlanta-Sandy Springs-Roswell, GA","13","Georgia","121","Fulton","33.74843942","-84.37548234"
"03/17/1990","AQS","131210053","1","0.037","ppm","34","","17","100.0000","44201","Ozone","014","12060","Atlanta-Sandy Springs-Roswell, GA","13","Georgia","121","Fulton","33.74843942","-84.37548234"
"03/18/1990","AQS","131210053","1","0.039","ppm","36","","17","100.0000","44201","Ozone","014","12060","Atlanta-Sandy Springs-Roswell, GA","13","Georgia","121","Fulton","33.74843942","-84.37548234"
"03/19/1990","AQS","131210053","1","0.03","ppm","28","","14","82.0000","44201","Ozone","014","12060","Atlanta-Sandy Springs-Roswell, GA","13","Georgia","121","Fulton","33.74843942","-84.37548234"
"03/20/1990","AQS","131210053","1","0.027","ppm","25","","16","94.0000","44201","Ozone","014","12060","Atlanta-Sandy Springs-Roswell, GA","13","Georgia","121","Fulton","33.74843942","-84.37548234"
"03/21/1990","AQS","131210053","1","0.031","ppm","29","","17","100.0000","44201","Ozone","014","12060","Atlanta-Sandy Springs-Roswell, GA","13","Georgia","121","Fulton","33.74843942","-84.37548234"
"03/22/1990","AQS","131210053","1","0.048","ppm","44","","17","100.0000","44201","Ozone","014","12060","Atlanta-Sandy Springs-Roswell, GA","13","Georgia","121","Fulton","33.74843942","-84.37548234"
"03/23/1990","AQS","131210053","1","0.051","ppm","47","","17","100.0000","44201","Ozone","014","12060","Atlanta-Sandy Springs-Roswell, GA","13","Georgia","121","Fulton","33.74843942","-84.37548234"
"03/24/1990","AQS","131210053","1","0.048","ppm","44","","17","100.0000","44201","Ozone","014","12060","Atlanta-Sandy Springs-Roswell, GA","13","Georgia","121","Fulton","33.74843942","-84.37548234"
"03/25/1990","AQS","131210053","1","0.038","ppm","35","","17","100.0000","44201","Ozone","014","12060","Atlanta-Sandy Springs-Roswell, GA","13","Georgia","121","Fulton","33.74843942","-84.37548234"
"03/26/1990","AQS","131210053","1","0.01","ppm","9","","17","100.0000","44201","Ozone","014","12060","Atlanta-Sandy Springs-Roswell, GA","13","Georgia","121","Fulton","33.74843942","-84.37548234"
"03/27/1990","AQS","131210053","1","0.04","ppm","37","","17","100.0000","44201","Ozone","014","12060","Atlanta-Sandy Springs-Roswell, GA","13","Georgia","121","Fulton","33.74843942","-84.37548234"
"03/28/1990","AQS","131210053","1","0.046","ppm","43","","17","100.0000","44201","Ozone","014","12060","Atlanta-Sandy Springs-Roswell, GA","13","Georgia","121","Fulton","33.74843942","-84.37548234"
"03/29/1990","AQS","131210053","1","0.027","ppm","25","","17","100.0000","44201","Ozone","014","12060","Atlanta-Sandy Springs-Roswell, GA","13","Georgia","121","Fulton","33.74843942","-84.37548234"
"03/30/1990","AQS","131210053","1","0.014","ppm","13","","17","100.0000","44201","Ozone","014","12060","Atlanta-Sandy Springs-Roswell, GA","13","Georgia","121","Fulton","33.74843942","-84.37548234"
"03/31/1990","AQS","131210053","1","0.017","ppm","16","","17","100.0000","44201","Ozone","014","12060","Atlanta-Sandy Springs-Roswell, GA","13","Georgia","121","Fulton","33.74843942","-84.37548234"
"04/01/1990","AQS","131210053","1","0.036","ppm","33","","17","100.0000","44201","Ozone","014","12060","Atlanta-Sandy Springs-Roswell, GA","13","Georgia","121","Fulton","33.74843942","-84.37548234"
"04/02/1990","AQS","131210053","1","0.035","ppm","32","","17","100.0000","44201","Ozone","014","12060","Atlanta-Sandy Springs-Roswell, GA","13","Georgia","121","Fulton","33.74843942","-84.37548234"
"04/03/1990","AQS","131210053","1","0.027","ppm","25","","14","82.0000","44201","Ozone","014","12060","Atlanta-Sandy Springs-Roswell, GA","13","Georgia","121","Fulton","33.74843942","-84.37548234"
"04/04/1990","AQS","131210053","1","0.036","ppm","33","","17","100.0000","44201","Ozone","014","12060","Atlanta-Sandy Springs-Roswell, GA","13","Georgia","121","Fulton","33.74843942","-84.37548234"
"04/05/1990","AQS","131210053","1","0.053","ppm","49","","17","100.0000","44201","Ozone","014","12060","Atlanta-Sandy Springs-Roswell, GA","13","Georgia","121","Fulton","33.74843942","-84.37548234"
"04/06/1990","AQS","131210053","1","0.033","ppm","31","","17","100.0000","44201","Ozone","014","12060","Atlanta-Sandy Springs-Roswell, GA","13","Georgia","121","Fulton","33.74843942","-84.37548234"
"04/07/1990","AQS","131210053","1","0.038","ppm","35","","17","100.0000","44201","Ozone","014","12060","Atlanta-Sandy Springs-Roswell, GA","13","Georgia","121","Fulton","33.74843942","-84.37548234"
"04/08/1990","AQS","131210053","1","0.052","ppm","48","","17","100.0000","44201","Ozone","014","12060","Atlanta-Sandy Springs-Roswell, GA","13","Georgia","121","Fulton","33.74843942","-84.37548234"
"04/09/1990","AQS","131210053","1","0.053","ppm","49","","17","100.0000","44201","Ozone","014","12060","Atlanta-Sandy Springs-Roswell, GA","13","Georgia","121","Fulton","33.74843942","-84.37548234"
"04/10/1990","AQS","131210053","1","0.024","ppm","22","","17","100.0000","44201","Ozone","014","12060","Atlanta-Sandy Springs-Roswell, GA","13","Georgia","121","Fulton","33.74843942","-84.37548234"
"04/11/1990","AQS","131210053","1","0.033","ppm","31","","17","100.0000","44201","Ozone","014","12060","Atlanta-Sandy Springs-Roswell, GA","13","Georgia","121","Fulton","33.74843942","-84.37548234"
"04/12/1990","AQS","131210053","1","0.039","ppm","36","","17","100.0000","44201","Ozone","014","12060","Atlanta-Sandy Springs-Roswell, GA","13","Georgia","121","Fulton","33.74843942","-84.37548234"
"04/13/1990","AQS","131210053","1","0.045","ppm","42","","17","100.0000","44201","Ozone","014","12060","Atlanta-Sandy Springs-Roswell, GA","13","Georgia","121","Fulton","33.74843942","-84.37548234"
"04/14/1990","AQS","131210053","1","0.05","ppm","46","","17","100.0000","44201","Ozone","014","12060","Atlanta-Sandy Springs-Roswell, GA","13","Georgia","121","Fulton","33.74843942","-84.37548234"
"04/15/1990","AQS","131210053","1","0.043","ppm","40","","17","100.0000","44201","Ozone","014","12060","Atlanta-Sandy Springs-Roswell, GA","13","Georgia","121","Fulton","33.74843942","-84.37548234"
"04/16/1990","AQS","131210053","1","0.041","ppm","38","","17","100.0000","44201","Ozone","014","12060","Atlanta-Sandy Springs-Roswell, GA","13","Georgia","121","Fulton","33.74843942","-84.37548234"
"04/17/1990","AQS","131210053","1","0.045","ppm","42","","17","100.0000","44201","Ozone","014","12060","Atlanta-Sandy Springs-Roswell, GA","13","Georgia","121","Fulton","33.74843942","-84.37548234"
"04/18/1990","AQS","131210053","1","0.041","ppm","38","","17","100.0000","44201","Ozone","014","12060","Atlanta-Sandy Springs-Roswell, GA","13","Georgia","121","Fulton","33.74843942","-84.37548234"
"04/19/1990","AQS","131210053","1","0.045","ppm","42","","17","100.0000","44201","Ozone","014","12060","Atlanta-Sandy Springs-Roswell, GA","13","Georgia","121","Fulton","33.74843942","-84.37548234"
"04/20/1990","AQS","131210053","1","0.038","ppm","35","","17","100.0000","44201","Ozone","014","12060","Atlanta-Sandy Springs-Roswell, GA","13","Georgia","121","Fulton","33.74843942","-84.37548234"
"04/21/1990","AQS","131210053","1","0.017","ppm","16","","17","100.0000","44201","Ozone","014","12060","Atlanta-Sandy Springs-Roswell, GA","13","Georgia","121","Fulton","33.74843942","-84.37548234"
"04/22/1990","AQS","131210053","1","0.035","ppm","32","","17","100.0000","44201","Ozone","014","12060","Atlanta-Sandy Springs-Roswell, GA","13","Georgia","121","Fulton","33.74843942","-84.37548234"
"04/23/1990","AQS","131210053","1","0.048","ppm","44","","17","100.0000","44201","Ozone","014","12060","Atlanta-Sandy Springs-Roswell, GA","13","Georgia","121","Fulton","33.74843942","-84.37548234"
"04/24/1990","AQS","131210053","1","0.058","ppm","61","","17","100.0000","44201","Ozone","014","12060","Atlanta-Sandy Springs-Roswell, GA","13","Georgia","121","Fulton","33.74843942","-84.37548234"
"04/25/1990","AQS","131210053","1","0.056","ppm","54","","17","100.0000","44201","Ozone","014","12060","Atlanta-Sandy Springs-Roswell, GA","13","Georgia","121","Fulton","33.74843942","-84.37548234"
"04/26/1990","AQS","131210053","1","0.056","ppm","54","","17","100.0000","44201","Ozone","014","12060","Atlanta-Sandy Springs-Roswell, GA","13","Georgia","121","Fulton","33.74843942","-84.37548234"
"04/27/1990","AQS","131210053","1","0.062","ppm","74","","17","100.0000","44201","Ozone","014","12060","Atlanta-Sandy Springs-Roswell, GA","13","Georgia","121","Fulton","33.74843942","-84.37548234"
"04/28/1990","AQS","131210053","1","0.028","ppm","26","","17","100.0000","44201","Ozone","014","12060","Atlanta-Sandy Springs-Roswell, GA","13","Georgia","121","Fulton","33.74843942","-84.37548234"
"04/29/1990","AQS","131210053","1","0.043","ppm","40","","17","100.0000","44201","Ozone","014","12060","Atlanta-Sandy Springs-Roswell, GA","13","Georgia","121","Fulton","33.74843942","-84.37548234"
"04/30/1990","AQS","131210053","1","0.034","ppm","31","","17","100.0000","44201","Ozone","014","12060","Atlanta-Sandy Springs-Roswell, GA","13","Georgia","121","Fulton","33.74843942","-84.37548234"
"05/01/1990","AQS","131210053","1","0.045","ppm","42","","17","100.0000","44201","Ozone","014","12060","Atlanta-Sandy Springs-Roswell, GA","13","Georgia","121","Fulton","33.74843942","-84.37548234"
"05/02/1990","AQS","131210053","1","0.04","ppm","37","","17","100.0000","44201","Ozone","014","12060","Atlanta-Sandy Springs-Roswell, GA","13","Georgia","121","Fulton","33.74843942","-84.37548234"
"05/03/1990","AQS","131210053","1","0.054","ppm","50","","17","100.0000","44201","Ozone","014","12060","Atlanta-Sandy Springs-Roswell, GA","13","Georgia","121","Fulton","33.74843942","-84.37548234"
"05/04/1990","AQS","131210053","1","0.029","ppm","27","","17","100.0000","44201","Ozone","014","12060","Atlanta-Sandy Springs-Roswell, GA","13","Georgia","121","Fulton","33.74843942","-84.37548234"
"05/05/1990","AQS","131210053","1","0.038","ppm","35","","17","100.0000","44201","Ozone","014","12060","Atlanta-Sandy Springs-Roswell, GA","13","Georgia","121","Fulton","33.74843942","-84.37548234"
"05/06/1990","AQS","131210053","1","0.041","ppm","38","","17","100.0000","44201","Ozone","014","12060","Atlanta-Sandy Springs-Roswell, GA","13","Georgia","121","Fulton","33.74843942","-84.37548234"
"05/07/1990","AQS","131210053","1","0.059","ppm","64","","17","100.0000","44201","Ozone","014","12060","Atlanta-Sandy Springs-Roswell, GA","13","Georgia","121","Fulton","33.74843942","-84.37548234"
"05/08/1990","AQS","131210053","1","0.052","ppm","48","","17","100.0000","44201","Ozone","014","12060","Atlanta-Sandy Springs-Roswell, GA","13","Georgia","121","Fulton","33.74843942","-84.37548234"
"05/09/1990","AQS","131210053","1","0.018","ppm","17","","17","100.0000","44201","Ozone","014","12060","Atlanta-Sandy Springs-Roswell, GA","13","Georgia","121","Fulton","33.74843942","-84.37548234"
"05/10/1990","AQS","131210053","1","0.035","ppm","32","","14","82.0000","44201","Ozone","014","12060","Atlanta-Sandy Springs-Roswell, GA","13","Georgia","121","Fulton","33.74843942","-84.37548234"
"05/11/1990","AQS","131210053","1","0.036","ppm","33","","17","100.0000","44201","Ozone","014","12060","Atlanta-Sandy Springs-Roswell, GA","13","Georgia","121","Fulton","33.74843942","-84.37548234"
"05/12/1990","AQS","131210053","1","0.055","ppm","51","","17","100.0000","44201","Ozone","014","12060","Atlanta-Sandy Springs-Roswell, GA","13","Georgia","121","Fulton","33.74843942","-84.37548234"
"05/13/1990","AQS","131210053","1","0.032","ppm","30","","17","100.0000","44201","Ozone","014","12060","Atlanta-Sandy Springs-Roswell, GA","13","Georgia","121","Fulton","33.74843942","-84.37548234"
"05/14/1990","AQS","131210053","1","0.053","ppm","49","","17","100.0000","44201","Ozone","014","12060","Atlanta-Sandy Springs-Roswell, GA","13","Georgia","121","Fulton","33.74843942","-84.37548234"
"05/15/1990","AQS","131210053","1","0.047","ppm","44","","17","100.0000","44201","Ozone","014","12060","Atlanta-Sandy Springs-Roswell, GA","13","Georgia","121","Fulton","33.74843942","-84.37548234"
"05/16/1990","AQS","131210053","1","0.033","ppm","31","","17","100.0000","44201","Ozone","014","12060","Atlanta-Sandy Springs-Roswell, GA","13","Georgia","121","Fulton","33.74843942","-84.37548234"
"05/17/1990","AQS","131210053","1","0.031","ppm","29","","17","100.0000","44201","Ozone","014","12060","Atlanta-Sandy Springs-Roswell, GA","13","Georgia","121","Fulton","33.74843942","-84.37548234"
"05/18/1990","AQS","131210053","1","0.049","ppm","45","","17","100.0000","44201","Ozone","014","12060","Atlanta-Sandy Springs-Roswell, GA","13","Georgia","121","Fulton","33.74843942","-84.37548234"
"05/19/1990","AQS","131210053","1","0.065","ppm","84","","17","100.0000","44201","Ozone","014","12060","Atlanta-Sandy Springs-Roswell, GA","13","Georgia","121","Fulton","33.74843942","-84.37548234"
"05/20/1990","AQS","131210053","1","0.027","ppm","25","","17","100.0000","44201","Ozone","014","12060","Atlanta-Sandy Springs-Roswell, GA","13","Georgia","121","Fulton","33.74843942","-84.37548234"
"05/21/1990","AQS","131210053","1","0.032","ppm","30","","17","100.0000","44201","Ozone","014","12060","Atlanta-Sandy Springs-Roswell, GA","13","Georgia","121","Fulton","33.74843942","-84.37548234"
"05/22/1990","AQS","131210053","1","0.031","ppm","29","","17","100.0000","44201","Ozone","014","12060","Atlanta-Sandy Springs-Roswell, GA","13","Georgia","121","Fulton","33.74843942","-84.37548234"
"05/23/1990","AQS","131210053","1","0.037","ppm","34","","17","100.0000","44201","Ozone","014","12060","Atlanta-Sandy Springs-Roswell, GA","13","Georgia","121","Fulton","33.74843942","-84.37548234"
"05/24/1990","AQS","131210053","1","0.077","ppm","122","","17","100.0000","44201","Ozone","014","12060","Atlanta-Sandy Springs-Roswell, GA","13","Georgia","121","Fulton","33.74843942","-84.37548234"
"05/25/1990","AQS","131210053","1","0.074","ppm","112","","17","100.0000","44201","Ozone","014","12060","Atlanta-Sandy Springs-Roswell, GA","13","Georgia","121","Fulton","33.74843942","-84.37548234"
"05/26/1990","AQS","131210053","1","0.055","ppm","51","","17","100.0000","44201","Ozone","014","12060","Atlanta-Sandy Springs-Roswell, GA","13","Georgia","121","Fulton","33.74843942","-84.37548234"
"05/27/1990","AQS","131210053","1","0.026","ppm","24","","17","100.0000","44201","Ozone","014","12060","Atlanta-Sandy Springs-Roswell, GA","13","Georgia","121","Fulton","33.74843942","-84.37548234"
"05/28/1990","AQS","131210053","1","0.032","ppm","30","","17","100.0000","44201","Ozone","014","12060","Atlanta-Sandy Springs-Roswell, GA","13","Georgia","121","Fulton","33.74843942","-84.37548234"
"05/29/1990","AQS","131210053","1","0.053","ppm","49","","17","100.0000","44201","Ozone","014","12060","Atlanta-Sandy Springs-Roswell, GA","13","Georgia","121","Fulton","33.74843942","-84.37548234"
"05/30/1990","AQS","131210053","1","0.066","ppm","87","","17","100.0000","44201","Ozone","014","12060","Atlanta-Sandy Springs-Roswell, GA","13","Georgia","121","Fulton","33.74843942","-84.37548234"
"05/31/1990","AQS","131210053","1","0.05","ppm","46","","17","100.0000","44201","Ozone","014","12060","Atlanta-Sandy Springs-Roswell, GA","13","Georgia","121","Fulton","33.74843942","-84.37548234"
"06/01/1990","AQS","131210053","1","0.025","ppm","23","","17","100.0000","44201","Ozone","014","12060","Atlanta-Sandy Springs-Roswell, GA","13","Georgia","121","Fulton","33.74843942","-84.37548234"
"06/02/1990","AQS","131210053","1","0.03","ppm","28","","17","100.0000","44201","Ozone","014","12060","Atlanta-Sandy Springs-Roswell, GA","13","Georgia","121","Fulton","33.74843942","-84.37548234"
"06/03/1990","AQS","131210053","1","0.027","ppm","25","","17","100.0000","44201","Ozone","014","12060","Atlanta-Sandy Springs-Roswell, GA","13","Georgia","121","Fulton","33.74843942","-84.37548234"
"06/04/1990","AQS","131210053","1","0.038","ppm","35","","17","100.0000","44201","Ozone","014","12060","Atlanta-Sandy Springs-Roswell, GA","13","Georgia","121","Fulton","33.74843942","-84.37548234"
"06/05/1990","AQS","131210053","1","0.086","ppm","151","","17","100.0000","44201","Ozone","014","12060","Atlanta-Sandy Springs-Roswell, GA","13","Georgia","121","Fulton","33.74843942","-84.37548234"
"06/06/1990","AQS","131210053","1","0.064","ppm","80","","17","100.0000","44201","Ozone","014","12060","Atlanta-Sandy Springs-Roswell, GA","13","Georgia","121","Fulton","33.74843942","-84.37548234"
"06/07/1990","AQS","131210053","1","0.036","ppm","33","","17","100.0000","44201","Ozone","014","12060","Atlanta-Sandy Springs-Roswell, GA","13","Georgia","121","Fulton","33.74843942","-84.37548234"
"06/08/1990","AQS","131210053","1","0.045","ppm","42","","17","100.0000","44201","Ozone","014","12060","Atlanta-Sandy Springs-Roswell, GA","13","Georgia","121","Fulton","33.74843942","-84.37548234"
"06/09/1990","AQS","131210053","1","0.043","ppm","40","","17","100.0000","44201","Ozone","014","12060","Atlanta-Sandy Springs-Roswell, GA","13","Georgia","121","Fulton","33.74843942","-84.37548234"
"06/10/1990","AQS","131210053","1","0.051","ppm","47","","17","100.0000","44201","Ozone","014","12060","Atlanta-Sandy Springs-Roswell, GA","13","Georgia","121","Fulton","33.74843942","-84.37548234"
"06/11/1990","AQS","131210053","1","0.075","ppm","115","","17","100.0000","44201","Ozone","014","12060","Atlanta-Sandy Springs-Roswell, GA","13","Georgia","121","Fulton","33.74843942","-84.37548234"
"06/12/1990","AQS","131210053","1","0.074","ppm","112","","17","100.0000","44201","Ozone","014","12060","Atlanta-Sandy Springs-Roswell, GA","13","Georgia","121","Fulton","33.74843942","-84.37548234"
"06/13/1990","AQS","131210053","1","0.076","ppm","119","","17","100.0000","44201","Ozone","014","12060","Atlanta-Sandy Springs-Roswell, GA","13","Georgia","121","Fulton","33.74843942","-84.37548234"
"06/14/1990","AQS","131210053","1","0.052","ppm","48","","17","100.0000","44201","Ozone","014","12060","Atlanta-Sandy Springs-Roswell, GA","13","Georgia","121","Fulton","33.74843942","-84.37548234"
"06/15/1990","AQS","131210053","1","0.035","ppm","32","","17","100.0000","44201","Ozone","014","12060","Atlanta-Sandy Springs-Roswell, GA","13","Georgia","121","Fulton","33.74843942","-84.37548234"
"06/16/1990","AQS","131210053","1","0.059","ppm","64","","17","100.0000","44201","Ozone","014","12060","Atlanta-Sandy Springs-Roswell, GA","13","Georgia","121","Fulton","33.74843942","-84.37548234"
"06/17/1990","AQS","131210053","1","0.052","ppm","48","","17","100.0000","44201","Ozone","014","12060","Atlanta-Sandy Springs-Roswell, GA","13","Georgia","121","Fulton","33.74843942","-84.37548234"
"06/18/1990","AQS","131210053","1","0.062","ppm","74","","17","100.0000","44201","Ozone","014","12060","Atlanta-Sandy Springs-Roswell, GA","13","Georgia","121","Fulton","33.74843942","-84.37548234"
"06/19/1990","AQS","131210053","1","0.058","ppm","61","","17","100.0000","44201","Ozone","014","12060","Atlanta-Sandy Springs-Roswell, GA","13","Georgia","121","Fulton","33.74843942","-84.37548234"
"06/20/1990","AQS","131210053","1","0.091","ppm","164","","17","100.0000","44201","Ozone","014","12060","Atlanta-Sandy Springs-Roswell, GA","13","Georgia","121","Fulton","33.74843942","-84.37548234"
"06/21/1990","AQS","131210053","1","0.063","ppm","77","","17","100.0000","44201","Ozone","014","12060","Atlanta-Sandy Springs-Roswell, GA","13","Georgia","121","Fulton","33.74843942","-84.37548234"
"06/22/1990","AQS","131210053","1","0.032","ppm","30","","17","100.0000","44201","Ozone","014","12060","Atlanta-Sandy Springs-Roswell, GA","13","Georgia","121","Fulton","33.74843942","-84.37548234"
"06/23/1990","AQS","131210053","1","0.045","ppm","42","","17","100.0000","44201","Ozone","014","12060","Atlanta-Sandy Springs-Roswell, GA","13","Georgia","121","Fulton","33.74843942","-84.37548234"
"06/29/1990","AQS","131210053","1","0.083","ppm","143","","16","94.0000","44201","Ozone","014","12060","Atlanta-Sandy Springs-Roswell, GA","13","Georgia","121","Fulton","33.74843942","-84.37548234"
"06/30/1990","AQS","131210053","1","0.061","ppm","71","","17","100.0000","44201","Ozone","014","12060","Atlanta-Sandy Springs-Roswell, GA","13","Georgia","121","Fulton","33.74843942","-84.37548234"
"07/01/1990","AQS","131210053","1","0.064","ppm","80","","17","100.0000","44201","Ozone","014","12060","Atlanta-Sandy Springs-Roswell, GA","13","Georgia","121","Fulton","33.74843942","-84.37548234"
"07/02/1990","AQS","131210053","1","0.078","ppm","126","","17","100.0000","44201","Ozone","014","12060","Atlanta-Sandy Springs-Roswell, GA","13","Georgia","121","Fulton","33.74843942","-84.37548234"
"07/03/1990","AQS","131210053","1","0.074","ppm","112","","17","100.0000","44201","Ozone","014","12060","Atlanta-Sandy Springs-Roswell, GA","13","Georgia","121","Fulton","33.74843942","-84.37548234"
"07/04/1990","AQS","131210053","1","0.062","ppm","74","","17","100.0000","44201","Ozone","014","12060","Atlanta-Sandy Springs-Roswell, GA","13","Georgia","121","Fulton","33.74843942","-84.37548234"
"07/05/1990","AQS","131210053","1","0.051","ppm","47","","17","100.0000","44201","Ozone","014","12060","Atlanta-Sandy Springs-Roswell, GA","13","Georgia","121","Fulton","33.74843942","-84.37548234"
"07/06/1990","AQS","131210053","1","0.076","ppm","119","","17","100.0000","44201","Ozone","014","12060","Atlanta-Sandy Springs-Roswell, GA","13","Georgia","121","Fulton","33.74843942","-84.37548234"
"07/07/1990","AQS","131210053","1","0.1","ppm","187","","17","100.0000","44201","Ozone","014","12060","Atlanta-Sandy Springs-Roswell, GA","13","Georgia","121","Fulton","33.74843942","-84.37548234"
"07/08/1990","AQS","131210053","1","0.082","ppm","140","","17","100.0000","44201","Ozone","014","12060","Atlanta-Sandy Springs-Roswell, GA","13","Georgia","121","Fulton","33.74843942","-84.37548234"
"07/09/1990","AQS","131210053","1","0.101","ppm","190","","17","100.0000","44201","Ozone","014","12060","Atlanta-Sandy Springs-Roswell, GA","13","Georgia","121","Fulton","33.74843942","-84.37548234"
"07/10/1990","AQS","131210053","1","0.076","ppm","119","","17","100.0000","44201","Ozone","014","12060","Atlanta-Sandy Springs-Roswell, GA","13","Georgia","121","Fulton","33.74843942","-84.37548234"
"07/11/1990","AQS","131210053","1","0.062","ppm","74","","17","100.0000","44201","Ozone","014","12060","Atlanta-Sandy Springs-Roswell, GA","13","Georgia","121","Fulton","33.74843942","-84.37548234"
"07/12/1990","AQS","131210053","1","0.026","ppm","24","","17","100.0000","44201","Ozone","014","12060","Atlanta-Sandy Springs-Roswell, GA","13","Georgia","121","Fulton","33.74843942","-84.37548234"
"07/13/1990","AQS","131210053","1","0.021","ppm","19","","17","100.0000","44201","Ozone","014","12060","Atlanta-Sandy Springs-Roswell, GA","13","Georgia","121","Fulton","33.74843942","-84.37548234"
"07/14/1990","AQS","131210053","1","0.036","ppm","33","","17","100.0000","44201","Ozone","014","12060","Atlanta-Sandy Springs-Roswell, GA","13","Georgia","121","Fulton","33.74843942","-84.37548234"
"07/15/1990","AQS","131210053","1","0.051","ppm","47","","17","100.0000","44201","Ozone","014","12060","Atlanta-Sandy Springs-Roswell, GA","13","Georgia","121","Fulton","33.74843942","-84.37548234"
"07/16/1990","AQS","131210053","1","0.075","ppm","115","","17","100.0000","44201","Ozone","014","12060","Atlanta-Sandy Springs-Roswell, GA","13","Georgia","121","Fulton","33.74843942","-84.37548234"
"07/17/1990","AQS","131210053","1","0.053","ppm","49","","17","100.0000","44201","Ozone","014","12060","Atlanta-Sandy Springs-Roswell, GA","13","Georgia","121","Fulton","33.74843942","-84.37548234"
"07/18/1990","AQS","131210053","1","0.039","ppm","36","","17","100.0000","44201","Ozone","014","12060","Atlanta-Sandy Springs-Roswell, GA","13","Georgia","121","Fulton","33.74843942","-84.37548234"
"07/19/1990","AQS","131210053","1","0.012","ppm","11","","17","100.0000","44201","Ozone","014","12060","Atlanta-Sandy Springs-Roswell, GA","13","Georgia","121","Fulton","33.74843942","-84.37548234"
"07/20/1990","AQS","131210053","1","0.023","ppm","21","","17","100.0000","44201","Ozone","014","12060","Atlanta-Sandy Springs-Roswell, GA","13","Georgia","121","Fulton","33.74843942","-84.37548234"
"07/21/1990","AQS","131210053","1","0.033","ppm","31","","17","100.0000","44201","Ozone","014","12060","Atlanta-Sandy Springs-Roswell, GA","13","Georgia","121","Fulton","33.74843942","-84.37548234"
"07/22/1990","AQS","131210053","1","0.035","ppm","32","","17","100.0000","44201","Ozone","014","12060","Atlanta-Sandy Springs-Roswell, GA","13","Georgia","121","Fulton","33.74843942","-84.37548234"
"07/23/1990","AQS","131210053","1","0.034","ppm","31","","17","100.0000","44201","Ozone","014","12060","Atlanta-Sandy Springs-Roswell, GA","13","Georgia","121","Fulton","33.74843942","-84.37548234"
"07/24/1990","AQS","131210053","1","0.042","ppm","39","","17","100.0000","44201","Ozone","014","12060","Atlanta-Sandy Springs-Roswell, GA","13","Georgia","121","Fulton","33.74843942","-84.37548234"
"07/25/1990","AQS","131210053","1","0.063","ppm","77","","17","100.0000","44201","Ozone","014","12060","Atlanta-Sandy Springs-Roswell, GA","13","Georgia","121","Fulton","33.74843942","-84.37548234"
"07/26/1990","AQS","131210053","1","0.071","ppm","101","","17","100.0000","44201","Ozone","014","12060","Atlanta-Sandy Springs-Roswell, GA","13","Georgia","121","Fulton","33.74843942","-84.37548234"
"07/27/1990","AQS","131210053","1","0.082","ppm","140","","17","100.0000","44201","Ozone","014","12060","Atlanta-Sandy Springs-Roswell, GA","13","Georgia","121","Fulton","33.74843942","-84.37548234"
"07/28/1990","AQS","131210053","1","0.05","ppm","46","","17","100.0000","44201","Ozone","014","12060","Atlanta-Sandy Springs-Roswell, GA","13","Georgia","121","Fulton","33.74843942","-84.37548234"
"07/29/1990","AQS","131210053","1","0.062","ppm","74","","17","100.0000","44201","Ozone","014","12060","Atlanta-Sandy Springs-Roswell, GA","13","Georgia","121","Fulton","33.74843942","-84.37548234"
"07/30/1990","AQS","131210053","1","0.07","ppm","100","","17","100.0000","44201","Ozone","014","12060","Atlanta-Sandy Springs-Roswell, GA","13","Georgia","121","Fulton","33.74843942","-84.37548234"
"07/31/1990","AQS","131210053","1","0.067","ppm","90","","17","100.0000","44201","Ozone","014","12060","Atlanta-Sandy Springs-Roswell, GA","13","Georgia","121","Fulton","33.74843942","-84.37548234"
"08/01/1990","AQS","131210053","1","0.043","ppm","40","","17","100.0000","44201","Ozone","014","12060","Atlanta-Sandy Springs-Roswell, GA","13","Georgia","121","Fulton","33.74843942","-84.37548234"
"08/02/1990","AQS","131210053","1","0.053","ppm","49","","17","100.0000","44201","Ozone","014","12060","Atlanta-Sandy Springs-Roswell, GA","13","Georgia","121","Fulton","33.74843942","-84.37548234"
"08/03/1990","AQS","131210053","1","0.078","ppm","126","","17","100.0000","44201","Ozone","014","12060","Atlanta-Sandy Springs-Roswell, GA","13","Georgia","121","Fulton","33.74843942","-84.37548234"
"08/04/1990","AQS","131210053","1","0.087","ppm","154","","17","100.0000","44201","Ozone","014","12060","Atlanta-Sandy Springs-Roswell, GA","13","Georgia","121","Fulton","33.74843942","-84.37548234"
"08/05/1990","AQS","131210053","1","0.052","ppm","48","","17","100.0000","44201","Ozone","014","12060","Atlanta-Sandy Springs-Roswell, GA","13","Georgia","121","Fulton","33.74843942","-84.37548234"
"08/06/1990","AQS","131210053","1","0.04","ppm","37","","17","100.0000","44201","Ozone","014","12060","Atlanta-Sandy Springs-Roswell, GA","13","Georgia","121","Fulton","33.74843942","-84.37548234"
"08/07/1990","AQS","131210053","1","0.071","ppm","101","","17","100.0000","44201","Ozone","014","12060","Atlanta-Sandy Springs-Roswell, GA","13","Georgia","121","Fulton","33.74843942","-84.37548234"
"08/08/1990","AQS","131210053","1","0.043","ppm","40","","17","100.0000","44201","Ozone","014","12060","Atlanta-Sandy Springs-Roswell, GA","13","Georgia","121","Fulton","33.74843942","-84.37548234"
"08/09/1990","AQS","131210053","1","0.056","ppm","54","","17","100.0000","44201","Ozone","014","12060","Atlanta-Sandy Springs-Roswell, GA","13","Georgia","121","Fulton","33.74843942","-84.37548234"
"08/10/1990","AQS","131210053","1","0.068","ppm","93","","17","100.0000","44201","Ozone","014","12060","Atlanta-Sandy Springs-Roswell, GA","13","Georgia","121","Fulton","33.74843942","-84.37548234"
"08/11/1990","AQS","131210053","1","0.079","ppm","129","","17","100.0000","44201","Ozone","014","12060","Atlanta-Sandy Springs-Roswell, GA","13","Georgia","121","Fulton","33.74843942","-84.37548234"
"08/12/1990","AQS","131210053","1","0.065","ppm","84","","17","100.0000","44201","Ozone","014","12060","Atlanta-Sandy Springs-Roswell, GA","13","Georgia","121","Fulton","33.74843942","-84.37548234"
"08/13/1990","AQS","131210053","1","0.052","ppm","48","","17","100.0000","44201","Ozone","014","12060","Atlanta-Sandy Springs-Roswell, GA","13","Georgia","121","Fulton","33.74843942","-84.37548234"
"08/14/1990","AQS","131210053","1","0.068","ppm","93","","17","100.0000","44201","Ozone","014","12060","Atlanta-Sandy Springs-Roswell, GA","13","Georgia","121","Fulton","33.74843942","-84.37548234"
"08/15/1990","AQS","131210053","1","0.073","ppm","108","","17","100.0000","44201","Ozone","014","12060","Atlanta-Sandy Springs-Roswell, GA","13","Georgia","121","Fulton","33.74843942","-84.37548234"
"08/16/1990","AQS","131210053","1","0.068","ppm","93","","17","100.0000","44201","Ozone","014","12060","Atlanta-Sandy Springs-Roswell, GA","13","Georgia","121","Fulton","33.74843942","-84.37548234"
"08/17/1990","AQS","131210053","1","0.079","ppm","129","","17","100.0000","44201","Ozone","014","12060","Atlanta-Sandy Springs-Roswell, GA","13","Georgia","121","Fulton","33.74843942","-84.37548234"
"08/18/1990","AQS","131210053","1","0.084","ppm","147","","17","100.0000","44201","Ozone","014","12060","Atlanta-Sandy Springs-Roswell, GA","13","Georgia","121","Fulton","33.74843942","-84.37548234"
"08/19/1990","AQS","131210053","1","0.083","ppm","143","","17","100.0000","44201","Ozone","014","12060","Atlanta-Sandy Springs-Roswell, GA","13","Georgia","121","Fulton","33.74843942","-84.37548234"
"08/20/1990","AQS","131210053","1","0.088","ppm","156","","17","100.0000","44201","Ozone","014","12060","Atlanta-Sandy Springs-Roswell, GA","13","Georgia","121","Fulton","33.74843942","-84.37548234"
"08/21/1990","AQS","131210053","1","0.076","ppm","119","","17","100.0000","44201","Ozone","014","12060","Atlanta-Sandy Springs-Roswell, GA","13","Georgia","121","Fulton","33.74843942","-84.37548234"
"08/22/1990","AQS","131210053","1","0.061","ppm","71","","17","100.0000","44201","Ozone","014","12060","Atlanta-Sandy Springs-Roswell, GA","13","Georgia","121","Fulton","33.74843942","-84.37548234"
"08/23/1990","AQS","131210053","1","0.062","ppm","74","","17","100.0000","44201","Ozone","014","12060","Atlanta-Sandy Springs-Roswell, GA","13","Georgia","121","Fulton","33.74843942","-84.37548234"
"08/24/1990","AQS","131210053","1","0.085","ppm","150","","17","100.0000","44201","Ozone","014","12060","Atlanta-Sandy Springs-Roswell, GA","13","Georgia","121","Fulton","33.74843942","-84.37548234"
"08/25/1990","AQS","131210053","1","0.064","ppm","80","","17","100.0000","44201","Ozone","014","12060","Atlanta-Sandy Springs-Roswell, GA","13","Georgia","121","Fulton","33.74843942","-84.37548234"
"08/26/1990","AQS","131210053","1","0.061","ppm","71","","17","100.0000","44201","Ozone","014","12060","Atlanta-Sandy Springs-Roswell, GA","13","Georgia","121","Fulton","33.74843942","-84.37548234"
"08/27/1990","AQS","131210053","1","0.077","ppm","122","","17","100.0000","44201","Ozone","014","12060","Atlanta-Sandy Springs-Roswell, GA","13","Georgia","121","Fulton","33.74843942","-84.37548234"
"08/28/1990","AQS","131210053","1","0.107","ppm","202","","17","100.0000","44201","Ozone","014","12060","Atlanta-Sandy Springs-Roswell, GA","13","Georgia","121","Fulton","33.74843942","-84.37548234"
"08/29/1990","AQS","131210053","1","0.076","ppm","119","","17","100.0000","44201","Ozone","014","12060","Atlanta-Sandy Springs-Roswell, GA","13","Georgia","121","Fulton","33.74843942","-84.37548234"
"08/30/1990","AQS","131210053","1","0.07","ppm","100","","17","100.0000","44201","Ozone","014","12060","Atlanta-Sandy Springs-Roswell, GA","13","Georgia","121","Fulton","33.74843942","-84.37548234"
"08/31/1990","AQS","131210053","1","0.046","ppm","43","","17","100.0000","44201","Ozone","014","12060","Atlanta-Sandy Springs-Roswell, GA","13","Georgia","121","Fulton","33.74843942","-84.37548234"
"09/01/1990","AQS","131210053","1","0.052","ppm","48","","17","100.0000","44201","Ozone","014","12060","Atlanta-Sandy Springs-Roswell, GA","13","Georgia","121","Fulton","33.74843942","-84.37548234"
"09/02/1990","AQS","131210053","1","0.068","ppm","93","","17","100.0000","44201","Ozone","014","12060","Atlanta-Sandy Springs-Roswell, GA","13","Georgia","121","Fulton","33.74843942","-84.37548234"
"09/03/1990","AQS","131210053","1","0.077","ppm","122","","17","100.0000","44201","Ozone","014","12060","Atlanta-Sandy Springs-Roswell, GA","13","Georgia","121","Fulton","33.74843942","-84.37548234"
"09/04/1990","AQS","131210053","1","0.067","ppm","90","","17","100.0000","44201","Ozone","014","12060","Atlanta-Sandy Springs-Roswell, GA","13","Georgia","121","Fulton","33.74843942","-84.37548234"
"09/05/1990","AQS","131210053","1","0.088","ppm","156","","17","100.0000","44201","Ozone","014","12060","Atlanta-Sandy Springs-Roswell, GA","13","Georgia","121","Fulton","33.74843942","-84.37548234"
"09/06/1990","AQS","131210053","1","0.107","ppm","202","","17","100.0000","44201","Ozone","014","12060","Atlanta-Sandy Springs-Roswell, GA","13","Georgia","121","Fulton","33.74843942","-84.37548234"
"09/07/1990","AQS","131210053","1","0.085","ppm","150","","17","100.0000","44201","Ozone","014","12060","Atlanta-Sandy Springs-Roswell, GA","13","Georgia","121","Fulton","33.74843942","-84.37548234"
"09/08/1990","AQS","131210053","1","0.076","ppm","119","","17","100.0000","44201","Ozone","014","12060","Atlanta-Sandy Springs-Roswell, GA","13","Georgia","121","Fulton","33.74843942","-84.37548234"
"09/09/1990","AQS","131210053","1","0.057","ppm","58","","17","100.0000","44201","Ozone","014","12060","Atlanta-Sandy Springs-Roswell, GA","13","Georgia","121","Fulton","33.74843942","-84.37548234"
"09/10/1990","AQS","131210053","1","0.067","ppm","90","","17","100.0000","44201","Ozone","014","12060","Atlanta-Sandy Springs-Roswell, GA","13","Georgia","121","Fulton","33.74843942","-84.37548234"
"09/11/1990","AQS","131210053","1","0.07","ppm","100","","17","100.0000","44201","Ozone","014","12060","Atlanta-Sandy Springs-Roswell, GA","13","Georgia","121","Fulton","33.74843942","-84.37548234"
"09/12/1990","AQS","131210053","1","0.044","ppm","41","","17","100.0000","44201","Ozone","014","12060","Atlanta-Sandy Springs-Roswell, GA","13","Georgia","121","Fulton","33.74843942","-84.37548234"
"09/13/1990","AQS","131210053","1","0.044","ppm","41","","14","82.0000","44201","Ozone","014","12060","Atlanta-Sandy Springs-Roswell, GA","13","Georgia","121","Fulton","33.74843942","-84.37548234"
"09/14/1990","AQS","131210053","1","0.026","ppm","24","","17","100.0000","44201","Ozone","014","12060","Atlanta-Sandy Springs-Roswell, GA","13","Georgia","121","Fulton","33.74843942","-84.37548234"
"09/15/1990","AQS","131210053","1","0.053","ppm","49","","17","100.0000","44201","Ozone","014","12060","Atlanta-Sandy Springs-Roswell, GA","13","Georgia","121","Fulton","33.74843942","-84.37548234"
"09/16/1990","AQS","131210053","1","0.052","ppm","48","","17","100.0000","44201","Ozone","014","12060","Atlanta-Sandy Springs-Roswell, GA","13","Georgia","121","Fulton","33.74843942","-84.37548234"
"09/17/1990","AQS","131210053","1","0.059","ppm","64","","17","100.0000","44201","Ozone","014","12060","Atlanta-Sandy Springs-Roswell, GA","13","Georgia","121","Fulton","33.74843942","-84.37548234"
"09/18/1990","AQS","131210053","1","0.06","ppm","67","","17","100.0000","44201","Ozone","014","12060","Atlanta-Sandy Springs-Roswell, GA","13","Georgia","121","Fulton","33.74843942","-84.37548234"
"09/19/1990","AQS","131210053","1","0.061","ppm","71","","17","100.0000","44201","Ozone","014","12060","Atlanta-Sandy Springs-Roswell, GA","13","Georgia","121","Fulton","33.74843942","-84.37548234"
"09/20/1990","AQS","131210053","1","0.065","ppm","84","","17","100.0000","44201","Ozone","014","12060","Atlanta-Sandy Springs-Roswell, GA","13","Georgia","121","Fulton","33.74843942","-84.37548234"
"09/21/1990","AQS","131210053","1","0.071","ppm","101","","15","88.0000","44201","Ozone","014","12060","Atlanta-Sandy Springs-Roswell, GA","13","Georgia","121","Fulton","33.74843942","-84.37548234"
"09/22/1990","AQS","131210053","1","0.024","ppm","22","","17","100.0000","44201","Ozone","014","12060","Atlanta-Sandy Springs-Roswell, GA","13","Georgia","121","Fulton","33.74843942","-84.37548234"
"09/23/1990","AQS","131210053","1","0.036","ppm","33","","17","100.0000","44201","Ozone","014","12060","Atlanta-Sandy Springs-Roswell, GA","13","Georgia","121","Fulton","33.74843942","-84.37548234"
"09/24/1990","AQS","131210053","1","0.025","ppm","23","","17","100.0000","44201","Ozone","014","12060","Atlanta-Sandy Springs-Roswell, GA","13","Georgia","121","Fulton","33.74843942","-84.37548234"
"09/25/1990","AQS","131210053","1","0.052","ppm","48","","17","100.0000","44201","Ozone","014","12060","Atlanta-Sandy Springs-Roswell, GA","13","Georgia","121","Fulton","33.74843942","-84.37548234"
"09/26/1990","AQS","131210053","1","0.058","ppm","61","","17","100.0000","44201","Ozone","014","12060","Atlanta-Sandy Springs-Roswell, GA","13","Georgia","121","Fulton","33.74843942","-84.37548234"
"09/27/1990","AQS","131210053","1","0.066","ppm","87","","17","100.0000","44201","Ozone","014","12060","Atlanta-Sandy Springs-Roswell, GA","13","Georgia","121","Fulton","33.74843942","-84.37548234"
"09/28/1990","AQS","131210053","1","0.054","ppm","50","","17","100.0000","44201","Ozone","014","12060","Atlanta-Sandy Springs-Roswell, GA","13","Georgia","121","Fulton","33.74843942","-84.37548234"
"09/29/1990","AQS","131210053","1","0.064","ppm","80","","17","100.0000","44201","Ozone","014","12060","Atlanta-Sandy Springs-Roswell, GA","13","Georgia","121","Fulton","33.74843942","-84.37548234"
"09/30/1990","AQS","131210053","1","0.052","ppm","48","","17","100.0000","44201","Ozone","014","12060","Atlanta-Sandy Springs-Roswell, GA","13","Georgia","121","Fulton","33.74843942","-84.37548234"
"10/01/1990","AQS","131210053","1","0.046","ppm","43","","17","100.0000","44201","Ozone","014","12060","Atlanta-Sandy Springs-Roswell, GA","13","Georgia","121","Fulton","33.74843942","-84.37548234"
"10/02/1990","AQS","131210053","1","0.061","ppm","71","","17","100.0000","44201","Ozone","014","12060","Atlanta-Sandy Springs-Roswell, GA","13","Georgia","121","Fulton","33.74843942","-84.37548234"
"10/03/1990","AQS","131210053","1","0.042","ppm","39","","17","100.0000","44201","Ozone","014","12060","Atlanta-Sandy Springs-Roswell, GA","13","Georgia","121","Fulton","33.74843942","-84.37548234"
"10/04/1990","AQS","131210053","1","0.018","ppm","17","","17","100.0000","44201","Ozone","014","12060","Atlanta-Sandy Springs-Roswell, GA","13","Georgia","121","Fulton","33.74843942","-84.37548234"
"10/05/1990","AQS","131210053","1","0.044","ppm","41","","17","100.0000","44201","Ozone","014","12060","Atlanta-Sandy Springs-Roswell, GA","13","Georgia","121","Fulton","33.74843942","-84.37548234"
"10/06/1990","AQS","131210053","1","0.06","ppm","67","","17","100.0000","44201","Ozone","014","12060","Atlanta-Sandy Springs-Roswell, GA","13","Georgia","121","Fulton","33.74843942","-84.37548234"
"10/07/1990","AQS","131210053","1","0.033","ppm","31","","17","100.0000","44201","Ozone","014","12060","Atlanta-Sandy Springs-Roswell, GA","13","Georgia","121","Fulton","33.74843942","-84.37548234"
"10/08/1990","AQS","131210053","1","0.031","ppm","29","","17","100.0000","44201","Ozone","014","12060","Atlanta-Sandy Springs-Roswell, GA","13","Georgia","121","Fulton","33.74843942","-84.37548234"
"10/09/1990","AQS","131210053","1","0.03","ppm","28","","17","100.0000","44201","Ozone","014","12060","Atlanta-Sandy Springs-Roswell, GA","13","Georgia","121","Fulton","33.74843942","-84.37548234"
"10/10/1990","AQS","131210053","1","0.007","ppm","6","","17","100.0000","44201","Ozone","014","12060","Atlanta-Sandy Springs-Roswell, GA","13","Georgia","121","Fulton","33.74843942","-84.37548234"
"10/11/1990","AQS","131210053","1","0.021","ppm","19","","17","100.0000","44201","Ozone","014","12060","Atlanta-Sandy Springs-Roswell, GA","13","Georgia","121","Fulton","33.74843942","-84.37548234"
"10/12/1990","AQS","131210053","1","0.015","ppm","14","","17","100.0000","44201","Ozone","014","12060","Atlanta-Sandy Springs-Roswell, GA","13","Georgia","121","Fulton","33.74843942","-84.37548234"
"10/13/1990","AQS","131210053","1","0.017","ppm","16","","17","100.0000","44201","Ozone","014","12060","Atlanta-Sandy Springs-Roswell, GA","13","Georgia","121","Fulton","33.74843942","-84.37548234"
"10/14/1990","AQS","131210053","1","0.026","ppm","24","","17","100.0000","44201","Ozone","014","12060","Atlanta-Sandy Springs-Roswell, GA","13","Georgia","121","Fulton","33.74843942","-84.37548234"
"10/15/1990","AQS","131210053","1","0.038","ppm","35","","17","100.0000","44201","Ozone","014","12060","Atlanta-Sandy Springs-Roswell, GA","13","Georgia","121","Fulton","33.74843942","-84.37548234"
"10/16/1990","AQS","131210053","1","0.063","ppm","77","","15","88.0000","44201","Ozone","014","12060","Atlanta-Sandy Springs-Roswell, GA","13","Georgia","121","Fulton","33.74843942","-84.37548234"
"10/17/1990","AQS","131210053","1","0.047","ppm","44","","17","100.0000","44201","Ozone","014","12060","Atlanta-Sandy Springs-Roswell, GA","13","Georgia","121","Fulton","33.74843942","-84.37548234"
"10/18/1990","AQS","131210053","1","0.024","ppm","22","","17","100.0000","44201","Ozone","014","12060","Atlanta-Sandy Springs-Roswell, GA","13","Georgia","121","Fulton","33.74843942","-84.37548234"
"10/19/1990","AQS","131210053","1","0.032","ppm","30","","17","100.0000","44201","Ozone","014","12060","Atlanta-Sandy Springs-Roswell, GA","13","Georgia","121","Fulton","33.74843942","-84.37548234"
"10/20/1990","AQS","131210053","1","0.045","ppm","42","","17","100.0000","44201","Ozone","014","12060","Atlanta-Sandy Springs-Roswell, GA","13","Georgia","121","Fulton","33.74843942","-84.37548234"
"10/21/1990","AQS","131210053","1","0.038","ppm","35","","17","100.0000","44201","Ozone","014","12060","Atlanta-Sandy Springs-Roswell, GA","13","Georgia","121","Fulton","33.74843942","-84.37548234"
"10/22/1990","AQS","131210053","1","0.004","ppm","4","","17","100.0000","44201","Ozone","014","12060","Atlanta-Sandy Springs-Roswell, GA","13","Georgia","121","Fulton","33.74843942","-84.37548234"
"10/23/1990","AQS","131210053","1","0.014","ppm","13","","17","100.0000","44201","Ozone","014","12060","Atlanta-Sandy Springs-Roswell, GA","13","Georgia","121","Fulton","33.74843942","-84.37548234"
"10/24/1990","AQS","131210053","1","0.015","ppm","14","","17","100.0000","44201","Ozone","014","12060","Atlanta-Sandy Springs-Roswell, GA","13","Georgia","121","Fulton","33.74843942","-84.37548234"
"10/25/1990","AQS","131210053","1","0.012","ppm","11","","17","100.0000","44201","Ozone","014","12060","Atlanta-Sandy Springs-Roswell, GA","13","Georgia","121","Fulton","33.74843942","-84.37548234"
"10/26/1990","AQS","131210053","1","0.019","ppm","18","","17","100.0000","44201","Ozone","014","12060","Atlanta-Sandy Springs-Roswell, GA","13","Georgia","121","Fulton","33.74843942","-84.37548234"
"10/27/1990","AQS","131210053","1","0.025","ppm","23","","17","100.0000","44201","Ozone","014","12060","Atlanta-Sandy Springs-Roswell, GA","13","Georgia","121","Fulton","33.74843942","-84.37548234"
"10/28/1990","AQS","131210053","1","0.031","ppm","29","","17","100.0000","44201","Ozone","014","12060","Atlanta-Sandy Springs-Roswell, GA","13","Georgia","121","Fulton","33.74843942","-84.37548234"
"10/29/1990","AQS","131210053","1","0.029","ppm","27","","17","100.0000","44201","Ozone","014","12060","Atlanta-Sandy Springs-Roswell, GA","13","Georgia","121","Fulton","33.74843942","-84.37548234"
"10/30/1990","AQS","131210053","1","0.039","ppm","36","","17","100.0000","44201","Ozone","014","12060","Atlanta-Sandy Springs-Roswell, GA","13","Georgia","121","Fulton","33.74843942","-84.37548234"
"10/31/1990","AQS","131210053","1","0.021","ppm","19","","17","100.0000","44201","Ozone","014","12060","Atlanta-Sandy Springs-Roswell, GA","13","Georgia","121","Fulton","33.74843942","-84.37548234"
"11/01/1990","AQS","131210053","1","0.04","ppm","37","","17","100.0000","44201","Ozone","014","12060","Atlanta-Sandy Springs-Roswell, GA","13","Georgia","121","Fulton","33.74843942","-84.37548234"
"11/02/1990","AQS","131210053","1","0.049","ppm","45","","17","100.0000","44201","Ozone","014","12060","Atlanta-Sandy Springs-Roswell, GA","13","Georgia","121","Fulton","33.74843942","-84.37548234"
"11/03/1990","AQS","131210053","1","0.038","ppm","35","","17","100.0000","44201","Ozone","014","12060","Atlanta-Sandy Springs-Roswell, GA","13","Georgia","121","Fulton","33.74843942","-84.37548234"
"11/04/1990","AQS","131210053","1","0.033","ppm","31","","17","100.0000","44201","Ozone","014","12060","Atlanta-Sandy Springs-Roswell, GA","13","Georgia","121","Fulton","33.74843942","-84.37548234"
"11/05/1990","AQS","131210053","1","0.016","ppm","15","","17","100.0000","44201","Ozone","014","12060","Atlanta-Sandy Springs-Roswell, GA","13","Georgia","121","Fulton","33.74843942","-84.37548234"
"11/06/1990","AQS","131210053","1","0.013","ppm","12","","17","100.0000","44201","Ozone","014","12060","Atlanta-Sandy Springs-Roswell, GA","13","Georgia","121","Fulton","33.74843942","-84.37548234"
"11/07/1990","AQS","131210053","1","0.019","ppm","18","","17","100.0000","44201","Ozone","014","12060","Atlanta-Sandy Springs-Roswell, GA","13","Georgia","121","Fulton","33.74843942","-84.37548234"
"11/08/1990","AQS","131210053","1","0.025","ppm","23","","17","100.0000","44201","Ozone","014","12060","Atlanta-Sandy Springs-Roswell, GA","13","Georgia","121","Fulton","33.74843942","-84.37548234"
"11/09/1990","AQS","131210053","1","0.017","ppm","16","","17","100.0000","44201","Ozone","014","12060","Atlanta-Sandy Springs-Roswell, GA","13","Georgia","121","Fulton","33.74843942","-84.37548234"
"11/10/1990","AQS","131210053","1","0.014","ppm","13","","17","100.0000","44201","Ozone","014","12060","Atlanta-Sandy Springs-Roswell, GA","13","Georgia","121","Fulton","33.74843942","-84.37548234"
"11/11/1990","AQS","131210053","1","0.022","ppm","20","","17","100.0000","44201","Ozone","014","12060","Atlanta-Sandy Springs-Roswell, GA","13","Georgia","121","Fulton","33.74843942","-84.37548234"
"11/12/1990","AQS","131210053","1","0.029","ppm","27","","17","100.0000","44201","Ozone","014","12060","Atlanta-Sandy Springs-Roswell, GA","13","Georgia","121","Fulton","33.74843942","-84.37548234"
"11/13/1990","AQS","131210053","1","0.017","ppm","16","","17","100.0000","44201","Ozone","014","12060","Atlanta-Sandy Springs-Roswell, GA","13","Georgia","121","Fulton","33.74843942","-84.37548234"
"11/14/1990","AQS","131210053","1","0.027","ppm","25","","17","100.0000","44201","Ozone","014","12060","Atlanta-Sandy Springs-Roswell, GA","13","Georgia","121","Fulton","33.74843942","-84.37548234"
"11/15/1990","AQS","131210053","1","0.025","ppm","23","","17","100.0000","44201","Ozone","014","12060","Atlanta-Sandy Springs-Roswell, GA","13","Georgia","121","Fulton","33.74843942","-84.37548234"
"11/16/1990","AQS","131210053","1","0.026","ppm","24","","17","100.0000","44201","Ozone","014","12060","Atlanta-Sandy Springs-Roswell, GA","13","Georgia","121","Fulton","33.74843942","-84.37548234"
"11/17/1990","AQS","131210053","1","0.023","ppm","21","","17","100.0000","44201","Ozone","014","12060","Atlanta-Sandy Springs-Roswell, GA","13","Georgia","121","Fulton","33.74843942","-84.37548234"
"11/18/1990","AQS","131210053","1","0.027","ppm","25","","17","100.0000","44201","Ozone","014","12060","Atlanta-Sandy Springs-Roswell, GA","13","Georgia","121","Fulton","33.74843942","-84.37548234"
"11/19/1990","AQS","131210053","1","0.03","ppm","28","","17","100.0000","44201","Ozone","014","12060","Atlanta-Sandy Springs-Roswell, GA","13","Georgia","121","Fulton","33.74843942","-84.37548234"
"11/20/1990","AQS","131210053","1","0.019","ppm","18","","17","100.0000","44201","Ozone","014","12060","Atlanta-Sandy Springs-Roswell, GA","13","Georgia","121","Fulton","33.74843942","-84.37548234"
"11/21/1990","AQS","131210053","1","0.031","ppm","29","","17","100.0000","44201","Ozone","014","12060","Atlanta-Sandy Springs-Roswell, GA","13","Georgia","121","Fulton","33.74843942","-84.37548234"
"11/22/1990","AQS","131210053","1","0.038","ppm","35","","17","100.0000","44201","Ozone","014","12060","Atlanta-Sandy Springs-Roswell, GA","13","Georgia","121","Fulton","33.74843942","-84.37548234"
"11/23/1990","AQS","131210053","1","0.021","ppm","19","","17","100.0000","44201","Ozone","014","12060","Atlanta-Sandy Springs-Roswell, GA","13","Georgia","121","Fulton","33.74843942","-84.37548234"
"11/24/1990","AQS","131210053","1","0.025","ppm","23","","17","100.0000","44201","Ozone","014","12060","Atlanta-Sandy Springs-Roswell, GA","13","Georgia","121","Fulton","33.74843942","-84.37548234"
"11/25/1990","AQS","131210053","1","0.034","ppm","31","","17","100.0000","44201","Ozone","014","12060","Atlanta-Sandy Springs-Roswell, GA","13","Georgia","121","Fulton","33.74843942","-84.37548234"
"11/26/1990","AQS","131210053","1","0.011","ppm","10","","17","100.0000","44201","Ozone","014","12060","Atlanta-Sandy Springs-Roswell, GA","13","Georgia","121","Fulton","33.74843942","-84.37548234"
"11/27/1990","AQS","131210053","1","0.023","ppm","21","","17","100.0000","44201","Ozone","014","12060","Atlanta-Sandy Springs-Roswell, GA","13","Georgia","121","Fulton","33.74843942","-84.37548234"
"11/28/1990","AQS","131210053","1","0.013","ppm","12","","17","100.0000","44201","Ozone","014","12060","Atlanta-Sandy Springs-Roswell, GA","13","Georgia","121","Fulton","33.74843942","-84.37548234"
"11/29/1990","AQS","131210053","1","0.02","ppm","19","","17","100.0000","44201","Ozone","014","12060","Atlanta-Sandy Springs-Roswell, GA","13","Georgia","121","Fulton","33.74843942","-84.37548234"
"03/07/1990","AQS","132230002","5","0.043","ppm","40","","17","100.0000","44201","Ozone","014","12060","Atlanta-Sandy Springs-Roswell, GA","13","Georgia","223","Paulding","33.915659236","-84.831050512"
"03/08/1990","AQS","132230002","5","0.025","ppm","23","","17","100.0000","44201","Ozone","014","12060","Atlanta-Sandy Springs-Roswell, GA","13","Georgia","223","Paulding","33.915659236","-84.831050512"
"03/09/1990","AQS","132230002","5","0.014","ppm","13","","17","100.0000","44201","Ozone","014","12060","Atlanta-Sandy Springs-Roswell, GA","13","Georgia","223","Paulding","33.915659236","-84.831050512"
"03/10/1990","AQS","132230002","5","0.035","ppm","32","","17","100.0000","44201","Ozone","014","12060","Atlanta-Sandy Springs-Roswell, GA","13","Georgia","223","Paulding","33.915659236","-84.831050512"
"03/11/1990","AQS","132230002","5","0.05","ppm","46","","17","100.0000","44201","Ozone","014","12060","Atlanta-Sandy Springs-Roswell, GA","13","Georgia","223","Paulding","33.915659236","-84.831050512"
"03/12/1990","AQS","132230002","5","0.044","ppm","41","","17","100.0000","44201","Ozone","014","12060","Atlanta-Sandy Springs-Roswell, GA","13","Georgia","223","Paulding","33.915659236","-84.831050512"
"03/13/1990","AQS","132230002","5","0.059","ppm","64","","17","100.0000","44201","Ozone","014","12060","Atlanta-Sandy Springs-Roswell, GA","13","Georgia","223","Paulding","33.915659236","-84.831050512"
"03/14/1990","AQS","132230002","5","0.053","ppm","49","","17","100.0000","44201","Ozone","014","12060","Atlanta-Sandy Springs-Roswell, GA","13","Georgia","223","Paulding","33.915659236","-84.831050512"
"03/15/1990","AQS","132230002","5","0.042","ppm","39","","17","100.0000","44201","Ozone","014","12060","Atlanta-Sandy Springs-Roswell, GA","13","Georgia","223","Paulding","33.915659236","-84.831050512"
"03/16/1990","AQS","132230002","5","0.029","ppm","27","","17","100.0000","44201","Ozone","014","12060","Atlanta-Sandy Springs-Roswell, GA","13","Georgia","223","Paulding","33.915659236","-84.831050512"
"03/17/1990","AQS","132230002","5","0.046","ppm","43","","17","100.0000","44201","Ozone","014","12060","Atlanta-Sandy Springs-Roswell, GA","13","Georgia","223","Paulding","33.915659236","-84.831050512"
"03/18/1990","AQS","132230002","5","0.04","ppm","37","","17","100.0000","44201","Ozone","014","12060","Atlanta-Sandy Springs-Roswell, GA","13","Georgia","223","Paulding","33.915659236","-84.831050512"
"03/19/1990","AQS","132230002","5","0.044","ppm","41","","17","100.0000","44201","Ozone","014","12060","Atlanta-Sandy Springs-Roswell, GA","13","Georgia","223","Paulding","33.915659236","-84.831050512"
"03/20/1990","AQS","132230002","5","0.034","ppm","31","","17","100.0000","44201","Ozone","014","12060","Atlanta-Sandy Springs-Roswell, GA","13","Georgia","223","Paulding","33.915659236","-84.831050512"
"03/21/1990","AQS","132230002","5","0.043","ppm","40","","17","100.0000","44201","Ozone","014","12060","Atlanta-Sandy Springs-Roswell, GA","13","Georgia","223","Paulding","33.915659236","-84.831050512"
"03/22/1990","AQS","132230002","5","0.06","ppm","67","","17","100.0000","44201","Ozone","014","12060","Atlanta-Sandy Springs-Roswell, GA","13","Georgia","223","Paulding","33.915659236","-84.831050512"
"03/23/1990","AQS","132230002","5","0.065","ppm","84","","17","100.0000","44201","Ozone","014","12060","Atlanta-Sandy Springs-Roswell, GA","13","Georgia","223","Paulding","33.915659236","-84.831050512"
"03/24/1990","AQS","132230002","5","0.061","ppm","71","","17","100.0000","44201","Ozone","014","12060","Atlanta-Sandy Springs-Roswell, GA","13","Georgia","223","Paulding","33.915659236","-84.831050512"
"03/25/1990","AQS","132230002","5","0.042","ppm","39","","17","100.0000","44201","Ozone","014","12060","Atlanta-Sandy Springs-Roswell, GA","13","Georgia","223","Paulding","33.915659236","-84.831050512"
"03/26/1990","AQS","132230002","5","0.023","ppm","21","","17","100.0000","44201","Ozone","014","12060","Atlanta-Sandy Springs-Roswell, GA","13","Georgia","223","Paulding","33.915659236","-84.831050512"
"03/27/1990","AQS","132230002","5","0.054","ppm","50","","17","100.0000","44201","Ozone","014","12060","Atlanta-Sandy Springs-Roswell, GA","13","Georgia","223","Paulding","33.915659236","-84.831050512"
"03/28/1990","AQS","132230002","5","0.053","ppm","49","","17","100.0000","44201","Ozone","014","12060","Atlanta-Sandy Springs-Roswell, GA","13","Georgia","223","Paulding","33.915659236","-84.831050512"
"03/29/1990","AQS","132230002","5","0.029","ppm","27","","17","100.0000","44201","Ozone","014","12060","Atlanta-Sandy Springs-Roswell, GA","13","Georgia","223","Paulding","33.915659236","-84.831050512"
"03/30/1990","AQS","132230002","5","0.011","ppm","10","","17","100.0000","44201","Ozone","014","12060","Atlanta-Sandy Springs-Roswell, GA","13","Georgia","223","Paulding","33.915659236","-84.831050512"
"03/31/1990","AQS","132230002","5","0.036","ppm","33","","17","100.0000","44201","Ozone","014","12060","Atlanta-Sandy Springs-Roswell, GA","13","Georgia","223","Paulding","33.915659236","-84.831050512"
"04/01/1990","AQS","132230002","5","0.046","ppm","43","","17","100.0000","44201","Ozone","014","12060","Atlanta-Sandy Springs-Roswell, GA","13","Georgia","223","Paulding","33.915659236","-84.831050512"
"04/02/1990","AQS","132230002","5","0.051","ppm","47","","17","100.0000","44201","Ozone","014","12060","Atlanta-Sandy Springs-Roswell, GA","13","Georgia","223","Paulding","33.915659236","-84.831050512"
"04/03/1990","AQS","132230002","5","0.037","ppm","34","","14","82.0000","44201","Ozone","014","12060","Atlanta-Sandy Springs-Roswell, GA","13","Georgia","223","Paulding","33.915659236","-84.831050512"
"04/04/1990","AQS","132230002","5","0.052","ppm","48","","17","100.0000","44201","Ozone","014","12060","Atlanta-Sandy Springs-Roswell, GA","13","Georgia","223","Paulding","33.915659236","-84.831050512"
"04/06/1990","AQS","132230002","5","0.055","ppm","51","","17","100.0000","44201","Ozone","014","12060","Atlanta-Sandy Springs-Roswell, GA","13","Georgia","223","Paulding","33.915659236","-84.831050512"
"04/07/1990","AQS","132230002","5","0.042","ppm","39","","17","100.0000","44201","Ozone","014","12060","Atlanta-Sandy Springs-Roswell, GA","13","Georgia","223","Paulding","33.915659236","-84.831050512"
"04/09/1990","AQS","132230002","5","0.067","ppm","90","","17","100.0000","44201","Ozone","014","12060","Atlanta-Sandy Springs-Roswell, GA","13","Georgia","223","Paulding","33.915659236","-84.831050512"
"04/10/1990","AQS","132230002","5","0.04","ppm","37","","17","100.0000","44201","Ozone","014","12060","Atlanta-Sandy Springs-Roswell, GA","13","Georgia","223","Paulding","33.915659236","-84.831050512"
"04/11/1990","AQS","132230002","5","0.048","ppm","44","","17","100.0000","44201","Ozone","014","12060","Atlanta-Sandy Springs-Roswell, GA","13","Georgia","223","Paulding","33.915659236","-84.831050512"
"04/12/1990","AQS","132230002","5","0.05","ppm","46","","17","100.0000","44201","Ozone","014","12060","Atlanta-Sandy Springs-Roswell, GA","13","Georgia","223","Paulding","33.915659236","-84.831050512"
"04/13/1990","AQS","132230002","5","0.057","ppm","58","","17","100.0000","44201","Ozone","014","12060","Atlanta-Sandy Springs-Roswell, GA","13","Georgia","223","Paulding","33.915659236","-84.831050512"
"04/14/1990","AQS","132230002","5","0.062","ppm","74","","17","100.0000","44201","Ozone","014","12060","Atlanta-Sandy Springs-Roswell, GA","13","Georgia","223","Paulding","33.915659236","-84.831050512"
"04/15/1990","AQS","132230002","5","0.051","ppm","47","","17","100.0000","44201","Ozone","014","12060","Atlanta-Sandy Springs-Roswell, GA","13","Georgia","223","Paulding","33.915659236","-84.831050512"
"04/16/1990","AQS","132230002","5","0.057","ppm","58","","17","100.0000","44201","Ozone","014","12060","Atlanta-Sandy Springs-Roswell, GA","13","Georgia","223","Paulding","33.915659236","-84.831050512"
"04/17/1990","AQS","132230002","5","0.064","ppm","80","","17","100.0000","44201","Ozone","014","12060","Atlanta-Sandy Springs-Roswell, GA","13","Georgia","223","Paulding","33.915659236","-84.831050512"
"04/18/1990","AQS","132230002","5","0.051","ppm","47","","17","100.0000","44201","Ozone","014","12060","Atlanta-Sandy Springs-Roswell, GA","13","Georgia","223","Paulding","33.915659236","-84.831050512"
"04/19/1990","AQS","132230002","5","0.048","ppm","44","","17","100.0000","44201","Ozone","014","12060","Atlanta-Sandy Springs-Roswell, GA","13","Georgia","223","Paulding","33.915659236","-84.831050512"
"04/20/1990","AQS","132230002","5","0.052","ppm","48","","17","100.0000","44201","Ozone","014","12060","Atlanta-Sandy Springs-Roswell, GA","13","Georgia","223","Paulding","33.915659236","-84.831050512"
"04/21/1990","AQS","132230002","5","0.035","ppm","32","","17","100.0000","44201","Ozone","014","12060","Atlanta-Sandy Springs-Roswell, GA","13","Georgia","223","Paulding","33.915659236","-84.831050512"
"04/22/1990","AQS","132230002","5","0.046","ppm","43","","17","100.0000","44201","Ozone","014","12060","Atlanta-Sandy Springs-Roswell, GA","13","Georgia","223","Paulding","33.915659236","-84.831050512"
"04/23/1990","AQS","132230002","5","0.067","ppm","90","","17","100.0000","44201","Ozone","014","12060","Atlanta-Sandy Springs-Roswell, GA","13","Georgia","223","Paulding","33.915659236","-84.831050512"
"04/24/1990","AQS","132230002","5","0.072","ppm","105","","17","100.0000","44201","Ozone","014","12060","Atlanta-Sandy Springs-Roswell, GA","13","Georgia","223","Paulding","33.915659236","-84.831050512"
"04/25/1990","AQS","132230002","5","0.069","ppm","97","","17","100.0000","44201","Ozone","014","12060","Atlanta-Sandy Springs-Roswell, GA","13","Georgia","223","Paulding","33.915659236","-84.831050512"
"04/26/1990","AQS","132230002","5","0.066","ppm","87","","17","100.0000","44201","Ozone","014","12060","Atlanta-Sandy Springs-Roswell, GA","13","Georgia","223","Paulding","33.915659236","-84.831050512"
"04/27/1990","AQS","132230002","5","0.066","ppm","87","","17","100.0000","44201","Ozone","014","12060","Atlanta-Sandy Springs-Roswell, GA","13","Georgia","223","Paulding","33.915659236","-84.831050512"
"04/28/1990","AQS","132230002","5","0.048","ppm","44","","17","100.0000","44201","Ozone","014","12060","Atlanta-Sandy Springs-Roswell, GA","13","Georgia","223","Paulding","33.915659236","-84.831050512"
"04/29/1990","AQS","132230002","5","0.056","ppm","54","","17","100.0000","44201","Ozone","014","12060","Atlanta-Sandy Springs-Roswell, GA","13","Georgia","223","Paulding","33.915659236","-84.831050512"
"04/30/1990","AQS","132230002","5","0.051","ppm","47","","17","100.0000","44201","Ozone","014","12060","Atlanta-Sandy Springs-Roswell, GA","13","Georgia","223","Paulding","33.915659236","-84.831050512"
"05/01/1990","AQS","132230002","5","0.057","ppm","58","","17","100.0000","44201","Ozone","014","12060","Atlanta-Sandy Springs-Roswell, GA","13","Georgia","223","Paulding","33.915659236","-84.831050512"
"05/02/1990","AQS","132230002","5","0.055","ppm","51","","17","100.0000","44201","Ozone","014","12060","Atlanta-Sandy Springs-Roswell, GA","13","Georgia","223","Paulding","33.915659236","-84.831050512"
"05/03/1990","AQS","132230002","5","0.082","ppm","140","","17","100.0000","44201","Ozone","014","12060","Atlanta-Sandy Springs-Roswell, GA","13","Georgia","223","Paulding","33.915659236","-84.831050512"
"05/04/1990","AQS","132230002","5","0.045","ppm","42","","17","100.0000","44201","Ozone","014","12060","Atlanta-Sandy Springs-Roswell, GA","13","Georgia","223","Paulding","33.915659236","-84.831050512"
"05/05/1990","AQS","132230002","5","0.052","ppm","48","","17","100.0000","44201","Ozone","014","12060","Atlanta-Sandy Springs-Roswell, GA","13","Georgia","223","Paulding","33.915659236","-84.831050512"
"05/06/1990","AQS","132230002","5","0.053","ppm","49","","17","100.0000","44201","Ozone","014","12060","Atlanta-Sandy Springs-Roswell, GA","13","Georgia","223","Paulding","33.915659236","-84.831050512"
"05/07/1990","AQS","132230002","5","0.075","ppm","115","","17","100.0000","44201","Ozone","014","12060","Atlanta-Sandy Springs-Roswell, GA","13","Georgia","223","Paulding","33.915659236","-84.831050512"
"05/08/1990","AQS","132230002","5","0.067","ppm","90","","17","100.0000","44201","Ozone","014","12060","Atlanta-Sandy Springs-Roswell, GA","13","Georgia","223","Paulding","33.915659236","-84.831050512"
"05/09/1990","AQS","132230002","5","0.04","ppm","37","","14","82.0000","44201","Ozone","014","12060","Atlanta-Sandy Springs-Roswell, GA","13","Georgia","223","Paulding","33.915659236","-84.831050512"
"05/10/1990","AQS","132230002","5","0.05","ppm","46","","17","100.0000","44201","Ozone","014","12060","Atlanta-Sandy Springs-Roswell, GA","13","Georgia","223","Paulding","33.915659236","-84.831050512"
"05/11/1990","AQS","132230002","5","0.051","ppm","47","","17","100.0000","44201","Ozone","014","12060","Atlanta-Sandy Springs-Roswell, GA","13","Georgia","223","Paulding","33.915659236","-84.831050512"
"05/12/1990","AQS","132230002","5","0.071","ppm","101","","17","100.0000","44201","Ozone","014","12060","Atlanta-Sandy Springs-Roswell, GA","13","Georgia","223","Paulding","33.915659236","-84.831050512"
"05/13/1990","AQS","132230002","5","0.043","ppm","40","","17","100.0000","44201","Ozone","014","12060","Atlanta-Sandy Springs-Roswell, GA","13","Georgia","223","Paulding","33.915659236","-84.831050512"
"05/14/1990","AQS","132230002","5","0.049","ppm","45","","17","100.0000","44201","Ozone","014","12060","Atlanta-Sandy Springs-Roswell, GA","13","Georgia","223","Paulding","33.915659236","-84.831050512"
"05/15/1990","AQS","132230002","5","0.065","ppm","84","","17","100.0000","44201","Ozone","014","12060","Atlanta-Sandy Springs-Roswell, GA","13","Georgia","223","Paulding","33.915659236","-84.831050512"
"05/16/1990","AQS","132230002","5","0.047","ppm","44","","17","100.0000","44201","Ozone","014","12060","Atlanta-Sandy Springs-Roswell, GA","13","Georgia","223","Paulding","33.915659236","-84.831050512"
"05/17/1990","AQS","132230002","5","0.052","ppm","48","","17","100.0000","44201","Ozone","014","12060","Atlanta-Sandy Springs-Roswell, GA","13","Georgia","223","Paulding","33.915659236","-84.831050512"
"05/18/1990","AQS","132230002","5","0.052","ppm","48","","17","100.0000","44201","Ozone","014","12060","Atlanta-Sandy Springs-Roswell, GA","13","Georgia","223","Paulding","33.915659236","-84.831050512"
"05/19/1990","AQS","132230002","5","0.076","ppm","119","","17","100.0000","44201","Ozone","014","12060","Atlanta-Sandy Springs-Roswell, GA","13","Georgia","223","Paulding","33.915659236","-84.831050512"
"05/20/1990","AQS","132230002","5","0.042","ppm","39","","17","100.0000","44201","Ozone","014","12060","Atlanta-Sandy Springs-Roswell, GA","13","Georgia","223","Paulding","33.915659236","-84.831050512"
"05/21/1990","AQS","132230002","5","0.044","ppm","41","","17","100.0000","44201","Ozone","014","12060","Atlanta-Sandy Springs-Roswell, GA","13","Georgia","223","Paulding","33.915659236","-84.831050512"
"05/22/1990","AQS","132230002","5","0.038","ppm","35","","17","100.0000","44201","Ozone","014","12060","Atlanta-Sandy Springs-Roswell, GA","13","Georgia","223","Paulding","33.915659236","-84.831050512"
"05/23/1990","AQS","132230002","5","0.044","ppm","41","","17","100.0000","44201","Ozone","014","12060","Atlanta-Sandy Springs-Roswell, GA","13","Georgia","223","Paulding","33.915659236","-84.831050512"
"05/24/1990","AQS","132230002","5","0.08","ppm","133","","17","100.0000","44201","Ozone","014","12060","Atlanta-Sandy Springs-Roswell, GA","13","Georgia","223","Paulding","33.915659236","-84.831050512"
"05/25/1990","AQS","132230002","5","0.073","ppm","108","","17","100.0000","44201","Ozone","014","12060","Atlanta-Sandy Springs-Roswell, GA","13","Georgia","223","Paulding","33.915659236","-84.831050512"
"05/26/1990","AQS","132230002","5","0.053","ppm","49","","17","100.0000","44201","Ozone","014","12060","Atlanta-Sandy Springs-Roswell, GA","13","Georgia","223","Paulding","33.915659236","-84.831050512"
"05/27/1990","AQS","132230002","5","0.038","ppm","35","","17","100.0000","44201","Ozone","014","12060","Atlanta-Sandy Springs-Roswell, GA","13","Georgia","223","Paulding","33.915659236","-84.831050512"
"05/28/1990","AQS","132230002","5","0.048","ppm","44","","17","100.0000","44201","Ozone","014","12060","Atlanta-Sandy Springs-Roswell, GA","13","Georgia","223","Paulding","33.915659236","-84.831050512"
"05/29/1990","AQS","132230002","5","0.07","ppm","100","","17","100.0000","44201","Ozone","014","12060","Atlanta-Sandy Springs-Roswell, GA","13","Georgia","223","Paulding","33.915659236","-84.831050512"
"05/30/1990","AQS","132230002","5","0.068","ppm","93","","17","100.0000","44201","Ozone","014","12060","Atlanta-Sandy Springs-Roswell, GA","13","Georgia","223","Paulding","33.915659236","-84.831050512"
"05/31/1990","AQS","132230002","5","0.077","ppm","122","","17","100.0000","44201","Ozone","014","12060","Atlanta-Sandy Springs-Roswell, GA","13","Georgia","223","Paulding","33.915659236","-84.831050512"
"06/01/1990","AQS","132230002","5","0.041","ppm","38","","17","100.0000","44201","Ozone","014","12060","Atlanta-Sandy Springs-Roswell, GA","13","Georgia","223","Paulding","33.915659236","-84.831050512"
"06/02/1990","AQS","132230002","5","0.047","ppm","44","","17","100.0000","44201","Ozone","014","12060","Atlanta-Sandy Springs-Roswell, GA","13","Georgia","223","Paulding","33.915659236","-84.831050512"
"06/03/1990","AQS","132230002","5","0.041","ppm","38","","17","100.0000","44201","Ozone","014","12060","Atlanta-Sandy Springs-Roswell, GA","13","Georgia","223","Paulding","33.915659236","-84.831050512"
"06/04/1990","AQS","132230002","5","0.053","ppm","49","","17","100.0000","44201","Ozone","014","12060","Atlanta-Sandy Springs-Roswell, GA","13","Georgia","223","Paulding","33.915659236","-84.831050512"
"06/05/1990","AQS","132230002","5","0.074","ppm","112","","17","100.0000","44201","Ozone","014","12060","Atlanta-Sandy Springs-Roswell, GA","13","Georgia","223","Paulding","33.915659236","-84.831050512"
"06/06/1990","AQS","132230002","5","0.064","ppm","80","","13","76.0000","44201","Ozone","014","12060","Atlanta-Sandy Springs-Roswell, GA","13","Georgia","223","Paulding","33.915659236","-84.831050512"
"06/07/1990","AQS","132230002","5","0.058","ppm","61","","17","100.0000","44201","Ozone","014","12060","Atlanta-Sandy Springs-Roswell, GA","13","Georgia","223","Paulding","33.915659236","-84.831050512"
"06/08/1990","AQS","132230002","5","0.044","ppm","41","","17","100.0000","44201","Ozone","014","12060","Atlanta-Sandy Springs-Roswell, GA","13","Georgia","223","Paulding","33.915659236","-84.831050512"
"06/09/1990","AQS","132230002","5","0.046","ppm","43","","17","100.0000","44201","Ozone","014","12060","Atlanta-Sandy Springs-Roswell, GA","13","Georgia","223","Paulding","33.915659236","-84.831050512"
"06/10/1990","AQS","132230002","5","0.054","ppm","50","","17","100.0000","44201","Ozone","014","12060","Atlanta-Sandy Springs-Roswell, GA","13","Georgia","223","Paulding","33.915659236","-84.831050512"
"06/11/1990","AQS","132230002","5","0.064","ppm","80","","17","100.0000","44201","Ozone","014","12060","Atlanta-Sandy Springs-Roswell, GA","13","Georgia","223","Paulding","33.915659236","-84.831050512"
"06/12/1990","AQS","132230002","5","0.094","ppm","172","","17","100.0000","44201","Ozone","014","12060","Atlanta-Sandy Springs-Roswell, GA","13","Georgia","223","Paulding","33.915659236","-84.831050512"
"06/13/1990","AQS","132230002","5","0.093","ppm","169","","17","100.0000","44201","Ozone","014","12060","Atlanta-Sandy Springs-Roswell, GA","13","Georgia","223","Paulding","33.915659236","-84.831050512"
"06/14/1990","AQS","132230002","5","0.066","ppm","87","","17","100.0000","44201","Ozone","014","12060","Atlanta-Sandy Springs-Roswell, GA","13","Georgia","223","Paulding","33.915659236","-84.831050512"
"06/15/1990","AQS","132230002","5","0.049","ppm","45","","17","100.0000","44201","Ozone","014","12060","Atlanta-Sandy Springs-Roswell, GA","13","Georgia","223","Paulding","33.915659236","-84.831050512"
"06/16/1990","AQS","132230002","5","0.072","ppm","105","","17","100.0000","44201","Ozone","014","12060","Atlanta-Sandy Springs-Roswell, GA","13","Georgia","223","Paulding","33.915659236","-84.831050512"
"06/17/1990","AQS","132230002","5","0.087","ppm","154","","17","100.0000","44201","Ozone","014","12060","Atlanta-Sandy Springs-Roswell, GA","13","Georgia","223","Paulding","33.915659236","-84.831050512"
"06/18/1990","AQS","132230002","5","0.061","ppm","71","","17","100.0000","44201","Ozone","014","12060","Atlanta-Sandy Springs-Roswell, GA","13","Georgia","223","Paulding","33.915659236","-84.831050512"
"06/19/1990","AQS","132230002","5","0.072","ppm","105","","17","100.0000","44201","Ozone","014","12060","Atlanta-Sandy Springs-Roswell, GA","13","Georgia","223","Paulding","33.915659236","-84.831050512"
"06/20/1990","AQS","132230002","5","0.087","ppm","154","","17","100.0000","44201","Ozone","014","12060","Atlanta-Sandy Springs-Roswell, GA","13","Georgia","223","Paulding","33.915659236","-84.831050512"
"06/21/1990","AQS","132230002","5","0.059","ppm","64","","17","100.0000","44201","Ozone","014","12060","Atlanta-Sandy Springs-Roswell, GA","13","Georgia","223","Paulding","33.915659236","-84.831050512"
"06/22/1990","AQS","132230002","5","0.05","ppm","46","","17","100.0000","44201","Ozone","014","12060","Atlanta-Sandy Springs-Roswell, GA","13","Georgia","223","Paulding","33.915659236","-84.831050512"
"06/23/1990","AQS","132230002","5","0.057","ppm","58","","17","100.0000","44201","Ozone","014","12060","Atlanta-Sandy Springs-Roswell, GA","13","Georgia","223","Paulding","33.915659236","-84.831050512"
"06/24/1990","AQS","132230002","5","0.055","ppm","51","","17","100.0000","44201","Ozone","014","12060","Atlanta-Sandy Springs-Roswell, GA","13","Georgia","223","Paulding","33.915659236","-84.831050512"
"06/25/1990","AQS","132230002","5","0.069","ppm","97","","17","100.0000","44201","Ozone","014","12060","Atlanta-Sandy Springs-Roswell, GA","13","Georgia","223","Paulding","33.915659236","-84.831050512"
"06/26/1990","AQS","132230002","5","0.09","ppm","161","","17","100.0000","44201","Ozone","014","12060","Atlanta-Sandy Springs-Roswell, GA","13","Georgia","223","Paulding","33.915659236","-84.831050512"
"06/27/1990","AQS","132230002","5","0.084","ppm","147","","17","100.0000","44201","Ozone","014","12060","Atlanta-Sandy Springs-Roswell, GA","13","Georgia","223","Paulding","33.915659236","-84.831050512"
"06/28/1990","AQS","132230002","5","0.105","ppm","200","","17","100.0000","44201","Ozone","014","12060","Atlanta-Sandy Springs-Roswell, GA","13","Georgia","223","Paulding","33.915659236","-84.831050512"
"06/29/1990","AQS","132230002","5","0.075","ppm","115","","17","100.0000","44201","Ozone","014","12060","Atlanta-Sandy Springs-Roswell, GA","13","Georgia","223","Paulding","33.915659236","-84.831050512"
"06/30/1990","AQS","132230002","5","0.064","ppm","80","","17","100.0000","44201","Ozone","014","12060","Atlanta-Sandy Springs-Roswell, GA","13","Georgia","223","Paulding","33.915659236","-84.831050512"
"07/01/1990","AQS","132230002","5","0.069","ppm","97","","17","100.0000","44201","Ozone","014","12060","Atlanta-Sandy Springs-Roswell, GA","13","Georgia","223","Paulding","33.915659236","-84.831050512"
"07/02/1990","AQS","132230002","5","0.075","ppm","115","","17","100.0000","44201","Ozone","014","12060","Atlanta-Sandy Springs-Roswell, GA","13","Georgia","223","Paulding","33.915659236","-84.831050512"
"07/03/1990","AQS","132230002","5","0.099","ppm","185","","17","100.0000","44201","Ozone","014","12060","Atlanta-Sandy Springs-Roswell, GA","13","Georgia","223","Paulding","33.915659236","-84.831050512"
"07/04/1990","AQS","132230002","5","0.087","ppm","154","","17","100.0000","44201","Ozone","014","12060","Atlanta-Sandy Springs-Roswell, GA","13","Georgia","223","Paulding","33.915659236","-84.831050512"
"07/05/1990","AQS","132230002","5","0.051","ppm","47","","17","100.0000","44201","Ozone","014","12060","Atlanta-Sandy Springs-Roswell, GA","13","Georgia","223","Paulding","33.915659236","-84.831050512"
"07/06/1990","AQS","132230002","5","0.076","ppm","119","","17","100.0000","44201","Ozone","014","12060","Atlanta-Sandy Springs-Roswell, GA","13","Georgia","223","Paulding","33.915659236","-84.831050512"
"07/07/1990","AQS","132230002","5","0.091","ppm","164","","17","100.0000","44201","Ozone","014","12060","Atlanta-Sandy Springs-Roswell, GA","13","Georgia","223","Paulding","33.915659236","-84.831050512"
"07/08/1990","AQS","132230002","5","0.113","ppm","208","","17","100.0000","44201","Ozone","014","12060","Atlanta-Sandy Springs-Roswell, GA","13","Georgia","223","Paulding","33.915659236","-84.831050512"
"07/09/1990","AQS","132230002","5","0.087","ppm","154","","17","100.0000","44201","Ozone","014","12060","Atlanta-Sandy Springs-Roswell, GA","13","Georgia","223","Paulding","33.915659236","-84.831050512"
"07/10/1990","AQS","132230002","5","0.084","ppm","147","","17","100.0000","44201","Ozone","014","12060","Atlanta-Sandy Springs-Roswell, GA","13","Georgia","223","Paulding","33.915659236","-84.831050512"
"07/11/1990","AQS","132230002","5","0.075","ppm","115","","17","100.0000","44201","Ozone","014","12060","Atlanta-Sandy Springs-Roswell, GA","13","Georgia","223","Paulding","33.915659236","-84.831050512"
"07/12/1990","AQS","132230002","5","0.04","ppm","37","","17","100.0000","44201","Ozone","014","12060","Atlanta-Sandy Springs-Roswell, GA","13","Georgia","223","Paulding","33.915659236","-84.831050512"
"07/13/1990","AQS","132230002","5","0.034","ppm","31","","17","100.0000","44201","Ozone","014","12060","Atlanta-Sandy Springs-Roswell, GA","13","Georgia","223","Paulding","33.915659236","-84.831050512"
"07/14/1990","AQS","132230002","5","0.05","ppm","46","","17","100.0000","44201","Ozone","014","12060","Atlanta-Sandy Springs-Roswell, GA","13","Georgia","223","Paulding","33.915659236","-84.831050512"
"07/15/1990","AQS","132230002","5","0.06","ppm","67","","17","100.0000","44201","Ozone","014","12060","Atlanta-Sandy Springs-Roswell, GA","13","Georgia","223","Paulding","33.915659236","-84.831050512"
"07/16/1990","AQS","132230002","5","0.09","ppm","161","","17","100.0000","44201","Ozone","014","12060","Atlanta-Sandy Springs-Roswell, GA","13","Georgia","223","Paulding","33.915659236","-84.831050512"
"07/17/1990","AQS","132230002","5","0.081","ppm","136","","17","100.0000","44201","Ozone","014","12060","Atlanta-Sandy Springs-Roswell, GA","13","Georgia","223","Paulding","33.915659236","-84.831050512"
"07/18/1990","AQS","132230002","5","0.061","ppm","71","","17","100.0000","44201","Ozone","014","12060","Atlanta-Sandy Springs-Roswell, GA","13","Georgia","223","Paulding","33.915659236","-84.831050512"
"07/19/1990","AQS","132230002","5","0.02","ppm","19","","17","100.0000","44201","Ozone","014","12060","Atlanta-Sandy Springs-Roswell, GA","13","Georgia","223","Paulding","33.915659236","-84.831050512"
"07/20/1990","AQS","132230002","5","0.04","ppm","37","","17","100.0000","44201","Ozone","014","12060","Atlanta-Sandy Springs-Roswell, GA","13","Georgia","223","Paulding","33.915659236","-84.831050512"
"07/21/1990","AQS","132230002","5","0.043","ppm","40","","17","100.0000","44201","Ozone","014","12060","Atlanta-Sandy Springs-Roswell, GA","13","Georgia","223","Paulding","33.915659236","-84.831050512"
"07/22/1990","AQS","132230002","5","0.043","ppm","40","","17","100.0000","44201","Ozone","014","12060","Atlanta-Sandy Springs-Roswell, GA","13","Georgia","223","Paulding","33.915659236","-84.831050512"
"07/23/1990","AQS","132230002","5","0.048","ppm","44","","17","100.0000","44201","Ozone","014","12060","Atlanta-Sandy Springs-Roswell, GA","13","Georgia","223","Paulding","33.915659236","-84.831050512"
"07/24/1990","AQS","132230002","5","0.053","ppm","49","","17","100.0000","44201","Ozone","014","12060","Atlanta-Sandy Springs-Roswell, GA","13","Georgia","223","Paulding","33.915659236","-84.831050512"
"07/25/1990","AQS","132230002","5","0.068","ppm","93","","17","100.0000","44201","Ozone","014","12060","Atlanta-Sandy Springs-Roswell, GA","13","Georgia","223","Paulding","33.915659236","-84.831050512"
"07/26/1990","AQS","132230002","5","0.087","ppm","154","","17","100.0000","44201","Ozone","014","12060","Atlanta-Sandy Springs-Roswell, GA","13","Georgia","223","Paulding","33.915659236","-84.831050512"
"07/27/1990","AQS","132230002","5","0.089","ppm","159","","17","100.0000","44201","Ozone","014","12060","Atlanta-Sandy Springs-Roswell, GA","13","Georgia","223","Paulding","33.915659236","-84.831050512"
"07/28/1990","AQS","132230002","5","0.055","ppm","51","","17","100.0000","44201","Ozone","014","12060","Atlanta-Sandy Springs-Roswell, GA","13","Georgia","223","Paulding","33.915659236","-84.831050512"
"07/29/1990","AQS","132230002","5","0.059","ppm","64","","17","100.0000","44201","Ozone","014","12060","Atlanta-Sandy Springs-Roswell, GA","13","Georgia","223","Paulding","33.915659236","-84.831050512"
"07/30/1990","AQS","132230002","5","0.07","ppm","100","","17","100.0000","44201","Ozone","014","12060","Atlanta-Sandy Springs-Roswell, GA","13","Georgia","223","Paulding","33.915659236","-84.831050512"
"07/31/1990","AQS","132230002","5","0.07","ppm","100","","17","100.0000","44201","Ozone","014","12060","Atlanta-Sandy Springs-Roswell, GA","13","Georgia","223","Paulding","33.915659236","-84.831050512"
"08/01/1990","AQS","132230002","5","0.05","ppm","46","","17","100.0000","44201","Ozone","014","12060","Atlanta-Sandy Springs-Roswell, GA","13","Georgia","223","Paulding","33.915659236","-84.831050512"
"08/02/1990","AQS","132230002","5","0.057","ppm","58","","17","100.0000","44201","Ozone","014","12060","Atlanta-Sandy Springs-Roswell, GA","13","Georgia","223","Paulding","33.915659236","-84.831050512"
"08/03/1990","AQS","132230002","5","0.065","ppm","84","","17","100.0000","44201","Ozone","014","12060","Atlanta-Sandy Springs-Roswell, GA","13","Georgia","223","Paulding","33.915659236","-84.831050512"
"08/04/1990","AQS","132230002","5","0.088","ppm","156","","17","100.0000","44201","Ozone","014","12060","Atlanta-Sandy Springs-Roswell, GA","13","Georgia","223","Paulding","33.915659236","-84.831050512"
"08/05/1990","AQS","132230002","5","0.051","ppm","47","","17","100.0000","44201","Ozone","014","12060","Atlanta-Sandy Springs-Roswell, GA","13","Georgia","223","Paulding","33.915659236","-84.831050512"
"08/06/1990","AQS","132230002","5","0.06","ppm","67","","17","100.0000","44201","Ozone","014","12060","Atlanta-Sandy Springs-Roswell, GA","13","Georgia","223","Paulding","33.915659236","-84.831050512"
"08/07/1990","AQS","132230002","5","0.061","ppm","71","","17","100.0000","44201","Ozone","014","12060","Atlanta-Sandy Springs-Roswell, GA","13","Georgia","223","Paulding","33.915659236","-84.831050512"
"08/08/1990","AQS","132230002","5","0.058","ppm","61","","17","100.0000","44201","Ozone","014","12060","Atlanta-Sandy Springs-Roswell, GA","13","Georgia","223","Paulding","33.915659236","-84.831050512"
"08/09/1990","AQS","132230002","5","0.08","ppm","133","","17","100.0000","44201","Ozone","014","12060","Atlanta-Sandy Springs-Roswell, GA","13","Georgia","223","Paulding","33.915659236","-84.831050512"
"08/10/1990","AQS","132230002","5","0.05","ppm","46","","17","100.0000","44201","Ozone","014","12060","Atlanta-Sandy Springs-Roswell, GA","13","Georgia","223","Paulding","33.915659236","-84.831050512"
"08/11/1990","AQS","132230002","5","0.072","ppm","105","","17","100.0000","44201","Ozone","014","12060","Atlanta-Sandy Springs-Roswell, GA","13","Georgia","223","Paulding","33.915659236","-84.831050512"
"08/12/1990","AQS","132230002","5","0.066","ppm","87","","17","100.0000","44201","Ozone","014","12060","Atlanta-Sandy Springs-Roswell, GA","13","Georgia","223","Paulding","33.915659236","-84.831050512"
"08/13/1990","AQS","132230002","5","0.06","ppm","67","","17","100.0000","44201","Ozone","014","12060","Atlanta-Sandy Springs-Roswell, GA","13","Georgia","223","Paulding","33.915659236","-84.831050512"
"08/14/1990","AQS","132230002","5","0.068","ppm","93","","17","100.0000","44201","Ozone","014","12060","Atlanta-Sandy Springs-Roswell, GA","13","Georgia","223","Paulding","33.915659236","-84.831050512"
"08/15/1990","AQS","132230002","5","0.072","ppm","105","","17","100.0000","44201","Ozone","014","12060","Atlanta-Sandy Springs-Roswell, GA","13","Georgia","223","Paulding","33.915659236","-84.831050512"
"08/16/1990","AQS","132230002","5","0.066","ppm","87","","17","100.0000","44201","Ozone","014","12060","Atlanta-Sandy Springs-Roswell, GA","13","Georgia","223","Paulding","33.915659236","-84.831050512"
"08/17/1990","AQS","132230002","5","0.075","ppm","115","","17","100.0000","44201","Ozone","014","12060","Atlanta-Sandy Springs-Roswell, GA","13","Georgia","223","Paulding","33.915659236","-84.831050512"
"08/18/1990","AQS","132230002","5","0.082","ppm","140","","17","100.0000","44201","Ozone","014","12060","Atlanta-Sandy Springs-Roswell, GA","13","Georgia","223","Paulding","33.915659236","-84.831050512"
"08/19/1990","AQS","132230002","5","0.085","ppm","150","","17","100.0000","44201","Ozone","014","12060","Atlanta-Sandy Springs-Roswell, GA","13","Georgia","223","Paulding","33.915659236","-84.831050512"
"08/20/1990","AQS","132230002","5","0.098","ppm","182","","17","100.0000","44201","Ozone","014","12060","Atlanta-Sandy Springs-Roswell, GA","13","Georgia","223","Paulding","33.915659236","-84.831050512"
"08/21/1990","AQS","132230002","5","0.074","ppm","112","","17","100.0000","44201","Ozone","014","12060","Atlanta-Sandy Springs-Roswell, GA","13","Georgia","223","Paulding","33.915659236","-84.831050512"
"08/22/1990","AQS","132230002","5","0.067","ppm","90","","17","100.0000","44201","Ozone","014","12060","Atlanta-Sandy Springs-Roswell, GA","13","Georgia","223","Paulding","33.915659236","-84.831050512"
"08/23/1990","AQS","132230002","5","0.066","ppm","87","","17","100.0000","44201","Ozone","014","12060","Atlanta-Sandy Springs-Roswell, GA","13","Georgia","223","Paulding","33.915659236","-84.831050512"
"08/24/1990","AQS","132230002","5","0.066","ppm","87","","17","100.0000","44201","Ozone","014","12060","Atlanta-Sandy Springs-Roswell, GA","13","Georgia","223","Paulding","33.915659236","-84.831050512"
"08/25/1990","AQS","132230002","5","0.083","ppm","143","","17","100.0000","44201","Ozone","014","12060","Atlanta-Sandy Springs-Roswell, GA","13","Georgia","223","Paulding","33.915659236","-84.831050512"
"08/26/1990","AQS","132230002","5","0.087","ppm","154","","17","100.0000","44201","Ozone","014","12060","Atlanta-Sandy Springs-Roswell, GA","13","Georgia","223","Paulding","33.915659236","-84.831050512"
"08/27/1990","AQS","132230002","5","0.077","ppm","122","","17","100.0000","44201","Ozone","014","12060","Atlanta-Sandy Springs-Roswell, GA","13","Georgia","223","Paulding","33.915659236","-84.831050512"
"08/28/1990","AQS","132230002","5","0.091","ppm","164","","17","100.0000","44201","Ozone","014","12060","Atlanta-Sandy Springs-Roswell, GA","13","Georgia","223","Paulding","33.915659236","-84.831050512"
"08/29/1990","AQS","132230002","5","0.086","ppm","151","","17","100.0000","44201","Ozone","014","12060","Atlanta-Sandy Springs-Roswell, GA","13","Georgia","223","Paulding","33.915659236","-84.831050512"
"08/30/1990","AQS","132230002","5","0.062","ppm","74","","17","100.0000","44201","Ozone","014","12060","Atlanta-Sandy Springs-Roswell, GA","13","Georgia","223","Paulding","33.915659236","-84.831050512"
"08/31/1990","AQS","132230002","5","0.056","ppm","54","","17","100.0000","44201","Ozone","014","12060","Atlanta-Sandy Springs-Roswell, GA","13","Georgia","223","Paulding","33.915659236","-84.831050512"
"09/01/1990","AQS","132230002","5","0.067","ppm","90","","17","100.0000","44201","Ozone","014","12060","Atlanta-Sandy Springs-Roswell, GA","13","Georgia","223","Paulding","33.915659236","-84.831050512"
"09/02/1990","AQS","132230002","5","0.065","ppm","84","","17","100.0000","44201","Ozone","014","12060","Atlanta-Sandy Springs-Roswell, GA","13","Georgia","223","Paulding","33.915659236","-84.831050512"
"09/03/1990","AQS","132230002","5","0.075","ppm","115","","17","100.0000","44201","Ozone","014","12060","Atlanta-Sandy Springs-Roswell, GA","13","Georgia","223","Paulding","33.915659236","-84.831050512"
"09/04/1990","AQS","132230002","5","0.099","ppm","185","","17","100.0000","44201","Ozone","014","12060","Atlanta-Sandy Springs-Roswell, GA","13","Georgia","223","Paulding","33.915659236","-84.831050512"
"09/05/1990","AQS","132230002","5","0.077","ppm","122","","17","100.0000","44201","Ozone","014","12060","Atlanta-Sandy Springs-Roswell, GA","13","Georgia","223","Paulding","33.915659236","-84.831050512"
"09/06/1990","AQS","132230002","5","0.08","ppm","133","","17","100.0000","44201","Ozone","014","12060","Atlanta-Sandy Springs-Roswell, GA","13","Georgia","223","Paulding","33.915659236","-84.831050512"
"09/07/1990","AQS","132230002","5","0.088","ppm","156","","17","100.0000","44201","Ozone","014","12060","Atlanta-Sandy Springs-Roswell, GA","13","Georgia","223","Paulding","33.915659236","-84.831050512"
"09/08/1990","AQS","132230002","5","0.08","ppm","133","","17","100.0000","44201","Ozone","014","12060","Atlanta-Sandy Springs-Roswell, GA","13","Georgia","223","Paulding","33.915659236","-84.831050512"
"09/09/1990","AQS","132230002","5","0.073","ppm","108","","17","100.0000","44201","Ozone","014","12060","Atlanta-Sandy Springs-Roswell, GA","13","Georgia","223","Paulding","33.915659236","-84.831050512"
"09/10/1990","AQS","132230002","5","0.072","ppm","105","","17","100.0000","44201","Ozone","014","12060","Atlanta-Sandy Springs-Roswell, GA","13","Georgia","223","Paulding","33.915659236","-84.831050512"
"09/11/1990","AQS","132230002","5","0.086","ppm","151","","17","100.0000","44201","Ozone","014","12060","Atlanta-Sandy Springs-Roswell, GA","13","Georgia","223","Paulding","33.915659236","-84.831050512"
"09/12/1990","AQS","132230002","5","0.074","ppm","112","","13","76.0000","44201","Ozone","014","12060","Atlanta-Sandy Springs-Roswell, GA","13","Georgia","223","Paulding","33.915659236","-84.831050512"
"09/13/1990","AQS","132230002","5","0.055","ppm","51","","17","100.0000","44201","Ozone","014","12060","Atlanta-Sandy Springs-Roswell, GA","13","Georgia","223","Paulding","33.915659236","-84.831050512"
"09/14/1990","AQS","132230002","5","0.045","ppm","42","","17","100.0000","44201","Ozone","014","12060","Atlanta-Sandy Springs-Roswell, GA","13","Georgia","223","Paulding","33.915659236","-84.831050512"
"09/15/1990","AQS","132230002","5","0.062","ppm","74","","17","100.0000","44201","Ozone","014","12060","Atlanta-Sandy Springs-Roswell, GA","13","Georgia","223","Paulding","33.915659236","-84.831050512"
"09/16/1990","AQS","132230002","5","0.07","ppm","100","","17","100.0000","44201","Ozone","014","12060","Atlanta-Sandy Springs-Roswell, GA","13","Georgia","223","Paulding","33.915659236","-84.831050512"
"09/17/1990","AQS","132230002","5","0.056","ppm","54","","17","100.0000","44201","Ozone","014","12060","Atlanta-Sandy Springs-Roswell, GA","13","Georgia","223","Paulding","33.915659236","-84.831050512"
"09/18/1990","AQS","132230002","5","0.069","ppm","97","","17","100.0000","44201","Ozone","014","12060","Atlanta-Sandy Springs-Roswell, GA","13","Georgia","223","Paulding","33.915659236","-84.831050512"
"09/19/1990","AQS","132230002","5","0.072","ppm","105","","17","100.0000","44201","Ozone","014","12060","Atlanta-Sandy Springs-Roswell, GA","13","Georgia","223","Paulding","33.915659236","-84.831050512"
"09/20/1990","AQS","132230002","5","0.06","ppm","67","","17","100.0000","44201","Ozone","014","12060","Atlanta-Sandy Springs-Roswell, GA","13","Georgia","223","Paulding","33.915659236","-84.831050512"
"09/21/1990","AQS","132230002","5","0.061","ppm","71","","17","100.0000","44201","Ozone","014","12060","Atlanta-Sandy Springs-Roswell, GA","13","Georgia","223","Paulding","33.915659236","-84.831050512"
"09/22/1990","AQS","132230002","5","0.034","ppm","31","","17","100.0000","44201","Ozone","014","12060","Atlanta-Sandy Springs-Roswell, GA","13","Georgia","223","Paulding","33.915659236","-84.831050512"
"09/23/1990","AQS","132230002","5","0.04","ppm","37","","17","100.0000","44201","Ozone","014","12060","Atlanta-Sandy Springs-Roswell, GA","13","Georgia","223","Paulding","33.915659236","-84.831050512"
"09/24/1990","AQS","132230002","5","0.032","ppm","30","","17","100.0000","44201","Ozone","014","12060","Atlanta-Sandy Springs-Roswell, GA","13","Georgia","223","Paulding","33.915659236","-84.831050512"
"09/25/1990","AQS","132230002","5","0.061","ppm","71","","17","100.0000","44201","Ozone","014","12060","Atlanta-Sandy Springs-Roswell, GA","13","Georgia","223","Paulding","33.915659236","-84.831050512"
"09/26/1990","AQS","132230002","5","0.064","ppm","80","","17","100.0000","44201","Ozone","014","12060","Atlanta-Sandy Springs-Roswell, GA","13","Georgia","223","Paulding","33.915659236","-84.831050512"
"09/27/1990","AQS","132230002","5","0.084","ppm","147","","17","100.0000","44201","Ozone","014","12060","Atlanta-Sandy Springs-Roswell, GA","13","Georgia","223","Paulding","33.915659236","-84.831050512"
"09/28/1990","AQS","132230002","5","0.067","ppm","90","","17","100.0000","44201","Ozone","014","12060","Atlanta-Sandy Springs-Roswell, GA","13","Georgia","223","Paulding","33.915659236","-84.831050512"
"09/29/1990","AQS","132230002","5","0.084","ppm","147","","17","100.0000","44201","Ozone","014","12060","Atlanta-Sandy Springs-Roswell, GA","13","Georgia","223","Paulding","33.915659236","-84.831050512"
"09/30/1990","AQS","132230002","5","0.065","ppm","84","","17","100.0000","44201","Ozone","014","12060","Atlanta-Sandy Springs-Roswell, GA","13","Georgia","223","Paulding","33.915659236","-84.831050512"
"10/01/1990","AQS","132230002","5","0.059","ppm","64","","17","100.0000","44201","Ozone","014","12060","Atlanta-Sandy Springs-Roswell, GA","13","Georgia","223","Paulding","33.915659236","-84.831050512"
"10/02/1990","AQS","132230002","5","0.063","ppm","77","","17","100.0000","44201","Ozone","014","12060","Atlanta-Sandy Springs-Roswell, GA","13","Georgia","223","Paulding","33.915659236","-84.831050512"
"10/03/1990","AQS","132230002","5","0.057","ppm","58","","17","100.0000","44201","Ozone","014","12060","Atlanta-Sandy Springs-Roswell, GA","13","Georgia","223","Paulding","33.915659236","-84.831050512"
"10/04/1990","AQS","132230002","5","0.039","ppm","36","","17","100.0000","44201","Ozone","014","12060","Atlanta-Sandy Springs-Roswell, GA","13","Georgia","223","Paulding","33.915659236","-84.831050512"
"10/05/1990","AQS","132230002","5","0.058","ppm","61","","17","100.0000","44201","Ozone","014","12060","Atlanta-Sandy Springs-Roswell, GA","13","Georgia","223","Paulding","33.915659236","-84.831050512"
"10/06/1990","AQS","132230002","5","0.073","ppm","108","","17","100.0000","44201","Ozone","014","12060","Atlanta-Sandy Springs-Roswell, GA","13","Georgia","223","Paulding","33.915659236","-84.831050512"
"10/07/1990","AQS","132230002","5","0.048","ppm","44","","17","100.0000","44201","Ozone","014","12060","Atlanta-Sandy Springs-Roswell, GA","13","Georgia","223","Paulding","33.915659236","-84.831050512"
"10/08/1990","AQS","132230002","5","0.041","ppm","38","","17","100.0000","44201","Ozone","014","12060","Atlanta-Sandy Springs-Roswell, GA","13","Georgia","223","Paulding","33.915659236","-84.831050512"
"10/09/1990","AQS","132230002","5","0.042","ppm","39","","17","100.0000","44201","Ozone","014","12060","Atlanta-Sandy Springs-Roswell, GA","13","Georgia","223","Paulding","33.915659236","-84.831050512"
"10/10/1990","AQS","132230002","5","0.02","ppm","19","","17","100.0000","44201","Ozone","014","12060","Atlanta-Sandy Springs-Roswell, GA","13","Georgia","223","Paulding","33.915659236","-84.831050512"
"10/11/1990","AQS","132230002","5","0.017","ppm","16","","17","100.0000","44201","Ozone","014","12060","Atlanta-Sandy Springs-Roswell, GA","13","Georgia","223","Paulding","33.915659236","-84.831050512"
"10/12/1990","AQS","132230002","5","0.025","ppm","23","","17","100.0000","44201","Ozone","014","12060","Atlanta-Sandy Springs-Roswell, GA","13","Georgia","223","Paulding","33.915659236","-84.831050512"
"10/13/1990","AQS","132230002","5","0.028","ppm","26","","17","100.0000","44201","Ozone","014","12060","Atlanta-Sandy Springs-Roswell, GA","13","Georgia","223","Paulding","33.915659236","-84.831050512"
"10/14/1990","AQS","132230002","5","0.032","ppm","30","","17","100.0000","44201","Ozone","014","12060","Atlanta-Sandy Springs-Roswell, GA","13","Georgia","223","Paulding","33.915659236","-84.831050512"
"10/15/1990","AQS","132230002","5","0.061","ppm","71","","17","100.0000","44201","Ozone","014","12060","Atlanta-Sandy Springs-Roswell, GA","13","Georgia","223","Paulding","33.915659236","-84.831050512"
"10/16/1990","AQS","132230002","5","0.075","ppm","115","","17","100.0000","44201","Ozone","014","12060","Atlanta-Sandy Springs-Roswell, GA","13","Georgia","223","Paulding","33.915659236","-84.831050512"
"10/17/1990","AQS","132230002","5","0.066","ppm","87","","17","100.0000","44201","Ozone","014","12060","Atlanta-Sandy Springs-Roswell, GA","13","Georgia","223","Paulding","33.915659236","-84.831050512"
"10/18/1990","AQS","132230002","5","0.044","ppm","41","","17","100.0000","44201","Ozone","014","12060","Atlanta-Sandy Springs-Roswell, GA","13","Georgia","223","Paulding","33.915659236","-84.831050512"
"10/19/1990","AQS","132230002","5","0.045","ppm","42","","17","100.0000","44201","Ozone","014","12060","Atlanta-Sandy Springs-Roswell, GA","13","Georgia","223","Paulding","33.915659236","-84.831050512"
"10/20/1990","AQS","132230002","5","0.053","ppm","49","","17","100.0000","44201","Ozone","014","12060","Atlanta-Sandy Springs-Roswell, GA","13","Georgia","223","Paulding","33.915659236","-84.831050512"
"10/21/1990","AQS","132230002","5","0.051","ppm","47","","17","100.0000","44201","Ozone","014","12060","Atlanta-Sandy Springs-Roswell, GA","13","Georgia","223","Paulding","33.915659236","-84.831050512"
"10/22/1990","AQS","132230002","5","0.019","ppm","18","","17","100.0000","44201","Ozone","014","12060","Atlanta-Sandy Springs-Roswell, GA","13","Georgia","223","Paulding","33.915659236","-84.831050512"
"10/23/1990","AQS","132230002","5","0.036","ppm","33","","17","100.0000","44201","Ozone","014","12060","Atlanta-Sandy Springs-Roswell, GA","13","Georgia","223","Paulding","33.915659236","-84.831050512"
"10/24/1990","AQS","132230002","5","0.036","ppm","33","","17","100.0000","44201","Ozone","014","12060","Atlanta-Sandy Springs-Roswell, GA","13","Georgia","223","Paulding","33.915659236","-84.831050512"
"10/25/1990","AQS","132230002","5","0.032","ppm","30","","17","100.0000","44201","Ozone","014","12060","Atlanta-Sandy Springs-Roswell, GA","13","Georgia","223","Paulding","33.915659236","-84.831050512"
"10/26/1990","AQS","132230002","5","0.038","ppm","35","","17","100.0000","44201","Ozone","014","12060","Atlanta-Sandy Springs-Roswell, GA","13","Georgia","223","Paulding","33.915659236","-84.831050512"
"10/27/1990","AQS","132230002","5","0.044","ppm","41","","17","100.0000","44201","Ozone","014","12060","Atlanta-Sandy Springs-Roswell, GA","13","Georgia","223","Paulding","33.915659236","-84.831050512"
"10/28/1990","AQS","132230002","5","0.045","ppm","42","","17","100.0000","44201","Ozone","014","12060","Atlanta-Sandy Springs-Roswell, GA","13","Georgia","223","Paulding","33.915659236","-84.831050512"
"10/29/1990","AQS","132230002","5","0.05","ppm","46","","17","100.0000","44201","Ozone","014","12060","Atlanta-Sandy Springs-Roswell, GA","13","Georgia","223","Paulding","33.915659236","-84.831050512"
"10/30/1990","AQS","132230002","5","0.055","ppm","51","","17","100.0000","44201","Ozone","014","12060","Atlanta-Sandy Springs-Roswell, GA","13","Georgia","223","Paulding","33.915659236","-84.831050512"
"10/31/1990","AQS","132230002","5","0.056","ppm","54","","17","100.0000","44201","Ozone","014","12060","Atlanta-Sandy Springs-Roswell, GA","13","Georgia","223","Paulding","33.915659236","-84.831050512"
"11/01/1990","AQS","132230002","5","0.061","ppm","71","","17","100.0000","44201","Ozone","014","12060","Atlanta-Sandy Springs-Roswell, GA","13","Georgia","223","Paulding","33.915659236","-84.831050512"
"11/02/1990","AQS","132230002","5","0.066","ppm","87","","17","100.0000","44201","Ozone","014","12060","Atlanta-Sandy Springs-Roswell, GA","13","Georgia","223","Paulding","33.915659236","-84.831050512"
"11/03/1990","AQS","132230002","5","0.058","ppm","61","","17","100.0000","44201","Ozone","014","12060","Atlanta-Sandy Springs-Roswell, GA","13","Georgia","223","Paulding","33.915659236","-84.831050512"
"11/04/1990","AQS","132230002","5","0.051","ppm","47","","17","100.0000","44201","Ozone","014","12060","Atlanta-Sandy Springs-Roswell, GA","13","Georgia","223","Paulding","33.915659236","-84.831050512"
"11/05/1990","AQS","132230002","5","0.032","ppm","30","","17","100.0000","44201","Ozone","014","12060","Atlanta-Sandy Springs-Roswell, GA","13","Georgia","223","Paulding","33.915659236","-84.831050512"
"11/06/1990","AQS","132230002","5","0.032","ppm","30","","17","100.0000","44201","Ozone","014","12060","Atlanta-Sandy Springs-Roswell, GA","13","Georgia","223","Paulding","33.915659236","-84.831050512"
"11/07/1990","AQS","132230002","5","0.046","ppm","43","","17","100.0000","44201","Ozone","014","12060","Atlanta-Sandy Springs-Roswell, GA","13","Georgia","223","Paulding","33.915659236","-84.831050512"
"11/08/1990","AQS","132230002","5","0.031","ppm","29","","17","100.0000","44201","Ozone","014","12060","Atlanta-Sandy Springs-Roswell, GA","13","Georgia","223","Paulding","33.915659236","-84.831050512"
"11/09/1990","AQS","132230002","5","0.02","ppm","19","","17","100.0000","44201","Ozone","014","12060","Atlanta-Sandy Springs-Roswell, GA","13","Georgia","223","Paulding","33.915659236","-84.831050512"
"11/10/1990","AQS","132230002","5","0.027","ppm","25","","17","100.0000","44201","Ozone","014","12060","Atlanta-Sandy Springs-Roswell, GA","13","Georgia","223","Paulding","33.915659236","-84.831050512"
"11/11/1990","AQS","132230002","5","0.039","ppm","36","","17","100.0000","44201","Ozone","014","12060","Atlanta-Sandy Springs-Roswell, GA","13","Georgia","223","Paulding","33.915659236","-84.831050512"
"11/12/1990","AQS","132230002","5","0.052","ppm","48","","17","100.0000","44201","Ozone","014","12060","Atlanta-Sandy Springs-Roswell, GA","13","Georgia","223","Paulding","33.915659236","-84.831050512"
"11/13/1990","AQS","132230002","5","0.037","ppm","34","","17","100.0000","44201","Ozone","014","12060","Atlanta-Sandy Springs-Roswell, GA","13","Georgia","223","Paulding","33.915659236","-84.831050512"
"11/14/1990","AQS","132230002","5","0.045","ppm","42","","17","100.0000","44201","Ozone","014","12060","Atlanta-Sandy Springs-Roswell, GA","13","Georgia","223","Paulding","33.915659236","-84.831050512"
"11/15/1990","AQS","132230002","5","0.052","ppm","48","","17","100.0000","44201","Ozone","014","12060","Atlanta-Sandy Springs-Roswell, GA","13","Georgia","223","Paulding","33.915659236","-84.831050512"
"11/16/1990","AQS","132230002","5","0.052","ppm","48","","17","100.0000","44201","Ozone","014","12060","Atlanta-Sandy Springs-Roswell, GA","13","Georgia","223","Paulding","33.915659236","-84.831050512"
"11/17/1990","AQS","132230002","5","0.036","ppm","33","","17","100.0000","44201","Ozone","014","12060","Atlanta-Sandy Springs-Roswell, GA","13","Georgia","223","Paulding","33.915659236","-84.831050512"
"11/18/1990","AQS","132230002","5","0.041","ppm","38","","17","100.0000","44201","Ozone","014","12060","Atlanta-Sandy Springs-Roswell, GA","13","Georgia","223","Paulding","33.915659236","-84.831050512"
"11/19/1990","AQS","132230002","5","0.049","ppm","45","","17","100.0000","44201","Ozone","014","12060","Atlanta-Sandy Springs-Roswell, GA","13","Georgia","223","Paulding","33.915659236","-84.831050512"
"11/20/1990","AQS","132230002","5","0.049","ppm","45","","17","100.0000","44201","Ozone","014","12060","Atlanta-Sandy Springs-Roswell, GA","13","Georgia","223","Paulding","33.915659236","-84.831050512"
"11/21/1990","AQS","132230002","5","0.058","ppm","61","","17","100.0000","44201","Ozone","014","12060","Atlanta-Sandy Springs-Roswell, GA","13","Georgia","223","Paulding","33.915659236","-84.831050512"
"11/22/1990","AQS","132230002","5","0.061","ppm","71","","17","100.0000","44201","Ozone","014","12060","Atlanta-Sandy Springs-Roswell, GA","13","Georgia","223","Paulding","33.915659236","-84.831050512"
"11/23/1990","AQS","132230002","5","0.038","ppm","35","","17","100.0000","44201","Ozone","014","12060","Atlanta-Sandy Springs-Roswell, GA","13","Georgia","223","Paulding","33.915659236","-84.831050512"
"11/24/1990","AQS","132230002","5","0.041","ppm","38","","17","100.0000","44201","Ozone","014","12060","Atlanta-Sandy Springs-Roswell, GA","13","Georgia","223","Paulding","33.915659236","-84.831050512"
"11/25/1990","AQS","132230002","5","0.05","ppm","46","","17","100.0000","44201","Ozone","014","12060","Atlanta-Sandy Springs-Roswell, GA","13","Georgia","223","Paulding","33.915659236","-84.831050512"
"11/26/1990","AQS","132230002","5","0.032","ppm","30","","17","100.0000","44201","Ozone","014","12060","Atlanta-Sandy Springs-Roswell, GA","13","Georgia","223","Paulding","33.915659236","-84.831050512"
"11/27/1990","AQS","132230002","5","0.045","ppm","42","","17","100.0000","44201","Ozone","014","12060","Atlanta-Sandy Springs-Roswell, GA","13","Georgia","223","Paulding","33.915659236","-84.831050512"
"11/28/1990","AQS","132230002","5","0.038","ppm","35","","17","100.0000","44201","Ozone","014","12060","Atlanta-Sandy Springs-Roswell, GA","13","Georgia","223","Paulding","33.915659236","-84.831050512"
"11/29/1990","AQS","132230002","5","0.039","ppm","36","","17","100.0000","44201","Ozone","014","12060","Atlanta-Sandy Springs-Roswell, GA","13","Georgia","223","Paulding","33.915659236","-84.831050512"
"01/01/1990","AQS","132319991","9","0.034","ppm","31","Georgia Station","17","100.0000","44201","Ozone","047","12060","Atlanta-Sandy Springs-Roswell, GA","13","Georgia","231","Pike","33.1787","-84.4052"
"01/02/1990","AQS","132319991","9","0.031","ppm","29","Georgia Station","17","100.0000","44201","Ozone","047","12060","Atlanta-Sandy Springs-Roswell, GA","13","Georgia","231","Pike","33.1787","-84.4052"
"01/03/1990","AQS","132319991","9","0.036","ppm","33","Georgia Station","17","100.0000","44201","Ozone","047","12060","Atlanta-Sandy Springs-Roswell, GA","13","Georgia","231","Pike","33.1787","-84.4052"
"01/04/1990","AQS","132319991","9","0.027","ppm","25","Georgia Station","17","100.0000","44201","Ozone","047","12060","Atlanta-Sandy Springs-Roswell, GA","13","Georgia","231","Pike","33.1787","-84.4052"
"01/05/1990","AQS","132319991","9","0.023","ppm","21","Georgia Station","17","100.0000","44201","Ozone","047","12060","Atlanta-Sandy Springs-Roswell, GA","13","Georgia","231","Pike","33.1787","-84.4052"
"01/06/1990","AQS","132319991","9","0.028","ppm","26","Georgia Station","17","100.0000","44201","Ozone","047","12060","Atlanta-Sandy Springs-Roswell, GA","13","Georgia","231","Pike","33.1787","-84.4052"
"01/07/1990","AQS","132319991","9","0.02","ppm","19","Georgia Station","17","100.0000","44201","Ozone","047","12060","Atlanta-Sandy Springs-Roswell, GA","13","Georgia","231","Pike","33.1787","-84.4052"
"01/08/1990","AQS","132319991","9","0.021","ppm","19","Georgia Station","17","100.0000","44201","Ozone","047","12060","Atlanta-Sandy Springs-Roswell, GA","13","Georgia","231","Pike","33.1787","-84.4052"
"01/09/1990","AQS","132319991","9","0.036","ppm","33","Georgia Station","17","100.0000","44201","Ozone","047","12060","Atlanta-Sandy Springs-Roswell, GA","13","Georgia","231","Pike","33.1787","-84.4052"
"01/10/1990","AQS","132319991","9","0.04","ppm","37","Georgia Station","17","100.0000","44201","Ozone","047","12060","Atlanta-Sandy Springs-Roswell, GA","13","Georgia","231","Pike","33.1787","-84.4052"
"01/11/1990","AQS","132319991","9","0.051","ppm","47","Georgia Station","17","100.0000","44201","Ozone","047","12060","Atlanta-Sandy Springs-Roswell, GA","13","Georgia","231","Pike","33.1787","-84.4052"
"01/12/1990","AQS","132319991","9","0.039","ppm","36","Georgia Station","17","100.0000","44201","Ozone","047","12060","Atlanta-Sandy Springs-Roswell, GA","13","Georgia","231","Pike","33.1787","-84.4052"
"01/13/1990","AQS","132319991","9","0.035","ppm","32","Georgia Station","17","100.0000","44201","Ozone","047","12060","Atlanta-Sandy Springs-Roswell, GA","13","Georgia","231","Pike","33.1787","-84.4052"
"01/14/1990","AQS","132319991","9","0.043","ppm","40","Georgia Station","17","100.0000","44201","Ozone","047","12060","Atlanta-Sandy Springs-Roswell, GA","13","Georgia","231","Pike","33.1787","-84.4052"
"01/15/1990","AQS","132319991","9","0.049","ppm","45","Georgia Station","17","100.0000","44201","Ozone","047","12060","Atlanta-Sandy Springs-Roswell, GA","13","Georgia","231","Pike","33.1787","-84.4052"
"01/16/1990","AQS","132319991","9","0.048","ppm","44","Georgia Station","17","100.0000","44201","Ozone","047","12060","Atlanta-Sandy Springs-Roswell, GA","13","Georgia","231","Pike","33.1787","-84.4052"
"01/17/1990","AQS","132319991","9","0.041","ppm","38","Georgia Station","17","100.0000","44201","Ozone","047","12060","Atlanta-Sandy Springs-Roswell, GA","13","Georgia","231","Pike","33.1787","-84.4052"
"01/18/1990","AQS","132319991","9","0.03","ppm","28","Georgia Station","17","100.0000","44201","Ozone","047","12060","Atlanta-Sandy Springs-Roswell, GA","13","Georgia","231","Pike","33.1787","-84.4052"
"01/19/1990","AQS","132319991","9","0.036","ppm","33","Georgia Station","17","100.0000","44201","Ozone","047","12060","Atlanta-Sandy Springs-Roswell, GA","13","Georgia","231","Pike","33.1787","-84.4052"
"01/20/1990","AQS","132319991","9","0.027","ppm","25","Georgia Station","17","100.0000","44201","Ozone","047","12060","Atlanta-Sandy Springs-Roswell, GA","13","Georgia","231","Pike","33.1787","-84.4052"
"01/21/1990","AQS","132319991","9","0.034","ppm","31","Georgia Station","17","100.0000","44201","Ozone","047","12060","Atlanta-Sandy Springs-Roswell, GA","13","Georgia","231","Pike","33.1787","-84.4052"
"01/22/1990","AQS","132319991","9","0.04","ppm","37","Georgia Station","17","100.0000","44201","Ozone","047","12060","Atlanta-Sandy Springs-Roswell, GA","13","Georgia","231","Pike","33.1787","-84.4052"
"01/23/1990","AQS","132319991","9","0.047","ppm","44","Georgia Station","17","100.0000","44201","Ozone","047","12060","Atlanta-Sandy Springs-Roswell, GA","13","Georgia","231","Pike","33.1787","-84.4052"
"01/24/1990","AQS","132319991","9","0.035","ppm","32","Georgia Station","17","100.0000","44201","Ozone","047","12060","Atlanta-Sandy Springs-Roswell, GA","13","Georgia","231","Pike","33.1787","-84.4052"
"01/25/1990","AQS","132319991","9","0.032","ppm","30","Georgia Station","17","100.0000","44201","Ozone","047","12060","Atlanta-Sandy Springs-Roswell, GA","13","Georgia","231","Pike","33.1787","-84.4052"
"01/26/1990","AQS","132319991","9","0.038","ppm","35","Georgia Station","17","100.0000","44201","Ozone","047","12060","Atlanta-Sandy Springs-Roswell, GA","13","Georgia","231","Pike","33.1787","-84.4052"
"01/27/1990","AQS","132319991","9","0.046","ppm","43","Georgia Station","17","100.0000","44201","Ozone","047","12060","Atlanta-Sandy Springs-Roswell, GA","13","Georgia","231","Pike","33.1787","-84.4052"
"01/28/1990","AQS","132319991","9","0.049","ppm","45","Georgia Station","17","100.0000","44201","Ozone","047","12060","Atlanta-Sandy Springs-Roswell, GA","13","Georgia","231","Pike","33.1787","-84.4052"
"01/29/1990","AQS","132319991","9","0.032","ppm","30","Georgia Station","17","100.0000","44201","Ozone","047","12060","Atlanta-Sandy Springs-Roswell, GA","13","Georgia","231","Pike","33.1787","-84.4052"
"01/30/1990","AQS","132319991","9","0.034","ppm","31","Georgia Station","17","100.0000","44201","Ozone","047","12060","Atlanta-Sandy Springs-Roswell, GA","13","Georgia","231","Pike","33.1787","-84.4052"
"01/31/1990","AQS","132319991","9","0.041","ppm","38","Georgia Station","17","100.0000","44201","Ozone","047","12060","Atlanta-Sandy Springs-Roswell, GA","13","Georgia","231","Pike","33.1787","-84.4052"
"02/01/1990","AQS","132319991","9","0.042","ppm","39","Georgia Station","17","100.0000","44201","Ozone","047","12060","Atlanta-Sandy Springs-Roswell, GA","13","Georgia","231","Pike","33.1787","-84.4052"
"02/02/1990","AQS","132319991","9","0.026","ppm","24","Georgia Station","17","100.0000","44201","Ozone","047","12060","Atlanta-Sandy Springs-Roswell, GA","13","Georgia","231","Pike","33.1787","-84.4052"
"02/03/1990","AQS","132319991","9","0.024","ppm","22","Georgia Station","17","100.0000","44201","Ozone","047","12060","Atlanta-Sandy Springs-Roswell, GA","13","Georgia","231","Pike","33.1787","-84.4052"
"02/04/1990","AQS","132319991","9","0.029","ppm","27","Georgia Station","17","100.0000","44201","Ozone","047","12060","Atlanta-Sandy Springs-Roswell, GA","13","Georgia","231","Pike","33.1787","-84.4052"
"02/05/1990","AQS","132319991","9","0.04","ppm","37","Georgia Station","17","100.0000","44201","Ozone","047","12060","Atlanta-Sandy Springs-Roswell, GA","13","Georgia","231","Pike","33.1787","-84.4052"
"02/06/1990","AQS","132319991","9","0.046","ppm","43","Georgia Station","17","100.0000","44201","Ozone","047","12060","Atlanta-Sandy Springs-Roswell, GA","13","Georgia","231","Pike","33.1787","-84.4052"
"02/07/1990","AQS","132319991","9","0.048","ppm","44","Georgia Station","17","100.0000","44201","Ozone","047","12060","Atlanta-Sandy Springs-Roswell, GA","13","Georgia","231","Pike","33.1787","-84.4052"
"02/08/1990","AQS","132319991","9","0.052","ppm","48","Georgia Station","17","100.0000","44201","Ozone","047","12060","Atlanta-Sandy Springs-Roswell, GA","13","Georgia","231","Pike","33.1787","-84.4052"
"02/09/1990","AQS","132319991","9","0.038","ppm","35","Georgia Station","17","100.0000","44201","Ozone","047","12060","Atlanta-Sandy Springs-Roswell, GA","13","Georgia","231","Pike","33.1787","-84.4052"
"02/14/1990","AQS","132319991","9","0.051","ppm","47","Georgia Station","17","100.0000","44201","Ozone","047","12060","Atlanta-Sandy Springs-Roswell, GA","13","Georgia","231","Pike","33.1787","-84.4052"
"02/15/1990","AQS","132319991","9","0.042","ppm","39","Georgia Station","17","100.0000","44201","Ozone","047","12060","Atlanta-Sandy Springs-Roswell, GA","13","Georgia","231","Pike","33.1787","-84.4052"
"02/16/1990","AQS","132319991","9","0.027","ppm","25","Georgia Station","17","100.0000","44201","Ozone","047","12060","Atlanta-Sandy Springs-Roswell, GA","13","Georgia","231","Pike","33.1787","-84.4052"
"02/17/1990","AQS","132319991","9","0.041","ppm","38","Georgia Station","17","100.0000","44201","Ozone","047","12060","Atlanta-Sandy Springs-Roswell, GA","13","Georgia","231","Pike","33.1787","-84.4052"
"02/18/1990","AQS","132319991","9","0.03","ppm","28","Georgia Station","17","100.0000","44201","Ozone","047","12060","Atlanta-Sandy Springs-Roswell, GA","13","Georgia","231","Pike","33.1787","-84.4052"
"02/19/1990","AQS","132319991","9","0.034","ppm","31","Georgia Station","17","100.0000","44201","Ozone","047","12060","Atlanta-Sandy Springs-Roswell, GA","13","Georgia","231","Pike","33.1787","-84.4052"
"02/20/1990","AQS","132319991","9","0.047","ppm","44","Georgia Station","17","100.0000","44201","Ozone","047","12060","Atlanta-Sandy Springs-Roswell, GA","13","Georgia","231","Pike","33.1787","-84.4052"
"02/21/1990","AQS","132319991","9","0.037","ppm","34","Georgia Station","17","100.0000","44201","Ozone","047","12060","Atlanta-Sandy Springs-Roswell, GA","13","Georgia","231","Pike","33.1787","-84.4052"
"02/22/1990","AQS","132319991","9","0.037","ppm","34","Georgia Station","17","100.0000","44201","Ozone","047","12060","Atlanta-Sandy Springs-Roswell, GA","13","Georgia","231","Pike","33.1787","-84.4052"
"02/23/1990","AQS","132319991","9","0.048","ppm","44","Georgia Station","17","100.0000","44201","Ozone","047","12060","Atlanta-Sandy Springs-Roswell, GA","13","Georgia","231","Pike","33.1787","-84.4052"
"02/24/1990","AQS","132319991","9","0.047","ppm","44","Georgia Station","17","100.0000","44201","Ozone","047","12060","Atlanta-Sandy Springs-Roswell, GA","13","Georgia","231","Pike","33.1787","-84.4052"
"02/25/1990","AQS","132319991","9","0.037","ppm","34","Georgia Station","17","100.0000","44201","Ozone","047","12060","Atlanta-Sandy Springs-Roswell, GA","13","Georgia","231","Pike","33.1787","-84.4052"
"02/26/1990","AQS","132319991","9","0.04","ppm","37","Georgia Station","17","100.0000","44201","Ozone","047","12060","Atlanta-Sandy Springs-Roswell, GA","13","Georgia","231","Pike","33.1787","-84.4052"
"02/27/1990","AQS","132319991","9","0.063","ppm","77","Georgia Station","17","100.0000","44201","Ozone","047","12060","Atlanta-Sandy Springs-Roswell, GA","13","Georgia","231","Pike","33.1787","-84.4052"
"02/28/1990","AQS","132319991","9","0.055","ppm","51","Georgia Station","17","100.0000","44201","Ozone","047","12060","Atlanta-Sandy Springs-Roswell, GA","13","Georgia","231","Pike","33.1787","-84.4052"
"03/02/1990","AQS","132319991","9","0.038","ppm","35","Georgia Station","17","100.0000","44201","Ozone","047","12060","Atlanta-Sandy Springs-Roswell, GA","13","Georgia","231","Pike","33.1787","-84.4052"
"03/03/1990","AQS","132319991","9","0.04","ppm","37","Georgia Station","17","100.0000","44201","Ozone","047","12060","Atlanta-Sandy Springs-Roswell, GA","13","Georgia","231","Pike","33.1787","-84.4052"
"03/04/1990","AQS","132319991","9","0.051","ppm","47","Georgia Station","17","100.0000","44201","Ozone","047","12060","Atlanta-Sandy Springs-Roswell, GA","13","Georgia","231","Pike","33.1787","-84.4052"
"03/05/1990","AQS","132319991","9","0.06","ppm","67","Georgia Station","17","100.0000","44201","Ozone","047","12060","Atlanta-Sandy Springs-Roswell, GA","13","Georgia","231","Pike","33.1787","-84.4052"
"03/06/1990","AQS","132319991","9","0.061","ppm","71","Georgia Station","17","100.0000","44201","Ozone","047","12060","Atlanta-Sandy Springs-Roswell, GA","13","Georgia","231","Pike","33.1787","-84.4052"
"03/07/1990","AQS","132319991","9","0.057","ppm","58","Georgia Station","17","100.0000","44201","Ozone","047","12060","Atlanta-Sandy Springs-Roswell, GA","13","Georgia","231","Pike","33.1787","-84.4052"
"03/08/1990","AQS","132319991","9","0.034","ppm","31","Georgia Station","17","100.0000","44201","Ozone","047","12060","Atlanta-Sandy Springs-Roswell, GA","13","Georgia","231","Pike","33.1787","-84.4052"
"03/09/1990","AQS","132319991","9","0.026","ppm","24","Georgia Station","17","100.0000","44201","Ozone","047","12060","Atlanta-Sandy Springs-Roswell, GA","13","Georgia","231","Pike","33.1787","-84.4052"
"03/10/1990","AQS","132319991","9","0.043","ppm","40","Georgia Station","17","100.0000","44201","Ozone","047","12060","Atlanta-Sandy Springs-Roswell, GA","13","Georgia","231","Pike","33.1787","-84.4052"
"03/11/1990","AQS","132319991","9","0.053","ppm","49","Georgia Station","17","100.0000","44201","Ozone","047","12060","Atlanta-Sandy Springs-Roswell, GA","13","Georgia","231","Pike","33.1787","-84.4052"
"03/12/1990","AQS","132319991","9","0.052","ppm","48","Georgia Station","17","100.0000","44201","Ozone","047","12060","Atlanta-Sandy Springs-Roswell, GA","13","Georgia","231","Pike","33.1787","-84.4052"
"03/13/1990","AQS","132319991","9","0.056","ppm","54","Georgia Station","17","100.0000","44201","Ozone","047","12060","Atlanta-Sandy Springs-Roswell, GA","13","Georgia","231","Pike","33.1787","-84.4052"
"03/14/1990","AQS","132319991","9","0.054","ppm","50","Georgia Station","17","100.0000","44201","Ozone","047","12060","Atlanta-Sandy Springs-Roswell, GA","13","Georgia","231","Pike","33.1787","-84.4052"
"03/15/1990","AQS","132319991","9","0.046","ppm","43","Georgia Station","17","100.0000","44201","Ozone","047","12060","Atlanta-Sandy Springs-Roswell, GA","13","Georgia","231","Pike","33.1787","-84.4052"
"03/16/1990","AQS","132319991","9","0.03","ppm","28","Georgia Station","17","100.0000","44201","Ozone","047","12060","Atlanta-Sandy Springs-Roswell, GA","13","Georgia","231","Pike","33.1787","-84.4052"
"03/17/1990","AQS","132319991","9","0.049","ppm","45","Georgia Station","17","100.0000","44201","Ozone","047","12060","Atlanta-Sandy Springs-Roswell, GA","13","Georgia","231","Pike","33.1787","-84.4052"
"03/18/1990","AQS","132319991","9","0.049","ppm","45","Georgia Station","17","100.0000","44201","Ozone","047","12060","Atlanta-Sandy Springs-Roswell, GA","13","Georgia","231","Pike","33.1787","-84.4052"
"03/19/1990","AQS","132319991","9","0.057","ppm","58","Georgia Station","17","100.0000","44201","Ozone","047","12060","Atlanta-Sandy Springs-Roswell, GA","13","Georgia","231","Pike","33.1787","-84.4052"
"03/20/1990","AQS","132319991","9","0.04","ppm","37","Georgia Station","17","100.0000","44201","Ozone","047","12060","Atlanta-Sandy Springs-Roswell, GA","13","Georgia","231","Pike","33.1787","-84.4052"
"03/21/1990","AQS","132319991","9","0.059","ppm","64","Georgia Station","17","100.0000","44201","Ozone","047","12060","Atlanta-Sandy Springs-Roswell, GA","13","Georgia","231","Pike","33.1787","-84.4052"
"03/22/1990","AQS","132319991","9","0.071","ppm","101","Georgia Station","17","100.0000","44201","Ozone","047","12060","Atlanta-Sandy Springs-Roswell, GA","13","Georgia","231","Pike","33.1787","-84.4052"
"03/23/1990","AQS","132319991","9","0.073","ppm","108","Georgia Station","17","100.0000","44201","Ozone","047","12060","Atlanta-Sandy Springs-Roswell, GA","13","Georgia","231","Pike","33.1787","-84.4052"
"03/24/1990","AQS","132319991","9","0.066","ppm","87","Georgia Station","17","100.0000","44201","Ozone","047","12060","Atlanta-Sandy Springs-Roswell, GA","13","Georgia","231","Pike","33.1787","-84.4052"
"03/25/1990","AQS","132319991","9","0.052","ppm","48","Georgia Station","17","100.0000","44201","Ozone","047","12060","Atlanta-Sandy Springs-Roswell, GA","13","Georgia","231","Pike","33.1787","-84.4052"
"03/26/1990","AQS","132319991","9","0.026","ppm","24","Georgia Station","17","100.0000","44201","Ozone","047","12060","Atlanta-Sandy Springs-Roswell, GA","13","Georgia","231","Pike","33.1787","-84.4052"
"03/27/1990","AQS","132319991","9","0.048","ppm","44","Georgia Station","17","100.0000","44201","Ozone","047","12060","Atlanta-Sandy Springs-Roswell, GA","13","Georgia","231","Pike","33.1787","-84.4052"
"03/28/1990","AQS","132319991","9","0.054","ppm","50","Georgia Station","17","100.0000","44201","Ozone","047","12060","Atlanta-Sandy Springs-Roswell, GA","13","Georgia","231","Pike","33.1787","-84.4052"
"03/29/1990","AQS","132319991","9","0.033","ppm","31","Georgia Station","17","100.0000","44201","Ozone","047","12060","Atlanta-Sandy Springs-Roswell, GA","13","Georgia","231","Pike","33.1787","-84.4052"
"03/30/1990","AQS","132319991","9","0.022","ppm","20","Georgia Station","17","100.0000","44201","Ozone","047","12060","Atlanta-Sandy Springs-Roswell, GA","13","Georgia","231","Pike","33.1787","-84.4052"
"03/31/1990","AQS","132319991","9","0.029","ppm","27","Georgia Station","17","100.0000","44201","Ozone","047","12060","Atlanta-Sandy Springs-Roswell, GA","13","Georgia","231","Pike","33.1787","-84.4052"
"04/01/1990","AQS","132319991","9","0.048","ppm","44","Georgia Station","17","100.0000","44201","Ozone","047","12060","Atlanta-Sandy Springs-Roswell, GA","13","Georgia","231","Pike","33.1787","-84.4052"
"04/02/1990","AQS","132319991","9","0.044","ppm","41","Georgia Station","17","100.0000","44201","Ozone","047","12060","Atlanta-Sandy Springs-Roswell, GA","13","Georgia","231","Pike","33.1787","-84.4052"
"04/03/1990","AQS","132319991","9","0.042","ppm","39","Georgia Station","17","100.0000","44201","Ozone","047","12060","Atlanta-Sandy Springs-Roswell, GA","13","Georgia","231","Pike","33.1787","-84.4052"
"04/04/1990","AQS","132319991","9","0.055","ppm","51","Georgia Station","17","100.0000","44201","Ozone","047","12060","Atlanta-Sandy Springs-Roswell, GA","13","Georgia","231","Pike","33.1787","-84.4052"
"04/05/1990","AQS","132319991","9","0.07","ppm","100","Georgia Station","17","100.0000","44201","Ozone","047","12060","Atlanta-Sandy Springs-Roswell, GA","13","Georgia","231","Pike","33.1787","-84.4052"
"04/06/1990","AQS","132319991","9","0.062","ppm","74","Georgia Station","17","100.0000","44201","Ozone","047","12060","Atlanta-Sandy Springs-Roswell, GA","13","Georgia","231","Pike","33.1787","-84.4052"
"04/07/1990","AQS","132319991","9","0.049","ppm","45","Georgia Station","17","100.0000","44201","Ozone","047","12060","Atlanta-Sandy Springs-Roswell, GA","13","Georgia","231","Pike","33.1787","-84.4052"
"04/08/1990","AQS","132319991","9","0.057","ppm","58","Georgia Station","17","100.0000","44201","Ozone","047","12060","Atlanta-Sandy Springs-Roswell, GA","13","Georgia","231","Pike","33.1787","-84.4052"
"04/09/1990","AQS","132319991","9","0.062","ppm","74","Georgia Station","17","100.0000","44201","Ozone","047","12060","Atlanta-Sandy Springs-Roswell, GA","13","Georgia","231","Pike","33.1787","-84.4052"
"04/10/1990","AQS","132319991","9","0.043","ppm","40","Georgia Station","17","100.0000","44201","Ozone","047","12060","Atlanta-Sandy Springs-Roswell, GA","13","Georgia","231","Pike","33.1787","-84.4052"
"04/11/1990","AQS","132319991","9","0.048","ppm","44","Georgia Station","17","100.0000","44201","Ozone","047","12060","Atlanta-Sandy Springs-Roswell, GA","13","Georgia","231","Pike","33.1787","-84.4052"
"04/12/1990","AQS","132319991","9","0.056","ppm","54","Georgia Station","17","100.0000","44201","Ozone","047","12060","Atlanta-Sandy Springs-Roswell, GA","13","Georgia","231","Pike","33.1787","-84.4052"
"04/13/1990","AQS","132319991","9","0.067","ppm","90","Georgia Station","17","100.0000","44201","Ozone","047","12060","Atlanta-Sandy Springs-Roswell, GA","13","Georgia","231","Pike","33.1787","-84.4052"
"04/14/1990","AQS","132319991","9","0.064","ppm","80","Georgia Station","17","100.0000","44201","Ozone","047","12060","Atlanta-Sandy Springs-Roswell, GA","13","Georgia","231","Pike","33.1787","-84.4052"
"04/15/1990","AQS","132319991","9","0.057","ppm","58","Georgia Station","17","100.0000","44201","Ozone","047","12060","Atlanta-Sandy Springs-Roswell, GA","13","Georgia","231","Pike","33.1787","-84.4052"
"04/16/1990","AQS","132319991","9","0.057","ppm","58","Georgia Station","17","100.0000","44201","Ozone","047","12060","Atlanta-Sandy Springs-Roswell, GA","13","Georgia","231","Pike","33.1787","-84.4052"
"04/17/1990","AQS","132319991","9","0.063","ppm","77","Georgia Station","17","100.0000","44201","Ozone","047","12060","Atlanta-Sandy Springs-Roswell, GA","13","Georgia","231","Pike","33.1787","-84.4052"
"04/18/1990","AQS","132319991","9","0.046","ppm","43","Georgia Station","17","100.0000","44201","Ozone","047","12060","Atlanta-Sandy Springs-Roswell, GA","13","Georgia","231","Pike","33.1787","-84.4052"
"04/19/1990","AQS","132319991","9","0.049","ppm","45","Georgia Station","17","100.0000","44201","Ozone","047","12060","Atlanta-Sandy Springs-Roswell, GA","13","Georgia","231","Pike","33.1787","-84.4052"
"04/20/1990","AQS","132319991","9","0.052","ppm","48","Georgia Station","17","100.0000","44201","Ozone","047","12060","Atlanta-Sandy Springs-Roswell, GA","13","Georgia","231","Pike","33.1787","-84.4052"
"04/21/1990","AQS","132319991","9","0.048","ppm","44","Georgia Station","17","100.0000","44201","Ozone","047","12060","Atlanta-Sandy Springs-Roswell, GA","13","Georgia","231","Pike","33.1787","-84.4052"
"04/22/1990","AQS","132319991","9","0.054","ppm","50","Georgia Station","17","100.0000","44201","Ozone","047","12060","Atlanta-Sandy Springs-Roswell, GA","13","Georgia","231","Pike","33.1787","-84.4052"
"04/23/1990","AQS","132319991","9","0.059","ppm","64","Georgia Station","17","100.0000","44201","Ozone","047","12060","Atlanta-Sandy Springs-Roswell, GA","13","Georgia","231","Pike","33.1787","-84.4052"
"04/24/1990","AQS","132319991","9","0.062","ppm","74","Georgia Station","17","100.0000","44201","Ozone","047","12060","Atlanta-Sandy Springs-Roswell, GA","13","Georgia","231","Pike","33.1787","-84.4052"
"04/25/1990","AQS","132319991","9","0.056","ppm","54","Georgia Station","17","100.0000","44201","Ozone","047","12060","Atlanta-Sandy Springs-Roswell, GA","13","Georgia","231","Pike","33.1787","-84.4052"
"04/26/1990","AQS","132319991","9","0.06","ppm","67","Georgia Station","17","100.0000","44201","Ozone","047","12060","Atlanta-Sandy Springs-Roswell, GA","13","Georgia","231","Pike","33.1787","-84.4052"
"04/27/1990","AQS","132319991","9","0.065","ppm","84","Georgia Station","17","100.0000","44201","Ozone","047","12060","Atlanta-Sandy Springs-Roswell, GA","13","Georgia","231","Pike","33.1787","-84.4052"
"04/28/1990","AQS","132319991","9","0.047","ppm","44","Georgia Station","17","100.0000","44201","Ozone","047","12060","Atlanta-Sandy Springs-Roswell, GA","13","Georgia","231","Pike","33.1787","-84.4052"
"04/29/1990","AQS","132319991","9","0.056","ppm","54","Georgia Station","17","100.0000","44201","Ozone","047","12060","Atlanta-Sandy Springs-Roswell, GA","13","Georgia","231","Pike","33.1787","-84.4052"
"04/30/1990","AQS","132319991","9","0.047","ppm","44","Georgia Station","17","100.0000","44201","Ozone","047","12060","Atlanta-Sandy Springs-Roswell, GA","13","Georgia","231","Pike","33.1787","-84.4052"
"05/01/1990","AQS","132319991","9","0.058","ppm","61","Georgia Station","17","100.0000","44201","Ozone","047","12060","Atlanta-Sandy Springs-Roswell, GA","13","Georgia","231","Pike","33.1787","-84.4052"
"05/02/1990","AQS","132319991","9","0.053","ppm","49","Georgia Station","17","100.0000","44201","Ozone","047","12060","Atlanta-Sandy Springs-Roswell, GA","13","Georgia","231","Pike","33.1787","-84.4052"
"05/03/1990","AQS","132319991","9","0.065","ppm","84","Georgia Station","17","100.0000","44201","Ozone","047","12060","Atlanta-Sandy Springs-Roswell, GA","13","Georgia","231","Pike","33.1787","-84.4052"
"05/04/1990","AQS","132319991","9","0.049","ppm","45","Georgia Station","17","100.0000","44201","Ozone","047","12060","Atlanta-Sandy Springs-Roswell, GA","13","Georgia","231","Pike","33.1787","-84.4052"
"05/05/1990","AQS","132319991","9","0.054","ppm","50","Georgia Station","17","100.0000","44201","Ozone","047","12060","Atlanta-Sandy Springs-Roswell, GA","13","Georgia","231","Pike","33.1787","-84.4052"
"05/06/1990","AQS","132319991","9","0.053","ppm","49","Georgia Station","17","100.0000","44201","Ozone","047","12060","Atlanta-Sandy Springs-Roswell, GA","13","Georgia","231","Pike","33.1787","-84.4052"
"05/07/1990","AQS","132319991","9","0.061","ppm","71","Georgia Station","17","100.0000","44201","Ozone","047","12060","Atlanta-Sandy Springs-Roswell, GA","13","Georgia","231","Pike","33.1787","-84.4052"
"05/08/1990","AQS","132319991","9","0.065","ppm","84","Georgia Station","17","100.0000","44201","Ozone","047","12060","Atlanta-Sandy Springs-Roswell, GA","13","Georgia","231","Pike","33.1787","-84.4052"
"05/09/1990","AQS","132319991","9","0.042","ppm","39","Georgia Station","17","100.0000","44201","Ozone","047","12060","Atlanta-Sandy Springs-Roswell, GA","13","Georgia","231","Pike","33.1787","-84.4052"
"05/10/1990","AQS","132319991","9","0.051","ppm","47","Georgia Station","17","100.0000","44201","Ozone","047","12060","Atlanta-Sandy Springs-Roswell, GA","13","Georgia","231","Pike","33.1787","-84.4052"
"05/11/1990","AQS","132319991","9","0.058","ppm","61","Georgia Station","17","100.0000","44201","Ozone","047","12060","Atlanta-Sandy Springs-Roswell, GA","13","Georgia","231","Pike","33.1787","-84.4052"
"05/12/1990","AQS","132319991","9","0.07","ppm","100","Georgia Station","17","100.0000","44201","Ozone","047","12060","Atlanta-Sandy Springs-Roswell, GA","13","Georgia","231","Pike","33.1787","-84.4052"
"05/15/1990","AQS","132319991","9","0.056","ppm","54","Georgia Station","17","100.0000","44201","Ozone","047","12060","Atlanta-Sandy Springs-Roswell, GA","13","Georgia","231","Pike","33.1787","-84.4052"
"05/16/1990","AQS","132319991","9","0.044","ppm","41","Georgia Station","17","100.0000","44201","Ozone","047","12060","Atlanta-Sandy Springs-Roswell, GA","13","Georgia","231","Pike","33.1787","-84.4052"
"05/17/1990","AQS","132319991","9","0.052","ppm","48","Georgia Station","17","100.0000","44201","Ozone","047","12060","Atlanta-Sandy Springs-Roswell, GA","13","Georgia","231","Pike","33.1787","-84.4052"
"05/18/1990","AQS","132319991","9","0.071","ppm","101","Georgia Station","17","100.0000","44201","Ozone","047","12060","Atlanta-Sandy Springs-Roswell, GA","13","Georgia","231","Pike","33.1787","-84.4052"
"05/19/1990","AQS","132319991","9","0.074","ppm","112","Georgia Station","17","100.0000","44201","Ozone","047","12060","Atlanta-Sandy Springs-Roswell, GA","13","Georgia","231","Pike","33.1787","-84.4052"
"05/20/1990","AQS","132319991","9","0.037","ppm","34","Georgia Station","17","100.0000","44201","Ozone","047","12060","Atlanta-Sandy Springs-Roswell, GA","13","Georgia","231","Pike","33.1787","-84.4052"
"05/21/1990","AQS","132319991","9","0.046","ppm","43","Georgia Station","17","100.0000","44201","Ozone","047","12060","Atlanta-Sandy Springs-Roswell, GA","13","Georgia","231","Pike","33.1787","-84.4052"
"06/02/1990","AQS","132319991","9","0.035","ppm","32","Georgia Station","16","94.0000","44201","Ozone","047","12060","Atlanta-Sandy Springs-Roswell, GA","13","Georgia","231","Pike","33.1787","-84.4052"
"06/03/1990","AQS","132319991","9","0.04","ppm","37","Georgia Station","17","100.0000","44201","Ozone","047","12060","Atlanta-Sandy Springs-Roswell, GA","13","Georgia","231","Pike","33.1787","-84.4052"
"06/04/1990","AQS","132319991","9","0.054","ppm","50","Georgia Station","17","100.0000","44201","Ozone","047","12060","Atlanta-Sandy Springs-Roswell, GA","13","Georgia","231","Pike","33.1787","-84.4052"
"06/05/1990","AQS","132319991","9","0.069","ppm","97","Georgia Station","17","100.0000","44201","Ozone","047","12060","Atlanta-Sandy Springs-Roswell, GA","13","Georgia","231","Pike","33.1787","-84.4052"
"06/06/1990","AQS","132319991","9","0.063","ppm","77","Georgia Station","17","100.0000","44201","Ozone","047","12060","Atlanta-Sandy Springs-Roswell, GA","13","Georgia","231","Pike","33.1787","-84.4052"
"06/07/1990","AQS","132319991","9","0.063","ppm","77","Georgia Station","17","100.0000","44201","Ozone","047","12060","Atlanta-Sandy Springs-Roswell, GA","13","Georgia","231","Pike","33.1787","-84.4052"
"06/08/1990","AQS","132319991","9","0.055","ppm","51","Georgia Station","17","100.0000","44201","Ozone","047","12060","Atlanta-Sandy Springs-Roswell, GA","13","Georgia","231","Pike","33.1787","-84.4052"
"06/09/1990","AQS","132319991","9","0.058","ppm","61","Georgia Station","17","100.0000","44201","Ozone","047","12060","Atlanta-Sandy Springs-Roswell, GA","13","Georgia","231","Pike","33.1787","-84.4052"
"06/10/1990","AQS","132319991","9","0.069","ppm","97","Georgia Station","17","100.0000","44201","Ozone","047","12060","Atlanta-Sandy Springs-Roswell, GA","13","Georgia","231","Pike","33.1787","-84.4052"
"06/11/1990","AQS","132319991","9","0.093","ppm","169","Georgia Station","17","100.0000","44201","Ozone","047","12060","Atlanta-Sandy Springs-Roswell, GA","13","Georgia","231","Pike","33.1787","-84.4052"
"06/12/1990","AQS","132319991","9","0.073","ppm","108","Georgia Station","9","53.0000","44201","Ozone","047","12060","Atlanta-Sandy Springs-Roswell, GA","13","Georgia","231","Pike","33.1787","-84.4052"
"06/13/1990","AQS","132319991","9","0.076","ppm","119","Georgia Station","17","100.0000","44201","Ozone","047","12060","Atlanta-Sandy Springs-Roswell, GA","13","Georgia","231","Pike","33.1787","-84.4052"
"06/14/1990","AQS","132319991","9","0.095","ppm","174","Georgia Station","17","100.0000","44201","Ozone","047","12060","Atlanta-Sandy Springs-Roswell, GA","13","Georgia","231","Pike","33.1787","-84.4052"
"06/15/1990","AQS","132319991","9","0.06","ppm","67","Georgia Station","17","100.0000","44201","Ozone","047","12060","Atlanta-Sandy Springs-Roswell, GA","13","Georgia","231","Pike","33.1787","-84.4052"
"06/16/1990","AQS","132319991","9","0.069","ppm","97","Georgia Station","17","100.0000","44201","Ozone","047","12060","Atlanta-Sandy Springs-Roswell, GA","13","Georgia","231","Pike","33.1787","-84.4052"
"06/17/1990","AQS","132319991","9","0.077","ppm","122","Georgia Station","17","100.0000","44201","Ozone","047","12060","Atlanta-Sandy Springs-Roswell, GA","13","Georgia","231","Pike","33.1787","-84.4052"
"06/18/1990","AQS","132319991","9","0.088","ppm","156","Georgia Station","17","100.0000","44201","Ozone","047","12060","Atlanta-Sandy Springs-Roswell, GA","13","Georgia","231","Pike","33.1787","-84.4052"
"06/19/1990","AQS","132319991","9","0.089","ppm","159","Georgia Station","17","100.0000","44201","Ozone","047","12060","Atlanta-Sandy Springs-Roswell, GA","13","Georgia","231","Pike","33.1787","-84.4052"
"06/20/1990","AQS","132319991","9","0.095","ppm","174","Georgia Station","17","100.0000","44201","Ozone","047","12060","Atlanta-Sandy Springs-Roswell, GA","13","Georgia","231","Pike","33.1787","-84.4052"
"06/21/1990","AQS","132319991","9","0.088","ppm","156","Georgia Station","17","100.0000","44201","Ozone","047","12060","Atlanta-Sandy Springs-Roswell, GA","13","Georgia","231","Pike","33.1787","-84.4052"
"06/22/1990","AQS","132319991","9","0.049","ppm","45","Georgia Station","17","100.0000","44201","Ozone","047","12060","Atlanta-Sandy Springs-Roswell, GA","13","Georgia","231","Pike","33.1787","-84.4052"
"06/23/1990","AQS","132319991","9","0.064","ppm","80","Georgia Station","17","100.0000","44201","Ozone","047","12060","Atlanta-Sandy Springs-Roswell, GA","13","Georgia","231","Pike","33.1787","-84.4052"
"06/24/1990","AQS","132319991","9","0.067","ppm","90","Georgia Station","17","100.0000","44201","Ozone","047","12060","Atlanta-Sandy Springs-Roswell, GA","13","Georgia","231","Pike","33.1787","-84.4052"
"06/25/1990","AQS","132319991","9","0.092","ppm","166","Georgia Station","17","100.0000","44201","Ozone","047","12060","Atlanta-Sandy Springs-Roswell, GA","13","Georgia","231","Pike","33.1787","-84.4052"
"06/26/1990","AQS","132319991","9","0.079","ppm","129","Georgia Station","17","100.0000","44201","Ozone","047","12060","Atlanta-Sandy Springs-Roswell, GA","13","Georgia","231","Pike","33.1787","-84.4052"
"06/27/1990","AQS","132319991","9","0.084","ppm","147","Georgia Station","17","100.0000","44201","Ozone","047","12060","Atlanta-Sandy Springs-Roswell, GA","13","Georgia","231","Pike","33.1787","-84.4052"
"06/28/1990","AQS","132319991","9","0.081","ppm","136","Georgia Station","17","100.0000","44201","Ozone","047","12060","Atlanta-Sandy Springs-Roswell, GA","13","Georgia","231","Pike","33.1787","-84.4052"
"06/29/1990","AQS","132319991","9","0.068","ppm","93","Georgia Station","17","100.0000","44201","Ozone","047","12060","Atlanta-Sandy Springs-Roswell, GA","13","Georgia","231","Pike","33.1787","-84.4052"
"06/30/1990","AQS","132319991","9","0.079","ppm","129","Georgia Station","17","100.0000","44201","Ozone","047","12060","Atlanta-Sandy Springs-Roswell, GA","13","Georgia","231","Pike","33.1787","-84.4052"
"07/01/1990","AQS","132319991","9","0.087","ppm","154","Georgia Station","17","100.0000","44201","Ozone","047","12060","Atlanta-Sandy Springs-Roswell, GA","13","Georgia","231","Pike","33.1787","-84.4052"
"07/02/1990","AQS","132319991","9","0.097","ppm","179","Georgia Station","17","100.0000","44201","Ozone","047","12060","Atlanta-Sandy Springs-Roswell, GA","13","Georgia","231","Pike","33.1787","-84.4052"
"07/03/1990","AQS","132319991","9","0.085","ppm","150","Georgia Station","17","100.0000","44201","Ozone","047","12060","Atlanta-Sandy Springs-Roswell, GA","13","Georgia","231","Pike","33.1787","-84.4052"
"07/04/1990","AQS","132319991","9","0.064","ppm","80","Georgia Station","17","100.0000","44201","Ozone","047","12060","Atlanta-Sandy Springs-Roswell, GA","13","Georgia","231","Pike","33.1787","-84.4052"
"07/05/1990","AQS","132319991","9","0.052","ppm","48","Georgia Station","17","100.0000","44201","Ozone","047","12060","Atlanta-Sandy Springs-Roswell, GA","13","Georgia","231","Pike","33.1787","-84.4052"
"07/06/1990","AQS","132319991","9","0.073","ppm","108","Georgia Station","17","100.0000","44201","Ozone","047","12060","Atlanta-Sandy Springs-Roswell, GA","13","Georgia","231","Pike","33.1787","-84.4052"
"07/07/1990","AQS","132319991","9","0.088","ppm","156","Georgia Station","10","59.0000","44201","Ozone","047","12060","Atlanta-Sandy Springs-Roswell, GA","13","Georgia","231","Pike","33.1787","-84.4052"
"07/08/1990","AQS","132319991","9","0.085","ppm","150","Georgia Station","17","100.0000","44201","Ozone","047","12060","Atlanta-Sandy Springs-Roswell, GA","13","Georgia","231","Pike","33.1787","-84.4052"
"07/09/1990","AQS","132319991","9","0.069","ppm","97","Georgia Station","17","100.0000","44201","Ozone","047","12060","Atlanta-Sandy Springs-Roswell, GA","13","Georgia","231","Pike","33.1787","-84.4052"
"07/10/1990","AQS","132319991","9","0.096","ppm","177","Georgia Station","17","100.0000","44201","Ozone","047","12060","Atlanta-Sandy Springs-Roswell, GA","13","Georgia","231","Pike","33.1787","-84.4052"
"07/11/1990","AQS","132319991","9","0.059","ppm","64","Georgia Station","17","100.0000","44201","Ozone","047","12060","Atlanta-Sandy Springs-Roswell, GA","13","Georgia","231","Pike","33.1787","-84.4052"
"07/12/1990","AQS","132319991","9","0.039","ppm","36","Georgia Station","17","100.0000","44201","Ozone","047","12060","Atlanta-Sandy Springs-Roswell, GA","13","Georgia","231","Pike","33.1787","-84.4052"
"07/13/1990","AQS","132319991","9","0.031","ppm","29","Georgia Station","17","100.0000","44201","Ozone","047","12060","Atlanta-Sandy Springs-Roswell, GA","13","Georgia","231","Pike","33.1787","-84.4052"
"07/14/1990","AQS","132319991","9","0.044","ppm","41","Georgia Station","17","100.0000","44201","Ozone","047","12060","Atlanta-Sandy Springs-Roswell, GA","13","Georgia","231","Pike","33.1787","-84.4052"
"07/15/1990","AQS","132319991","9","0.06","ppm","67","Georgia Station","17","100.0000","44201","Ozone","047","12060","Atlanta-Sandy Springs-Roswell, GA","13","Georgia","231","Pike","33.1787","-84.4052"
"07/16/1990","AQS","132319991","9","0.074","ppm","112","Georgia Station","17","100.0000","44201","Ozone","047","12060","Atlanta-Sandy Springs-Roswell, GA","13","Georgia","231","Pike","33.1787","-84.4052"
"07/17/1990","AQS","132319991","9","0.068","ppm","93","Georgia Station","17","100.0000","44201","Ozone","047","12060","Atlanta-Sandy Springs-Roswell, GA","13","Georgia","231","Pike","33.1787","-84.4052"
"07/18/1990","AQS","132319991","9","0.038","ppm","35","Georgia Station","17","100.0000","44201","Ozone","047","12060","Atlanta-Sandy Springs-Roswell, GA","13","Georgia","231","Pike","33.1787","-84.4052"
"07/19/1990","AQS","132319991","9","0.022","ppm","20","Georgia Station","17","100.0000","44201","Ozone","047","12060","Atlanta-Sandy Springs-Roswell, GA","13","Georgia","231","Pike","33.1787","-84.4052"
"07/20/1990","AQS","132319991","9","0.031","ppm","29","Georgia Station","17","100.0000","44201","Ozone","047","12060","Atlanta-Sandy Springs-Roswell, GA","13","Georgia","231","Pike","33.1787","-84.4052"
"07/21/1990","AQS","132319991","9","0.04","ppm","37","Georgia Station","17","100.0000","44201","Ozone","047","12060","Atlanta-Sandy Springs-Roswell, GA","13","Georgia","231","Pike","33.1787","-84.4052"
"07/22/1990","AQS","132319991","9","0.04","ppm","37","Georgia Station","17","100.0000","44201","Ozone","047","12060","Atlanta-Sandy Springs-Roswell, GA","13","Georgia","231","Pike","33.1787","-84.4052"
"07/23/1990","AQS","132319991","9","0.039","ppm","36","Georgia Station","17","100.0000","44201","Ozone","047","12060","Atlanta-Sandy Springs-Roswell, GA","13","Georgia","231","Pike","33.1787","-84.4052"
"07/24/1990","AQS","132319991","9","0.064","ppm","80","Georgia Station","17","100.0000","44201","Ozone","047","12060","Atlanta-Sandy Springs-Roswell, GA","13","Georgia","231","Pike","33.1787","-84.4052"
"07/25/1990","AQS","132319991","9","0.068","ppm","93","Georgia Station","17","100.0000","44201","Ozone","047","12060","Atlanta-Sandy Springs-Roswell, GA","13","Georgia","231","Pike","33.1787","-84.4052"
"07/26/1990","AQS","132319991","9","0.076","ppm","119","Georgia Station","17","100.0000","44201","Ozone","047","12060","Atlanta-Sandy Springs-Roswell, GA","13","Georgia","231","Pike","33.1787","-84.4052"
"07/27/1990","AQS","132319991","9","0.087","ppm","154","Georgia Station","17","100.0000","44201","Ozone","047","12060","Atlanta-Sandy Springs-Roswell, GA","13","Georgia","231","Pike","33.1787","-84.4052"
"07/28/1990","AQS","132319991","9","0.054","ppm","50","Georgia Station","17","100.0000","44201","Ozone","047","12060","Atlanta-Sandy Springs-Roswell, GA","13","Georgia","231","Pike","33.1787","-84.4052"
"07/29/1990","AQS","132319991","9","0.057","ppm","58","Georgia Station","17","100.0000","44201","Ozone","047","12060","Atlanta-Sandy Springs-Roswell, GA","13","Georgia","231","Pike","33.1787","-84.4052"
"07/30/1990","AQS","132319991","9","0.082","ppm","140","Georgia Station","17","100.0000","44201","Ozone","047","12060","Atlanta-Sandy Springs-Roswell, GA","13","Georgia","231","Pike","33.1787","-84.4052"
"07/31/1990","AQS","132319991","9","0.094","ppm","172","Georgia Station","17","100.0000","44201","Ozone","047","12060","Atlanta-Sandy Springs-Roswell, GA","13","Georgia","231","Pike","33.1787","-84.4052"
"08/01/1990","AQS","132319991","9","0.083","ppm","143","Georgia Station","17","100.0000","44201","Ozone","047","12060","Atlanta-Sandy Springs-Roswell, GA","13","Georgia","231","Pike","33.1787","-84.4052"
"08/02/1990","AQS","132319991","9","0.065","ppm","84","Georgia Station","17","100.0000","44201","Ozone","047","12060","Atlanta-Sandy Springs-Roswell, GA","13","Georgia","231","Pike","33.1787","-84.4052"
"08/03/1990","AQS","132319991","9","0.103","ppm","195","Georgia Station","17","100.0000","44201","Ozone","047","12060","Atlanta-Sandy Springs-Roswell, GA","13","Georgia","231","Pike","33.1787","-84.4052"
"08/04/1990","AQS","132319991","9","0.076","ppm","119","Georgia Station","17","100.0000","44201","Ozone","047","12060","Atlanta-Sandy Springs-Roswell, GA","13","Georgia","231","Pike","33.1787","-84.4052"
"08/05/1990","AQS","132319991","9","0.049","ppm","45","Georgia Station","17","100.0000","44201","Ozone","047","12060","Atlanta-Sandy Springs-Roswell, GA","13","Georgia","231","Pike","33.1787","-84.4052"
"08/06/1990","AQS","132319991","9","0.063","ppm","77","Georgia Station","17","100.0000","44201","Ozone","047","12060","Atlanta-Sandy Springs-Roswell, GA","13","Georgia","231","Pike","33.1787","-84.4052"
"08/07/1990","AQS","132319991","9","0.078","ppm","126","Georgia Station","17","100.0000","44201","Ozone","047","12060","Atlanta-Sandy Springs-Roswell, GA","13","Georgia","231","Pike","33.1787","-84.4052"
"08/08/1990","AQS","132319991","9","0.054","ppm","50","Georgia Station","17","100.0000","44201","Ozone","047","12060","Atlanta-Sandy Springs-Roswell, GA","13","Georgia","231","Pike","33.1787","-84.4052"
"08/09/1990","AQS","132319991","9","0.063","ppm","77","Georgia Station","17","100.0000","44201","Ozone","047","12060","Atlanta-Sandy Springs-Roswell, GA","13","Georgia","231","Pike","33.1787","-84.4052"
"08/10/1990","AQS","132319991","9","0.09","ppm","161","Georgia Station","17","100.0000","44201","Ozone","047","12060","Atlanta-Sandy Springs-Roswell, GA","13","Georgia","231","Pike","33.1787","-84.4052"
"08/11/1990","AQS","132319991","9","0.096","ppm","177","Georgia Station","17","100.0000","44201","Ozone","047","12060","Atlanta-Sandy Springs-Roswell, GA","13","Georgia","231","Pike","33.1787","-84.4052"
"08/12/1990","AQS","132319991","9","0.06","ppm","67","Georgia Station","17","100.0000","44201","Ozone","047","12060","Atlanta-Sandy Springs-Roswell, GA","13","Georgia","231","Pike","33.1787","-84.4052"
"08/13/1990","AQS","132319991","9","0.054","ppm","50","Georgia Station","17","100.0000","44201","Ozone","047","12060","Atlanta-Sandy Springs-Roswell, GA","13","Georgia","231","Pike","33.1787","-84.4052"
"08/14/1990","AQS","132319991","9","0.074","ppm","112","Georgia Station","11","65.0000","44201","Ozone","047","12060","Atlanta-Sandy Springs-Roswell, GA","13","Georgia","231","Pike","33.1787","-84.4052"
"08/15/1990","AQS","132319991","9","0.085","ppm","150","Georgia Station","17","100.0000","44201","Ozone","047","12060","Atlanta-Sandy Springs-Roswell, GA","13","Georgia","231","Pike","33.1787","-84.4052"
"08/16/1990","AQS","132319991","9","0.084","ppm","147","Georgia Station","17","100.0000","44201","Ozone","047","12060","Atlanta-Sandy Springs-Roswell, GA","13","Georgia","231","Pike","33.1787","-84.4052"
"08/17/1990","AQS","132319991","9","0.114","ppm","209","Georgia Station","17","100.0000","44201","Ozone","047","12060","Atlanta-Sandy Springs-Roswell, GA","13","Georgia","231","Pike","33.1787","-84.4052"
"08/18/1990","AQS","132319991","9","0.091","ppm","164","Georgia Station","17","100.0000","44201","Ozone","047","12060","Atlanta-Sandy Springs-Roswell, GA","13","Georgia","231","Pike","33.1787","-84.4052"
"08/19/1990","AQS","132319991","9","0.096","ppm","177","Georgia Station","17","100.0000","44201","Ozone","047","12060","Atlanta-Sandy Springs-Roswell, GA","13","Georgia","231","Pike","33.1787","-84.4052"
"08/20/1990","AQS","132319991","9","0.075","ppm","115","Georgia Station","17","100.0000","44201","Ozone","047","12060","Atlanta-Sandy Springs-Roswell, GA","13","Georgia","231","Pike","33.1787","-84.4052"
"08/21/1990","AQS","132319991","9","0.063","ppm","77","Georgia Station","17","100.0000","44201","Ozone","047","12060","Atlanta-Sandy Springs-Roswell, GA","13","Georgia","231","Pike","33.1787","-84.4052"
"08/22/1990","AQS","132319991","9","0.06","ppm","67","Georgia Station","17","100.0000","44201","Ozone","047","12060","Atlanta-Sandy Springs-Roswell, GA","13","Georgia","231","Pike","33.1787","-84.4052"
"08/23/1990","AQS","132319991","9","0.068","ppm","93","Georgia Station","17","100.0000","44201","Ozone","047","12060","Atlanta-Sandy Springs-Roswell, GA","13","Georgia","231","Pike","33.1787","-84.4052"
"08/24/1990","AQS","132319991","9","0.081","ppm","136","Georgia Station","17","100.0000","44201","Ozone","047","12060","Atlanta-Sandy Springs-Roswell, GA","13","Georgia","231","Pike","33.1787","-84.4052"
"08/25/1990","AQS","132319991","9","0.057","ppm","58","Georgia Station","17","100.0000","44201","Ozone","047","12060","Atlanta-Sandy Springs-Roswell, GA","13","Georgia","231","Pike","33.1787","-84.4052"
"08/26/1990","AQS","132319991","9","0.052","ppm","48","Georgia Station","17","100.0000","44201","Ozone","047","12060","Atlanta-Sandy Springs-Roswell, GA","13","Georgia","231","Pike","33.1787","-84.4052"
"08/27/1990","AQS","132319991","9","0.087","ppm","154","Georgia Station","17","100.0000","44201","Ozone","047","12060","Atlanta-Sandy Springs-Roswell, GA","13","Georgia","231","Pike","33.1787","-84.4052"
"08/28/1990","AQS","132319991","9","0.087","ppm","154","Georgia Station","17","100.0000","44201","Ozone","047","12060","Atlanta-Sandy Springs-Roswell, GA","13","Georgia","231","Pike","33.1787","-84.4052"
"08/29/1990","AQS","132319991","9","0.091","ppm","164","Georgia Station","17","100.0000","44201","Ozone","047","12060","Atlanta-Sandy Springs-Roswell, GA","13","Georgia","231","Pike","33.1787","-84.4052"
"08/30/1990","AQS","132319991","9","0.079","ppm","129","Georgia Station","12","71.0000","44201","Ozone","047","12060","Atlanta-Sandy Springs-Roswell, GA","13","Georgia","231","Pike","33.1787","-84.4052"
"08/31/1990","AQS","132319991","9","0.06","ppm","67","Georgia Station","17","100.0000","44201","Ozone","047","12060","Atlanta-Sandy Springs-Roswell, GA","13","Georgia","231","Pike","33.1787","-84.4052"
"09/01/1990","AQS","132319991","9","0.061","ppm","71","Georgia Station","17","100.0000","44201","Ozone","047","12060","Atlanta-Sandy Springs-Roswell, GA","13","Georgia","231","Pike","33.1787","-84.4052"
"09/02/1990","AQS","132319991","9","0.057","ppm","58","Georgia Station","17","100.0000","44201","Ozone","047","12060","Atlanta-Sandy Springs-Roswell, GA","13","Georgia","231","Pike","33.1787","-84.4052"
"09/03/1990","AQS","132319991","9","0.096","ppm","177","Georgia Station","17","100.0000","44201","Ozone","047","12060","Atlanta-Sandy Springs-Roswell, GA","13","Georgia","231","Pike","33.1787","-84.4052"
"09/04/1990","AQS","132319991","9","0.069","ppm","97","Georgia Station","17","100.0000","44201","Ozone","047","12060","Atlanta-Sandy Springs-Roswell, GA","13","Georgia","231","Pike","33.1787","-84.4052"
"09/05/1990","AQS","132319991","9","0.072","ppm","105","Georgia Station","17","100.0000","44201","Ozone","047","12060","Atlanta-Sandy Springs-Roswell, GA","13","Georgia","231","Pike","33.1787","-84.4052"
"09/06/1990","AQS","132319991","9","0.089","ppm","159","Georgia Station","17","100.0000","44201","Ozone","047","12060","Atlanta-Sandy Springs-Roswell, GA","13","Georgia","231","Pike","33.1787","-84.4052"
"09/07/1990","AQS","132319991","9","0.088","ppm","156","Georgia Station","17","100.0000","44201","Ozone","047","12060","Atlanta-Sandy Springs-Roswell, GA","13","Georgia","231","Pike","33.1787","-84.4052"
"09/08/1990","AQS","132319991","9","0.09","ppm","161","Georgia Station","17","100.0000","44201","Ozone","047","12060","Atlanta-Sandy Springs-Roswell, GA","13","Georgia","231","Pike","33.1787","-84.4052"
"09/09/1990","AQS","132319991","9","0.064","ppm","80","Georgia Station","17","100.0000","44201","Ozone","047","12060","Atlanta-Sandy Springs-Roswell, GA","13","Georgia","231","Pike","33.1787","-84.4052"
"09/10/1990","AQS","132319991","9","0.073","ppm","108","Georgia Station","17","100.0000","44201","Ozone","047","12060","Atlanta-Sandy Springs-Roswell, GA","13","Georgia","231","Pike","33.1787","-84.4052"
"09/11/1990","AQS","132319991","9","0.075","ppm","115","Georgia Station","17","100.0000","44201","Ozone","047","12060","Atlanta-Sandy Springs-Roswell, GA","13","Georgia","231","Pike","33.1787","-84.4052"
"09/12/1990","AQS","132319991","9","0.054","ppm","50","Georgia Station","17","100.0000","44201","Ozone","047","12060","Atlanta-Sandy Springs-Roswell, GA","13","Georgia","231","Pike","33.1787","-84.4052"
"09/13/1990","AQS","132319991","9","0.057","ppm","58","Georgia Station","17","100.0000","44201","Ozone","047","12060","Atlanta-Sandy Springs-Roswell, GA","13","Georgia","231","Pike","33.1787","-84.4052"
"09/14/1990","AQS","132319991","9","0.037","ppm","34","Georgia Station","17","100.0000","44201","Ozone","047","12060","Atlanta-Sandy Springs-Roswell, GA","13","Georgia","231","Pike","33.1787","-84.4052"
"09/15/1990","AQS","132319991","9","0.066","ppm","87","Georgia Station","17","100.0000","44201","Ozone","047","12060","Atlanta-Sandy Springs-Roswell, GA","13","Georgia","231","Pike","33.1787","-84.4052"
"09/16/1990","AQS","132319991","9","0.077","ppm","122","Georgia Station","17","100.0000","44201","Ozone","047","12060","Atlanta-Sandy Springs-Roswell, GA","13","Georgia","231","Pike","33.1787","-84.4052"
"09/17/1990","AQS","132319991","9","0.089","ppm","159","Georgia Station","17","100.0000","44201","Ozone","047","12060","Atlanta-Sandy Springs-Roswell, GA","13","Georgia","231","Pike","33.1787","-84.4052"
"09/18/1990","AQS","132319991","9","0.072","ppm","105","Georgia Station","17","100.0000","44201","Ozone","047","12060","Atlanta-Sandy Springs-Roswell, GA","13","Georgia","231","Pike","33.1787","-84.4052"
"09/19/1990","AQS","132319991","9","0.068","ppm","93","Georgia Station","17","100.0000","44201","Ozone","047","12060","Atlanta-Sandy Springs-Roswell, GA","13","Georgia","231","Pike","33.1787","-84.4052"
"09/20/1990","AQS","132319991","9","0.067","ppm","90","Georgia Station","17","100.0000","44201","Ozone","047","12060","Atlanta-Sandy Springs-Roswell, GA","13","Georgia","231","Pike","33.1787","-84.4052"
"09/21/1990","AQS","132319991","9","0.065","ppm","84","Georgia Station","17","100.0000","44201","Ozone","047","12060","Atlanta-Sandy Springs-Roswell, GA","13","Georgia","231","Pike","33.1787","-84.4052"
"09/22/1990","AQS","132319991","9","0.044","ppm","41","Georgia Station","17","100.0000","44201","Ozone","047","12060","Atlanta-Sandy Springs-Roswell, GA","13","Georgia","231","Pike","33.1787","-84.4052"
"09/23/1990","AQS","132319991","9","0.05","ppm","46","Georgia Station","17","100.0000","44201","Ozone","047","12060","Atlanta-Sandy Springs-Roswell, GA","13","Georgia","231","Pike","33.1787","-84.4052"
"09/24/1990","AQS","132319991","9","0.046","ppm","43","Georgia Station","17","100.0000","44201","Ozone","047","12060","Atlanta-Sandy Springs-Roswell, GA","13","Georgia","231","Pike","33.1787","-84.4052"
"09/25/1990","AQS","132319991","9","0.062","ppm","74","Georgia Station","17","100.0000","44201","Ozone","047","12060","Atlanta-Sandy Springs-Roswell, GA","13","Georgia","231","Pike","33.1787","-84.4052"
"09/26/1990","AQS","132319991","9","0.07","ppm","100","Georgia Station","17","100.0000","44201","Ozone","047","12060","Atlanta-Sandy Springs-Roswell, GA","13","Georgia","231","Pike","33.1787","-84.4052"
"09/27/1990","AQS","132319991","9","0.083","ppm","143","Georgia Station","17","100.0000","44201","Ozone","047","12060","Atlanta-Sandy Springs-Roswell, GA","13","Georgia","231","Pike","33.1787","-84.4052"
"09/28/1990","AQS","132319991","9","0.067","ppm","90","Georgia Station","17","100.0000","44201","Ozone","047","12060","Atlanta-Sandy Springs-Roswell, GA","13","Georgia","231","Pike","33.1787","-84.4052"
"09/29/1990","AQS","132319991","9","0.067","ppm","90","Georgia Station","17","100.0000","44201","Ozone","047","12060","Atlanta-Sandy Springs-Roswell, GA","13","Georgia","231","Pike","33.1787","-84.4052"
"09/30/1990","AQS","132319991","9","0.057","ppm","58","Georgia Station","17","100.0000","44201","Ozone","047","12060","Atlanta-Sandy Springs-Roswell, GA","13","Georgia","231","Pike","33.1787","-84.4052"
"10/01/1990","AQS","132319991","9","0.07","ppm","100","Georgia Station","17","100.0000","44201","Ozone","047","12060","Atlanta-Sandy Springs-Roswell, GA","13","Georgia","231","Pike","33.1787","-84.4052"
"10/02/1990","AQS","132319991","9","0.071","ppm","101","Georgia Station","17","100.0000","44201","Ozone","047","12060","Atlanta-Sandy Springs-Roswell, GA","13","Georgia","231","Pike","33.1787","-84.4052"
"10/03/1990","AQS","132319991","9","0.049","ppm","45","Georgia Station","17","100.0000","44201","Ozone","047","12060","Atlanta-Sandy Springs-Roswell, GA","13","Georgia","231","Pike","33.1787","-84.4052"
"10/04/1990","AQS","132319991","9","0.04","ppm","37","Georgia Station","17","100.0000","44201","Ozone","047","12060","Atlanta-Sandy Springs-Roswell, GA","13","Georgia","231","Pike","33.1787","-84.4052"
"10/05/1990","AQS","132319991","9","0.055","ppm","51","Georgia Station","17","100.0000","44201","Ozone","047","12060","Atlanta-Sandy Springs-Roswell, GA","13","Georgia","231","Pike","33.1787","-84.4052"
"10/06/1990","AQS","132319991","9","0.064","ppm","80","Georgia Station","17","100.0000","44201","Ozone","047","12060","Atlanta-Sandy Springs-Roswell, GA","13","Georgia","231","Pike","33.1787","-84.4052"
"10/07/1990","AQS","132319991","9","0.041","ppm","38","Georgia Station","17","100.0000","44201","Ozone","047","12060","Atlanta-Sandy Springs-Roswell, GA","13","Georgia","231","Pike","33.1787","-84.4052"
"10/08/1990","AQS","132319991","9","0.042","ppm","39","Georgia Station","17","100.0000","44201","Ozone","047","12060","Atlanta-Sandy Springs-Roswell, GA","13","Georgia","231","Pike","33.1787","-84.4052"
"10/09/1990","AQS","132319991","9","0.04","ppm","37","Georgia Station","17","100.0000","44201","Ozone","047","12060","Atlanta-Sandy Springs-Roswell, GA","13","Georgia","231","Pike","33.1787","-84.4052"
"10/10/1990","AQS","132319991","9","0.024","ppm","22","Georgia Station","17","100.0000","44201","Ozone","047","12060","Atlanta-Sandy Springs-Roswell, GA","13","Georgia","231","Pike","33.1787","-84.4052"
"10/11/1990","AQS","132319991","9","0.027","ppm","25","Georgia Station","17","100.0000","44201","Ozone","047","12060","Atlanta-Sandy Springs-Roswell, GA","13","Georgia","231","Pike","33.1787","-84.4052"
"10/12/1990","AQS","132319991","9","0.03","ppm","28","Georgia Station","17","100.0000","44201","Ozone","047","12060","Atlanta-Sandy Springs-Roswell, GA","13","Georgia","231","Pike","33.1787","-84.4052"
"10/13/1990","AQS","132319991","9","0.04","ppm","37","Georgia Station","17","100.0000","44201","Ozone","047","12060","Atlanta-Sandy Springs-Roswell, GA","13","Georgia","231","Pike","33.1787","-84.4052"
"10/14/1990","AQS","132319991","9","0.045","ppm","42","Georgia Station","17","100.0000","44201","Ozone","047","12060","Atlanta-Sandy Springs-Roswell, GA","13","Georgia","231","Pike","33.1787","-84.4052"
"10/15/1990","AQS","132319991","9","0.07","ppm","100","Georgia Station","17","100.0000","44201","Ozone","047","12060","Atlanta-Sandy Springs-Roswell, GA","13","Georgia","231","Pike","33.1787","-84.4052"
"10/16/1990","AQS","132319991","9","0.082","ppm","140","Georgia Station","17","100.0000","44201","Ozone","047","12060","Atlanta-Sandy Springs-Roswell, GA","13","Georgia","231","Pike","33.1787","-84.4052"
"10/17/1990","AQS","132319991","9","0.06","ppm","67","Georgia Station","17","100.0000","44201","Ozone","047","12060","Atlanta-Sandy Springs-Roswell, GA","13","Georgia","231","Pike","33.1787","-84.4052"
"10/18/1990","AQS","132319991","9","0.043","ppm","40","Georgia Station","17","100.0000","44201","Ozone","047","12060","Atlanta-Sandy Springs-Roswell, GA","13","Georgia","231","Pike","33.1787","-84.4052"
"10/19/1990","AQS","132319991","9","0.046","ppm","43","Georgia Station","17","100.0000","44201","Ozone","047","12060","Atlanta-Sandy Springs-Roswell, GA","13","Georgia","231","Pike","33.1787","-84.4052"
"10/20/1990","AQS","132319991","9","0.052","ppm","48","Georgia Station","17","100.0000","44201","Ozone","047","12060","Atlanta-Sandy Springs-Roswell, GA","13","Georgia","231","Pike","33.1787","-84.4052"
"10/21/1990","AQS","132319991","9","0.041","ppm","38","Georgia Station","17","100.0000","44201","Ozone","047","12060","Atlanta-Sandy Springs-Roswell, GA","13","Georgia","231","Pike","33.1787","-84.4052"
"10/22/1990","AQS","132319991","9","0.023","ppm","21","Georgia Station","17","100.0000","44201","Ozone","047","12060","Atlanta-Sandy Springs-Roswell, GA","13","Georgia","231","Pike","33.1787","-84.4052"
"10/23/1990","AQS","132319991","9","0.034","ppm","31","Georgia Station","17","100.0000","44201","Ozone","047","12060","Atlanta-Sandy Springs-Roswell, GA","13","Georgia","231","Pike","33.1787","-84.4052"
"10/24/1990","AQS","132319991","9","0.037","ppm","34","Georgia Station","17","100.0000","44201","Ozone","047","12060","Atlanta-Sandy Springs-Roswell, GA","13","Georgia","231","Pike","33.1787","-84.4052"
"10/25/1990","AQS","132319991","9","0.029","ppm","27","Georgia Station","17","100.0000","44201","Ozone","047","12060","Atlanta-Sandy Springs-Roswell, GA","13","Georgia","231","Pike","33.1787","-84.4052"
"10/26/1990","AQS","132319991","9","0.037","ppm","34","Georgia Station","17","100.0000","44201","Ozone","047","12060","Atlanta-Sandy Springs-Roswell, GA","13","Georgia","231","Pike","33.1787","-84.4052"
"10/27/1990","AQS","132319991","9","0.043","ppm","40","Georgia Station","17","100.0000","44201","Ozone","047","12060","Atlanta-Sandy Springs-Roswell, GA","13","Georgia","231","Pike","33.1787","-84.4052"
"10/28/1990","AQS","132319991","9","0.052","ppm","48","Georgia Station","17","100.0000","44201","Ozone","047","12060","Atlanta-Sandy Springs-Roswell, GA","13","Georgia","231","Pike","33.1787","-84.4052"
"10/29/1990","AQS","132319991","9","0.049","ppm","45","Georgia Station","17","100.0000","44201","Ozone","047","12060","Atlanta-Sandy Springs-Roswell, GA","13","Georgia","231","Pike","33.1787","-84.4052"
"10/30/1990","AQS","132319991","9","0.055","ppm","51","Georgia Station","17","100.0000","44201","Ozone","047","12060","Atlanta-Sandy Springs-Roswell, GA","13","Georgia","231","Pike","33.1787","-84.4052"
"10/31/1990","AQS","132319991","9","0.063","ppm","77","Georgia Station","17","100.0000","44201","Ozone","047","12060","Atlanta-Sandy Springs-Roswell, GA","13","Georgia","231","Pike","33.1787","-84.4052"
"11/01/1990","AQS","132319991","9","0.062","ppm","74","Georgia Station","17","100.0000","44201","Ozone","047","12060","Atlanta-Sandy Springs-Roswell, GA","13","Georgia","231","Pike","33.1787","-84.4052"
"11/02/1990","AQS","132319991","9","0.067","ppm","90","Georgia Station","17","100.0000","44201","Ozone","047","12060","Atlanta-Sandy Springs-Roswell, GA","13","Georgia","231","Pike","33.1787","-84.4052"
"11/03/1990","AQS","132319991","9","0.051","ppm","47","Georgia Station","17","100.0000","44201","Ozone","047","12060","Atlanta-Sandy Springs-Roswell, GA","13","Georgia","231","Pike","33.1787","-84.4052"
"11/04/1990","AQS","132319991","9","0.045","ppm","42","Georgia Station","17","100.0000","44201","Ozone","047","12060","Atlanta-Sandy Springs-Roswell, GA","13","Georgia","231","Pike","33.1787","-84.4052"
"11/05/1990","AQS","132319991","9","0.036","ppm","33","Georgia Station","17","100.0000","44201","Ozone","047","12060","Atlanta-Sandy Springs-Roswell, GA","13","Georgia","231","Pike","33.1787","-84.4052"
"11/06/1990","AQS","132319991","9","0.037","ppm","34","Georgia Station","17","100.0000","44201","Ozone","047","12060","Atlanta-Sandy Springs-Roswell, GA","13","Georgia","231","Pike","33.1787","-84.4052"
"11/07/1990","AQS","132319991","9","0.048","ppm","44","Georgia Station","17","100.0000","44201","Ozone","047","12060","Atlanta-Sandy Springs-Roswell, GA","13","Georgia","231","Pike","33.1787","-84.4052"
"11/08/1990","AQS","132319991","9","0.033","ppm","31","Georgia Station","17","100.0000","44201","Ozone","047","12060","Atlanta-Sandy Springs-Roswell, GA","13","Georgia","231","Pike","33.1787","-84.4052"
"11/09/1990","AQS","132319991","9","0.023","ppm","21","Georgia Station","17","100.0000","44201","Ozone","047","12060","Atlanta-Sandy Springs-Roswell, GA","13","Georgia","231","Pike","33.1787","-84.4052"
"11/10/1990","AQS","132319991","9","0.028","ppm","26","Georgia Station","17","100.0000","44201","Ozone","047","12060","Atlanta-Sandy Springs-Roswell, GA","13","Georgia","231","Pike","33.1787","-84.4052"
"11/11/1990","AQS","132319991","9","0.044","ppm","41","Georgia Station","17","100.0000","44201","Ozone","047","12060","Atlanta-Sandy Springs-Roswell, GA","13","Georgia","231","Pike","33.1787","-84.4052"
"11/12/1990","AQS","132319991","9","0.054","ppm","50","Georgia Station","17","100.0000","44201","Ozone","047","12060","Atlanta-Sandy Springs-Roswell, GA","13","Georgia","231","Pike","33.1787","-84.4052"
"11/13/1990","AQS","132319991","9","0.041","ppm","38","Georgia Station","17","100.0000","44201","Ozone","047","12060","Atlanta-Sandy Springs-Roswell, GA","13","Georgia","231","Pike","33.1787","-84.4052"
"11/14/1990","AQS","132319991","9","0.047","ppm","44","Georgia Station","17","100.0000","44201","Ozone","047","12060","Atlanta-Sandy Springs-Roswell, GA","13","Georgia","231","Pike","33.1787","-84.4052"
"11/15/1990","AQS","132319991","9","0.054","ppm","50","Georgia Station","17","100.0000","44201","Ozone","047","12060","Atlanta-Sandy Springs-Roswell, GA","13","Georgia","231","Pike","33.1787","-84.4052"
"11/16/1990","AQS","132319991","9","0.048","ppm","44","Georgia Station","17","100.0000","44201","Ozone","047","12060","Atlanta-Sandy Springs-Roswell, GA","13","Georgia","231","Pike","33.1787","-84.4052"
"11/17/1990","AQS","132319991","9","0.036","ppm","33","Georgia Station","17","100.0000","44201","Ozone","047","12060","Atlanta-Sandy Springs-Roswell, GA","13","Georgia","231","Pike","33.1787","-84.4052"
"11/18/1990","AQS","132319991","9","0.047","ppm","44","Georgia Station","17","100.0000","44201","Ozone","047","12060","Atlanta-Sandy Springs-Roswell, GA","13","Georgia","231","Pike","33.1787","-84.4052"
"11/19/1990","AQS","132319991","9","0.055","ppm","51","Georgia Station","17","100.0000","44201","Ozone","047","12060","Atlanta-Sandy Springs-Roswell, GA","13","Georgia","231","Pike","33.1787","-84.4052"
"11/20/1990","AQS","132319991","9","0.051","ppm","47","Georgia Station","17","100.0000","44201","Ozone","047","12060","Atlanta-Sandy Springs-Roswell, GA","13","Georgia","231","Pike","33.1787","-84.4052"
"11/21/1990","AQS","132319991","9","0.062","ppm","74","Georgia Station","17","100.0000","44201","Ozone","047","12060","Atlanta-Sandy Springs-Roswell, GA","13","Georgia","231","Pike","33.1787","-84.4052"
"11/22/1990","AQS","132319991","9","0.059","ppm","64","Georgia Station","17","100.0000","44201","Ozone","047","12060","Atlanta-Sandy Springs-Roswell, GA","13","Georgia","231","Pike","33.1787","-84.4052"
"11/23/1990","AQS","132319991","9","0.038","ppm","35","Georgia Station","17","100.0000","44201","Ozone","047","12060","Atlanta-Sandy Springs-Roswell, GA","13","Georgia","231","Pike","33.1787","-84.4052"
"11/24/1990","AQS","132319991","9","0.041","ppm","38","Georgia Station","17","100.0000","44201","Ozone","047","12060","Atlanta-Sandy Springs-Roswell, GA","13","Georgia","231","Pike","33.1787","-84.4052"
"11/26/1990","AQS","132319991","9","0.039","ppm","36","Georgia Station","17","100.0000","44201","Ozone","047","12060","Atlanta-Sandy Springs-Roswell, GA","13","Georgia","231","Pike","33.1787","-84.4052"
"11/27/1990","AQS","132319991","9","0.04","ppm","37","Georgia Station","17","100.0000","44201","Ozone","047","12060","Atlanta-Sandy Springs-Roswell, GA","13","Georgia","231","Pike","33.1787","-84.4052"
"11/28/1990","AQS","132319991","9","0.036","ppm","33","Georgia Station","17","100.0000","44201","Ozone","047","12060","Atlanta-Sandy Springs-Roswell, GA","13","Georgia","231","Pike","33.1787","-84.4052"
"11/29/1990","AQS","132319991","9","0.036","ppm","33","Georgia Station","17","100.0000","44201","Ozone","047","12060","Atlanta-Sandy Springs-Roswell, GA","13","Georgia","231","Pike","33.1787","-84.4052"
"11/30/1990","AQS","132319991","9","0.033","ppm","31","Georgia Station","17","100.0000","44201","Ozone","047","12060","Atlanta-Sandy Springs-Roswell, GA","13","Georgia","231","Pike","33.1787","-84.4052"
"12/01/1990","AQS","132319991","9","0.035","ppm","32","Georgia Station","17","100.0000","44201","Ozone","047","12060","Atlanta-Sandy Springs-Roswell, GA","13","Georgia","231","Pike","33.1787","-84.4052"
"12/02/1990","AQS","132319991","9","0.039","ppm","36","Georgia Station","17","100.0000","44201","Ozone","047","12060","Atlanta-Sandy Springs-Roswell, GA","13","Georgia","231","Pike","33.1787","-84.4052"
"12/03/1990","AQS","132319991","9","0.029","ppm","27","Georgia Station","17","100.0000","44201","Ozone","047","12060","Atlanta-Sandy Springs-Roswell, GA","13","Georgia","231","Pike","33.1787","-84.4052"
"12/04/1990","AQS","132319991","9","0.036","ppm","33","Georgia Station","17","100.0000","44201","Ozone","047","12060","Atlanta-Sandy Springs-Roswell, GA","13","Georgia","231","Pike","33.1787","-84.4052"
"12/05/1990","AQS","132319991","9","0.036","ppm","33","Georgia Station","17","100.0000","44201","Ozone","047","12060","Atlanta-Sandy Springs-Roswell, GA","13","Georgia","231","Pike","33.1787","-84.4052"
"12/06/1990","AQS","132319991","9","0.042","ppm","39","Georgia Station","17","100.0000","44201","Ozone","047","12060","Atlanta-Sandy Springs-Roswell, GA","13","Georgia","231","Pike","33.1787","-84.4052"
"12/07/1990","AQS","132319991","9","0.017","ppm","16","Georgia Station","17","100.0000","44201","Ozone","047","12060","Atlanta-Sandy Springs-Roswell, GA","13","Georgia","231","Pike","33.1787","-84.4052"
"12/08/1990","AQS","132319991","9","0.031","ppm","29","Georgia Station","17","100.0000","44201","Ozone","047","12060","Atlanta-Sandy Springs-Roswell, GA","13","Georgia","231","Pike","33.1787","-84.4052"
"12/09/1990","AQS","132319991","9","0.037","ppm","34","Georgia Station","17","100.0000","44201","Ozone","047","12060","Atlanta-Sandy Springs-Roswell, GA","13","Georgia","231","Pike","33.1787","-84.4052"
"12/10/1990","AQS","132319991","9","0.046","ppm","43","Georgia Station","17","100.0000","44201","Ozone","047","12060","Atlanta-Sandy Springs-Roswell, GA","13","Georgia","231","Pike","33.1787","-84.4052"
"12/11/1990","AQS","132319991","9","0.051","ppm","47","Georgia Station","17","100.0000","44201","Ozone","047","12060","Atlanta-Sandy Springs-Roswell, GA","13","Georgia","231","Pike","33.1787","-84.4052"
"12/12/1990","AQS","132319991","9","0.058","ppm","61","Georgia Station","17","100.0000","44201","Ozone","047","12060","Atlanta-Sandy Springs-Roswell, GA","13","Georgia","231","Pike","33.1787","-84.4052"
"12/13/1990","AQS","132319991","9","0.042","ppm","39","Georgia Station","17","100.0000","44201","Ozone","047","12060","Atlanta-Sandy Springs-Roswell, GA","13","Georgia","231","Pike","33.1787","-84.4052"
"12/14/1990","AQS","132319991","9","0.019","ppm","18","Georgia Station","17","100.0000","44201","Ozone","047","12060","Atlanta-Sandy Springs-Roswell, GA","13","Georgia","231","Pike","33.1787","-84.4052"
"12/15/1990","AQS","132319991","9","0.035","ppm","32","Georgia Station","17","100.0000","44201","Ozone","047","12060","Atlanta-Sandy Springs-Roswell, GA","13","Georgia","231","Pike","33.1787","-84.4052"
"12/16/1990","AQS","132319991","9","0.027","ppm","25","Georgia Station","17","100.0000","44201","Ozone","047","12060","Atlanta-Sandy Springs-Roswell, GA","13","Georgia","231","Pike","33.1787","-84.4052"
"12/17/1990","AQS","132319991","9","0.033","ppm","31","Georgia Station","17","100.0000","44201","Ozone","047","12060","Atlanta-Sandy Springs-Roswell, GA","13","Georgia","231","Pike","33.1787","-84.4052"
"12/18/1990","AQS","132319991","9","0.029","ppm","27","Georgia Station","17","100.0000","44201","Ozone","047","12060","Atlanta-Sandy Springs-Roswell, GA","13","Georgia","231","Pike","33.1787","-84.4052"
"12/19/1990","AQS","132319991","9","0.02","ppm","19","Georgia Station","17","100.0000","44201","Ozone","047","12060","Atlanta-Sandy Springs-Roswell, GA","13","Georgia","231","Pike","33.1787","-84.4052"
"12/20/1990","AQS","132319991","9","0.014","ppm","13","Georgia Station","17","100.0000","44201","Ozone","047","12060","Atlanta-Sandy Springs-Roswell, GA","13","Georgia","231","Pike","33.1787","-84.4052"
"12/21/1990","AQS","132319991","9","0.006","ppm","6","Georgia Station","17","100.0000","44201","Ozone","047","12060","Atlanta-Sandy Springs-Roswell, GA","13","Georgia","231","Pike","33.1787","-84.4052"
"12/22/1990","AQS","132319991","9","0.029","ppm","27","Georgia Station","17","100.0000","44201","Ozone","047","12060","Atlanta-Sandy Springs-Roswell, GA","13","Georgia","231","Pike","33.1787","-84.4052"
"12/23/1990","AQS","132319991","9","0.029","ppm","27","Georgia Station","17","100.0000","44201","Ozone","047","12060","Atlanta-Sandy Springs-Roswell, GA","13","Georgia","231","Pike","33.1787","-84.4052"
"12/24/1990","AQS","132319991","9","0.029","ppm","27","Georgia Station","17","100.0000","44201","Ozone","047","12060","Atlanta-Sandy Springs-Roswell, GA","13","Georgia","231","Pike","33.1787","-84.4052"
"12/25/1990","AQS","132319991","9","0.035","ppm","32","Georgia Station","17","100.0000","44201","Ozone","047","12060","Atlanta-Sandy Springs-Roswell, GA","13","Georgia","231","Pike","33.1787","-84.4052"
"12/26/1990","AQS","132319991","9","0.034","ppm","31","Georgia Station","17","100.0000","44201","Ozone","047","12060","Atlanta-Sandy Springs-Roswell, GA","13","Georgia","231","Pike","33.1787","-84.4052"
"12/27/1990","AQS","132319991","9","0.022","ppm","20","Georgia Station","17","100.0000","44201","Ozone","047","12060","Atlanta-Sandy Springs-Roswell, GA","13","Georgia","231","Pike","33.1787","-84.4052"
"12/28/1990","AQS","132319991","9","0.007","ppm","6","Georgia Station","17","100.0000","44201","Ozone","047","12060","Atlanta-Sandy Springs-Roswell, GA","13","Georgia","231","Pike","33.1787","-84.4052"
"12/29/1990","AQS","132319991","9","0.005","ppm","5","Georgia Station","17","100.0000","44201","Ozone","047","12060","Atlanta-Sandy Springs-Roswell, GA","13","Georgia","231","Pike","33.1787","-84.4052"
"12/30/1990","AQS","132319991","9","0.026","ppm","24","Georgia Station","17","100.0000","44201","Ozone","047","12060","Atlanta-Sandy Springs-Roswell, GA","13","Georgia","231","Pike","33.1787","-84.4052"
"03/01/1990","AQS","132470001","1","0.048","ppm","44","Conyers","17","100.0000","44201","Ozone","014","12060","Atlanta-Sandy Springs-Roswell, GA","13","Georgia","247","Rockdale","33.5885452834593","-84.0696076372333"
"03/02/1990","AQS","132470001","1","0.019","ppm","18","Conyers","17","100.0000","44201","Ozone","014","12060","Atlanta-Sandy Springs-Roswell, GA","13","Georgia","247","Rockdale","33.5885452834593","-84.0696076372333"
"03/03/1990","AQS","132470001","1","0.04","ppm","37","Conyers","17","100.0000","44201","Ozone","014","12060","Atlanta-Sandy Springs-Roswell, GA","13","Georgia","247","Rockdale","33.5885452834593","-84.0696076372333"
"03/04/1990","AQS","132470001","1","0.047","ppm","44","Conyers","17","100.0000","44201","Ozone","014","12060","Atlanta-Sandy Springs-Roswell, GA","13","Georgia","247","Rockdale","33.5885452834593","-84.0696076372333"
"03/07/1990","AQS","132470001","1","0.044","ppm","41","Conyers","17","100.0000","44201","Ozone","014","12060","Atlanta-Sandy Springs-Roswell, GA","13","Georgia","247","Rockdale","33.5885452834593","-84.0696076372333"
"03/08/1990","AQS","132470001","1","0.031","ppm","29","Conyers","17","100.0000","44201","Ozone","014","12060","Atlanta-Sandy Springs-Roswell, GA","13","Georgia","247","Rockdale","33.5885452834593","-84.0696076372333"
"03/09/1990","AQS","132470001","1","0.012","ppm","11","Conyers","17","100.0000","44201","Ozone","014","12060","Atlanta-Sandy Springs-Roswell, GA","13","Georgia","247","Rockdale","33.5885452834593","-84.0696076372333"
"03/15/1990","AQS","132470001","1","0.044","ppm","41","Conyers","17","100.0000","44201","Ozone","014","12060","Atlanta-Sandy Springs-Roswell, GA","13","Georgia","247","Rockdale","33.5885452834593","-84.0696076372333"
"03/16/1990","AQS","132470001","1","0.029","ppm","27","Conyers","17","100.0000","44201","Ozone","014","12060","Atlanta-Sandy Springs-Roswell, GA","13","Georgia","247","Rockdale","33.5885452834593","-84.0696076372333"
"03/17/1990","AQS","132470001","1","0.047","ppm","44","Conyers","17","100.0000","44201","Ozone","014","12060","Atlanta-Sandy Springs-Roswell, GA","13","Georgia","247","Rockdale","33.5885452834593","-84.0696076372333"
"03/18/1990","AQS","132470001","1","0.048","ppm","44","Conyers","17","100.0000","44201","Ozone","014","12060","Atlanta-Sandy Springs-Roswell, GA","13","Georgia","247","Rockdale","33.5885452834593","-84.0696076372333"
"03/19/1990","AQS","132470001","1","0.052","ppm","48","Conyers","17","100.0000","44201","Ozone","014","12060","Atlanta-Sandy Springs-Roswell, GA","13","Georgia","247","Rockdale","33.5885452834593","-84.0696076372333"
"03/20/1990","AQS","132470001","1","0.039","ppm","36","Conyers","17","100.0000","44201","Ozone","014","12060","Atlanta-Sandy Springs-Roswell, GA","13","Georgia","247","Rockdale","33.5885452834593","-84.0696076372333"
"03/21/1990","AQS","132470001","1","0.05","ppm","46","Conyers","17","100.0000","44201","Ozone","014","12060","Atlanta-Sandy Springs-Roswell, GA","13","Georgia","247","Rockdale","33.5885452834593","-84.0696076372333"
"03/22/1990","AQS","132470001","1","0.069","ppm","97","Conyers","17","100.0000","44201","Ozone","014","12060","Atlanta-Sandy Springs-Roswell, GA","13","Georgia","247","Rockdale","33.5885452834593","-84.0696076372333"
"03/23/1990","AQS","132470001","1","0.076","ppm","119","Conyers","17","100.0000","44201","Ozone","014","12060","Atlanta-Sandy Springs-Roswell, GA","13","Georgia","247","Rockdale","33.5885452834593","-84.0696076372333"
"03/24/1990","AQS","132470001","1","0.068","ppm","93","Conyers","17","100.0000","44201","Ozone","014","12060","Atlanta-Sandy Springs-Roswell, GA","13","Georgia","247","Rockdale","33.5885452834593","-84.0696076372333"
"03/25/1990","AQS","132470001","1","0.055","ppm","51","Conyers","17","100.0000","44201","Ozone","014","12060","Atlanta-Sandy Springs-Roswell, GA","13","Georgia","247","Rockdale","33.5885452834593","-84.0696076372333"
"03/26/1990","AQS","132470001","1","0.024","ppm","22","Conyers","17","100.0000","44201","Ozone","014","12060","Atlanta-Sandy Springs-Roswell, GA","13","Georgia","247","Rockdale","33.5885452834593","-84.0696076372333"
"03/27/1990","AQS","132470001","1","0.048","ppm","44","Conyers","17","100.0000","44201","Ozone","014","12060","Atlanta-Sandy Springs-Roswell, GA","13","Georgia","247","Rockdale","33.5885452834593","-84.0696076372333"
"03/28/1990","AQS","132470001","1","0.061","ppm","71","Conyers","17","100.0000","44201","Ozone","014","12060","Atlanta-Sandy Springs-Roswell, GA","13","Georgia","247","Rockdale","33.5885452834593","-84.0696076372333"
"03/29/1990","AQS","132470001","1","0.037","ppm","34","Conyers","17","100.0000","44201","Ozone","014","12060","Atlanta-Sandy Springs-Roswell, GA","13","Georgia","247","Rockdale","33.5885452834593","-84.0696076372333"
"03/30/1990","AQS","132470001","1","0.025","ppm","23","Conyers","17","100.0000","44201","Ozone","014","12060","Atlanta-Sandy Springs-Roswell, GA","13","Georgia","247","Rockdale","33.5885452834593","-84.0696076372333"
"03/31/1990","AQS","132470001","1","0.036","ppm","33","Conyers","17","100.0000","44201","Ozone","014","12060","Atlanta-Sandy Springs-Roswell, GA","13","Georgia","247","Rockdale","33.5885452834593","-84.0696076372333"
"04/01/1990","AQS","132470001","1","0.051","ppm","47","Conyers","17","100.0000","44201","Ozone","014","12060","Atlanta-Sandy Springs-Roswell, GA","13","Georgia","247","Rockdale","33.5885452834593","-84.0696076372333"
"04/02/1990","AQS","132470001","1","0.046","ppm","43","Conyers","17","100.0000","44201","Ozone","014","12060","Atlanta-Sandy Springs-Roswell, GA","13","Georgia","247","Rockdale","33.5885452834593","-84.0696076372333"
"04/05/1990","AQS","132470001","1","0.074","ppm","112","Conyers","17","100.0000","44201","Ozone","014","12060","Atlanta-Sandy Springs-Roswell, GA","13","Georgia","247","Rockdale","33.5885452834593","-84.0696076372333"
"04/06/1990","AQS","132470001","1","0.059","ppm","64","Conyers","17","100.0000","44201","Ozone","014","12060","Atlanta-Sandy Springs-Roswell, GA","13","Georgia","247","Rockdale","33.5885452834593","-84.0696076372333"
"04/07/1990","AQS","132470001","1","0.049","ppm","45","Conyers","17","100.0000","44201","Ozone","014","12060","Atlanta-Sandy Springs-Roswell, GA","13","Georgia","247","Rockdale","33.5885452834593","-84.0696076372333"
"04/08/1990","AQS","132470001","1","0.056","ppm","54","Conyers","17","100.0000","44201","Ozone","014","12060","Atlanta-Sandy Springs-Roswell, GA","13","Georgia","247","Rockdale","33.5885452834593","-84.0696076372333"
"04/09/1990","AQS","132470001","1","0.064","ppm","80","Conyers","17","100.0000","44201","Ozone","014","12060","Atlanta-Sandy Springs-Roswell, GA","13","Georgia","247","Rockdale","33.5885452834593","-84.0696076372333"
"04/10/1990","AQS","132470001","1","0.043","ppm","40","Conyers","17","100.0000","44201","Ozone","014","12060","Atlanta-Sandy Springs-Roswell, GA","13","Georgia","247","Rockdale","33.5885452834593","-84.0696076372333"
"04/11/1990","AQS","132470001","1","0.046","ppm","43","Conyers","17","100.0000","44201","Ozone","014","12060","Atlanta-Sandy Springs-Roswell, GA","13","Georgia","247","Rockdale","33.5885452834593","-84.0696076372333"
"04/12/1990","AQS","132470001","1","0.051","ppm","47","Conyers","17","100.0000","44201","Ozone","014","12060","Atlanta-Sandy Springs-Roswell, GA","13","Georgia","247","Rockdale","33.5885452834593","-84.0696076372333"
"04/13/1990","AQS","132470001","1","0.058","ppm","61","Conyers","17","100.0000","44201","Ozone","014","12060","Atlanta-Sandy Springs-Roswell, GA","13","Georgia","247","Rockdale","33.5885452834593","-84.0696076372333"
"04/14/1990","AQS","132470001","1","0.064","ppm","80","Conyers","17","100.0000","44201","Ozone","014","12060","Atlanta-Sandy Springs-Roswell, GA","13","Georgia","247","Rockdale","33.5885452834593","-84.0696076372333"
"04/15/1990","AQS","132470001","1","0.055","ppm","51","Conyers","17","100.0000","44201","Ozone","014","12060","Atlanta-Sandy Springs-Roswell, GA","13","Georgia","247","Rockdale","33.5885452834593","-84.0696076372333"
"04/16/1990","AQS","132470001","1","0.057","ppm","58","Conyers","17","100.0000","44201","Ozone","014","12060","Atlanta-Sandy Springs-Roswell, GA","13","Georgia","247","Rockdale","33.5885452834593","-84.0696076372333"
"04/17/1990","AQS","132470001","1","0.066","ppm","87","Conyers","17","100.0000","44201","Ozone","014","12060","Atlanta-Sandy Springs-Roswell, GA","13","Georgia","247","Rockdale","33.5885452834593","-84.0696076372333"
"04/18/1990","AQS","132470001","1","0.044","ppm","41","Conyers","17","100.0000","44201","Ozone","014","12060","Atlanta-Sandy Springs-Roswell, GA","13","Georgia","247","Rockdale","33.5885452834593","-84.0696076372333"
"04/19/1990","AQS","132470001","1","0.051","ppm","47","Conyers","17","100.0000","44201","Ozone","014","12060","Atlanta-Sandy Springs-Roswell, GA","13","Georgia","247","Rockdale","33.5885452834593","-84.0696076372333"
"04/20/1990","AQS","132470001","1","0.049","ppm","45","Conyers","17","100.0000","44201","Ozone","014","12060","Atlanta-Sandy Springs-Roswell, GA","13","Georgia","247","Rockdale","33.5885452834593","-84.0696076372333"
"04/21/1990","AQS","132470001","1","0.034","ppm","31","Conyers","17","100.0000","44201","Ozone","014","12060","Atlanta-Sandy Springs-Roswell, GA","13","Georgia","247","Rockdale","33.5885452834593","-84.0696076372333"
"04/22/1990","AQS","132470001","1","0.05","ppm","46","Conyers","17","100.0000","44201","Ozone","014","12060","Atlanta-Sandy Springs-Roswell, GA","13","Georgia","247","Rockdale","33.5885452834593","-84.0696076372333"
"04/23/1990","AQS","132470001","1","0.055","ppm","51","Conyers","17","100.0000","44201","Ozone","014","12060","Atlanta-Sandy Springs-Roswell, GA","13","Georgia","247","Rockdale","33.5885452834593","-84.0696076372333"
"04/24/1990","AQS","132470001","1","0.07","ppm","100","Conyers","13","76.0000","44201","Ozone","014","12060","Atlanta-Sandy Springs-Roswell, GA","13","Georgia","247","Rockdale","33.5885452834593","-84.0696076372333"
"04/25/1990","AQS","132470001","1","0.062","ppm","74","Conyers","17","100.0000","44201","Ozone","014","12060","Atlanta-Sandy Springs-Roswell, GA","13","Georgia","247","Rockdale","33.5885452834593","-84.0696076372333"
"04/26/1990","AQS","132470001","1","0.067","ppm","90","Conyers","17","100.0000","44201","Ozone","014","12060","Atlanta-Sandy Springs-Roswell, GA","13","Georgia","247","Rockdale","33.5885452834593","-84.0696076372333"
"04/27/1990","AQS","132470001","1","0.068","ppm","93","Conyers","17","100.0000","44201","Ozone","014","12060","Atlanta-Sandy Springs-Roswell, GA","13","Georgia","247","Rockdale","33.5885452834593","-84.0696076372333"
"04/28/1990","AQS","132470001","1","0.041","ppm","38","Conyers","17","100.0000","44201","Ozone","014","12060","Atlanta-Sandy Springs-Roswell, GA","13","Georgia","247","Rockdale","33.5885452834593","-84.0696076372333"
"04/29/1990","AQS","132470001","1","0.053","ppm","49","Conyers","17","100.0000","44201","Ozone","014","12060","Atlanta-Sandy Springs-Roswell, GA","13","Georgia","247","Rockdale","33.5885452834593","-84.0696076372333"
"04/30/1990","AQS","132470001","1","0.046","ppm","43","Conyers","17","100.0000","44201","Ozone","014","12060","Atlanta-Sandy Springs-Roswell, GA","13","Georgia","247","Rockdale","33.5885452834593","-84.0696076372333"
"05/01/1990","AQS","132470001","1","0.069","ppm","97","Conyers","17","100.0000","44201","Ozone","014","12060","Atlanta-Sandy Springs-Roswell, GA","13","Georgia","247","Rockdale","33.5885452834593","-84.0696076372333"
"05/02/1990","AQS","132470001","1","0.058","ppm","61","Conyers","17","100.0000","44201","Ozone","014","12060","Atlanta-Sandy Springs-Roswell, GA","13","Georgia","247","Rockdale","33.5885452834593","-84.0696076372333"
"05/03/1990","AQS","132470001","1","0.072","ppm","105","Conyers","13","76.0000","44201","Ozone","014","12060","Atlanta-Sandy Springs-Roswell, GA","13","Georgia","247","Rockdale","33.5885452834593","-84.0696076372333"
"05/04/1990","AQS","132470001","1","0.051","ppm","47","Conyers","17","100.0000","44201","Ozone","014","12060","Atlanta-Sandy Springs-Roswell, GA","13","Georgia","247","Rockdale","33.5885452834593","-84.0696076372333"
"05/05/1990","AQS","132470001","1","0.055","ppm","51","Conyers","17","100.0000","44201","Ozone","014","12060","Atlanta-Sandy Springs-Roswell, GA","13","Georgia","247","Rockdale","33.5885452834593","-84.0696076372333"
"05/06/1990","AQS","132470001","1","0.056","ppm","54","Conyers","17","100.0000","44201","Ozone","014","12060","Atlanta-Sandy Springs-Roswell, GA","13","Georgia","247","Rockdale","33.5885452834593","-84.0696076372333"
"05/07/1990","AQS","132470001","1","0.062","ppm","74","Conyers","17","100.0000","44201","Ozone","014","12060","Atlanta-Sandy Springs-Roswell, GA","13","Georgia","247","Rockdale","33.5885452834593","-84.0696076372333"
"05/08/1990","AQS","132470001","1","0.068","ppm","93","Conyers","17","100.0000","44201","Ozone","014","12060","Atlanta-Sandy Springs-Roswell, GA","13","Georgia","247","Rockdale","33.5885452834593","-84.0696076372333"
"05/09/1990","AQS","132470001","1","0.037","ppm","34","Conyers","17","100.0000","44201","Ozone","014","12060","Atlanta-Sandy Springs-Roswell, GA","13","Georgia","247","Rockdale","33.5885452834593","-84.0696076372333"
"05/10/1990","AQS","132470001","1","0.049","ppm","45","Conyers","13","76.0000","44201","Ozone","014","12060","Atlanta-Sandy Springs-Roswell, GA","13","Georgia","247","Rockdale","33.5885452834593","-84.0696076372333"
"05/11/1990","AQS","132470001","1","0.056","ppm","54","Conyers","17","100.0000","44201","Ozone","014","12060","Atlanta-Sandy Springs-Roswell, GA","13","Georgia","247","Rockdale","33.5885452834593","-84.0696076372333"
"05/12/1990","AQS","132470001","1","0.072","ppm","105","Conyers","17","100.0000","44201","Ozone","014","12060","Atlanta-Sandy Springs-Roswell, GA","13","Georgia","247","Rockdale","33.5885452834593","-84.0696076372333"
"05/13/1990","AQS","132470001","1","0.044","ppm","41","Conyers","17","100.0000","44201","Ozone","014","12060","Atlanta-Sandy Springs-Roswell, GA","13","Georgia","247","Rockdale","33.5885452834593","-84.0696076372333"
"05/14/1990","AQS","132470001","1","0.07","ppm","100","Conyers","17","100.0000","44201","Ozone","014","12060","Atlanta-Sandy Springs-Roswell, GA","13","Georgia","247","Rockdale","33.5885452834593","-84.0696076372333"
"05/15/1990","AQS","132470001","1","0.064","ppm","80","Conyers","17","100.0000","44201","Ozone","014","12060","Atlanta-Sandy Springs-Roswell, GA","13","Georgia","247","Rockdale","33.5885452834593","-84.0696076372333"
"05/16/1990","AQS","132470001","1","0.048","ppm","44","Conyers","17","100.0000","44201","Ozone","014","12060","Atlanta-Sandy Springs-Roswell, GA","13","Georgia","247","Rockdale","33.5885452834593","-84.0696076372333"
"05/17/1990","AQS","132470001","1","0.053","ppm","49","Conyers","17","100.0000","44201","Ozone","014","12060","Atlanta-Sandy Springs-Roswell, GA","13","Georgia","247","Rockdale","33.5885452834593","-84.0696076372333"
"05/19/1990","AQS","132470001","1","0.076","ppm","119","Conyers","17","100.0000","44201","Ozone","014","12060","Atlanta-Sandy Springs-Roswell, GA","13","Georgia","247","Rockdale","33.5885452834593","-84.0696076372333"
"05/20/1990","AQS","132470001","1","0.039","ppm","36","Conyers","17","100.0000","44201","Ozone","014","12060","Atlanta-Sandy Springs-Roswell, GA","13","Georgia","247","Rockdale","33.5885452834593","-84.0696076372333"
"05/21/1990","AQS","132470001","1","0.051","ppm","47","Conyers","17","100.0000","44201","Ozone","014","12060","Atlanta-Sandy Springs-Roswell, GA","13","Georgia","247","Rockdale","33.5885452834593","-84.0696076372333"
"05/22/1990","AQS","132470001","1","0.053","ppm","49","Conyers","17","100.0000","44201","Ozone","014","12060","Atlanta-Sandy Springs-Roswell, GA","13","Georgia","247","Rockdale","33.5885452834593","-84.0696076372333"
"05/23/1990","AQS","132470001","1","0.054","ppm","50","Conyers","17","100.0000","44201","Ozone","014","12060","Atlanta-Sandy Springs-Roswell, GA","13","Georgia","247","Rockdale","33.5885452834593","-84.0696076372333"
"05/25/1990","AQS","132470001","1","0.076","ppm","119","Conyers","17","100.0000","44201","Ozone","014","12060","Atlanta-Sandy Springs-Roswell, GA","13","Georgia","247","Rockdale","33.5885452834593","-84.0696076372333"
"05/26/1990","AQS","132470001","1","0.059","ppm","64","Conyers","17","100.0000","44201","Ozone","014","12060","Atlanta-Sandy Springs-Roswell, GA","13","Georgia","247","Rockdale","33.5885452834593","-84.0696076372333"
"05/27/1990","AQS","132470001","1","0.046","ppm","43","Conyers","17","100.0000","44201","Ozone","014","12060","Atlanta-Sandy Springs-Roswell, GA","13","Georgia","247","Rockdale","33.5885452834593","-84.0696076372333"
"05/28/1990","AQS","132470001","1","0.042","ppm","39","Conyers","17","100.0000","44201","Ozone","014","12060","Atlanta-Sandy Springs-Roswell, GA","13","Georgia","247","Rockdale","33.5885452834593","-84.0696076372333"
"05/29/1990","AQS","132470001","1","0.078","ppm","126","Conyers","17","100.0000","44201","Ozone","014","12060","Atlanta-Sandy Springs-Roswell, GA","13","Georgia","247","Rockdale","33.5885452834593","-84.0696076372333"
"05/30/1990","AQS","132470001","1","0.09","ppm","161","Conyers","17","100.0000","44201","Ozone","014","12060","Atlanta-Sandy Springs-Roswell, GA","13","Georgia","247","Rockdale","33.5885452834593","-84.0696076372333"
"05/31/1990","AQS","132470001","1","0.073","ppm","108","Conyers","17","100.0000","44201","Ozone","014","12060","Atlanta-Sandy Springs-Roswell, GA","13","Georgia","247","Rockdale","33.5885452834593","-84.0696076372333"
"06/01/1990","AQS","132470001","1","0.051","ppm","47","Conyers","17","100.0000","44201","Ozone","014","12060","Atlanta-Sandy Springs-Roswell, GA","13","Georgia","247","Rockdale","33.5885452834593","-84.0696076372333"
"06/02/1990","AQS","132470001","1","0.042","ppm","39","Conyers","17","100.0000","44201","Ozone","014","12060","Atlanta-Sandy Springs-Roswell, GA","13","Georgia","247","Rockdale","33.5885452834593","-84.0696076372333"
"06/03/1990","AQS","132470001","1","0.046","ppm","43","Conyers","17","100.0000","44201","Ozone","014","12060","Atlanta-Sandy Springs-Roswell, GA","13","Georgia","247","Rockdale","33.5885452834593","-84.0696076372333"
"06/04/1990","AQS","132470001","1","0.064","ppm","80","Conyers","17","100.0000","44201","Ozone","014","12060","Atlanta-Sandy Springs-Roswell, GA","13","Georgia","247","Rockdale","33.5885452834593","-84.0696076372333"
"06/05/1990","AQS","132470001","1","0.085","ppm","150","Conyers","17","100.0000","44201","Ozone","014","12060","Atlanta-Sandy Springs-Roswell, GA","13","Georgia","247","Rockdale","33.5885452834593","-84.0696076372333"
"06/06/1990","AQS","132470001","1","0.078","ppm","126","Conyers","17","100.0000","44201","Ozone","014","12060","Atlanta-Sandy Springs-Roswell, GA","13","Georgia","247","Rockdale","33.5885452834593","-84.0696076372333"
"06/07/1990","AQS","132470001","1","0.083","ppm","143","Conyers","17","100.0000","44201","Ozone","014","12060","Atlanta-Sandy Springs-Roswell, GA","13","Georgia","247","Rockdale","33.5885452834593","-84.0696076372333"
"06/08/1990","AQS","132470001","1","0.082","ppm","140","Conyers","17","100.0000","44201","Ozone","014","12060","Atlanta-Sandy Springs-Roswell, GA","13","Georgia","247","Rockdale","33.5885452834593","-84.0696076372333"
"06/09/1990","AQS","132470001","1","0.081","ppm","136","Conyers","17","100.0000","44201","Ozone","014","12060","Atlanta-Sandy Springs-Roswell, GA","13","Georgia","247","Rockdale","33.5885452834593","-84.0696076372333"
"06/10/1990","AQS","132470001","1","0.075","ppm","115","Conyers","17","100.0000","44201","Ozone","014","12060","Atlanta-Sandy Springs-Roswell, GA","13","Georgia","247","Rockdale","33.5885452834593","-84.0696076372333"
"06/11/1990","AQS","132470001","1","0.107","ppm","202","Conyers","17","100.0000","44201","Ozone","014","12060","Atlanta-Sandy Springs-Roswell, GA","13","Georgia","247","Rockdale","33.5885452834593","-84.0696076372333"
"06/12/1990","AQS","132470001","1","0.075","ppm","115","Conyers","17","100.0000","44201","Ozone","014","12060","Atlanta-Sandy Springs-Roswell, GA","13","Georgia","247","Rockdale","33.5885452834593","-84.0696076372333"
"06/13/1990","AQS","132470001","1","0.081","ppm","136","Conyers","17","100.0000","44201","Ozone","014","12060","Atlanta-Sandy Springs-Roswell, GA","13","Georgia","247","Rockdale","33.5885452834593","-84.0696076372333"
"06/14/1990","AQS","132470001","1","0.098","ppm","182","Conyers","17","100.0000","44201","Ozone","014","12060","Atlanta-Sandy Springs-Roswell, GA","13","Georgia","247","Rockdale","33.5885452834593","-84.0696076372333"
"06/15/1990","AQS","132470001","1","0.062","ppm","74","Conyers","17","100.0000","44201","Ozone","014","12060","Atlanta-Sandy Springs-Roswell, GA","13","Georgia","247","Rockdale","33.5885452834593","-84.0696076372333"
"06/16/1990","AQS","132470001","1","0.066","ppm","87","Conyers","17","100.0000","44201","Ozone","014","12060","Atlanta-Sandy Springs-Roswell, GA","13","Georgia","247","Rockdale","33.5885452834593","-84.0696076372333"
"06/17/1990","AQS","132470001","1","0.065","ppm","84","Conyers","17","100.0000","44201","Ozone","014","12060","Atlanta-Sandy Springs-Roswell, GA","13","Georgia","247","Rockdale","33.5885452834593","-84.0696076372333"
"06/18/1990","AQS","132470001","1","0.121","ppm","217","Conyers","17","100.0000","44201","Ozone","014","12060","Atlanta-Sandy Springs-Roswell, GA","13","Georgia","247","Rockdale","33.5885452834593","-84.0696076372333"
"06/19/1990","AQS","132470001","1","0.094","ppm","172","Conyers","17","100.0000","44201","Ozone","014","12060","Atlanta-Sandy Springs-Roswell, GA","13","Georgia","247","Rockdale","33.5885452834593","-84.0696076372333"
"06/21/1990","AQS","132470001","1","0.114","ppm","209","Conyers","17","100.0000","44201","Ozone","014","12060","Atlanta-Sandy Springs-Roswell, GA","13","Georgia","247","Rockdale","33.5885452834593","-84.0696076372333"
"06/22/1990","AQS","132470001","1","0.067","ppm","90","Conyers","17","100.0000","44201","Ozone","014","12060","Atlanta-Sandy Springs-Roswell, GA","13","Georgia","247","Rockdale","33.5885452834593","-84.0696076372333"
"06/23/1990","AQS","132470001","1","0.069","ppm","97","Conyers","17","100.0000","44201","Ozone","014","12060","Atlanta-Sandy Springs-Roswell, GA","13","Georgia","247","Rockdale","33.5885452834593","-84.0696076372333"
"06/24/1990","AQS","132470001","1","0.071","ppm","101","Conyers","17","100.0000","44201","Ozone","014","12060","Atlanta-Sandy Springs-Roswell, GA","13","Georgia","247","Rockdale","33.5885452834593","-84.0696076372333"
"06/25/1990","AQS","132470001","1","0.072","ppm","105","Conyers","17","100.0000","44201","Ozone","014","12060","Atlanta-Sandy Springs-Roswell, GA","13","Georgia","247","Rockdale","33.5885452834593","-84.0696076372333"
"06/26/1990","AQS","132470001","1","0.077","ppm","122","Conyers","17","100.0000","44201","Ozone","014","12060","Atlanta-Sandy Springs-Roswell, GA","13","Georgia","247","Rockdale","33.5885452834593","-84.0696076372333"
"06/27/1990","AQS","132470001","1","0.083","ppm","143","Conyers","17","100.0000","44201","Ozone","014","12060","Atlanta-Sandy Springs-Roswell, GA","13","Georgia","247","Rockdale","33.5885452834593","-84.0696076372333"
"06/28/1990","AQS","132470001","1","0.086","ppm","151","Conyers","17","100.0000","44201","Ozone","014","12060","Atlanta-Sandy Springs-Roswell, GA","13","Georgia","247","Rockdale","33.5885452834593","-84.0696076372333"
"06/29/1990","AQS","132470001","1","0.109","ppm","204","Conyers","17","100.0000","44201","Ozone","014","12060","Atlanta-Sandy Springs-Roswell, GA","13","Georgia","247","Rockdale","33.5885452834593","-84.0696076372333"
"06/30/1990","AQS","132470001","1","0.09","ppm","161","Conyers","17","100.0000","44201","Ozone","014","12060","Atlanta-Sandy Springs-Roswell, GA","13","Georgia","247","Rockdale","33.5885452834593","-84.0696076372333"
"07/01/1990","AQS","132470001","1","0.093","ppm","169","Conyers","17","100.0000","44201","Ozone","014","12060","Atlanta-Sandy Springs-Roswell, GA","13","Georgia","247","Rockdale","33.5885452834593","-84.0696076372333"
"07/02/1990","AQS","132470001","1","0.091","ppm","164","Conyers","14","82.0000","44201","Ozone","014","12060","Atlanta-Sandy Springs-Roswell, GA","13","Georgia","247","Rockdale","33.5885452834593","-84.0696076372333"
"07/03/1990","AQS","132470001","1","0.078","ppm","126","Conyers","17","100.0000","44201","Ozone","014","12060","Atlanta-Sandy Springs-Roswell, GA","13","Georgia","247","Rockdale","33.5885452834593","-84.0696076372333"
"07/04/1990","AQS","132470001","1","0.066","ppm","87","Conyers","17","100.0000","44201","Ozone","014","12060","Atlanta-Sandy Springs-Roswell, GA","13","Georgia","247","Rockdale","33.5885452834593","-84.0696076372333"
"07/05/1990","AQS","132470001","1","0.079","ppm","129","Conyers","17","100.0000","44201","Ozone","014","12060","Atlanta-Sandy Springs-Roswell, GA","13","Georgia","247","Rockdale","33.5885452834593","-84.0696076372333"
"07/06/1990","AQS","132470001","1","0.099","ppm","185","Conyers","17","100.0000","44201","Ozone","014","12060","Atlanta-Sandy Springs-Roswell, GA","13","Georgia","247","Rockdale","33.5885452834593","-84.0696076372333"
"07/07/1990","AQS","132470001","1","0.084","ppm","147","Conyers","17","100.0000","44201","Ozone","014","12060","Atlanta-Sandy Springs-Roswell, GA","13","Georgia","247","Rockdale","33.5885452834593","-84.0696076372333"
"07/08/1990","AQS","132470001","1","0.076","ppm","119","Conyers","17","100.0000","44201","Ozone","014","12060","Atlanta-Sandy Springs-Roswell, GA","13","Georgia","247","Rockdale","33.5885452834593","-84.0696076372333"
"07/09/1990","AQS","132470001","1","0.084","ppm","147","Conyers","17","100.0000","44201","Ozone","014","12060","Atlanta-Sandy Springs-Roswell, GA","13","Georgia","247","Rockdale","33.5885452834593","-84.0696076372333"
"07/10/1990","AQS","132470001","1","0.098","ppm","182","Conyers","17","100.0000","44201","Ozone","014","12060","Atlanta-Sandy Springs-Roswell, GA","13","Georgia","247","Rockdale","33.5885452834593","-84.0696076372333"
"07/11/1990","AQS","132470001","1","0.088","ppm","156","Conyers","17","100.0000","44201","Ozone","014","12060","Atlanta-Sandy Springs-Roswell, GA","13","Georgia","247","Rockdale","33.5885452834593","-84.0696076372333"
"07/12/1990","AQS","132470001","1","0.041","ppm","38","Conyers","17","100.0000","44201","Ozone","014","12060","Atlanta-Sandy Springs-Roswell, GA","13","Georgia","247","Rockdale","33.5885452834593","-84.0696076372333"
"07/13/1990","AQS","132470001","1","0.035","ppm","32","Conyers","17","100.0000","44201","Ozone","014","12060","Atlanta-Sandy Springs-Roswell, GA","13","Georgia","247","Rockdale","33.5885452834593","-84.0696076372333"
"07/14/1990","AQS","132470001","1","0.043","ppm","40","Conyers","17","100.0000","44201","Ozone","014","12060","Atlanta-Sandy Springs-Roswell, GA","13","Georgia","247","Rockdale","33.5885452834593","-84.0696076372333"
"07/15/1990","AQS","132470001","1","0.069","ppm","97","Conyers","17","100.0000","44201","Ozone","014","12060","Atlanta-Sandy Springs-Roswell, GA","13","Georgia","247","Rockdale","33.5885452834593","-84.0696076372333"
"07/16/1990","AQS","132470001","1","0.067","ppm","90","Conyers","17","100.0000","44201","Ozone","014","12060","Atlanta-Sandy Springs-Roswell, GA","13","Georgia","247","Rockdale","33.5885452834593","-84.0696076372333"
"07/17/1990","AQS","132470001","1","0.06","ppm","67","Conyers","17","100.0000","44201","Ozone","014","12060","Atlanta-Sandy Springs-Roswell, GA","13","Georgia","247","Rockdale","33.5885452834593","-84.0696076372333"
"07/18/1990","AQS","132470001","1","0.037","ppm","34","Conyers","17","100.0000","44201","Ozone","014","12060","Atlanta-Sandy Springs-Roswell, GA","13","Georgia","247","Rockdale","33.5885452834593","-84.0696076372333"
"07/19/1990","AQS","132470001","1","0.017","ppm","16","Conyers","17","100.0000","44201","Ozone","014","12060","Atlanta-Sandy Springs-Roswell, GA","13","Georgia","247","Rockdale","33.5885452834593","-84.0696076372333"
"07/20/1990","AQS","132470001","1","0.032","ppm","30","Conyers","17","100.0000","44201","Ozone","014","12060","Atlanta-Sandy Springs-Roswell, GA","13","Georgia","247","Rockdale","33.5885452834593","-84.0696076372333"
"07/21/1990","AQS","132470001","1","0.046","ppm","43","Conyers","17","100.0000","44201","Ozone","014","12060","Atlanta-Sandy Springs-Roswell, GA","13","Georgia","247","Rockdale","33.5885452834593","-84.0696076372333"
"07/22/1990","AQS","132470001","1","0.053","ppm","49","Conyers","17","100.0000","44201","Ozone","014","12060","Atlanta-Sandy Springs-Roswell, GA","13","Georgia","247","Rockdale","33.5885452834593","-84.0696076372333"
"07/23/1990","AQS","132470001","1","0.048","ppm","44","Conyers","17","100.0000","44201","Ozone","014","12060","Atlanta-Sandy Springs-Roswell, GA","13","Georgia","247","Rockdale","33.5885452834593","-84.0696076372333"
"07/24/1990","AQS","132470001","1","0.075","ppm","115","Conyers","17","100.0000","44201","Ozone","014","12060","Atlanta-Sandy Springs-Roswell, GA","13","Georgia","247","Rockdale","33.5885452834593","-84.0696076372333"
"07/25/1990","AQS","132470001","1","0.062","ppm","74","Conyers","17","100.0000","44201","Ozone","014","12060","Atlanta-Sandy Springs-Roswell, GA","13","Georgia","247","Rockdale","33.5885452834593","-84.0696076372333"
"07/26/1990","AQS","132470001","1","0.068","ppm","93","Conyers","17","100.0000","44201","Ozone","014","12060","Atlanta-Sandy Springs-Roswell, GA","13","Georgia","247","Rockdale","33.5885452834593","-84.0696076372333"
"07/27/1990","AQS","132470001","1","0.083","ppm","143","Conyers","17","100.0000","44201","Ozone","014","12060","Atlanta-Sandy Springs-Roswell, GA","13","Georgia","247","Rockdale","33.5885452834593","-84.0696076372333"
"07/28/1990","AQS","132470001","1","0.049","ppm","45","Conyers","17","100.0000","44201","Ozone","014","12060","Atlanta-Sandy Springs-Roswell, GA","13","Georgia","247","Rockdale","33.5885452834593","-84.0696076372333"
"07/29/1990","AQS","132470001","1","0.054","ppm","50","Conyers","17","100.0000","44201","Ozone","014","12060","Atlanta-Sandy Springs-Roswell, GA","13","Georgia","247","Rockdale","33.5885452834593","-84.0696076372333"
"07/30/1990","AQS","132470001","1","0.088","ppm","156","Conyers","17","100.0000","44201","Ozone","014","12060","Atlanta-Sandy Springs-Roswell, GA","13","Georgia","247","Rockdale","33.5885452834593","-84.0696076372333"
"07/31/1990","AQS","132470001","1","0.096","ppm","177","Conyers","17","100.0000","44201","Ozone","014","12060","Atlanta-Sandy Springs-Roswell, GA","13","Georgia","247","Rockdale","33.5885452834593","-84.0696076372333"
"08/01/1990","AQS","132470001","1","0.07","ppm","100","Conyers","17","100.0000","44201","Ozone","014","12060","Atlanta-Sandy Springs-Roswell, GA","13","Georgia","247","Rockdale","33.5885452834593","-84.0696076372333"
"08/02/1990","AQS","132470001","1","0.063","ppm","77","Conyers","17","100.0000","44201","Ozone","014","12060","Atlanta-Sandy Springs-Roswell, GA","13","Georgia","247","Rockdale","33.5885452834593","-84.0696076372333"
"08/03/1990","AQS","132470001","1","0.088","ppm","156","Conyers","17","100.0000","44201","Ozone","014","12060","Atlanta-Sandy Springs-Roswell, GA","13","Georgia","247","Rockdale","33.5885452834593","-84.0696076372333"
"08/04/1990","AQS","132470001","1","0.079","ppm","129","Conyers","17","100.0000","44201","Ozone","014","12060","Atlanta-Sandy Springs-Roswell, GA","13","Georgia","247","Rockdale","33.5885452834593","-84.0696076372333"
"08/05/1990","AQS","132470001","1","0.05","ppm","46","Conyers","17","100.0000","44201","Ozone","014","12060","Atlanta-Sandy Springs-Roswell, GA","13","Georgia","247","Rockdale","33.5885452834593","-84.0696076372333"
"08/06/1990","AQS","132470001","1","0.068","ppm","93","Conyers","17","100.0000","44201","Ozone","014","12060","Atlanta-Sandy Springs-Roswell, GA","13","Georgia","247","Rockdale","33.5885452834593","-84.0696076372333"
"08/07/1990","AQS","132470001","1","0.07","ppm","100","Conyers","17","100.0000","44201","Ozone","014","12060","Atlanta-Sandy Springs-Roswell, GA","13","Georgia","247","Rockdale","33.5885452834593","-84.0696076372333"
"08/08/1990","AQS","132470001","1","0.047","ppm","44","Conyers","17","100.0000","44201","Ozone","014","12060","Atlanta-Sandy Springs-Roswell, GA","13","Georgia","247","Rockdale","33.5885452834593","-84.0696076372333"
"08/09/1990","AQS","132470001","1","0.051","ppm","47","Conyers","17","100.0000","44201","Ozone","014","12060","Atlanta-Sandy Springs-Roswell, GA","13","Georgia","247","Rockdale","33.5885452834593","-84.0696076372333"
"08/10/1990","AQS","132470001","1","0.078","ppm","126","Conyers","17","100.0000","44201","Ozone","014","12060","Atlanta-Sandy Springs-Roswell, GA","13","Georgia","247","Rockdale","33.5885452834593","-84.0696076372333"
"08/11/1990","AQS","132470001","1","0.097","ppm","179","Conyers","17","100.0000","44201","Ozone","014","12060","Atlanta-Sandy Springs-Roswell, GA","13","Georgia","247","Rockdale","33.5885452834593","-84.0696076372333"
"08/12/1990","AQS","132470001","1","0.06","ppm","67","Conyers","17","100.0000","44201","Ozone","014","12060","Atlanta-Sandy Springs-Roswell, GA","13","Georgia","247","Rockdale","33.5885452834593","-84.0696076372333"
"08/13/1990","AQS","132470001","1","0.058","ppm","61","Conyers","17","100.0000","44201","Ozone","014","12060","Atlanta-Sandy Springs-Roswell, GA","13","Georgia","247","Rockdale","33.5885452834593","-84.0696076372333"
"08/14/1990","AQS","132470001","1","0.094","ppm","172","Conyers","17","100.0000","44201","Ozone","014","12060","Atlanta-Sandy Springs-Roswell, GA","13","Georgia","247","Rockdale","33.5885452834593","-84.0696076372333"
"08/15/1990","AQS","132470001","1","0.121","ppm","217","Conyers","17","100.0000","44201","Ozone","014","12060","Atlanta-Sandy Springs-Roswell, GA","13","Georgia","247","Rockdale","33.5885452834593","-84.0696076372333"
"08/16/1990","AQS","132470001","1","0.106","ppm","201","Conyers","17","100.0000","44201","Ozone","014","12060","Atlanta-Sandy Springs-Roswell, GA","13","Georgia","247","Rockdale","33.5885452834593","-84.0696076372333"
"08/17/1990","AQS","132470001","1","0.088","ppm","156","Conyers","17","100.0000","44201","Ozone","014","12060","Atlanta-Sandy Springs-Roswell, GA","13","Georgia","247","Rockdale","33.5885452834593","-84.0696076372333"
"08/18/1990","AQS","132470001","1","0.083","ppm","143","Conyers","17","100.0000","44201","Ozone","014","12060","Atlanta-Sandy Springs-Roswell, GA","13","Georgia","247","Rockdale","33.5885452834593","-84.0696076372333"
"08/19/1990","AQS","132470001","1","0.081","ppm","136","Conyers","17","100.0000","44201","Ozone","014","12060","Atlanta-Sandy Springs-Roswell, GA","13","Georgia","247","Rockdale","33.5885452834593","-84.0696076372333"
"08/20/1990","AQS","132470001","1","0.07","ppm","100","Conyers","17","100.0000","44201","Ozone","014","12060","Atlanta-Sandy Springs-Roswell, GA","13","Georgia","247","Rockdale","33.5885452834593","-84.0696076372333"
"08/21/1990","AQS","132470001","1","0.075","ppm","115","Conyers","17","100.0000","44201","Ozone","014","12060","Atlanta-Sandy Springs-Roswell, GA","13","Georgia","247","Rockdale","33.5885452834593","-84.0696076372333"
"08/22/1990","AQS","132470001","1","0.063","ppm","77","Conyers","17","100.0000","44201","Ozone","014","12060","Atlanta-Sandy Springs-Roswell, GA","13","Georgia","247","Rockdale","33.5885452834593","-84.0696076372333"
"08/23/1990","AQS","132470001","1","0.075","ppm","115","Conyers","17","100.0000","44201","Ozone","014","12060","Atlanta-Sandy Springs-Roswell, GA","13","Georgia","247","Rockdale","33.5885452834593","-84.0696076372333"
"08/24/1990","AQS","132470001","1","0.068","ppm","93","Conyers","17","100.0000","44201","Ozone","014","12060","Atlanta-Sandy Springs-Roswell, GA","13","Georgia","247","Rockdale","33.5885452834593","-84.0696076372333"
"08/25/1990","AQS","132470001","1","0.059","ppm","64","Conyers","17","100.0000","44201","Ozone","014","12060","Atlanta-Sandy Springs-Roswell, GA","13","Georgia","247","Rockdale","33.5885452834593","-84.0696076372333"
"08/26/1990","AQS","132470001","1","0.047","ppm","44","Conyers","17","100.0000","44201","Ozone","014","12060","Atlanta-Sandy Springs-Roswell, GA","13","Georgia","247","Rockdale","33.5885452834593","-84.0696076372333"
"08/27/1990","AQS","132470001","1","0.102","ppm","192","Conyers","17","100.0000","44201","Ozone","014","12060","Atlanta-Sandy Springs-Roswell, GA","13","Georgia","247","Rockdale","33.5885452834593","-84.0696076372333"
"08/28/1990","AQS","132470001","1","0.147","ppm","244","Conyers","17","100.0000","44201","Ozone","014","12060","Atlanta-Sandy Springs-Roswell, GA","13","Georgia","247","Rockdale","33.5885452834593","-84.0696076372333"
"08/29/1990","AQS","132470001","1","0.108","ppm","203","Conyers","15","88.0000","44201","Ozone","014","12060","Atlanta-Sandy Springs-Roswell, GA","13","Georgia","247","Rockdale","33.5885452834593","-84.0696076372333"
"08/30/1990","AQS","132470001","1","0.072","ppm","105","Conyers","17","100.0000","44201","Ozone","014","12060","Atlanta-Sandy Springs-Roswell, GA","13","Georgia","247","Rockdale","33.5885452834593","-84.0696076372333"
"08/31/1990","AQS","132470001","1","0.052","ppm","48","Conyers","17","100.0000","44201","Ozone","014","12060","Atlanta-Sandy Springs-Roswell, GA","13","Georgia","247","Rockdale","33.5885452834593","-84.0696076372333"
"09/01/1990","AQS","132470001","1","0.055","ppm","51","Conyers","17","100.0000","44201","Ozone","014","12060","Atlanta-Sandy Springs-Roswell, GA","13","Georgia","247","Rockdale","33.5885452834593","-84.0696076372333"
"09/02/1990","AQS","132470001","1","0.061","ppm","71","Conyers","17","100.0000","44201","Ozone","014","12060","Atlanta-Sandy Springs-Roswell, GA","13","Georgia","247","Rockdale","33.5885452834593","-84.0696076372333"
"09/03/1990","AQS","132470001","1","0.076","ppm","119","Conyers","17","100.0000","44201","Ozone","014","12060","Atlanta-Sandy Springs-Roswell, GA","13","Georgia","247","Rockdale","33.5885452834593","-84.0696076372333"
"09/04/1990","AQS","132470001","1","0.064","ppm","80","Conyers","17","100.0000","44201","Ozone","014","12060","Atlanta-Sandy Springs-Roswell, GA","13","Georgia","247","Rockdale","33.5885452834593","-84.0696076372333"
"09/05/1990","AQS","132470001","1","0.1","ppm","187","Conyers","17","100.0000","44201","Ozone","014","12060","Atlanta-Sandy Springs-Roswell, GA","13","Georgia","247","Rockdale","33.5885452834593","-84.0696076372333"
"09/06/1990","AQS","132470001","1","0.128","ppm","224","Conyers","15","88.0000","44201","Ozone","014","12060","Atlanta-Sandy Springs-Roswell, GA","13","Georgia","247","Rockdale","33.5885452834593","-84.0696076372333"
"09/07/1990","AQS","132470001","1","0.124","ppm","220","Conyers","17","100.0000","44201","Ozone","014","12060","Atlanta-Sandy Springs-Roswell, GA","13","Georgia","247","Rockdale","33.5885452834593","-84.0696076372333"
"09/08/1990","AQS","132470001","1","0.107","ppm","202","Conyers","17","100.0000","44201","Ozone","014","12060","Atlanta-Sandy Springs-Roswell, GA","13","Georgia","247","Rockdale","33.5885452834593","-84.0696076372333"
"09/09/1990","AQS","132470001","1","0.067","ppm","90","Conyers","17","100.0000","44201","Ozone","014","12060","Atlanta-Sandy Springs-Roswell, GA","13","Georgia","247","Rockdale","33.5885452834593","-84.0696076372333"
"09/10/1990","AQS","132470001","1","0.072","ppm","105","Conyers","17","100.0000","44201","Ozone","014","12060","Atlanta-Sandy Springs-Roswell, GA","13","Georgia","247","Rockdale","33.5885452834593","-84.0696076372333"
"09/11/1990","AQS","132470001","1","0.071","ppm","101","Conyers","17","100.0000","44201","Ozone","014","12060","Atlanta-Sandy Springs-Roswell, GA","13","Georgia","247","Rockdale","33.5885452834593","-84.0696076372333"
"09/12/1990","AQS","132470001","1","0.052","ppm","48","Conyers","17","100.0000","44201","Ozone","014","12060","Atlanta-Sandy Springs-Roswell, GA","13","Georgia","247","Rockdale","33.5885452834593","-84.0696076372333"
"09/13/1990","AQS","132470001","1","0.062","ppm","74","Conyers","17","100.0000","44201","Ozone","014","12060","Atlanta-Sandy Springs-Roswell, GA","13","Georgia","247","Rockdale","33.5885452834593","-84.0696076372333"
"09/14/1990","AQS","132470001","1","0.043","ppm","40","Conyers","17","100.0000","44201","Ozone","014","12060","Atlanta-Sandy Springs-Roswell, GA","13","Georgia","247","Rockdale","33.5885452834593","-84.0696076372333"
"09/15/1990","AQS","132470001","1","0.071","ppm","101","Conyers","17","100.0000","44201","Ozone","014","12060","Atlanta-Sandy Springs-Roswell, GA","13","Georgia","247","Rockdale","33.5885452834593","-84.0696076372333"
"09/16/1990","AQS","132470001","1","0.07","ppm","100","Conyers","17","100.0000","44201","Ozone","014","12060","Atlanta-Sandy Springs-Roswell, GA","13","Georgia","247","Rockdale","33.5885452834593","-84.0696076372333"
"09/17/1990","AQS","132470001","1","0.074","ppm","112","Conyers","17","100.0000","44201","Ozone","014","12060","Atlanta-Sandy Springs-Roswell, GA","13","Georgia","247","Rockdale","33.5885452834593","-84.0696076372333"
"09/18/1990","AQS","132470001","1","0.066","ppm","87","Conyers","17","100.0000","44201","Ozone","014","12060","Atlanta-Sandy Springs-Roswell, GA","13","Georgia","247","Rockdale","33.5885452834593","-84.0696076372333"
"09/19/1990","AQS","132470001","1","0.082","ppm","140","Conyers","17","100.0000","44201","Ozone","014","12060","Atlanta-Sandy Springs-Roswell, GA","13","Georgia","247","Rockdale","33.5885452834593","-84.0696076372333"
"09/20/1990","AQS","132470001","1","0.085","ppm","150","Conyers","15","88.0000","44201","Ozone","014","12060","Atlanta-Sandy Springs-Roswell, GA","13","Georgia","247","Rockdale","33.5885452834593","-84.0696076372333"
"09/21/1990","AQS","132470001","1","0.084","ppm","147","Conyers","17","100.0000","44201","Ozone","014","12060","Atlanta-Sandy Springs-Roswell, GA","13","Georgia","247","Rockdale","33.5885452834593","-84.0696076372333"
"09/22/1990","AQS","132470001","1","0.04","ppm","37","Conyers","17","100.0000","44201","Ozone","014","12060","Atlanta-Sandy Springs-Roswell, GA","13","Georgia","247","Rockdale","33.5885452834593","-84.0696076372333"
"09/23/1990","AQS","132470001","1","0.046","ppm","43","Conyers","17","100.0000","44201","Ozone","014","12060","Atlanta-Sandy Springs-Roswell, GA","13","Georgia","247","Rockdale","33.5885452834593","-84.0696076372333"
"09/24/1990","AQS","132470001","1","0.041","ppm","38","Conyers","17","100.0000","44201","Ozone","014","12060","Atlanta-Sandy Springs-Roswell, GA","13","Georgia","247","Rockdale","33.5885452834593","-84.0696076372333"
"09/25/1990","AQS","132470001","1","0.062","ppm","74","Conyers","17","100.0000","44201","Ozone","014","12060","Atlanta-Sandy Springs-Roswell, GA","13","Georgia","247","Rockdale","33.5885452834593","-84.0696076372333"
"09/26/1990","AQS","132470001","1","0.075","ppm","115","Conyers","17","100.0000","44201","Ozone","014","12060","Atlanta-Sandy Springs-Roswell, GA","13","Georgia","247","Rockdale","33.5885452834593","-84.0696076372333"
"09/27/1990","AQS","132470001","1","0.071","ppm","101","Conyers","17","100.0000","44201","Ozone","014","12060","Atlanta-Sandy Springs-Roswell, GA","13","Georgia","247","Rockdale","33.5885452834593","-84.0696076372333"
"09/28/1990","AQS","132470001","1","0.06","ppm","67","Conyers","17","100.0000","44201","Ozone","014","12060","Atlanta-Sandy Springs-Roswell, GA","13","Georgia","247","Rockdale","33.5885452834593","-84.0696076372333"
"09/29/1990","AQS","132470001","1","0.062","ppm","74","Conyers","17","100.0000","44201","Ozone","014","12060","Atlanta-Sandy Springs-Roswell, GA","13","Georgia","247","Rockdale","33.5885452834593","-84.0696076372333"
"09/30/1990","AQS","132470001","1","0.056","ppm","54","Conyers","17","100.0000","44201","Ozone","014","12060","Atlanta-Sandy Springs-Roswell, GA","13","Georgia","247","Rockdale","33.5885452834593","-84.0696076372333"
"10/01/1990","AQS","132470001","1","0.064","ppm","80","Conyers","17","100.0000","44201","Ozone","014","12060","Atlanta-Sandy Springs-Roswell, GA","13","Georgia","247","Rockdale","33.5885452834593","-84.0696076372333"
"10/02/1990","AQS","132470001","1","0.066","ppm","87","Conyers","17","100.0000","44201","Ozone","014","12060","Atlanta-Sandy Springs-Roswell, GA","13","Georgia","247","Rockdale","33.5885452834593","-84.0696076372333"
"10/03/1990","AQS","132470001","1","0.055","ppm","51","Conyers","17","100.0000","44201","Ozone","014","12060","Atlanta-Sandy Springs-Roswell, GA","13","Georgia","247","Rockdale","33.5885452834593","-84.0696076372333"
"10/04/1990","AQS","132470001","1","0.031","ppm","29","Conyers","17","100.0000","44201","Ozone","014","12060","Atlanta-Sandy Springs-Roswell, GA","13","Georgia","247","Rockdale","33.5885452834593","-84.0696076372333"
"10/05/1990","AQS","132470001","1","0.049","ppm","45","Conyers","17","100.0000","44201","Ozone","014","12060","Atlanta-Sandy Springs-Roswell, GA","13","Georgia","247","Rockdale","33.5885452834593","-84.0696076372333"
"10/06/1990","AQS","132470001","1","0.06","ppm","67","Conyers","17","100.0000","44201","Ozone","014","12060","Atlanta-Sandy Springs-Roswell, GA","13","Georgia","247","Rockdale","33.5885452834593","-84.0696076372333"
"10/07/1990","AQS","132470001","1","0.039","ppm","36","Conyers","17","100.0000","44201","Ozone","014","12060","Atlanta-Sandy Springs-Roswell, GA","13","Georgia","247","Rockdale","33.5885452834593","-84.0696076372333"
"10/08/1990","AQS","132470001","1","0.038","ppm","35","Conyers","17","100.0000","44201","Ozone","014","12060","Atlanta-Sandy Springs-Roswell, GA","13","Georgia","247","Rockdale","33.5885452834593","-84.0696076372333"
"10/09/1990","AQS","132470001","1","0.035","ppm","32","Conyers","17","100.0000","44201","Ozone","014","12060","Atlanta-Sandy Springs-Roswell, GA","13","Georgia","247","Rockdale","33.5885452834593","-84.0696076372333"
"10/10/1990","AQS","132470001","1","0.025","ppm","23","Conyers","17","100.0000","44201","Ozone","014","12060","Atlanta-Sandy Springs-Roswell, GA","13","Georgia","247","Rockdale","33.5885452834593","-84.0696076372333"
"10/11/1990","AQS","132470001","1","0.028","ppm","26","Conyers","17","100.0000","44201","Ozone","014","12060","Atlanta-Sandy Springs-Roswell, GA","13","Georgia","247","Rockdale","33.5885452834593","-84.0696076372333"
"10/12/1990","AQS","132470001","1","0.028","ppm","26","Conyers","17","100.0000","44201","Ozone","014","12060","Atlanta-Sandy Springs-Roswell, GA","13","Georgia","247","Rockdale","33.5885452834593","-84.0696076372333"
"10/13/1990","AQS","132470001","1","0.028","ppm","26","Conyers","17","100.0000","44201","Ozone","014","12060","Atlanta-Sandy Springs-Roswell, GA","13","Georgia","247","Rockdale","33.5885452834593","-84.0696076372333"
"10/14/1990","AQS","132470001","1","0.033","ppm","31","Conyers","17","100.0000","44201","Ozone","014","12060","Atlanta-Sandy Springs-Roswell, GA","13","Georgia","247","Rockdale","33.5885452834593","-84.0696076372333"
"10/15/1990","AQS","132470001","1","0.058","ppm","61","Conyers","17","100.0000","44201","Ozone","014","12060","Atlanta-Sandy Springs-Roswell, GA","13","Georgia","247","Rockdale","33.5885452834593","-84.0696076372333"
"10/16/1990","AQS","132470001","1","0.067","ppm","90","Conyers","17","100.0000","44201","Ozone","014","12060","Atlanta-Sandy Springs-Roswell, GA","13","Georgia","247","Rockdale","33.5885452834593","-84.0696076372333"
"10/17/1990","AQS","132470001","1","0.05","ppm","46","Conyers","13","76.0000","44201","Ozone","014","12060","Atlanta-Sandy Springs-Roswell, GA","13","Georgia","247","Rockdale","33.5885452834593","-84.0696076372333"
"10/18/1990","AQS","132470001","1","0.037","ppm","34","Conyers","17","100.0000","44201","Ozone","014","12060","Atlanta-Sandy Springs-Roswell, GA","13","Georgia","247","Rockdale","33.5885452834593","-84.0696076372333"
"10/19/1990","AQS","132470001","1","0.045","ppm","42","Conyers","17","100.0000","44201","Ozone","014","12060","Atlanta-Sandy Springs-Roswell, GA","13","Georgia","247","Rockdale","33.5885452834593","-84.0696076372333"
"10/20/1990","AQS","132470001","1","0.052","ppm","48","Conyers","17","100.0000","44201","Ozone","014","12060","Atlanta-Sandy Springs-Roswell, GA","13","Georgia","247","Rockdale","33.5885452834593","-84.0696076372333"
"10/21/1990","AQS","132470001","1","0.042","ppm","39","Conyers","17","100.0000","44201","Ozone","014","12060","Atlanta-Sandy Springs-Roswell, GA","13","Georgia","247","Rockdale","33.5885452834593","-84.0696076372333"
"10/22/1990","AQS","132470001","1","0.019","ppm","18","Conyers","17","100.0000","44201","Ozone","014","12060","Atlanta-Sandy Springs-Roswell, GA","13","Georgia","247","Rockdale","33.5885452834593","-84.0696076372333"
"10/23/1990","AQS","132470001","1","0.027","ppm","25","Conyers","17","100.0000","44201","Ozone","014","12060","Atlanta-Sandy Springs-Roswell, GA","13","Georgia","247","Rockdale","33.5885452834593","-84.0696076372333"
"10/24/1990","AQS","132470001","1","0.03","ppm","28","Conyers","17","100.0000","44201","Ozone","014","12060","Atlanta-Sandy Springs-Roswell, GA","13","Georgia","247","Rockdale","33.5885452834593","-84.0696076372333"
"10/25/1990","AQS","132470001","1","0.025","ppm","23","Conyers","17","100.0000","44201","Ozone","014","12060","Atlanta-Sandy Springs-Roswell, GA","13","Georgia","247","Rockdale","33.5885452834593","-84.0696076372333"
"10/26/1990","AQS","132470001","1","0.033","ppm","31","Conyers","17","100.0000","44201","Ozone","014","12060","Atlanta-Sandy Springs-Roswell, GA","13","Georgia","247","Rockdale","33.5885452834593","-84.0696076372333"
"10/27/1990","AQS","132470001","1","0.034","ppm","31","Conyers","17","100.0000","44201","Ozone","014","12060","Atlanta-Sandy Springs-Roswell, GA","13","Georgia","247","Rockdale","33.5885452834593","-84.0696076372333"
"10/28/1990","AQS","132470001","1","0.044","ppm","41","Conyers","17","100.0000","44201","Ozone","014","12060","Atlanta-Sandy Springs-Roswell, GA","13","Georgia","247","Rockdale","33.5885452834593","-84.0696076372333"
"10/29/1990","AQS","132470001","1","0.045","ppm","42","Conyers","17","100.0000","44201","Ozone","014","12060","Atlanta-Sandy Springs-Roswell, GA","13","Georgia","247","Rockdale","33.5885452834593","-84.0696076372333"
"10/30/1990","AQS","132470001","1","0.053","ppm","49","Conyers","17","100.0000","44201","Ozone","014","12060","Atlanta-Sandy Springs-Roswell, GA","13","Georgia","247","Rockdale","33.5885452834593","-84.0696076372333"
"10/31/1990","AQS","132470001","1","0.049","ppm","45","Conyers","17","100.0000","44201","Ozone","014","12060","Atlanta-Sandy Springs-Roswell, GA","13","Georgia","247","Rockdale","33.5885452834593","-84.0696076372333"
"11/01/1990","AQS","132470001","1","0.061","ppm","71","Conyers","17","100.0000","44201","Ozone","014","12060","Atlanta-Sandy Springs-Roswell, GA","13","Georgia","247","Rockdale","33.5885452834593","-84.0696076372333"
"11/02/1990","AQS","132470001","1","0.063","ppm","77","Conyers","17","100.0000","44201","Ozone","014","12060","Atlanta-Sandy Springs-Roswell, GA","13","Georgia","247","Rockdale","33.5885452834593","-84.0696076372333"
"11/03/1990","AQS","132470001","1","0.05","ppm","46","Conyers","17","100.0000","44201","Ozone","014","12060","Atlanta-Sandy Springs-Roswell, GA","13","Georgia","247","Rockdale","33.5885452834593","-84.0696076372333"
"11/04/1990","AQS","132470001","1","0.044","ppm","41","Conyers","17","100.0000","44201","Ozone","014","12060","Atlanta-Sandy Springs-Roswell, GA","13","Georgia","247","Rockdale","33.5885452834593","-84.0696076372333"
"11/05/1990","AQS","132470001","1","0.035","ppm","32","Conyers","17","100.0000","44201","Ozone","014","12060","Atlanta-Sandy Springs-Roswell, GA","13","Georgia","247","Rockdale","33.5885452834593","-84.0696076372333"
"11/06/1990","AQS","132470001","1","0.03","ppm","28","Conyers","17","100.0000","44201","Ozone","014","12060","Atlanta-Sandy Springs-Roswell, GA","13","Georgia","247","Rockdale","33.5885452834593","-84.0696076372333"
"11/07/1990","AQS","132470001","1","0.044","ppm","41","Conyers","17","100.0000","44201","Ozone","014","12060","Atlanta-Sandy Springs-Roswell, GA","13","Georgia","247","Rockdale","33.5885452834593","-84.0696076372333"
"11/08/1990","AQS","132470001","1","0.033","ppm","31","Conyers","17","100.0000","44201","Ozone","014","12060","Atlanta-Sandy Springs-Roswell, GA","13","Georgia","247","Rockdale","33.5885452834593","-84.0696076372333"
"11/09/1990","AQS","132470001","1","0.023","ppm","21","Conyers","17","100.0000","44201","Ozone","014","12060","Atlanta-Sandy Springs-Roswell, GA","13","Georgia","247","Rockdale","33.5885452834593","-84.0696076372333"
"11/10/1990","AQS","132470001","1","0.026","ppm","24","Conyers","17","100.0000","44201","Ozone","014","12060","Atlanta-Sandy Springs-Roswell, GA","13","Georgia","247","Rockdale","33.5885452834593","-84.0696076372333"
"11/11/1990","AQS","132470001","1","0.03","ppm","28","Conyers","17","100.0000","44201","Ozone","014","12060","Atlanta-Sandy Springs-Roswell, GA","13","Georgia","247","Rockdale","33.5885452834593","-84.0696076372333"
"11/12/1990","AQS","132470001","1","0.043","ppm","40","Conyers","17","100.0000","44201","Ozone","014","12060","Atlanta-Sandy Springs-Roswell, GA","13","Georgia","247","Rockdale","33.5885452834593","-84.0696076372333"
"11/13/1990","AQS","132470001","1","0.035","ppm","32","Conyers","17","100.0000","44201","Ozone","014","12060","Atlanta-Sandy Springs-Roswell, GA","13","Georgia","247","Rockdale","33.5885452834593","-84.0696076372333"
"11/14/1990","AQS","132470001","1","0.04","ppm","37","Conyers","17","100.0000","44201","Ozone","014","12060","Atlanta-Sandy Springs-Roswell, GA","13","Georgia","247","Rockdale","33.5885452834593","-84.0696076372333"
"11/15/1990","AQS","132470001","1","0.05","ppm","46","Conyers","17","100.0000","44201","Ozone","014","12060","Atlanta-Sandy Springs-Roswell, GA","13","Georgia","247","Rockdale","33.5885452834593","-84.0696076372333"
"11/16/1990","AQS","132470001","1","0.047","ppm","44","Conyers","17","100.0000","44201","Ozone","014","12060","Atlanta-Sandy Springs-Roswell, GA","13","Georgia","247","Rockdale","33.5885452834593","-84.0696076372333"
"11/17/1990","AQS","132470001","1","0.036","ppm","33","Conyers","17","100.0000","44201","Ozone","014","12060","Atlanta-Sandy Springs-Roswell, GA","13","Georgia","247","Rockdale","33.5885452834593","-84.0696076372333"
"11/18/1990","AQS","132470001","1","0.039","ppm","36","Conyers","17","100.0000","44201","Ozone","014","12060","Atlanta-Sandy Springs-Roswell, GA","13","Georgia","247","Rockdale","33.5885452834593","-84.0696076372333"
"11/19/1990","AQS","132470001","1","0.041","ppm","38","Conyers","17","100.0000","44201","Ozone","014","12060","Atlanta-Sandy Springs-Roswell, GA","13","Georgia","247","Rockdale","33.5885452834593","-84.0696076372333"
"11/20/1990","AQS","132470001","1","0.047","ppm","44","Conyers","17","100.0000","44201","Ozone","014","12060","Atlanta-Sandy Springs-Roswell, GA","13","Georgia","247","Rockdale","33.5885452834593","-84.0696076372333"
"11/21/1990","AQS","132470001","1","0.057","ppm","58","Conyers","17","100.0000","44201","Ozone","014","12060","Atlanta-Sandy Springs-Roswell, GA","13","Georgia","247","Rockdale","33.5885452834593","-84.0696076372333"
"11/22/1990","AQS","132470001","1","0.055","ppm","51","Conyers","17","100.0000","44201","Ozone","014","12060","Atlanta-Sandy Springs-Roswell, GA","13","Georgia","247","Rockdale","33.5885452834593","-84.0696076372333"
"11/23/1990","AQS","132470001","1","0.035","ppm","32","Conyers","17","100.0000","44201","Ozone","014","12060","Atlanta-Sandy Springs-Roswell, GA","13","Georgia","247","Rockdale","33.5885452834593","-84.0696076372333"
"11/24/1990","AQS","132470001","1","0.035","ppm","32","Conyers","17","100.0000","44201","Ozone","014","12060","Atlanta-Sandy Springs-Roswell, GA","13","Georgia","247","Rockdale","33.5885452834593","-84.0696076372333"
"11/25/1990","AQS","132470001","1","0.043","ppm","40","Conyers","17","100.0000","44201","Ozone","014","12060","Atlanta-Sandy Springs-Roswell, GA","13","Georgia","247","Rockdale","33.5885452834593","-84.0696076372333"
"11/26/1990","AQS","132470001","1","0.04","ppm","37","Conyers","17","100.0000","44201","Ozone","014","12060","Atlanta-Sandy Springs-Roswell, GA","13","Georgia","247","Rockdale","33.5885452834593","-84.0696076372333"
"11/27/1990","AQS","132470001","1","0.036","ppm","33","Conyers","17","100.0000","44201","Ozone","014","12060","Atlanta-Sandy Springs-Roswell, GA","13","Georgia","247","Rockdale","33.5885452834593","-84.0696076372333"
"11/28/1990","AQS","132470001","1","0.028","ppm","26","Conyers","17","100.0000","44201","Ozone","014","12060","Atlanta-Sandy Springs-Roswell, GA","13","Georgia","247","Rockdale","33.5885452834593","-84.0696076372333"
"11/29/1990","AQS","132470001","1","0.031","ppm","29","Conyers","17","100.0000","44201","Ozone","014","12060","Atlanta-Sandy Springs-Roswell, GA","13","Georgia","247","Rockdale","33.5885452834593","-84.0696076372333"
