"Date","Ozone AQI Value","Main Pollutant","Site Name","Site ID","Source"
"01/01/2000","35","","Georgia Station","13-231-9991","AQS"
"01/02/2000","31","","Georgia Station","13-231-9991","AQS"
"01/03/2000","39","","Georgia Station","13-231-9991","AQS"
"01/04/2000","38","","Georgia Station","13-231-9991","AQS"
"01/05/2000","21","","Georgia Station","13-231-9991","AQS"
"01/06/2000","25","","Georgia Station","13-231-9991","AQS"
"01/07/2000","31","","Georgia Station","13-231-9991","AQS"
"01/08/2000","24","","Georgia Station","13-231-9991","AQS"
"01/09/2000","26","","Georgia Station","13-231-9991","AQS"
"01/10/2000","39","","Georgia Station","13-231-9991","AQS"
"01/11/2000","39","","Georgia Station","13-231-9991","AQS"
"01/12/2000","43","","Georgia Station","13-231-9991","AQS"
"01/13/2000","34","","Georgia Station","13-231-9991","AQS"
"01/14/2000","21","","Georgia Station","13-231-9991","AQS"
"01/15/2000","36","","Georgia Station","13-231-9991","AQS"
"01/16/2000","39","","Georgia Station","13-231-9991","AQS"
"01/17/2000","22","","Georgia Station","13-231-9991","AQS"
"01/18/2000","26","","Georgia Station","13-231-9991","AQS"
"01/19/2000","21","","Georgia Station","13-231-9991","AQS"
"01/20/2000","29","","Georgia Station","13-231-9991","AQS"
"01/21/2000","31","","Georgia Station","13-231-9991","AQS"
"01/22/2000","17","","Georgia Station","13-231-9991","AQS"
"01/23/2000","13","","Georgia Station","13-231-9991","AQS"
"01/24/2000","17","","Georgia Station","13-231-9991","AQS"
"01/25/2000","28","","Georgia Station","13-231-9991","AQS"
"01/26/2000","29","","Georgia Station","13-231-9991","AQS"
"01/27/2000","25","","Georgia Station","13-231-9991","AQS"
"01/28/2000","26","","Georgia Station","13-231-9991","AQS"
"01/29/2000","30","","Georgia Station","13-231-9991","AQS"
"01/31/2000","33","","Georgia Station","13-231-9991","AQS"
"02/01/2000","44","","Georgia Station","13-231-9991","AQS"
"02/02/2000","31","","Georgia Station","13-231-9991","AQS"
"02/03/2000","41","","Georgia Station","13-231-9991","AQS"
"02/04/2000","36","","Georgia Station","13-231-9991","AQS"
"02/05/2000","29","","Georgia Station","13-231-9991","AQS"
"02/06/2000","37","","Georgia Station","13-231-9991","AQS"
"02/07/2000","43","","Georgia Station","13-231-9991","AQS"
"02/08/2000","44","","Georgia Station","13-231-9991","AQS"
"02/09/2000","77","","Georgia Station","13-231-9991","AQS"
"02/10/2000","101","","Georgia Station","13-231-9991","AQS"
"02/11/2000","50","","Georgia Station","13-231-9991","AQS"
"02/12/2000","43","","Georgia Station","13-231-9991","AQS"
"02/13/2000","28","","Georgia Station","13-231-9991","AQS"
"02/14/2000","46","","Georgia Station","13-231-9991","AQS"
"02/15/2000","40","","Georgia Station","13-231-9991","AQS"
"02/16/2000","40","","Georgia Station","13-231-9991","AQS"
"02/17/2000","33","","Georgia Station","13-231-9991","AQS"
"02/18/2000","44","","Georgia Station","13-231-9991","AQS"
"02/19/2000","43","","Georgia Station","13-231-9991","AQS"
"02/20/2000","39","","Georgia Station","13-231-9991","AQS"
"02/21/2000","43","","Georgia Station","13-231-9991","AQS"
"02/22/2000","42","","Georgia Station","13-231-9991","AQS"
"02/23/2000","50","","Georgia Station","13-231-9991","AQS"
"02/24/2000","44","","Georgia Station","13-231-9991","AQS"
"02/25/2000","46","","Georgia Station","13-231-9991","AQS"
"02/27/2000","39","","Georgia Station","13-231-9991","AQS"
"02/28/2000","31","","Georgia Station","13-231-9991","AQS"
"02/29/2000","77","","Georgia Station","13-231-9991","AQS"
"03/01/2000","44","","Dawsonville","13-085-0001","AQS"
"03/02/2000","44","","Dawsonville","13-085-0001","AQS"
"03/03/2000","61","","Georgia Station","13-231-9991","AQS"
"03/04/2000","44","","Dawsonville","13-085-0001","AQS"
"03/05/2000","54","","Dawsonville","13-085-0001","AQS"
"03/06/2000","71","","Georgia Station","13-231-9991","AQS"
"03/07/2000","105","","DOT STORAGE FACILITY","13-113-0001","AQS"
"03/08/2000","150","","Dawsonville","13-085-0001","AQS"
"03/09/2000","44","","Georgia Station","13-231-9991","AQS"
"03/10/2000","31","","DOT STORAGE FACILITY","13-113-0001","AQS"
"03/11/2000","35","","Georgia Station","13-231-9991","AQS"
"03/12/2000","40","","Douglasville","13-097-0004","AQS"
"03/13/2000","41","","McDonough","13-151-0002","AQS"
"03/14/2000","51","","Georgia Station","13-231-9991","AQS"
"03/15/2000","64","","DOT STORAGE FACILITY","13-113-0001","AQS"
"03/16/2000","38","","Dawsonville","13-085-0001","AQS"
"03/17/2000","38","","Georgia Station","13-231-9991","AQS"
"03/18/2000","36","","Dawsonville","13-085-0001","AQS"
"03/19/2000","40","","Georgia Station","13-231-9991","AQS"
"03/20/2000","44","","Georgia Station","13-231-9991","AQS"
"03/21/2000","47","","Yorkville, King Farm","13-223-0003","AQS"
"03/22/2000","67","","Georgia Station","13-231-9991","AQS"
"03/23/2000","46","","REINHARDT COLLEGE, SAMUEL C. DOBBS BUILDING","13-057-0001","AQS"
"03/24/2000","51","","Dawsonville","13-085-0001","AQS"
"03/25/2000","67","","Georgia Station","13-231-9991","AQS"
"03/26/2000","67","","Georgia Station","13-231-9991","AQS"
"03/27/2000","44","","Yorkville, King Farm","13-223-0003","AQS"
"03/28/2000","71","","Douglasville","13-097-0004","AQS"
"03/29/2000","49","","Georgia Station","13-231-9991","AQS"
"03/30/2000","41","","Georgia Station","13-231-9991","AQS"
"03/31/2000","54","","DOT STORAGE FACILITY","13-113-0001","AQS"
"04/01/2000","90","","DOT STORAGE FACILITY","13-113-0001","AQS"
"04/02/2000","38","","Georgia Station","13-231-9991","AQS"
"04/03/2000","36","","Yorkville, King Farm","13-223-0003","AQS"
"04/04/2000","45","","Douglasville","13-097-0004","AQS"
"04/05/2000","61","","Douglasville","13-097-0004","AQS"
"04/06/2000","112","","Dawsonville","13-085-0001","AQS"
"04/07/2000","49","","Dawsonville","13-085-0001","AQS"
"04/08/2000","37","","Georgia Station","13-231-9991","AQS"
"04/09/2000","46","","Douglasville","13-097-0004","AQS"
"04/10/2000","54","","Yorkville, King Farm","13-223-0003","AQS"
"04/11/2000","80","","Georgia Station","13-231-9991","AQS"
"04/12/2000","49","","Georgia Station","13-231-9991","AQS"
"04/13/2000","33","","Dawsonville","13-085-0001","AQS"
"04/14/2000","31","","Dawsonville","13-085-0001","AQS"
"04/15/2000","35","","Dawsonville","13-085-0001","AQS"
"04/16/2000","51","","Dawsonville","13-085-0001","AQS"
"04/17/2000","48","","DOT STORAGE FACILITY","13-113-0001","AQS"
"04/18/2000","49","","Georgia Station","13-231-9991","AQS"
"04/19/2000","80","","Dawsonville","13-085-0001","AQS"
"04/20/2000","93","","Dawsonville","13-085-0001","AQS"
"04/21/2000","44","","Georgia Station","13-231-9991","AQS"
"04/22/2000","61","","Douglasville","13-097-0004","AQS"
"04/23/2000","49","","Dawsonville","13-085-0001","AQS"
"04/24/2000","42","","Georgia Station","13-231-9991","AQS"
"04/25/2000","40","","Douglasville","13-097-0004","AQS"
"04/26/2000","93","","Douglasville","13-097-0004","AQS"
"04/27/2000","119","","Yorkville, King Farm","13-223-0003","AQS"
"04/28/2000","64","","Dawsonville","13-085-0001","AQS"
"04/29/2000","115","","Douglasville","13-097-0004","AQS"
"04/30/2000","147","","Tucker-Idlewood Road","13-089-3001","AQS"
"05/01/2000","122","","Dawsonville","13-085-0001","AQS"
"05/02/2000","126","","McDonough","13-151-0002","AQS"
"05/03/2000","97","","Dawsonville","13-085-0001","AQS"
"05/04/2000","77","","Yorkville, King Farm","13-223-0003","AQS"
"05/05/2000","108","","Yorkville, King Farm","13-223-0003","AQS"
"05/06/2000","100","","Dawsonville","13-085-0001","AQS"
"05/07/2000","105","","Gwinnett","13-135-0002","AQS"
"05/08/2000","108","","Dawsonville","13-085-0001","AQS"
"05/09/2000","90","","Dawsonville","13-085-0001","AQS"
"05/10/2000","54","","Yorkville, King Farm","13-223-0003","AQS"
"05/11/2000","100","","Dawsonville","13-085-0001","AQS"
"05/12/2000","58","","Dawsonville","13-085-0001","AQS"
"05/13/2000","84","","Gwinnett","13-135-0002","AQS"
"05/14/2000","133","","McDonough","13-151-0002","AQS"
"05/15/2000","122","","Newnan","13-077-0002","AQS"
"05/16/2000","136","","Dawsonville","13-085-0001","AQS"
"05/17/2000","119","","Tucker-Idlewood Road","13-089-3001","AQS"
"05/18/2000","133","","Dawsonville","13-085-0001","AQS"
"05/19/2000","77","","Dawsonville","13-085-0001","AQS"
"05/20/2000","74","","Gwinnett","13-135-0002","AQS"
"05/21/2000","46","","Gwinnett","13-135-0002","AQS"
"05/22/2000","80","","Gwinnett","13-135-0002","AQS"
"05/23/2000","84","","Yorkville, King Farm","13-223-0003","AQS"
"05/24/2000","74","","Dawsonville","13-085-0001","AQS"
"05/25/2000","45","","Douglasville","13-097-0004","AQS"
"05/26/2000","97","","Gwinnett","13-135-0002","AQS"
"05/27/2000","44","","Tucker-Idlewood Road","13-089-3001","AQS"
"05/28/2000","61","","McDonough","13-151-0002","AQS"
"05/29/2000","58","","McDonough","13-151-0002","AQS"
"05/30/2000","115","","Douglasville","13-097-0004","AQS"
"05/31/2000","174","","Douglasville","13-097-0004","AQS"
"06/01/2000","217","","Tucker-Idlewood Road","13-089-3001","AQS"
"06/02/2000","192","","Tucker-Idlewood Road","13-089-3001","AQS"
"06/03/2000","161","","McDonough","13-151-0002","AQS"
"06/04/2000","51","","McDonough","13-151-0002","AQS"
"06/05/2000","38","","Yorkville, King Farm","13-223-0003","AQS"
"06/06/2000","67","","Georgia Station","13-231-9991","AQS"
"06/07/2000","126","","Yorkville, King Farm","13-223-0003","AQS"
"06/08/2000","169","","Kennesaw","13-067-0003","AQS"
"06/09/2000","203","","Kennesaw","13-067-0003","AQS"
"06/10/2000","202","","Kennesaw","13-067-0003","AQS"
"06/11/2000","200","","Kennesaw","13-067-0003","AQS"
"06/12/2000","156","","Kennesaw","13-067-0003","AQS"
"06/13/2000","101","","Dawsonville","13-085-0001","AQS"
"06/14/2000","115","","Gwinnett","13-135-0002","AQS"
"06/15/2000","67","","Dawsonville","13-085-0001","AQS"
"06/16/2000","32","","Dawsonville","13-085-0001","AQS"
"06/17/2000","44","","Dawsonville","13-085-0001","AQS"
"06/18/2000","54","","Gwinnett","13-135-0002","AQS"
"06/19/2000","44","","DOT STORAGE FACILITY","13-113-0001","AQS"
"06/20/2000","51","","DOT STORAGE FACILITY","13-113-0001","AQS"
"06/21/2000","93","","Tucker-Idlewood Road","13-089-3001","AQS"
"06/22/2000","47","","Tucker-Idlewood Road","13-089-3001","AQS"
"06/23/2000","174","","Newnan","13-077-0002","AQS"
"06/24/2000","179","","Kennesaw","13-067-0003","AQS"
"06/25/2000","71","","Yorkville, King Farm","13-223-0003","AQS"
"06/26/2000","143","","Gwinnett","13-135-0002","AQS"
"06/27/2000","90","","Dawsonville","13-085-0001","AQS"
"06/28/2000","35","","Douglasville","13-097-0004","AQS"
"06/29/2000","43","","Douglasville","13-097-0004","AQS"
"06/30/2000","187","","DOT STORAGE FACILITY","13-113-0001","AQS"
"07/01/2000","206","","McDonough","13-151-0002","AQS"
"07/02/2000","185","","Kennesaw","13-067-0003","AQS"
"07/03/2000","195","","Tucker-Idlewood Road","13-089-3001","AQS"
"07/04/2000","154","","McDonough","13-151-0002","AQS"
"07/05/2000","101","","McDonough","13-151-0002","AQS"
"07/06/2000","161","","McDonough","13-151-0002","AQS"
"07/07/2000","182","","DOT STORAGE FACILITY","13-113-0001","AQS"
"07/08/2000","150","","Yorkville, King Farm","13-223-0003","AQS"
"07/09/2000","115","","Tucker-Idlewood Road","13-089-3001","AQS"
"07/10/2000","119","","United Avenue","13-121-0055","AQS"
"07/11/2000","136","","Tucker-Idlewood Road","13-089-3001","AQS"
"07/12/2000","122","","Kennesaw","13-067-0003","AQS"
"07/13/2000","206","","McDonough","13-151-0002","AQS"
"07/14/2000","169","","McDonough","13-151-0002","AQS"
"07/15/2000","119","","McDonough","13-151-0002","AQS"
"07/16/2000","151","","McDonough","13-151-0002","AQS"
"07/17/2000","169","","McDonough","13-151-0002","AQS"
"07/18/2000","218","","McDonough","13-151-0002","AQS"
"07/19/2000","151","","DOT STORAGE FACILITY","13-113-0001","AQS"
"07/20/2000","143","","McDonough","13-151-0002","AQS"
"07/21/2000","166","","McDonough","13-151-0002","AQS"
"07/22/2000","164","","South DeKalb","13-089-0002","AQS"
"07/23/2000","97","","Douglasville","13-097-0004","AQS"
"07/24/2000","126","","Douglasville","13-097-0004","AQS"
"07/25/2000","44","","Georgia Station","13-231-9991","AQS"
"07/26/2000","140","","Yorkville, King Farm","13-223-0003","AQS"
"07/27/2000","205","","Kennesaw","13-067-0003","AQS"
"07/28/2000","208","","United Avenue","13-121-0055","AQS"
"07/29/2000","105","","Dawsonville","13-085-0001","AQS"
"07/30/2000","87","","Gwinnett","13-135-0002","AQS"
"07/31/2000","40","","Gwinnett","13-135-0002","AQS"
"08/01/2000","41","","Gwinnett","13-135-0002","AQS"
"08/02/2000","35","","Gwinnett","13-135-0002","AQS"
"08/03/2000","58","","Kennesaw","13-067-0003","AQS"
"08/04/2000","93","","Douglasville","13-097-0004","AQS"
"08/05/2000","161","","United Avenue","13-121-0055","AQS"
"08/06/2000","164","","Gwinnett","13-135-0002","AQS"
"08/07/2000","108","","Dawsonville","13-085-0001","AQS"
"08/08/2000","90","","Gwinnett","13-135-0002","AQS"
"08/09/2000","133","","McDonough","13-151-0002","AQS"
"08/10/2000","216","","United Avenue","13-121-0055","AQS"
"08/11/2000","129","","Conyers","13-247-0001","AQS"
"08/12/2000","140","","Georgia Station","13-231-9991","AQS"
"08/13/2000","150","","Newnan","13-077-0002","AQS"
"08/14/2000","192","","Conyers","13-247-0001","AQS"
"08/15/2000","206","","Georgia Station","13-231-9991","AQS"
"08/16/2000","234","","DOT STORAGE FACILITY","13-113-0001","AQS"
"08/17/2000","235","","McDonough","13-151-0002","AQS"
"08/18/2000","177","","Conyers","13-247-0001","AQS"
"08/19/2000","210","","United Avenue","13-121-0055","AQS"
"08/20/2000","112","","Douglasville","13-097-0004","AQS"
"08/21/2000","45","","Gwinnett","13-135-0002","AQS"
"08/22/2000","159","","Yorkville, King Farm","13-223-0003","AQS"
"08/23/2000","161","","United Avenue","13-121-0055","AQS"
"08/24/2000","174","","Conyers","13-247-0001","AQS"
"08/25/2000","140","","Conyers","13-247-0001","AQS"
"08/26/2000","185","","Conyers","13-247-0001","AQS"
"08/27/2000","50","","Georgia Station","13-231-9991","AQS"
"08/28/2000","166","","Conyers","13-247-0001","AQS"
"08/29/2000","174","","Newnan","13-077-0002","AQS"
"08/30/2000","101","","Newnan","13-077-0002","AQS"
"08/31/2000","38","","Yorkville, King Farm","13-223-0003","AQS"
"09/01/2000","43","","Yorkville, King Farm","13-223-0003","AQS"
"09/02/2000","49","","Douglasville","13-097-0004","AQS"
"09/03/2000","45","","Douglasville","13-097-0004","AQS"
"09/04/2000","71","","DOT STORAGE FACILITY","13-113-0001","AQS"
"09/05/2000","50","","Yorkville, King Farm","13-223-0003","AQS"
"09/06/2000","28","","Dawsonville","13-085-0001","AQS"
"09/07/2000","24","","Tucker-Idlewood Road","13-089-3001","AQS"
"09/08/2000","35","","Gwinnett","13-135-0002","AQS"
"09/09/2000","44","","Yorkville, King Farm","13-223-0003","AQS"
"09/10/2000","74","","Yorkville, King Farm","13-223-0003","AQS"
"09/11/2000","49","","DOT STORAGE FACILITY","13-113-0001","AQS"
"09/12/2000","108","","Tucker-Idlewood Road","13-089-3001","AQS"
"09/13/2000","80","","Conyers","13-247-0001","AQS"
"09/14/2000","84","","Gwinnett","13-135-0002","AQS"
"09/15/2000","90","","Georgia Station","13-231-9991","AQS"
"09/16/2000","67","","Georgia Station","13-231-9991","AQS"
"09/17/2000","50","","Yorkville, King Farm","13-223-0003","AQS"
"09/18/2000","43","","Douglasville","13-097-0004","AQS"
"09/19/2000","147","","Dawsonville","13-085-0001","AQS"
"09/20/2000","39","","Dawsonville","13-085-0001","AQS"
"09/21/2000","24","","Georgia Station","13-231-9991","AQS"
"09/22/2000","22","","Dawsonville","13-085-0001","AQS"
"09/23/2000","30","","Dawsonville","13-085-0001","AQS"
"09/24/2000","33","","Tucker-Idlewood Road","13-089-3001","AQS"
"09/25/2000","29","","Douglasville","13-097-0004","AQS"
"09/26/2000","37","","Yorkville, King Farm","13-223-0003","AQS"
"09/27/2000","43","","Georgia Station","13-231-9991","AQS"
"09/28/2000","67","","Georgia Station","13-231-9991","AQS"
"09/29/2000","77","","Yorkville, King Farm","13-223-0003","AQS"
"09/30/2000","47","","Yorkville, King Farm","13-223-0003","AQS"
"10/01/2000","45","","Douglasville","13-097-0004","AQS"
"10/02/2000","50","","Newnan","13-077-0002","AQS"
"10/03/2000","100","","Douglasville","13-097-0004","AQS"
"10/04/2000","101","","Kennesaw","13-067-0003","AQS"
"10/05/2000","93","","Dawsonville","13-085-0001","AQS"
"10/06/2000","33","","Yorkville, King Farm","13-223-0003","AQS"
"10/07/2000","35","","Newnan","13-077-0002","AQS"
"10/08/2000","28","","Georgia Station","13-231-9991","AQS"
"10/09/2000","29","","Dawsonville","13-085-0001","AQS"
"10/10/2000","36","","Dawsonville","13-085-0001","AQS"
"10/11/2000","45","","Dawsonville","13-085-0001","AQS"
"10/12/2000","74","","Georgia Station","13-231-9991","AQS"
"10/13/2000","90","","Georgia Station","13-231-9991","AQS"
"10/14/2000","108","","Douglasville","13-097-0004","AQS"
"10/15/2000","97","","Douglasville","13-097-0004","AQS"
"10/16/2000","115","","Georgia Station","13-231-9991","AQS"
"10/17/2000","115","","Georgia Station","13-231-9991","AQS"
"10/18/2000","93","","Georgia Station","13-231-9991","AQS"
"10/19/2000","50","","Dawsonville","13-085-0001","AQS"
"10/20/2000","71","","Georgia Station","13-231-9991","AQS"
"10/21/2000","84","","Dawsonville","13-085-0001","AQS"
"10/22/2000","77","","Dawsonville","13-085-0001","AQS"
"10/23/2000","101","","Dawsonville","13-085-0001","AQS"
"10/24/2000","108","","Dawsonville","13-085-0001","AQS"
"10/25/2000","115","","Yorkville, King Farm","13-223-0003","AQS"
"10/26/2000","97","","Yorkville, King Farm","13-223-0003","AQS"
"10/27/2000","122","","Douglasville","13-097-0004","AQS"
"10/28/2000","97","","Conyers","13-247-0001","AQS"
"10/29/2000","50","","Georgia Station","13-231-9991","AQS"
"10/30/2000","93","","Georgia Station","13-231-9991","AQS"
"10/31/2000","90","","Georgia Station","13-231-9991","AQS"
"11/01/2000","84","","Georgia Station","13-231-9991","AQS"
"11/02/2000","90","","Georgia Station","13-231-9991","AQS"
"11/03/2000","77","","Georgia Station","13-231-9991","AQS"
"11/04/2000","37","","Georgia Station","13-231-9991","AQS"
"11/05/2000","34","","Georgia Station","13-231-9991","AQS"
"11/06/2000","31","","Georgia Station","13-231-9991","AQS"
"11/07/2000","28","","Georgia Station","13-231-9991","AQS"
"11/08/2000","30","","Georgia Station","13-231-9991","AQS"
"11/09/2000","30","","Georgia Station","13-231-9991","AQS"
"11/10/2000","19","","Georgia Station","13-231-9991","AQS"
"11/11/2000","24","","Georgia Station","13-231-9991","AQS"
"11/12/2000","41","","Georgia Station","13-231-9991","AQS"
"11/13/2000","34","","Georgia Station","13-231-9991","AQS"
"11/14/2000","33","","Georgia Station","13-231-9991","AQS"
"11/15/2000","28","","Georgia Station","13-231-9991","AQS"
"11/16/2000","29","","Georgia Station","13-231-9991","AQS"
"11/17/2000","23","","Georgia Station","13-231-9991","AQS"
"11/18/2000","11","","Georgia Station","13-231-9991","AQS"
"11/19/2000","18","","Georgia Station","13-231-9991","AQS"
"11/20/2000","33","","Georgia Station","13-231-9991","AQS"
"11/21/2000","27","","Georgia Station","13-231-9991","AQS"
"11/22/2000","35","","Georgia Station","13-231-9991","AQS"
"11/23/2000","34","","Georgia Station","13-231-9991","AQS"
"11/24/2000","38","","Georgia Station","13-231-9991","AQS"
"11/25/2000","32","","Georgia Station","13-231-9991","AQS"
"11/26/2000","37","","Georgia Station","13-231-9991","AQS"
"11/27/2000","36","","Georgia Station","13-231-9991","AQS"
"11/28/2000","40","","Georgia Station","13-231-9991","AQS"
"11/29/2000","42","","Georgia Station","13-231-9991","AQS"
"11/30/2000","25","","Georgia Station","13-231-9991","AQS"
"12/01/2000","31","","Georgia Station","13-231-9991","AQS"
"12/02/2000","16","","Georgia Station","13-231-9991","AQS"
"12/03/2000","10","","Georgia Station","13-231-9991","AQS"
"12/04/2000","30","","Georgia Station","13-231-9991","AQS"
"12/05/2000","27","","Georgia Station","13-231-9991","AQS"
"12/06/2000","19","","Georgia Station","13-231-9991","AQS"
"12/07/2000","34","","Georgia Station","13-231-9991","AQS"
"12/08/2000","32","","Georgia Station","13-231-9991","AQS"
"12/09/2000","15","","Georgia Station","13-231-9991","AQS"
"12/10/2000","13","","Georgia Station","13-231-9991","AQS"
"12/11/2000","19","","Georgia Station","13-231-9991","AQS"
"12/12/2000","19","","Georgia Station","13-231-9991","AQS"
"12/13/2000","13","","Georgia Station","13-231-9991","AQS"
"12/14/2000","4","","Georgia Station","13-231-9991","AQS"
"12/15/2000","5","","Georgia Station","13-231-9991","AQS"
"12/16/2000","22","","Georgia Station","13-231-9991","AQS"
"12/17/2000","21","","Georgia Station","13-231-9991","AQS"
"12/18/2000","25","","Georgia Station","13-231-9991","AQS"
"12/19/2000","24","","Georgia Station","13-231-9991","AQS"
"12/20/2000","23","","Georgia Station","13-231-9991","AQS"
"12/21/2000","16","","Georgia Station","13-231-9991","AQS"
"12/22/2000","28","","Georgia Station","13-231-9991","AQS"
"12/23/2000","21","","Georgia Station","13-231-9991","AQS"
"12/24/2000","26","","Georgia Station","13-231-9991","AQS"
"12/25/2000","31","","Georgia Station","13-231-9991","AQS"
"12/26/2000","28","","Georgia Station","13-231-9991","AQS"
"12/27/2000","16","","Georgia Station","13-231-9991","AQS"
"12/28/2000","19","","Georgia Station","13-231-9991","AQS"
"12/29/2000","21","","Georgia Station","13-231-9991","AQS"
"12/30/2000","27","","Georgia Station","13-231-9991","AQS"
"12/31/2000","31","","Georgia Station","13-231-9991","AQS"
"01/01/2001","26","","Georgia Station","13-231-9991","AQS"
"01/04/2001","27","","Georgia Station","13-231-9991","AQS"
"01/05/2001","33","","Georgia Station","13-231-9991","AQS"
"01/06/2001","30","","Georgia Station","13-231-9991","AQS"
"01/07/2001","39","","Georgia Station","13-231-9991","AQS"
"01/08/2001","32","","Georgia Station","13-231-9991","AQS"
"01/09/2001","22","","Georgia Station","13-231-9991","AQS"
"01/10/2001","24","","Georgia Station","13-231-9991","AQS"
"01/11/2001","24","","Georgia Station","13-231-9991","AQS"
"01/12/2001","7","","Georgia Station","13-231-9991","AQS"
"01/13/2001","33","","Georgia Station","13-231-9991","AQS"
"01/14/2001","33","","Georgia Station","13-231-9991","AQS"
"01/15/2001","31","","Georgia Station","13-231-9991","AQS"
"01/16/2001","23","","Georgia Station","13-231-9991","AQS"
"01/17/2001","15","","Georgia Station","13-231-9991","AQS"
"01/18/2001","13","","Georgia Station","13-231-9991","AQS"
"01/19/2001","22","","Georgia Station","13-231-9991","AQS"
"01/20/2001","25","","Georgia Station","13-231-9991","AQS"
"01/21/2001","26","","Georgia Station","13-231-9991","AQS"
"01/22/2001","33","","Georgia Station","13-231-9991","AQS"
"01/23/2001","31","","Georgia Station","13-231-9991","AQS"
"01/24/2001","35","","Georgia Station","13-231-9991","AQS"
"01/25/2001","29","","Georgia Station","13-231-9991","AQS"
"01/26/2001","33","","Georgia Station","13-231-9991","AQS"
"01/30/2001","42","","Georgia Station","13-231-9991","AQS"
"01/31/2001","41","","Georgia Station","13-231-9991","AQS"
"02/01/2001","27","","Georgia Station","13-231-9991","AQS"
"02/02/2001","31","","Georgia Station","13-231-9991","AQS"
"02/03/2001","28","","Georgia Station","13-231-9991","AQS"
"02/04/2001","41","","Georgia Station","13-231-9991","AQS"
"02/05/2001","38","","Georgia Station","13-231-9991","AQS"
"02/06/2001","45","","Georgia Station","13-231-9991","AQS"
"02/07/2001","67","","Georgia Station","13-231-9991","AQS"
"02/08/2001","77","","Georgia Station","13-231-9991","AQS"
"02/09/2001","44","","Georgia Station","13-231-9991","AQS"
"02/10/2001","29","","Georgia Station","13-231-9991","AQS"
"02/11/2001","28","","Georgia Station","13-231-9991","AQS"
"02/12/2001","20","","Georgia Station","13-231-9991","AQS"
"02/13/2001","13","","Georgia Station","13-231-9991","AQS"
"02/14/2001","23","","Georgia Station","13-231-9991","AQS"
"02/15/2001","24","","Georgia Station","13-231-9991","AQS"
"02/16/2001","28","","Georgia Station","13-231-9991","AQS"
"02/17/2001","32","","Georgia Station","13-231-9991","AQS"
"02/18/2001","39","","Georgia Station","13-231-9991","AQS"
"02/19/2001","47","","Georgia Station","13-231-9991","AQS"
"02/20/2001","36","","Georgia Station","13-231-9991","AQS"
"02/21/2001","41","","Georgia Station","13-231-9991","AQS"
"02/22/2001","25","","Georgia Station","13-231-9991","AQS"
"02/23/2001","32","","Georgia Station","13-231-9991","AQS"
"02/24/2001","36","","Georgia Station","13-231-9991","AQS"
"02/25/2001","27","","Georgia Station","13-231-9991","AQS"
"02/26/2001","41","","Georgia Station","13-231-9991","AQS"
"02/27/2001","31","","Georgia Station","13-231-9991","AQS"
"02/28/2001","25","","Georgia Station","13-231-9991","AQS"
"03/01/2001","42","","Yorkville, King Farm","13-223-0003","AQS"
"03/02/2001","25","","Georgia Station","13-231-9991","AQS"
"03/03/2001","24","","Yorkville, King Farm","13-223-0003","AQS"
"03/04/2001","35","","Yorkville, King Farm","13-223-0003","AQS"
"03/05/2001","39","","Georgia Station","13-231-9991","AQS"
"03/06/2001","42","","Newnan","13-077-0002","AQS"
"03/07/2001","41","","Georgia Station","13-231-9991","AQS"
"03/08/2001","64","","Dawsonville","13-085-0001","AQS"
"03/09/2001","43","","Dawsonville","13-085-0001","AQS"
"03/10/2001","43","","Dawsonville","13-085-0001","AQS"
"03/11/2001","67","","Dawsonville","13-085-0001","AQS"
"03/12/2001","39","","Georgia Station","13-231-9991","AQS"
"03/13/2001","48","","Dawsonville","13-085-0001","AQS"
"03/14/2001","46","","Dawsonville","13-085-0001","AQS"
"03/15/2001","44","","Georgia Station","13-231-9991","AQS"
"03/16/2001","47","","Georgia Station","13-231-9991","AQS"
"03/17/2001","44","","Newnan","13-077-0002","AQS"
"03/18/2001","46","","Dawsonville","13-085-0001","AQS"
"03/19/2001","45","","Dawsonville","13-085-0001","AQS"
"03/20/2001","42","","Dawsonville","13-085-0001","AQS"
"03/21/2001","31","","Newnan","13-077-0002","AQS"
"03/22/2001","49","","Dawsonville","13-085-0001","AQS"
"03/23/2001","58","","Dawsonville","13-085-0001","AQS"
"03/24/2001","93","","Yorkville, King Farm","13-223-0003","AQS"
"03/25/2001","50","","Dawsonville","13-085-0001","AQS"
"03/26/2001","44","","Dawsonville","13-085-0001","AQS"
"03/27/2001","46","","Dawsonville","13-085-0001","AQS"
"03/28/2001","49","","Dawsonville","13-085-0001","AQS"
"03/29/2001","38","","Dawsonville","13-085-0001","AQS"
"03/30/2001","34","","Georgia Station","13-231-9991","AQS"
"03/31/2001","42","","Georgia Station","13-231-9991","AQS"
"04/01/2001","46","","Georgia Station","13-231-9991","AQS"
"04/02/2001","64","","Georgia Station","13-231-9991","AQS"
"04/03/2001","46","","Georgia Station","13-231-9991","AQS"
"04/04/2001","46","","Dawsonville","13-085-0001","AQS"
"04/05/2001","48","","Georgia Station","13-231-9991","AQS"
"04/06/2001","45","","Dawsonville","13-085-0001","AQS"
"04/07/2001","54","","Dawsonville","13-085-0001","AQS"
"04/08/2001","49","","Dawsonville","13-085-0001","AQS"
"04/09/2001","45","","Dawsonville","13-085-0001","AQS"
"04/10/2001","93","","Tucker-Idlewood Road","13-089-3001","AQS"
"04/11/2001","50","","Dawsonville","13-085-0001","AQS"
"04/12/2001","38","","Dawsonville","13-085-0001","AQS"
"04/13/2001","48","","REINHARDT COLLEGE, SAMUEL C. DOBBS BUILDING","13-057-0001","AQS"
"04/14/2001","77","","Gwinnett","13-135-0002","AQS"
"04/15/2001","51","","Douglasville","13-097-0004","AQS"
"04/16/2001","51","","Georgia Station","13-231-9991","AQS"
"04/17/2001","39","","Georgia Station","13-231-9991","AQS"
"04/18/2001","46","","Dawsonville","13-085-0001","AQS"
"04/19/2001","87","","Georgia Station","13-231-9991","AQS"
"04/20/2001","93","","Dawsonville","13-085-0001","AQS"
"04/21/2001","105","","Dawsonville","13-085-0001","AQS"
"04/22/2001","84","","REINHARDT COLLEGE, SAMUEL C. DOBBS BUILDING","13-057-0001","AQS"
"04/23/2001","74","","Dawsonville","13-085-0001","AQS"
"04/24/2001","42","","Georgia Station","13-231-9991","AQS"
"04/25/2001","67","","Yorkville, King Farm","13-223-0003","AQS"
"04/26/2001","84","","Douglasville","13-097-0004","AQS"
"04/27/2001","133","","Yorkville, King Farm","13-223-0003","AQS"
"04/28/2001","164","","Georgia Station","13-231-9991","AQS"
"04/29/2001","129","","Yorkville, King Farm","13-223-0003","AQS"
"04/30/2001","112","","Yorkville, King Farm","13-223-0003","AQS"
"05/01/2001","112","","Yorkville, King Farm","13-223-0003","AQS"
"05/02/2001","101","","Yorkville, King Farm","13-223-0003","AQS"
"05/03/2001","108","","Yorkville, King Farm","13-223-0003","AQS"
"05/04/2001","150","","Yorkville, King Farm","13-223-0003","AQS"
"05/05/2001","166","","Tucker-Idlewood Road","13-089-3001","AQS"
"05/06/2001","133","","Kennesaw","13-067-0003","AQS"
"05/07/2001","64","","Yorkville, King Farm","13-223-0003","AQS"
"05/08/2001","45","","Conyers","13-247-0001","AQS"
"05/09/2001","49","","Dawsonville","13-085-0001","AQS"
"05/10/2001","84","","Dawsonville","13-085-0001","AQS"
"05/11/2001","54","","Yorkville, King Farm","13-223-0003","AQS"
"05/12/2001","61","","Conyers","13-247-0001","AQS"
"05/13/2001","97","","McDonough","13-151-0002","AQS"
"05/14/2001","136","","Georgia Station","13-231-9991","AQS"
"05/15/2001","133","","Georgia Station","13-231-9991","AQS"
"05/16/2001","140","","Conyers","13-247-0001","AQS"
"05/17/2001","150","","Conyers","13-247-0001","AQS"
"05/18/2001","122","","Dawsonville","13-085-0001","AQS"
"05/19/2001","47","","Dawsonville","13-085-0001","AQS"
"05/20/2001","50","","Kennesaw","13-067-0003","AQS"
"05/21/2001","38","","Dawsonville","13-085-0001","AQS"
"05/22/2001","40","","Yorkville, King Farm","13-223-0003","AQS"
"05/23/2001","77","","Yorkville, King Farm","13-223-0003","AQS"
"05/24/2001","87","","Tucker-Idlewood Road","13-089-3001","AQS"
"05/25/2001","54","","Douglasville","13-097-0004","AQS"
"05/26/2001","71","","Dawsonville","13-085-0001","AQS"
"05/27/2001","90","","Newnan","13-077-0002","AQS"
"05/28/2001","45","","Kennesaw","13-067-0003","AQS"
"05/29/2001","80","","Kennesaw","13-067-0003","AQS"
"05/30/2001","140","","DOT STORAGE FACILITY","13-113-0001","AQS"
"05/31/2001","115","","Yorkville, King Farm","13-223-0003","AQS"
"06/01/2001","40","","REINHARDT COLLEGE, SAMUEL C. DOBBS BUILDING","13-057-0001","AQS"
"06/02/2001","51","","Dawsonville","13-085-0001","AQS"
"06/03/2001","61","","Tucker-Idlewood Road","13-089-3001","AQS"
"06/04/2001","43","","Dawsonville","13-085-0001","AQS"
"06/05/2001","49","","DOT STORAGE FACILITY","13-113-0001","AQS"
"06/06/2001","48","","Dawsonville","13-085-0001","AQS"
"06/07/2001","31","","DOT STORAGE FACILITY","13-113-0001","AQS"
"06/08/2001","34","","REINHARDT COLLEGE, SAMUEL C. DOBBS BUILDING","13-057-0001","AQS"
"06/09/2001","80","","Kennesaw","13-067-0003","AQS"
"06/10/2001","143","","Conyers","13-247-0001","AQS"
"06/11/2001","47","","Dawsonville","13-085-0001","AQS"
"06/12/2001","27","","Yorkville, King Farm","13-223-0003","AQS"
"06/13/2001","156","","Tucker-Idlewood Road","13-089-3001","AQS"
"06/14/2001","47","","Tucker-Idlewood Road","13-089-3001","AQS"
"06/15/2001","39","","Dawsonville","13-085-0001","AQS"
"06/16/2001","67","","McDonough","13-151-0002","AQS"
"06/17/2001","150","","Newnan","13-077-0002","AQS"
"06/18/2001","179","","Douglasville","13-097-0004","AQS"
"06/19/2001","151","","Yorkville, King Farm","13-223-0003","AQS"
"06/20/2001","174","","Kennesaw","13-067-0003","AQS"
"06/21/2001","156","","Dawsonville","13-085-0001","AQS"
"06/22/2001","44","","Yorkville, King Farm","13-223-0003","AQS"
"06/23/2001","80","","McDonough","13-151-0002","AQS"
"06/24/2001","105","","DOT STORAGE FACILITY","13-113-0001","AQS"
"06/25/2001","58","","Tucker-Idlewood Road","13-089-3001","AQS"
"06/26/2001","87","","REINHARDT COLLEGE, SAMUEL C. DOBBS BUILDING","13-057-0001","AQS"
"06/27/2001","143","","REINHARDT COLLEGE, SAMUEL C. DOBBS BUILDING","13-057-0001","AQS"
"06/28/2001","87","","Kennesaw","13-067-0003","AQS"
"06/29/2001","51","","REINHARDT COLLEGE, SAMUEL C. DOBBS BUILDING","13-057-0001","AQS"
"06/30/2001","39","","REINHARDT COLLEGE, SAMUEL C. DOBBS BUILDING","13-057-0001","AQS"
"07/01/2001","58","","Tucker-Idlewood Road","13-089-3001","AQS"
"07/02/2001","93","","Tucker-Idlewood Road","13-089-3001","AQS"
"07/03/2001","50","","Dawsonville","13-085-0001","AQS"
"07/04/2001","40","","Dawsonville","13-085-0001","AQS"
"07/05/2001","77","","Gwinnett","13-135-0002","AQS"
"07/06/2001","108","","McDonough","13-151-0002","AQS"
"07/07/2001","112","","Tucker-Idlewood Road","13-089-3001","AQS"
"07/08/2001","133","","United Avenue","13-121-0055","AQS"
"07/09/2001","112","","Conyers","13-247-0001","AQS"
"07/10/2001","126","","Conyers","13-247-0001","AQS"
"07/11/2001","151","","McDonough","13-151-0002","AQS"
"07/12/2001","209","","McDonough","13-151-0002","AQS"
"07/13/2001","147","","DOT STORAGE FACILITY","13-113-0001","AQS"
"07/14/2001","133","","Douglasville","13-097-0004","AQS"
"07/15/2001","126","","Tucker-Idlewood Road","13-089-3001","AQS"
"07/16/2001","129","","Tucker-Idlewood Road","13-089-3001","AQS"
"07/17/2001","156","","Kennesaw","13-067-0003","AQS"
"07/18/2001","172","","Gwinnett","13-135-0002","AQS"
"07/19/2001","169","","Conyers","13-247-0001","AQS"
"07/20/2001","84","","Georgia Station","13-231-9991","AQS"
"07/21/2001","97","","Yorkville, King Farm","13-223-0003","AQS"
"07/22/2001","143","","Douglasville","13-097-0004","AQS"
"07/23/2001","151","","Newnan","13-077-0002","AQS"
"07/24/2001","44","","Yorkville, King Farm","13-223-0003","AQS"
"07/25/2001","27","","Dawsonville","13-085-0001","AQS"
"07/26/2001","43","","Dawsonville","13-085-0001","AQS"
"07/27/2001","47","","Dawsonville","13-085-0001","AQS"
"07/28/2001","31","","Kennesaw","13-067-0003","AQS"
"07/29/2001","28","","Tucker-Idlewood Road","13-089-3001","AQS"
"07/30/2001","84","","United Avenue","13-121-0055","AQS"
"07/31/2001","101","","Yorkville, King Farm","13-223-0003","AQS"
"08/01/2001","87","","Yorkville, King Farm","13-223-0003","AQS"
"08/02/2001","126","","Douglasville","13-097-0004","AQS"
"08/03/2001","136","","Kennesaw","13-067-0003","AQS"
"08/04/2001","100","","Gwinnett","13-135-0002","AQS"
"08/05/2001","48","","Yorkville, King Farm","13-223-0003","AQS"
"08/06/2001","32","","Georgia Station","13-231-9991","AQS"
"08/07/2001","58","","Dawsonville","13-085-0001","AQS"
"08/08/2001","80","","Conyers","13-247-0001","AQS"
"08/09/2001","71","","Dawsonville","13-085-0001","AQS"
"08/10/2001","64","","Gwinnett","13-135-0002","AQS"
"08/11/2001","61","","Tucker-Idlewood Road","13-089-3001","AQS"
"08/12/2001","38","","Tucker-Idlewood Road","13-089-3001","AQS"
"08/13/2001","37","","REINHARDT COLLEGE, SAMUEL C. DOBBS BUILDING","13-057-0001","AQS"
"08/14/2001","140","","DOT STORAGE FACILITY","13-113-0001","AQS"
"08/15/2001","122","","Kennesaw","13-067-0003","AQS"
"08/16/2001","74","","Dawsonville","13-085-0001","AQS"
"08/17/2001","133","","Gwinnett","13-135-0002","AQS"
"08/18/2001","129","","Gwinnett","13-135-0002","AQS"
"08/19/2001","51","","Dawsonville","13-085-0001","AQS"
"08/20/2001","93","","United Avenue","13-121-0055","AQS"
"08/21/2001","147","","Georgia Station","13-231-9991","AQS"
"08/22/2001","190","","Newnan","13-077-0002","AQS"
"08/23/2001","203","","Gwinnett","13-135-0002","AQS"
"08/24/2001","177","","McDonough","13-151-0002","AQS"
"08/25/2001","161","","Yorkville, King Farm","13-223-0003","AQS"
"08/26/2001","122","","Kennesaw","13-067-0003","AQS"
"08/27/2001","93","","Tucker-Idlewood Road","13-089-3001","AQS"
"08/28/2001","44","","McDonough","13-151-0002","AQS"
"08/29/2001","67","","DOT STORAGE FACILITY","13-113-0001","AQS"
"08/30/2001","31","","Dawsonville","13-085-0001","AQS"
"08/31/2001","38","","Conyers","13-247-0001","AQS"
"09/01/2001","29","","Georgia Station","13-231-9991","AQS"
"09/02/2001","29","","Georgia Station","13-231-9991","AQS"
"09/03/2001","15","","Dawsonville","13-085-0001","AQS"
"09/04/2001","29","","Dawsonville","13-085-0001","AQS"
"09/05/2001","84","","Kennesaw","13-067-0003","AQS"
"09/06/2001","93","","Yorkville, King Farm","13-223-0003","AQS"
"09/07/2001","93","","Kennesaw","13-067-0003","AQS"
"09/08/2001","46","","Yorkville, King Farm","13-223-0003","AQS"
"09/09/2001","71","","Yorkville, King Farm","13-223-0003","AQS"
"09/10/2001","64","","Newnan","13-077-0002","AQS"
"09/11/2001","47","","Douglasville","13-097-0004","AQS"
"09/12/2001","80","","REINHARDT COLLEGE, SAMUEL C. DOBBS BUILDING","13-057-0001","AQS"
"09/13/2001","140","","Douglasville","13-097-0004","AQS"
"09/14/2001","108","","Gwinnett","13-135-0002","AQS"
"09/15/2001","47","","Newnan","13-077-0002","AQS"
"09/16/2001","71","","Georgia Station","13-231-9991","AQS"
"09/17/2001","101","","Tucker-Idlewood Road","13-089-3001","AQS"
"09/18/2001","112","","Conyers","13-247-0001","AQS"
"09/19/2001","51","","Georgia Station","13-231-9991","AQS"
"09/20/2001","50","","Georgia Station","13-231-9991","AQS"
"09/21/2001","97","","Georgia Station","13-231-9991","AQS"
"09/22/2001","143","","McDonough","13-151-0002","AQS"
"09/23/2001","97","","Douglasville","13-097-0004","AQS"
"09/24/2001","36","","Georgia Station","13-231-9991","AQS"
"09/25/2001","34","","Newnan","13-077-0002","AQS"
"09/26/2001","43","","Georgia Station","13-231-9991","AQS"
"09/27/2001","45","","Yorkville, King Farm","13-223-0003","AQS"
"09/28/2001","71","","Conyers","13-247-0001","AQS"
"09/29/2001","43","","Georgia Station","13-231-9991","AQS"
"09/30/2001","45","","Georgia Station","13-231-9991","AQS"
"10/01/2001","46","","Newnan","13-077-0002","AQS"
"10/02/2001","90","","Georgia Station","13-231-9991","AQS"
"10/03/2001","108","","Georgia Station","13-231-9991","AQS"
"10/04/2001","115","","Dawsonville","13-085-0001","AQS"
"10/05/2001","42","","Georgia Station","13-231-9991","AQS"
"10/06/2001","25","","Yorkville, King Farm","13-223-0003","AQS"
"10/07/2001","42","","Georgia Station","13-231-9991","AQS"
"10/08/2001","45","","Georgia Station","13-231-9991","AQS"
"10/09/2001","43","","Georgia Station","13-231-9991","AQS"
"10/10/2001","35","","REINHARDT COLLEGE, SAMUEL C. DOBBS BUILDING","13-057-0001","AQS"
"10/11/2001","31","","DOT STORAGE FACILITY","13-113-0001","AQS"
"10/12/2001","30","","DOT STORAGE FACILITY","13-113-0001","AQS"
"10/13/2001","31","","REINHARDT COLLEGE, SAMUEL C. DOBBS BUILDING","13-057-0001","AQS"
"10/14/2001","51","","REINHARDT COLLEGE, SAMUEL C. DOBBS BUILDING","13-057-0001","AQS"
"10/15/2001","47","","REINHARDT COLLEGE, SAMUEL C. DOBBS BUILDING","13-057-0001","AQS"
"10/16/2001","34","","REINHARDT COLLEGE, SAMUEL C. DOBBS BUILDING","13-057-0001","AQS"
"10/17/2001","32","","REINHARDT COLLEGE, SAMUEL C. DOBBS BUILDING","13-057-0001","AQS"
"10/18/2001","38","","Conyers","13-247-0001","AQS"
"10/19/2001","40","","Georgia Station","13-231-9991","AQS"
"10/20/2001","49","","Dawsonville","13-085-0001","AQS"
"10/21/2001","51","","Georgia Station","13-231-9991","AQS"
"10/22/2001","51","","Dawsonville","13-085-0001","AQS"
"10/23/2001","61","","Dawsonville","13-085-0001","AQS"
"10/24/2001","32","","Georgia Station","13-231-9991","AQS"
"10/25/2001","37","","Dawsonville","13-085-0001","AQS"
"10/26/2001","37","","Yorkville, King Farm","13-223-0003","AQS"
"10/27/2001","31","","Newnan","13-077-0002","AQS"
"10/28/2001","35","","Dawsonville","13-085-0001","AQS"
"10/29/2001","44","","Dawsonville","13-085-0001","AQS"
"10/30/2001","50","","Georgia Station","13-231-9991","AQS"
"10/31/2001","51","","Dawsonville","13-085-0001","AQS"
"11/01/2001","39","","Georgia Station","13-231-9991","AQS"
"11/02/2001","32","","Georgia Station","13-231-9991","AQS"
"11/03/2001","50","","Georgia Station","13-231-9991","AQS"
"11/04/2001","48","","Georgia Station","13-231-9991","AQS"
"11/05/2001","44","","Georgia Station","13-231-9991","AQS"
"11/06/2001","49","","Georgia Station","13-231-9991","AQS"
"11/07/2001","101","","Georgia Station","13-231-9991","AQS"
"11/08/2001","112","","Georgia Station","13-231-9991","AQS"
"11/09/2001","51","","Georgia Station","13-231-9991","AQS"
"11/10/2001","64","","Georgia Station","13-231-9991","AQS"
"11/11/2001","45","","Georgia Station","13-231-9991","AQS"
"11/12/2001","54","","Georgia Station","13-231-9991","AQS"
"11/13/2001","36","","Georgia Station","13-231-9991","AQS"
"11/14/2001","35","","Georgia Station","13-231-9991","AQS"
"11/15/2001","44","","Georgia Station","13-231-9991","AQS"
"11/16/2001","44","","Georgia Station","13-231-9991","AQS"
"11/17/2001","71","","Georgia Station","13-231-9991","AQS"
"11/18/2001","61","","Georgia Station","13-231-9991","AQS"
"11/19/2001","71","","Georgia Station","13-231-9991","AQS"
"11/20/2001","42","","Georgia Station","13-231-9991","AQS"
"11/21/2001","26","","Georgia Station","13-231-9991","AQS"
"11/22/2001","44","","Georgia Station","13-231-9991","AQS"
"11/23/2001","29","","Georgia Station","13-231-9991","AQS"
"11/24/2001","36","","Georgia Station","13-231-9991","AQS"
"11/25/2001","27","","Georgia Station","13-231-9991","AQS"
"11/26/2001","19","","Georgia Station","13-231-9991","AQS"
"11/27/2001","31","","Georgia Station","13-231-9991","AQS"
"11/28/2001","37","","Georgia Station","13-231-9991","AQS"
"11/29/2001","33","","Georgia Station","13-231-9991","AQS"
"11/30/2001","36","","Georgia Station","13-231-9991","AQS"
"12/01/2001","31","","Georgia Station","13-231-9991","AQS"
"12/02/2001","31","","Georgia Station","13-231-9991","AQS"
"12/03/2001","37","","Georgia Station","13-231-9991","AQS"
"12/04/2001","39","","Georgia Station","13-231-9991","AQS"
"12/05/2001","34","","Georgia Station","13-231-9991","AQS"
"12/06/2001","37","","Georgia Station","13-231-9991","AQS"
"12/07/2001","41","","Georgia Station","13-231-9991","AQS"
"12/08/2001","35","","Georgia Station","13-231-9991","AQS"
"12/09/2001","20","","Georgia Station","13-231-9991","AQS"
"12/10/2001","19","","Georgia Station","13-231-9991","AQS"
"12/11/2001","8","","Georgia Station","13-231-9991","AQS"
"12/12/2001","6","","Georgia Station","13-231-9991","AQS"
"12/13/2001","10","","Georgia Station","13-231-9991","AQS"
"12/14/2001","24","","Georgia Station","13-231-9991","AQS"
"12/15/2001","25","","Georgia Station","13-231-9991","AQS"
"12/16/2001","24","","Georgia Station","13-231-9991","AQS"
"12/17/2001","26","","Georgia Station","13-231-9991","AQS"
"12/18/2001","30","","Georgia Station","13-231-9991","AQS"
"12/19/2001","38","","Georgia Station","13-231-9991","AQS"
"12/20/2001","29","","Georgia Station","13-231-9991","AQS"
"12/21/2001","30","","Georgia Station","13-231-9991","AQS"
"12/22/2001","37","","Georgia Station","13-231-9991","AQS"
"12/23/2001","30","","Georgia Station","13-231-9991","AQS"
"12/24/2001","30","","Georgia Station","13-231-9991","AQS"
"12/25/2001","29","","Georgia Station","13-231-9991","AQS"
"12/26/2001","30","","Georgia Station","13-231-9991","AQS"
"12/27/2001","31","","Georgia Station","13-231-9991","AQS"
"12/28/2001","41","","Georgia Station","13-231-9991","AQS"
"12/29/2001","41","","Georgia Station","13-231-9991","AQS"
"12/30/2001","27","","Georgia Station","13-231-9991","AQS"
"12/31/2001","20","","Georgia Station","13-231-9991","AQS"
"01/01/2002","29","","Georgia Station","13-231-9991","AQS"
"01/02/2002","22","","Georgia Station","13-231-9991","AQS"
"01/03/2002","26","","Georgia Station","13-231-9991","AQS"
"01/04/2002","23","","Georgia Station","13-231-9991","AQS"
"01/05/2002","31","","Georgia Station","13-231-9991","AQS"
"01/06/2002","25","","Georgia Station","13-231-9991","AQS"
"01/07/2002","23","","Georgia Station","13-231-9991","AQS"
"01/08/2002","28","","Georgia Station","13-231-9991","AQS"
"01/09/2002","43","","Georgia Station","13-231-9991","AQS"
"01/10/2002","38","","Georgia Station","13-231-9991","AQS"
"01/11/2002","30","","Georgia Station","13-231-9991","AQS"
"01/12/2002","16","","Georgia Station","13-231-9991","AQS"
"01/13/2002","31","","Georgia Station","13-231-9991","AQS"
"01/14/2002","30","","Georgia Station","13-231-9991","AQS"
"01/15/2002","27","","Georgia Station","13-231-9991","AQS"
"01/16/2002","25","","Georgia Station","13-231-9991","AQS"
"01/17/2002","41","","Georgia Station","13-231-9991","AQS"
"01/18/2002","34","","Georgia Station","13-231-9991","AQS"
"01/19/2002","29","","Georgia Station","13-231-9991","AQS"
"01/20/2002","28","","Georgia Station","13-231-9991","AQS"
"01/21/2002","39","","Georgia Station","13-231-9991","AQS"
"01/22/2002","33","","Georgia Station","13-231-9991","AQS"
"01/23/2002","30","","Georgia Station","13-231-9991","AQS"
"01/24/2002","27","","Georgia Station","13-231-9991","AQS"
"01/25/2002","24","","Georgia Station","13-231-9991","AQS"
"01/26/2002","31","","Georgia Station","13-231-9991","AQS"
"01/27/2002","40","","Georgia Station","13-231-9991","AQS"
"01/28/2002","31","","Georgia Station","13-231-9991","AQS"
"01/29/2002","22","","Georgia Station","13-231-9991","AQS"
"01/30/2002","35","","Georgia Station","13-231-9991","AQS"
"02/01/2002","29","","Georgia Station","13-231-9991","AQS"
"02/02/2002","25","","Georgia Station","13-231-9991","AQS"
"02/03/2002","22","","Georgia Station","13-231-9991","AQS"
"02/04/2002","34","","Georgia Station","13-231-9991","AQS"
"02/05/2002","25","","Georgia Station","13-231-9991","AQS"
"02/06/2002","22","","Georgia Station","13-231-9991","AQS"
"02/07/2002","11","","Georgia Station","13-231-9991","AQS"
"02/08/2002","31","","Georgia Station","13-231-9991","AQS"
"02/09/2002","40","","Georgia Station","13-231-9991","AQS"
"02/10/2002","42","","Georgia Station","13-231-9991","AQS"
"02/11/2002","26","","Georgia Station","13-231-9991","AQS"
"02/12/2002","35","","Georgia Station","13-231-9991","AQS"
"02/13/2002","31","","Georgia Station","13-231-9991","AQS"
"02/14/2002","39","","Georgia Station","13-231-9991","AQS"
"02/15/2002","61","","Georgia Station","13-231-9991","AQS"
"02/16/2002","47","","Georgia Station","13-231-9991","AQS"
"02/17/2002","39","","Georgia Station","13-231-9991","AQS"
"02/18/2002","42","","Georgia Station","13-231-9991","AQS"
"02/19/2002","43","","Georgia Station","13-231-9991","AQS"
"02/20/2002","33","","Georgia Station","13-231-9991","AQS"
"02/21/2002","46","","Georgia Station","13-231-9991","AQS"
"02/22/2002","31","","Georgia Station","13-231-9991","AQS"
"02/23/2002","31","","Georgia Station","13-231-9991","AQS"
"02/24/2002","44","","Georgia Station","13-231-9991","AQS"
"02/25/2002","71","","Georgia Station","13-231-9991","AQS"
"02/26/2002","43","","Georgia Station","13-231-9991","AQS"
"02/27/2002","28","","Georgia Station","13-231-9991","AQS"
"02/28/2002","31","","Georgia Station","13-231-9991","AQS"
"03/01/2002","45","","Conyers","13-247-0001","AQS"
"03/02/2002","33","","Tucker-Idlewood Road","13-089-3001","AQS"
"03/03/2002","31","","Newnan","13-077-0002","AQS"
"03/04/2002","39","","Douglasville","13-097-0004","AQS"
"03/05/2002","48","","Yorkville, King Farm","13-223-0003","AQS"
"03/06/2002","71","","Yorkville, King Farm","13-223-0003","AQS"
"03/07/2002","54","","Dawsonville","13-085-0001","AQS"
"03/08/2002","43","","REINHARDT COLLEGE, SAMUEL C. DOBBS BUILDING","13-057-0001","AQS"
"03/09/2002","33","","Yorkville, King Farm","13-223-0003","AQS"
"03/10/2002","44","","Yorkville, King Farm","13-223-0003","AQS"
"03/11/2002","47","","Georgia Station","13-231-9991","AQS"
"03/12/2002","34","","Yorkville, King Farm","13-223-0003","AQS"
"03/13/2002","30","","Douglasville","13-097-0004","AQS"
"03/14/2002","41","","Georgia Station","13-231-9991","AQS"
"03/15/2002","35","","Georgia Station","13-231-9991","AQS"
"03/16/2002","32","","Dawsonville","13-085-0001","AQS"
"03/17/2002","27","","Yorkville, King Farm","13-223-0003","AQS"
"03/18/2002","39","","Yorkville, King Farm","13-223-0003","AQS"
"03/19/2002","34","","Georgia Station","13-231-9991","AQS"
"03/20/2002","35","","Georgia Station","13-231-9991","AQS"
"03/21/2002","40","","REINHARDT COLLEGE, SAMUEL C. DOBBS BUILDING","13-057-0001","AQS"
"03/22/2002","39","","Yorkville, King Farm","13-223-0003","AQS"
"03/23/2002","47","","Yorkville, King Farm","13-223-0003","AQS"
"03/24/2002","64","","Yorkville, King Farm","13-223-0003","AQS"
"03/25/2002","44","","Newnan","13-077-0002","AQS"
"03/26/2002","28","","Dawsonville","13-085-0001","AQS"
"03/27/2002","40","","Newnan","13-077-0002","AQS"
"03/28/2002","47","","Dawsonville","13-085-0001","AQS"
"03/29/2002","64","","Dawsonville","13-085-0001","AQS"
"03/30/2002","32","","Georgia Station","13-231-9991","AQS"
"03/31/2002","36","","Georgia Station","13-231-9991","AQS"
"04/01/2002","51","","Yorkville, King Farm","13-223-0003","AQS"
"04/02/2002","58","","Dawsonville","13-085-0001","AQS"
"04/03/2002","44","","Gwinnett","13-135-0002","AQS"
"04/04/2002","42","","Dawsonville","13-085-0001","AQS"
"04/05/2002","54","","Newnan","13-077-0002","AQS"
"04/06/2002","71","","Yorkville, King Farm","13-223-0003","AQS"
"04/07/2002","87","","Yorkville, King Farm","13-223-0003","AQS"
"04/08/2002","50","","REINHARDT COLLEGE, SAMUEL C. DOBBS BUILDING","13-057-0001","AQS"
"04/09/2002","40","","Yorkville, King Farm","13-223-0003","AQS"
"04/10/2002","47","","REINHARDT COLLEGE, SAMUEL C. DOBBS BUILDING","13-057-0001","AQS"
"04/11/2002","36","","Dawsonville","13-085-0001","AQS"
"04/12/2002","30","","Georgia Station","13-231-9991","AQS"
"04/13/2002","29","","Georgia Station","13-231-9991","AQS"
"04/14/2002","37","","Dawsonville","13-085-0001","AQS"
"04/15/2002","48","","Dawsonville","13-085-0001","AQS"
"04/16/2002","50","","Dawsonville","13-085-0001","AQS"
"04/17/2002","48","","Conyers","13-247-0001","AQS"
"04/18/2002","74","","Dawsonville","13-085-0001","AQS"
"04/19/2002","67","","McDonough","13-151-0002","AQS"
"04/20/2002","64","","Conyers","13-247-0001","AQS"
"04/21/2002","51","","Tucker-Idlewood Road","13-089-3001","AQS"
"04/22/2002","47","","Douglasville","13-097-0004","AQS"
"04/23/2002","100","","Georgia Station","13-231-9991","AQS"
"04/24/2002","100","","Conyers","13-247-0001","AQS"
"04/25/2002","67","","Georgia Station","13-231-9991","AQS"
"04/26/2002","47","","Georgia Station","13-231-9991","AQS"
"04/27/2002","46","","Conyers","13-247-0001","AQS"
"04/28/2002","41","","Yorkville, King Farm","13-223-0003","AQS"
"04/29/2002","71","","Douglasville","13-097-0004","AQS"
"04/30/2002","40","","Georgia Station","13-231-9991","AQS"
"05/01/2002","36","","Yorkville, King Farm","13-223-0003","AQS"
"05/02/2002","67","","Dawsonville","13-085-0001","AQS"
"05/03/2002","35","","McDonough","13-151-0002","AQS"
"05/04/2002","31","","Gwinnett","13-135-0002","AQS"
"05/05/2002","44","","Yorkville, King Farm","13-223-0003","AQS"
"05/06/2002","49","","REINHARDT COLLEGE, SAMUEL C. DOBBS BUILDING","13-057-0001","AQS"
"05/07/2002","44","","Dawsonville","13-085-0001","AQS"
"05/08/2002","58","","Dawsonville","13-085-0001","AQS"
"05/09/2002","40","","Tucker-Idlewood Road","13-089-3001","AQS"
"05/10/2002","48","","Newnan","13-077-0002","AQS"
"05/11/2002","90","","Yorkville, King Farm","13-223-0003","AQS"
"05/12/2002","42","","REINHARDT COLLEGE, SAMUEL C. DOBBS BUILDING","13-057-0001","AQS"
"05/13/2002","40","","Douglasville","13-097-0004","AQS"
"05/14/2002","67","","Douglasville","13-097-0004","AQS"
"05/15/2002","87","","REINHARDT COLLEGE, SAMUEL C. DOBBS BUILDING","13-057-0001","AQS"
"05/16/2002","105","","Dawsonville","13-085-0001","AQS"
"05/17/2002","45","","Dawsonville","13-085-0001","AQS"
"05/18/2002","42","","Newnan","13-077-0002","AQS"
"05/19/2002","51","","Newnan","13-077-0002","AQS"
"05/20/2002","64","","Kennesaw","13-067-0003","AQS"
"05/21/2002","67","","Georgia Station","13-231-9991","AQS"
"05/22/2002","80","","Yorkville, King Farm","13-223-0003","AQS"
"05/23/2002","126","","South DeKalb","13-089-0002","AQS"
"05/24/2002","150","","Conyers","13-247-0001","AQS"
"05/25/2002","140","","Tucker-Idlewood Road","13-089-3001","AQS"
"05/26/2002","115","","United Avenue","13-121-0055","AQS"
"05/27/2002","90","","Kennesaw","13-067-0003","AQS"
"05/28/2002","97","","Yorkville, King Farm","13-223-0003","AQS"
"05/29/2002","50","","Dawsonville","13-085-0001","AQS"
"05/30/2002","44","","Yorkville, King Farm","13-223-0003","AQS"
"05/31/2002","112","","Tucker-Idlewood Road","13-089-3001","AQS"
"06/01/2002","150","","McDonough","13-151-0002","AQS"
"06/02/2002","164","","McDonough","13-151-0002","AQS"
"06/03/2002","217","","McDonough","13-151-0002","AQS"
"06/04/2002","182","","Yorkville, King Farm","13-223-0003","AQS"
"06/05/2002","112","","Kennesaw","13-067-0003","AQS"
"06/06/2002","51","","Gwinnett","13-135-0002","AQS"
"06/07/2002","119","","Douglasville","13-097-0004","AQS"
"06/08/2002","90","","Kennesaw","13-067-0003","AQS"
"06/09/2002","133","","Douglasville","13-097-0004","AQS"
"06/10/2002","202","","Yorkville, King Farm","13-223-0003","AQS"
"06/11/2002","207","","Kennesaw","13-067-0003","AQS"
"06/12/2002","223","","McDonough","13-151-0002","AQS"
"06/13/2002","200","","Conyers","13-247-0001","AQS"
"06/14/2002","45","","McDonough","13-151-0002","AQS"
"06/15/2002","74","","McDonough","13-151-0002","AQS"
"06/16/2002","122","","McDonough","13-151-0002","AQS"
"06/17/2002","147","","Newnan","13-077-0002","AQS"
"06/18/2002","182","","Yorkville, King Farm","13-223-0003","AQS"
"06/19/2002","122","","Yorkville, King Farm","13-223-0003","AQS"
"06/20/2002","136","","Douglasville","13-097-0004","AQS"
"06/21/2002","129","","Yorkville, King Farm","13-223-0003","AQS"
"06/22/2002","77","","Yorkville, King Farm","13-223-0003","AQS"
"06/23/2002","33","","Yorkville, King Farm","13-223-0003","AQS"
"06/24/2002","50","","Yorkville, King Farm","13-223-0003","AQS"
"06/25/2002","36","","Dawsonville","13-085-0001","AQS"
"06/26/2002","48","","REINHARDT COLLEGE, SAMUEL C. DOBBS BUILDING","13-057-0001","AQS"
"06/27/2002","44","","Dawsonville","13-085-0001","AQS"
"06/28/2002","29","","Dawsonville","13-085-0001","AQS"
"06/29/2002","46","","Gwinnett","13-135-0002","AQS"
"06/30/2002","80","","United Avenue","13-121-0055","AQS"
"07/01/2002","161","","Douglasville","13-097-0004","AQS"
"07/02/2002","185","","Conyers","13-247-0001","AQS"
"07/03/2002","122","","Conyers","13-247-0001","AQS"
"07/04/2002","177","","Douglasville","13-097-0004","AQS"
"07/05/2002","190","","United Avenue","13-121-0055","AQS"
"07/06/2002","192","","Douglasville","13-097-0004","AQS"
"07/07/2002","112","","Douglasville","13-097-0004","AQS"
"07/08/2002","150","","Douglasville","13-097-0004","AQS"
"07/09/2002","122","","Gwinnett","13-135-0002","AQS"
"07/10/2002","101","","Gwinnett","13-135-0002","AQS"
"07/11/2002","80","","Dawsonville","13-085-0001","AQS"
"07/12/2002","48","","Gwinnett","13-135-0002","AQS"
"07/13/2002","41","","REINHARDT COLLEGE, SAMUEL C. DOBBS BUILDING","13-057-0001","AQS"
"07/14/2002","74","","Gwinnett","13-135-0002","AQS"
"07/15/2002","136","","Conyers","13-247-0001","AQS"
"07/16/2002","154","","Conyers","13-247-0001","AQS"
"07/17/2002","192","","McDonough","13-151-0002","AQS"
"07/18/2002","97","","Conyers","13-247-0001","AQS"
"07/19/2002","64","","Conyers","13-247-0001","AQS"
"07/20/2002","126","","Conyers","13-247-0001","AQS"
"07/21/2002","126","","United Avenue","13-121-0055","AQS"
"07/22/2002","150","","Douglasville","13-097-0004","AQS"
"07/23/2002","159","","Tucker-Idlewood Road","13-089-3001","AQS"
"07/24/2002","61","","Conyers","13-247-0001","AQS"
"07/25/2002","84","","Dawsonville","13-085-0001","AQS"
"07/26/2002","50","","REINHARDT COLLEGE, SAMUEL C. DOBBS BUILDING","13-057-0001","AQS"
"07/27/2002","71","","Gwinnett","13-135-0002","AQS"
"07/28/2002","50","","Gwinnett","13-135-0002","AQS"
"07/29/2002","74","","Conyers","13-247-0001","AQS"
"07/30/2002","61","","Tucker-Idlewood Road","13-089-3001","AQS"
"07/31/2002","84","","McDonough","13-151-0002","AQS"
"08/01/2002","201","","Newnan","13-077-0002","AQS"
"08/02/2002","172","","Douglasville","13-097-0004","AQS"
"08/03/2002","122","","Douglasville","13-097-0004","AQS"
"08/04/2002","119","","Douglasville","13-097-0004","AQS"
"08/05/2002","185","","United Avenue","13-121-0055","AQS"
"08/06/2002","174","","Newnan","13-077-0002","AQS"
"08/07/2002","166","","Douglasville","13-097-0004","AQS"
"08/08/2002","202","","United Avenue","13-121-0055","AQS"
"08/09/2002","208","","REINHARDT COLLEGE, SAMUEL C. DOBBS BUILDING","13-057-0001","AQS"
"08/10/2002","177","","Kennesaw","13-067-0003","AQS"
"08/11/2002","169","","Kennesaw","13-067-0003","AQS"
"08/12/2002","169","","Dawsonville","13-085-0001","AQS"
"08/13/2002","147","","Georgia Station","13-231-9991","AQS"
"08/14/2002","105","","Dawsonville","13-085-0001","AQS"
"08/15/2002","80","","Dawsonville","13-085-0001","AQS"
"08/16/2002","47","","Dawsonville","13-085-0001","AQS"
"08/17/2002","41","","United Avenue","13-121-0055","AQS"
"08/18/2002","51","","Tucker-Idlewood Road","13-089-3001","AQS"
"08/19/2002","90","","McDonough","13-151-0002","AQS"
"08/20/2002","122","","Georgia Station","13-231-9991","AQS"
"08/21/2002","143","","Kennesaw","13-067-0003","AQS"
"08/22/2002","122","","REINHARDT COLLEGE, SAMUEL C. DOBBS BUILDING","13-057-0001","AQS"
"08/23/2002","126","","South DeKalb","13-089-0002","AQS"
"08/24/2002","80","","Gwinnett","13-135-0002","AQS"
"08/25/2002","64","","Tucker-Idlewood Road","13-089-3001","AQS"
"08/26/2002","105","","Kennesaw","13-067-0003","AQS"
"08/27/2002","61","","Douglasville","13-097-0004","AQS"
"08/28/2002","58","","Kennesaw","13-067-0003","AQS"
"08/29/2002","44","","Yorkville, King Farm","13-223-0003","AQS"
"08/30/2002","36","","REINHARDT COLLEGE, SAMUEL C. DOBBS BUILDING","13-057-0001","AQS"
"08/31/2002","29","","REINHARDT COLLEGE, SAMUEL C. DOBBS BUILDING","13-057-0001","AQS"
"09/01/2002","38","","Douglasville","13-097-0004","AQS"
"09/02/2002","44","","Douglasville","13-097-0004","AQS"
"09/03/2002","100","","Yorkville, King Farm","13-223-0003","AQS"
"09/04/2002","185","","Newnan","13-077-0002","AQS"
"09/05/2002","197","","Yorkville, King Farm","13-223-0003","AQS"
"09/06/2002","164","","Yorkville, King Farm","13-223-0003","AQS"
"09/07/2002","147","","Yorkville, King Farm","13-223-0003","AQS"
"09/08/2002","115","","Douglasville","13-097-0004","AQS"
"09/09/2002","187","","Newnan","13-077-0002","AQS"
"09/10/2002","185","","McDonough","13-151-0002","AQS"
"09/11/2002","197","","Georgia Station","13-231-9991","AQS"
"09/12/2002","185","","Yorkville, King Farm","13-223-0003","AQS"
"09/13/2002","44","","REINHARDT COLLEGE, SAMUEL C. DOBBS BUILDING","13-057-0001","AQS"
"09/14/2002","20","","Yorkville, King Farm","13-223-0003","AQS"
"09/15/2002","20","","Newnan","13-077-0002","AQS"
"09/16/2002","77","","McDonough","13-151-0002","AQS"
"09/17/2002","100","","Georgia Station","13-231-9991","AQS"
"09/18/2002","40","","McDonough","13-151-0002","AQS"
"09/19/2002","42","","Georgia Station","13-231-9991","AQS"
"09/20/2002","37","","REINHARDT COLLEGE, SAMUEL C. DOBBS BUILDING","13-057-0001","AQS"
"09/21/2002","29","","South DeKalb","13-089-0002","AQS"
"09/22/2002","24","","Conyers","13-247-0001","AQS"
"09/23/2002","43","","Yorkville, King Farm","13-223-0003","AQS"
"09/24/2002","38","","Conyers","13-247-0001","AQS"
"09/25/2002","42","","Yorkville, King Farm","13-223-0003","AQS"
"09/26/2002","36","","REINHARDT COLLEGE, SAMUEL C. DOBBS BUILDING","13-057-0001","AQS"
"09/27/2002","22","","Georgia Station","13-231-9991","AQS"
"09/28/2002","36","","Kennesaw","13-067-0003","AQS"
"09/29/2002","36","","Gwinnett","13-135-0002","AQS"
"09/30/2002","39","","REINHARDT COLLEGE, SAMUEL C. DOBBS BUILDING","13-057-0001","AQS"
"10/01/2002","46","","Yorkville, King Farm","13-223-0003","AQS"
"10/02/2002","45","","REINHARDT COLLEGE, SAMUEL C. DOBBS BUILDING","13-057-0001","AQS"
"10/03/2002","48","","REINHARDT COLLEGE, SAMUEL C. DOBBS BUILDING","13-057-0001","AQS"
"10/04/2002","32","","Conyers","13-247-0001","AQS"
"10/05/2002","43","","Dawsonville","13-085-0001","AQS"
"10/06/2002","74","","Gwinnett","13-135-0002","AQS"
"10/07/2002","35","","Yorkville, King Farm","13-223-0003","AQS"
"10/08/2002","35","","REINHARDT COLLEGE, SAMUEL C. DOBBS BUILDING","13-057-0001","AQS"
"10/09/2002","22","","Dawsonville","13-085-0001","AQS"
"10/10/2002","23","","REINHARDT COLLEGE, SAMUEL C. DOBBS BUILDING","13-057-0001","AQS"
"10/11/2002","29","","Dawsonville","13-085-0001","AQS"
"10/12/2002","38","","Dawsonville","13-085-0001","AQS"
"10/13/2002","38","","Newnan","13-077-0002","AQS"
"10/14/2002","31","","REINHARDT COLLEGE, SAMUEL C. DOBBS BUILDING","13-057-0001","AQS"
"10/15/2002","27","","Dawsonville","13-085-0001","AQS"
"10/16/2002","34","","Yorkville, King Farm","13-223-0003","AQS"
"10/17/2002","40","","Newnan","13-077-0002","AQS"
"10/18/2002","47","","Georgia Station","13-231-9991","AQS"
"10/19/2002","47","","Newnan","13-077-0002","AQS"
"10/20/2002","40","","McDonough","13-151-0002","AQS"
"10/21/2002","31","","Yorkville, King Farm","13-223-0003","AQS"
"10/22/2002","21","","REINHARDT COLLEGE, SAMUEL C. DOBBS BUILDING","13-057-0001","AQS"
"10/23/2002","15","","REINHARDT COLLEGE, SAMUEL C. DOBBS BUILDING","13-057-0001","AQS"
"10/24/2002","31","","Conyers","13-247-0001","AQS"
"10/25/2002","22","","REINHARDT COLLEGE, SAMUEL C. DOBBS BUILDING","13-057-0001","AQS"
"10/26/2002","14","","Yorkville, King Farm","13-223-0003","AQS"
"10/27/2002","16","","Conyers","13-247-0001","AQS"
"10/28/2002","20","","Yorkville, King Farm","13-223-0003","AQS"
"10/29/2002","19","","Georgia Station","13-231-9991","AQS"
"10/30/2002","34","","Georgia Station","13-231-9991","AQS"
"10/31/2002","30","","Dawsonville","13-085-0001","AQS"
"11/01/2002","24","","Georgia Station","13-231-9991","AQS"
"11/02/2002","30","","Georgia Station","13-231-9991","AQS"
"11/03/2002","29","","Georgia Station","13-231-9991","AQS"
"11/04/2002","16","","Georgia Station","13-231-9991","AQS"
"11/05/2002","17","","Georgia Station","13-231-9991","AQS"
"11/06/2002","31","","Georgia Station","13-231-9991","AQS"
"11/07/2002","30","","Georgia Station","13-231-9991","AQS"
"11/08/2002","39","","Georgia Station","13-231-9991","AQS"
"11/09/2002","40","","Georgia Station","13-231-9991","AQS"
"11/10/2002","27","","Georgia Station","13-231-9991","AQS"
"11/11/2002","31","","Georgia Station","13-231-9991","AQS"
"11/12/2002","30","","Georgia Station","13-231-9991","AQS"
"11/13/2002","27","","Georgia Station","13-231-9991","AQS"
"11/14/2002","34","","Georgia Station","13-231-9991","AQS"
"11/16/2002","20","","Georgia Station","13-231-9991","AQS"
"11/17/2002","30","","Georgia Station","13-231-9991","AQS"
"11/18/2002","33","","Georgia Station","13-231-9991","AQS"
"11/19/2002","30","","Georgia Station","13-231-9991","AQS"
"11/20/2002","19","","Georgia Station","13-231-9991","AQS"
"11/21/2002","36","","Georgia Station","13-231-9991","AQS"
"11/22/2002","29","","Georgia Station","13-231-9991","AQS"
"11/23/2002","29","","Georgia Station","13-231-9991","AQS"
"11/24/2002","31","","Georgia Station","13-231-9991","AQS"
"11/25/2002","39","","Georgia Station","13-231-9991","AQS"
"11/26/2002","43","","Georgia Station","13-231-9991","AQS"
"11/27/2002","16","","Georgia Station","13-231-9991","AQS"
"11/28/2002","27","","Georgia Station","13-231-9991","AQS"
"11/29/2002","39","","Georgia Station","13-231-9991","AQS"
"11/30/2002","39","","Georgia Station","13-231-9991","AQS"
"12/01/2002","29","","Georgia Station","13-231-9991","AQS"
"12/02/2002","32","","Georgia Station","13-231-9991","AQS"
"12/03/2002","31","","Georgia Station","13-231-9991","AQS"
"12/04/2002","25","","Georgia Station","13-231-9991","AQS"
"12/05/2002","11","","Georgia Station","13-231-9991","AQS"
"12/06/2002","24","","Georgia Station","13-231-9991","AQS"
"12/07/2002","20","","Georgia Station","13-231-9991","AQS"
"12/08/2002","25","","Georgia Station","13-231-9991","AQS"
"12/09/2002","22","","Georgia Station","13-231-9991","AQS"
"12/10/2002","14","","Georgia Station","13-231-9991","AQS"
"12/11/2002","10","","Georgia Station","13-231-9991","AQS"
"12/12/2002","12","","Georgia Station","13-231-9991","AQS"
"12/13/2002","25","","Georgia Station","13-231-9991","AQS"
"12/14/2002","20","","Georgia Station","13-231-9991","AQS"
"12/15/2002","31","","Georgia Station","13-231-9991","AQS"
"12/16/2002","43","","Georgia Station","13-231-9991","AQS"
"12/17/2002","33","","Georgia Station","13-231-9991","AQS"
"12/18/2002","19","","Georgia Station","13-231-9991","AQS"
"12/19/2002","30","","Georgia Station","13-231-9991","AQS"
"12/20/2002","28","","Georgia Station","13-231-9991","AQS"
"12/21/2002","36","","Georgia Station","13-231-9991","AQS"
"12/22/2002","40","","Georgia Station","13-231-9991","AQS"
"12/23/2002","33","","Georgia Station","13-231-9991","AQS"
"12/24/2002","26","","Georgia Station","13-231-9991","AQS"
"12/25/2002","27","","Georgia Station","13-231-9991","AQS"
"12/26/2002","18","","Georgia Station","13-231-9991","AQS"
"12/27/2002","23","","Georgia Station","13-231-9991","AQS"
"12/28/2002","35","","Georgia Station","13-231-9991","AQS"
"12/29/2002","44","","Georgia Station","13-231-9991","AQS"
"12/30/2002","45","","Georgia Station","13-231-9991","AQS"
"12/31/2002","32","","Georgia Station","13-231-9991","AQS"
"01/01/2003","29","","Georgia Station","13-231-9991","AQS"
"01/02/2003","31","","Georgia Station","13-231-9991","AQS"
"01/03/2003","19","","Georgia Station","13-231-9991","AQS"
"01/04/2003","27","","Georgia Station","13-231-9991","AQS"
"01/05/2003","36","","Georgia Station","13-231-9991","AQS"
"01/06/2003","25","","Georgia Station","13-231-9991","AQS"
"01/07/2003","26","","Georgia Station","13-231-9991","AQS"
"01/08/2003","30","","Georgia Station","13-231-9991","AQS"
"01/09/2003","46","","Georgia Station","13-231-9991","AQS"
"01/10/2003","31","","Georgia Station","13-231-9991","AQS"
"01/11/2003","28","","Georgia Station","13-231-9991","AQS"
"01/12/2003","27","","Georgia Station","13-231-9991","AQS"
"01/13/2003","29","","Georgia Station","13-231-9991","AQS"
"01/14/2003","36","","Georgia Station","13-231-9991","AQS"
"01/15/2003","31","","Georgia Station","13-231-9991","AQS"
"01/16/2003","24","","Georgia Station","13-231-9991","AQS"
"01/17/2003","32","","Georgia Station","13-231-9991","AQS"
"01/18/2003","33","","Georgia Station","13-231-9991","AQS"
"01/19/2003","36","","Georgia Station","13-231-9991","AQS"
"01/20/2003","44","","Georgia Station","13-231-9991","AQS"
"01/21/2003","37","","Georgia Station","13-231-9991","AQS"
"01/22/2003","14","","Georgia Station","13-231-9991","AQS"
"01/23/2003","29","","Georgia Station","13-231-9991","AQS"
"01/24/2003","25","","Georgia Station","13-231-9991","AQS"
"01/25/2003","29","","Georgia Station","13-231-9991","AQS"
"01/26/2003","31","","Georgia Station","13-231-9991","AQS"
"01/27/2003","31","","Georgia Station","13-231-9991","AQS"
"01/28/2003","42","","Georgia Station","13-231-9991","AQS"
"01/29/2003","39","","Georgia Station","13-231-9991","AQS"
"01/30/2003","31","","Georgia Station","13-231-9991","AQS"
"01/31/2003","16","","Georgia Station","13-231-9991","AQS"
"02/01/2003","29","","Georgia Station","13-231-9991","AQS"
"02/02/2003","43","","Georgia Station","13-231-9991","AQS"
"02/03/2003","39","","Georgia Station","13-231-9991","AQS"
"02/04/2003","29","","Georgia Station","13-231-9991","AQS"
"02/05/2003","34","","Georgia Station","13-231-9991","AQS"
"02/06/2003","26","","Georgia Station","13-231-9991","AQS"
"02/07/2003","22","","Georgia Station","13-231-9991","AQS"
"02/08/2003","31","","Georgia Station","13-231-9991","AQS"
"02/09/2003","38","","Georgia Station","13-231-9991","AQS"
"02/10/2003","33","","Georgia Station","13-231-9991","AQS"
"02/11/2003","38","","Georgia Station","13-231-9991","AQS"
"02/12/2003","41","","Georgia Station","13-231-9991","AQS"
"02/13/2003","38","","Georgia Station","13-231-9991","AQS"
"02/14/2003","61","","Georgia Station","13-231-9991","AQS"
"02/15/2003","41","","Georgia Station","13-231-9991","AQS"
"02/16/2003","26","","Georgia Station","13-231-9991","AQS"
"02/17/2003","12","","Georgia Station","13-231-9991","AQS"
"02/18/2003","15","","Georgia Station","13-231-9991","AQS"
"02/19/2003","27","","Georgia Station","13-231-9991","AQS"
"02/20/2003","45","","Georgia Station","13-231-9991","AQS"
"02/21/2003","22","","Georgia Station","13-231-9991","AQS"
"02/22/2003","34","","Georgia Station","13-231-9991","AQS"
"02/24/2003","44","","Georgia Station","13-231-9991","AQS"
"02/25/2003","27","","Georgia Station","13-231-9991","AQS"
"02/26/2003","16","","Georgia Station","13-231-9991","AQS"
"02/27/2003","8","","Georgia Station","13-231-9991","AQS"
"02/28/2003","17","","Georgia Station","13-231-9991","AQS"
"03/01/2003","15","","Gwinnett","13-135-0002","AQS"
"03/02/2003","26","","Newnan","13-077-0002","AQS"
"03/03/2003","31","","Newnan","13-077-0002","AQS"
"03/04/2003","39","","Conyers","13-247-0001","AQS"
"03/05/2003","30","","Georgia Station","13-231-9991","AQS"
"03/06/2003","29","","Georgia Station","13-231-9991","AQS"
"03/07/2003","38","","Yorkville, King Farm","13-223-0003","AQS"
"03/08/2003","36","","Georgia Station","13-231-9991","AQS"
"03/09/2003","49","","Newnan","13-077-0002","AQS"
"03/10/2003","44","","Newnan","13-077-0002","AQS"
"03/11/2003","84","","Georgia Station","13-231-9991","AQS"
"03/12/2003","67","","Yorkville, King Farm","13-223-0003","AQS"
"03/13/2003","44","","Georgia Station","13-231-9991","AQS"
"03/14/2003","36","","Conyers","13-247-0001","AQS"
"03/15/2003","26","","Gwinnett","13-135-0002","AQS"
"03/16/2003","35","","Gwinnett","13-135-0002","AQS"
"03/17/2003","24","","Georgia Station","13-231-9991","AQS"
"03/18/2003","22","","Georgia Station","13-231-9991","AQS"
"03/19/2003","27","","Conyers","13-247-0001","AQS"
"03/20/2003","25","","Conyers","13-247-0001","AQS"
"03/21/2003","46","","Georgia Station","13-231-9991","AQS"
"03/22/2003","44","","Georgia Station","13-231-9991","AQS"
"03/23/2003","54","","Conyers","13-247-0001","AQS"
"03/24/2003","77","","Conyers","13-247-0001","AQS"
"03/25/2003","108","","Georgia Station","13-231-9991","AQS"
"03/26/2003","71","","Georgia Station","13-231-9991","AQS"
"03/27/2003","54","","Yorkville, King Farm","13-223-0003","AQS"
"03/28/2003","42","","Yorkville, King Farm","13-223-0003","AQS"
"03/29/2003","34","","Georgia Station","13-231-9991","AQS"
"03/30/2003","40","","Newnan","13-077-0002","AQS"
"03/31/2003","46","","Douglasville","13-097-0004","AQS"
"04/01/2003","97","","Georgia Station","13-231-9991","AQS"
"04/02/2003","61","","Dawsonville","13-085-0001","AQS"
"04/03/2003","84","","Dawsonville","13-085-0001","AQS"
"04/04/2003","46","","Dawsonville","13-085-0001","AQS"
"04/05/2003","64","","Dawsonville","13-085-0001","AQS"
"04/06/2003","43","","Dawsonville","13-085-0001","AQS"
"04/07/2003","30","","Yorkville, King Farm","13-223-0003","AQS"
"04/08/2003","19","","Dawsonville","13-085-0001","AQS"
"04/09/2003","13","","Dawsonville","13-085-0001","AQS"
"04/10/2003","19","","Dawsonville","13-085-0001","AQS"
"04/11/2003","49","","Newnan","13-077-0002","AQS"
"04/12/2003","122","","Yorkville, King Farm","13-223-0003","AQS"
"04/13/2003","140","","Yorkville, King Farm","13-223-0003","AQS"
"04/14/2003","150","","Yorkville, King Farm","13-223-0003","AQS"
"04/15/2003","122","","Dawsonville","13-085-0001","AQS"
"04/16/2003","90","","Dawsonville","13-085-0001","AQS"
"04/17/2003","38","","Georgia Station","13-231-9991","AQS"
"04/18/2003","46","","Newnan","13-077-0002","AQS"
"04/19/2003","39","","Dawsonville","13-085-0001","AQS"
"04/20/2003","29","","Georgia Station","13-231-9991","AQS"
"04/21/2003","44","","Dawsonville","13-085-0001","AQS"
"04/22/2003","47","","Newnan","13-077-0002","AQS"
"04/23/2003","54","","Dawsonville","13-085-0001","AQS"
"04/24/2003","49","","Georgia Station","13-231-9991","AQS"
"04/25/2003","49","","Georgia Station","13-231-9991","AQS"
"04/26/2003","58","","Conyers","13-247-0001","AQS"
"04/27/2003","100","","Douglasville","13-097-0004","AQS"
"04/28/2003","108","","Dawsonville","13-085-0001","AQS"
"04/29/2003","147","","United Avenue","13-121-0055","AQS"
"04/30/2003","126","","South DeKalb","13-089-0002","AQS"
"05/01/2003","77","","United Avenue","13-121-0055","AQS"
"05/02/2003","67","","McDonough","13-151-0002","AQS"
"05/03/2003","44","","Dawsonville","13-085-0001","AQS"
"05/04/2003","101","","Gwinnett","13-135-0002","AQS"
"05/05/2003","30","","Yorkville, King Farm","13-223-0003","AQS"
"05/06/2003","31","","Georgia Station","13-231-9991","AQS"
"05/07/2003","33","","Georgia Station","13-231-9991","AQS"
"05/08/2003","38","","Conyers","13-247-0001","AQS"
"05/09/2003","34","","Dawsonville","13-085-0001","AQS"
"05/10/2003","31","","Dawsonville","13-085-0001","AQS"
"05/11/2003","44","","Yorkville, King Farm","13-223-0003","AQS"
"05/12/2003","51","","Dawsonville","13-085-0001","AQS"
"05/13/2003","80","","Dawsonville","13-085-0001","AQS"
"05/14/2003","43","","Dawsonville","13-085-0001","AQS"
"05/15/2003","35","","Georgia Station","13-231-9991","AQS"
"05/16/2003","48","","Dawsonville","13-085-0001","AQS"
"05/17/2003","31","","Kennesaw","13-067-0003","AQS"
"05/18/2003","34","","Georgia Station","13-231-9991","AQS"
"05/19/2003","23","","Dawsonville","13-085-0001","AQS"
"05/20/2003","34","","Yorkville, King Farm","13-223-0003","AQS"
"05/21/2003","32","","Georgia Station","13-231-9991","AQS"
"05/22/2003","36","","Yorkville, King Farm","13-223-0003","AQS"
"05/23/2003","44","","Kennesaw","13-067-0003","AQS"
"05/24/2003","100","","United Avenue","13-121-0055","AQS"
"05/25/2003","122","","Gwinnett","13-135-0002","AQS"
"05/26/2003","61","","Dawsonville","13-085-0001","AQS"
"05/27/2003","77","","DOT STORAGE FACILITY","13-113-0001","AQS"
"05/28/2003","97","","Conyers","13-247-0001","AQS"
"05/29/2003","74","","Conyers","13-247-0001","AQS"
"05/30/2003","87","","Conyers","13-247-0001","AQS"
"05/31/2003","105","","United Avenue","13-121-0055","AQS"
"06/01/2003","101","","Conyers","13-247-0001","AQS"
"06/02/2003","126","","Douglasville","13-097-0004","AQS"
"06/03/2003","43","","Yorkville, King Farm","13-223-0003","AQS"
"06/04/2003","87","","Gwinnett","13-135-0002","AQS"
"06/05/2003","156","","Conyers","13-247-0001","AQS"
"06/06/2003","64","","Dawsonville","13-085-0001","AQS"
"06/07/2003","33","","Yorkville, King Farm","13-223-0003","AQS"
"06/08/2003","48","","Tucker-Idlewood Road","13-089-3001","AQS"
"06/09/2003","90","","Gwinnett","13-135-0002","AQS"
"06/10/2003","150","","Gwinnett","13-135-0002","AQS"
"06/11/2003","80","","Dawsonville","13-085-0001","AQS"
"06/12/2003","26","","Dawsonville","13-085-0001","AQS"
"06/13/2003","26","","Conyers","13-247-0001","AQS"
"06/14/2003","32","","Dawsonville","13-085-0001","AQS"
"06/15/2003","44","","Gwinnett","13-135-0002","AQS"
"06/16/2003","67","","United Avenue","13-121-0055","AQS"
"06/17/2003","47","","Yorkville, King Farm","13-223-0003","AQS"
"06/18/2003","30","","Dawsonville","13-085-0001","AQS"
"06/19/2003","48","","McDonough","13-151-0002","AQS"
"06/20/2003","140","","McDonough","13-151-0002","AQS"
"06/21/2003","133","","McDonough","13-151-0002","AQS"
"06/22/2003","147","","Newnan","13-077-0002","AQS"
"06/23/2003","195","","Kennesaw","13-067-0003","AQS"
"06/24/2003","203","","Gwinnett","13-135-0002","AQS"
"06/25/2003","203","","Kennesaw","13-067-0003","AQS"
"06/26/2003","172","","Gwinnett","13-135-0002","AQS"
"06/27/2003","84","","United Avenue","13-121-0055","AQS"
"06/28/2003","61","","Kennesaw","13-067-0003","AQS"
"06/29/2003","87","","Kennesaw","13-067-0003","AQS"
"06/30/2003","21","","DOT STORAGE FACILITY","13-113-0001","AQS"
"07/01/2003","19","","Yorkville, King Farm","13-223-0003","AQS"
"07/02/2003","30","","Tucker-Idlewood Road","13-089-3001","AQS"
"07/03/2003","108","","Conyers","13-247-0001","AQS"
"07/04/2003","64","","Kennesaw","13-067-0003","AQS"
"07/05/2003","30","","Dawsonville","13-085-0001","AQS"
"07/06/2003","29","","Dawsonville","13-085-0001","AQS"
"07/07/2003","46","","Conyers","13-247-0001","AQS"
"07/08/2003","105","","Tucker-Idlewood Road","13-089-3001","AQS"
"07/09/2003","46","","Tucker-Idlewood Road","13-089-3001","AQS"
"07/10/2003","33","","Georgia Station","13-231-9991","AQS"
"07/11/2003","41","","Tucker-Idlewood Road","13-089-3001","AQS"
"07/12/2003","122","","Tucker-Idlewood Road","13-089-3001","AQS"
"07/13/2003","100","","Gwinnett","13-135-0002","AQS"
"07/14/2003","48","","Conyers","13-247-0001","AQS"
"07/15/2003","105","","Gwinnett","13-135-0002","AQS"
"07/16/2003","58","","McDonough","13-151-0002","AQS"
"07/17/2003","147","","United Avenue","13-121-0055","AQS"
"07/18/2003","174","","Tucker-Idlewood Road","13-089-3001","AQS"
"07/19/2003","105","","Tucker-Idlewood Road","13-089-3001","AQS"
"07/20/2003","101","","Tucker-Idlewood Road","13-089-3001","AQS"
"07/21/2003","77","","Dawsonville","13-085-0001","AQS"
"07/22/2003","38","","Yorkville, King Farm","13-223-0003","AQS"
"07/23/2003","47","","United Avenue","13-121-0055","AQS"
"07/24/2003","126","","Conyers","13-247-0001","AQS"
"07/25/2003","143","","Yorkville, King Farm","13-223-0003","AQS"
"07/26/2003","44","","Douglasville","13-097-0004","AQS"
"07/27/2003","58","","McDonough","13-151-0002","AQS"
"07/28/2003","101","","Conyers","13-247-0001","AQS"
"07/29/2003","119","","Conyers","13-247-0001","AQS"
"07/30/2003","93","","South DeKalb","13-089-0002","AQS"
"07/31/2003","45","","Gwinnett","13-135-0002","AQS"
"08/01/2003","61","","Tucker-Idlewood Road","13-089-3001","AQS"
"08/02/2003","84","","Kennesaw","13-067-0003","AQS"
"08/03/2003","49","","United Avenue","13-121-0055","AQS"
"08/04/2003","44","","United Avenue","13-121-0055","AQS"
"08/05/2003","48","","Dawsonville","13-085-0001","AQS"
"08/06/2003","37","","Dawsonville","13-085-0001","AQS"
"08/07/2003","67","","Conyers","13-247-0001","AQS"
"08/08/2003","133","","McDonough","13-151-0002","AQS"
"08/09/2003","140","","McDonough","13-151-0002","AQS"
"08/10/2003","112","","United Avenue","13-121-0055","AQS"
"08/11/2003","84","","DOT STORAGE FACILITY","13-113-0001","AQS"
"08/12/2003","58","","Yorkville, King Farm","13-223-0003","AQS"
"08/13/2003","39","","Yorkville, King Farm","13-223-0003","AQS"
"08/14/2003","67","","Douglasville","13-097-0004","AQS"
"08/15/2003","108","","Douglasville","13-097-0004","AQS"
"08/16/2003","61","","Kennesaw","13-067-0003","AQS"
"08/17/2003","100","","Tucker-Idlewood Road","13-089-3001","AQS"
"08/18/2003","126","","Kennesaw","13-067-0003","AQS"
"08/19/2003","150","","Douglasville","13-097-0004","AQS"
"08/20/2003","90","","Yorkville, King Farm","13-223-0003","AQS"
"08/21/2003","108","","Kennesaw","13-067-0003","AQS"
"08/22/2003","126","","Kennesaw","13-067-0003","AQS"
"08/23/2003","112","","Tucker-Idlewood Road","13-089-3001","AQS"
"08/24/2003","90","","Kennesaw","13-067-0003","AQS"
"08/25/2003","151","","Douglasville","13-097-0004","AQS"
"08/26/2003","185","","United Avenue","13-121-0055","AQS"
"08/27/2003","156","","Tucker-Idlewood Road","13-089-3001","AQS"
"08/28/2003","108","","Dawsonville","13-085-0001","AQS"
"08/29/2003","45","","Dawsonville","13-085-0001","AQS"
"08/30/2003","36","","Gwinnett","13-135-0002","AQS"
"08/31/2003","40","","Kennesaw","13-067-0003","AQS"
"09/01/2003","50","","Kennesaw","13-067-0003","AQS"
"09/02/2003","49","","Kennesaw","13-067-0003","AQS"
"09/03/2003","42","","Kennesaw","13-067-0003","AQS"
"09/04/2003","43","","Yorkville, King Farm","13-223-0003","AQS"
"09/05/2003","84","","Douglasville","13-097-0004","AQS"
"09/06/2003","58","","Yorkville, King Farm","13-223-0003","AQS"
"09/07/2003","42","","Douglasville","13-097-0004","AQS"
"09/08/2003","97","","McDonough","13-151-0002","AQS"
"09/09/2003","105","","Douglasville","13-097-0004","AQS"
"09/10/2003","80","","Yorkville, King Farm","13-223-0003","AQS"
"09/11/2003","84","","Douglasville","13-097-0004","AQS"
"09/12/2003","129","","Yorkville, King Farm","13-223-0003","AQS"
"09/13/2003","67","","Kennesaw","13-067-0003","AQS"
"09/14/2003","42","","Kennesaw","13-067-0003","AQS"
"09/15/2003","61","","Georgia Station","13-231-9991","AQS"
"09/16/2003","80","","Yorkville, King Farm","13-223-0003","AQS"
"09/17/2003","90","","Yorkville, King Farm","13-223-0003","AQS"
"09/18/2003","105","","Conyers","13-247-0001","AQS"
"09/19/2003","126","","Conyers","13-247-0001","AQS"
"09/20/2003","164","","Douglasville","13-097-0004","AQS"
"09/21/2003","49","","Dawsonville","13-085-0001","AQS"
"09/22/2003","29","","Yorkville, King Farm","13-223-0003","AQS"
"09/23/2003","58","","Georgia Station","13-231-9991","AQS"
"09/24/2003","87","","Yorkville, King Farm","13-223-0003","AQS"
"09/25/2003","97","","Kennesaw","13-067-0003","AQS"
"09/26/2003","112","","Yorkville, King Farm","13-223-0003","AQS"
"09/27/2003","38","","Dawsonville","13-085-0001","AQS"
"09/28/2003","41","","Conyers","13-247-0001","AQS"
"09/29/2003","37","","Yorkville, King Farm","13-223-0003","AQS"
"09/30/2003","45","","Georgia Station","13-231-9991","AQS"
"10/01/2003","45","","Georgia Station","13-231-9991","AQS"
"10/02/2003","44","","Newnan","13-077-0002","AQS"
"10/03/2003","51","","Georgia Station","13-231-9991","AQS"
"10/04/2003","90","","Douglasville","13-097-0004","AQS"
"10/05/2003","93","","McDonough","13-151-0002","AQS"
"10/06/2003","43","","Newnan","13-077-0002","AQS"
"10/07/2003","41","","Dawsonville","13-085-0001","AQS"
"10/08/2003","36","","Yorkville, King Farm","13-223-0003","AQS"
"10/09/2003","31","","Conyers","13-247-0001","AQS"
"10/10/2003","39","","Conyers","13-247-0001","AQS"
"10/11/2003","27","","Gwinnett","13-135-0002","AQS"
"10/12/2003","42","","Newnan","13-077-0002","AQS"
"10/13/2003","44","","Dawsonville","13-085-0001","AQS"
"10/14/2003","37","","Yorkville, King Farm","13-223-0003","AQS"
"10/15/2003","41","","Newnan","13-077-0002","AQS"
"10/16/2003","47","","Yorkville, King Farm","13-223-0003","AQS"
"10/17/2003","43","","Dawsonville","13-085-0001","AQS"
"10/18/2003","54","","Georgia Station","13-231-9991","AQS"
"10/19/2003","49","","Dawsonville","13-085-0001","AQS"
"10/20/2003","87","","Dawsonville","13-085-0001","AQS"
"10/21/2003","93","","Dawsonville","13-085-0001","AQS"
"10/22/2003","51","","Yorkville, King Farm","13-223-0003","AQS"
"10/23/2003","54","","Dawsonville","13-085-0001","AQS"
"10/24/2003","58","","Georgia Station","13-231-9991","AQS"
"10/25/2003","49","","Yorkville, King Farm","13-223-0003","AQS"
"10/26/2003","29","","Dawsonville","13-085-0001","AQS"
"10/27/2003","19","","Dawsonville","13-085-0001","AQS"
"10/28/2003","17","","Yorkville, King Farm","13-223-0003","AQS"
"10/29/2003","40","","Yorkville, King Farm","13-223-0003","AQS"
"10/30/2003","64","","Georgia Station","13-231-9991","AQS"
"10/31/2003","64","","Dawsonville","13-085-0001","AQS"
"11/01/2003","61","","Georgia Station","13-231-9991","AQS"
"11/02/2003","87","","Georgia Station","13-231-9991","AQS"
"11/03/2003","51","","Georgia Station","13-231-9991","AQS"
"11/04/2003","24","","Georgia Station","13-231-9991","AQS"
"11/05/2003","16","","Georgia Station","13-231-9991","AQS"
"11/06/2003","24","","Georgia Station","13-231-9991","AQS"
"11/07/2003","25","","Georgia Station","13-231-9991","AQS"
"11/08/2003","20","","Georgia Station","13-231-9991","AQS"
"11/09/2003","34","","Georgia Station","13-231-9991","AQS"
"11/10/2003","31","","Georgia Station","13-231-9991","AQS"
"11/11/2003","39","","Georgia Station","13-231-9991","AQS"
"11/12/2003","38","","Georgia Station","13-231-9991","AQS"
"11/13/2003","37","","Georgia Station","13-231-9991","AQS"
"11/14/2003","30","","Georgia Station","13-231-9991","AQS"
"11/15/2003","45","","Georgia Station","13-231-9991","AQS"
"11/16/2003","37","","Georgia Station","13-231-9991","AQS"
"11/17/2003","39","","Georgia Station","13-231-9991","AQS"
"11/18/2003","30","","Georgia Station","13-231-9991","AQS"
"11/19/2003","31","","Georgia Station","13-231-9991","AQS"
"11/20/2003","28","","Georgia Station","13-231-9991","AQS"
"11/21/2003","31","","Georgia Station","13-231-9991","AQS"
"11/22/2003","48","","Georgia Station","13-231-9991","AQS"
"11/23/2003","42","","Georgia Station","13-231-9991","AQS"
"11/24/2003","27","","Georgia Station","13-231-9991","AQS"
"11/25/2003","30","","Georgia Station","13-231-9991","AQS"
"11/26/2003","35","","Georgia Station","13-231-9991","AQS"
"11/27/2003","26","","Georgia Station","13-231-9991","AQS"
"11/28/2003","30","","Georgia Station","13-231-9991","AQS"
"11/29/2003","31","","Georgia Station","13-231-9991","AQS"
"11/30/2003","32","","Georgia Station","13-231-9991","AQS"
"12/01/2003","36","","Georgia Station","13-231-9991","AQS"
"12/02/2003","26","","Georgia Station","13-231-9991","AQS"
"12/03/2003","20","","Georgia Station","13-231-9991","AQS"
"12/04/2003","12","","Georgia Station","13-231-9991","AQS"
"12/05/2003","17","","Georgia Station","13-231-9991","AQS"
"12/06/2003","9","","Georgia Station","13-231-9991","AQS"
"12/07/2003","29","","Georgia Station","13-231-9991","AQS"
"12/08/2003","32","","Georgia Station","13-231-9991","AQS"
"12/09/2003","30","","Georgia Station","13-231-9991","AQS"
"12/10/2003","31","","Georgia Station","13-231-9991","AQS"
"12/11/2003","13","","Georgia Station","13-231-9991","AQS"
"12/12/2003","13","","Georgia Station","13-231-9991","AQS"
"12/13/2003","12","","Georgia Station","13-231-9991","AQS"
"12/14/2003","19","","Georgia Station","13-231-9991","AQS"
"12/15/2003","24","","Georgia Station","13-231-9991","AQS"
"12/16/2003","30","","Georgia Station","13-231-9991","AQS"
"12/17/2003","29","","Georgia Station","13-231-9991","AQS"
"12/18/2003","30","","Georgia Station","13-231-9991","AQS"
"12/19/2003","31","","Georgia Station","13-231-9991","AQS"
"12/20/2003","28","","Georgia Station","13-231-9991","AQS"
"12/21/2003","28","","Georgia Station","13-231-9991","AQS"
"12/22/2003","36","","Georgia Station","13-231-9991","AQS"
"12/23/2003","36","","Georgia Station","13-231-9991","AQS"
"12/24/2003","21","","Georgia Station","13-231-9991","AQS"
"12/25/2003","26","","Georgia Station","13-231-9991","AQS"
"12/26/2003","24","","Georgia Station","13-231-9991","AQS"
"12/27/2003","36","","Georgia Station","13-231-9991","AQS"
"12/28/2003","39","","Georgia Station","13-231-9991","AQS"
"12/29/2003","35","","Georgia Station","13-231-9991","AQS"
"12/30/2003","28","","Georgia Station","13-231-9991","AQS"
"12/31/2003","36","","Georgia Station","13-231-9991","AQS"
"01/01/2004","40","","Georgia Station","13-231-9991","AQS"
"01/02/2004","38","","Georgia Station","13-231-9991","AQS"
"01/03/2004","26","","Georgia Station","13-231-9991","AQS"
"01/04/2004","27","","Georgia Station","13-231-9991","AQS"
"01/05/2004","23","","Georgia Station","13-231-9991","AQS"
"01/06/2004","23","","Georgia Station","13-231-9991","AQS"
"01/07/2004","26","","Georgia Station","13-231-9991","AQS"
"01/08/2004","19","","Georgia Station","13-231-9991","AQS"
"01/09/2004","17","","Georgia Station","13-231-9991","AQS"
"01/10/2004","11","","Georgia Station","13-231-9991","AQS"
"01/11/2004","27","","Georgia Station","13-231-9991","AQS"
"01/12/2004","31","","Georgia Station","13-231-9991","AQS"
"01/13/2004","42","","Georgia Station","13-231-9991","AQS"
"01/14/2004","39","","Georgia Station","13-231-9991","AQS"
"01/15/2004","26","","Georgia Station","13-231-9991","AQS"
"01/16/2004","28","","Georgia Station","13-231-9991","AQS"
"01/17/2004","28","","Georgia Station","13-231-9991","AQS"
"01/18/2004","31","","Georgia Station","13-231-9991","AQS"
"01/19/2004","20","","Georgia Station","13-231-9991","AQS"
"01/20/2004","18","","Georgia Station","13-231-9991","AQS"
"01/21/2004","31","","Georgia Station","13-231-9991","AQS"
"01/22/2004","31","","Georgia Station","13-231-9991","AQS"
"01/23/2004","36","","Georgia Station","13-231-9991","AQS"
"01/24/2004","44","","Georgia Station","13-231-9991","AQS"
"01/25/2004","34","","Georgia Station","13-231-9991","AQS"
"01/26/2004","11","","Georgia Station","13-231-9991","AQS"
"01/27/2004","27","","Georgia Station","13-231-9991","AQS"
"01/28/2004","31","","Georgia Station","13-231-9991","AQS"
"01/29/2004","33","","Georgia Station","13-231-9991","AQS"
"01/30/2004","32","","Georgia Station","13-231-9991","AQS"
"01/31/2004","27","","Georgia Station","13-231-9991","AQS"
"02/01/2004","35","","Georgia Station","13-231-9991","AQS"
"02/02/2004","30","","Georgia Station","13-231-9991","AQS"
"02/03/2004","26","","Georgia Station","13-231-9991","AQS"
"02/04/2004","20","","Georgia Station","13-231-9991","AQS"
"02/05/2004","20","","Georgia Station","13-231-9991","AQS"
"02/06/2004","25","","Georgia Station","13-231-9991","AQS"
"02/07/2004","32","","Georgia Station","13-231-9991","AQS"
"02/08/2004","35","","Georgia Station","13-231-9991","AQS"
"02/09/2004","37","","Georgia Station","13-231-9991","AQS"
"02/10/2004","30","","Georgia Station","13-231-9991","AQS"
"02/11/2004","26","","Georgia Station","13-231-9991","AQS"
"02/12/2004","26","","Georgia Station","13-231-9991","AQS"
"02/13/2004","19","","Georgia Station","13-231-9991","AQS"
"02/14/2004","32","","Georgia Station","13-231-9991","AQS"
"02/15/2004","27","","Georgia Station","13-231-9991","AQS"
"02/16/2004","30","","Georgia Station","13-231-9991","AQS"
"02/17/2004","27","","Georgia Station","13-231-9991","AQS"
"02/18/2004","36","","Georgia Station","13-231-9991","AQS"
"02/19/2004","46","","Georgia Station","13-231-9991","AQS"
"02/20/2004","44","","Georgia Station","13-231-9991","AQS"
"02/21/2004","41","","Georgia Station","13-231-9991","AQS"
"02/22/2004","42","","Georgia Station","13-231-9991","AQS"
"02/23/2004","29","","Georgia Station","13-231-9991","AQS"
"02/24/2004","24","","Georgia Station","13-231-9991","AQS"
"02/25/2004","36","","Georgia Station","13-231-9991","AQS"
"02/26/2004","36","","Georgia Station","13-231-9991","AQS"
"02/27/2004","31","","Georgia Station","13-231-9991","AQS"
"02/28/2004","46","","Georgia Station","13-231-9991","AQS"
"02/29/2004","47","","Georgia Station","13-231-9991","AQS"
"03/01/2004","46","","DOT STORAGE FACILITY","13-113-0001","AQS"
"03/02/2004","44","","Georgia Station","13-231-9991","AQS"
"03/03/2004","46","","Georgia Station","13-231-9991","AQS"
"03/04/2004","47","","Georgia Station","13-231-9991","AQS"
"03/05/2004","35","","DOT STORAGE FACILITY","13-113-0001","AQS"
"03/06/2004","47","","Georgia Station","13-231-9991","AQS"
"03/07/2004","49","","Newnan","13-077-0002","AQS"
"03/08/2004","46","","Newnan","13-077-0002","AQS"
"03/09/2004","43","","Douglasville","13-097-0004","AQS"
"03/10/2004","44","","Douglasville","13-097-0004","AQS"
"03/11/2004","80","","Yorkville, King Farm","13-223-0003","AQS"
"03/12/2004","64","","Georgia Station","13-231-9991","AQS"
"03/13/2004","51","","Georgia Station","13-231-9991","AQS"
"03/14/2004","80","","Yorkville, King Farm","13-223-0003","AQS"
"03/15/2004","64","","Dawsonville","13-085-0001","AQS"
"03/16/2004","47","","Douglasville","13-097-0004","AQS"
"03/17/2004","47","","Georgia Station","13-231-9991","AQS"
"03/18/2004","67","","Douglasville","13-097-0004","AQS"
"03/19/2004","71","","Yorkville, King Farm","13-223-0003","AQS"
"03/20/2004","87","","Yorkville, King Farm","13-223-0003","AQS"
"03/21/2004","45","","Newnan","13-077-0002","AQS"
"03/22/2004","45","","Dawsonville","13-085-0001","AQS"
"03/23/2004","49","","South DeKalb","13-089-0002","AQS"
"03/24/2004","100","","South DeKalb","13-089-0002","AQS"
"03/25/2004","61","","Dawsonville","13-085-0001","AQS"
"03/26/2004","50","","Dawsonville","13-085-0001","AQS"
"03/27/2004","61","","Dawsonville","13-085-0001","AQS"
"03/28/2004","77","","South DeKalb","13-089-0002","AQS"
"03/29/2004","64","","Dawsonville","13-085-0001","AQS"
"03/30/2004","50","","Georgia Station","13-231-9991","AQS"
"03/31/2004","40","","Georgia Station","13-231-9991","AQS"
"04/01/2004","44","","Newnan","13-077-0002","AQS"
"04/02/2004","50","","Newnan","13-077-0002","AQS"
"04/03/2004","61","","Douglasville","13-097-0004","AQS"
"04/04/2004","67","","Newnan","13-077-0002","AQS"
"04/05/2004","49","","Gwinnett","13-135-0002","AQS"
"04/06/2004","54","","Conyers","13-247-0001","AQS"
"04/07/2004","84","","DOT STORAGE FACILITY","13-113-0001","AQS"
"04/08/2004","74","","Dawsonville","13-085-0001","AQS"
"04/09/2004","97","","Douglasville","13-097-0004","AQS"
"04/10/2004","87","","Newnan","13-077-0002","AQS"
"04/11/2004","51","","Georgia Station","13-231-9991","AQS"
"04/12/2004","46","","Georgia Station","13-231-9991","AQS"
"04/13/2004","31","","Georgia Station","13-231-9991","AQS"
"04/14/2004","48","","Conyers","13-247-0001","AQS"
"04/15/2004","61","","Dawsonville","13-085-0001","AQS"
"04/16/2004","87","","Conyers","13-247-0001","AQS"
"04/17/2004","122","","Gwinnett","13-135-0002","AQS"
"04/18/2004","115","","Gwinnett","13-135-0002","AQS"
"04/19/2004","97","","Conyers","13-247-0001","AQS"
"04/20/2004","84","","Dawsonville","13-085-0001","AQS"
"04/21/2004","48","","Dawsonville","13-085-0001","AQS"
"04/22/2004","74","","Dawsonville","13-085-0001","AQS"
"04/23/2004","87","","Dawsonville","13-085-0001","AQS"
"04/24/2004","80","","Gwinnett","13-135-0002","AQS"
"04/25/2004","74","","Gwinnett","13-135-0002","AQS"
"04/26/2004","37","","Yorkville, King Farm","13-223-0003","AQS"
"04/27/2004","64","","Newnan","13-077-0002","AQS"
"04/28/2004","90","","DOT STORAGE FACILITY","13-113-0001","AQS"
"04/29/2004","80","","DOT STORAGE FACILITY","13-113-0001","AQS"
"04/30/2004","39","","DOT STORAGE FACILITY","13-113-0001","AQS"
"05/01/2004","35","","Gwinnett","13-135-0002","AQS"
"05/02/2004","31","","Newnan","13-077-0002","AQS"
"05/03/2004","46","","Georgia Station","13-231-9991","AQS"
"05/04/2004","58","","Georgia Station","13-231-9991","AQS"
"05/05/2004","112","","Conyers","13-247-0001","AQS"
"05/06/2004","136","","Conyers","13-247-0001","AQS"
"05/07/2004","129","","McDonough","13-151-0002","AQS"
"05/08/2004","164","","Newnan","13-077-0002","AQS"
"05/09/2004","133","","Douglasville","13-097-0004","AQS"
"05/10/2004","93","","Kennesaw","13-067-0003","AQS"
"05/11/2004","74","","DOT STORAGE FACILITY","13-113-0001","AQS"
"05/12/2004","44","","DOT STORAGE FACILITY","13-113-0001","AQS"
"05/13/2004","41","","Yorkville, King Farm","13-223-0003","AQS"
"05/14/2004","47","","Conyers","13-247-0001","AQS"
"05/15/2004","47","","Kennesaw","13-067-0003","AQS"
"05/16/2004","46","","DOT STORAGE FACILITY","13-113-0001","AQS"
"05/17/2004","36","","DOT STORAGE FACILITY","13-113-0001","AQS"
"05/18/2004","34","","DOT STORAGE FACILITY","13-113-0001","AQS"
"05/19/2004","49","","Gwinnett","13-135-0002","AQS"
"05/20/2004","100","","Conyers","13-247-0001","AQS"
"05/21/2004","126","","Conyers","13-247-0001","AQS"
"05/22/2004","58","","DOT STORAGE FACILITY","13-113-0001","AQS"
"05/23/2004","90","","Gwinnett","13-135-0002","AQS"
"05/24/2004","50","","Conyers","13-247-0001","AQS"
"05/25/2004","64","","Conyers","13-247-0001","AQS"
"05/26/2004","77","","Gwinnett","13-135-0002","AQS"
"05/27/2004","87","","Gwinnett","13-135-0002","AQS"
"05/28/2004","50","","South DeKalb","13-089-0002","AQS"
"05/29/2004","44","","Gwinnett","13-135-0002","AQS"
"05/30/2004","35","","Gwinnett","13-135-0002","AQS"
"05/31/2004","41","","DOT STORAGE FACILITY","13-113-0001","AQS"
"06/01/2004","48","","Dawsonville","13-085-0001","AQS"
"06/02/2004","47","","McDonough","13-151-0002","AQS"
"06/03/2004","71","","Gwinnett","13-135-0002","AQS"
"06/04/2004","108","","Conyers","13-247-0001","AQS"
"06/05/2004","122","","Conyers","13-247-0001","AQS"
"06/06/2004","166","","Gwinnett","13-135-0002","AQS"
"06/07/2004","71","","Gwinnett","13-135-0002","AQS"
"06/08/2004","51","","Yorkville, King Farm","13-223-0003","AQS"
"06/09/2004","48","","DOT STORAGE FACILITY","13-113-0001","AQS"
"06/10/2004","122","","Conyers","13-247-0001","AQS"
"06/11/2004","151","","Conyers","13-247-0001","AQS"
"06/12/2004","129","","McDonough","13-151-0002","AQS"
"06/13/2004","42","","DOT STORAGE FACILITY","13-113-0001","AQS"
"06/14/2004","41","","Kennesaw","13-067-0003","AQS"
"06/15/2004","24","","DOT STORAGE FACILITY","13-113-0001","AQS"
"06/16/2004","41","","Gwinnett","13-135-0002","AQS"
"06/17/2004","44","","McDonough","13-151-0002","AQS"
"06/18/2004","42","","Gwinnett","13-135-0002","AQS"
"06/19/2004","100","","McDonough","13-151-0002","AQS"
"06/20/2004","100","","United Avenue","13-121-0055","AQS"
"06/21/2004","43","","Yorkville, King Farm","13-223-0003","AQS"
"06/22/2004","48","","United Avenue","13-121-0055","AQS"
"06/23/2004","32","","Gwinnett","13-135-0002","AQS"
"06/24/2004","31","","Gwinnett","13-135-0002","AQS"
"06/25/2004","27","","DOT STORAGE FACILITY","13-113-0001","AQS"
"06/26/2004","46","","Gwinnett","13-135-0002","AQS"
"06/27/2004","43","","Gwinnett","13-135-0002","AQS"
"06/28/2004","30","","DOT STORAGE FACILITY","13-113-0001","AQS"
"06/29/2004","101","","Gwinnett","13-135-0002","AQS"
"06/30/2004","34","","McDonough","13-151-0002","AQS"
"07/01/2004","41","","DOT STORAGE FACILITY","13-113-0001","AQS"
"07/02/2004","37","","DOT STORAGE FACILITY","13-113-0001","AQS"
"07/03/2004","46","","Gwinnett","13-135-0002","AQS"
"07/04/2004","35","","Gwinnett","13-135-0002","AQS"
"07/05/2004","46","","DOT STORAGE FACILITY","13-113-0001","AQS"
"07/06/2004","61","","Georgia Station","13-231-9991","AQS"
"07/07/2004","54","","Conyers","13-247-0001","AQS"
"07/08/2004","100","","Conyers","13-247-0001","AQS"
"07/09/2004","97","","Gwinnett","13-135-0002","AQS"
"07/10/2004","87","","Tucker-Idlewood Road","13-089-3001","AQS"
"07/11/2004","61","","McDonough","13-151-0002","AQS"
"07/12/2004","49","","Conyers","13-247-0001","AQS"
"07/13/2004","101","","McDonough","13-151-0002","AQS"
"07/14/2004","74","","Conyers","13-247-0001","AQS"
"07/15/2004","101","","McDonough","13-151-0002","AQS"
"07/16/2004","133","","Tucker-Idlewood Road","13-089-3001","AQS"
"07/17/2004","50","","Dawsonville","13-085-0001","AQS"
"07/18/2004","112","","McDonough","13-151-0002","AQS"
"07/19/2004","115","","Conyers","13-247-0001","AQS"
"07/20/2004","161","","DOT STORAGE FACILITY","13-113-0001","AQS"
"07/21/2004","207","","South DeKalb","13-089-0002","AQS"
"07/22/2004","192","","Conyers","13-247-0001","AQS"
"07/23/2004","129","","DOT STORAGE FACILITY","13-113-0001","AQS"
"07/24/2004","156","","Douglasville","13-097-0004","AQS"
"07/25/2004","97","","Georgia Station","13-231-9991","AQS"
"07/26/2004","87","","Kennesaw","13-067-0003","AQS"
"07/27/2004","67","","United Avenue","13-121-0055","AQS"
"07/28/2004","133","","United Avenue","13-121-0055","AQS"
"07/29/2004","90","","Yorkville, King Farm","13-223-0003","AQS"
"07/30/2004","35","","Kennesaw","13-067-0003","AQS"
"07/31/2004","44","","Kennesaw","13-067-0003","AQS"
"08/01/2004","80","","DOT STORAGE FACILITY","13-113-0001","AQS"
"08/02/2004","80","","DOT STORAGE FACILITY","13-113-0001","AQS"
"08/03/2004","150","","McDonough","13-151-0002","AQS"
"08/04/2004","177","","Gwinnett","13-135-0002","AQS"
"08/05/2004","84","","Newnan","13-077-0002","AQS"
"08/06/2004","100","","Newnan","13-077-0002","AQS"
"08/07/2004","122","","Douglasville","13-097-0004","AQS"
"08/08/2004","115","","Yorkville, King Farm","13-223-0003","AQS"
"08/09/2004","101","","Kennesaw","13-067-0003","AQS"
"08/10/2004","51","","Dawsonville","13-085-0001","AQS"
"08/11/2004","90","","Dawsonville","13-085-0001","AQS"
"08/12/2004","44","","United Avenue","13-121-0055","AQS"
"08/13/2004","61","","DOT STORAGE FACILITY","13-113-0001","AQS"
"08/14/2004","129","","United Avenue","13-121-0055","AQS"
"08/15/2004","50","","Douglasville","13-097-0004","AQS"
"08/16/2004","64","","United Avenue","13-121-0055","AQS"
"08/17/2004","80","","Gwinnett","13-135-0002","AQS"
"08/18/2004","164","","McDonough","13-151-0002","AQS"
"08/19/2004","177","","United Avenue","13-121-0055","AQS"
"08/20/2004","101","","Gwinnett","13-135-0002","AQS"
"08/21/2004","36","","United Avenue","13-121-0055","AQS"
"08/22/2004","61","","United Avenue","13-121-0055","AQS"
"08/23/2004","71","","Kennesaw","13-067-0003","AQS"
"08/24/2004","97","","Douglasville","13-097-0004","AQS"
"08/25/2004","48","","DOT STORAGE FACILITY","13-113-0001","AQS"
"08/26/2004","143","","Douglasville","13-097-0004","AQS"
"08/27/2004","140","","United Avenue","13-121-0055","AQS"
"08/28/2004","119","","Douglasville","13-097-0004","AQS"
"08/29/2004","47","","Gwinnett","13-135-0002","AQS"
"08/30/2004","80","","Gwinnett","13-135-0002","AQS"
"08/31/2004","87","","Gwinnett","13-135-0002","AQS"
"09/01/2004","54","","DOT STORAGE FACILITY","13-113-0001","AQS"
"09/02/2004","37","","Gwinnett","13-135-0002","AQS"
"09/03/2004","74","","Gwinnett","13-135-0002","AQS"
"09/04/2004","87","","Douglasville","13-097-0004","AQS"
"09/05/2004","45","","Kennesaw","13-067-0003","AQS"
"09/06/2004","33","","Yorkville, King Farm","13-223-0003","AQS"
"09/07/2004","22","","DOT STORAGE FACILITY","13-113-0001","AQS"
"09/08/2004","24","","Yorkville, King Farm","13-223-0003","AQS"
"09/09/2004","61","","McDonough","13-151-0002","AQS"
"09/10/2004","54","","Douglasville","13-097-0004","AQS"
"09/11/2004","71","","Yorkville, King Farm","13-223-0003","AQS"
"09/12/2004","61","","Yorkville, King Farm","13-223-0003","AQS"
"09/13/2004","42","","Yorkville, King Farm","13-223-0003","AQS"
"09/14/2004","44","","Yorkville, King Farm","13-223-0003","AQS"
"09/15/2004","29","","Dawsonville","13-085-0001","AQS"
"09/16/2004","22","","DOT STORAGE FACILITY","13-113-0001","AQS"
"09/17/2004","30","","Newnan","13-077-0002","AQS"
"09/18/2004","45","","Georgia Station","13-231-9991","AQS"
"09/19/2004","46","","Douglasville","13-097-0004","AQS"
"09/20/2004","48","","Yorkville, King Farm","13-223-0003","AQS"
"09/21/2004","50","","Yorkville, King Farm","13-223-0003","AQS"
"09/22/2004","74","","Yorkville, King Farm","13-223-0003","AQS"
"09/23/2004","122","","Yorkville, King Farm","13-223-0003","AQS"
"09/24/2004","122","","Gwinnett","13-135-0002","AQS"
"09/25/2004","80","","Gwinnett","13-135-0002","AQS"
"09/26/2004","47","","Gwinnett","13-135-0002","AQS"
"09/27/2004","34","","Gwinnett","13-135-0002","AQS"
"09/28/2004","38","","Georgia Station","13-231-9991","AQS"
"09/29/2004","80","","Yorkville, King Farm","13-223-0003","AQS"
"09/30/2004","80","","DOT STORAGE FACILITY","13-113-0001","AQS"
"10/01/2004","90","","South DeKalb","13-089-0002","AQS"
"10/02/2004","84","","United Avenue","13-121-0055","AQS"
"10/03/2004","58","","McDonough","13-151-0002","AQS"
"10/04/2004","45","","Douglasville","13-097-0004","AQS"
"10/05/2004","80","","Douglasville","13-097-0004","AQS"
"10/06/2004","50","","Yorkville, King Farm","13-223-0003","AQS"
"10/07/2004","42","","Dawsonville","13-085-0001","AQS"
"10/08/2004","45","","Dawsonville","13-085-0001","AQS"
"10/09/2004","30","","Gwinnett","13-135-0002","AQS"
"10/10/2004","31","","Gwinnett","13-135-0002","AQS"
"10/11/2004","42","","Dawsonville","13-085-0001","AQS"
"10/12/2004","29","","Yorkville, King Farm","13-223-0003","AQS"
"10/13/2004","23","","Georgia Station","13-231-9991","AQS"
"10/14/2004","31","","Yorkville, King Farm","13-223-0003","AQS"
"10/15/2004","35","","Douglasville","13-097-0004","AQS"
"10/16/2004","46","","Newnan","13-077-0002","AQS"
"10/17/2004","47","","Georgia Station","13-231-9991","AQS"
"10/18/2004","39","","South DeKalb","13-089-0002","AQS"
"10/19/2004","33","","Yorkville, King Farm","13-223-0003","AQS"
"10/20/2004","29","","Dawsonville","13-085-0001","AQS"
"10/21/2004","34","","Douglasville","13-097-0004","AQS"
"10/22/2004","33","","DOT STORAGE FACILITY","13-113-0001","AQS"
"10/23/2004","36","","DOT STORAGE FACILITY","13-113-0001","AQS"
"10/24/2004","31","","Douglasville","13-097-0004","AQS"
"10/25/2004","47","","Douglasville","13-097-0004","AQS"
"10/26/2004","64","","Yorkville, King Farm","13-223-0003","AQS"
"10/27/2004","40","","Georgia Station","13-231-9991","AQS"
"10/28/2004","31","","Georgia Station","13-231-9991","AQS"
"10/29/2004","35","","Yorkville, King Farm","13-223-0003","AQS"
"10/30/2004","33","","Georgia Station","13-231-9991","AQS"
"10/31/2004","37","","Yorkville, King Farm","13-223-0003","AQS"
"11/01/2004","40","","Georgia Station","13-231-9991","AQS"
"11/02/2004","26","","Georgia Station","13-231-9991","AQS"
"11/03/2004","23","","Georgia Station","13-231-9991","AQS"
"11/04/2004","30","","Georgia Station","13-231-9991","AQS"
"11/05/2004","32","","Georgia Station","13-231-9991","AQS"
"11/06/2004","33","","Georgia Station","13-231-9991","AQS"
"11/07/2004","49","","Georgia Station","13-231-9991","AQS"
"11/08/2004","31","","Georgia Station","13-231-9991","AQS"
"11/09/2004","35","","Georgia Station","13-231-9991","AQS"
"11/10/2004","32","","Georgia Station","13-231-9991","AQS"
"11/11/2004","24","","Georgia Station","13-231-9991","AQS"
"11/12/2004","28","","Georgia Station","13-231-9991","AQS"
"11/13/2004","19","","Georgia Station","13-231-9991","AQS"
"11/14/2004","34","","Georgia Station","13-231-9991","AQS"
"11/15/2004","32","","Georgia Station","13-231-9991","AQS"
"11/16/2004","30","","Georgia Station","13-231-9991","AQS"
"11/17/2004","34","","Georgia Station","13-231-9991","AQS"
"11/18/2004","39","","Georgia Station","13-231-9991","AQS"
"11/19/2004","34","","Georgia Station","13-231-9991","AQS"
"11/20/2004","27","","Georgia Station","13-231-9991","AQS"
"11/21/2004","19","","Georgia Station","13-231-9991","AQS"
"11/22/2004","24","","Georgia Station","13-231-9991","AQS"
"11/23/2004","22","","Georgia Station","13-231-9991","AQS"
"11/24/2004","30","","Georgia Station","13-231-9991","AQS"
"11/25/2004","29","","Georgia Station","13-231-9991","AQS"
"11/26/2004","29","","Georgia Station","13-231-9991","AQS"
"11/27/2004","25","","Georgia Station","13-231-9991","AQS"
"11/28/2004","22","","Georgia Station","13-231-9991","AQS"
"11/29/2004","27","","Georgia Station","13-231-9991","AQS"
"11/30/2004","25","","Georgia Station","13-231-9991","AQS"
"12/01/2004","20","","Georgia Station","13-231-9991","AQS"
"12/02/2004","24","","Georgia Station","13-231-9991","AQS"
"12/03/2004","32","","Georgia Station","13-231-9991","AQS"
"12/04/2004","41","","Georgia Station","13-231-9991","AQS"
"12/05/2004","39","","Georgia Station","13-231-9991","AQS"
"12/06/2004","27","","Georgia Station","13-231-9991","AQS"
"12/07/2004","25","","Georgia Station","13-231-9991","AQS"
"12/08/2004","38","","Georgia Station","13-231-9991","AQS"
"12/09/2004","24","","Georgia Station","13-231-9991","AQS"
"12/10/2004","37","","Georgia Station","13-231-9991","AQS"
"12/11/2004","19","","Georgia Station","13-231-9991","AQS"
"12/12/2004","27","","Georgia Station","13-231-9991","AQS"
"12/13/2004","30","","Georgia Station","13-231-9991","AQS"
"12/14/2004","24","","Georgia Station","13-231-9991","AQS"
"12/15/2004","31","","Georgia Station","13-231-9991","AQS"
"12/16/2004","31","","Georgia Station","13-231-9991","AQS"
"12/17/2004","30","","Georgia Station","13-231-9991","AQS"
"12/18/2004","37","","Georgia Station","13-231-9991","AQS"
"12/19/2004","25","","Georgia Station","13-231-9991","AQS"
"12/20/2004","28","","Georgia Station","13-231-9991","AQS"
"12/21/2004","37","","Georgia Station","13-231-9991","AQS"
"12/22/2004","30","","Georgia Station","13-231-9991","AQS"
"12/23/2004","29","","Georgia Station","13-231-9991","AQS"
"12/24/2004","16","","Georgia Station","13-231-9991","AQS"
"12/25/2004","18","","Georgia Station","13-231-9991","AQS"
"12/26/2004","31","","Georgia Station","13-231-9991","AQS"
"12/27/2004","24","","Georgia Station","13-231-9991","AQS"
"12/28/2004","31","","Georgia Station","13-231-9991","AQS"
"12/29/2004","38","","Georgia Station","13-231-9991","AQS"
"12/30/2004","37","","Georgia Station","13-231-9991","AQS"
"12/31/2004","33","","Georgia Station","13-231-9991","AQS"
"01/01/2005","35","","Georgia Station","13-231-9991","AQS"
"01/02/2005","37","","Georgia Station","13-231-9991","AQS"
"01/03/2005","32","","Georgia Station","13-231-9991","AQS"
"01/04/2005","34","","Georgia Station","13-231-9991","AQS"
"01/05/2005","33","","Georgia Station","13-231-9991","AQS"
"01/06/2005","29","","Georgia Station","13-231-9991","AQS"
"01/07/2005","20","","Georgia Station","13-231-9991","AQS"
"01/08/2005","20","","Georgia Station","13-231-9991","AQS"
"01/09/2005","30","","Georgia Station","13-231-9991","AQS"
"01/11/2005","32","","Georgia Station","13-231-9991","AQS"
"01/12/2005","28","","Georgia Station","13-231-9991","AQS"
"01/13/2005","36","","Georgia Station","13-231-9991","AQS"
"01/14/2005","24","","Georgia Station","13-231-9991","AQS"
"01/15/2005","31","","Georgia Station","13-231-9991","AQS"
"01/16/2005","32","","Georgia Station","13-231-9991","AQS"
"01/17/2005","29","","Georgia Station","13-231-9991","AQS"
"01/18/2005","29","","Georgia Station","13-231-9991","AQS"
"01/19/2005","30","","Georgia Station","13-231-9991","AQS"
"01/20/2005","32","","Georgia Station","13-231-9991","AQS"
"01/21/2005","44","","Georgia Station","13-231-9991","AQS"
"01/22/2005","24","","Georgia Station","13-231-9991","AQS"
"01/23/2005","32","","Georgia Station","13-231-9991","AQS"
"01/24/2005","34","","Georgia Station","13-231-9991","AQS"
"01/25/2005","43","","Georgia Station","13-231-9991","AQS"
"01/26/2005","46","","Georgia Station","13-231-9991","AQS"
"01/27/2005","24","","Georgia Station","13-231-9991","AQS"
"01/28/2005","31","","Georgia Station","13-231-9991","AQS"
"02/01/2005","24","","Georgia Station","13-231-9991","AQS"
"02/02/2005","24","","Georgia Station","13-231-9991","AQS"
"02/03/2005","13","","Georgia Station","13-231-9991","AQS"
"02/04/2005","25","","Georgia Station","13-231-9991","AQS"
"02/05/2005","38","","Georgia Station","13-231-9991","AQS"
"02/06/2005","41","","Georgia Station","13-231-9991","AQS"
"02/07/2005","43","","Georgia Station","13-231-9991","AQS"
"02/08/2005","31","","Georgia Station","13-231-9991","AQS"
"02/09/2005","27","","Georgia Station","13-231-9991","AQS"
"02/10/2005","34","","Georgia Station","13-231-9991","AQS"
"02/11/2005","37","","Georgia Station","13-231-9991","AQS"
"02/12/2005","49","","Georgia Station","13-231-9991","AQS"
"02/13/2005","48","","Georgia Station","13-231-9991","AQS"
"02/14/2005","39","","Georgia Station","13-231-9991","AQS"
"02/15/2005","35","","Georgia Station","13-231-9991","AQS"
"02/16/2005","32","","Georgia Station","13-231-9991","AQS"
"02/17/2005","36","","Georgia Station","13-231-9991","AQS"
"02/18/2005","39","","Georgia Station","13-231-9991","AQS"
"02/19/2005","46","","Georgia Station","13-231-9991","AQS"
"02/20/2005","44","","Georgia Station","13-231-9991","AQS"
"02/21/2005","33","","Georgia Station","13-231-9991","AQS"
"02/22/2005","34","","Georgia Station","13-231-9991","AQS"
"02/23/2005","45","","Georgia Station","13-231-9991","AQS"
"02/24/2005","33","","Georgia Station","13-231-9991","AQS"
"02/25/2005","31","","Georgia Station","13-231-9991","AQS"
"02/26/2005","34","","Georgia Station","13-231-9991","AQS"
"02/27/2005","31","","Georgia Station","13-231-9991","AQS"
"02/28/2005","31","","Georgia Station","13-231-9991","AQS"
"03/01/2005","37","","Douglasville","13-097-0004","AQS"
"03/02/2005","41","","Douglasville","13-097-0004","AQS"
"03/03/2005","43","","Dawsonville","13-085-0001","AQS"
"03/04/2005","47","","Dawsonville","13-085-0001","AQS"
"03/05/2005","49","","Newnan","13-077-0002","AQS"
"03/06/2005","43","","Douglasville","13-097-0004","AQS"
"03/07/2005","46","","Georgia Station","13-231-9991","AQS"
"03/08/2005","37","","Douglasville","13-097-0004","AQS"
"03/09/2005","34","","Dawsonville","13-085-0001","AQS"
"03/10/2005","39","","Georgia Station","13-231-9991","AQS"
"03/11/2005","42","","Douglasville","13-097-0004","AQS"
"03/12/2005","61","","Newnan","13-077-0002","AQS"
"03/13/2005","87","","Dawsonville","13-085-0001","AQS"
"03/14/2005","42","","Yorkville, King Farm","13-223-0003","AQS"
"03/15/2005","40","","DOT STORAGE FACILITY","13-113-0001","AQS"
"03/16/2005","34","","Georgia Station","13-231-9991","AQS"
"03/17/2005","37","","Dawsonville","13-085-0001","AQS"
"03/18/2005","47","","Dawsonville","13-085-0001","AQS"
"03/19/2005","45","","Dawsonville","13-085-0001","AQS"
"03/20/2005","54","","Dawsonville","13-085-0001","AQS"
"03/21/2005","46","","Georgia Station","13-231-9991","AQS"
"03/22/2005","36","","Dawsonville","13-085-0001","AQS"
"03/23/2005","45","","Georgia Station","13-231-9991","AQS"
"03/24/2005","49","","Georgia Station","13-231-9991","AQS"
"03/25/2005","108","","Conyers","13-247-0001","AQS"
"03/26/2005","122","","Yorkville, King Farm","13-223-0003","AQS"
"03/27/2005","36","","Georgia Station","13-231-9991","AQS"
"03/28/2005","35","","Dawsonville","13-085-0001","AQS"
"03/29/2005","64","","Dawsonville","13-085-0001","AQS"
"03/30/2005","80","","Dawsonville","13-085-0001","AQS"
"03/31/2005","41","","Yorkville, King Farm","13-223-0003","AQS"
"04/01/2005","40","","Georgia Station","13-231-9991","AQS"
"04/02/2005","47","","Newnan","13-077-0002","AQS"
"04/03/2005","74","","Douglasville","13-097-0004","AQS"
"04/04/2005","93","","DOT STORAGE FACILITY","13-113-0001","AQS"
"04/05/2005","80","","Dawsonville","13-085-0001","AQS"
"04/06/2005","74","","Dawsonville","13-085-0001","AQS"
"04/07/2005","44","","Dawsonville","13-085-0001","AQS"
"04/08/2005","51","","Douglasville","13-097-0004","AQS"
"04/09/2005","58","","Yorkville, King Farm","13-223-0003","AQS"
"04/10/2005","80","","Kennesaw","13-067-0003","AQS"
"04/11/2005","90","","DOT STORAGE FACILITY","13-113-0001","AQS"
"04/12/2005","51","","DOT STORAGE FACILITY","13-113-0001","AQS"
"04/13/2005","47","","Douglasville","13-097-0004","AQS"
"04/14/2005","58","","Dawsonville","13-085-0001","AQS"
"04/15/2005","87","","Georgia Station","13-231-9991","AQS"
"04/16/2005","84","","Georgia Station","13-231-9991","AQS"
"04/17/2005","108","","Douglasville","13-097-0004","AQS"
"04/18/2005","147","","Dawsonville","13-085-0001","AQS"
"04/19/2005","159","","Dawsonville","13-085-0001","AQS"
"04/20/2005","119","","Dawsonville","13-085-0001","AQS"
"04/21/2005","58","","Dawsonville","13-085-0001","AQS"
"04/22/2005","37","","Yorkville, King Farm","13-223-0003","AQS"
"04/23/2005","44","","Douglasville","13-097-0004","AQS"
"04/24/2005","51","","Douglasville","13-097-0004","AQS"
"04/25/2005","64","","Dawsonville","13-085-0001","AQS"
"04/26/2005","36","","Georgia Station","13-231-9991","AQS"
"04/27/2005","54","","Douglasville","13-097-0004","AQS"
"04/28/2005","71","","DOT STORAGE FACILITY","13-113-0001","AQS"
"04/29/2005","67","","Georgia Station","13-231-9991","AQS"
"04/30/2005","42","","Yorkville, King Farm","13-223-0003","AQS"
"05/01/2005","54","","Newnan","13-077-0002","AQS"
"05/02/2005","54","","Newnan","13-077-0002","AQS"
"05/03/2005","50","","Newnan","13-077-0002","AQS"
"05/04/2005","74","","Gwinnett","13-135-0002","AQS"
"05/05/2005","45","","Conyers","13-247-0001","AQS"
"05/06/2005","71","","Douglasville","13-097-0004","AQS"
"05/07/2005","129","","Douglasville","13-097-0004","AQS"
"05/08/2005","151","","United Avenue","13-121-0055","AQS"
"05/09/2005","140","","Gwinnett","13-135-0002","AQS"
"05/10/2005","77","","McDonough","13-151-0002","AQS"
"05/11/2005","133","","DOT STORAGE FACILITY","13-113-0001","AQS"
"05/12/2005","197","","Douglasville","13-097-0004","AQS"
"05/13/2005","129","","Kennesaw","13-067-0003","AQS"
"05/14/2005","87","","Gwinnett","13-135-0002","AQS"
"05/15/2005","44","","Newnan","13-077-0002","AQS"
"05/16/2005","108","","McDonough","13-151-0002","AQS"
"05/17/2005","147","","Gwinnett","13-135-0002","AQS"
"05/18/2005","140","","Yorkville, King Farm","13-223-0003","AQS"
"05/19/2005","122","","Dawsonville","13-085-0001","AQS"
"05/20/2005","43","","Dawsonville","13-085-0001","AQS"
"05/21/2005","50","","Douglasville","13-097-0004","AQS"
"05/22/2005","61","","Gwinnett","13-135-0002","AQS"
"05/23/2005","97","","Tucker-Idlewood Road","13-089-3001","AQS"
"05/24/2005","100","","Conyers","13-247-0001","AQS"
"05/25/2005","77","","Georgia Station","13-231-9991","AQS"
"05/26/2005","108","","McDonough","13-151-0002","AQS"
"05/27/2005","140","","Conyers","13-247-0001","AQS"
"05/28/2005","119","","Conyers","13-247-0001","AQS"
"05/29/2005","41","","Georgia Station","13-231-9991","AQS"
"05/30/2005","35","","Georgia Station","13-231-9991","AQS"
"05/31/2005","36","","Dawsonville","13-085-0001","AQS"
"06/01/2005","40","","Dawsonville","13-085-0001","AQS"
"06/02/2005","32","","Georgia Station","13-231-9991","AQS"
"06/03/2005","34","","Yorkville, King Farm","13-223-0003","AQS"
"06/04/2005","71","","Kennesaw","13-067-0003","AQS"
"06/05/2005","41","","United Avenue","13-121-0055","AQS"
"06/06/2005","77","","Kennesaw","13-067-0003","AQS"
"06/07/2005","80","","Gwinnett","13-135-0002","AQS"
"06/08/2005","105","","Kennesaw","13-067-0003","AQS"
"06/09/2005","67","","United Avenue","13-121-0055","AQS"
"06/10/2005","24","","Yorkville, King Farm","13-223-0003","AQS"
"06/11/2005","30","","Kennesaw","13-067-0003","AQS"
"06/12/2005","23","","Kennesaw","13-067-0003","AQS"
"06/13/2005","93","","Conyers","13-247-0001","AQS"
"06/14/2005","129","","Gwinnett","13-135-0002","AQS"
"06/15/2005","126","","Conyers","13-247-0001","AQS"
"06/16/2005","108","","Conyers","13-247-0001","AQS"
"06/17/2005","122","","Tucker-Idlewood Road","13-089-3001","AQS"
"06/18/2005","177","","Conyers","13-247-0001","AQS"
"06/19/2005","93","","Douglasville","13-097-0004","AQS"
"06/20/2005","115","","Douglasville","13-097-0004","AQS"
"06/21/2005","67","","Gwinnett","13-135-0002","AQS"
"06/22/2005","159","","McDonough","13-151-0002","AQS"
"06/23/2005","187","","Douglasville","13-097-0004","AQS"
"06/24/2005","150","","Douglasville","13-097-0004","AQS"
"06/25/2005","140","","Douglasville","13-097-0004","AQS"
"06/26/2005","48","","Douglasville","13-097-0004","AQS"
"06/27/2005","47","","Kennesaw","13-067-0003","AQS"
"06/28/2005","44","","Yorkville, King Farm","13-223-0003","AQS"
"06/29/2005","87","","Kennesaw","13-067-0003","AQS"
"06/30/2005","156","","Conyers","13-247-0001","AQS"
"07/01/2005","108","","Gwinnett","13-135-0002","AQS"
"07/02/2005","122","","United Avenue","13-121-0055","AQS"
"07/03/2005","50","","Douglasville","13-097-0004","AQS"
"07/04/2005","46","","Kennesaw","13-067-0003","AQS"
"07/05/2005","41","","Gwinnett","13-135-0002","AQS"
"07/06/2005","37","","Georgia Station","13-231-9991","AQS"
"07/07/2005","32","","Douglasville","13-097-0004","AQS"
"07/08/2005","156","","McDonough","13-151-0002","AQS"
"07/09/2005","87","","Douglasville","13-097-0004","AQS"
"07/10/2005","16","","Yorkville, King Farm","13-223-0003","AQS"
"07/11/2005","25","","Yorkville, King Farm","13-223-0003","AQS"
"07/12/2005","33","","Gwinnett","13-135-0002","AQS"
"07/13/2005","42","","Dawsonville","13-085-0001","AQS"
"07/14/2005","77","","Gwinnett","13-135-0002","AQS"
"07/15/2005","35","","Dawsonville","13-085-0001","AQS"
"07/16/2005","28","","Gwinnett","13-135-0002","AQS"
"07/17/2005","38","","Gwinnett","13-135-0002","AQS"
"07/18/2005","84","","Gwinnett","13-135-0002","AQS"
"07/19/2005","44","","Kennesaw","13-067-0003","AQS"
"07/20/2005","74","","Tucker-Idlewood Road","13-089-3001","AQS"
"07/21/2005","74","","Kennesaw","13-067-0003","AQS"
"07/22/2005","108","","McDonough","13-151-0002","AQS"
"07/23/2005","140","","Newnan","13-077-0002","AQS"
"07/24/2005","147","","United Avenue","13-121-0055","AQS"
"07/25/2005","209","","United Avenue","13-121-0055","AQS"
"07/26/2005","205","","McDonough","13-151-0002","AQS"
"07/27/2005","164","","Conyers","13-247-0001","AQS"
"07/28/2005","87","","Tucker-Idlewood Road","13-089-3001","AQS"
"07/29/2005","50","","Douglasville","13-097-0004","AQS"
"07/30/2005","38","","Douglasville","13-097-0004","AQS"
"07/31/2005","47","","Douglasville","13-097-0004","AQS"
"08/01/2005","44","","Yorkville, King Farm","13-223-0003","AQS"
"08/02/2005","112","","Douglasville","13-097-0004","AQS"
"08/03/2005","159","","Douglasville","13-097-0004","AQS"
"08/04/2005","151","","Douglasville","13-097-0004","AQS"
"08/05/2005","97","","Douglasville","13-097-0004","AQS"
"08/06/2005","58","","Douglasville","13-097-0004","AQS"
"08/07/2005","31","","Douglasville","13-097-0004","AQS"
"08/08/2005","45","","Yorkville, King Farm","13-223-0003","AQS"
"08/09/2005","46","","Yorkville, King Farm","13-223-0003","AQS"
"08/10/2005","43","","DOT STORAGE FACILITY","13-113-0001","AQS"
"08/11/2005","112","","Douglasville","13-097-0004","AQS"
"08/12/2005","84","","McDonough","13-151-0002","AQS"
"08/13/2005","93","","Tucker-Idlewood Road","13-089-3001","AQS"
"08/14/2005","93","","McDonough","13-151-0002","AQS"
"08/15/2005","122","","Newnan","13-077-0002","AQS"
"08/16/2005","87","","Kennesaw","13-067-0003","AQS"
"08/17/2005","112","","Tucker-Idlewood Road","13-089-3001","AQS"
"08/18/2005","87","","Gwinnett","13-135-0002","AQS"
"08/19/2005","67","","Conyers","13-247-0001","AQS"
"08/20/2005","126","","McDonough","13-151-0002","AQS"
"08/21/2005","93","","McDonough","13-151-0002","AQS"
"08/22/2005","129","","McDonough","13-151-0002","AQS"
"08/23/2005","74","","South DeKalb","13-089-0002","AQS"
"08/24/2005","93","","Yorkville, King Farm","13-223-0003","AQS"
"08/25/2005","49","","Yorkville, King Farm","13-223-0003","AQS"
"08/26/2005","156","","Douglasville","13-097-0004","AQS"
"08/27/2005","100","","Douglasville","13-097-0004","AQS"
"08/28/2005","38","","Yorkville, King Farm","13-223-0003","AQS"
"08/29/2005","26","","Dawsonville","13-085-0001","AQS"
"08/30/2005","34","","Dawsonville","13-085-0001","AQS"
"08/31/2005","97","","McDonough","13-151-0002","AQS"
"09/01/2005","133","","DOT STORAGE FACILITY","13-113-0001","AQS"
"09/02/2005","136","","DOT STORAGE FACILITY","13-113-0001","AQS"
"09/03/2005","129","","Douglasville","13-097-0004","AQS"
"09/04/2005","119","","Douglasville","13-097-0004","AQS"
"09/05/2005","74","","Douglasville","13-097-0004","AQS"
"09/06/2005","50","","Douglasville","13-097-0004","AQS"
"09/07/2005","71","","Douglasville","13-097-0004","AQS"
"09/08/2005","77","","Newnan","13-077-0002","AQS"
"09/09/2005","119","","Newnan","13-077-0002","AQS"
"09/10/2005","164","","Douglasville","13-097-0004","AQS"
"09/11/2005","119","","Douglasville","13-097-0004","AQS"
"09/12/2005","150","","Georgia Station","13-231-9991","AQS"
"09/13/2005","147","","McDonough","13-151-0002","AQS"
"09/14/2005","136","","McDonough","13-151-0002","AQS"
"09/15/2005","126","","McDonough","13-151-0002","AQS"
"09/16/2005","84","","McDonough","13-151-0002","AQS"
"09/17/2005","49","","Tucker-Idlewood Road","13-089-3001","AQS"
"09/18/2005","100","","Conyers","13-247-0001","AQS"
"09/19/2005","154","","DOT STORAGE FACILITY","13-113-0001","AQS"
"09/20/2005","154","","Kennesaw","13-067-0003","AQS"
"09/21/2005","143","","Yorkville, King Farm","13-223-0003","AQS"
"09/22/2005","41","","Yorkville, King Farm","13-223-0003","AQS"
"09/23/2005","43","","Yorkville, King Farm","13-223-0003","AQS"
"09/24/2005","46","","Yorkville, King Farm","13-223-0003","AQS"
"09/25/2005","29","","Kennesaw","13-067-0003","AQS"
"09/26/2005","22","","Georgia Station","13-231-9991","AQS"
"09/27/2005","48","","Douglasville","13-097-0004","AQS"
"09/28/2005","41","","Yorkville, King Farm","13-223-0003","AQS"
"09/29/2005","42","","Conyers","13-247-0001","AQS"
"09/30/2005","84","","Yorkville, King Farm","13-223-0003","AQS"
"10/01/2005","58","","Yorkville, King Farm","13-223-0003","AQS"
"10/02/2005","44","","Yorkville, King Farm","13-223-0003","AQS"
"10/03/2005","101","","Douglasville","13-097-0004","AQS"
"10/04/2005","47","","Yorkville, King Farm","13-223-0003","AQS"
"10/05/2005","34","","Yorkville, King Farm","13-223-0003","AQS"
"10/06/2005","20","","Dawsonville","13-085-0001","AQS"
"10/07/2005","15","","Dawsonville","13-085-0001","AQS"
"10/08/2005","24","","Dawsonville","13-085-0001","AQS"
"10/09/2005","19","","DOT STORAGE FACILITY","13-113-0001","AQS"
"10/10/2005","24","","Newnan","13-077-0002","AQS"
"10/11/2005","42","","Douglasville","13-097-0004","AQS"
"10/12/2005","29","","Dawsonville","13-085-0001","AQS"
"10/13/2005","44","","Yorkville, King Farm","13-223-0003","AQS"
"10/14/2005","49","","Yorkville, King Farm","13-223-0003","AQS"
"10/15/2005","64","","Douglasville","13-097-0004","AQS"
"10/16/2005","50","","Georgia Station","13-231-9991","AQS"
"10/17/2005","54","","Douglasville","13-097-0004","AQS"
"10/18/2005","115","","Douglasville","13-097-0004","AQS"
"10/19/2005","115","","Georgia Station","13-231-9991","AQS"
"10/20/2005","87","","Yorkville, King Farm","13-223-0003","AQS"
"10/21/2005","61","","Yorkville, King Farm","13-223-0003","AQS"
"10/22/2005","36","","Georgia Station","13-231-9991","AQS"
"10/23/2005","41","","Douglasville","13-097-0004","AQS"
"10/24/2005","31","","Newnan","13-077-0002","AQS"
"10/25/2005","23","","Yorkville, King Farm","13-223-0003","AQS"
"10/26/2005","32","","Dawsonville","13-085-0001","AQS"
"10/27/2005","32","","Dawsonville","13-085-0001","AQS"
"10/28/2005","39","","Dawsonville","13-085-0001","AQS"
"10/29/2005","47","","Georgia Station","13-231-9991","AQS"
"10/30/2005","61","","Georgia Station","13-231-9991","AQS"
"10/31/2005","46","","Yorkville, King Farm","13-223-0003","AQS"
"11/01/2005","39","","Georgia Station","13-231-9991","AQS"
"11/02/2005","33","","Georgia Station","13-231-9991","AQS"
"11/03/2005","50","","Georgia Station","13-231-9991","AQS"
"11/04/2005","44","","Georgia Station","13-231-9991","AQS"
"11/05/2005","44","","Georgia Station","13-231-9991","AQS"
"11/06/2005","31","","Georgia Station","13-231-9991","AQS"
"11/07/2005","47","","Georgia Station","13-231-9991","AQS"
"11/08/2005","42","","Georgia Station","13-231-9991","AQS"
"11/09/2005","44","","Georgia Station","13-231-9991","AQS"
"11/10/2005","32","","Georgia Station","13-231-9991","AQS"
"11/11/2005","37","","Georgia Station","13-231-9991","AQS"
"11/12/2005","46","","Georgia Station","13-231-9991","AQS"
"11/13/2005","34","","Georgia Station","13-231-9991","AQS"
"11/14/2005","39","","Georgia Station","13-231-9991","AQS"
"11/15/2005","36","","Georgia Station","13-231-9991","AQS"
"11/16/2005","26","","Georgia Station","13-231-9991","AQS"
"11/17/2005","28","","Georgia Station","13-231-9991","AQS"
"11/18/2005","30","","Georgia Station","13-231-9991","AQS"
"11/19/2005","35","","Georgia Station","13-231-9991","AQS"
"11/20/2005","29","","Georgia Station","13-231-9991","AQS"
"11/21/2005","21","","Georgia Station","13-231-9991","AQS"
"11/22/2005","22","","Georgia Station","13-231-9991","AQS"
"11/23/2005","38","","Georgia Station","13-231-9991","AQS"
"11/24/2005","39","","Georgia Station","13-231-9991","AQS"
"11/25/2005","36","","Georgia Station","13-231-9991","AQS"
"11/26/2005","29","","Georgia Station","13-231-9991","AQS"
"11/27/2005","24","","Georgia Station","13-231-9991","AQS"
"11/28/2005","25","","Georgia Station","13-231-9991","AQS"
"11/29/2005","33","","Georgia Station","13-231-9991","AQS"
"11/30/2005","28","","Georgia Station","13-231-9991","AQS"
"12/01/2005","34","","Georgia Station","13-231-9991","AQS"
"12/02/2005","27","","Georgia Station","13-231-9991","AQS"
"12/03/2005","33","","Georgia Station","13-231-9991","AQS"
"12/04/2005","32","","Georgia Station","13-231-9991","AQS"
"12/05/2005","19","","Georgia Station","13-231-9991","AQS"
"12/06/2005","31","","Georgia Station","13-231-9991","AQS"
"12/07/2005","31","","Georgia Station","13-231-9991","AQS"
"12/08/2005","19","","Georgia Station","13-231-9991","AQS"
"12/09/2005","23","","Georgia Station","13-231-9991","AQS"
"12/10/2005","31","","Georgia Station","13-231-9991","AQS"
"12/11/2005","31","","Georgia Station","13-231-9991","AQS"
"12/12/2005","34","","Georgia Station","13-231-9991","AQS"
"12/13/2005","23","","Georgia Station","13-231-9991","AQS"
"12/14/2005","14","","Georgia Station","13-231-9991","AQS"
"12/15/2005","15","","Georgia Station","13-231-9991","AQS"
"12/16/2005","24","","Georgia Station","13-231-9991","AQS"
"12/17/2005","16","","Georgia Station","13-231-9991","AQS"
"12/18/2005","28","","Georgia Station","13-231-9991","AQS"
"12/19/2005","24","","Georgia Station","13-231-9991","AQS"
"12/20/2005","20","","Georgia Station","13-231-9991","AQS"
"12/21/2005","26","","Georgia Station","13-231-9991","AQS"
"12/22/2005","29","","Georgia Station","13-231-9991","AQS"
"12/23/2005","33","","Georgia Station","13-231-9991","AQS"
"12/24/2005","36","","Georgia Station","13-231-9991","AQS"
"12/25/2005","29","","Georgia Station","13-231-9991","AQS"
"12/26/2005","23","","Georgia Station","13-231-9991","AQS"
"12/27/2005","36","","Georgia Station","13-231-9991","AQS"
"12/28/2005","31","","Georgia Station","13-231-9991","AQS"
"12/29/2005","23","","Georgia Station","13-231-9991","AQS"
"12/30/2005","32","","Georgia Station","13-231-9991","AQS"
"12/31/2005","38","","Georgia Station","13-231-9991","AQS"
"01/01/2006","30","","Georgia Station","13-231-9991","AQS"
"01/02/2006","31","","Georgia Station","13-231-9991","AQS"
"01/03/2006","30","","Georgia Station","13-231-9991","AQS"
"01/04/2006","33","","Georgia Station","13-231-9991","AQS"
"01/05/2006","25","","Georgia Station","13-231-9991","AQS"
"01/06/2006","22","","Georgia Station","13-231-9991","AQS"
"01/18/2006","33","","Georgia Station","13-231-9991","AQS"
"01/19/2006","41","","Georgia Station","13-231-9991","AQS"
"01/20/2006","44","","Georgia Station","13-231-9991","AQS"
"01/21/2006","30","","Georgia Station","13-231-9991","AQS"
"01/22/2006","12","","Georgia Station","13-231-9991","AQS"
"01/23/2006","11","","Georgia Station","13-231-9991","AQS"
"01/24/2006","39","","Georgia Station","13-231-9991","AQS"
"01/25/2006","38","","Georgia Station","13-231-9991","AQS"
"01/26/2006","27","","Georgia Station","13-231-9991","AQS"
"01/27/2006","31","","Georgia Station","13-231-9991","AQS"
"01/28/2006","42","","Georgia Station","13-231-9991","AQS"
"01/29/2006","36","","Georgia Station","13-231-9991","AQS"
"01/30/2006","38","","Georgia Station","13-231-9991","AQS"
"01/31/2006","37","","Georgia Station","13-231-9991","AQS"
"02/01/2006","40","","Georgia Station","13-231-9991","AQS"
"02/02/2006","33","","Georgia Station","13-231-9991","AQS"
"02/03/2006","41","","Georgia Station","13-231-9991","AQS"
"02/04/2006","33","","Georgia Station","13-231-9991","AQS"
"02/05/2006","36","","Georgia Station","13-231-9991","AQS"
"02/06/2006","26","","Georgia Station","13-231-9991","AQS"
"02/07/2006","32","","Georgia Station","13-231-9991","AQS"
"02/08/2006","40","","Georgia Station","13-231-9991","AQS"
"02/09/2006","31","","Georgia Station","13-231-9991","AQS"
"02/10/2006","42","","Georgia Station","13-231-9991","AQS"
"02/11/2006","36","","Georgia Station","13-231-9991","AQS"
"02/12/2006","30","","Georgia Station","13-231-9991","AQS"
"02/13/2006","36","","Georgia Station","13-231-9991","AQS"
"02/14/2006","48","","Georgia Station","13-231-9991","AQS"
"02/15/2006","50","","Georgia Station","13-231-9991","AQS"
"02/16/2006","61","","Georgia Station","13-231-9991","AQS"
"02/17/2006","41","","Georgia Station","13-231-9991","AQS"
"02/18/2006","22","","Georgia Station","13-231-9991","AQS"
"02/19/2006","21","","Georgia Station","13-231-9991","AQS"
"02/20/2006","17","","Georgia Station","13-231-9991","AQS"
"02/21/2006","25","","Georgia Station","13-231-9991","AQS"
"02/22/2006","20","","Georgia Station","13-231-9991","AQS"
"02/23/2006","34","","Georgia Station","13-231-9991","AQS"
"02/24/2006","46","","Georgia Station","13-231-9991","AQS"
"02/25/2006","40","","Georgia Station","13-231-9991","AQS"
"02/26/2006","41","","Georgia Station","13-231-9991","AQS"
"02/27/2006","44","","Georgia Station","13-231-9991","AQS"
"02/28/2006","74","","Georgia Station","13-231-9991","AQS"
"03/01/2006","71","","Georgia Station","13-231-9991","AQS"
"03/02/2006","46","","Yorkville, King Farm","13-223-0003","AQS"
"03/03/2006","43","","Newnan","13-077-0002","AQS"
"03/04/2006","47","","Newnan","13-077-0002","AQS"
"03/05/2006","67","","Georgia Station","13-231-9991","AQS"
"03/06/2006","64","","Georgia Station","13-231-9991","AQS"
"03/07/2006","41","","Dawsonville","13-085-0001","AQS"
"03/08/2006","84","","Georgia Station","13-231-9991","AQS"
"03/09/2006","58","","Dawsonville","13-085-0001","AQS"
"03/10/2006","49","","Dawsonville","13-085-0001","AQS"
"03/11/2006","40","","Dawsonville","13-085-0001","AQS"
"03/12/2006","42","","Dawsonville","13-085-0001","AQS"
"03/13/2006","33","","DOT STORAGE FACILITY","13-113-0001","AQS"
"03/14/2006","49","","Georgia Station","13-231-9991","AQS"
"03/15/2006","61","","Dawsonville","13-085-0001","AQS"
"03/16/2006","74","","Yorkville, King Farm","13-223-0003","AQS"
"03/17/2006","67","","Georgia Station","13-231-9991","AQS"
"03/18/2006","54","","Georgia Station","13-231-9991","AQS"
"03/19/2006","58","","Dawsonville","13-085-0001","AQS"
"03/20/2006","40","","Georgia Station","13-231-9991","AQS"
"03/21/2006","44","","Georgia Station","13-231-9991","AQS"
"03/22/2006","42","","Dawsonville","13-085-0001","AQS"
"03/23/2006","38","","Georgia Station","13-231-9991","AQS"
"03/24/2006","45","","Georgia Station","13-231-9991","AQS"
"03/25/2006","44","","Georgia Station","13-231-9991","AQS"
"03/26/2006","45","","Newnan","13-077-0002","AQS"
"03/27/2006","71","","Georgia Station","13-231-9991","AQS"
"03/28/2006","49","","Georgia Station","13-231-9991","AQS"
"03/29/2006","80","","Douglasville","13-097-0004","AQS"
"03/30/2006","87","","Dawsonville","13-085-0001","AQS"
"03/31/2006","84","","Dawsonville","13-085-0001","AQS"
"04/01/2006","54","","Dawsonville","13-085-0001","AQS"
"04/02/2006","47","","Dawsonville","13-085-0001","AQS"
"04/03/2006","54","","Georgia Station","13-231-9991","AQS"
"04/04/2006","64","","Georgia Station","13-231-9991","AQS"
"04/05/2006","80","","Douglasville","13-097-0004","AQS"
"04/06/2006","112","","Georgia Station","13-231-9991","AQS"
"04/07/2006","71","","Georgia Station","13-231-9991","AQS"
"04/08/2006","48","","Dawsonville","13-085-0001","AQS"
"04/09/2006","61","","Georgia Station","13-231-9991","AQS"
"04/10/2006","87","","Dawsonville","13-085-0001","AQS"
"04/11/2006","100","","Dawsonville","13-085-0001","AQS"
"04/12/2006","58","","South DeKalb","13-089-0002","AQS"
"04/13/2006","101","","Georgia Station","13-231-9991","AQS"
"04/14/2006","105","","Douglasville","13-097-0004","AQS"
"04/15/2006","80","","Douglasville","13-097-0004","AQS"
"04/16/2006","50","","Dawsonville","13-085-0001","AQS"
"04/17/2006","71","","Dawsonville","13-085-0001","AQS"
"04/18/2006","90","","Yorkville, King Farm","13-223-0003","AQS"
"04/19/2006","46","","Georgia Station","13-231-9991","AQS"
"04/20/2006","100","","Georgia Station","13-231-9991","AQS"
"04/21/2006","44","","Georgia Station","13-231-9991","AQS"
"04/22/2006","49","","Douglasville","13-097-0004","AQS"
"04/23/2006","112","","Gwinnett","13-135-0002","AQS"
"04/24/2006","133","","Gwinnett","13-135-0002","AQS"
"04/25/2006","105","","Dawsonville","13-085-0001","AQS"
"04/26/2006","36","","Georgia Station","13-231-9991","AQS"
"04/27/2006","74","","Douglasville","13-097-0004","AQS"
"04/28/2006","112","","Kennesaw","13-067-0003","AQS"
"04/29/2006","80","","Georgia Station","13-231-9991","AQS"
"04/30/2006","49","","Georgia Station","13-231-9991","AQS"
"05/01/2006","84","","Kennesaw","13-067-0003","AQS"
"05/02/2006","100","","Conyers","13-247-0001","AQS"
"05/03/2006","64","","Georgia Station","13-231-9991","AQS"
"05/04/2006","61","","Georgia Station","13-231-9991","AQS"
"05/05/2006","43","","Georgia Station","13-231-9991","AQS"
"05/06/2006","77","","McDonough","13-151-0002","AQS"
"05/07/2006","40","","Douglasville","13-097-0004","AQS"
"05/08/2006","35","","Yorkville, King Farm","13-223-0003","AQS"
"05/09/2006","41","","Georgia Station","13-231-9991","AQS"
"05/10/2006","41","","Georgia Station","13-231-9991","AQS"
"05/11/2006","58","","Georgia Station","13-231-9991","AQS"
"05/12/2006","61","","Douglasville","13-097-0004","AQS"
"05/13/2006","74","","Dawsonville","13-085-0001","AQS"
"05/14/2006","48","","Georgia Station","13-231-9991","AQS"
"05/15/2006","41","","Georgia Station","13-231-9991","AQS"
"05/16/2006","54","","Georgia Station","13-231-9991","AQS"
"05/17/2006","51","","Georgia Station","13-231-9991","AQS"
"05/18/2006","74","","Douglasville","13-097-0004","AQS"
"05/19/2006","77","","Douglasville","13-097-0004","AQS"
"05/20/2006","108","","Gwinnett","13-135-0002","AQS"
"05/21/2006","64","","Conyers","13-247-0001","AQS"
"05/22/2006","101","","McDonough","13-151-0002","AQS"
"05/23/2006","119","","Conyers","13-247-0001","AQS"
"05/24/2006","166","","Conyers","13-247-0001","AQS"
"05/25/2006","101","","Conyers","13-247-0001","AQS"
"05/26/2006","49","","Conyers","13-247-0001","AQS"
"05/27/2006","71","","Tucker-Idlewood Road","13-089-3001","AQS"
"05/28/2006","126","","Newnan","13-077-0002","AQS"
"05/29/2006","140","","Douglasville","13-097-0004","AQS"
"05/30/2006","200","","Douglasville","13-097-0004","AQS"
"05/31/2006","177","","Yorkville, King Farm","13-223-0003","AQS"
"06/01/2006","119","","Kennesaw","13-067-0003","AQS"
"06/02/2006","50","","Tucker-Idlewood Road","13-089-3001","AQS"
"06/03/2006","84","","Georgia Station","13-231-9991","AQS"
"06/04/2006","119","","McDonough","13-151-0002","AQS"
"06/05/2006","115","","Georgia Station","13-231-9991","AQS"
"06/06/2006","150","","Georgia Station","13-231-9991","AQS"
"06/07/2006","126","","Tucker-Idlewood Road","13-089-3001","AQS"
"06/08/2006","122","","Conyers","13-247-0001","AQS"
"06/09/2006","166","","Georgia Station","13-231-9991","AQS"
"06/10/2006","187","","Conyers","13-247-0001","AQS"
"06/11/2006","147","","Gwinnett","13-135-0002","AQS"
"06/12/2006","71","","Dawsonville","13-085-0001","AQS"
"06/13/2006","39","","Gwinnett","13-135-0002","AQS"
"06/14/2006","140","","Conyers","13-247-0001","AQS"
"06/15/2006","195","","DOT STORAGE FACILITY","13-113-0001","AQS"
"06/16/2006","169","","Kennesaw","13-067-0003","AQS"
"06/17/2006","133","","Kennesaw","13-067-0003","AQS"
"06/18/2006","129","","Kennesaw","13-067-0003","AQS"
"06/19/2006","119","","Gwinnett","13-135-0002","AQS"
"06/20/2006","174","","Conyers","13-247-0001","AQS"
"06/21/2006","203","","Conyers","13-247-0001","AQS"
"06/22/2006","203","","Gwinnett","13-135-0002","AQS"
"06/23/2006","217","","South DeKalb","13-089-0002","AQS"
"06/24/2006","133","","United Avenue","13-121-0055","AQS"
"06/25/2006","38","","Georgia Station","13-231-9991","AQS"
"06/26/2006","47","","Yorkville, King Farm","13-223-0003","AQS"
"06/27/2006","100","","McDonough","13-151-0002","AQS"
"06/28/2006","136","","Gwinnett","13-135-0002","AQS"
"06/29/2006","156","","Georgia Station","13-231-9991","AQS"
"06/30/2006","179","","Georgia Station","13-231-9991","AQS"
"07/01/2006","192","","DOT STORAGE FACILITY","13-113-0001","AQS"
"07/02/2006","174","","Douglasville","13-097-0004","AQS"
"07/03/2006","177","","Gwinnett","13-135-0002","AQS"
"07/04/2006","108","","Gwinnett","13-135-0002","AQS"
"07/05/2006","161","","Gwinnett","13-135-0002","AQS"
"07/06/2006","49","","Yorkville, King Farm","13-223-0003","AQS"
"07/07/2006","101","","Yorkville, King Farm","13-223-0003","AQS"
"07/08/2006","150","","Kennesaw","13-067-0003","AQS"
"07/09/2006","93","","Dawsonville","13-085-0001","AQS"
"07/10/2006","100","","Conyers","13-247-0001","AQS"
"07/11/2006","166","","Gwinnett","13-135-0002","AQS"
"07/12/2006","129","","Dawsonville","13-085-0001","AQS"
"07/13/2006","105","","Gwinnett","13-135-0002","AQS"
"07/14/2006","87","","Gwinnett","13-135-0002","AQS"
"07/15/2006","50","","Dawsonville","13-085-0001","AQS"
"07/16/2006","122","","South DeKalb","13-089-0002","AQS"
"07/17/2006","177","","Douglasville","13-097-0004","AQS"
"07/18/2006","201","","United Avenue","13-121-0055","AQS"
"07/19/2006","203","","Douglasville","13-097-0004","AQS"
"07/20/2006","203","","Kennesaw","13-067-0003","AQS"
"07/21/2006","206","","Gwinnett","13-135-0002","AQS"
"07/22/2006","140","","Gwinnett","13-135-0002","AQS"
"07/23/2006","71","","Gwinnett","13-135-0002","AQS"
"07/24/2006","74","","South DeKalb","13-089-0002","AQS"
"07/25/2006","87","","Gwinnett","13-135-0002","AQS"
"07/26/2006","50","","Gwinnett","13-135-0002","AQS"
"07/27/2006","108","","Gwinnett","13-135-0002","AQS"
"07/28/2006","64","","Gwinnett","13-135-0002","AQS"
"07/29/2006","45","","Tucker-Idlewood Road","13-089-3001","AQS"
"07/30/2006","67","","South DeKalb","13-089-0002","AQS"
"07/31/2006","126","","Conyers","13-247-0001","AQS"
"08/01/2006","151","","Conyers","13-247-0001","AQS"
"08/02/2006","129","","Conyers","13-247-0001","AQS"
"08/03/2006","87","","Tucker-Idlewood Road","13-089-3001","AQS"
"08/04/2006","147","","McDonough","13-151-0002","AQS"
"08/05/2006","147","","Douglasville","13-097-0004","AQS"
"08/06/2006","105","","Kennesaw","13-067-0003","AQS"
"08/07/2006","136","","South DeKalb","13-089-0002","AQS"
"08/08/2006","97","","Georgia Station","13-231-9991","AQS"
"08/09/2006","161","","United Avenue","13-121-0055","AQS"
"08/10/2006","122","","South DeKalb","13-089-0002","AQS"
"08/11/2006","112","","McDonough","13-151-0002","AQS"
"08/12/2006","47","","Georgia Station","13-231-9991","AQS"
"08/13/2006","49","","Yorkville, King Farm","13-223-0003","AQS"
"08/14/2006","87","","Kennesaw","13-067-0003","AQS"
"08/15/2006","48","","Kennesaw","13-067-0003","AQS"
"08/16/2006","108","","Douglasville","13-097-0004","AQS"
"08/17/2006","126","","Kennesaw","13-067-0003","AQS"
"08/18/2006","174","","Douglasville","13-097-0004","AQS"
"08/19/2006","154","","Kennesaw","13-067-0003","AQS"
"08/20/2006","154","","McDonough","13-151-0002","AQS"
"08/21/2006","169","","South DeKalb","13-089-0002","AQS"
"08/22/2006","87","","McDonough","13-151-0002","AQS"
"08/23/2006","93","","Kennesaw","13-067-0003","AQS"
"08/24/2006","119","","Yorkville, King Farm","13-223-0003","AQS"
"08/25/2006","100","","Yorkville, King Farm","13-223-0003","AQS"
"08/26/2006","84","","Douglasville","13-097-0004","AQS"
"08/27/2006","61","","Yorkville, King Farm","13-223-0003","AQS"
"08/28/2006","46","","Dawsonville","13-085-0001","AQS"
"08/29/2006","48","","Dawsonville","13-085-0001","AQS"
"08/30/2006","80","","United Avenue","13-121-0055","AQS"
"08/31/2006","46","","Yorkville, King Farm","13-223-0003","AQS"
"09/01/2006","49","","Douglasville","13-097-0004","AQS"
"09/02/2006","64","","Kennesaw","13-067-0003","AQS"
"09/03/2006","51","","Douglasville","13-097-0004","AQS"
"09/04/2006","50","","Kennesaw","13-067-0003","AQS"
"09/05/2006","64","","Dawsonville","13-085-0001","AQS"
"09/06/2006","74","","Douglasville","13-097-0004","AQS"
"09/07/2006","61","","Yorkville, King Farm","13-223-0003","AQS"
"09/08/2006","100","","Yorkville, King Farm","13-223-0003","AQS"
"09/09/2006","87","","Kennesaw","13-067-0003","AQS"
"09/10/2006","84","","Georgia Station","13-231-9991","AQS"
"09/11/2006","97","","Yorkville, King Farm","13-223-0003","AQS"
"09/12/2006","40","","Georgia Station","13-231-9991","AQS"
"09/13/2006","32","","Dawsonville","13-085-0001","AQS"
"09/14/2006","71","","Georgia Station","13-231-9991","AQS"
"09/15/2006","140","","Douglasville","13-097-0004","AQS"
"09/16/2006","133","","Douglasville","13-097-0004","AQS"
"09/17/2006","87","","Douglasville","13-097-0004","AQS"
"09/18/2006","41","","Dawsonville","13-085-0001","AQS"
"09/19/2006","44","","Douglasville","13-097-0004","AQS"
"09/20/2006","44","","Georgia Station","13-231-9991","AQS"
"09/21/2006","51","","Georgia Station","13-231-9991","AQS"
"09/22/2006","49","","Georgia Station","13-231-9991","AQS"
"09/23/2006","33","","McDonough","13-151-0002","AQS"
"09/24/2006","25","","Yorkville, King Farm","13-223-0003","AQS"
"09/25/2006","42","","Georgia Station","13-231-9991","AQS"
"09/26/2006","64","","Georgia Station","13-231-9991","AQS"
"09/27/2006","64","","Georgia Station","13-231-9991","AQS"
"09/28/2006","77","","Douglasville","13-097-0004","AQS"
"09/29/2006","40","","Georgia Station","13-231-9991","AQS"
"09/30/2006","48","","Dawsonville","13-085-0001","AQS"
"10/01/2006","67","","Conyers","13-247-0001","AQS"
"10/02/2006","80","","Yorkville, King Farm","13-223-0003","AQS"
"10/03/2006","80","","Dawsonville","13-085-0001","AQS"
"10/04/2006","84","","Dawsonville","13-085-0001","AQS"
"10/05/2006","101","","Conyers","13-247-0001","AQS"
"10/06/2006","40","","Yorkville, King Farm","13-223-0003","AQS"
"10/07/2006","41","","Conyers","13-247-0001","AQS"
"10/08/2006","38","","Douglasville","13-097-0004","AQS"
"10/09/2006","47","","Georgia Station","13-231-9991","AQS"
"10/10/2006","64","","Georgia Station","13-231-9991","AQS"
"10/11/2006","48","","Georgia Station","13-231-9991","AQS"
"10/12/2006","41","","Georgia Station","13-231-9991","AQS"
"10/13/2006","35","","Douglasville","13-097-0004","AQS"
"10/14/2006","46","","Douglasville","13-097-0004","AQS"
"10/15/2006","54","","Georgia Station","13-231-9991","AQS"
"10/16/2006","37","","Georgia Station","13-231-9991","AQS"
"10/17/2006","34","","Georgia Station","13-231-9991","AQS"
"10/18/2006","32","","Georgia Station","13-231-9991","AQS"
"10/19/2006","37","","Georgia Station","13-231-9991","AQS"
"10/20/2006","25","","Georgia Station","13-231-9991","AQS"
"10/21/2006","42","","Georgia Station","13-231-9991","AQS"
"10/22/2006","36","","Douglasville","13-097-0004","AQS"
"10/23/2006","36","","Georgia Station","13-231-9991","AQS"
"10/24/2006","35","","Georgia Station","13-231-9991","AQS"
"10/25/2006","25","","Yorkville, King Farm","13-223-0003","AQS"
"10/26/2006","36","","Yorkville, King Farm","13-223-0003","AQS"
"10/27/2006","31","","Yorkville, King Farm","13-223-0003","AQS"
"10/28/2006","36","","Yorkville, King Farm","13-223-0003","AQS"
"10/29/2006","39","","Douglasville","13-097-0004","AQS"
"10/30/2006","43","","Yorkville, King Farm","13-223-0003","AQS"
"10/31/2006","43","","Georgia Station","13-231-9991","AQS"
"11/01/2006","43","","Georgia Station","13-231-9991","AQS"
"11/02/2006","27","","Georgia Station","13-231-9991","AQS"
"11/03/2006","28","","Georgia Station","13-231-9991","AQS"
"11/04/2006","31","","Georgia Station","13-231-9991","AQS"
"11/05/2006","33","","Georgia Station","13-231-9991","AQS"
"11/06/2006","35","","Georgia Station","13-231-9991","AQS"
"11/07/2006","22","","Georgia Station","13-231-9991","AQS"
"11/08/2006","22","","Georgia Station","13-231-9991","AQS"
"11/09/2006","48","","Georgia Station","13-231-9991","AQS"
"11/10/2006","49","","Georgia Station","13-231-9991","AQS"
"11/11/2006","32","","Georgia Station","13-231-9991","AQS"
"11/12/2006","27","","Georgia Station","13-231-9991","AQS"
"11/13/2006","26","","Georgia Station","13-231-9991","AQS"
"11/14/2006","38","","Georgia Station","13-231-9991","AQS"
"11/15/2006","33","","Georgia Station","13-231-9991","AQS"
"11/16/2006","22","","Georgia Station","13-231-9991","AQS"
"11/17/2006","21","","Georgia Station","13-231-9991","AQS"
"11/18/2006","38","","Georgia Station","13-231-9991","AQS"
"11/19/2006","26","","Georgia Station","13-231-9991","AQS"
"11/20/2006","19","","Georgia Station","13-231-9991","AQS"
"11/21/2006","22","","Georgia Station","13-231-9991","AQS"
"11/22/2006","27","","Georgia Station","13-231-9991","AQS"
"11/23/2006","31","","Georgia Station","13-231-9991","AQS"
"11/24/2006","43","","Georgia Station","13-231-9991","AQS"
"11/25/2006","42","","Georgia Station","13-231-9991","AQS"
"11/26/2006","47","","Georgia Station","13-231-9991","AQS"
"11/27/2006","42","","Georgia Station","13-231-9991","AQS"
"11/28/2006","29","","Georgia Station","13-231-9991","AQS"
"11/29/2006","31","","Georgia Station","13-231-9991","AQS"
"11/30/2006","30","","Georgia Station","13-231-9991","AQS"
"12/01/2006","27","","Georgia Station","13-231-9991","AQS"
"12/02/2006","31","","Georgia Station","13-231-9991","AQS"
"12/03/2006","31","","Georgia Station","13-231-9991","AQS"
"12/04/2006","26","","Georgia Station","13-231-9991","AQS"
"12/05/2006","32","","Georgia Station","13-231-9991","AQS"
"12/06/2006","40","","Georgia Station","13-231-9991","AQS"
"12/07/2006","32","","Georgia Station","13-231-9991","AQS"
"12/08/2006","25","","Georgia Station","13-231-9991","AQS"
"12/09/2006","32","","Georgia Station","13-231-9991","AQS"
"12/10/2006","37","","Georgia Station","13-231-9991","AQS"
"12/11/2006","40","","Georgia Station","13-231-9991","AQS"
"12/12/2006","39","","Georgia Station","13-231-9991","AQS"
"12/13/2006","34","","Georgia Station","13-231-9991","AQS"
"12/14/2006","32","","Georgia Station","13-231-9991","AQS"
"12/15/2006","50","","Georgia Station","13-231-9991","AQS"
"12/16/2006","41","","Georgia Station","13-231-9991","AQS"
"12/17/2006","50","","Georgia Station","13-231-9991","AQS"
"12/18/2006","43","","Georgia Station","13-231-9991","AQS"
"12/19/2006","38","","Georgia Station","13-231-9991","AQS"
"12/20/2006","23","","Georgia Station","13-231-9991","AQS"
"12/21/2006","16","","Georgia Station","13-231-9991","AQS"
"12/22/2006","23","","Georgia Station","13-231-9991","AQS"
"12/23/2006","33","","Georgia Station","13-231-9991","AQS"
"12/24/2006","27","","Georgia Station","13-231-9991","AQS"
"12/25/2006","31","","Georgia Station","13-231-9991","AQS"
"12/26/2006","21","","Georgia Station","13-231-9991","AQS"
"12/27/2006","23","","Georgia Station","13-231-9991","AQS"
"12/28/2006","31","","Georgia Station","13-231-9991","AQS"
"12/29/2006","25","","Georgia Station","13-231-9991","AQS"
"12/30/2006","22","","Georgia Station","13-231-9991","AQS"
"12/31/2006","19","","Georgia Station","13-231-9991","AQS"
"01/01/2007","31","","Georgia Station","13-231-9991","AQS"
"01/02/2007","26","","Georgia Station","13-231-9991","AQS"
"01/03/2007","19","","Georgia Station","13-231-9991","AQS"
"01/04/2007","21","","Georgia Station","13-231-9991","AQS"
"01/06/2007","34","","Georgia Station","13-231-9991","AQS"
"01/07/2007","28","","Georgia Station","13-231-9991","AQS"
"01/08/2007","32","","Georgia Station","13-231-9991","AQS"
"01/09/2007","31","","Georgia Station","13-231-9991","AQS"
"01/10/2007","27","","Georgia Station","13-231-9991","AQS"
"01/11/2007","30","","Georgia Station","13-231-9991","AQS"
"01/12/2007","33","","Georgia Station","13-231-9991","AQS"
"01/13/2007","32","","Georgia Station","13-231-9991","AQS"
"01/14/2007","31","","Georgia Station","13-231-9991","AQS"
"01/15/2007","31","","Georgia Station","13-231-9991","AQS"
"01/16/2007","18","","Georgia Station","13-231-9991","AQS"
"01/17/2007","22","","Georgia Station","13-231-9991","AQS"
"01/18/2007","19","","Georgia Station","13-231-9991","AQS"
"01/19/2007","24","","Georgia Station","13-231-9991","AQS"
"01/20/2007","30","","Georgia Station","13-231-9991","AQS"
"01/21/2007","26","","Georgia Station","13-231-9991","AQS"
"01/22/2007","22","","Georgia Station","13-231-9991","AQS"
"01/24/2007","19","","Georgia Station","13-231-9991","AQS"
"01/25/2007","33","","Georgia Station","13-231-9991","AQS"
"01/26/2007","34","","Georgia Station","13-231-9991","AQS"
"01/27/2007","40","","Georgia Station","13-231-9991","AQS"
"01/28/2007","33","","Georgia Station","13-231-9991","AQS"
"01/29/2007","31","","Georgia Station","13-231-9991","AQS"
"01/30/2007","34","","Georgia Station","13-231-9991","AQS"
"01/31/2007","30","","Georgia Station","13-231-9991","AQS"
"02/01/2007","25","","Georgia Station","13-231-9991","AQS"
"02/02/2007","22","","Georgia Station","13-231-9991","AQS"
"02/03/2007","35","","Georgia Station","13-231-9991","AQS"
"02/04/2007","41","","Georgia Station","13-231-9991","AQS"
"02/05/2007","37","","Georgia Station","13-231-9991","AQS"
"02/06/2007","43","","Georgia Station","13-231-9991","AQS"
"02/07/2007","54","","Georgia Station","13-231-9991","AQS"
"02/08/2007","31","","Georgia Station","13-231-9991","AQS"
"02/09/2007","26","","Georgia Station","13-231-9991","AQS"
"02/10/2007","33","","Georgia Station","13-231-9991","AQS"
"02/11/2007","39","","Georgia Station","13-231-9991","AQS"
"02/12/2007","51","","Georgia Station","13-231-9991","AQS"
"02/13/2007","34","","Georgia Station","13-231-9991","AQS"
"02/14/2007","23","","Georgia Station","13-231-9991","AQS"
"02/15/2007","29","","Georgia Station","13-231-9991","AQS"
"02/16/2007","33","","Georgia Station","13-231-9991","AQS"
"02/17/2007","44","","Georgia Station","13-231-9991","AQS"
"02/18/2007","39","","Georgia Station","13-231-9991","AQS"
"02/19/2007","45","","Georgia Station","13-231-9991","AQS"
"02/20/2007","40","","Georgia Station","13-231-9991","AQS"
"02/21/2007","33","","Georgia Station","13-231-9991","AQS"
"02/22/2007","47","","Georgia Station","13-231-9991","AQS"
"02/23/2007","38","","Georgia Station","13-231-9991","AQS"
"02/24/2007","54","","Georgia Station","13-231-9991","AQS"
"02/25/2007","44","","Georgia Station","13-231-9991","AQS"
"02/26/2007","49","","Georgia Station","13-231-9991","AQS"
"02/27/2007","50","","Georgia Station","13-231-9991","AQS"
"02/28/2007","77","","Georgia Station","13-231-9991","AQS"
"03/01/2007","51","","Georgia Station","13-231-9991","AQS"
"03/02/2007","42","","Georgia Station","13-231-9991","AQS"
"03/03/2007","47","","Georgia Station","13-231-9991","AQS"
"03/04/2007","42","","Georgia Station","13-231-9991","AQS"
"03/05/2007","42","","Douglasville","13-097-0004","AQS"
"03/06/2007","50","","Yorkville, King Farm","13-223-0003","AQS"
"03/07/2007","87","","Yorkville, King Farm","13-223-0003","AQS"
"03/08/2007","133","","Dawsonville","13-085-0001","AQS"
"03/09/2007","51","","Dawsonville","13-085-0001","AQS"
"03/10/2007","77","","Dawsonville","13-085-0001","AQS"
"03/11/2007","93","","Georgia Station","13-231-9991","AQS"
"03/12/2007","108","","Georgia Station","13-231-9991","AQS"
"03/13/2007","80","","Georgia Station","13-231-9991","AQS"
"03/14/2007","77","","Georgia Station","13-231-9991","AQS"
"03/15/2007","50","","Georgia Station","13-231-9991","AQS"
"03/16/2007","31","","Georgia Station","13-231-9991","AQS"
"03/17/2007","41","","Georgia Station","13-231-9991","AQS"
"03/18/2007","44","","Dawsonville","13-085-0001","AQS"
"03/19/2007","80","","Georgia Station","13-231-9991","AQS"
"03/20/2007","84","","Georgia Station","13-231-9991","AQS"
"03/21/2007","84","","Dawsonville","13-085-0001","AQS"
"03/22/2007","49","","Dawsonville","13-085-0001","AQS"
"03/23/2007","80","","Dawsonville","13-085-0001","AQS"
"03/24/2007","101","","South DeKalb","13-089-0002","AQS"
"03/25/2007","115","","Georgia Station","13-231-9991","AQS"
"03/26/2007","77","","Dawsonville","13-085-0001","AQS"
"03/27/2007","61","","Dawsonville","13-085-0001","AQS"
"03/28/2007","61","","Dawsonville","13-085-0001","AQS"
"03/29/2007","74","","Yorkville, King Farm","13-223-0003","AQS"
"03/30/2007","44","","Georgia Station","13-231-9991","AQS"
"03/31/2007","45","","Dawsonville","13-085-0001","AQS"
"04/01/2007","38","","Georgia Station","13-231-9991","AQS"
"04/02/2007","40","","Dawsonville","13-085-0001","AQS"
"04/03/2007","44","","Dawsonville","13-085-0001","AQS"
"04/04/2007","45","","Georgia Station","13-231-9991","AQS"
"04/05/2007","41","","Georgia Station","13-231-9991","AQS"
"04/06/2007","46","","Georgia Station","13-231-9991","AQS"
"04/07/2007","45","","Georgia Station","13-231-9991","AQS"
"04/08/2007","49","","Georgia Station","13-231-9991","AQS"
"04/09/2007","49","","Georgia Station","13-231-9991","AQS"
"04/10/2007","77","","Georgia Station","13-231-9991","AQS"
"04/11/2007","44","","Yorkville, King Farm","13-223-0003","AQS"
"04/12/2007","50","","Georgia Station","13-231-9991","AQS"
"04/13/2007","67","","Georgia Station","13-231-9991","AQS"
"04/14/2007","48","","Dawsonville","13-085-0001","AQS"
"04/15/2007","43","","Dawsonville","13-085-0001","AQS"
"04/16/2007","67","","Gwinnett","13-135-0002","AQS"
"04/17/2007","84","","Douglasville","13-097-0004","AQS"
"04/18/2007","90","","Dawsonville","13-085-0001","AQS"
"04/19/2007","108","","Georgia Station","13-231-9991","AQS"
"04/20/2007","71","","Yorkville, King Farm","13-223-0003","AQS"
"04/21/2007","93","","Yorkville, King Farm","13-223-0003","AQS"
"04/22/2007","100","","Dawsonville","13-085-0001","AQS"
"04/23/2007","97","","Dawsonville","13-085-0001","AQS"
"04/24/2007","71","","Gwinnett","13-135-0002","AQS"
"04/25/2007","58","","Dawsonville","13-085-0001","AQS"
"04/26/2007","36","","Georgia Station","13-231-9991","AQS"
"04/27/2007","64","","Newnan","13-077-0002","AQS"
"04/28/2007","64","","Georgia Station","13-231-9991","AQS"
"04/29/2007","87","","McDonough","13-151-0002","AQS"
"04/30/2007","133","","United Avenue","13-121-0055","AQS"
"05/01/2007","164","","Gwinnett","13-135-0002","AQS"
"05/02/2007","126","","Gwinnett","13-135-0002","AQS"
"05/03/2007","100","","Gwinnett","13-135-0002","AQS"
"05/04/2007","44","","Yorkville, King Farm","13-223-0003","AQS"
"05/05/2007","32","","Newnan","13-077-0002","AQS"
"05/06/2007","50","","United Avenue","13-121-0055","AQS"
"05/07/2007","71","","Georgia Station","13-231-9991","AQS"
"05/08/2007","93","","Yorkville, King Farm","13-223-0003","AQS"
"05/09/2007","80","","Yorkville, King Farm","13-223-0003","AQS"
"05/10/2007","108","","Douglasville","13-097-0004","AQS"
"05/11/2007","108","","United Avenue","13-121-0055","AQS"
"05/12/2007","77","","McDonough","13-151-0002","AQS"
"05/13/2007","122","","Newnan","13-077-0002","AQS"
"05/14/2007","90","","Georgia Station","13-231-9991","AQS"
"05/15/2007","101","","Dawsonville","13-085-0001","AQS"
"05/16/2007","47","","McDonough","13-151-0002","AQS"
"05/17/2007","77","","McDonough","13-151-0002","AQS"
"05/18/2007","87","","Conyers","13-247-0001","AQS"
"05/19/2007","101","","United Avenue","13-121-0055","AQS"
"05/20/2007","119","","McDonough","13-151-0002","AQS"
"05/21/2007","174","","United Avenue","13-121-0055","AQS"
"05/22/2007","154","","Yorkville, King Farm","13-223-0003","AQS"
"05/23/2007","105","","Yorkville, King Farm","13-223-0003","AQS"
"05/24/2007","80","","Yorkville, King Farm","13-223-0003","AQS"
"05/25/2007","108","","Yorkville, King Farm","13-223-0003","AQS"
"05/26/2007","140","","Kennesaw","13-067-0003","AQS"
"05/27/2007","97","","Kennesaw","13-067-0003","AQS"
"05/28/2007","64","","Yorkville, King Farm","13-223-0003","AQS"
"05/29/2007","80","","Yorkville, King Farm","13-223-0003","AQS"
"05/30/2007","90","","Yorkville, King Farm","13-223-0003","AQS"
"05/31/2007","115","","Kennesaw","13-067-0003","AQS"
"06/01/2007","115","","Kennesaw","13-067-0003","AQS"
"06/02/2007","44","","Newnan","13-077-0002","AQS"
"06/03/2007","93","","Conyers","13-247-0001","AQS"
"06/04/2007","100","","Conyers","13-247-0001","AQS"
"06/05/2007","74","","Douglasville","13-097-0004","AQS"
"06/06/2007","151","","Gwinnett","13-135-0002","AQS"
"06/07/2007","48","","Dawsonville","13-085-0001","AQS"
"06/08/2007","29","","Dawsonville","13-085-0001","AQS"
"06/09/2007","84","","McDonough","13-151-0002","AQS"
"06/10/2007","151","","Newnan","13-077-0002","AQS"
"06/11/2007","112","","Douglasville","13-097-0004","AQS"
"06/12/2007","108","","Yorkville, King Farm","13-223-0003","AQS"
"06/13/2007","151","","Douglasville","13-097-0004","AQS"
"06/14/2007","105","","Kennesaw","13-067-0003","AQS"
"06/15/2007","84","","Kennesaw","13-067-0003","AQS"
"06/16/2007","133","","Gwinnett","13-135-0002","AQS"
"06/17/2007","140","","Gwinnett","13-135-0002","AQS"
"06/18/2007","147","","Gwinnett","13-135-0002","AQS"
"06/19/2007","28","","Dawsonville","13-085-0001","AQS"
"06/20/2007","87","","Georgia Station","13-231-9991","AQS"
"06/21/2007","177","","Douglasville","13-097-0004","AQS"
"06/22/2007","207","","Conyers","13-247-0001","AQS"
"06/23/2007","197","","Conyers","13-247-0001","AQS"
"06/24/2007","159","","Gwinnett","13-135-0002","AQS"
"06/25/2007","87","","Douglasville","13-097-0004","AQS"
"06/26/2007","101","","Kennesaw","13-067-0003","AQS"
"06/27/2007","80","","Kennesaw","13-067-0003","AQS"
"06/28/2007","90","","Dawsonville","13-085-0001","AQS"
"06/29/2007","119","","Kennesaw","13-067-0003","AQS"
"06/30/2007","151","","McDonough","13-151-0002","AQS"
"07/01/2007","108","","DOT STORAGE FACILITY","13-113-0001","AQS"
"07/02/2007","80","","Douglasville","13-097-0004","AQS"
"07/03/2007","54","","Yorkville, King Farm","13-223-0003","AQS"
"07/04/2007","90","","Kennesaw","13-067-0003","AQS"
"07/05/2007","190","","United Avenue","13-121-0055","AQS"
"07/06/2007","90","","Conyers","13-247-0001","AQS"
"07/07/2007","47","","Gwinnett","13-135-0002","AQS"
"07/08/2007","35","","Douglasville","13-097-0004","AQS"
"07/09/2007","67","","Gwinnett","13-135-0002","AQS"
"07/10/2007","36","","Conyers","13-247-0001","AQS"
"07/11/2007","39","","Newnan","13-077-0002","AQS"
"07/12/2007","133","","Conyers","13-247-0001","AQS"
"07/13/2007","126","","Conyers","13-247-0001","AQS"
"07/14/2007","77","","Kennesaw","13-067-0003","AQS"
"07/15/2007","34","","McDonough","13-151-0002","AQS"
"07/16/2007","80","","Gwinnett","13-135-0002","AQS"
"07/17/2007","43","","Gwinnett","13-135-0002","AQS"
"07/18/2007","49","","Conyers","13-247-0001","AQS"
"07/19/2007","43","","Gwinnett","13-135-0002","AQS"
"07/20/2007","38","","McDonough","13-151-0002","AQS"
"07/21/2007","133","","DOT STORAGE FACILITY","13-113-0001","AQS"
"07/22/2007","49","","Douglasville","13-097-0004","AQS"
"07/23/2007","71","","DOT STORAGE FACILITY","13-113-0001","AQS"
"07/24/2007","115","","Kennesaw","13-067-0003","AQS"
"07/25/2007","90","","Kennesaw","13-067-0003","AQS"
"07/26/2007","105","","United Avenue","13-121-0055","AQS"
"07/27/2007","97","","Conyers","13-247-0001","AQS"
"07/28/2007","50","","Douglasville","13-097-0004","AQS"
"07/29/2007","45","","United Avenue","13-121-0055","AQS"
"07/30/2007","112","","South DeKalb","13-089-0002","AQS"
"07/31/2007","119","","Douglasville","13-097-0004","AQS"
"08/01/2007","105","","Kennesaw","13-067-0003","AQS"
"08/02/2007","147","","Yorkville, King Farm","13-223-0003","AQS"
"08/03/2007","140","","Douglasville","13-097-0004","AQS"
"08/04/2007","201","","McDonough","13-151-0002","AQS"
"08/05/2007","122","","DOT STORAGE FACILITY","13-113-0001","AQS"
"08/06/2007","147","","McDonough","13-151-0002","AQS"
"08/07/2007","192","","McDonough","13-151-0002","AQS"
"08/08/2007","150","","South DeKalb","13-089-0002","AQS"
"08/09/2007","133","","McDonough","13-151-0002","AQS"
"08/10/2007","161","","Conyers","13-247-0001","AQS"
"08/11/2007","169","","South DeKalb","13-089-0002","AQS"
"08/12/2007","93","","Douglasville","13-097-0004","AQS"
"08/13/2007","200","","McDonough","13-151-0002","AQS"
"08/14/2007","201","","Newnan","13-077-0002","AQS"
"08/15/2007","220","","South DeKalb","13-089-0002","AQS"
"08/16/2007","192","","South DeKalb","13-089-0002","AQS"
"08/17/2007","182","","McDonough","13-151-0002","AQS"
"08/18/2007","154","","Yorkville, King Farm","13-223-0003","AQS"
"08/19/2007","115","","Kennesaw","13-067-0003","AQS"
"08/20/2007","71","","Gwinnett","13-135-0002","AQS"
"08/21/2007","71","","DOT STORAGE FACILITY","13-113-0001","AQS"
"08/22/2007","164","","McDonough","13-151-0002","AQS"
"08/23/2007","159","","Kennesaw","13-067-0003","AQS"
"08/24/2007","161","","Kennesaw","13-067-0003","AQS"
"08/25/2007","151","","South DeKalb","13-089-0002","AQS"
"08/26/2007","84","","DOT STORAGE FACILITY","13-113-0001","AQS"
"08/27/2007","147","","Yorkville, King Farm","13-223-0003","AQS"
"08/28/2007","64","","Yorkville, King Farm","13-223-0003","AQS"
"08/29/2007","40","","Douglasville","13-097-0004","AQS"
"08/30/2007","51","","McDonough","13-151-0002","AQS"
"08/31/2007","93","","Douglasville","13-097-0004","AQS"
"09/01/2007","84","","Kennesaw","13-067-0003","AQS"
"09/02/2007","61","","Kennesaw","13-067-0003","AQS"
"09/03/2007","115","","Douglasville","13-097-0004","AQS"
"09/04/2007","154","","Newnan","13-077-0002","AQS"
"09/05/2007","150","","Kennesaw","13-067-0003","AQS"
"09/06/2007","43","","Yorkville, King Farm","13-223-0003","AQS"
"09/07/2007","61","","Kennesaw","13-067-0003","AQS"
"09/08/2007","108","","Kennesaw","13-067-0003","AQS"
"09/09/2007","119","","South DeKalb","13-089-0002","AQS"
"09/10/2007","147","","Gwinnett","13-135-0002","AQS"
"09/11/2007","46","","Dawsonville","13-085-0001","AQS"
"09/12/2007","51","","Kennesaw","13-067-0003","AQS"
"09/13/2007","46","","Dawsonville","13-085-0001","AQS"
"09/14/2007","27","","Yorkville, King Farm","13-223-0003","AQS"
"09/15/2007","67","","McDonough","13-151-0002","AQS"
"09/16/2007","50","","Kennesaw","13-067-0003","AQS"
"09/17/2007","74","","Kennesaw","13-067-0003","AQS"
"09/18/2007","77","","Douglasville","13-097-0004","AQS"
"09/19/2007","90","","Newnan","13-077-0002","AQS"
"09/20/2007","38","","Douglasville","13-097-0004","AQS"
"09/21/2007","28","","Dawsonville","13-085-0001","AQS"
"09/22/2007","43","","Yorkville, King Farm","13-223-0003","AQS"
"09/23/2007","42","","Kennesaw","13-067-0003","AQS"
"09/24/2007","58","","Yorkville, King Farm","13-223-0003","AQS"
"09/25/2007","90","","Yorkville, King Farm","13-223-0003","AQS"
"09/26/2007","100","","Kennesaw","13-067-0003","AQS"
"09/27/2007","44","","Gwinnett","13-135-0002","AQS"
"09/28/2007","80","","Georgia Station","13-231-9991","AQS"
"09/29/2007","93","","Douglasville","13-097-0004","AQS"
"09/30/2007","71","","Yorkville, King Farm","13-223-0003","AQS"
"10/01/2007","80","","Yorkville, King Farm","13-223-0003","AQS"
"10/02/2007","67","","Yorkville, King Farm","13-223-0003","AQS"
"10/03/2007","33","","Gwinnett","13-135-0002","AQS"
"10/04/2007","25","","Dawsonville","13-085-0001","AQS"
"10/05/2007","26","","Gwinnett","13-135-0002","AQS"
"10/06/2007","36","","Yorkville, King Farm","13-223-0003","AQS"
"10/07/2007","43","","Douglasville","13-097-0004","AQS"
"10/08/2007","41","","Yorkville, King Farm","13-223-0003","AQS"
"10/09/2007","32","","Yorkville, King Farm","13-223-0003","AQS"
"10/10/2007","47","","Georgia Station","13-231-9991","AQS"
"10/11/2007","31","","Newnan","13-077-0002","AQS"
"10/12/2007","41","","Douglasville","13-097-0004","AQS"
"10/13/2007","67","","Georgia Station","13-231-9991","AQS"
"10/14/2007","115","","Yorkville, King Farm","13-223-0003","AQS"
"10/15/2007","87","","Yorkville, King Farm","13-223-0003","AQS"
"10/16/2007","38","","Dawsonville","13-085-0001","AQS"
"10/17/2007","43","","Yorkville, King Farm","13-223-0003","AQS"
"10/18/2007","23","","Yorkville, King Farm","13-223-0003","AQS"
"10/19/2007","50","","Yorkville, King Farm","13-223-0003","AQS"
"10/20/2007","46","","Yorkville, King Farm","13-223-0003","AQS"
"10/21/2007","61","","Yorkville, King Farm","13-223-0003","AQS"
"10/22/2007","33","","Yorkville, King Farm","13-223-0003","AQS"
"10/23/2007","28","","Yorkville, King Farm","13-223-0003","AQS"
"10/24/2007","26","","Conyers","13-247-0001","AQS"
"10/25/2007","31","","Dawsonville","13-085-0001","AQS"
"10/26/2007","36","","Yorkville, King Farm","13-223-0003","AQS"
"10/27/2007","36","","Georgia Station","13-231-9991","AQS"
"10/28/2007","44","","Newnan","13-077-0002","AQS"
"10/29/2007","39","","Georgia Station","13-231-9991","AQS"
"10/30/2007","39","","Dawsonville","13-085-0001","AQS"
"10/31/2007","41","","Georgia Station","13-231-9991","AQS"
"11/01/2007","47","","Georgia Station","13-231-9991","AQS"
"11/02/2007","40","","Georgia Station","13-231-9991","AQS"
"11/03/2007","46","","Georgia Station","13-231-9991","AQS"
"11/04/2007","48","","Georgia Station","13-231-9991","AQS"
"11/05/2007","54","","Georgia Station","13-231-9991","AQS"
"11/06/2007","44","","Georgia Station","13-231-9991","AQS"
"11/07/2007","26","","Georgia Station","13-231-9991","AQS"
"11/08/2007","38","","Georgia Station","13-231-9991","AQS"
"11/09/2007","51","","Georgia Station","13-231-9991","AQS"
"11/10/2007","37","","Georgia Station","13-231-9991","AQS"
"11/11/2007","45","","Georgia Station","13-231-9991","AQS"
"11/12/2007","45","","Georgia Station","13-231-9991","AQS"
"11/13/2007","47","","Georgia Station","13-231-9991","AQS"
"11/14/2007","44","","Georgia Station","13-231-9991","AQS"
"11/15/2007","31","","Georgia Station","13-231-9991","AQS"
"11/16/2007","26","","Georgia Station","13-231-9991","AQS"
"11/17/2007","44","","Georgia Station","13-231-9991","AQS"
"11/18/2007","38","","Georgia Station","13-231-9991","AQS"
"11/19/2007","42","","Georgia Station","13-231-9991","AQS"
"11/20/2007","47","","Georgia Station","13-231-9991","AQS"
"11/21/2007","41","","Georgia Station","13-231-9991","AQS"
"11/22/2007","28","","Georgia Station","13-231-9991","AQS"
"11/23/2007","24","","Georgia Station","13-231-9991","AQS"
"11/24/2007","27","","Georgia Station","13-231-9991","AQS"
"11/25/2007","26","","Georgia Station","13-231-9991","AQS"
"11/26/2007","22","","Georgia Station","13-231-9991","AQS"
"11/27/2007","27","","Georgia Station","13-231-9991","AQS"
"11/28/2007","36","","Georgia Station","13-231-9991","AQS"
"11/29/2007","41","","Georgia Station","13-231-9991","AQS"
"11/30/2007","31","","Georgia Station","13-231-9991","AQS"
"12/01/2007","44","","Georgia Station","13-231-9991","AQS"
"12/02/2007","36","","Georgia Station","13-231-9991","AQS"
"12/03/2007","31","","Georgia Station","13-231-9991","AQS"
"12/04/2007","35","","Georgia Station","13-231-9991","AQS"
"12/05/2007","44","","Georgia Station","13-231-9991","AQS"
"12/06/2007","17","","Georgia Station","13-231-9991","AQS"
"12/07/2007","38","","Georgia Station","13-231-9991","AQS"
"12/08/2007","30","","Georgia Station","13-231-9991","AQS"
"12/09/2007","36","","Georgia Station","13-231-9991","AQS"
"12/10/2007","34","","Georgia Station","13-231-9991","AQS"
"12/11/2007","34","","Georgia Station","13-231-9991","AQS"
"12/12/2007","31","","Georgia Station","13-231-9991","AQS"
"12/13/2007","31","","Georgia Station","13-231-9991","AQS"
"12/14/2007","21","","Georgia Station","13-231-9991","AQS"
"12/15/2007","20","","Georgia Station","13-231-9991","AQS"
"12/16/2007","21","","Georgia Station","13-231-9991","AQS"
"12/17/2007","33","","Georgia Station","13-231-9991","AQS"
"12/18/2007","31","","Georgia Station","13-231-9991","AQS"
"12/19/2007","34","","Georgia Station","13-231-9991","AQS"
"12/20/2007","19","","Georgia Station","13-231-9991","AQS"
"12/21/2007","23","","Georgia Station","13-231-9991","AQS"
"12/22/2007","20","","Georgia Station","13-231-9991","AQS"
"12/23/2007","25","","Georgia Station","13-231-9991","AQS"
"12/24/2007","31","","Georgia Station","13-231-9991","AQS"
"12/25/2007","19","","Georgia Station","13-231-9991","AQS"
"12/26/2007","36","","Georgia Station","13-231-9991","AQS"
"12/27/2007","20","","Georgia Station","13-231-9991","AQS"
"12/28/2007","31","","Georgia Station","13-231-9991","AQS"
"12/29/2007","20","","Georgia Station","13-231-9991","AQS"
"12/30/2007","24","","Georgia Station","13-231-9991","AQS"
"12/31/2007","35","","Georgia Station","13-231-9991","AQS"
"01/01/2008","35","","Georgia Station","13-231-9991","AQS"
"01/02/2008","30","","Georgia Station","13-231-9991","AQS"
"01/03/2008","29","","Georgia Station","13-231-9991","AQS"
"01/04/2008","34","","Georgia Station","13-231-9991","AQS"
"01/05/2008","36","","Georgia Station","13-231-9991","AQS"
"01/06/2008","35","","Georgia Station","13-231-9991","AQS"
"01/07/2008","38","","Georgia Station","13-231-9991","AQS"
"01/08/2008","33","","Georgia Station","13-231-9991","AQS"
"01/09/2008","25","","Georgia Station","13-231-9991","AQS"
"01/10/2008","32","","Georgia Station","13-231-9991","AQS"
"01/11/2008","30","","Georgia Station","13-231-9991","AQS"
"01/12/2008","31","","Georgia Station","13-231-9991","AQS"
"01/13/2008","37","","Georgia Station","13-231-9991","AQS"
"01/14/2008","33","","Georgia Station","13-231-9991","AQS"
"01/15/2008","35","","Georgia Station","13-231-9991","AQS"
"01/16/2008","27","","Georgia Station","13-231-9991","AQS"
"01/17/2008","27","","Georgia Station","13-231-9991","AQS"
"01/18/2008","30","","Georgia Station","13-231-9991","AQS"
"01/19/2008","22","","Georgia Station","13-231-9991","AQS"
"01/21/2008","31","","Georgia Station","13-231-9991","AQS"
"01/22/2008","23","","Georgia Station","13-231-9991","AQS"
"01/23/2008","31","","Georgia Station","13-231-9991","AQS"
"01/24/2008","29","","Georgia Station","13-231-9991","AQS"
"01/25/2008","33","","Georgia Station","13-231-9991","AQS"
"01/26/2008","30","","Georgia Station","13-231-9991","AQS"
"01/27/2008","39","","Georgia Station","13-231-9991","AQS"
"01/28/2008","42","","Georgia Station","13-231-9991","AQS"
"01/29/2008","44","","Georgia Station","13-231-9991","AQS"
"01/30/2008","32","","Georgia Station","13-231-9991","AQS"
"01/31/2008","30","","Georgia Station","13-231-9991","AQS"
"02/01/2008","30","","Georgia Station","13-231-9991","AQS"
"02/02/2008","39","","Georgia Station","13-231-9991","AQS"
"02/03/2008","46","","Georgia Station","13-231-9991","AQS"
"02/04/2008","32","","Georgia Station","13-231-9991","AQS"
"02/05/2008","25","","Georgia Station","13-231-9991","AQS"
"02/06/2008","38","","Georgia Station","13-231-9991","AQS"
"02/07/2008","38","","Georgia Station","13-231-9991","AQS"
"02/08/2008","54","","Georgia Station","13-231-9991","AQS"
"02/09/2008","48","","Georgia Station","13-231-9991","AQS"
"02/10/2008","45","","Georgia Station","13-231-9991","AQS"
"02/11/2008","50","","Georgia Station","13-231-9991","AQS"
"02/12/2008","44","","Georgia Station","13-231-9991","AQS"
"02/13/2008","31","","Georgia Station","13-231-9991","AQS"
"02/14/2008","31","","Georgia Station","13-231-9991","AQS"
"02/15/2008","43","","Georgia Station","13-231-9991","AQS"
"02/16/2008","64","","Georgia Station","13-231-9991","AQS"
"02/17/2008","49","","Georgia Station","13-231-9991","AQS"
"02/18/2008","37","","Georgia Station","13-231-9991","AQS"
"02/19/2008","44","","Georgia Station","13-231-9991","AQS"
"02/20/2008","64","","Georgia Station","13-231-9991","AQS"
"02/21/2008","43","","Georgia Station","13-231-9991","AQS"
"02/22/2008","31","","Georgia Station","13-231-9991","AQS"
"02/23/2008","24","","Georgia Station","13-231-9991","AQS"
"02/24/2008","35","","Georgia Station","13-231-9991","AQS"
"02/25/2008","50","","Georgia Station","13-231-9991","AQS"
"02/26/2008","35","","Georgia Station","13-231-9991","AQS"
"02/27/2008","37","","Georgia Station","13-231-9991","AQS"
"02/28/2008","43","","Georgia Station","13-231-9991","AQS"
"02/29/2008","58","","Georgia Station","13-231-9991","AQS"
"03/01/2008","45","","Georgia Station","13-231-9991","AQS"
"03/02/2008","67","","Georgia Station","13-231-9991","AQS"
"03/03/2008","50","","Dawsonville","13-085-0001","AQS"
"03/04/2008","31","","Dawsonville","13-085-0001","AQS"
"03/05/2008","36","","Douglasville","13-097-0004","AQS"
"03/06/2008","45","","Conyers","13-247-0001","AQS"
"03/07/2008","35","","Dawsonville","13-085-0001","AQS"
"03/08/2008","42","","Georgia Station","13-231-9991","AQS"
"03/09/2008","47","","Yorkville, King Farm","13-223-0003","AQS"
"03/10/2008","67","","Georgia Station","13-231-9991","AQS"
"03/11/2008","45","","Dawsonville","13-085-0001","AQS"
"03/12/2008","77","","Dawsonville","13-085-0001","AQS"
"03/13/2008","100","","Georgia Station","13-231-9991","AQS"
"03/14/2008","49","","Yorkville, King Farm","13-223-0003","AQS"
"03/15/2008","45","","Yorkville, King Farm","13-223-0003","AQS"
"03/16/2008","58","","Georgia Station","13-231-9991","AQS"
"03/17/2008","58","","Georgia Station","13-231-9991","AQS"
"03/18/2008","50","","Georgia Station","13-231-9991","AQS"
"03/19/2008","40","","Yorkville, King Farm","13-223-0003","AQS"
"03/20/2008","46","","Dawsonville","13-085-0001","AQS"
"03/21/2008","80","","Georgia Station","13-231-9991","AQS"
"03/22/2008","93","","Georgia Station","13-231-9991","AQS"
"03/23/2008","46","","Georgia Station","13-231-9991","AQS"
"03/24/2008","44","","Conyers","13-247-0001","AQS"
"03/25/2008","74","","Georgia Station","13-231-9991","AQS"
"03/26/2008","101","","Dawsonville","13-085-0001","AQS"
"03/27/2008","71","","Dawsonville","13-085-0001","AQS"
"03/28/2008","36","","Georgia Station","13-231-9991","AQS"
"03/29/2008","37","","Georgia Station","13-231-9991","AQS"
"03/30/2008","37","","Dawsonville","13-085-0001","AQS"
"03/31/2008","31","","Dawsonville","13-085-0001","AQS"
"04/01/2008","36","","Dawsonville","13-085-0001","AQS"
"04/02/2008","46","","Georgia Station","13-231-9991","AQS"
"04/03/2008","38","","Dawsonville","13-085-0001","AQS"
"04/04/2008","27","","Yorkville, King Farm","13-223-0003","AQS"
"04/05/2008","32","","Georgia Station","13-231-9991","AQS"
"04/06/2008","33","","Georgia Station","13-231-9991","AQS"
"04/07/2008","36","","Dawsonville","13-085-0001","AQS"
"04/08/2008","45","","Yorkville, King Farm","13-223-0003","AQS"
"04/09/2008","67","","Dawsonville","13-085-0001","AQS"
"04/10/2008","67","","Dawsonville","13-085-0001","AQS"
"04/11/2008","46","","Dawsonville","13-085-0001","AQS"
"04/12/2008","50","","Dawsonville","13-085-0001","AQS"
"04/13/2008","49","","Georgia Station","13-231-9991","AQS"
"04/14/2008","33","","Dawsonville","13-085-0001","AQS"
"04/15/2008","48","","Dawsonville","13-085-0001","AQS"
"04/16/2008","87","","McDonough","13-151-0002","AQS"
"04/17/2008","133","","Dawsonville","13-085-0001","AQS"
"04/18/2008","105","","Dawsonville","13-085-0001","AQS"
"04/19/2008","61","","Georgia Station","13-231-9991","AQS"
"04/20/2008","71","","Conyers","13-247-0001","AQS"
"04/21/2008","97","","Georgia Station","13-231-9991","AQS"
"04/22/2008","108","","Douglasville","13-097-0004","AQS"
"04/23/2008","84","","Yorkville, King Farm","13-223-0003","AQS"
"04/24/2008","49","","Yorkville, King Farm","13-223-0003","AQS"
"04/25/2008","47","","Dawsonville","13-085-0001","AQS"
"04/26/2008","48","","Dawsonville","13-085-0001","AQS"
"04/27/2008","30","","Dawsonville","13-085-0001","AQS"
"04/28/2008","51","","Dawsonville","13-085-0001","AQS"
"04/29/2008","74","","Georgia Station","13-231-9991","AQS"
"04/30/2008","100","","Georgia Station","13-231-9991","AQS"
"05/01/2008","115","","Dawsonville","13-085-0001","AQS"
"05/02/2008","97","","Dawsonville","13-085-0001","AQS"
"05/03/2008","42","","Yorkville, King Farm","13-223-0003","AQS"
"05/04/2008","80","","Gwinnett","13-135-0002","AQS"
"05/05/2008","105","","Conyers","13-247-0001","AQS"
"05/06/2008","133","","United Avenue","13-121-0055","AQS"
"05/07/2008","97","","Dawsonville","13-085-0001","AQS"
"05/08/2008","80","","Dawsonville","13-085-0001","AQS"
"05/09/2008","51","","Yorkville, King Farm","13-223-0003","AQS"
"05/10/2008","77","","Conyers","13-247-0001","AQS"
"05/11/2008","47","","McDonough","13-151-0002","AQS"
"05/12/2008","58","","Conyers","13-247-0001","AQS"
"05/13/2008","90","","Gwinnett","13-135-0002","AQS"
"05/14/2008","67","","Georgia Station","13-231-9991","AQS"
"05/15/2008","38","","Yorkville, King Farm","13-223-0003","AQS"
"05/16/2008","39","","Georgia Station","13-231-9991","AQS"
"05/17/2008","84","","Gwinnett","13-135-0002","AQS"
"05/18/2008","67","","Gwinnett","13-135-0002","AQS"
"05/19/2008","90","","Gwinnett","13-135-0002","AQS"
"05/20/2008","93","","Douglasville","13-097-0004","AQS"
"05/21/2008","64","","Georgia Station","13-231-9991","AQS"
"05/22/2008","122","","South DeKalb","13-089-0002","AQS"
"05/23/2008","67","","Gwinnett","13-135-0002","AQS"
"05/24/2008","67","","McDonough","13-151-0002","AQS"
"05/25/2008","108","","Kennesaw","13-067-0003","AQS"
"05/26/2008","77","","Dawsonville","13-085-0001","AQS"
"05/27/2008","100","","Gwinnett","13-135-0002","AQS"
"05/28/2008","50","","McDonough","13-151-0002","AQS"
"05/29/2008","45","","South DeKalb","13-089-0002","AQS"
"05/30/2008","61","","Gwinnett","13-135-0002","AQS"
"05/31/2008","51","","Dawsonville","13-085-0001","AQS"
"06/01/2008","67","","Georgia Station","13-231-9991","AQS"
"06/02/2008","97","","McDonough","13-151-0002","AQS"
"06/03/2008","147","","Gwinnett","13-135-0002","AQS"
"06/04/2008","87","","Gwinnett","13-135-0002","AQS"
"06/05/2008","67","","Gwinnett","13-135-0002","AQS"
"06/06/2008","100","","Gwinnett","13-135-0002","AQS"
"06/07/2008","133","","Gwinnett","13-135-0002","AQS"
"06/08/2008","156","","Gwinnett","13-135-0002","AQS"
"06/09/2008","93","","Kennesaw","13-067-0003","AQS"
"06/10/2008","80","","Gwinnett","13-135-0002","AQS"
"06/11/2008","97","","Kennesaw","13-067-0003","AQS"
"06/12/2008","100","","Yorkville, King Farm","13-223-0003","AQS"
"06/13/2008","42","","Kennesaw","13-067-0003","AQS"
"06/14/2008","44","","United Avenue","13-121-0055","AQS"
"06/15/2008","90","","McDonough","13-151-0002","AQS"
"06/16/2008","159","","Conyers","13-247-0001","AQS"
"06/17/2008","140","","Conyers","13-247-0001","AQS"
"06/18/2008","150","","Conyers","13-247-0001","AQS"
"06/19/2008","159","","Georgia Station","13-231-9991","AQS"
"06/20/2008","203","","Conyers","13-247-0001","AQS"
"06/21/2008","105","","Dawsonville","13-085-0001","AQS"
"06/22/2008","105","","South DeKalb","13-089-0002","AQS"
"06/23/2008","101","","Conyers","13-247-0001","AQS"
"06/24/2008","151","","McDonough","13-151-0002","AQS"
"06/25/2008","172","","Conyers","13-247-0001","AQS"
"06/26/2008","84","","United Avenue","13-121-0055","AQS"
"06/27/2008","49","","Yorkville, King Farm","13-223-0003","AQS"
"06/28/2008","41","","Dawsonville","13-085-0001","AQS"
"06/29/2008","35","","Douglasville","13-097-0004","AQS"
"06/30/2008","43","","Conyers","13-247-0001","AQS"
"07/01/2008","105","","McDonough","13-151-0002","AQS"
"07/02/2008","154","","South DeKalb","13-089-0002","AQS"
"07/03/2008","129","","Dawsonville","13-085-0001","AQS"
"07/04/2008","61","","Dawsonville","13-085-0001","AQS"
"07/05/2008","46","","Kennesaw","13-067-0003","AQS"
"07/06/2008","51","","Dawsonville","13-085-0001","AQS"
"07/07/2008","115","","Kennesaw","13-067-0003","AQS"
"07/08/2008","51","","Douglasville","13-097-0004","AQS"
"07/09/2008","48","","Dawsonville","13-085-0001","AQS"
"07/10/2008","37","","Douglasville","13-097-0004","AQS"
"07/11/2008","46","","McDonough","13-151-0002","AQS"
"07/12/2008","97","","South DeKalb","13-089-0002","AQS"
"07/13/2008","30","","McDonough","13-151-0002","AQS"
"07/14/2008","77","","Douglasville","13-097-0004","AQS"
"07/15/2008","133","","Douglasville","13-097-0004","AQS"
"07/16/2008","143","","Douglasville","13-097-0004","AQS"
"07/17/2008","150","","Douglasville","13-097-0004","AQS"
"07/18/2008","164","","Newnan","13-077-0002","AQS"
"07/19/2008","119","","Georgia Station","13-231-9991","AQS"
"07/20/2008","151","","McDonough","13-151-0002","AQS"
"07/21/2008","192","","McDonough","13-151-0002","AQS"
"07/22/2008","169","","Conyers","13-247-0001","AQS"
"07/23/2008","101","","Conyers","13-247-0001","AQS"
"07/24/2008","119","","Conyers","13-247-0001","AQS"
"07/25/2008","101","","Conyers","13-247-0001","AQS"
"07/26/2008","50","","Conyers","13-247-0001","AQS"
"07/27/2008","101","","McDonough","13-151-0002","AQS"
"07/28/2008","177","","United Avenue","13-121-0055","AQS"
"07/29/2008","90","","Gwinnett","13-135-0002","AQS"
"07/30/2008","47","","South DeKalb","13-089-0002","AQS"
"07/31/2008","42","","Douglasville","13-097-0004","AQS"
"08/01/2008","87","","Conyers","13-247-0001","AQS"
"08/02/2008","84","","Conyers","13-247-0001","AQS"
"08/03/2008","74","","South DeKalb","13-089-0002","AQS"
"08/04/2008","84","","Gwinnett","13-135-0002","AQS"
"08/05/2008","97","","Conyers","13-247-0001","AQS"
"08/06/2008","97","","Conyers","13-247-0001","AQS"
"08/07/2008","58","","Conyers","13-247-0001","AQS"
"08/08/2008","108","","McDonough","13-151-0002","AQS"
"08/09/2008","129","","Kennesaw","13-067-0003","AQS"
"08/10/2008","93","","Conyers","13-247-0001","AQS"
"08/11/2008","136","","McDonough","13-151-0002","AQS"
"08/12/2008","61","","United Avenue","13-121-0055","AQS"
"08/13/2008","74","","Douglasville","13-097-0004","AQS"
"08/14/2008","77","","Kennesaw","13-067-0003","AQS"
"08/15/2008","119","","Conyers","13-247-0001","AQS"
"08/16/2008","93","","United Avenue","13-121-0055","AQS"
"08/17/2008","108","","Douglasville","13-097-0004","AQS"
"08/18/2008","101","","Yorkville, King Farm","13-223-0003","AQS"
"08/19/2008","147","","Yorkville, King Farm","13-223-0003","AQS"
"08/20/2008","100","","Yorkville, King Farm","13-223-0003","AQS"
"08/21/2008","58","","Dawsonville","13-085-0001","AQS"
"08/22/2008","45","","Yorkville, King Farm","13-223-0003","AQS"
"08/23/2008","36","","Dawsonville","13-085-0001","AQS"
"08/24/2008","25","","Dawsonville","13-085-0001","AQS"
"08/25/2008","26","","Georgia Station","13-231-9991","AQS"
"08/26/2008","29","","Georgia Station","13-231-9991","AQS"
"08/27/2008","30","","Georgia Station","13-231-9991","AQS"
"08/28/2008","51","","McDonough","13-151-0002","AQS"
"08/29/2008","115","","Newnan","13-077-0002","AQS"
"08/30/2008","97","","Douglasville","13-097-0004","AQS"
"08/31/2008","31","","Yorkville, King Farm","13-223-0003","AQS"
"09/01/2008","34","","Dawsonville","13-085-0001","AQS"
"09/02/2008","61","","Yorkville, King Farm","13-223-0003","AQS"
"09/03/2008","97","","Yorkville, King Farm","13-223-0003","AQS"
"09/04/2008","58","","Douglasville","13-097-0004","AQS"
"09/05/2008","80","","Newnan","13-077-0002","AQS"
"09/06/2008","43","","McDonough","13-151-0002","AQS"
"09/07/2008","71","","South DeKalb","13-089-0002","AQS"
"09/08/2008","61","","Yorkville, King Farm","13-223-0003","AQS"
"09/09/2008","32","","United Avenue","13-121-0055","AQS"
"09/10/2008","43","","Kennesaw","13-067-0003","AQS"
"09/11/2008","22","","Yorkville, King Farm","13-223-0003","AQS"
"09/12/2008","25","","Kennesaw","13-067-0003","AQS"
"09/13/2008","31","","Kennesaw","13-067-0003","AQS"
"09/14/2008","26","","Dawsonville","13-085-0001","AQS"
"09/15/2008","33","","Douglasville","13-097-0004","AQS"
"09/16/2008","47","","Georgia Station","13-231-9991","AQS"
"09/17/2008","27","","Dawsonville","13-085-0001","AQS"
"09/18/2008","48","","Kennesaw","13-067-0003","AQS"
"09/19/2008","71","","Yorkville, King Farm","13-223-0003","AQS"
"09/20/2008","54","","Douglasville","13-097-0004","AQS"
"09/21/2008","42","","Douglasville","13-097-0004","AQS"
"09/22/2008","50","","Douglasville","13-097-0004","AQS"
"09/23/2008","77","","Douglasville","13-097-0004","AQS"
"09/24/2008","58","","Georgia Station","13-231-9991","AQS"
"09/25/2008","50","","Douglasville","13-097-0004","AQS"
"09/26/2008","58","","Georgia Station","13-231-9991","AQS"
"09/27/2008","41","","Georgia Station","13-231-9991","AQS"
"09/28/2008","47","","Georgia Station","13-231-9991","AQS"
"09/29/2008","67","","United Avenue","13-121-0055","AQS"
"09/30/2008","87","","Conyers","13-247-0001","AQS"
"10/01/2008","45","","Georgia Station","13-231-9991","AQS"
"10/02/2008","49","","Georgia Station","13-231-9991","AQS"
"10/03/2008","93","","Dawsonville","13-085-0001","AQS"
"10/04/2008","112","","Dawsonville","13-085-0001","AQS"
"10/05/2008","105","","Douglasville","13-097-0004","AQS"
"10/06/2008","67","","Yorkville, King Farm","13-223-0003","AQS"
"10/07/2008","49","","Dawsonville","13-085-0001","AQS"
"10/08/2008","32","","Georgia Station","13-231-9991","AQS"
"10/09/2008","28","","Yorkville, King Farm","13-223-0003","AQS"
"10/10/2008","31","","Dawsonville","13-085-0001","AQS"
"10/11/2008","42","","United Avenue","13-121-0055","AQS"
"10/12/2008","43","","Dawsonville","13-085-0001","AQS"
"10/13/2008","38","","Dawsonville","13-085-0001","AQS"
"10/14/2008","54","","Dawsonville","13-085-0001","AQS"
"10/15/2008","64","","Dawsonville","13-085-0001","AQS"
"10/16/2008","46","","McDonough","13-151-0002","AQS"
"10/17/2008","28","","Georgia Station","13-231-9991","AQS"
"10/18/2008","37","","Georgia Station","13-231-9991","AQS"
"10/19/2008","34","","Douglasville","13-097-0004","AQS"
"10/20/2008","42","","Georgia Station","13-231-9991","AQS"
"10/21/2008","48","","Yorkville, King Farm","13-223-0003","AQS"
"10/22/2008","44","","Georgia Station","13-231-9991","AQS"
"10/23/2008","32","","Georgia Station","13-231-9991","AQS"
"10/24/2008","23","","Yorkville, King Farm","13-223-0003","AQS"
"10/25/2008","39","","Georgia Station","13-231-9991","AQS"
"10/26/2008","40","","Dawsonville","13-085-0001","AQS"
"10/27/2008","33","","Douglasville","13-097-0004","AQS"
"10/28/2008","25","","Douglasville","13-097-0004","AQS"
"10/29/2008","34","","Douglasville","13-097-0004","AQS"
"10/30/2008","40","","Georgia Station","13-231-9991","AQS"
"10/31/2008","44","","Dawsonville","13-085-0001","AQS"
"11/01/2008","45","","Georgia Station","13-231-9991","AQS"
"11/02/2008","49","","Georgia Station","13-231-9991","AQS"
"11/03/2008","40","","Georgia Station","13-231-9991","AQS"
"11/04/2008","41","","Georgia Station","13-231-9991","AQS"
"11/05/2008","40","","Georgia Station","13-231-9991","AQS"
"11/06/2008","45","","Georgia Station","13-231-9991","AQS"
"11/07/2008","38","","Georgia Station","13-231-9991","AQS"
"11/08/2008","40","","Georgia Station","13-231-9991","AQS"
"11/09/2008","34","","Georgia Station","13-231-9991","AQS"
"11/10/2008","31","","Georgia Station","13-231-9991","AQS"
"11/11/2008","38","","Georgia Station","13-231-9991","AQS"
"11/12/2008","31","","Georgia Station","13-231-9991","AQS"
"11/13/2008","19","","Georgia Station","13-231-9991","AQS"
"11/14/2008","19","","Georgia Station","13-231-9991","AQS"
"11/15/2008","31","","Georgia Station","13-231-9991","AQS"
"11/16/2008","23","","Georgia Station","13-231-9991","AQS"
"11/17/2008","31","","Georgia Station","13-231-9991","AQS"
"11/18/2008","29","","Georgia Station","13-231-9991","AQS"
"11/19/2008","31","","Georgia Station","13-231-9991","AQS"
"11/20/2008","36","","Georgia Station","13-231-9991","AQS"
"11/21/2008","27","","Georgia Station","13-231-9991","AQS"
"11/22/2008","31","","Georgia Station","13-231-9991","AQS"
"11/23/2008","38","","Georgia Station","13-231-9991","AQS"
"11/24/2008","33","","Georgia Station","13-231-9991","AQS"
"11/25/2008","34","","Georgia Station","13-231-9991","AQS"
"11/26/2008","31","","Georgia Station","13-231-9991","AQS"
"11/27/2008","47","","Georgia Station","13-231-9991","AQS"
"11/28/2008","38","","Georgia Station","13-231-9991","AQS"
"11/29/2008","31","","Georgia Station","13-231-9991","AQS"
"11/30/2008","23","","Georgia Station","13-231-9991","AQS"
"12/01/2008","28","","Georgia Station","13-231-9991","AQS"
"12/02/2008","30","","Georgia Station","13-231-9991","AQS"
"12/03/2008","35","","Georgia Station","13-231-9991","AQS"
"12/04/2008","30","","Georgia Station","13-231-9991","AQS"
"12/05/2008","23","","Georgia Station","13-231-9991","AQS"
"12/06/2008","25","","Georgia Station","13-231-9991","AQS"
"12/07/2008","32","","Georgia Station","13-231-9991","AQS"
"12/08/2008","35","","Georgia Station","13-231-9991","AQS"
"12/09/2008","36","","Georgia Station","13-231-9991","AQS"
"12/10/2008","34","","Georgia Station","13-231-9991","AQS"
"12/11/2008","31","","Georgia Station","13-231-9991","AQS"
"12/12/2008","28","","Georgia Station","13-231-9991","AQS"
"12/13/2008","26","","Georgia Station","13-231-9991","AQS"
"12/14/2008","19","","Georgia Station","13-231-9991","AQS"
"12/15/2008","26","","Georgia Station","13-231-9991","AQS"
"12/16/2008","23","","Georgia Station","13-231-9991","AQS"
"12/17/2008","20","","Georgia Station","13-231-9991","AQS"
"12/18/2008","25","","Georgia Station","13-231-9991","AQS"
"12/19/2008","30","","Georgia Station","13-231-9991","AQS"
"12/20/2008","26","","Georgia Station","13-231-9991","AQS"
"12/21/2008","31","","Georgia Station","13-231-9991","AQS"
"12/22/2008","28","","Georgia Station","13-231-9991","AQS"
"12/23/2008","31","","Georgia Station","13-231-9991","AQS"
"12/24/2008","26","","Georgia Station","13-231-9991","AQS"
"12/25/2008","24","","Georgia Station","13-231-9991","AQS"
"12/26/2008","13","","Georgia Station","13-231-9991","AQS"
"12/27/2008","26","","Georgia Station","13-231-9991","AQS"
"12/28/2008","25","","Georgia Station","13-231-9991","AQS"
"12/29/2008","38","","Georgia Station","13-231-9991","AQS"
"12/30/2008","36","","Georgia Station","13-231-9991","AQS"
"12/31/2008","31","","Georgia Station","13-231-9991","AQS"
"01/01/2009","35","","Georgia Station","13-231-9991","AQS"
"01/02/2009","28","","Georgia Station","13-231-9991","AQS"
"01/03/2009","25","","Georgia Station","13-231-9991","AQS"
"01/04/2009","26","","Georgia Station","13-231-9991","AQS"
"01/05/2009","26","","Georgia Station","13-231-9991","AQS"
"01/06/2009","25","","Georgia Station","13-231-9991","AQS"
"01/07/2009","34","","Georgia Station","13-231-9991","AQS"
"01/08/2009","36","","Georgia Station","13-231-9991","AQS"
"01/09/2009","34","","Georgia Station","13-231-9991","AQS"
"01/10/2009","34","","Georgia Station","13-231-9991","AQS"
"01/11/2009","25","","Georgia Station","13-231-9991","AQS"
"01/12/2009","28","","Georgia Station","13-231-9991","AQS"
"01/13/2009","33","","Georgia Station","13-231-9991","AQS"
"01/15/2009","31","","Georgia Station","13-231-9991","AQS"
"01/16/2009","31","","Georgia Station","13-231-9991","AQS"
"01/17/2009","34","","Georgia Station","13-231-9991","AQS"
"01/18/2009","37","","Georgia Station","13-231-9991","AQS"
"01/19/2009","33","","Georgia Station","13-231-9991","AQS"
"01/20/2009","30","","Georgia Station","13-231-9991","AQS"
"01/21/2009","35","","Georgia Station","13-231-9991","AQS"
"01/22/2009","42","","Georgia Station","13-231-9991","AQS"
"01/23/2009","43","","Georgia Station","13-231-9991","AQS"
"01/24/2009","33","","Georgia Station","13-231-9991","AQS"
"01/25/2009","21","","Georgia Station","13-231-9991","AQS"
"01/26/2009","13","","Georgia Station","13-231-9991","AQS"
"01/27/2009","22","","Georgia Station","13-231-9991","AQS"
"01/28/2009","31","","Georgia Station","13-231-9991","AQS"
"01/29/2009","34","","Georgia Station","13-231-9991","AQS"
"01/30/2009","37","","Georgia Station","13-231-9991","AQS"
"01/31/2009","41","","Georgia Station","13-231-9991","AQS"
"02/01/2009","48","","Georgia Station","13-231-9991","AQS"
"02/02/2009","40","","Georgia Station","13-231-9991","AQS"
"02/03/2009","40","","Georgia Station","13-231-9991","AQS"
"02/04/2009","34","","Georgia Station","13-231-9991","AQS"
"02/05/2009","39","","Georgia Station","13-231-9991","AQS"
"02/06/2009","47","","Georgia Station","13-231-9991","AQS"
"02/07/2009","51","","Georgia Station","13-231-9991","AQS"
"02/08/2009","43","","Georgia Station","13-231-9991","AQS"
"02/09/2009","47","","Georgia Station","13-231-9991","AQS"
"02/10/2009","47","","Georgia Station","13-231-9991","AQS"
"02/11/2009","42","","Georgia Station","13-231-9991","AQS"
"02/12/2009","44","","Georgia Station","13-231-9991","AQS"
"02/13/2009","47","","Georgia Station","13-231-9991","AQS"
"02/14/2009","39","","Georgia Station","13-231-9991","AQS"
"02/15/2009","41","","Georgia Station","13-231-9991","AQS"
"02/16/2009","38","","Georgia Station","13-231-9991","AQS"
"02/17/2009","40","","Georgia Station","13-231-9991","AQS"
"02/18/2009","37","","Georgia Station","13-231-9991","AQS"
"02/19/2009","39","","Georgia Station","13-231-9991","AQS"
"02/20/2009","37","","Georgia Station","13-231-9991","AQS"
"02/21/2009","48","","Georgia Station","13-231-9991","AQS"
"02/22/2009","41","","Georgia Station","13-231-9991","AQS"
"02/23/2009","41","","Georgia Station","13-231-9991","AQS"
"02/24/2009","54","","Georgia Station","13-231-9991","AQS"
"02/25/2009","46","","Georgia Station","13-231-9991","AQS"
"02/26/2009","45","","Georgia Station","13-231-9991","AQS"
"02/27/2009","39","","Georgia Station","13-231-9991","AQS"
"02/28/2009","37","","Georgia Station","13-231-9991","AQS"
"03/01/2009","34","","Douglasville","13-097-0004","AQS"
"03/02/2009","38","","Dawsonville","13-085-0001","AQS"
"03/03/2009","39","","Dawsonville","13-085-0001","AQS"
"03/04/2009","45","","Georgia Station","13-231-9991","AQS"
"03/05/2009","74","","Yorkville, King Farm","13-223-0003","AQS"
"03/06/2009","44","","Dawsonville","13-085-0001","AQS"
"03/07/2009","44","","Dawsonville","13-085-0001","AQS"
"03/08/2009","37","","Dawsonville","13-085-0001","AQS"
"03/09/2009","43","","Dawsonville","13-085-0001","AQS"
"03/10/2009","51","","Dawsonville","13-085-0001","AQS"
"03/11/2009","43","","Dawsonville","13-085-0001","AQS"
"03/12/2009","50","","Georgia Station","13-231-9991","AQS"
"03/13/2009","36","","Georgia Station","13-231-9991","AQS"
"03/14/2009","19","","Dawsonville","13-085-0001","AQS"
"03/15/2009","16","","Dawsonville","13-085-0001","AQS"
"03/16/2009","19","","Dawsonville","13-085-0001","AQS"
"03/17/2009","44","","Dawsonville","13-085-0001","AQS"
"03/18/2009","47","","Dawsonville","13-085-0001","AQS"
"03/19/2009","64","","Gwinnett","13-135-0002","AQS"
"03/20/2009","51","","Dawsonville","13-085-0001","AQS"
"03/21/2009","77","","Georgia Station","13-231-9991","AQS"
"03/22/2009","77","","Dawsonville","13-085-0001","AQS"
"03/23/2009","90","","Dawsonville","13-085-0001","AQS"
"03/24/2009","46","","Dawsonville","13-085-0001","AQS"
"03/25/2009","41","","Georgia Station","13-231-9991","AQS"
"03/26/2009","35","","Georgia Station","13-231-9991","AQS"
"03/27/2009","37","","Georgia Station","13-231-9991","AQS"
"03/28/2009","35","","Yorkville, King Farm","13-223-0003","AQS"
"03/29/2009","35","","Yorkville, King Farm","13-223-0003","AQS"
"03/30/2009","58","","Georgia Station","13-231-9991","AQS"
"03/31/2009","41","","Georgia Station","13-231-9991","AQS"
"04/01/2009","42","","Yorkville, King Farm","13-223-0003","AQS"
"04/02/2009","46","","Yorkville, King Farm","13-223-0003","AQS"
"04/03/2009","45","","Dawsonville","13-085-0001","AQS"
"04/04/2009","67","","Newnan","13-077-0002","AQS"
"04/05/2009","50","","Dawsonville","13-085-0001","AQS"
"04/06/2009","35","","Georgia Station","13-231-9991","AQS"
"04/07/2009","43","","Douglasville","13-097-0004","AQS"
"04/08/2009","87","","Dawsonville","13-085-0001","AQS"
"04/09/2009","101","","Dawsonville","13-085-0001","AQS"
"04/10/2009","44","","Yorkville, King Farm","13-223-0003","AQS"
"04/11/2009","45","","Georgia Station","13-231-9991","AQS"
"04/12/2009","61","","Yorkville, King Farm","13-223-0003","AQS"
"04/13/2009","44","","Georgia Station","13-231-9991","AQS"
"04/14/2009","42","","Georgia Station","13-231-9991","AQS"
"04/15/2009","44","","Georgia Station","13-231-9991","AQS"
"04/16/2009","50","","Yorkville, King Farm","13-223-0003","AQS"
"04/17/2009","84","","Dawsonville","13-085-0001","AQS"
"04/18/2009","97","","Dawsonville","13-085-0001","AQS"
"04/19/2009","40","","Yorkville, King Farm","13-223-0003","AQS"
"04/20/2009","46","","Georgia Station","13-231-9991","AQS"
"04/21/2009","64","","Dawsonville","13-085-0001","AQS"
"04/22/2009","64","","Douglasville","13-097-0004","AQS"
"04/23/2009","93","","Dawsonville","13-085-0001","AQS"
"04/24/2009","90","","Dawsonville","13-085-0001","AQS"
"04/25/2009","87","","Conyers","13-247-0001","AQS"
"04/26/2009","48","","Kennesaw","13-067-0003","AQS"
"04/27/2009","47","","Kennesaw","13-067-0003","AQS"
"04/28/2009","58","","Kennesaw","13-067-0003","AQS"
"04/29/2009","58","","Kennesaw","13-067-0003","AQS"
"04/30/2009","45","","Dawsonville","13-085-0001","AQS"
"05/01/2009","40","","Dawsonville","13-085-0001","AQS"
"05/02/2009","29","","Georgia Station","13-231-9991","AQS"
"05/03/2009","33","","Georgia Station","13-231-9991","AQS"
"05/04/2009","34","","Georgia Station","13-231-9991","AQS"
"05/05/2009","44","","United Avenue","13-121-0055","AQS"
"05/06/2009","31","","Yorkville, King Farm","13-223-0003","AQS"
"05/07/2009","42","","Gwinnett","13-135-0002","AQS"
"05/08/2009","27","","Dawsonville","13-085-0001","AQS"
"05/09/2009","39","","Yorkville, King Farm","13-223-0003","AQS"
"05/10/2009","45","","Gwinnett","13-135-0002","AQS"
"05/11/2009","44","","McDonough","13-151-0002","AQS"
"05/12/2009","50","","Yorkville, King Farm","13-223-0003","AQS"
"05/13/2009","41","","Georgia Station","13-231-9991","AQS"
"05/14/2009","50","","South DeKalb","13-089-0002","AQS"
"05/15/2009","54","","Kennesaw","13-067-0003","AQS"
"05/16/2009","37","","Georgia Station","13-231-9991","AQS"
"05/17/2009","33","","Gwinnett","13-135-0002","AQS"
"05/18/2009","46","","Gwinnett","13-135-0002","AQS"
"05/19/2009","80","","United Avenue","13-121-0055","AQS"
"05/20/2009","54","","Dawsonville","13-085-0001","AQS"
"05/21/2009","44","","Dawsonville","13-085-0001","AQS"
"05/22/2009","29","","Dawsonville","13-085-0001","AQS"
"05/23/2009","25","","Yorkville, King Farm","13-223-0003","AQS"
"05/24/2009","26","","Kennesaw","13-067-0003","AQS"
"05/25/2009","33","","Kennesaw","13-067-0003","AQS"
"05/26/2009","27","","Gwinnett","13-135-0002","AQS"
"05/27/2009","42","","Gwinnett","13-135-0002","AQS"
"05/28/2009","48","","Gwinnett","13-135-0002","AQS"
"05/29/2009","43","","Gwinnett","13-135-0002","AQS"
"05/30/2009","90","","McDonough","13-151-0002","AQS"
"05/31/2009","74","","McDonough","13-151-0002","AQS"
"06/01/2009","151","","United Avenue","13-121-0055","AQS"
"06/02/2009","164","","Kennesaw","13-067-0003","AQS"
"06/03/2009","74","","Kennesaw","13-067-0003","AQS"
"06/04/2009","28","","Gwinnett","13-135-0002","AQS"
"06/05/2009","48","","McDonough","13-151-0002","AQS"
"06/06/2009","48","","Douglasville","13-097-0004","AQS"
"06/07/2009","64","","Douglasville","13-097-0004","AQS"
"06/08/2009","87","","South DeKalb","13-089-0002","AQS"
"06/09/2009","136","","Conyers","13-247-0001","AQS"
"06/10/2009","51","","McDonough","13-151-0002","AQS"
"06/11/2009","36","","Gwinnett","13-135-0002","AQS"
"06/12/2009","49","","McDonough","13-151-0002","AQS"
"06/13/2009","42","","Gwinnett","13-135-0002","AQS"
"06/14/2009","45","","United Avenue","13-121-0055","AQS"
"06/15/2009","100","","McDonough","13-151-0002","AQS"
"06/16/2009","71","","Gwinnett","13-135-0002","AQS"
"06/17/2009","71","","South DeKalb","13-089-0002","AQS"
"06/18/2009","61","","McDonough","13-151-0002","AQS"
"06/19/2009","97","","McDonough","13-151-0002","AQS"
"06/20/2009","54","","Conyers","13-247-0001","AQS"
"06/21/2009","71","","McDonough","13-151-0002","AQS"
"06/22/2009","71","","McDonough","13-151-0002","AQS"
"06/23/2009","122","","South DeKalb","13-089-0002","AQS"
"06/24/2009","164","","United Avenue","13-121-0055","AQS"
"06/25/2009","147","","Gwinnett","13-135-0002","AQS"
"06/26/2009","154","","Conyers","13-247-0001","AQS"
"06/27/2009","84","","Conyers","13-247-0001","AQS"
"06/28/2009","101","","McDonough","13-151-0002","AQS"
"06/29/2009","119","","Conyers","13-247-0001","AQS"
"06/30/2009","97","","McDonough","13-151-0002","AQS"
"07/01/2009","87","","Newnan","13-077-0002","AQS"
"07/02/2009","77","","Georgia Station","13-231-9991","AQS"
"07/03/2009","90","","McDonough","13-151-0002","AQS"
"07/04/2009","105","","South DeKalb","13-089-0002","AQS"
"07/05/2009","38","","McDonough","13-151-0002","AQS"
"07/06/2009","45","","Conyers","13-247-0001","AQS"
"07/07/2009","50","","United Avenue","13-121-0055","AQS"
"07/08/2009","67","","Yorkville, King Farm","13-223-0003","AQS"
"07/09/2009","93","","Douglasville","13-097-0004","AQS"
"07/10/2009","77","","Yorkville, King Farm","13-223-0003","AQS"
"07/11/2009","74","","Gwinnett","13-135-0002","AQS"
"07/12/2009","54","","South DeKalb","13-089-0002","AQS"
"07/13/2009","47","","Conyers","13-247-0001","AQS"
"07/14/2009","101","","Douglasville","13-097-0004","AQS"
"07/15/2009","100","","United Avenue","13-121-0055","AQS"
"07/16/2009","51","","Conyers","13-247-0001","AQS"
"07/17/2009","48","","Conyers","13-247-0001","AQS"
"07/18/2009","49","","Conyers","13-247-0001","AQS"
"07/19/2009","46","","Conyers","13-247-0001","AQS"
"07/20/2009","64","","McDonough","13-151-0002","AQS"
"07/21/2009","172","","United Avenue","13-121-0055","AQS"
"07/22/2009","58","","Dawsonville","13-085-0001","AQS"
"07/23/2009","54","","Gwinnett","13-135-0002","AQS"
"07/24/2009","122","","McDonough","13-151-0002","AQS"
"07/25/2009","84","","Conyers","13-247-0001","AQS"
"07/26/2009","71","","Gwinnett","13-135-0002","AQS"
"07/27/2009","71","","Gwinnett","13-135-0002","AQS"
"07/28/2009","58","","Dawsonville","13-085-0001","AQS"
"07/29/2009","37","","Gwinnett","13-135-0002","AQS"
"07/30/2009","29","","Dawsonville","13-085-0001","AQS"
"07/31/2009","31","","Douglasville","13-097-0004","AQS"
"08/01/2009","51","","Gwinnett","13-135-0002","AQS"
"08/02/2009","30","","Kennesaw","13-067-0003","AQS"
"08/03/2009","54","","Gwinnett","13-135-0002","AQS"
"08/04/2009","77","","Conyers","13-247-0001","AQS"
"08/05/2009","67","","Gwinnett","13-135-0002","AQS"
"08/06/2009","136","","McDonough","13-151-0002","AQS"
"08/07/2009","156","","Kennesaw","13-067-0003","AQS"
"08/08/2009","119","","Kennesaw","13-067-0003","AQS"
"08/09/2009","112","","United Avenue","13-121-0055","AQS"
"08/10/2009","51","","Gwinnett","13-135-0002","AQS"
"08/11/2009","54","","Conyers","13-247-0001","AQS"
"08/12/2009","49","","Georgia Station","13-231-9991","AQS"
"08/13/2009","101","","Douglasville","13-097-0004","AQS"
"08/14/2009","97","","Douglasville","13-097-0004","AQS"
"08/15/2009","67","","Yorkville, King Farm","13-223-0003","AQS"
"08/16/2009","27","","Kennesaw","13-067-0003","AQS"
"08/17/2009","24","","Gwinnett","13-135-0002","AQS"
"08/18/2009","25","","Dawsonville","13-085-0001","AQS"
"08/19/2009","32","","Kennesaw","13-067-0003","AQS"
"08/20/2009","28","","Gwinnett","13-135-0002","AQS"
"08/21/2009","35","","Gwinnett","13-135-0002","AQS"
"08/22/2009","44","","McDonough","13-151-0002","AQS"
"08/23/2009","47","","McDonough","13-151-0002","AQS"
"08/24/2009","105","","Douglasville","13-097-0004","AQS"
"08/25/2009","71","","Yorkville, King Farm","13-223-0003","AQS"
"08/26/2009","47","","Dawsonville","13-085-0001","AQS"
"08/27/2009","28","","Gwinnett","13-135-0002","AQS"
"08/28/2009","38","","Georgia Station","13-231-9991","AQS"
"08/29/2009","43","","Gwinnett","13-135-0002","AQS"
"08/30/2009","33","","McDonough","13-151-0002","AQS"
"08/31/2009","45","","Douglasville","13-097-0004","AQS"
"09/01/2009","33","","United Avenue","13-121-0055","AQS"
"09/02/2009","67","","Douglasville","13-097-0004","AQS"
"09/03/2009","58","","United Avenue","13-121-0055","AQS"
"09/04/2009","93","","Douglasville","13-097-0004","AQS"
"09/05/2009","61","","Douglasville","13-097-0004","AQS"
"09/06/2009","67","","Douglasville","13-097-0004","AQS"
"09/07/2009","80","","Kennesaw","13-067-0003","AQS"
"09/08/2009","122","","United Avenue","13-121-0055","AQS"
"09/09/2009","77","","United Avenue","13-121-0055","AQS"
"09/10/2009","44","","Georgia Station","13-231-9991","AQS"
"09/11/2009","35","","Georgia Station","13-231-9991","AQS"
"09/12/2009","67","","Douglasville","13-097-0004","AQS"
"09/13/2009","50","","Douglasville","13-097-0004","AQS"
"09/14/2009","47","","Kennesaw","13-067-0003","AQS"
"09/15/2009","36","","Georgia Station","13-231-9991","AQS"
"09/16/2009","31","","Gwinnett","13-135-0002","AQS"
"09/17/2009","28","","Gwinnett","13-135-0002","AQS"
"09/18/2009","28","","Yorkville, King Farm","13-223-0003","AQS"
"09/19/2009","31","","Georgia Station","13-231-9991","AQS"
"09/20/2009","29","","Georgia Station","13-231-9991","AQS"
"09/21/2009","22","","Yorkville, King Farm","13-223-0003","AQS"
"09/22/2009","44","","Yorkville, King Farm","13-223-0003","AQS"
"09/23/2009","38","","Yorkville, King Farm","13-223-0003","AQS"
"09/24/2009","30","","Kennesaw","13-067-0003","AQS"
"09/25/2009","40","","Gwinnett","13-135-0002","AQS"
"09/26/2009","25","","Georgia Station","13-231-9991","AQS"
"09/27/2009","43","","Gwinnett","13-135-0002","AQS"
"09/28/2009","39","","Gwinnett","13-135-0002","AQS"
"09/29/2009","35","","Georgia Station","13-231-9991","AQS"
"09/30/2009","39","","Georgia Station","13-231-9991","AQS"
"10/01/2009","50","","Georgia Station","13-231-9991","AQS"
"10/02/2009","37","","Yorkville, King Farm","13-223-0003","AQS"
"10/03/2009","45","","Gwinnett","13-135-0002","AQS"
"10/04/2009","38","","Georgia Station","13-231-9991","AQS"
"10/05/2009","37","","Gwinnett","13-135-0002","AQS"
"10/06/2009","23","","Dawsonville","13-085-0001","AQS"
"10/07/2009","35","","Gwinnett","13-135-0002","AQS"
"10/08/2009","44","","Georgia Station","13-231-9991","AQS"
"10/09/2009","24","","Yorkville, King Farm","13-223-0003","AQS"
"10/10/2009","32","","Georgia Station","13-231-9991","AQS"
"10/11/2009","31","","Douglasville","13-097-0004","AQS"
"10/12/2009","24","","Yorkville, King Farm","13-223-0003","AQS"
"10/13/2009","31","","Kennesaw","13-067-0003","AQS"
"10/14/2009","26","","Dawsonville","13-085-0001","AQS"
"10/15/2009","11","","Dawsonville","13-085-0001","AQS"
"10/16/2009","16","","Newnan","13-077-0002","AQS"
"10/17/2009","20","","Douglasville","13-097-0004","AQS"
"10/18/2009","35","","Yorkville, King Farm","13-223-0003","AQS"
"10/19/2009","35","","Yorkville, King Farm","13-223-0003","AQS"
"10/20/2009","43","","Yorkville, King Farm","13-223-0003","AQS"
"10/21/2009","43","","Georgia Station","13-231-9991","AQS"
"10/22/2009","35","","Dawsonville","13-085-0001","AQS"
"10/23/2009","26","","Yorkville, King Farm","13-223-0003","AQS"
"10/24/2009","20","","Yorkville, King Farm","13-223-0003","AQS"
"10/25/2009","33","","Dawsonville","13-085-0001","AQS"
"10/26/2009","31","","Dawsonville","13-085-0001","AQS"
"10/27/2009","22","","Dawsonville","13-085-0001","AQS"
"10/28/2009","32","","Dawsonville","13-085-0001","AQS"
"10/29/2009","42","","Georgia Station","13-231-9991","AQS"
"10/30/2009","30","","Yorkville, King Farm","13-223-0003","AQS"
"10/31/2009","33","","Yorkville, King Farm","13-223-0003","AQS"
"11/01/2009","30","","Georgia Station","13-231-9991","AQS"
"11/02/2009","21","","Georgia Station","13-231-9991","AQS"
"11/03/2009","42","","Georgia Station","13-231-9991","AQS"
"11/04/2009","38","","Georgia Station","13-231-9991","AQS"
"11/05/2009","38","","Georgia Station","13-231-9991","AQS"
"11/06/2009","39","","Georgia Station","13-231-9991","AQS"
"11/07/2009","44","","Georgia Station","13-231-9991","AQS"
"11/08/2009","47","","Georgia Station","13-231-9991","AQS"
"11/09/2009","31","","Georgia Station","13-231-9991","AQS"
"11/10/2009","31","","Georgia Station","13-231-9991","AQS"
"11/11/2009","33","","Georgia Station","13-231-9991","AQS"
"11/12/2009","33","","Georgia Station","13-231-9991","AQS"
"11/13/2009","36","","Georgia Station","13-231-9991","AQS"
"11/14/2009","40","","Georgia Station","13-231-9991","AQS"
"11/15/2009","46","","Georgia Station","13-231-9991","AQS"
"11/16/2009","44","","Georgia Station","13-231-9991","AQS"
"11/17/2009","33","","Georgia Station","13-231-9991","AQS"
"11/18/2009","31","","Georgia Station","13-231-9991","AQS"
"11/19/2009","35","","Georgia Station","13-231-9991","AQS"
"11/20/2009","36","","Georgia Station","13-231-9991","AQS"
"11/21/2009","40","","Georgia Station","13-231-9991","AQS"
"11/22/2009","28","","Georgia Station","13-231-9991","AQS"
"11/23/2009","24","","Georgia Station","13-231-9991","AQS"
"11/24/2009","26","","Georgia Station","13-231-9991","AQS"
"11/25/2009","34","","Georgia Station","13-231-9991","AQS"
"11/26/2009","34","","Georgia Station","13-231-9991","AQS"
"11/27/2009","34","","Georgia Station","13-231-9991","AQS"
"11/28/2009","32","","Georgia Station","13-231-9991","AQS"
"11/29/2009","37","","Georgia Station","13-231-9991","AQS"
"11/30/2009","30","","Georgia Station","13-231-9991","AQS"
"12/01/2009","24","","Georgia Station","13-231-9991","AQS"
"12/02/2009","30","","Georgia Station","13-231-9991","AQS"
"12/03/2009","26","","Georgia Station","13-231-9991","AQS"
"12/04/2009","13","","Georgia Station","13-231-9991","AQS"
"12/05/2009","28","","Georgia Station","13-231-9991","AQS"
"12/06/2009","22","","Georgia Station","13-231-9991","AQS"
"12/07/2009","19","","Georgia Station","13-231-9991","AQS"
"12/08/2009","18","","Georgia Station","13-231-9991","AQS"
"12/09/2009","40","","Georgia Station","13-231-9991","AQS"
"12/10/2009","35","","Georgia Station","13-231-9991","AQS"
"12/11/2009","25","","Georgia Station","13-231-9991","AQS"
"12/12/2009","24","","Georgia Station","13-231-9991","AQS"
"12/13/2009","17","","Georgia Station","13-231-9991","AQS"
"12/14/2009","19","","Georgia Station","13-231-9991","AQS"
"12/15/2009","20","","Georgia Station","13-231-9991","AQS"
"12/16/2009","18","","Georgia Station","13-231-9991","AQS"
"12/17/2009","28","","Georgia Station","13-231-9991","AQS"
"12/18/2009","28","","Georgia Station","13-231-9991","AQS"
"12/19/2009","29","","Georgia Station","13-231-9991","AQS"
"12/20/2009","22","","Georgia Station","13-231-9991","AQS"
"12/21/2009","32","","Georgia Station","13-231-9991","AQS"
"12/22/2009","42","","Georgia Station","13-231-9991","AQS"
"12/23/2009","37","","Georgia Station","13-231-9991","AQS"
"12/24/2009","31","","Georgia Station","13-231-9991","AQS"
"12/25/2009","37","","Georgia Station","13-231-9991","AQS"
"12/26/2009","33","","Georgia Station","13-231-9991","AQS"
"12/27/2009","38","","Georgia Station","13-231-9991","AQS"
"12/28/2009","28","","Georgia Station","13-231-9991","AQS"
"12/29/2009","29","","Georgia Station","13-231-9991","AQS"
"12/30/2009","28","","Georgia Station","13-231-9991","AQS"
"12/31/2009","18","","Georgia Station","13-231-9991","AQS"
"01/01/2010","33","","Georgia Station","13-231-9991","AQS"
"01/02/2010","29","","South DeKalb","13-089-0002","AQS"
"01/03/2010","34","","Georgia Station","13-231-9991","AQS"
"01/04/2010","27","","Georgia Station","13-231-9991","AQS"
"01/05/2010","31","","Georgia Station","13-231-9991","AQS"
"01/06/2010","33","","Georgia Station","13-231-9991","AQS"
"01/07/2010","34","","Georgia Station","13-231-9991","AQS"
"01/08/2010","24","","South DeKalb","13-089-0002","AQS"
"01/09/2010","30","","Georgia Station","13-231-9991","AQS"
"01/10/2010","31","","Georgia Station","13-231-9991","AQS"
"01/11/2010","36","","Georgia Station","13-231-9991","AQS"
"01/12/2010","30","","Georgia Station","13-231-9991","AQS"
"01/13/2010","33","","Georgia Station","13-231-9991","AQS"
"01/14/2010","37","","Georgia Station","13-231-9991","AQS"
"01/15/2010","49","","Georgia Station","13-231-9991","AQS"
"01/16/2010","41","","Georgia Station","13-231-9991","AQS"
"01/17/2010","32","","Georgia Station","13-231-9991","AQS"
"01/18/2010","33","","Georgia Station","13-231-9991","AQS"
"01/19/2010","43","","Georgia Station","13-231-9991","AQS"
"01/20/2010","37","","Georgia Station","13-231-9991","AQS"
"01/21/2010","35","","Georgia Station","13-231-9991","AQS"
"01/22/2010","17","","Georgia Station","13-231-9991","AQS"
"01/23/2010","20","","Georgia Station","13-231-9991","AQS"
"01/24/2010","25","","South DeKalb","13-089-0002","AQS"
"01/25/2010","27","","South DeKalb","13-089-0002","AQS"
"01/26/2010","31","","South DeKalb","13-089-0002","AQS"
"01/27/2010","20","","South DeKalb","13-089-0002","AQS"
"01/28/2010","31","","South DeKalb","13-089-0002","AQS"
"01/29/2010","23","","South DeKalb","13-089-0002","AQS"
"01/30/2010","23","","Georgia Station","13-231-9991","AQS"
"01/31/2010","23","","Georgia Station","13-231-9991","AQS"
"02/01/2010","33","","Georgia Station","13-231-9991","AQS"
"02/02/2010","29","","Georgia Station","13-231-9991","AQS"
"02/03/2010","34","","Georgia Station","13-231-9991","AQS"
"02/04/2010","24","","Georgia Station","13-231-9991","AQS"
"02/05/2010","24","","Georgia Station","13-231-9991","AQS"
"02/06/2010","24","","Georgia Station","13-231-9991","AQS"
"02/07/2010","28","","Georgia Station","13-231-9991","AQS"
"02/08/2010","35","","Georgia Station","13-231-9991","AQS"
"02/09/2010","34","","Georgia Station","13-231-9991","AQS"
"02/10/2010","37","","Georgia Station","13-231-9991","AQS"
"02/11/2010","34","","Georgia Station","13-231-9991","AQS"
"02/12/2010","26","","Georgia Station","13-231-9991","AQS"
"02/13/2010","35","","Georgia Station","13-231-9991","AQS"
"02/14/2010","41","","Georgia Station","13-231-9991","AQS"
"02/15/2010","38","","Georgia Station","13-231-9991","AQS"
"02/16/2010","37","","Georgia Station","13-231-9991","AQS"
"02/17/2010","39","","Georgia Station","13-231-9991","AQS"
"02/18/2010","39","","Georgia Station","13-231-9991","AQS"
"02/19/2010","40","","Georgia Station","13-231-9991","AQS"
"02/20/2010","44","","Georgia Station","13-231-9991","AQS"
"02/21/2010","64","","Georgia Station","13-231-9991","AQS"
"02/22/2010","39","","Georgia Station","13-231-9991","AQS"
"02/23/2010","31","","Georgia Station","13-231-9991","AQS"
"02/24/2010","40","","Georgia Station","13-231-9991","AQS"
"02/25/2010","43","","Georgia Station","13-231-9991","AQS"
"02/26/2010","37","","South DeKalb","13-089-0002","AQS"
"02/27/2010","43","","Georgia Station","13-231-9991","AQS"
"02/28/2010","43","","Georgia Station","13-231-9991","AQS"
"03/01/2010","39","","Georgia Station","13-231-9991","AQS"
"03/02/2010","34","","Georgia Station","13-231-9991","AQS"
"03/03/2010","36","","Georgia Station","13-231-9991","AQS"
"03/04/2010","42","","Georgia Station","13-231-9991","AQS"
"03/05/2010","43","","Dawsonville","13-085-0001","AQS"
"03/06/2010","46","","Dawsonville","13-085-0001","AQS"
"03/07/2010","58","","Georgia Station","13-231-9991","AQS"
"03/08/2010","80","","Dawsonville","13-085-0001","AQS"
"03/09/2010","74","","Dawsonville","13-085-0001","AQS"
"03/10/2010","41","","Yorkville, King Farm","13-223-0003","AQS"
"03/11/2010","39","","Yorkville, King Farm","13-223-0003","AQS"
"03/12/2010","36","","Douglasville","13-097-0004","AQS"
"03/13/2010","34","","Georgia Station","13-231-9991","AQS"
"03/14/2010","31","","Georgia Station","13-231-9991","AQS"
"03/15/2010","37","","Georgia Station","13-231-9991","AQS"
"03/16/2010","39","","Dawsonville","13-085-0001","AQS"
"03/17/2010","33","","Georgia Station","13-231-9991","AQS"
"03/18/2010","47","","Dawsonville","13-085-0001","AQS"
"03/19/2010","74","","Georgia Station","13-231-9991","AQS"
"03/20/2010","84","","Dawsonville","13-085-0001","AQS"
"03/21/2010","50","","Yorkville, King Farm","13-223-0003","AQS"
"03/22/2010","27","","Georgia Station","13-231-9991","AQS"
"03/23/2010","54","","Georgia Station","13-231-9991","AQS"
"03/24/2010","74","","Dawsonville","13-085-0001","AQS"
"03/25/2010","58","","Georgia Station","13-231-9991","AQS"
"03/26/2010","38","","Georgia Station","13-231-9991","AQS"
"03/27/2010","46","","Kennesaw","13-067-0003","AQS"
"03/28/2010","47","","Georgia Station","13-231-9991","AQS"
"03/29/2010","44","","Yorkville, King Farm","13-223-0003","AQS"
"03/30/2010","49","","Douglasville","13-097-0004","AQS"
"03/31/2010","67","","Dawsonville","13-085-0001","AQS"
"04/01/2010","105","","Dawsonville","13-085-0001","AQS"
"04/02/2010","151","","Dawsonville","13-085-0001","AQS"
"04/03/2010","71","","Dawsonville","13-085-0001","AQS"
"04/04/2010","74","","Gwinnett","13-135-0002","AQS"
"04/05/2010","49","","Gwinnett","13-135-0002","AQS"
"04/06/2010","90","","Dawsonville","13-085-0001","AQS"
"04/07/2010","74","","Dawsonville","13-085-0001","AQS"
"04/08/2010","42","","Douglasville","13-097-0004","AQS"
"04/09/2010","54","","Georgia Station","13-231-9991","AQS"
"04/10/2010","71","","Dawsonville","13-085-0001","AQS"
"04/11/2010","105","","Douglasville","13-097-0004","AQS"
"04/12/2010","101","","Dawsonville","13-085-0001","AQS"
"04/13/2010","112","","Dawsonville","13-085-0001","AQS"
"04/14/2010","108","","Dawsonville","13-085-0001","AQS"
"04/15/2010","93","","Georgia Station","13-231-9991","AQS"
"04/16/2010","100","","United Avenue","13-121-0055","AQS"
"04/17/2010","87","","Georgia Station","13-231-9991","AQS"
"04/18/2010","90","","Georgia Station","13-231-9991","AQS"
"04/19/2010","74","","Dawsonville","13-085-0001","AQS"
"04/20/2010","41","","Georgia Station","13-231-9991","AQS"
"04/21/2010","74","","Georgia Station","13-231-9991","AQS"
"04/22/2010","97","","Gwinnett","13-135-0002","AQS"
"04/23/2010","101","","Dawsonville","13-085-0001","AQS"
"04/24/2010","38","","Georgia Station","13-231-9991","AQS"
"04/25/2010","49","","Georgia Station","13-231-9991","AQS"
"04/26/2010","40","","Georgia Station","13-231-9991","AQS"
"04/27/2010","42","","Georgia Station","13-231-9991","AQS"
"04/28/2010","48","","Georgia Station","13-231-9991","AQS"
"04/29/2010","80","","Dawsonville","13-085-0001","AQS"
"04/30/2010","90","","Dawsonville","13-085-0001","AQS"
"05/01/2010","30","","Yorkville, King Farm","13-223-0003","AQS"
"05/02/2010","24","","Dawsonville","13-085-0001","AQS"
"05/03/2010","37","","Kennesaw","13-067-0003","AQS"
"05/04/2010","80","","Georgia Station","13-231-9991","AQS"
"05/05/2010","119","","Kennesaw","13-067-0003","AQS"
"05/06/2010","150","","Conyers","13-247-0001","AQS"
"05/07/2010","143","","Dawsonville","13-085-0001","AQS"
"05/08/2010","51","","Conyers","13-247-0001","AQS"
"05/09/2010","46","","McDonough","13-151-0002","AQS"
"05/10/2010","44","","Georgia Station","13-231-9991","AQS"
"05/11/2010","41","","Georgia Station","13-231-9991","AQS"
"05/12/2010","42","","Dawsonville","13-085-0001","AQS"
"05/13/2010","49","","Gwinnett","13-135-0002","AQS"
"05/14/2010","67","","United Avenue","13-121-0055","AQS"
"05/15/2010","48","","Gwinnett","13-135-0002","AQS"
"05/16/2010","35","","Kennesaw","13-067-0003","AQS"
"05/17/2010","39","","Newnan","13-077-0002","AQS"
"05/18/2010","48","","Conyers","13-247-0001","AQS"
"05/19/2010","61","","Conyers","13-247-0001","AQS"
"05/20/2010","105","","Kennesaw","13-067-0003","AQS"
"05/21/2010","43","","Georgia Station","13-231-9991","AQS"
"05/22/2010","44","","United Avenue","13-121-0055","AQS"
"05/23/2010","87","","Georgia Station","13-231-9991","AQS"
"05/24/2010","84","","Douglasville","13-097-0004","AQS"
"05/25/2010","37","","Yorkville, King Farm","13-223-0003","AQS"
"05/26/2010","50","","Georgia Station","13-231-9991","AQS"
"05/27/2010","74","","South DeKalb","13-089-0002","AQS"
"05/28/2010","93","","Douglasville","13-097-0004","AQS"
"05/29/2010","43","","Yorkville, King Farm","13-223-0003","AQS"
"05/30/2010","36","","Yorkville, King Farm","13-223-0003","AQS"
"05/31/2010","41","","Kennesaw","13-067-0003","AQS"
"06/01/2010","67","","United Avenue","13-121-0055","AQS"
"06/02/2010","54","","Gwinnett","13-135-0002","AQS"
"06/03/2010","74","","South DeKalb","13-089-0002","AQS"
"06/04/2010","31","","Dawsonville","13-085-0001","AQS"
"06/05/2010","36","","Dawsonville","13-085-0001","AQS"
"06/06/2010","36","","McDonough","13-151-0002","AQS"
"06/07/2010","97","","McDonough","13-151-0002","AQS"
"06/08/2010","87","","United Avenue","13-121-0055","AQS"
"06/09/2010","47","","South DeKalb","13-089-0002","AQS"
"06/10/2010","43","","McDonough","13-151-0002","AQS"
"06/11/2010","67","","United Avenue","13-121-0055","AQS"
"06/12/2010","48","","South DeKalb","13-089-0002","AQS"
"06/13/2010","44","","Conyers","13-247-0001","AQS"
"06/14/2010","64","","Conyers","13-247-0001","AQS"
"06/15/2010","108","","Conyers","13-247-0001","AQS"
"06/16/2010","90","","McDonough","13-151-0002","AQS"
"06/17/2010","100","","McDonough","13-151-0002","AQS"
"06/18/2010","126","","United Avenue","13-121-0055","AQS"
"06/19/2010","90","","United Avenue","13-121-0055","AQS"
"06/20/2010","61","","McDonough","13-151-0002","AQS"
"06/21/2010","129","","Douglasville","13-097-0004","AQS"
"06/22/2010","143","","Kennesaw","13-067-0003","AQS"
"06/23/2010","101","","Conyers","13-247-0001","AQS"
"06/24/2010","51","","Conyers","13-247-0001","AQS"
"06/25/2010","58","","Conyers","13-247-0001","AQS"
"06/26/2010","80","","Conyers","13-247-0001","AQS"
"06/27/2010","54","","Conyers","13-247-0001","AQS"
"06/28/2010","44","","South DeKalb","13-089-0002","AQS"
"06/29/2010","51","","South DeKalb","13-089-0002","AQS"
"06/30/2010","54","","United Avenue","13-121-0055","AQS"
"07/01/2010","97","","Douglasville","13-097-0004","AQS"
"07/02/2010","54","","Georgia Station","13-231-9991","AQS"
"07/03/2010","93","","Yorkville, King Farm","13-223-0003","AQS"
"07/04/2010","97","","Yorkville, King Farm","13-223-0003","AQS"
"07/05/2010","74","","Yorkville, King Farm","13-223-0003","AQS"
"07/06/2010","101","","Yorkville, King Farm","13-223-0003","AQS"
"07/07/2010","182","","South DeKalb","13-089-0002","AQS"
"07/08/2010","166","","Georgia Station","13-231-9991","AQS"
"07/09/2010","115","","Conyers","13-247-0001","AQS"
"07/10/2010","47","","Kennesaw","13-067-0003","AQS"
"07/11/2010","84","","South DeKalb","13-089-0002","AQS"
"07/12/2010","35","","Kennesaw","13-067-0003","AQS"
"07/13/2010","41","","Gwinnett","13-135-0002","AQS"
"07/14/2010","80","","McDonough","13-151-0002","AQS"
"07/15/2010","147","","United Avenue","13-121-0055","AQS"
"07/16/2010","80","","Dawsonville","13-085-0001","AQS"
"07/17/2010","33","","Gwinnett","13-135-0002","AQS"
"07/18/2010","26","","Gwinnett","13-135-0002","AQS"
"07/19/2010","40","","Gwinnett","13-135-0002","AQS"
"07/20/2010","41","","Gwinnett","13-135-0002","AQS"
"07/21/2010","44","","Gwinnett","13-135-0002","AQS"
"07/22/2010","84","","Conyers","13-247-0001","AQS"
"07/23/2010","74","","South DeKalb","13-089-0002","AQS"
"07/24/2010","71","","Kennesaw","13-067-0003","AQS"
"07/25/2010","42","","Gwinnett","13-135-0002","AQS"
"07/26/2010","84","","United Avenue","13-121-0055","AQS"
"07/27/2010","54","","Conyers","13-247-0001","AQS"
"07/28/2010","42","","Conyers","13-247-0001","AQS"
"07/29/2010","100","","McDonough","13-151-0002","AQS"
"07/30/2010","143","","McDonough","13-151-0002","AQS"
"07/31/2010","100","","Georgia Station","13-231-9991","AQS"
"08/01/2010","84","","United Avenue","13-121-0055","AQS"
"08/02/2010","64","","Yorkville, King Farm","13-223-0003","AQS"
"08/03/2010","115","","Kennesaw","13-067-0003","AQS"
"08/04/2010","150","","Kennesaw","13-067-0003","AQS"
"08/05/2010","97","","Gwinnett","13-135-0002","AQS"
"08/06/2010","71","","Gwinnett","13-135-0002","AQS"
"08/07/2010","64","","Yorkville, King Farm","13-223-0003","AQS"
"08/08/2010","93","","Douglasville","13-097-0004","AQS"
"08/09/2010","119","","Kennesaw","13-067-0003","AQS"
"08/10/2010","122","","Kennesaw","13-067-0003","AQS"
"08/11/2010","129","","Kennesaw","13-067-0003","AQS"
"08/12/2010","101","","United Avenue","13-121-0055","AQS"
"08/13/2010","49","","Dawsonville","13-085-0001","AQS"
"08/14/2010","33","","Yorkville, King Farm","13-223-0003","AQS"
"08/15/2010","42","","Douglasville","13-097-0004","AQS"
"08/16/2010","50","","Yorkville, King Farm","13-223-0003","AQS"
"08/17/2010","33","","Gwinnett","13-135-0002","AQS"
"08/18/2010","36","","Gwinnett","13-135-0002","AQS"
"08/19/2010","36","","Yorkville, King Farm","13-223-0003","AQS"
"08/20/2010","41","","Douglasville","13-097-0004","AQS"
"08/21/2010","51","","McDonough","13-151-0002","AQS"
"08/22/2010","61","","McDonough","13-151-0002","AQS"
"08/23/2010","87","","Douglasville","13-097-0004","AQS"
"08/24/2010","151","","United Avenue","13-121-0055","AQS"
"08/25/2010","100","","Kennesaw","13-067-0003","AQS"
"08/26/2010","71","","Yorkville, King Farm","13-223-0003","AQS"
"08/27/2010","87","","Yorkville, King Farm","13-223-0003","AQS"
"08/28/2010","45","","Yorkville, King Farm","13-223-0003","AQS"
"08/29/2010","44","","Kennesaw","13-067-0003","AQS"
"08/30/2010","54","","Yorkville, King Farm","13-223-0003","AQS"
"08/31/2010","90","","Yorkville, King Farm","13-223-0003","AQS"
"09/01/2010","156","","Kennesaw","13-067-0003","AQS"
"09/02/2010","105","","Douglasville","13-097-0004","AQS"
"09/03/2010","90","","Conyers","13-247-0001","AQS"
"09/04/2010","77","","McDonough","13-151-0002","AQS"
"09/05/2010","97","","Newnan","13-077-0002","AQS"
"09/06/2010","112","","Kennesaw","13-067-0003","AQS"
"09/07/2010","115","","Kennesaw","13-067-0003","AQS"
"09/08/2010","64","","Conyers","13-247-0001","AQS"
"09/09/2010","67","","Conyers","13-247-0001","AQS"
"09/10/2010","122","","United Avenue","13-121-0055","AQS"
"09/11/2010","49","","Gwinnett","13-135-0002","AQS"
"09/12/2010","51","","McDonough","13-151-0002","AQS"
"09/13/2010","87","","Douglasville","13-097-0004","AQS"
"09/14/2010","133","","United Avenue","13-121-0055","AQS"
"09/15/2010","129","","Kennesaw","13-067-0003","AQS"
"09/16/2010","61","","Gwinnett","13-135-0002","AQS"
"09/17/2010","126","","McDonough","13-151-0002","AQS"
"09/18/2010","119","","Douglasville","13-097-0004","AQS"
"09/19/2010","93","","United Avenue","13-121-0055","AQS"
"09/20/2010","159","","McDonough","13-151-0002","AQS"
"09/21/2010","126","","Kennesaw","13-067-0003","AQS"
"09/22/2010","122","","Kennesaw","13-067-0003","AQS"
"09/23/2010","87","","Kennesaw","13-067-0003","AQS"
"09/24/2010","49","","Dawsonville","13-085-0001","AQS"
"09/25/2010","54","","Conyers","13-247-0001","AQS"
"09/26/2010","29","","Yorkville, King Farm","13-223-0003","AQS"
"09/27/2010","38","","Georgia Station","13-231-9991","AQS"
"09/28/2010","49","","Georgia Station","13-231-9991","AQS"
"09/29/2010","48","","Yorkville, King Farm","13-223-0003","AQS"
"09/30/2010","50","","Yorkville, King Farm","13-223-0003","AQS"
"10/01/2010","80","","Georgia Station","13-231-9991","AQS"
"10/02/2010","64","","United Avenue","13-121-0055","AQS"
"10/03/2010","41","","Georgia Station","13-231-9991","AQS"
"10/04/2010","36","","Georgia Station","13-231-9991","AQS"
"10/05/2010","40","","Newnan","13-077-0002","AQS"
"10/06/2010","48","","Yorkville, King Farm","13-223-0003","AQS"
"10/07/2010","64","","Dawsonville","13-085-0001","AQS"
"10/08/2010","90","","United Avenue","13-121-0055","AQS"
"10/09/2010","101","","Conyers","13-247-0001","AQS"
"10/10/2010","105","","Conyers","13-247-0001","AQS"
"10/11/2010","84","","Georgia Station","13-231-9991","AQS"
"10/12/2010","58","","Dawsonville","13-085-0001","AQS"
"10/13/2010","54","","Georgia Station","13-231-9991","AQS"
"10/14/2010","45","","Georgia Station","13-231-9991","AQS"
"10/15/2010","54","","Georgia Station","13-231-9991","AQS"
"10/16/2010","54","","Georgia Station","13-231-9991","AQS"
"10/17/2010","67","","Georgia Station","13-231-9991","AQS"
"10/18/2010","64","","Douglasville","13-097-0004","AQS"
"10/19/2010","105","","Georgia Station","13-231-9991","AQS"
"10/20/2010","50","","Georgia Station","13-231-9991","AQS"
"10/21/2010","64","","Georgia Station","13-231-9991","AQS"
"10/22/2010","49","","Georgia Station","13-231-9991","AQS"
"10/23/2010","74","","Georgia Station","13-231-9991","AQS"
"10/24/2010","46","","Yorkville, King Farm","13-223-0003","AQS"
"10/25/2010","29","","Yorkville, King Farm","13-223-0003","AQS"
"10/26/2010","21","","Georgia Station","13-231-9991","AQS"
"10/27/2010","19","","Georgia Station","13-231-9991","AQS"
"10/28/2010","37","","Yorkville, King Farm","13-223-0003","AQS"
"10/29/2010","35","","Yorkville, King Farm","13-223-0003","AQS"
"10/30/2010","44","","Dawsonville","13-085-0001","AQS"
"10/31/2010","50","","Douglasville","13-097-0004","AQS"
"11/01/2010","44","","South DeKalb","13-089-0002","AQS"
"11/02/2010","28","","South DeKalb","13-089-0002","AQS"
"11/03/2010","14","","South DeKalb","13-089-0002","AQS"
"11/04/2010","31","","Georgia Station","13-231-9991","AQS"
"11/05/2010","30","","Georgia Station","13-231-9991","AQS"
"11/06/2010","32","","Georgia Station","13-231-9991","AQS"
"11/07/2010","33","","Georgia Station","13-231-9991","AQS"
"11/08/2010","38","","Georgia Station","13-231-9991","AQS"
"11/09/2010","40","","Georgia Station","13-231-9991","AQS"
"11/10/2010","46","","Georgia Station","13-231-9991","AQS"
"11/11/2010","61","","Georgia Station","13-231-9991","AQS"
"11/12/2010","47","","Georgia Station","13-231-9991","AQS"
"11/13/2010","48","","Georgia Station","13-231-9991","AQS"
"11/14/2010","46","","Georgia Station","13-231-9991","AQS"
"11/15/2010","33","","Georgia Station","13-231-9991","AQS"
"11/16/2010","35","","Georgia Station","13-231-9991","AQS"
"11/17/2010","38","","Georgia Station","13-231-9991","AQS"
"11/18/2010","38","","Georgia Station","13-231-9991","AQS"
"11/19/2010","47","","Georgia Station","13-231-9991","AQS"
"11/20/2010","44","","Georgia Station","13-231-9991","AQS"
"11/21/2010","43","","Georgia Station","13-231-9991","AQS"
"11/22/2010","37","","Georgia Station","13-231-9991","AQS"
"11/23/2010","31","","Georgia Station","13-231-9991","AQS"
"11/24/2010","19","","Georgia Station","13-231-9991","AQS"
"11/25/2010","33","","Georgia Station","13-231-9991","AQS"
"11/26/2010","30","","Georgia Station","13-231-9991","AQS"
"11/27/2010","34","","Georgia Station","13-231-9991","AQS"
"11/28/2010","32","","Georgia Station","13-231-9991","AQS"
"11/29/2010","27","","Georgia Station","13-231-9991","AQS"
"11/30/2010","31","","Georgia Station","13-231-9991","AQS"
"12/01/2010","33","","Georgia Station","13-231-9991","AQS"
"12/02/2010","36","","Georgia Station","13-231-9991","AQS"
"12/03/2010","44","","Georgia Station","13-231-9991","AQS"
"12/04/2010","41","","Georgia Station","13-231-9991","AQS"
"12/05/2010","33","","Georgia Station","13-231-9991","AQS"
"12/06/2010","35","","Georgia Station","13-231-9991","AQS"
"12/07/2010","34","","Georgia Station","13-231-9991","AQS"
"12/08/2010","24","","Georgia Station","13-231-9991","AQS"
"12/09/2010","32","","Georgia Station","13-231-9991","AQS"
"12/10/2010","37","","Georgia Station","13-231-9991","AQS"
"12/11/2010","39","","Georgia Station","13-231-9991","AQS"
"12/12/2010","31","","Georgia Station","13-231-9991","AQS"
"12/13/2010","32","","Georgia Station","13-231-9991","AQS"
"12/14/2010","33","","Georgia Station","13-231-9991","AQS"
"12/15/2010","29","","Georgia Station","13-231-9991","AQS"
"12/16/2010","32","","Georgia Station","13-231-9991","AQS"
"12/17/2010","23","","Georgia Station","13-231-9991","AQS"
"12/18/2010","16","","Georgia Station","13-231-9991","AQS"
"12/19/2010","33","","Georgia Station","13-231-9991","AQS"
"12/20/2010","35","","Georgia Station","13-231-9991","AQS"
"12/21/2010","35","","Georgia Station","13-231-9991","AQS"
"12/22/2010","19","","South DeKalb","13-089-0002","AQS"
"12/23/2010","20","","South DeKalb","13-089-0002","AQS"
"12/24/2010","35","","Georgia Station","13-231-9991","AQS"
"12/25/2010","26","","Georgia Station","13-231-9991","AQS"
"12/26/2010","31","","Georgia Station","13-231-9991","AQS"
"12/27/2010","35","","Georgia Station","13-231-9991","AQS"
"12/28/2010","37","","Georgia Station","13-231-9991","AQS"
"12/29/2010","34","","Georgia Station","13-231-9991","AQS"
"12/30/2010","31","","Georgia Station","13-231-9991","AQS"
"12/31/2010","41","","Georgia Station","13-231-9991","AQS"
"01/01/2011","31","","Georgia Station","13-231-9991","AQS"
"01/02/2011","28","","South DeKalb","13-089-0002","AQS"
"01/03/2011","23","","South DeKalb","13-089-0002","AQS"
"01/04/2011","41","","Georgia Station","13-231-9991","AQS"
"01/05/2011","33","","Georgia Station","13-231-9991","AQS"
"01/06/2011","38","","Georgia Station","13-231-9991","AQS"
"01/07/2011","41","","Georgia Station","13-231-9991","AQS"
"01/08/2011","38","","Georgia Station","13-231-9991","AQS"
"01/09/2011","31","","Georgia Station","13-231-9991","AQS"
"01/10/2011","32","","Georgia Station","13-231-9991","AQS"
"01/11/2011","29","","Georgia Station","13-231-9991","AQS"
"01/12/2011","33","","Georgia Station","13-231-9991","AQS"
"01/13/2011","34","","Georgia Station","13-231-9991","AQS"
"01/14/2011","38","","Georgia Station","13-231-9991","AQS"
"01/15/2011","37","","Georgia Station","13-231-9991","AQS"
"01/16/2011","40","","Georgia Station","13-231-9991","AQS"
"01/17/2011","27","","Georgia Station","13-231-9991","AQS"
"01/18/2011","17","","Georgia Station","13-231-9991","AQS"
"01/19/2011","23","","Georgia Station","13-231-9991","AQS"
"01/20/2011","18","","Georgia Station","13-231-9991","AQS"
"01/21/2011","37","","Georgia Station","13-231-9991","AQS"
"01/22/2011","29","","South DeKalb","13-089-0002","AQS"
"01/23/2011","25","","South DeKalb","13-089-0002","AQS"
"01/24/2011","44","","Georgia Station","13-231-9991","AQS"
"01/25/2011","28","","Georgia Station","13-231-9991","AQS"
"01/26/2011","31","","Georgia Station","13-231-9991","AQS"
"01/27/2011","40","","Georgia Station","13-231-9991","AQS"
"01/28/2011","37","","Georgia Station","13-231-9991","AQS"
"01/29/2011","46","","Georgia Station","13-231-9991","AQS"
"01/30/2011","46","","South DeKalb","13-089-0002","AQS"
"01/31/2011","13","","South DeKalb","13-089-0002","AQS"
"02/01/2011","31","","Georgia Station","13-231-9991","AQS"
"02/02/2011","31","","Georgia Station","13-231-9991","AQS"
"02/03/2011","27","","Georgia Station","13-231-9991","AQS"
"02/04/2011","24","","Georgia Station","13-231-9991","AQS"
"02/05/2011","29","","Georgia Station","13-231-9991","AQS"
"02/06/2011","40","","Georgia Station","13-231-9991","AQS"
"02/07/2011","35","","Georgia Station","13-231-9991","AQS"
"02/08/2011","35","","Georgia Station","13-231-9991","AQS"
"02/09/2011","33","","Georgia Station","13-231-9991","AQS"
"02/10/2011","29","","Georgia Station","13-231-9991","AQS"
"02/11/2011","39","","Georgia Station","13-231-9991","AQS"
"02/12/2011","43","","Georgia Station","13-231-9991","AQS"
"02/13/2011","47","","Georgia Station","13-231-9991","AQS"
"02/14/2011","67","","Georgia Station","13-231-9991","AQS"
"02/15/2011","48","","Georgia Station","13-231-9991","AQS"
"02/16/2011","42","","South DeKalb","13-089-0002","AQS"
"02/17/2011","71","","South DeKalb","13-089-0002","AQS"
"02/18/2011","44","","Georgia Station","13-231-9991","AQS"
"02/19/2011","42","","Georgia Station","13-231-9991","AQS"
"02/20/2011","43","","Georgia Station","13-231-9991","AQS"
"02/21/2011","36","","Georgia Station","13-231-9991","AQS"
"02/22/2011","49","","Georgia Station","13-231-9991","AQS"
"02/23/2011","48","","Georgia Station","13-231-9991","AQS"
"02/24/2011","43","","South DeKalb","13-089-0002","AQS"
"02/25/2011","41","","Georgia Station","13-231-9991","AQS"
"02/26/2011","51","","Georgia Station","13-231-9991","AQS"
"02/27/2011","40","","Georgia Station","13-231-9991","AQS"
"02/28/2011","31","","Georgia Station","13-231-9991","AQS"
"03/01/2011","44","","Dawsonville","13-085-0001","AQS"
"03/02/2011","48","","Dawsonville","13-085-0001","AQS"
"03/03/2011","71","","Georgia Station","13-231-9991","AQS"
"03/04/2011","45","","Yorkville, King Farm","13-223-0003","AQS"
"03/05/2011","34","","Yorkville, King Farm","13-223-0003","AQS"
"03/06/2011","32","","Georgia Station","13-231-9991","AQS"
"03/07/2011","36","","Dawsonville","13-085-0001","AQS"
"03/08/2011","45","","Georgia Station","13-231-9991","AQS"
"03/09/2011","37","","Georgia Station","13-231-9991","AQS"
"03/10/2011","36","","Georgia Station","13-231-9991","AQS"
"03/11/2011","45","","Georgia Station","13-231-9991","AQS"
"03/12/2011","74","","Dawsonville","13-085-0001","AQS"
"03/13/2011","64","","Conyers","13-247-0001","AQS"
"03/14/2011","48","","Georgia Station","13-231-9991","AQS"
"03/15/2011","34","","Yorkville, King Farm","13-223-0003","AQS"
"03/16/2011","40","","Georgia Station","13-231-9991","AQS"
"03/17/2011","54","","Georgia Station","13-231-9991","AQS"
"03/18/2011","71","","Conyers","13-247-0001","AQS"
"03/19/2011","77","","Conyers","13-247-0001","AQS"
"03/20/2011","44","","Dawsonville","13-085-0001","AQS"
"03/21/2011","71","","Yorkville, King Farm","13-223-0003","AQS"
"03/22/2011","74","","Conyers","13-247-0001","AQS"
"03/23/2011","44","","Dawsonville","13-085-0001","AQS"
"03/24/2011","42","","Georgia Station","13-231-9991","AQS"
"03/25/2011","44","","Yorkville, King Farm","13-223-0003","AQS"
"03/26/2011","30","","McDonough","13-151-0002","AQS"
"03/27/2011","26","","Kennesaw","13-067-0003","AQS"
"03/28/2011","29","","Conyers","13-247-0001","AQS"
"03/29/2011","36","","Dawsonville","13-085-0001","AQS"
"03/30/2011","26","","Dawsonville","13-085-0001","AQS"
"03/31/2011","37","","Dawsonville","13-085-0001","AQS"
"04/01/2011","44","","Dawsonville","13-085-0001","AQS"
"04/02/2011","51","","Conyers","13-247-0001","AQS"
"04/03/2011","58","","Dawsonville","13-085-0001","AQS"
"04/04/2011","44","","Yorkville, King Farm","13-223-0003","AQS"
"04/05/2011","47","","Dawsonville","13-085-0001","AQS"
"04/06/2011","58","","Dawsonville","13-085-0001","AQS"
"04/07/2011","74","","Dawsonville","13-085-0001","AQS"
"04/08/2011","31","","Dawsonville","13-085-0001","AQS"
"04/09/2011","40","","Conyers","13-247-0001","AQS"
"04/10/2011","44","","Dawsonville","13-085-0001","AQS"
"04/11/2011","39","","Yorkville, King Farm","13-223-0003","AQS"
"04/12/2011","49","","Conyers","13-247-0001","AQS"
"04/13/2011","71","","Douglasville","13-097-0004","AQS"
"04/14/2011","100","","Yorkville, King Farm","13-223-0003","AQS"
"04/15/2011","48","","Yorkville, King Farm","13-223-0003","AQS"
"04/16/2011","44","","United Avenue","13-121-0055","AQS"
"04/17/2011","67","","Conyers","13-247-0001","AQS"
"04/18/2011","77","","Dawsonville","13-085-0001","AQS"
"04/19/2011","84","","Conyers","13-247-0001","AQS"
"04/20/2011","43","","Dawsonville","13-085-0001","AQS"
"04/21/2011","49","","Conyers","13-247-0001","AQS"
"04/22/2011","39","","Yorkville, King Farm","13-223-0003","AQS"
"04/23/2011","39","","Dawsonville","13-085-0001","AQS"
"04/24/2011","54","","Dawsonville","13-085-0001","AQS"
"04/25/2011","38","","Conyers","13-247-0001","AQS"
"04/26/2011","33","","Dawsonville","13-085-0001","AQS"
"04/27/2011","37","","Yorkville, King Farm","13-223-0003","AQS"
"04/28/2011","48","","Conyers","13-247-0001","AQS"
"04/29/2011","74","","Conyers","13-247-0001","AQS"
"04/30/2011","97","","Kennesaw","13-067-0003","AQS"
"05/01/2011","100","","Kennesaw","13-067-0003","AQS"
"05/02/2011","49","","United Avenue","13-121-0055","AQS"
"05/03/2011","39","","Dawsonville","13-085-0001","AQS"
"05/04/2011","51","","Conyers","13-247-0001","AQS"
"05/05/2011","49","","Georgia Station","13-231-9991","AQS"
"05/06/2011","77","","Conyers","13-247-0001","AQS"
"05/07/2011","93","","Conyers","13-247-0001","AQS"
"05/08/2011","87","","Conyers","13-247-0001","AQS"
"05/09/2011","147","","United Avenue","13-121-0055","AQS"
"05/10/2011","97","","Conyers","13-247-0001","AQS"
"05/11/2011","115","","Conyers","13-247-0001","AQS"
"05/12/2011","150","","Gwinnett","13-135-0002","AQS"
"05/13/2011","49","","Gwinnett","13-135-0002","AQS"
"05/14/2011","47","","Conyers","13-247-0001","AQS"
"05/15/2011","25","","Conyers","13-247-0001","AQS"
"05/16/2011","24","","Yorkville, King Farm","13-223-0003","AQS"
"05/17/2011","37","","Yorkville, King Farm","13-223-0003","AQS"
"05/18/2011","42","","Conyers","13-247-0001","AQS"
"05/19/2011","105","","Conyers","13-247-0001","AQS"
"05/20/2011","136","","Gwinnett","13-135-0002","AQS"
"05/21/2011","119","","Gwinnett","13-135-0002","AQS"
"05/22/2011","71","","Conyers","13-247-0001","AQS"
"05/23/2011","54","","Gwinnett","13-135-0002","AQS"
"05/24/2011","48","","Gwinnett","13-135-0002","AQS"
"05/25/2011","93","","Dawsonville","13-085-0001","AQS"
"05/26/2011","43","","Dawsonville","13-085-0001","AQS"
"05/27/2011","54","","Gwinnett","13-135-0002","AQS"
"05/28/2011","136","","United Avenue","13-121-0055","AQS"
"05/29/2011","80","","Kennesaw","13-067-0003","AQS"
"05/30/2011","58","","Kennesaw","13-067-0003","AQS"
"05/31/2011","129","","McDonough","13-151-0002","AQS"
"06/01/2011","112","","Georgia Station","13-231-9991","AQS"
"06/02/2011","166","","United Avenue","13-121-0055","AQS"
"06/03/2011","147","","McDonough","13-151-0002","AQS"
"06/04/2011","129","","United Avenue","13-121-0055","AQS"
"06/05/2011","105","","McDonough","13-151-0002","AQS"
"06/06/2011","140","","Douglasville","13-097-0004","AQS"
"06/07/2011","126","","Kennesaw","13-067-0003","AQS"
"06/08/2011","140","","Gwinnett","13-135-0002","AQS"
"06/09/2011","108","","Conyers","13-247-0001","AQS"
"06/10/2011","147","","United Avenue","13-121-0055","AQS"
"06/11/2011","122","","Kennesaw","13-067-0003","AQS"
"06/12/2011","108","","Conyers","13-247-0001","AQS"
"06/13/2011","129","","Conyers","13-247-0001","AQS"
"06/14/2011","129","","McDonough","13-151-0002","AQS"
"06/15/2011","126","","United Avenue","13-121-0055","AQS"
"06/16/2011","90","","Conyers","13-247-0001","AQS"
"06/17/2011","90","","Conyers","13-247-0001","AQS"
"06/18/2011","36","","Conyers","13-247-0001","AQS"
"06/19/2011","36","","Gwinnett","13-135-0002","AQS"
"06/20/2011","58","","Gwinnett","13-135-0002","AQS"
"06/21/2011","42","","Gwinnett","13-135-0002","AQS"
"06/22/2011","38","","Gwinnett","13-135-0002","AQS"
"06/23/2011","31","","Conyers","13-247-0001","AQS"
"06/24/2011","54","","Conyers","13-247-0001","AQS"
"06/25/2011","119","","Conyers","13-247-0001","AQS"
"06/26/2011","90","","Conyers","13-247-0001","AQS"
"06/27/2011","61","","Conyers","13-247-0001","AQS"
"06/28/2011","90","","Conyers","13-247-0001","AQS"
"06/29/2011","112","","McDonough","13-151-0002","AQS"
"06/30/2011","115","","Douglasville","13-097-0004","AQS"
"07/01/2011","151","","United Avenue","13-121-0055","AQS"
"07/02/2011","172","","South DeKalb","13-089-0002","AQS"
"07/03/2011","115","","United Avenue","13-121-0055","AQS"
"07/04/2011","51","","South DeKalb","13-089-0002","AQS"
"07/05/2011","122","","Conyers","13-247-0001","AQS"
"07/06/2011","90","","McDonough","13-151-0002","AQS"
"07/07/2011","156","","Gwinnett","13-135-0002","AQS"
"07/08/2011","93","","Conyers","13-247-0001","AQS"
"07/09/2011","74","","Gwinnett","13-135-0002","AQS"
"07/10/2011","84","","Douglasville","13-097-0004","AQS"
"07/11/2011","100","","United Avenue","13-121-0055","AQS"
"07/12/2011","74","","McDonough","13-151-0002","AQS"
"07/13/2011","140","","McDonough","13-151-0002","AQS"
"07/14/2011","115","","Yorkville, King Farm","13-223-0003","AQS"
"07/15/2011","35","","Yorkville, King Farm","13-223-0003","AQS"
"07/16/2011","42","","Yorkville, King Farm","13-223-0003","AQS"
"07/17/2011","46","","Yorkville, King Farm","13-223-0003","AQS"
"07/18/2011","122","","United Avenue","13-121-0055","AQS"
"07/19/2011","115","","McDonough","13-151-0002","AQS"
"07/20/2011","74","","Conyers","13-247-0001","AQS"
"07/21/2011","101","","Gwinnett","13-135-0002","AQS"
"07/22/2011","105","","Gwinnett","13-135-0002","AQS"
"07/23/2011","44","","Dawsonville","13-085-0001","AQS"
"07/24/2011","39","","Gwinnett","13-135-0002","AQS"
"07/25/2011","37","","Conyers","13-247-0001","AQS"
"07/26/2011","105","","Georgia Station","13-231-9991","AQS"
"07/27/2011","108","","Yorkville, King Farm","13-223-0003","AQS"
"07/28/2011","54","","Dawsonville","13-085-0001","AQS"
"07/29/2011","44","","Conyers","13-247-0001","AQS"
"07/30/2011","40","","Conyers","13-247-0001","AQS"
"07/31/2011","54","","McDonough","13-151-0002","AQS"
"08/01/2011","119","","Douglasville","13-097-0004","AQS"
"08/02/2011","119","","Conyers","13-247-0001","AQS"
"08/03/2011","140","","Conyers","13-247-0001","AQS"
"08/04/2011","58","","Georgia Station","13-231-9991","AQS"
"08/05/2011","133","","United Avenue","13-121-0055","AQS"
"08/06/2011","80","","United Avenue","13-121-0055","AQS"
"08/07/2011","50","","Gwinnett","13-135-0002","AQS"
"08/08/2011","64","","Conyers","13-247-0001","AQS"
"08/09/2011","58","","Conyers","13-247-0001","AQS"
"08/10/2011","147","","Conyers","13-247-0001","AQS"
"08/11/2011","119","","Conyers","13-247-0001","AQS"
"08/12/2011","140","","McDonough","13-151-0002","AQS"
"08/13/2011","100","","United Avenue","13-121-0055","AQS"
"08/14/2011","74","","Conyers","13-247-0001","AQS"
"08/15/2011","100","","McDonough","13-151-0002","AQS"
"08/16/2011","119","","Kennesaw","13-067-0003","AQS"
"08/17/2011","122","","Kennesaw","13-067-0003","AQS"
"08/18/2011","100","","Gwinnett","13-135-0002","AQS"
"08/19/2011","136","","Conyers","13-247-0001","AQS"
"08/20/2011","105","","Kennesaw","13-067-0003","AQS"
"08/21/2011","100","","Gwinnett","13-135-0002","AQS"
"08/22/2011","112","","McDonough","13-151-0002","AQS"
"08/23/2011","115","","Douglasville","13-097-0004","AQS"
"08/24/2011","129","","Kennesaw","13-067-0003","AQS"
"08/25/2011","126","","United Avenue","13-121-0055","AQS"
"08/26/2011","150","","Georgia Station","13-231-9991","AQS"
"08/27/2011","105","","McDonough","13-151-0002","AQS"
"08/28/2011","119","","McDonough","13-151-0002","AQS"
"08/29/2011","136","","Georgia Station","13-231-9991","AQS"
"08/30/2011","119","","Yorkville, King Farm","13-223-0003","AQS"
"08/31/2011","97","","Yorkville, King Farm","13-223-0003","AQS"
"09/01/2011","136","","Douglasville","13-097-0004","AQS"
"09/02/2011","154","","Yorkville, King Farm","13-223-0003","AQS"
"09/03/2011","140","","Yorkville, King Farm","13-223-0003","AQS"
"09/04/2011","42","","Dawsonville","13-085-0001","AQS"
"09/05/2011","30","","Conyers","13-247-0001","AQS"
"09/06/2011","30","","Conyers","13-247-0001","AQS"
"09/07/2011","21","","Newnan","13-077-0002","AQS"
"09/08/2011","35","","Conyers","13-247-0001","AQS"
"09/09/2011","51","","Conyers","13-247-0001","AQS"
"09/10/2011","112","","Conyers","13-247-0001","AQS"
"09/11/2011","101","","Conyers","13-247-0001","AQS"
"09/12/2011","101","","Conyers","13-247-0001","AQS"
"09/13/2011","115","","McDonough","13-151-0002","AQS"
"09/14/2011","129","","Kennesaw","13-067-0003","AQS"
"09/15/2011","77","","Conyers","13-247-0001","AQS"
"09/16/2011","34","","Conyers","13-247-0001","AQS"
"09/17/2011","50","","Douglasville","13-097-0004","AQS"
"09/18/2011","40","","Yorkville, King Farm","13-223-0003","AQS"
"09/19/2011","43","","Georgia Station","13-231-9991","AQS"
"09/20/2011","34","","Yorkville, King Farm","13-223-0003","AQS"
"09/21/2011","37","","Gwinnett","13-135-0002","AQS"
"09/22/2011","30","","Douglasville","13-097-0004","AQS"
"09/23/2011","39","","Conyers","13-247-0001","AQS"
"09/24/2011","64","","Conyers","13-247-0001","AQS"
"09/25/2011","48","","Gwinnett","13-135-0002","AQS"
"09/26/2011","54","","Dawsonville","13-085-0001","AQS"
"09/27/2011","46","","Conyers","13-247-0001","AQS"
"09/28/2011","46","","Dawsonville","13-085-0001","AQS"
"09/29/2011","61","","Conyers","13-247-0001","AQS"
"09/30/2011","44","","Conyers","13-247-0001","AQS"
"10/01/2011","36","","Newnan","13-077-0002","AQS"
"10/02/2011","39","","Conyers","13-247-0001","AQS"
"10/03/2011","46","","Newnan","13-077-0002","AQS"
"10/04/2011","67","","Georgia Station","13-231-9991","AQS"
"10/05/2011","90","","Douglasville","13-097-0004","AQS"
"10/06/2011","74","","Yorkville, King Farm","13-223-0003","AQS"
"10/07/2011","67","","Yorkville, King Farm","13-223-0003","AQS"
"10/08/2011","44","","Kennesaw","13-067-0003","AQS"
"10/09/2011","43","","Yorkville, King Farm","13-223-0003","AQS"
"10/10/2011","37","","Dawsonville","13-085-0001","AQS"
"10/11/2011","37","","Dawsonville","13-085-0001","AQS"
"10/12/2011","29","","Conyers","13-247-0001","AQS"
"10/13/2011","36","","Yorkville, King Farm","13-223-0003","AQS"
"10/14/2011","42","","Georgia Station","13-231-9991","AQS"
"10/15/2011","49","","Newnan","13-077-0002","AQS"
"10/16/2011","42","","Dawsonville","13-085-0001","AQS"
"10/17/2011","64","","Yorkville, King Farm","13-223-0003","AQS"
"10/18/2011","43","","Yorkville, King Farm","13-223-0003","AQS"
"10/19/2011","28","","Newnan","13-077-0002","AQS"
"10/20/2011","22","","Newnan","13-077-0002","AQS"
"10/21/2011","36","","Newnan","13-077-0002","AQS"
"10/22/2011","40","","Georgia Station","13-231-9991","AQS"
"10/23/2011","44","","Newnan","13-077-0002","AQS"
"10/24/2011","50","","Georgia Station","13-231-9991","AQS"
"10/25/2011","67","","Georgia Station","13-231-9991","AQS"
"10/26/2011","61","","Georgia Station","13-231-9991","AQS"
"10/27/2011","51","","Yorkville, King Farm","13-223-0003","AQS"
"10/28/2011","43","","Georgia Station","13-231-9991","AQS"
"10/29/2011","38","","Newnan","13-077-0002","AQS"
"10/30/2011","39","","Conyers","13-247-0001","AQS"
"10/31/2011","43","","Georgia Station","13-231-9991","AQS"
"11/01/2011","44","","Georgia Station","13-231-9991","AQS"
"11/02/2011","44","","Georgia Station","13-231-9991","AQS"
"11/03/2011","40","","Georgia Station","13-231-9991","AQS"
"11/04/2011","31","","Georgia Station","13-231-9991","AQS"
"11/05/2011","35","","Georgia Station","13-231-9991","AQS"
"11/06/2011","30","","South DeKalb","13-089-0002","AQS"
"11/07/2011","35","","Georgia Station","13-231-9991","AQS"
"11/08/2011","38","","Georgia Station","13-231-9991","AQS"
"11/09/2011","37","","Georgia Station","13-231-9991","AQS"
"11/10/2011","34","","Georgia Station","13-231-9991","AQS"
"11/11/2011","36","","Georgia Station","13-231-9991","AQS"
"11/12/2011","42","","Georgia Station","13-231-9991","AQS"
"11/13/2011","39","","Georgia Station","13-231-9991","AQS"
"11/14/2011","35","","Georgia Station","13-231-9991","AQS"
"11/15/2011","28","","Georgia Station","13-231-9991","AQS"
"11/16/2011","19","","Georgia Station","13-231-9991","AQS"
"11/17/2011","30","","Georgia Station","13-231-9991","AQS"
"11/18/2011","32","","Georgia Station","13-231-9991","AQS"
"11/19/2011","30","","Georgia Station","13-231-9991","AQS"
"11/20/2011","23","","Georgia Station","13-231-9991","AQS"
"11/21/2011","28","","Georgia Station","13-231-9991","AQS"
"11/22/2011","28","","Georgia Station","13-231-9991","AQS"
"11/23/2011","19","","Georgia Station","13-231-9991","AQS"
"11/24/2011","37","","Georgia Station","13-231-9991","AQS"
"11/25/2011","39","","Georgia Station","13-231-9991","AQS"
"11/26/2011","32","","Georgia Station","13-231-9991","AQS"
"11/27/2011","35","","Georgia Station","13-231-9991","AQS"
"11/28/2011","28","","Georgia Station","13-231-9991","AQS"
"11/29/2011","16","","Georgia Station","13-231-9991","AQS"
"11/30/2011","20","","Georgia Station","13-231-9991","AQS"
"12/01/2011","31","","Georgia Station","13-231-9991","AQS"
"12/02/2011","35","","Georgia Station","13-231-9991","AQS"
"12/03/2011","41","","Georgia Station","13-231-9991","AQS"
"12/04/2011","30","","Georgia Station","13-231-9991","AQS"
"12/05/2011","31","","South DeKalb","13-089-0002","AQS"
"12/06/2011","29","","Georgia Station","13-231-9991","AQS"
"12/07/2011","19","","Georgia Station","13-231-9991","AQS"
"12/08/2011","27","","Georgia Station","13-231-9991","AQS"
"12/09/2011","33","","Georgia Station","13-231-9991","AQS"
"12/10/2011","28","","Georgia Station","13-231-9991","AQS"
"12/11/2011","31","","Georgia Station","13-231-9991","AQS"
"12/12/2011","26","","Georgia Station","13-231-9991","AQS"
"12/13/2011","30","","Georgia Station","13-231-9991","AQS"
"12/14/2011","36","","Georgia Station","13-231-9991","AQS"
"12/15/2011","35","","South DeKalb","13-089-0002","AQS"
"12/16/2011","30","","South DeKalb","13-089-0002","AQS"
"12/17/2011","22","","South DeKalb","13-089-0002","AQS"
"12/18/2011","22","","South DeKalb","13-089-0002","AQS"
"12/19/2011","26","","South DeKalb","13-089-0002","AQS"
"12/20/2011","18","","South DeKalb","13-089-0002","AQS"
"12/21/2011","20","","South DeKalb","13-089-0002","AQS"
"12/22/2011","18","","South DeKalb","13-089-0002","AQS"
"12/23/2011","19","","South DeKalb","13-089-0002","AQS"
"12/24/2011","19","","South DeKalb","13-089-0002","AQS"
"12/25/2011","4","","South DeKalb","13-089-0002","AQS"
"12/26/2011","24","","South DeKalb","13-089-0002","AQS"
"12/27/2011","22","","South DeKalb","13-089-0002","AQS"
"12/28/2011","22","","South DeKalb","13-089-0002","AQS"
"12/29/2011","27","","South DeKalb","13-089-0002","AQS"
"12/30/2011","31","","South DeKalb","13-089-0002","AQS"
"12/31/2011","30","","South DeKalb","13-089-0002","AQS"
"01/01/2012","25","","South DeKalb","13-089-0002","AQS"
"01/02/2012","31","","South DeKalb","13-089-0002","AQS"
"01/03/2012","21","","South DeKalb","13-089-0002","AQS"
"01/04/2012","23","","South DeKalb","13-089-0002","AQS"
"01/05/2012","24","","South DeKalb","13-089-0002","AQS"
"01/06/2012","29","","South DeKalb","13-089-0002","AQS"
"01/07/2012","27","","South DeKalb","13-089-0002","AQS"
"01/08/2012","13","","South DeKalb","13-089-0002","AQS"
"01/09/2012","19","","South DeKalb","13-089-0002","AQS"
"01/10/2012","27","","Georgia Station","13-231-9991","AQS"
"01/11/2012","29","","Georgia Station","13-231-9991","AQS"
"01/12/2012","35","","Georgia Station","13-231-9991","AQS"
"01/13/2012","29","","Georgia Station","13-231-9991","AQS"
"01/14/2012","37","","Georgia Station","13-231-9991","AQS"
"01/15/2012","36","","Georgia Station","13-231-9991","AQS"
"01/16/2012","36","","Georgia Station","13-231-9991","AQS"
"01/17/2012","36","","Georgia Station","13-231-9991","AQS"
"01/18/2012","29","","Georgia Station","13-231-9991","AQS"
"01/19/2012","37","","Georgia Station","13-231-9991","AQS"
"01/20/2012","35","","Georgia Station","13-231-9991","AQS"
"01/21/2012","27","","Georgia Station","13-231-9991","AQS"
"01/22/2012","19","","Georgia Station","13-231-9991","AQS"
"01/23/2012","26","","Georgia Station","13-231-9991","AQS"
"01/24/2012","33","","Georgia Station","13-231-9991","AQS"
"01/25/2012","32","","Georgia Station","13-231-9991","AQS"
"01/26/2012","29","","Georgia Station","13-231-9991","AQS"
"01/27/2012","32","","Georgia Station","13-231-9991","AQS"
"01/28/2012","40","","Georgia Station","13-231-9991","AQS"
"01/29/2012","37","","Georgia Station","13-231-9991","AQS"
"01/30/2012","42","","Georgia Station","13-231-9991","AQS"
"01/31/2012","44","","Georgia Station","13-231-9991","AQS"
"02/01/2012","36","","Georgia Station","13-231-9991","AQS"
"02/02/2012","41","","Georgia Station","13-231-9991","AQS"
"02/03/2012","39","","Georgia Station","13-231-9991","AQS"
"02/04/2012","38","","Georgia Station","13-231-9991","AQS"
"02/05/2012","34","","Georgia Station","13-231-9991","AQS"
"02/06/2012","19","","Georgia Station","13-231-9991","AQS"
"02/07/2012","36","","Georgia Station","13-231-9991","AQS"
"02/08/2012","43","","Georgia Station","13-231-9991","AQS"
"02/09/2012","36","","Georgia Station","13-231-9991","AQS"
"02/10/2012","31","","Georgia Station","13-231-9991","AQS"
"02/11/2012","32","","Georgia Station","13-231-9991","AQS"
"02/12/2012","34","","Georgia Station","13-231-9991","AQS"
"02/13/2012","49","","Georgia Station","13-231-9991","AQS"
"02/14/2012","39","","Georgia Station","13-231-9991","AQS"
"02/15/2012","32","","Georgia Station","13-231-9991","AQS"
"02/16/2012","22","","Georgia Station","13-231-9991","AQS"
"02/17/2012","36","","Georgia Station","13-231-9991","AQS"
"02/18/2012","43","","Georgia Station","13-231-9991","AQS"
"02/19/2012","42","","Georgia Station","13-231-9991","AQS"
"02/20/2012","35","","Georgia Station","13-231-9991","AQS"
"02/21/2012","41","","Georgia Station","13-231-9991","AQS"
"02/22/2012","40","","Georgia Station","13-231-9991","AQS"
"02/23/2012","33","","Georgia Station","13-231-9991","AQS"
"02/24/2012","35","","Georgia Station","13-231-9991","AQS"
"02/25/2012","42","","Georgia Station","13-231-9991","AQS"
"02/26/2012","46","","Georgia Station","13-231-9991","AQS"
"02/27/2012","31","","Georgia Station","13-231-9991","AQS"
"02/28/2012","26","","South DeKalb","13-089-0002","AQS"
"02/29/2012","25","","Georgia Station","13-231-9991","AQS"
"03/01/2012","45","","Dawsonville","13-085-0001","AQS"
"03/02/2012","31","","Douglasville","13-097-0004","AQS"
"03/03/2012","38","","Dawsonville","13-085-0001","AQS"
"03/04/2012","43","","Newnan","13-077-0002","AQS"
"03/05/2012","44","","Newnan","13-077-0002","AQS"
"03/06/2012","48","","Georgia Station","13-231-9991","AQS"
"03/07/2012","42","","Yorkville, King Farm","13-223-0003","AQS"
"03/08/2012","40","","Dawsonville","13-085-0001","AQS"
"03/09/2012","40","","Dawsonville","13-085-0001","AQS"
"03/10/2012","48","","Dawsonville","13-085-0001","AQS"
"03/11/2012","45","","Dawsonville","13-085-0001","AQS"
"03/12/2012","37","","Georgia Station","13-231-9991","AQS"
"03/13/2012","35","","Dawsonville","13-085-0001","AQS"
"03/14/2012","43","","Dawsonville","13-085-0001","AQS"
"03/15/2012","44","","Conyers","13-247-0001","AQS"
"03/16/2012","43","","Georgia Station","13-231-9991","AQS"
"03/17/2012","47","","Georgia Station","13-231-9991","AQS"
"03/18/2012","58","","Gwinnett","13-135-0002","AQS"
"03/19/2012","64","","Dawsonville","13-085-0001","AQS"
"03/20/2012","47","","Dawsonville","13-085-0001","AQS"
"03/21/2012","39","","Georgia Station","13-231-9991","AQS"
"03/22/2012","40","","Georgia Station","13-231-9991","AQS"
"03/23/2012","30","","Dawsonville","13-085-0001","AQS"
"03/24/2012","58","","Georgia Station","13-231-9991","AQS"
"03/25/2012","54","","Georgia Station","13-231-9991","AQS"
"03/26/2012","90","","Georgia Station","13-231-9991","AQS"
"03/27/2012","77","","Yorkville, King Farm","13-223-0003","AQS"
"03/28/2012","71","","Dawsonville","13-085-0001","AQS"
"03/29/2012","77","","Dawsonville","13-085-0001","AQS"
"03/30/2012","50","","Dawsonville","13-085-0001","AQS"
"03/31/2012","42","","Douglasville","13-097-0004","AQS"
"04/01/2012","48","","Dawsonville","13-085-0001","AQS"
"04/02/2012","46","","Conyers","13-247-0001","AQS"
"04/03/2012","64","","United Avenue","13-121-0055","AQS"
"04/04/2012","54","","Yorkville, King Farm","13-223-0003","AQS"
"04/05/2012","44","","Dawsonville","13-085-0001","AQS"
"04/06/2012","41","","Gwinnett","13-135-0002","AQS"
"04/07/2012","71","","Conyers","13-247-0001","AQS"
"04/08/2012","67","","Conyers","13-247-0001","AQS"
"04/09/2012","87","","Georgia Station","13-231-9991","AQS"
"04/10/2012","67","","Douglasville","13-097-0004","AQS"
"04/11/2012","67","","Douglasville","13-097-0004","AQS"
"04/12/2012","51","","Georgia Station","13-231-9991","AQS"
"04/13/2012","97","","Gwinnett","13-135-0002","AQS"
"04/14/2012","84","","Kennesaw","13-067-0003","AQS"
"04/15/2012","45","","Dawsonville","13-085-0001","AQS"
"04/16/2012","42","","Georgia Station","13-231-9991","AQS"
"04/17/2012","46","","Georgia Station","13-231-9991","AQS"
"04/18/2012","30","","Georgia Station","13-231-9991","AQS"
"04/19/2012","34","","Conyers","13-247-0001","AQS"
"04/20/2012","27","","Yorkville, King Farm","13-223-0003","AQS"
"04/21/2012","47","","United Avenue","13-121-0055","AQS"
"04/22/2012","47","","Georgia Station","13-231-9991","AQS"
"04/23/2012","47","","Douglasville","13-097-0004","AQS"
"04/24/2012","51","","Georgia Station","13-231-9991","AQS"
"04/25/2012","93","","Dawsonville","13-085-0001","AQS"
"04/26/2012","61","","Yorkville, King Farm","13-223-0003","AQS"
"04/27/2012","51","","Gwinnett","13-135-0002","AQS"
"04/28/2012","54","","Gwinnett","13-135-0002","AQS"
"04/29/2012","84","","Gwinnett","13-135-0002","AQS"
"04/30/2012","87","","Gwinnett","13-135-0002","AQS"
"05/01/2012","61","","Dawsonville","13-085-0001","AQS"
"05/02/2012","64","","Kennesaw","13-067-0003","AQS"
"05/03/2012","42","","Kennesaw","13-067-0003","AQS"
"05/04/2012","45","","Gwinnett","13-135-0002","AQS"
"05/05/2012","48","","United Avenue","13-121-0055","AQS"
"05/06/2012","64","","Douglasville","13-097-0004","AQS"
"05/07/2012","45","","Kennesaw","13-067-0003","AQS"
"05/08/2012","46","","Gwinnett","13-135-0002","AQS"
"05/09/2012","42","","Douglasville","13-097-0004","AQS"
"05/10/2012","64","","Douglasville","13-097-0004","AQS"
"05/11/2012","87","","Yorkville, King Farm","13-223-0003","AQS"
"05/12/2012","58","","Kennesaw","13-067-0003","AQS"
"05/13/2012","43","","Yorkville, King Farm","13-223-0003","AQS"
"05/14/2012","44","","Gwinnett","13-135-0002","AQS"
"05/15/2012","51","","Gwinnett","13-135-0002","AQS"
"05/16/2012","74","","Conyers","13-247-0001","AQS"
"05/17/2012","90","","Douglasville","13-097-0004","AQS"
"05/18/2012","93","","Douglasville","13-097-0004","AQS"
"05/19/2012","100","","Douglasville","13-097-0004","AQS"
"05/20/2012","100","","Georgia Station","13-231-9991","AQS"
"05/21/2012","108","","Conyers","13-247-0001","AQS"
"05/22/2012","64","","Conyers","13-247-0001","AQS"
"05/23/2012","97","","Conyers","13-247-0001","AQS"
"05/24/2012","122","","United Avenue","13-121-0055","AQS"
"05/25/2012","154","","United Avenue","13-121-0055","AQS"
"05/26/2012","112","","Georgia Station","13-231-9991","AQS"
"05/27/2012","46","","Douglasville","13-097-0004","AQS"
"05/28/2012","71","","United Avenue","13-121-0055","AQS"
"05/29/2012","44","","Douglasville","13-097-0004","AQS"
"05/30/2012","97","","Georgia Station","13-231-9991","AQS"
"05/31/2012","87","","Conyers","13-247-0001","AQS"
"06/01/2012","46","","Yorkville, King Farm","13-223-0003","AQS"
"06/02/2012","54","","Conyers","13-247-0001","AQS"
"06/03/2012","61","","Georgia Station","13-231-9991","AQS"
"06/04/2012","46","","Conyers","13-247-0001","AQS"
"06/05/2012","40","","Douglasville","13-097-0004","AQS"
"06/06/2012","67","","United Avenue","13-121-0055","AQS"
"06/07/2012","93","","Douglasville","13-097-0004","AQS"
"06/08/2012","93","","Yorkville, King Farm","13-223-0003","AQS"
"06/09/2012","71","","Yorkville, King Farm","13-223-0003","AQS"
"06/10/2012","29","","Kennesaw","13-067-0003","AQS"
"06/11/2012","31","","Georgia Station","13-231-9991","AQS"
"06/12/2012","71","","Conyers","13-247-0001","AQS"
"06/13/2012","100","","United Avenue","13-121-0055","AQS"
"06/14/2012","71","","Douglasville","13-097-0004","AQS"
"06/15/2012","90","","Yorkville, King Farm","13-223-0003","AQS"
"06/16/2012","61","","Douglasville","13-097-0004","AQS"
"06/17/2012","115","","Kennesaw","13-067-0003","AQS"
"06/18/2012","84","","Kennesaw","13-067-0003","AQS"
"06/19/2012","93","","Yorkville, King Farm","13-223-0003","AQS"
"06/20/2012","71","","Yorkville, King Farm","13-223-0003","AQS"
"06/21/2012","119","","Kennesaw","13-067-0003","AQS"
"06/22/2012","147","","United Avenue","13-121-0055","AQS"
"06/23/2012","101","","Kennesaw","13-067-0003","AQS"
"06/24/2012","50","","Douglasville","13-097-0004","AQS"
"06/25/2012","74","","Douglasville","13-097-0004","AQS"
"06/26/2012","108","","Douglasville","13-097-0004","AQS"
"06/27/2012","187","","Georgia Station","13-231-9991","AQS"
"06/28/2012","179","","Conyers","13-247-0001","AQS"
"06/29/2012","218","","McDonough","13-151-0002","AQS"
"06/30/2012","166","","McDonough","13-151-0002","AQS"
"07/01/2012","129","","McDonough","13-151-0002","AQS"
"07/02/2012","112","","Conyers","13-247-0001","AQS"
"07/03/2012","156","","McDonough","13-151-0002","AQS"
"07/04/2012","71","","Conyers","13-247-0001","AQS"
"07/05/2012","129","","McDonough","13-151-0002","AQS"
"07/06/2012","159","","McDonough","13-151-0002","AQS"
"07/07/2012","119","","Gwinnett","13-135-0002","AQS"
"07/08/2012","51","","Gwinnett","13-135-0002","AQS"
"07/09/2012","93","","Conyers","13-247-0001","AQS"
"07/10/2012","93","","Gwinnett","13-135-0002","AQS"
"07/11/2012","74","","Gwinnett","13-135-0002","AQS"
"07/12/2012","35","","Kennesaw","13-067-0003","AQS"
"07/13/2012","31","","Kennesaw","13-067-0003","AQS"
"07/14/2012","35","","Kennesaw","13-067-0003","AQS"
"07/15/2012","31","","Kennesaw","13-067-0003","AQS"
"07/16/2012","48","","Conyers","13-247-0001","AQS"
"07/17/2012","43","","Georgia Station","13-231-9991","AQS"
"07/18/2012","71","","Conyers","13-247-0001","AQS"
"07/19/2012","77","","Gwinnett","13-135-0002","AQS"
"07/20/2012","36","","Dawsonville","13-085-0001","AQS"
"07/21/2012","32","","United Avenue","13-121-0055","AQS"
"07/22/2012","39","","Gwinnett","13-135-0002","AQS"
"07/23/2012","74","","South DeKalb","13-089-0002","AQS"
"07/24/2012","47","","Conyers","13-247-0001","AQS"
"07/25/2012","61","","McDonough","13-151-0002","AQS"
"07/26/2012","71","","Conyers","13-247-0001","AQS"
"07/27/2012","42","","Conyers","13-247-0001","AQS"
"07/28/2012","101","","Conyers","13-247-0001","AQS"
"07/29/2012","97","","McDonough","13-151-0002","AQS"
"07/30/2012","154","","McDonough","13-151-0002","AQS"
"07/31/2012","58","","South DeKalb","13-089-0002","AQS"
"08/01/2012","126","","Conyers","13-247-0001","AQS"
"08/02/2012","108","","Conyers","13-247-0001","AQS"
"08/03/2012","58","","Dawsonville","13-085-0001","AQS"
"08/04/2012","38","","Douglasville","13-097-0004","AQS"
"08/05/2012","33","","Yorkville, King Farm","13-223-0003","AQS"
"08/06/2012","41","","Yorkville, King Farm","13-223-0003","AQS"
"08/07/2012","31","","Kennesaw","13-067-0003","AQS"
"08/08/2012","77","","South DeKalb","13-089-0002","AQS"
"08/09/2012","38","","United Avenue","13-121-0055","AQS"
"08/10/2012","54","","Gwinnett","13-135-0002","AQS"
"08/11/2012","51","","United Avenue","13-121-0055","AQS"
"08/12/2012","97","","Conyers","13-247-0001","AQS"
"08/13/2012","97","","Conyers","13-247-0001","AQS"
"08/14/2012","43","","South DeKalb","13-089-0002","AQS"
"08/15/2012","67","","Conyers","13-247-0001","AQS"
"08/16/2012","154","","McDonough","13-151-0002","AQS"
"08/17/2012","84","","Conyers","13-247-0001","AQS"
"08/18/2012","54","","Conyers","13-247-0001","AQS"
"08/19/2012","43","","Conyers","13-247-0001","AQS"
"08/20/2012","90","","United Avenue","13-121-0055","AQS"
"08/21/2012","100","","United Avenue","13-121-0055","AQS"
"08/22/2012","74","","Douglasville","13-097-0004","AQS"
"08/23/2012","71","","Douglasville","13-097-0004","AQS"
"08/24/2012","64","","Douglasville","13-097-0004","AQS"
"08/25/2012","108","","Kennesaw","13-067-0003","AQS"
"08/26/2012","87","","Yorkville, King Farm","13-223-0003","AQS"
"08/27/2012","93","","Douglasville","13-097-0004","AQS"
"08/28/2012","18","","Dawsonville","13-085-0001","AQS"
"08/29/2012","43","","Kennesaw","13-067-0003","AQS"
"08/30/2012","20","","Georgia Station","13-231-9991","AQS"
"08/31/2012","43","","Kennesaw","13-067-0003","AQS"
"09/01/2012","35","","Conyers","13-247-0001","AQS"
"09/02/2012","28","","United Avenue","13-121-0055","AQS"
"09/03/2012","37","","Gwinnett","13-135-0002","AQS"
"09/04/2012","33","","Conyers","13-247-0001","AQS"
"09/05/2012","37","","Dawsonville","13-085-0001","AQS"
"09/06/2012","37","","Conyers","13-247-0001","AQS"
"09/07/2012","136","","United Avenue","13-121-0055","AQS"
"09/08/2012","36","","Yorkville, King Farm","13-223-0003","AQS"
"09/09/2012","49","","McDonough","13-151-0002","AQS"
"09/10/2012","64","","Yorkville, King Farm","13-223-0003","AQS"
"09/11/2012","50","","Yorkville, King Farm","13-223-0003","AQS"
"09/12/2012","58","","Yorkville, King Farm","13-223-0003","AQS"
"09/13/2012","67","","Yorkville, King Farm","13-223-0003","AQS"
"09/14/2012","50","","United Avenue","13-121-0055","AQS"
"09/15/2012","67","","United Avenue","13-121-0055","AQS"
"09/16/2012","42","","Gwinnett","13-135-0002","AQS"
"09/17/2012","29","","Georgia Station","13-231-9991","AQS"
"09/18/2012","31","","Kennesaw","13-067-0003","AQS"
"09/19/2012","48","","United Avenue","13-121-0055","AQS"
"09/20/2012","44","","Yorkville, King Farm","13-223-0003","AQS"
"09/21/2012","49","","Gwinnett","13-135-0002","AQS"
"09/22/2012","58","","Douglasville","13-097-0004","AQS"
"09/23/2012","51","","Conyers","13-247-0001","AQS"
"09/24/2012","50","","Newnan","13-077-0002","AQS"
"09/25/2012","71","","Kennesaw","13-067-0003","AQS"
"09/26/2012","97","","United Avenue","13-121-0055","AQS"
"09/27/2012","93","","Conyers","13-247-0001","AQS"
"09/28/2012","41","","Kennesaw","13-067-0003","AQS"
"09/29/2012","44","","McDonough","13-151-0002","AQS"
"09/30/2012","30","","Yorkville, King Farm","13-223-0003","AQS"
"10/01/2012","25","","Georgia Station","13-231-9991","AQS"
"10/02/2012","28","","Georgia Station","13-231-9991","AQS"
"10/03/2012","33","","Conyers","13-247-0001","AQS"
"10/04/2012","77","","Georgia Station","13-231-9991","AQS"
"10/05/2012","77","","United Avenue","13-121-0055","AQS"
"10/06/2012","54","","Conyers","13-247-0001","AQS"
"10/07/2012","31","","Georgia Station","13-231-9991","AQS"
"10/08/2012","20","","Dawsonville","13-085-0001","AQS"
"10/09/2012","33","","Dawsonville","13-085-0001","AQS"
"10/10/2012","37","","Conyers","13-247-0001","AQS"
"10/11/2012","41","","Dawsonville","13-085-0001","AQS"
"10/12/2012","41","","Georgia Station","13-231-9991","AQS"
"10/13/2012","50","","Georgia Station","13-231-9991","AQS"
"10/14/2012","34","","Georgia Station","13-231-9991","AQS"
"10/15/2012","37","","Georgia Station","13-231-9991","AQS"
"10/16/2012","38","","Douglasville","13-097-0004","AQS"
"10/17/2012","46","","Yorkville, King Farm","13-223-0003","AQS"
"10/18/2012","40","","Yorkville, King Farm","13-223-0003","AQS"
"10/19/2012","44","","Georgia Station","13-231-9991","AQS"
"10/20/2012","38","","Georgia Station","13-231-9991","AQS"
"10/21/2012","46","","Douglasville","13-097-0004","AQS"
"10/22/2012","61","","Yorkville, King Farm","13-223-0003","AQS"
"10/23/2012","51","","Georgia Station","13-231-9991","AQS"
"10/24/2012","48","","Yorkville, King Farm","13-223-0003","AQS"
"10/25/2012","41","","Yorkville, King Farm","13-223-0003","AQS"
"10/26/2012","42","","Yorkville, King Farm","13-223-0003","AQS"
"10/27/2012","26","","Georgia Station","13-231-9991","AQS"
"10/28/2012","29","","Yorkville, King Farm","13-223-0003","AQS"
"10/29/2012","36","","Georgia Station","13-231-9991","AQS"
"10/30/2012","36","","Georgia Station","13-231-9991","AQS"
"10/31/2012","44","","Georgia Station","13-231-9991","AQS"
"11/01/2012","43","","Georgia Station","13-231-9991","AQS"
"11/02/2012","61","","Georgia Station","13-231-9991","AQS"
"11/03/2012","58","","Georgia Station","13-231-9991","AQS"
"11/04/2012","41","","Georgia Station","13-231-9991","AQS"
"11/05/2012","38","","Georgia Station","13-231-9991","AQS"
"11/06/2012","27","","Georgia Station","13-231-9991","AQS"
"11/07/2012","25","","Georgia Station","13-231-9991","AQS"
"11/08/2012","36","","Georgia Station","13-231-9991","AQS"
"11/09/2012","43","","Georgia Station","13-231-9991","AQS"
"11/10/2012","46","","Georgia Station","13-231-9991","AQS"
"11/11/2012","41","","Georgia Station","13-231-9991","AQS"
"11/12/2012","34","","Georgia Station","13-231-9991","AQS"
"11/13/2012","27","","Georgia Station","13-231-9991","AQS"
"11/14/2012","26","","Georgia Station","13-231-9991","AQS"
"11/15/2012","19","","Georgia Station","13-231-9991","AQS"
"11/16/2012","34","","Georgia Station","13-231-9991","AQS"
"11/17/2012","35","","Georgia Station","13-231-9991","AQS"
"11/18/2012","36","","Georgia Station","13-231-9991","AQS"
"11/19/2012","25","","Georgia Station","13-231-9991","AQS"
"11/20/2012","43","","Georgia Station","13-231-9991","AQS"
"11/21/2012","43","","Georgia Station","13-231-9991","AQS"
"11/22/2012","48","","Georgia Station","13-231-9991","AQS"
"11/23/2012","54","","Georgia Station","13-231-9991","AQS"
"11/24/2012","34","","Georgia Station","13-231-9991","AQS"
"11/25/2012","40","","Georgia Station","13-231-9991","AQS"
"11/26/2012","44","","Georgia Station","13-231-9991","AQS"
"11/27/2012","33","","Georgia Station","13-231-9991","AQS"
"11/28/2012","29","","Georgia Station","13-231-9991","AQS"
"11/29/2012","40","","Georgia Station","13-231-9991","AQS"
"11/30/2012","41","","Georgia Station","13-231-9991","AQS"
"12/01/2012","40","","Georgia Station","13-231-9991","AQS"
"12/02/2012","39","","Georgia Station","13-231-9991","AQS"
"12/03/2012","39","","Georgia Station","13-231-9991","AQS"
"12/04/2012","37","","Georgia Station","13-231-9991","AQS"
"12/05/2012","34","","Georgia Station","13-231-9991","AQS"
"12/06/2012","31","","Georgia Station","13-231-9991","AQS"
"12/07/2012","27","","Georgia Station","13-231-9991","AQS"
"12/08/2012","31","","Georgia Station","13-231-9991","AQS"
"12/09/2012","36","","Georgia Station","13-231-9991","AQS"
"12/10/2012","31","","Georgia Station","13-231-9991","AQS"
"12/11/2012","19","","Georgia Station","13-231-9991","AQS"
"12/12/2012","15","","Georgia Station","13-231-9991","AQS"
"12/13/2012","30","","Georgia Station","13-231-9991","AQS"
"12/14/2012","31","","Georgia Station","13-231-9991","AQS"
"12/15/2012","31","","Georgia Station","13-231-9991","AQS"
"12/16/2012","27","","Georgia Station","13-231-9991","AQS"
"12/17/2012","29","","Georgia Station","13-231-9991","AQS"
"12/18/2012","37","","Georgia Station","13-231-9991","AQS"
"12/19/2012","44","","Georgia Station","13-231-9991","AQS"
"12/20/2012","34","","Georgia Station","13-231-9991","AQS"
"12/21/2012","37","","Georgia Station","13-231-9991","AQS"
"12/22/2012","41","","Georgia Station","13-231-9991","AQS"
"12/23/2012","37","","Georgia Station","13-231-9991","AQS"
"12/24/2012","32","","Georgia Station","13-231-9991","AQS"
"12/25/2012","28","","Georgia Station","13-231-9991","AQS"
"12/26/2012","31","","Georgia Station","13-231-9991","AQS"
"12/27/2012","31","","Georgia Station","13-231-9991","AQS"
"12/28/2012","25","","Georgia Station","13-231-9991","AQS"
"12/29/2012","27","","Georgia Station","13-231-9991","AQS"
"12/30/2012","35","","Georgia Station","13-231-9991","AQS"
"12/31/2012","34","","Georgia Station","13-231-9991","AQS"
"01/01/2013","32","","Georgia Station","13-231-9991","AQS"
"01/02/2013","22","","Georgia Station","13-231-9991","AQS"
"01/03/2013","21","","Georgia Station","13-231-9991","AQS"
"01/04/2013","22","","South DeKalb","13-089-0002","AQS"
"01/05/2013","35","","Georgia Station","13-231-9991","AQS"
"01/06/2013","36","","Georgia Station","13-231-9991","AQS"
"01/07/2013","37","","Georgia Station","13-231-9991","AQS"
"01/08/2013","31","","Georgia Station","13-231-9991","AQS"
"01/09/2013","27","","Georgia Station","13-231-9991","AQS"
"01/10/2013","25","","South DeKalb","13-089-0002","AQS"
"01/11/2013","22","","Georgia Station","13-231-9991","AQS"
"01/12/2013","26","","Georgia Station","13-231-9991","AQS"
"01/13/2013","23","","Georgia Station","13-231-9991","AQS"
"01/14/2013","24","","Georgia Station","13-231-9991","AQS"
"01/15/2013","23","","Georgia Station","13-231-9991","AQS"
"01/16/2013","21","","Georgia Station","13-231-9991","AQS"
"01/17/2013","24","","Georgia Station","13-231-9991","AQS"
"01/18/2013","35","","Georgia Station","13-231-9991","AQS"
"01/19/2013","41","","Georgia Station","13-231-9991","AQS"
"01/20/2013","46","","Georgia Station","13-231-9991","AQS"
"01/21/2013","43","","Georgia Station","13-231-9991","AQS"
"01/22/2013","37","","Georgia Station","13-231-9991","AQS"
"01/23/2013","42","","Georgia Station","13-231-9991","AQS"
"01/24/2013","43","","Georgia Station","13-231-9991","AQS"
"01/25/2013","32","","Georgia Station","13-231-9991","AQS"
"01/26/2013","32","","Georgia Station","13-231-9991","AQS"
"01/27/2013","33","","Georgia Station","13-231-9991","AQS"
"01/28/2013","35","","Georgia Station","13-231-9991","AQS"
"01/29/2013","38","","Georgia Station","13-231-9991","AQS"
"01/30/2013","36","","Georgia Station","13-231-9991","AQS"
"01/31/2013","37","","Georgia Station","13-231-9991","AQS"
"02/01/2013","39","","Georgia Station","13-231-9991","AQS"
"02/02/2013","43","","Georgia Station","13-231-9991","AQS"
"02/03/2013","43","","Georgia Station","13-231-9991","AQS"
"02/04/2013","37","","Georgia Station","13-231-9991","AQS"
"02/05/2013","45","","Georgia Station","13-231-9991","AQS"
"02/06/2013","49","","Georgia Station","13-231-9991","AQS"
"02/07/2013","37","","Georgia Station","13-231-9991","AQS"
"02/08/2013","29","","Georgia Station","13-231-9991","AQS"
"02/09/2013","32","","Georgia Station","13-231-9991","AQS"
"02/10/2013","41","","Georgia Station","13-231-9991","AQS"
"02/11/2013","32","","Georgia Station","13-231-9991","AQS"
"02/12/2013","31","","Georgia Station","13-231-9991","AQS"
"02/13/2013","31","","Georgia Station","13-231-9991","AQS"
"02/14/2013","37","","Georgia Station","13-231-9991","AQS"
"02/15/2013","44","","Georgia Station","13-231-9991","AQS"
"02/16/2013","40","","Georgia Station","13-231-9991","AQS"
"02/17/2013","42","","Georgia Station","13-231-9991","AQS"
"02/18/2013","45","","Georgia Station","13-231-9991","AQS"
"02/19/2013","41","","Georgia Station","13-231-9991","AQS"
"02/20/2013","43","","Georgia Station","13-231-9991","AQS"
"02/21/2013","49","","Georgia Station","13-231-9991","AQS"
"02/22/2013","37","","Georgia Station","13-231-9991","AQS"
"02/23/2013","21","","Georgia Station","13-231-9991","AQS"
"02/24/2013","47","","Georgia Station","13-231-9991","AQS"
"02/25/2013","32","","Georgia Station","13-231-9991","AQS"
"02/26/2013","41","","Georgia Station","13-231-9991","AQS"
"02/27/2013","46","","Georgia Station","13-231-9991","AQS"
"02/28/2013","44","","Georgia Station","13-231-9991","AQS"
"03/01/2013","40","","Georgia Station","13-231-9991","AQS"
"03/02/2013","34","","Dawsonville","13-085-0001","AQS"
"03/03/2013","41","","Douglasville","13-097-0004","AQS"
"03/04/2013","44","","Dawsonville","13-085-0001","AQS"
"03/05/2013","42","","Georgia Station","13-231-9991","AQS"
"03/06/2013","43","","Georgia Station","13-231-9991","AQS"
"03/07/2013","44","","Georgia Station","13-231-9991","AQS"
"03/08/2013","45","","Georgia Station","13-231-9991","AQS"
"03/09/2013","64","","Georgia Station","13-231-9991","AQS"
"03/10/2013","48","","Dawsonville","13-085-0001","AQS"
"03/11/2013","40","","Georgia Station","13-231-9991","AQS"
"03/12/2013","44","","Georgia Station","13-231-9991","AQS"
"03/13/2013","48","","Georgia Station","13-231-9991","AQS"
"03/14/2013","48","","Georgia Station","13-231-9991","AQS"
"03/15/2013","105","","Dawsonville","13-085-0001","AQS"
"03/16/2013","80","","Dawsonville","13-085-0001","AQS"
"03/17/2013","47","","Dawsonville","13-085-0001","AQS"
"03/18/2013","32","","Yorkville, King Farm","13-223-0003","AQS"
"03/19/2013","44","","Dawsonville","13-085-0001","AQS"
"03/20/2013","47","","Douglasville","13-097-0004","AQS"
"03/21/2013","49","","Georgia Station","13-231-9991","AQS"
"03/22/2013","41","","Georgia Station","13-231-9991","AQS"
"03/23/2013","41","","Conyers","13-247-0001","AQS"
"03/24/2013","42","","Douglasville","13-097-0004","AQS"
"03/25/2013","46","","Georgia Station","13-231-9991","AQS"
"03/26/2013","39","","Georgia Station","13-231-9991","AQS"
"03/27/2013","49","","Georgia Station","13-231-9991","AQS"
"03/28/2013","71","","Georgia Station","13-231-9991","AQS"
"03/29/2013","87","","Georgia Station","13-231-9991","AQS"
"03/30/2013","74","","Dawsonville","13-085-0001","AQS"
"03/31/2013","46","","Georgia Station","13-231-9991","AQS"
"04/01/2013","49","","Georgia Station","13-231-9991","AQS"
"04/02/2013","61","","Georgia Station","13-231-9991","AQS"
"04/03/2013","50","","Dawsonville","13-085-0001","AQS"
"04/04/2013","46","","Georgia Station","13-231-9991","AQS"
"04/05/2013","51","","Douglasville","13-097-0004","AQS"
"04/06/2013","80","","Dawsonville","13-085-0001","AQS"
"04/07/2013","61","","Dawsonville","13-085-0001","AQS"
"04/08/2013","50","","Dawsonville","13-085-0001","AQS"
"04/09/2013","74","","Dawsonville","13-085-0001","AQS"
"04/10/2013","77","","Dawsonville","13-085-0001","AQS"
"04/11/2013","33","","Yorkville, King Farm","13-223-0003","AQS"
"04/12/2013","45","","Dawsonville","13-085-0001","AQS"
"04/13/2013","54","","McDonough","13-151-0002","AQS"
"04/14/2013","39","","Yorkville, King Farm","13-223-0003","AQS"
"04/15/2013","45","","Kennesaw","13-067-0003","AQS"
"04/16/2013","43","","Kennesaw","13-067-0003","AQS"
"04/17/2013","49","","Dawsonville","13-085-0001","AQS"
"04/18/2013","38","","Yorkville, King Farm","13-223-0003","AQS"
"04/19/2013","31","","Dawsonville","13-085-0001","AQS"
"04/20/2013","48","","Georgia Station","13-231-9991","AQS"
"04/21/2013","48","","Georgia Station","13-231-9991","AQS"
"04/22/2013","49","","Dawsonville","13-085-0001","AQS"
"04/23/2013","51","","Dawsonville","13-085-0001","AQS"
"04/24/2013","41","","Georgia Station","13-231-9991","AQS"
"04/25/2013","67","","Georgia Station","13-231-9991","AQS"
"04/26/2013","61","","Dawsonville","13-085-0001","AQS"
"04/27/2013","51","","Georgia Station","13-231-9991","AQS"
"04/28/2013","37","","Yorkville, King Farm","13-223-0003","AQS"
"04/29/2013","44","","Dawsonville","13-085-0001","AQS"
"04/30/2013","47","","Kennesaw","13-067-0003","AQS"
"05/01/2013","40","","Kennesaw","13-067-0003","AQS"
"05/02/2013","33","","Georgia Station","13-231-9991","AQS"
"05/03/2013","33","","Georgia Station","13-231-9991","AQS"
"05/04/2013","34","","Georgia Station","13-231-9991","AQS"
"05/05/2013","44","","McDonough","13-151-0002","AQS"
"05/06/2013","33","","Georgia Station","13-231-9991","AQS"
"05/07/2013","38","","Gwinnett","13-135-0002","AQS"
"05/08/2013","46","","Conyers","13-247-0001","AQS"
"05/09/2013","50","","Conyers","13-247-0001","AQS"
"05/10/2013","44","","Dawsonville","13-085-0001","AQS"
"05/11/2013","40","","Gwinnett","13-135-0002","AQS"
"05/12/2013","51","","Gwinnett","13-135-0002","AQS"
"05/13/2013","61","","Georgia Station","13-231-9991","AQS"
"05/14/2013","77","","Gwinnett","13-135-0002","AQS"
"05/15/2013","108","","Conyers","13-247-0001","AQS"
"05/16/2013","97","","Gwinnett","13-135-0002","AQS"
"05/17/2013","61","","Dawsonville","13-085-0001","AQS"
"05/18/2013","35","","Gwinnett","13-135-0002","AQS"
"05/19/2013","35","","Yorkville, King Farm","13-223-0003","AQS"
"05/20/2013","48","","Gwinnett","13-135-0002","AQS"
"05/21/2013","58","","Gwinnett","13-135-0002","AQS"
"05/22/2013","44","","Gwinnett","13-135-0002","AQS"
"05/23/2013","54","","Conyers","13-247-0001","AQS"
"05/24/2013","49","","Georgia Station","13-231-9991","AQS"
"05/25/2013","64","","Gwinnett","13-135-0002","AQS"
"05/26/2013","108","","Conyers","13-247-0001","AQS"
"05/27/2013","51","","Kennesaw","13-067-0003","AQS"
"05/28/2013","67","","Kennesaw","13-067-0003","AQS"
"05/29/2013","50","","Yorkville, King Farm","13-223-0003","AQS"
"05/30/2013","36","","Yorkville, King Farm","13-223-0003","AQS"
"05/31/2013","44","","Kennesaw","13-067-0003","AQS"
"06/01/2013","30","","Gwinnett","13-135-0002","AQS"
"06/02/2013","26","","Yorkville, King Farm","13-223-0003","AQS"
"06/03/2013","44","","McDonough","13-151-0002","AQS"
"06/04/2013","71","","United Avenue","13-121-0055","AQS"
"06/05/2013","36","","Yorkville, King Farm","13-223-0003","AQS"
"06/06/2013","32","","Kennesaw","13-067-0003","AQS"
"06/07/2013","44","","Gwinnett","13-135-0002","AQS"
"06/08/2013","61","","Gwinnett","13-135-0002","AQS"
"06/09/2013","26","","Kennesaw","13-067-0003","AQS"
"06/10/2013","37","","Dawsonville","13-085-0001","AQS"
"06/11/2013","49","","Conyers","13-247-0001","AQS"
"06/12/2013","101","","Conyers","13-247-0001","AQS"
"06/13/2013","44","","McDonough","13-151-0002","AQS"
"06/14/2013","126","","Georgia Station","13-231-9991","AQS"
"06/15/2013","108","","Kennesaw","13-067-0003","AQS"
"06/16/2013","47","","Kennesaw","13-067-0003","AQS"
"06/17/2013","39","","Gwinnett","13-135-0002","AQS"
"06/18/2013","32","","Gwinnett","13-135-0002","AQS"
"06/19/2013","48","","Georgia Station","13-231-9991","AQS"
"06/20/2013","74","","Yorkville, King Farm","13-223-0003","AQS"
"06/21/2013","87","","Yorkville, King Farm","13-223-0003","AQS"
"06/22/2013","101","","Douglasville","13-097-0004","AQS"
"06/23/2013","42","","Kennesaw","13-067-0003","AQS"
"06/24/2013","30","","Gwinnett","13-135-0002","AQS"
"06/25/2013","41","","Conyers","13-247-0001","AQS"
"06/26/2013","31","","Gwinnett","13-135-0002","AQS"
"06/27/2013","38","","Gwinnett","13-135-0002","AQS"
"06/28/2013","54","","Gwinnett","13-135-0002","AQS"
"06/29/2013","47","","Gwinnett","13-135-0002","AQS"
"06/30/2013","48","","Kennesaw","13-067-0003","AQS"
"07/01/2013","36","","Kennesaw","13-067-0003","AQS"
"07/02/2013","43","","Kennesaw","13-067-0003","AQS"
"07/03/2013","25","","Yorkville, King Farm","13-223-0003","AQS"
"07/04/2013","19","","Kennesaw","13-067-0003","AQS"
"07/05/2013","21","","Kennesaw","13-067-0003","AQS"
"07/06/2013","20","","Kennesaw","13-067-0003","AQS"
"07/07/2013","21","","Gwinnett","13-135-0002","AQS"
"07/08/2013","40","","Gwinnett","13-135-0002","AQS"
"07/09/2013","33","","Conyers","13-247-0001","AQS"
"07/10/2013","43","","McDonough","13-151-0002","AQS"
"07/11/2013","40","","Kennesaw","13-067-0003","AQS"
"07/12/2013","47","","United Avenue","13-121-0055","AQS"
"07/13/2013","30","","Kennesaw","13-067-0003","AQS"
"07/14/2013","29","","Yorkville, King Farm","13-223-0003","AQS"
"07/15/2013","31","","Yorkville, King Farm","13-223-0003","AQS"
"07/16/2013","40","","Yorkville, King Farm","13-223-0003","AQS"
"07/17/2013","84","","United Avenue","13-121-0055","AQS"
"07/18/2013","108","","Kennesaw","13-067-0003","AQS"
"07/19/2013","74","","United Avenue","13-121-0055","AQS"
"07/20/2013","34","","Kennesaw","13-067-0003","AQS"
"07/21/2013","33","","Gwinnett","13-135-0002","AQS"
"07/22/2013","31","","Gwinnett","13-135-0002","AQS"
"07/23/2013","40","","United Avenue","13-121-0055","AQS"
"07/24/2013","54","","McDonough","13-151-0002","AQS"
"07/25/2013","115","","United Avenue","13-121-0055","AQS"
"07/26/2013","50","","Kennesaw","13-067-0003","AQS"
"07/27/2013","41","","Gwinnett","13-135-0002","AQS"
"07/28/2013","45","","United Avenue","13-121-0055","AQS"
"07/29/2013","74","","Conyers","13-247-0001","AQS"
"07/30/2013","177","","United Avenue","13-121-0055","AQS"
"07/31/2013","28","","Dawsonville","13-085-0001","AQS"
"08/01/2013","49","","McDonough","13-151-0002","AQS"
"08/02/2013","74","","United Avenue","13-121-0055","AQS"
"08/03/2013","49","","Gwinnett","13-135-0002","AQS"
"08/04/2013","49","","McDonough","13-151-0002","AQS"
"08/05/2013","47","","United Avenue","13-121-0055","AQS"
"08/06/2013","71","","United Avenue","13-121-0055","AQS"
"08/07/2013","35","","Kennesaw","13-067-0003","AQS"
"08/08/2013","31","","McDonough","13-151-0002","AQS"
"08/09/2013","39","","Gwinnett","13-135-0002","AQS"
"08/10/2013","35","","Gwinnett","13-135-0002","AQS"
"08/11/2013","40","","Gwinnett","13-135-0002","AQS"
"08/12/2013","32","","Conyers","13-247-0001","AQS"
"08/13/2013","41","","Conyers","13-247-0001","AQS"
"08/14/2013","36","","Yorkville, King Farm","13-223-0003","AQS"
"08/15/2013","38","","Yorkville, King Farm","13-223-0003","AQS"
"08/16/2013","31","","Kennesaw","13-067-0003","AQS"
"08/17/2013","32","","Kennesaw","13-067-0003","AQS"
"08/18/2013","23","","Yorkville, King Farm","13-223-0003","AQS"
"08/19/2013","28","","Kennesaw","13-067-0003","AQS"
"08/20/2013","24","","Yorkville, King Farm","13-223-0003","AQS"
"08/21/2013","30","","Kennesaw","13-067-0003","AQS"
"08/22/2013","39","","United Avenue","13-121-0055","AQS"
"08/23/2013","47","","McDonough","13-151-0002","AQS"
"08/24/2013","46","","Yorkville, King Farm","13-223-0003","AQS"
"08/25/2013","44","","Yorkville, King Farm","13-223-0003","AQS"
"08/26/2013","64","","Douglasville","13-097-0004","AQS"
"08/27/2013","97","","McDonough","13-151-0002","AQS"
"08/28/2013","84","","United Avenue","13-121-0055","AQS"
"08/29/2013","105","","McDonough","13-151-0002","AQS"
"08/30/2013","58","","Douglasville","13-097-0004","AQS"
"08/31/2013","50","","Kennesaw","13-067-0003","AQS"
"09/01/2013","35","","McDonough","13-151-0002","AQS"
"09/02/2013","47","","McDonough","13-151-0002","AQS"
"09/03/2013","61","","Conyers","13-247-0001","AQS"
"09/04/2013","105","","Conyers","13-247-0001","AQS"
"09/05/2013","133","","United Avenue","13-121-0055","AQS"
"09/06/2013","97","","Douglasville","13-097-0004","AQS"
"09/07/2013","93","","United Avenue","13-121-0055","AQS"
"09/08/2013","93","","McDonough","13-151-0002","AQS"
"09/09/2013","64","","Yorkville, King Farm","13-223-0003","AQS"
"09/10/2013","54","","Yorkville, King Farm","13-223-0003","AQS"
"09/11/2013","71","","Douglasville","13-097-0004","AQS"
"09/12/2013","80","","McDonough","13-151-0002","AQS"
"09/13/2013","58","","Conyers","13-247-0001","AQS"
"09/14/2013","48","","Douglasville","13-097-0004","AQS"
"09/15/2013","46","","Kennesaw","13-067-0003","AQS"
"09/16/2013","90","","McDonough","13-151-0002","AQS"
"09/17/2013","45","","Yorkville, King Farm","13-223-0003","AQS"
"09/18/2013","44","","Yorkville, King Farm","13-223-0003","AQS"
"09/19/2013","97","","United Avenue","13-121-0055","AQS"
"09/20/2013","71","","Dawsonville","13-085-0001","AQS"
"09/21/2013","27","","Yorkville, King Farm","13-223-0003","AQS"
"09/22/2013","41","","United Avenue","13-121-0055","AQS"
"09/23/2013","44","","Kennesaw","13-067-0003","AQS"
"09/24/2013","31","","Georgia Station","13-231-9991","AQS"
"09/25/2013","28","","Gwinnett","13-135-0002","AQS"
"09/26/2013","42","","United Avenue","13-121-0055","AQS"
"09/27/2013","51","","Douglasville","13-097-0004","AQS"
"09/28/2013","44","","Yorkville, King Farm","13-223-0003","AQS"
"09/29/2013","41","","Douglasville","13-097-0004","AQS"
"09/30/2013","43","","Kennesaw","13-067-0003","AQS"
"10/01/2013","43","","Conyers","13-247-0001","AQS"
"10/02/2013","48","","United Avenue","13-121-0055","AQS"
"10/03/2013","51","","United Avenue","13-121-0055","AQS"
"10/04/2013","61","","Kennesaw","13-067-0003","AQS"
"10/05/2013","67","","Kennesaw","13-067-0003","AQS"
"10/06/2013","36","","United Avenue","13-121-0055","AQS"
"10/07/2013","34","","Georgia Station","13-231-9991","AQS"
"10/08/2013","34","","Kennesaw","13-067-0003","AQS"
"10/09/2013","39","","United Avenue","13-121-0055","AQS"
"10/10/2013","43","","Kennesaw","13-067-0003","AQS"
"10/11/2013","46","","United Avenue","13-121-0055","AQS"
"10/12/2013","46","","United Avenue","13-121-0055","AQS"
"10/13/2013","41","","United Avenue","13-121-0055","AQS"
"10/14/2013","26","","Yorkville, King Farm","13-223-0003","AQS"
"10/15/2013","24","","Georgia Station","13-231-9991","AQS"
"10/16/2013","38","","Conyers","13-247-0001","AQS"
"10/17/2013","25","","Georgia Station","13-231-9991","AQS"
"10/18/2013","35","","McDonough","13-151-0002","AQS"
"10/19/2013","27","","McDonough","13-151-0002","AQS"
"10/20/2013","35","","Dawsonville","13-085-0001","AQS"
"10/21/2013","36","","Yorkville, King Farm","13-223-0003","AQS"
"10/22/2013","42","","Dawsonville","13-085-0001","AQS"
"10/23/2013","33","","Georgia Station","13-231-9991","AQS"
"10/24/2013","34","","Georgia Station","13-231-9991","AQS"
"10/25/2013","32","","Dawsonville","13-085-0001","AQS"
"10/26/2013","36","","Georgia Station","13-231-9991","AQS"
"10/27/2013","41","","McDonough","13-151-0002","AQS"
"10/28/2013","31","","Yorkville, King Farm","13-223-0003","AQS"
"10/29/2013","43","","Conyers","13-247-0001","AQS"
"10/30/2013","44","","Dawsonville","13-085-0001","AQS"
"10/31/2013","36","","Conyers","13-247-0001","AQS"
"11/01/2013","27","","Georgia Station","13-231-9991","AQS"
"11/02/2013","35","","Georgia Station","13-231-9991","AQS"
"11/03/2013","34","","Georgia Station","13-231-9991","AQS"
"11/04/2013","33","","Georgia Station","13-231-9991","AQS"
"11/05/2013","35","","Georgia Station","13-231-9991","AQS"
"11/06/2013","28","","South DeKalb","13-089-0002","AQS"
"11/07/2013","27","","Georgia Station","13-231-9991","AQS"
"11/08/2013","31","","Georgia Station","13-231-9991","AQS"
"11/09/2013","35","","Georgia Station","13-231-9991","AQS"
"11/10/2013","41","","Georgia Station","13-231-9991","AQS"
"11/11/2013","40","","Georgia Station","13-231-9991","AQS"
"11/12/2013","30","","Georgia Station","13-231-9991","AQS"
"11/13/2013","30","","Georgia Station","13-231-9991","AQS"
"11/14/2013","36","","Georgia Station","13-231-9991","AQS"
"11/15/2013","31","","Georgia Station","13-231-9991","AQS"
"11/16/2013","24","","Georgia Station","13-231-9991","AQS"
"11/17/2013","20","","Georgia Station","13-231-9991","AQS"
"11/18/2013","37","","Georgia Station","13-231-9991","AQS"
"11/19/2013","35","","Georgia Station","13-231-9991","AQS"
"11/20/2013","28","","Georgia Station","13-231-9991","AQS"
"11/21/2013","24","","Georgia Station","13-231-9991","AQS"
"11/22/2013","22","","Georgia Station","13-231-9991","AQS"
"11/23/2013","23","","Georgia Station","13-231-9991","AQS"
"11/24/2013","29","","Georgia Station","13-231-9991","AQS"
"11/25/2013","30","","Georgia Station","13-231-9991","AQS"
"11/26/2013","23","","Georgia Station","13-231-9991","AQS"
"11/27/2013","23","","Georgia Station","13-231-9991","AQS"
"11/28/2013","25","","Georgia Station","13-231-9991","AQS"
"11/29/2013","34","","Georgia Station","13-231-9991","AQS"
"11/30/2013","31","","Georgia Station","13-231-9991","AQS"
"12/01/2013","31","","Georgia Station","13-231-9991","AQS"
"12/02/2013","22","","Georgia Station","13-231-9991","AQS"
"12/03/2013","23","","Georgia Station","13-231-9991","AQS"
"12/04/2013","22","","Georgia Station","13-231-9991","AQS"
"12/05/2013","19","","Georgia Station","13-231-9991","AQS"
"12/06/2013","20","","Georgia Station","13-231-9991","AQS"
"12/07/2013","8","","South DeKalb","13-089-0002","AQS"
"12/08/2013","13","","South DeKalb","13-089-0002","AQS"
"12/09/2013","7","","South DeKalb","13-089-0002","AQS"
"12/10/2013","29","","Georgia Station","13-231-9991","AQS"
"12/11/2013","26","","Georgia Station","13-231-9991","AQS"
"12/12/2013","31","","Georgia Station","13-231-9991","AQS"
"12/13/2013","32","","Georgia Station","13-231-9991","AQS"
"12/14/2013","25","","Georgia Station","13-231-9991","AQS"
"12/15/2013","25","","Georgia Station","13-231-9991","AQS"
"12/16/2013","30","","Georgia Station","13-231-9991","AQS"
"12/17/2013","34","","Georgia Station","13-231-9991","AQS"
"12/18/2013","36","","Georgia Station","13-231-9991","AQS"
"12/19/2013","41","","Georgia Station","13-231-9991","AQS"
"12/20/2013","35","","Georgia Station","13-231-9991","AQS"
"12/21/2013","25","","Georgia Station","13-231-9991","AQS"
"12/22/2013","29","","Georgia Station","13-231-9991","AQS"
"12/23/2013","31","","Georgia Station","13-231-9991","AQS"
"12/24/2013","31","","Georgia Station","13-231-9991","AQS"
"12/25/2013","30","","Georgia Station","13-231-9991","AQS"
"12/26/2013","31","","Georgia Station","13-231-9991","AQS"
"12/27/2013","30","","Georgia Station","13-231-9991","AQS"
"12/28/2013","31","","Georgia Station","13-231-9991","AQS"
"12/29/2013","29","","Georgia Station","13-231-9991","AQS"
"12/30/2013","21","","Georgia Station","13-231-9991","AQS"
"12/31/2013","24","","Georgia Station","13-231-9991","AQS"
"01/01/2014","19","","South DeKalb","13-089-0002","AQS"
"01/02/2014","27","","Georgia Station","13-231-9991","AQS"
"01/03/2014","31","","Georgia Station","13-231-9991","AQS"
"01/04/2014","28","","Georgia Station","13-231-9991","AQS"
"01/05/2014","20","","Georgia Station","13-231-9991","AQS"
"01/06/2014","33","","Georgia Station","13-231-9991","AQS"
"01/07/2014","30","","Georgia Station","13-231-9991","AQS"
"01/08/2014","32","","Georgia Station","13-231-9991","AQS"
"01/09/2014","29","","Georgia Station","13-231-9991","AQS"
"01/10/2014","22","","Georgia Station","13-231-9991","AQS"
"01/11/2014","33","","Georgia Station","13-231-9991","AQS"
"01/12/2014","34","","Georgia Station","13-231-9991","AQS"
"01/13/2014","34","","Georgia Station","13-231-9991","AQS"
"01/14/2014","35","","Georgia Station","13-231-9991","AQS"
"01/15/2014","31","","Georgia Station","13-231-9991","AQS"
"01/16/2014","32","","Georgia Station","13-231-9991","AQS"
"01/17/2014","35","","Georgia Station","13-231-9991","AQS"
"01/18/2014","34","","Georgia Station","13-231-9991","AQS"
"01/19/2014","33","","Georgia Station","13-231-9991","AQS"
"01/20/2014","39","","Georgia Station","13-231-9991","AQS"
"01/21/2014","28","","South DeKalb","13-089-0002","AQS"
"01/22/2014","33","","Georgia Station","13-231-9991","AQS"
"01/23/2014","33","","Georgia Station","13-231-9991","AQS"
"01/24/2014","27","","Georgia Station","13-231-9991","AQS"
"01/25/2014","35","","Georgia Station","13-231-9991","AQS"
"01/26/2014","35","","Georgia Station","13-231-9991","AQS"
"01/27/2014","42","","Georgia Station","13-231-9991","AQS"
"01/28/2014","23","","South DeKalb","13-089-0002","AQS"
"01/29/2014","31","","Georgia Station","13-231-9991","AQS"
"01/30/2014","33","","South DeKalb","13-089-0002","AQS"
"01/31/2014","41","","Georgia Station","13-231-9991","AQS"
"02/01/2014","33","","Georgia Station","13-231-9991","AQS"
"02/02/2014","30","","Georgia Station","13-231-9991","AQS"
"02/03/2014","23","","Georgia Station","13-231-9991","AQS"
"02/04/2014","13","","South DeKalb","13-089-0002","AQS"
"02/05/2014","28","","Georgia Station","13-231-9991","AQS"
"02/06/2014","28","","Georgia Station","13-231-9991","AQS"
"02/07/2014","37","","Georgia Station","13-231-9991","AQS"
"02/08/2014","42","","Georgia Station","13-231-9991","AQS"
"02/09/2014","43","","Georgia Station","13-231-9991","AQS"
"02/10/2014","24","","Georgia Station","13-231-9991","AQS"
"02/11/2014","25","","Georgia Station","13-231-9991","AQS"
"02/12/2014","29","","South DeKalb","13-089-0002","AQS"
"02/13/2014","33","","South DeKalb","13-089-0002","AQS"
"02/14/2014","38","","South DeKalb","13-089-0002","AQS"
"02/15/2014","41","","Georgia Station","13-231-9991","AQS"
"02/16/2014","44","","Georgia Station","13-231-9991","AQS"
"02/17/2014","49","","Georgia Station","13-231-9991","AQS"
"02/18/2014","39","","Georgia Station","13-231-9991","AQS"
"02/19/2014","39","","Georgia Station","13-231-9991","AQS"
"02/20/2014","34","","Georgia Station","13-231-9991","AQS"
"02/21/2014","40","","Georgia Station","13-231-9991","AQS"
"02/22/2014","40","","Georgia Station","13-231-9991","AQS"
"02/23/2014","43","","South DeKalb","13-089-0002","AQS"
"02/24/2014","43","","Georgia Station","13-231-9991","AQS"
"02/25/2014","42","","Georgia Station","13-231-9991","AQS"
"02/26/2014","33","","Georgia Station","13-231-9991","AQS"
"02/27/2014","41","","Georgia Station","13-231-9991","AQS"
"02/28/2014","41","","South DeKalb","13-089-0002","AQS"
"03/01/2014","49","","Georgia Station","13-231-9991","AQS"
"03/02/2014","64","","Georgia Station","13-231-9991","AQS"
"03/03/2014","38","","Georgia Station","13-231-9991","AQS"
"03/04/2014","35","","Dawsonville","13-085-0001","AQS"
"03/05/2014","37","","Georgia Station","13-231-9991","AQS"
"03/06/2014","31","","Dawsonville","13-085-0001","AQS"
"03/07/2014","40","","Georgia Station","13-231-9991","AQS"
"03/08/2014","51","","Douglasville","13-097-0004","AQS"
"03/09/2014","61","","Georgia Station","13-231-9991","AQS"
"03/10/2014","58","","Dawsonville","13-085-0001","AQS"
"03/11/2014","77","","Georgia Station","13-231-9991","AQS"
"03/12/2014","42","","Douglasville","13-097-0004","AQS"
"03/13/2014","48","","Douglasville","13-097-0004","AQS"
"03/14/2014","74","","Georgia Station","13-231-9991","AQS"
"03/15/2014","54","","Douglasville","13-097-0004","AQS"
"03/16/2014","39","","Douglasville","13-097-0004","AQS"
"03/17/2014","35","","Georgia Station","13-231-9991","AQS"
"03/18/2014","31","","Dawsonville","13-085-0001","AQS"
"03/19/2014","36","","Douglasville","13-097-0004","AQS"
"03/20/2014","47","","Douglasville","13-097-0004","AQS"
"03/21/2014","80","","Georgia Station","13-231-9991","AQS"
"03/22/2014","93","","Conyers","13-247-0001","AQS"
"03/23/2014","44","","Georgia Station","13-231-9991","AQS"
"03/24/2014","46","","Georgia Station","13-231-9991","AQS"
"03/25/2014","43","","Douglasville","13-097-0004","AQS"
"03/26/2014","47","","Dawsonville","13-085-0001","AQS"
"03/27/2014","80","","Dawsonville","13-085-0001","AQS"
"03/28/2014","37","","Yorkville, King Farm","13-223-0003","AQS"
"03/29/2014","38","","Douglasville","13-097-0004","AQS"
"03/30/2014","44","","Dawsonville","13-085-0001","AQS"
"03/31/2014","51","","Georgia Station","13-231-9991","AQS"
"04/01/2014","77","","Georgia Station","13-231-9991","AQS"
"04/02/2014","71","","Dawsonville","13-085-0001","AQS"
"04/03/2014","49","","Georgia Station","13-231-9991","AQS"
"04/04/2014","46","","Georgia Station","13-231-9991","AQS"
"04/05/2014","50","","Georgia Station","13-231-9991","AQS"
"04/06/2014","42","","Dawsonville","13-085-0001","AQS"
"04/07/2014","38","","Douglasville","13-097-0004","AQS"
"04/08/2014","51","","Douglasville","13-097-0004","AQS"
"04/09/2014","54","","Douglasville","13-097-0004","AQS"
"04/10/2014","71","","Dawsonville","13-085-0001","AQS"
"04/11/2014","77","","Dawsonville","13-085-0001","AQS"
"04/12/2014","87","","Dawsonville","13-085-0001","AQS"
"04/13/2014","50","","Dawsonville","13-085-0001","AQS"
"04/14/2014","34","","Douglasville","13-097-0004","AQS"
"04/15/2014","39","","Douglasville","13-097-0004","AQS"
"04/16/2014","46","","Dawsonville","13-085-0001","AQS"
"04/17/2014","51","","Dawsonville","13-085-0001","AQS"
"04/18/2014","46","","Dawsonville","13-085-0001","AQS"
"04/19/2014","49","","Douglasville","13-097-0004","AQS"
"04/20/2014","80","","Douglasville","13-097-0004","AQS"
"04/21/2014","97","","Conyers","13-247-0001","AQS"
"04/22/2014","44","","Georgia Station","13-231-9991","AQS"
"04/23/2014","84","","Georgia Station","13-231-9991","AQS"
"04/24/2014","93","","Dawsonville","13-085-0001","AQS"
"04/25/2014","51","","Conyers","13-247-0001","AQS"
"04/26/2014","74","","Georgia Station","13-231-9991","AQS"
"04/27/2014","51","","Dawsonville","13-085-0001","AQS"
"04/28/2014","27","","Dawsonville","13-085-0001","AQS"
"04/29/2014","35","","Douglasville","13-097-0004","AQS"
"04/30/2014","45","","Georgia Station","13-231-9991","AQS"
"05/01/2014","43","","Douglasville","13-097-0004","AQS"
"05/02/2014","64","","Conyers","13-247-0001","AQS"
"05/03/2014","67","","Conyers","13-247-0001","AQS"
"05/04/2014","84","","Conyers","13-247-0001","AQS"
"05/05/2014","84","","Conyers","13-247-0001","AQS"
"05/06/2014","105","","Gwinnett","13-135-0002","AQS"
"05/07/2014","101","","Dawsonville","13-085-0001","AQS"
"05/08/2014","100","","Dawsonville","13-085-0001","AQS"
"05/09/2014","39","","Conyers","13-247-0001","AQS"
"05/10/2014","34","","Georgia Station","13-231-9991","AQS"
"05/11/2014","47","","Gwinnett","13-135-0002","AQS"
"05/12/2014","48","","Dawsonville","13-085-0001","AQS"
"05/13/2014","54","","Conyers","13-247-0001","AQS"
"05/14/2014","34","","Conyers","13-247-0001","AQS"
"05/15/2014","34","","Douglasville","13-097-0004","AQS"
"05/16/2014","58","","Douglasville","13-097-0004","AQS"
"05/17/2014","49","","United Avenue","13-121-0055","AQS"
"05/18/2014","45","","Georgia Station","13-231-9991","AQS"
"05/19/2014","47","","Douglasville","13-097-0004","AQS"
"05/20/2014","58","","Dawsonville","13-085-0001","AQS"
"05/21/2014","71","","Douglasville","13-097-0004","AQS"
"05/22/2014","64","","Conyers","13-247-0001","AQS"
"05/23/2014","84","","Conyers","13-247-0001","AQS"
"05/24/2014","74","","McDonough","13-151-0002","AQS"
"05/25/2014","71","","South DeKalb","13-089-0002","AQS"
"05/26/2014","45","","South DeKalb","13-089-0002","AQS"
"05/27/2014","71","","Gwinnett","13-135-0002","AQS"
"05/28/2014","49","","Dawsonville","13-085-0001","AQS"
"05/29/2014","39","","Gwinnett","13-135-0002","AQS"
"05/30/2014","47","","Douglasville","13-097-0004","AQS"
"05/31/2014","71","","Douglasville","13-097-0004","AQS"
"06/01/2014","41","","Douglasville","13-097-0004","AQS"
"06/02/2014","49","","Douglasville","13-097-0004","AQS"
"06/03/2014","48","","Conyers","13-247-0001","AQS"
"06/04/2014","42","","Conyers","13-247-0001","AQS"
"06/05/2014","50","","Conyers","13-247-0001","AQS"
"06/06/2014","36","","United Avenue","13-121-0055","AQS"
"06/07/2014","74","","McDonough","13-151-0002","AQS"
"06/08/2014","37","","Gwinnett","13-135-0002","AQS"
"06/09/2014","44","","Gwinnett","13-135-0002","AQS"
"06/10/2014","29","","Dawsonville","13-085-0001","AQS"
"06/11/2014","38","","Georgia Station","13-231-9991","AQS"
"06/12/2014","43","","Conyers","13-247-0001","AQS"
"06/13/2014","38","","Gwinnett","13-135-0002","AQS"
"06/14/2014","87","","Conyers","13-247-0001","AQS"
"06/15/2014","54","","United Avenue","13-121-0055","AQS"
"06/16/2014","136","","Conyers","13-247-0001","AQS"
"06/17/2014","108","","United Avenue","13-121-0055","AQS"
"06/18/2014","108","","United Avenue","13-121-0055","AQS"
"06/19/2014","129","","Conyers","13-247-0001","AQS"
"06/20/2014","67","","McDonough","13-151-0002","AQS"
"06/21/2014","44","","Conyers","13-247-0001","AQS"
"06/22/2014","67","","McDonough","13-151-0002","AQS"
"06/23/2014","58","","United Avenue","13-121-0055","AQS"
"06/24/2014","40","","Gwinnett","13-135-0002","AQS"
"06/25/2014","49","","Conyers","13-247-0001","AQS"
"06/26/2014","44","","Conyers","13-247-0001","AQS"
"06/27/2014","48","","Conyers","13-247-0001","AQS"
"06/28/2014","35","","McDonough","13-151-0002","AQS"
"06/29/2014","44","","United Avenue","13-121-0055","AQS"
"06/30/2014","31","","Gwinnett","13-135-0002","AQS"
"07/01/2014","61","","Conyers","13-247-0001","AQS"
"07/02/2014","122","","McDonough","13-151-0002","AQS"
"07/03/2014","74","","Conyers","13-247-0001","AQS"
"07/04/2014","54","","Georgia Station","13-231-9991","AQS"
"07/05/2014","49","","Douglasville","13-097-0004","AQS"
"07/06/2014","50","","Douglasville","13-097-0004","AQS"
"07/07/2014","54","","Gwinnett","13-135-0002","AQS"
"07/08/2014","44","","Georgia Station","13-231-9991","AQS"
"07/09/2014","51","","Gwinnett","13-135-0002","AQS"
"07/10/2014","48","","Gwinnett","13-135-0002","AQS"
"07/11/2014","54","","Douglasville","13-097-0004","AQS"
"07/12/2014","47","","Yorkville, King Farm","13-223-0003","AQS"
"07/13/2014","64","","United Avenue","13-121-0055","AQS"
"07/14/2014","43","","Georgia Station","13-231-9991","AQS"
"07/15/2014","47","","Conyers","13-247-0001","AQS"
"07/16/2014","77","","McDonough","13-151-0002","AQS"
"07/17/2014","126","","Douglasville","13-097-0004","AQS"
"07/18/2014","51","","Georgia Station","13-231-9991","AQS"
"07/19/2014","34","","Gwinnett","13-135-0002","AQS"
"07/20/2014","24","","Dawsonville","13-085-0001","AQS"
"07/21/2014","34","","United Avenue","13-121-0055","AQS"
"07/22/2014","36","","Yorkville, King Farm","13-223-0003","AQS"
"07/23/2014","46","","United Avenue","13-121-0055","AQS"
"07/24/2014","38","","Gwinnett","13-135-0002","AQS"
"07/25/2014","61","","Conyers","13-247-0001","AQS"
"07/26/2014","80","","Gwinnett","13-135-0002","AQS"
"07/27/2014","41","","Newnan","13-077-0002","AQS"
"07/28/2014","45","","Georgia Station","13-231-9991","AQS"
"07/29/2014","51","","Conyers","13-247-0001","AQS"
"07/30/2014","108","","Newnan","13-077-0002","AQS"
"07/31/2014","61","","Newnan","13-077-0002","AQS"
"08/01/2014","46","","Douglasville","13-097-0004","AQS"
"08/02/2014","51","","Douglasville","13-097-0004","AQS"
"08/03/2014","67","","Newnan","13-077-0002","AQS"
"08/04/2014","93","","Newnan","13-077-0002","AQS"
"08/05/2014","112","","McDonough","13-151-0002","AQS"
"08/06/2014","122","","Conyers","13-247-0001","AQS"
"08/07/2014","150","","Conyers","13-247-0001","AQS"
"08/08/2014","44","","United Avenue","13-121-0055","AQS"
"08/09/2014","47","","South DeKalb","13-089-0002","AQS"
"08/10/2014","35","","Kennesaw","13-067-0003","AQS"
"08/11/2014","36","","Gwinnett","13-135-0002","AQS"
"08/12/2014","46","","Gwinnett","13-135-0002","AQS"
"08/13/2014","74","","Conyers","13-247-0001","AQS"
"08/14/2014","108","","Douglasville","13-097-0004","AQS"
"08/15/2014","159","","McDonough","13-151-0002","AQS"
"08/16/2014","87","","Conyers","13-247-0001","AQS"
"08/17/2014","42","","Gwinnett","13-135-0002","AQS"
"08/18/2014","35","","Conyers","13-247-0001","AQS"
"08/19/2014","37","","Newnan","13-077-0002","AQS"
"08/20/2014","39","","Conyers","13-247-0001","AQS"
"08/21/2014","50","","McDonough","13-151-0002","AQS"
"08/22/2014","58","","McDonough","13-151-0002","AQS"
"08/23/2014","46","","McDonough","13-151-0002","AQS"
"08/24/2014","41","","Douglasville","13-097-0004","AQS"
"08/25/2014","44","","Douglasville","13-097-0004","AQS"
"08/26/2014","61","","United Avenue","13-121-0055","AQS"
"08/27/2014","108","","Georgia Station","13-231-9991","AQS"
"08/28/2014","108","","Kennesaw","13-067-0003","AQS"
"08/29/2014","119","","Kennesaw","13-067-0003","AQS"
"08/30/2014","45","","Kennesaw","13-067-0003","AQS"
"08/31/2014","31","","Gwinnett","13-135-0002","AQS"
"09/01/2014","34","","Gwinnett","13-135-0002","AQS"
"09/02/2014","41","","Conyers","13-247-0001","AQS"
"09/03/2014","41","","Gwinnett","13-135-0002","AQS"
"09/04/2014","41","","Douglasville","13-097-0004","AQS"
"09/05/2014","43","","Douglasville","13-097-0004","AQS"
"09/06/2014","44","","Kennesaw","13-067-0003","AQS"
"09/07/2014","44","","Newnan","13-077-0002","AQS"
"09/08/2014","39","","Douglasville","13-097-0004","AQS"
"09/09/2014","58","","Kennesaw","13-067-0003","AQS"
"09/10/2014","37","","Kennesaw","13-067-0003","AQS"
"09/11/2014","36","","Gwinnett","13-135-0002","AQS"
"09/12/2014","45","","Gwinnett","13-135-0002","AQS"
"09/13/2014","41","","McDonough","13-151-0002","AQS"
"09/14/2014","28","","Newnan","13-077-0002","AQS"
"09/15/2014","25","","United Avenue","13-121-0055","AQS"
"09/16/2014","45","","Conyers","13-247-0001","AQS"
"09/17/2014","51","","Conyers","13-247-0001","AQS"
"09/18/2014","74","","United Avenue","13-121-0055","AQS"
"09/19/2014","46","","Yorkville, King Farm","13-223-0003","AQS"
"09/20/2014","45","","Douglasville","13-097-0004","AQS"
"09/21/2014","50","","Conyers","13-247-0001","AQS"
"09/22/2014","43","","Georgia Station","13-231-9991","AQS"
"09/23/2014","41","","Douglasville","13-097-0004","AQS"
"09/24/2014","47","","Newnan","13-077-0002","AQS"
"09/25/2014","39","","Yorkville, King Farm","13-223-0003","AQS"
"09/26/2014","26","","Yorkville, King Farm","13-223-0003","AQS"
"09/27/2014","33","","Yorkville, King Farm","13-223-0003","AQS"
"09/28/2014","31","","Kennesaw","13-067-0003","AQS"
"09/29/2014","24","","Gwinnett","13-135-0002","AQS"
"09/30/2014","43","","Douglasville","13-097-0004","AQS"
"10/01/2014","51","","Kennesaw","13-067-0003","AQS"
"10/02/2014","43","","Conyers","13-247-0001","AQS"
"10/03/2014","37","","Yorkville, King Farm","13-223-0003","AQS"
"10/04/2014","31","","Newnan","13-077-0002","AQS"
"10/05/2014","37","","Conyers","13-247-0001","AQS"
"10/06/2014","47","","Georgia Station","13-231-9991","AQS"
"10/07/2014","47","","Georgia Station","13-231-9991","AQS"
"10/08/2014","42","","Conyers","13-247-0001","AQS"
"10/09/2014","47","","Gwinnett","13-135-0002","AQS"
"10/10/2014","44","","Georgia Station","13-231-9991","AQS"
"10/11/2014","30","","Georgia Station","13-231-9991","AQS"
"10/12/2014","35","","Conyers","13-247-0001","AQS"
"10/13/2014","34","","Georgia Station","13-231-9991","AQS"
"10/14/2014","27","","Yorkville, King Farm","13-223-0003","AQS"
"10/15/2014","33","","Georgia Station","13-231-9991","AQS"
"10/16/2014","34","","Georgia Station","13-231-9991","AQS"
"10/17/2014","47","","Dawsonville","13-085-0001","AQS"
"10/18/2014","42","","Georgia Station","13-231-9991","AQS"
"10/19/2014","34","","Newnan","13-077-0002","AQS"
"10/20/2014","40","","Dawsonville","13-085-0001","AQS"
"10/21/2014","44","","Georgia Station","13-231-9991","AQS"
"10/22/2014","33","","Newnan","13-077-0002","AQS"
"10/23/2014","34","","Georgia Station","13-231-9991","AQS"
"10/24/2014","44","","Georgia Station","13-231-9991","AQS"
"10/25/2014","45","","Georgia Station","13-231-9991","AQS"
"10/26/2014","45","","McDonough","13-151-0002","AQS"
"10/27/2014","64","","Gwinnett","13-135-0002","AQS"
"10/28/2014","44","","Dawsonville","13-085-0001","AQS"
"10/29/2014","31","","Georgia Station","13-231-9991","AQS"
"10/30/2014","40","","Georgia Station","13-231-9991","AQS"
"10/31/2014","35","","Georgia Station","13-231-9991","AQS"
"11/01/2014","24","","Georgia Station","13-231-9991","AQS"
"11/02/2014","36","","Georgia Station","13-231-9991","AQS"
"11/03/2014","43","","Georgia Station","13-231-9991","AQS"
"11/04/2014","44","","Georgia Station","13-231-9991","AQS"
"11/05/2014","38","","Georgia Station","13-231-9991","AQS"
"11/06/2014","38","","Georgia Station","13-231-9991","AQS"
"11/07/2014","33","","Georgia Station","13-231-9991","AQS"
"11/08/2014","32","","Georgia Station","13-231-9991","AQS"
"11/09/2014","41","","Georgia Station","13-231-9991","AQS"
"11/10/2014","47","","Georgia Station","13-231-9991","AQS"
"11/11/2014","45","","Georgia Station","13-231-9991","AQS"
"11/12/2014","32","","Georgia Station","13-231-9991","AQS"
"11/13/2014","17","","Georgia Station","13-231-9991","AQS"
"11/14/2014","25","","Georgia Station","13-231-9991","AQS"
"11/15/2014","28","","Georgia Station","13-231-9991","AQS"
"11/16/2014","27","","Georgia Station","13-231-9991","AQS"
"11/17/2014","30","","Georgia Station","13-231-9991","AQS"
"11/18/2014","34","","Georgia Station","13-231-9991","AQS"
"11/19/2014","40","","Georgia Station","13-231-9991","AQS"
"11/20/2014","45","","Georgia Station","13-231-9991","AQS"
"11/21/2014","43","","Georgia Station","13-231-9991","AQS"
"11/22/2014","39","","Georgia Station","13-231-9991","AQS"
"11/23/2014","33","","Georgia Station","13-231-9991","AQS"
"11/24/2014","35","","Georgia Station","13-231-9991","AQS"
"11/25/2014","27","","Georgia Station","13-231-9991","AQS"
"11/26/2014","36","","Georgia Station","13-231-9991","AQS"
"11/27/2014","31","","Georgia Station","13-231-9991","AQS"
"11/28/2014","34","","Georgia Station","13-231-9991","AQS"
"11/29/2014","35","","Georgia Station","13-231-9991","AQS"
"11/30/2014","37","","Georgia Station","13-231-9991","AQS"
"12/01/2014","34","","Georgia Station","13-231-9991","AQS"
"12/02/2014","36","","Georgia Station","13-231-9991","AQS"
"12/03/2014","31","","Georgia Station","13-231-9991","AQS"
"12/04/2014","31","","Georgia Station","13-231-9991","AQS"
"12/05/2014","21","","Georgia Station","13-231-9991","AQS"
"12/06/2014","22","","Georgia Station","13-231-9991","AQS"
"12/07/2014","31","","Georgia Station","13-231-9991","AQS"
"12/08/2014","31","","Georgia Station","13-231-9991","AQS"
"12/09/2014","31","","Georgia Station","13-231-9991","AQS"
"12/10/2014","20","","Georgia Station","13-231-9991","AQS"
"12/11/2014","31","","Georgia Station","13-231-9991","AQS"
"12/12/2014","37","","Georgia Station","13-231-9991","AQS"
"12/13/2014","37","","Georgia Station","13-231-9991","AQS"
"12/14/2014","30","","Georgia Station","13-231-9991","AQS"
"12/15/2014","36","","Georgia Station","13-231-9991","AQS"
"12/16/2014","33","","Georgia Station","13-231-9991","AQS"
"12/17/2014","23","","Georgia Station","13-231-9991","AQS"
"12/18/2014","20","","Georgia Station","13-231-9991","AQS"
"12/19/2014","29","","Georgia Station","13-231-9991","AQS"
"12/20/2014","20","","Georgia Station","13-231-9991","AQS"
"12/21/2014","22","","Georgia Station","13-231-9991","AQS"
"12/22/2014","19","","Georgia Station","13-231-9991","AQS"
"12/23/2014","27","","Georgia Station","13-231-9991","AQS"
"12/24/2014","25","","Georgia Station","13-231-9991","AQS"
"12/25/2014","26","","Georgia Station","13-231-9991","AQS"
"12/26/2014","33","","Georgia Station","13-231-9991","AQS"
"12/27/2014","31","","Georgia Station","13-231-9991","AQS"
"12/28/2014","25","","Georgia Station","13-231-9991","AQS"
"12/29/2014","29","","Georgia Station","13-231-9991","AQS"
"12/30/2014","16","","Georgia Station","13-231-9991","AQS"
"12/31/2014","21","","Georgia Station","13-231-9991","AQS"
"01/01/2015","31","","Georgia Station","13-231-9991","AQS"
"01/02/2015","18","","South DeKalb","13-089-0002","AQS"
"01/03/2015","20","","Georgia Station","13-231-9991","AQS"
"01/04/2015","29","","Georgia Station","13-231-9991","AQS"
"01/05/2015","29","","Georgia Station","13-231-9991","AQS"
"01/06/2015","32","","Georgia Station","13-231-9991","AQS"
"01/07/2015","30","","Georgia Station","13-231-9991","AQS"
"01/08/2015","30","","Georgia Station","13-231-9991","AQS"
"01/09/2015","31","","Georgia Station","13-231-9991","AQS"
"01/10/2015","34","","Georgia Station","13-231-9991","AQS"
"01/11/2015","33","","Georgia Station","13-231-9991","AQS"
"01/12/2015","19","","Georgia Station","13-231-9991","AQS"
"01/13/2015","14","","Georgia Station","13-231-9991","AQS"
"01/14/2015","12","","Georgia Station","13-231-9991","AQS"
"01/15/2015","14","","Georgia Station","13-231-9991","AQS"
"01/16/2015","32","","Georgia Station","13-231-9991","AQS"
"01/17/2015","37","","Georgia Station","13-231-9991","AQS"
"01/18/2015","40","","Georgia Station","13-231-9991","AQS"
"01/19/2015","44","","Georgia Station","13-231-9991","AQS"
"01/20/2015","58","","Georgia Station","13-231-9991","AQS"
"01/21/2015","43","","Georgia Station","13-231-9991","AQS"
"01/22/2015","34","","Georgia Station","13-231-9991","AQS"
"01/23/2015","31","","Georgia Station","13-231-9991","AQS"
"01/24/2015","34","","Georgia Station","13-231-9991","AQS"
"01/25/2015","40","","Georgia Station","13-231-9991","AQS"
"01/26/2015","27","","Georgia Station","13-231-9991","AQS"
"01/27/2015","31","","Georgia Station","13-231-9991","AQS"
"01/28/2015","30","","Georgia Station","13-231-9991","AQS"
"01/29/2015","40","","Georgia Station","13-231-9991","AQS"
"01/30/2015","31","","Georgia Station","13-231-9991","AQS"
"01/31/2015","42","","Georgia Station","13-231-9991","AQS"
"02/01/2015","34","","Georgia Station","13-231-9991","AQS"
"02/02/2015","28","","Georgia Station","13-231-9991","AQS"
"02/03/2015","34","","Georgia Station","13-231-9991","AQS"
"02/04/2015","32","","Georgia Station","13-231-9991","AQS"
"02/05/2015","34","","Georgia Station","13-231-9991","AQS"
"02/06/2015","44","","Georgia Station","13-231-9991","AQS"
"02/07/2015","49","","Georgia Station","13-231-9991","AQS"
"02/08/2015","43","","Georgia Station","13-231-9991","AQS"
"02/09/2015","34","","Georgia Station","13-231-9991","AQS"
"02/10/2015","28","","Georgia Station","13-231-9991","AQS"
"02/11/2015","38","","Georgia Station","13-231-9991","AQS"
"02/12/2015","35","","Georgia Station","13-231-9991","AQS"
"02/13/2015","39","","Georgia Station","13-231-9991","AQS"
"02/14/2015","45","","Georgia Station","13-231-9991","AQS"
"02/15/2015","39","","Georgia Station","13-231-9991","AQS"
"02/16/2015","34","","Georgia Station","13-231-9991","AQS"
"02/17/2015","35","","Georgia Station","13-231-9991","AQS"
"02/18/2015","38","","Georgia Station","13-231-9991","AQS"
"02/19/2015","37","","Georgia Station","13-231-9991","AQS"
"02/20/2015","34","","Georgia Station","13-231-9991","AQS"
"02/21/2015","44","","Georgia Station","13-231-9991","AQS"
"02/22/2015","31","","Georgia Station","13-231-9991","AQS"
"02/23/2015","31","","Georgia Station","13-231-9991","AQS"
"02/24/2015","20","","Georgia Station","13-231-9991","AQS"
"02/25/2015","20","","Georgia Station","13-231-9991","AQS"
"02/26/2015","35","","Georgia Station","13-231-9991","AQS"
"02/27/2015","40","","Georgia Station","13-231-9991","AQS"
"02/28/2015","44","","Georgia Station","13-231-9991","AQS"
"03/01/2015","34","","Georgia Station","13-231-9991","AQS"
"03/02/2015","31","","Dawsonville","13-085-0001","AQS"
"03/03/2015","27","","Dawsonville","13-085-0001","AQS"
"03/04/2015","25","","Georgia Station","13-231-9991","AQS"
"03/05/2015","36","","Yorkville, King Farm","13-223-0003","AQS"
"03/06/2015","38","","Dawsonville","13-085-0001","AQS"
"03/07/2015","49","","Georgia Station","13-231-9991","AQS"
"03/08/2015","54","","Georgia Station","13-231-9991","AQS"
"03/09/2015","51","","Dawsonville","13-085-0001","AQS"
"03/10/2015","34","","Georgia Station","13-231-9991","AQS"
"03/11/2015","25","","Yorkville, King Farm","13-223-0003","AQS"
"03/12/2015","42","","Dawsonville","13-085-0001","AQS"
"03/13/2015","42","","Dawsonville","13-085-0001","AQS"
"03/14/2015","30","","Georgia Station","13-231-9991","AQS"
"03/15/2015","46","","Georgia Station","13-231-9991","AQS"
"03/16/2015","54","","Georgia Station","13-231-9991","AQS"
"03/17/2015","47","","Dawsonville","13-085-0001","AQS"
"03/18/2015","61","","McDonough","13-151-0002","AQS"
"03/19/2015","37","","Dawsonville","13-085-0001","AQS"
"03/20/2015","29","","Dawsonville","13-085-0001","AQS"
"03/21/2015","44","","Gwinnett","13-135-0002","AQS"
"03/22/2015","40","","Yorkville, King Farm","13-223-0003","AQS"
"03/23/2015","45","","Dawsonville","13-085-0001","AQS"
"03/24/2015","48","","Dawsonville","13-085-0001","AQS"
"03/25/2015","40","","Yorkville, King Farm","13-223-0003","AQS"
"03/26/2015","46","","Dawsonville","13-085-0001","AQS"
"03/27/2015","40","","Georgia Station","13-231-9991","AQS"
"03/28/2015","45","","Georgia Station","13-231-9991","AQS"
"03/29/2015","54","","Dawsonville","13-085-0001","AQS"
"03/30/2015","44","","Georgia Station","13-231-9991","AQS"
"03/31/2015","47","","Dawsonville","13-085-0001","AQS"
"04/01/2015","67","","Conyers","13-247-0001","AQS"
"04/02/2015","39","","Dawsonville","13-085-0001","AQS"
"04/03/2015","44","","Dawsonville","13-085-0001","AQS"
"04/04/2015","44","","Georgia Station","13-231-9991","AQS"
"04/05/2015","46","","Georgia Station","13-231-9991","AQS"
"04/06/2015","38","","Georgia Station","13-231-9991","AQS"
"04/07/2015","39","","Dawsonville","13-085-0001","AQS"
"04/08/2015","46","","Dawsonville","13-085-0001","AQS"
"04/09/2015","44","","Georgia Station","13-231-9991","AQS"
"04/10/2015","35","","Dawsonville","13-085-0001","AQS"
"04/11/2015","58","","McDonough","13-151-0002","AQS"
"04/12/2015","44","","Dawsonville","13-085-0001","AQS"
"04/13/2015","30","","Kennesaw","13-067-0003","AQS"
"04/14/2015","38","","Dawsonville","13-085-0001","AQS"
"04/15/2015","31","","Douglasville","13-097-0004","AQS"
"04/16/2015","32","","Dawsonville","13-085-0001","AQS"
"04/17/2015","21","","Dawsonville","13-085-0001","AQS"
"04/18/2015","31","","Dawsonville","13-085-0001","AQS"
"04/19/2015","32","","Georgia Station","13-231-9991","AQS"
"04/20/2015","50","","Yorkville, King Farm","13-223-0003","AQS"
"04/21/2015","46","","Dawsonville","13-085-0001","AQS"
"04/22/2015","58","","Georgia Station","13-231-9991","AQS"
"04/23/2015","47","","Georgia Station","13-231-9991","AQS"
"04/24/2015","93","","Dawsonville","13-085-0001","AQS"
"04/25/2015","35","","Georgia Station","13-231-9991","AQS"
"04/26/2015","47","","Georgia Station","13-231-9991","AQS"
"04/27/2015","50","","United Avenue","13-121-0055","AQS"
"04/28/2015","51","","Dawsonville","13-085-0001","AQS"
"04/29/2015","43","","Douglasville","13-097-0004","AQS"
"04/30/2015","61","","United Avenue","13-121-0055","AQS"
"05/01/2015","58","","Georgia Station","13-231-9991","AQS"
"05/02/2015","87","","Gwinnett","13-135-0002","AQS"
"05/03/2015","100","","Dawsonville","13-085-0001","AQS"
"05/04/2015","101","","Dawsonville","13-085-0001","AQS"
"05/05/2015","67","","Yorkville, King Farm","13-223-0003","AQS"
"05/06/2015","90","","Yorkville, King Farm","13-223-0003","AQS"
"05/07/2015","112","","Douglasville","13-097-0004","AQS"
"05/08/2015","161","","Georgia Station","13-231-9991","AQS"
"05/09/2015","100","","Douglasville","13-097-0004","AQS"
"05/10/2015","90","","United Avenue","13-121-0055","AQS"
"05/11/2015","61","","Gwinnett","13-135-0002","AQS"
"05/12/2015","47","","Gwinnett","13-135-0002","AQS"
"05/13/2015","147","","McDonough","13-151-0002","AQS"
"05/14/2015","84","","Kennesaw","13-067-0003","AQS"
"05/15/2015","54","","Kennesaw","13-067-0003","AQS"
"05/16/2015","61","","Kennesaw","13-067-0003","AQS"
"05/17/2015","44","","McDonough","13-151-0002","AQS"
"05/18/2015","31","","United Avenue","13-121-0055","AQS"
"05/19/2015","45","","Conyers","13-247-0001","AQS"
"05/20/2015","80","","Conyers","13-247-0001","AQS"
"05/21/2015","46","","Conyers","13-247-0001","AQS"
"05/22/2015","84","","United Avenue","13-121-0055","AQS"
"05/23/2015","84","","Yorkville, King Farm","13-223-0003","AQS"
"05/24/2015","46","","Georgia Station","13-231-9991","AQS"
"05/25/2015","38","","Kennesaw","13-067-0003","AQS"
"05/26/2015","29","","Georgia Station","13-231-9991","AQS"
"05/27/2015","44","","Dawsonville","13-085-0001","AQS"
"05/28/2015","31","","Kennesaw","13-067-0003","AQS"
"05/29/2015","42","","Georgia Station","13-231-9991","AQS"
"05/30/2015","44","","Kennesaw","13-067-0003","AQS"
"05/31/2015","31","","Kennesaw","13-067-0003","AQS"
"06/01/2015","39","","Dawsonville","13-085-0001","AQS"
"06/02/2015","61","","Conyers","13-247-0001","AQS"
"06/03/2015","44","","Yorkville, King Farm","13-223-0003","AQS"
"06/04/2015","44","","Kennesaw","13-067-0003","AQS"
"06/05/2015","105","","United Avenue","13-121-0055","AQS"
"06/06/2015","90","","Georgia Station","13-231-9991","AQS"
"06/07/2015","87","","Kennesaw","13-067-0003","AQS"
"06/08/2015","49","","Gwinnett","13-135-0002","AQS"
"06/09/2015","43","","Gwinnett","13-135-0002","AQS"
"06/10/2015","90","","Kennesaw","13-067-0003","AQS"
"06/11/2015","54","","Gwinnett","13-135-0002","AQS"
"06/12/2015","38","","Gwinnett","13-135-0002","AQS"
"06/13/2015","42","","Conyers","13-247-0001","AQS"
"06/14/2015","42","","Gwinnett","13-135-0002","AQS"
"06/15/2015","77","","South DeKalb","13-089-0002","AQS"
"06/16/2015","74","","Conyers","13-247-0001","AQS"
"06/17/2015","90","","Gwinnett","13-135-0002","AQS"
"06/18/2015","48","","South DeKalb","13-089-0002","AQS"
"06/19/2015","43","","Gwinnett","13-135-0002","AQS"
"06/20/2015","34","","Dawsonville","13-085-0001","AQS"
"06/21/2015","41","","Conyers","13-247-0001","AQS"
"06/22/2015","80","","McDonough","13-151-0002","AQS"
"06/23/2015","39","","Conyers","13-247-0001","AQS"
"06/24/2015","64","","Gwinnett","13-135-0002","AQS"
"06/25/2015","87","","Conyers","13-247-0001","AQS"
"06/26/2015","61","","Gwinnett","13-135-0002","AQS"
"06/27/2015","32","","Dawsonville","13-085-0001","AQS"
"06/28/2015","61","","Conyers","13-247-0001","AQS"
"06/29/2015","74","","Conyers","13-247-0001","AQS"
"06/30/2015","48","","Gwinnett","13-135-0002","AQS"
"07/01/2015","45","","Gwinnett","13-135-0002","AQS"
"07/02/2015","30","","Gwinnett","13-135-0002","AQS"
"07/03/2015","31","","Dawsonville","13-085-0001","AQS"
"07/04/2015","33","","Dawsonville","13-085-0001","AQS"
"07/05/2015","38","","United Avenue","13-121-0055","AQS"
"07/06/2015","45","","Gwinnett","13-135-0002","AQS"
"07/07/2015","37","","Gwinnett","13-135-0002","AQS"
"07/08/2015","34","","United Avenue","13-121-0055","AQS"
"07/09/2015","54","","Conyers","13-247-0001","AQS"
"07/10/2015","84","","Conyers","13-247-0001","AQS"
"07/11/2015","44","","McDonough","13-151-0002","AQS"
"07/12/2015","43","","United Avenue","13-121-0055","AQS"
"07/13/2015","58","","Conyers","13-247-0001","AQS"
"07/14/2015","43","","Conyers","13-247-0001","AQS"
"07/15/2015","50","","Conyers","13-247-0001","AQS"
"07/16/2015","100","","United Avenue","13-121-0055","AQS"
"07/17/2015","119","","United Avenue","13-121-0055","AQS"
"07/18/2015","122","","United Avenue","13-121-0055","AQS"
"07/19/2015","40","","McDonough","13-151-0002","AQS"
"07/20/2015","54","","Conyers","13-247-0001","AQS"
"07/21/2015","43","","Gwinnett","13-135-0002","AQS"
"07/22/2015","108","","Conyers","13-247-0001","AQS"
"07/23/2015","39","","Conyers","13-247-0001","AQS"
"07/24/2015","51","","McDonough","13-151-0002","AQS"
"07/25/2015","49","","Kennesaw","13-067-0003","AQS"
"07/26/2015","100","","United Avenue","13-121-0055","AQS"
"07/27/2015","105","","United Avenue","13-121-0055","AQS"
"07/28/2015","112","","McDonough","13-151-0002","AQS"
"07/29/2015","93","","Georgia Station","13-231-9991","AQS"
"07/30/2015","101","","United Avenue","13-121-0055","AQS"
"07/31/2015","87","","Douglasville","13-097-0004","AQS"
"08/01/2015","74","","Douglasville","13-097-0004","AQS"
"08/02/2015","90","","Douglasville","13-097-0004","AQS"
"08/03/2015","143","","United Avenue","13-121-0055","AQS"
"08/04/2015","172","","United Avenue","13-121-0055","AQS"
"08/05/2015","129","","Gwinnett","13-135-0002","AQS"
"08/06/2015","44","","Conyers","13-247-0001","AQS"
"08/07/2015","49","","Conyers","13-247-0001","AQS"
"08/08/2015","100","","Douglasville","13-097-0004","AQS"
"08/09/2015","54","","Kennesaw","13-067-0003","AQS"
"08/10/2015","48","","Gwinnett","13-135-0002","AQS"
"08/11/2015","58","","Conyers","13-247-0001","AQS"
"08/12/2015","77","","McDonough","13-151-0002","AQS"
"08/13/2015","54","","Yorkville, King Farm","13-223-0003","AQS"
"08/14/2015","61","","Kennesaw","13-067-0003","AQS"
"08/15/2015","80","","Douglasville","13-097-0004","AQS"
"08/16/2015","48","","Kennesaw","13-067-0003","AQS"
"08/17/2015","29","","United Avenue","13-121-0055","AQS"
"08/18/2015","25","","Yorkville, King Farm","13-223-0003","AQS"
"08/19/2015","28","","Gwinnett","13-135-0002","AQS"
"08/20/2015","33","","United Avenue","13-121-0055","AQS"
"08/21/2015","54","","McDonough","13-151-0002","AQS"
"08/22/2015","97","","United Avenue","13-121-0055","AQS"
"08/23/2015","39","","Conyers","13-247-0001","AQS"
"08/24/2015","58","","McDonough","13-151-0002","AQS"
"08/25/2015","84","","Conyers","13-247-0001","AQS"
"08/26/2015","101","","Newnan","13-077-0002","AQS"
"08/27/2015","64","","Yorkville, King Farm","13-223-0003","AQS"
"08/28/2015","46","","Kennesaw","13-067-0003","AQS"
"08/29/2015","44","","Kennesaw","13-067-0003","AQS"
"08/30/2015","41","","Kennesaw","13-067-0003","AQS"
"08/31/2015","39","","Gwinnett","13-135-0002","AQS"
"09/01/2015","90","","United Avenue","13-121-0055","AQS"
"09/02/2015","101","","United Avenue","13-121-0055","AQS"
"09/03/2015","47","","McDonough","13-151-0002","AQS"
"09/04/2015","93","","United Avenue","13-121-0055","AQS"
"09/05/2015","80","","Douglasville","13-097-0004","AQS"
"09/06/2015","40","","Douglasville","13-097-0004","AQS"
"09/07/2015","34","","Douglasville","13-097-0004","AQS"
"09/08/2015","35","","Yorkville, King Farm","13-223-0003","AQS"
"09/09/2015","31","","Kennesaw","13-067-0003","AQS"
"09/10/2015","37","","Conyers","13-247-0001","AQS"
"09/11/2015","46","","United Avenue","13-121-0055","AQS"
"09/12/2015","36","","United Avenue","13-121-0055","AQS"
"09/13/2015","39","","Georgia Station","13-231-9991","AQS"
"09/14/2015","48","","Yorkville, King Farm","13-223-0003","AQS"
"09/15/2015","58","","Yorkville, King Farm","13-223-0003","AQS"
"09/16/2015","61","","Yorkville, King Farm","13-223-0003","AQS"
"09/17/2015","100","","Douglasville","13-097-0004","AQS"
"09/18/2015","67","","Douglasville","13-097-0004","AQS"
"09/19/2015","97","","United Avenue","13-121-0055","AQS"
"09/20/2015","80","","McDonough","13-151-0002","AQS"
"09/21/2015","33","","Georgia Station","13-231-9991","AQS"
"09/22/2015","38","","Yorkville, King Farm","13-223-0003","AQS"
"09/23/2015","40","","Douglasville","13-097-0004","AQS"
"09/24/2015","44","","Douglasville","13-097-0004","AQS"
"09/25/2015","31","","United Avenue","13-121-0055","AQS"
"09/26/2015","26","","Georgia Station","13-231-9991","AQS"
"09/27/2015","22","","Kennesaw","13-067-0003","AQS"
"09/28/2015","15","","Dawsonville","13-085-0001","AQS"
"09/29/2015","20","","Yorkville, King Farm","13-223-0003","AQS"
"09/30/2015","33","","Conyers","13-247-0001","AQS"
"10/01/2015","20","","Dawsonville","13-085-0001","AQS"
"10/02/2015","15","","Yorkville, King Farm","13-223-0003","AQS"
"10/03/2015","20","","Dawsonville","13-085-0001","AQS"
"10/04/2015","24","","Dawsonville","13-085-0001","AQS"
"10/05/2015","23","","Dawsonville","13-085-0001","AQS"
"10/06/2015","37","","Georgia Station","13-231-9991","AQS"
"10/07/2015","67","","United Avenue","13-121-0055","AQS"
"10/08/2015","47","","Douglasville","13-097-0004","AQS"
"10/09/2015","35","","Dawsonville","13-085-0001","AQS"
"10/10/2015","32","","Georgia Station","13-231-9991","AQS"
"10/11/2015","32","","Douglasville","13-097-0004","AQS"
"10/12/2015","43","","Dawsonville","13-085-0001","AQS"
"10/13/2015","43","","Newnan","13-077-0002","AQS"
"10/14/2015","42","","Georgia Station","13-231-9991","AQS"
"10/15/2015","49","","Georgia Station","13-231-9991","AQS"
"10/16/2015","50","","Georgia Station","13-231-9991","AQS"
"10/17/2015","42","","Georgia Station","13-231-9991","AQS"
"10/18/2015","39","","Georgia Station","13-231-9991","AQS"
"10/19/2015","39","","Dawsonville","13-085-0001","AQS"
"10/20/2015","45","","Dawsonville","13-085-0001","AQS"
"10/21/2015","45","","Dawsonville","13-085-0001","AQS"
"10/22/2015","43","","Dawsonville","13-085-0001","AQS"
"10/23/2015","43","","Dawsonville","13-085-0001","AQS"
"10/24/2015","35","","Kennesaw","13-067-0003","AQS"
"10/25/2015","30","","Dawsonville","13-085-0001","AQS"
"10/26/2015","28","","Georgia Station","13-231-9991","AQS"
"10/27/2015","22","","Dawsonville","13-085-0001","AQS"
"10/28/2015","26","","Georgia Station","13-231-9991","AQS"
"10/29/2015","34","","Georgia Station","13-231-9991","AQS"
"10/30/2015","35","","Dawsonville","13-085-0001","AQS"
"10/31/2015","29","","Dawsonville","13-085-0001","AQS"
"11/01/2015","20","","Georgia Station","13-231-9991","AQS"
"11/02/2015","16","","Georgia Station","13-231-9991","AQS"
"11/03/2015","13","","Georgia Station","13-231-9991","AQS"
"11/04/2015","9","","Georgia Station","13-231-9991","AQS"
"11/05/2015","6","","Georgia Station","13-231-9991","AQS"
"11/06/2015","21","","Georgia Station","13-231-9991","AQS"
"11/07/2015","29","","Georgia Station","13-231-9991","AQS"
"11/08/2015","27","","Georgia Station","13-231-9991","AQS"
"11/09/2015","26","","Georgia Station","13-231-9991","AQS"
"11/10/2015","24","","Georgia Station","13-231-9991","AQS"
"11/11/2015","38","","Georgia Station","13-231-9991","AQS"
"11/12/2015","33","","Georgia Station","13-231-9991","AQS"
"11/13/2015","37","","Georgia Station","13-231-9991","AQS"
"11/14/2015","37","","Georgia Station","13-231-9991","AQS"
"11/15/2015","34","","Georgia Station","13-231-9991","AQS"
"11/16/2015","38","","Georgia Station","13-231-9991","AQS"
"11/17/2015","35","","Georgia Station","13-231-9991","AQS"
"11/18/2015","30","","Georgia Station","13-231-9991","AQS"
"11/19/2015","37","","Georgia Station","13-231-9991","AQS"
"11/20/2015","35","","Georgia Station","13-231-9991","AQS"
"11/21/2015","27","","Georgia Station","13-231-9991","AQS"
"11/22/2015","33","","Georgia Station","13-231-9991","AQS"
"11/23/2015","35","","Georgia Station","13-231-9991","AQS"
"11/24/2015","34","","Georgia Station","13-231-9991","AQS"
"11/25/2015","34","","Georgia Station","13-231-9991","AQS"
"11/26/2015","36","","Georgia Station","13-231-9991","AQS"
"11/27/2015","34","","Georgia Station","13-231-9991","AQS"
"11/28/2015","34","","Georgia Station","13-231-9991","AQS"
"11/29/2015","34","","Georgia Station","13-231-9991","AQS"
"11/30/2015","31","","Georgia Station","13-231-9991","AQS"
"12/01/2015","32","","Georgia Station","13-231-9991","AQS"
"12/02/2015","30","","Georgia Station","13-231-9991","AQS"
"12/03/2015","22","","Georgia Station","13-231-9991","AQS"
"12/04/2015","31","","Georgia Station","13-231-9991","AQS"
"12/05/2015","36","","Georgia Station","13-231-9991","AQS"
"12/06/2015","34","","Georgia Station","13-231-9991","AQS"
"12/07/2015","39","","Georgia Station","13-231-9991","AQS"
"12/08/2015","42","","Georgia Station","13-231-9991","AQS"
"12/09/2015","44","","Georgia Station","13-231-9991","AQS"
"12/10/2015","41","","Georgia Station","13-231-9991","AQS"
"12/11/2015","28","","Georgia Station","13-231-9991","AQS"
"12/12/2015","37","","Georgia Station","13-231-9991","AQS"
"12/13/2015","32","","Georgia Station","13-231-9991","AQS"
"12/14/2015","33","","Georgia Station","13-231-9991","AQS"
"12/15/2015","34","","Georgia Station","13-231-9991","AQS"
"12/16/2015","36","","Georgia Station","13-231-9991","AQS"
"12/17/2015","24","","Georgia Station","13-231-9991","AQS"
"12/18/2015","30","","Georgia Station","13-231-9991","AQS"
"12/19/2015","34","","Georgia Station","13-231-9991","AQS"
"12/20/2015","31","","Georgia Station","13-231-9991","AQS"
"12/21/2015","28","","Georgia Station","13-231-9991","AQS"
"12/22/2015","11","","South DeKalb","13-089-0002","AQS"
"12/23/2015","28","","Georgia Station","13-231-9991","AQS"
"12/24/2015","25","","Georgia Station","13-231-9991","AQS"
"12/25/2015","22","","South DeKalb","13-089-0002","AQS"
"12/26/2015","19","","South DeKalb","13-089-0002","AQS"
"12/27/2015","19","","South DeKalb","13-089-0002","AQS"
"12/28/2015","20","","South DeKalb","13-089-0002","AQS"
"12/29/2015","26","","South DeKalb","13-089-0002","AQS"
"12/30/2015","6","","South DeKalb","13-089-0002","AQS"
"12/31/2015","11","","South DeKalb","13-089-0002","AQS"
"01/01/2016","20","","South DeKalb","13-089-0002","AQS"
"01/02/2016","22","","South DeKalb","13-089-0002","AQS"
"01/03/2016","26","","South DeKalb","13-089-0002","AQS"
"01/04/2016","24","","South DeKalb","13-089-0002","AQS"
"01/05/2016","31","","Georgia Station","13-231-9991","AQS"
"01/06/2016","29","","Georgia Station","13-231-9991","AQS"
"01/07/2016","31","","Georgia Station","13-231-9991","AQS"
"01/08/2016","23","","Georgia Station","13-231-9991","AQS"
"01/09/2016","23","","Georgia Station","13-231-9991","AQS"
"01/10/2016","28","","Georgia Station","13-231-9991","AQS"
"01/11/2016","31","","Georgia Station","13-231-9991","AQS"
"01/12/2016","35","","Georgia Station","13-231-9991","AQS"
"01/13/2016","35","","Georgia Station","13-231-9991","AQS"
"01/14/2016","40","","Georgia Station","13-231-9991","AQS"
"01/15/2016","29","","Georgia Station","13-231-9991","AQS"
"01/16/2016","33","","Georgia Station","13-231-9991","AQS"
"01/17/2016","31","","Georgia Station","13-231-9991","AQS"
"01/18/2016","34","","Georgia Station","13-231-9991","AQS"
"01/19/2016","34","","Georgia Station","13-231-9991","AQS"
"01/20/2016","30","","Georgia Station","13-231-9991","AQS"
"01/21/2016","23","","Georgia Station","13-231-9991","AQS"
"01/22/2016","24","","Georgia Station","13-231-9991","AQS"
"01/23/2016","31","","Georgia Station","13-231-9991","AQS"
"01/24/2016","36","","Georgia Station","13-231-9991","AQS"
"01/25/2016","41","","Georgia Station","13-231-9991","AQS"
"01/26/2016","17","","South DeKalb","13-089-0002","AQS"
"01/27/2016","6","","South DeKalb","13-089-0002","AQS"
"01/28/2016","11","","South DeKalb","13-089-0002","AQS"
"01/29/2016","29","","South DeKalb","13-089-0002","AQS"
"01/30/2016","41","","South DeKalb","13-089-0002","AQS"
"01/31/2016","41","","Georgia Station","13-231-9991","AQS"
"02/01/2016","36","","Georgia Station","13-231-9991","AQS"
"02/02/2016","36","","Georgia Station","13-231-9991","AQS"
"02/03/2016","31","","Georgia Station","13-231-9991","AQS"
"02/04/2016","35","","Georgia Station","13-231-9991","AQS"
"02/05/2016","35","","Georgia Station","13-231-9991","AQS"
"02/06/2016","40","","Georgia Station","13-231-9991","AQS"
"02/07/2016","43","","Georgia Station","13-231-9991","AQS"
"02/08/2016","39","","Georgia Station","13-231-9991","AQS"
"02/09/2016","31","","Georgia Station","13-231-9991","AQS"
"02/10/2016","38","","Georgia Station","13-231-9991","AQS"
"02/11/2016","46","","Georgia Station","13-231-9991","AQS"
"02/12/2016","50","","Georgia Station","13-231-9991","AQS"
"02/13/2016","39","","Georgia Station","13-231-9991","AQS"
"02/14/2016","42","","Georgia Station","13-231-9991","AQS"
"02/15/2016","37","","Georgia Station","13-231-9991","AQS"
"02/16/2016","39","","Georgia Station","13-231-9991","AQS"
"02/17/2016","34","","Georgia Station","13-231-9991","AQS"
"02/18/2016","32","","South DeKalb","13-089-0002","AQS"
"02/19/2016","41","","South DeKalb","13-089-0002","AQS"
"02/20/2016","30","","South DeKalb","13-089-0002","AQS"
"02/21/2016","25","","South DeKalb","13-089-0002","AQS"
"02/22/2016","15","","South DeKalb","13-089-0002","AQS"
"02/23/2016","21","","South DeKalb","13-089-0002","AQS"
"02/25/2016","38","","Georgia Station","13-231-9991","AQS"
"02/26/2016","37","","Georgia Station","13-231-9991","AQS"
"02/27/2016","43","","Georgia Station","13-231-9991","AQS"
"02/28/2016","49","","Georgia Station","13-231-9991","AQS"
"02/29/2016","44","","Georgia Station","13-231-9991","AQS"
"03/01/2016","44","","Dawsonville","13-085-0001","AQS"
"03/02/2016","38","","Georgia Station","13-231-9991","AQS"
"03/03/2016","30","","Georgia Station","13-231-9991","AQS"
"03/04/2016","37","","Dawsonville","13-085-0001","AQS"
"03/05/2016","44","","Dawsonville","13-085-0001","AQS"
"03/06/2016","44","","Georgia Station","13-231-9991","AQS"
"03/07/2016","48","","Georgia Station","13-231-9991","AQS"
"03/08/2016","50","","Dawsonville","13-085-0001","AQS"
"03/09/2016","44","","Dawsonville","13-085-0001","AQS"
"03/10/2016","43","","Dawsonville","13-085-0001","AQS"
"03/11/2016","36","","Dawsonville","13-085-0001","AQS"
"03/12/2016","45","","Dawsonville","13-085-0001","AQS"
"03/13/2016","41","","Dawsonville","13-085-0001","AQS"
"03/14/2016","42","","Dawsonville","13-085-0001","AQS"
"03/15/2016","64","","Dawsonville","13-085-0001","AQS"
"03/16/2016","50","","Georgia Station","13-231-9991","AQS"
"03/17/2016","64","","Georgia Station","13-231-9991","AQS"
"03/18/2016","61","","Dawsonville","13-085-0001","AQS"
"03/19/2016","42","","Conyers","13-247-0001","AQS"
"03/20/2016","40","","McDonough","13-151-0002","AQS"
"03/21/2016","42","","Georgia Station","13-231-9991","AQS"
"03/22/2016","50","","Dawsonville","13-085-0001","AQS"
"03/23/2016","54","","Georgia Station","13-231-9991","AQS"
"03/24/2016","44","","Dawsonville","13-085-0001","AQS"
"03/25/2016","45","","Dawsonville","13-085-0001","AQS"
"03/26/2016","31","","Dawsonville","13-085-0001","AQS"
"03/27/2016","27","","Yorkville, King Farm","13-223-0003","AQS"
"03/28/2016","44","","Georgia Station","13-231-9991","AQS"
"03/29/2016","51","","Georgia Station","13-231-9991","AQS"
"03/30/2016","54","","Georgia Station","13-231-9991","AQS"
"03/31/2016","37","","Yorkville, King Farm","13-223-0003","AQS"
"04/01/2016","34","","Dawsonville","13-085-0001","AQS"
"04/02/2016","44","","Georgia Station","13-231-9991","AQS"
"04/03/2016","48","","Georgia Station","13-231-9991","AQS"
"04/04/2016","51","","Newnan","13-077-0002","AQS"
"04/05/2016","47","","Georgia Station","13-231-9991","AQS"
"04/06/2016","44","","Dawsonville","13-085-0001","AQS"
"04/07/2016","42","","Georgia Station","13-231-9991","AQS"
"04/08/2016","39","","Newnan","13-077-0002","AQS"
"04/09/2016","46","","Georgia Station","13-231-9991","AQS"
"04/10/2016","44","","Georgia Station","13-231-9991","AQS"
"04/11/2016","44","","Dawsonville","13-085-0001","AQS"
"04/12/2016","42","","Conyers","13-247-0001","AQS"
"04/13/2016","44","","Dawsonville","13-085-0001","AQS"
"04/14/2016","49","","Dawsonville","13-085-0001","AQS"
"04/15/2016","51","","Dawsonville","13-085-0001","AQS"
"04/16/2016","51","","Dawsonville","13-085-0001","AQS"
"04/17/2016","77","","Yorkville, King Farm","13-223-0003","AQS"
"04/18/2016","87","","Yorkville, King Farm","13-223-0003","AQS"
"04/19/2016","100","","South DeKalb","13-089-0002","AQS"
"04/20/2016","97","","Dawsonville","13-085-0001","AQS"
"04/21/2016","50","","Dawsonville","13-085-0001","AQS"
"04/22/2016","40","","Dawsonville","13-085-0001","AQS"
"04/23/2016","51","","Georgia Station","13-231-9991","AQS"
"04/24/2016","80","","Kennesaw","13-067-0003","AQS"
"04/25/2016","67","","Dawsonville","13-085-0001","AQS"
"04/26/2016","58","","Gwinnett","13-135-0002","AQS"
"04/27/2016","48","","Dawsonville","13-085-0001","AQS"
"04/28/2016","51","","Dawsonville","13-085-0001","AQS"
"04/29/2016","126","","United Avenue","13-121-0055","AQS"
"04/30/2016","45","","Kennesaw","13-067-0003","AQS"
"05/01/2016","34","","Georgia Station","13-231-9991","AQS"
"05/02/2016","43","","Dawsonville","13-085-0001","AQS"
"05/03/2016","41","","Conyers","13-247-0001","AQS"
"05/04/2016","47","","Conyers","13-247-0001","AQS"
"05/05/2016","44","","Georgia Station","13-231-9991","AQS"
"05/06/2016","47","","Georgia Station","13-231-9991","AQS"
"05/07/2016","67","","Conyers","13-247-0001","AQS"
"05/08/2016","71","","Conyers","13-247-0001","AQS"
"05/09/2016","80","","Dawsonville","13-085-0001","AQS"
"05/10/2016","58","","Dawsonville","13-085-0001","AQS"
"05/11/2016","64","","Gwinnett","13-135-0002","AQS"
"05/12/2016","46","","Gwinnett","13-135-0002","AQS"
"05/13/2016","64","","Conyers","13-247-0001","AQS"
"05/14/2016","61","","Conyers","13-247-0001","AQS"
"05/15/2016","54","","McDonough","13-151-0002","AQS"
"05/16/2016","71","","Kennesaw","13-067-0003","AQS"
"05/17/2016","47","","Yorkville, King Farm","13-223-0003","AQS"
"05/18/2016","50","","Gwinnett","13-135-0002","AQS"
"05/19/2016","42","","Yorkville, King Farm","13-223-0003","AQS"
"05/20/2016","24","","Newnan","13-077-0002","AQS"
"05/21/2016","42","","Newnan","13-077-0002","AQS"
"05/22/2016","58","","Georgia Station","13-231-9991","AQS"
"05/23/2016","112","","McDonough","13-151-0002","AQS"
"05/24/2016","140","","Conyers","13-247-0001","AQS"
"05/25/2016","126","","Dawsonville","13-085-0001","AQS"
"05/26/2016","126","","Gwinnett","13-135-0002","AQS"
"05/27/2016","87","","Kennesaw","13-067-0003","AQS"
"05/28/2016","101","","Douglasville","13-097-0004","AQS"
"05/29/2016","61","","Kennesaw","13-067-0003","AQS"
"05/30/2016","87","","McDonough","13-151-0002","AQS"
"05/31/2016","101","","United Avenue","13-121-0055","AQS"
"06/01/2016","100","","Kennesaw","13-067-0003","AQS"
"06/02/2016","50","","United Avenue","13-121-0055","AQS"
"06/03/2016","71","","Gwinnett","13-135-0002","AQS"
"06/04/2016","35","","Dawsonville","13-085-0001","AQS"
"06/05/2016","29","","Gwinnett","13-135-0002","AQS"
"06/06/2016","32","","Gwinnett","13-135-0002","AQS"
"06/07/2016","71","","McDonough","13-151-0002","AQS"
"06/08/2016","126","","McDonough","13-151-0002","AQS"
"06/09/2016","154","","Newnan","13-077-0002","AQS"
"06/10/2016","200","","Kennesaw","13-067-0003","AQS"
"06/11/2016","140","","Gwinnett","13-135-0002","AQS"
"06/12/2016","47","","McDonough","13-151-0002","AQS"
"06/13/2016","159","","McDonough","13-151-0002","AQS"
"06/14/2016","74","","South DeKalb","13-089-0002","AQS"
"06/15/2016","37","","Douglasville","13-097-0004","AQS"
"06/16/2016","87","","Conyers","13-247-0001","AQS"
"06/17/2016","49","","McDonough","13-151-0002","AQS"
"06/18/2016","43","","Yorkville, King Farm","13-223-0003","AQS"
"06/19/2016","49","","Yorkville, King Farm","13-223-0003","AQS"
"06/20/2016","100","","United Avenue","13-121-0055","AQS"
"06/21/2016","108","","Conyers","13-247-0001","AQS"
"06/22/2016","51","","Conyers","13-247-0001","AQS"
"06/23/2016","64","","Conyers","13-247-0001","AQS"
"06/24/2016","77","","Gwinnett","13-135-0002","AQS"
"06/25/2016","105","","McDonough","13-151-0002","AQS"
"06/26/2016","50","","Conyers","13-247-0001","AQS"
"06/27/2016","133","","Gwinnett","13-135-0002","AQS"
"06/28/2016","80","","McDonough","13-151-0002","AQS"
"06/29/2016","147","","McDonough","13-151-0002","AQS"
"06/30/2016","150","","United Avenue","13-121-0055","AQS"
"07/01/2016","122","","Conyers","13-247-0001","AQS"
"07/02/2016","108","","Conyers","13-247-0001","AQS"
"07/03/2016","58","","South DeKalb","13-089-0002","AQS"
"07/04/2016","39","","Dawsonville","13-085-0001","AQS"
"07/05/2016","29","","Dawsonville","13-085-0001","AQS"
"07/06/2016","31","","Dawsonville","13-085-0001","AQS"
"07/07/2016","32","","Dawsonville","13-085-0001","AQS"
"07/08/2016","40","","Conyers","13-247-0001","AQS"
"07/09/2016","44","","Conyers","13-247-0001","AQS"
"07/10/2016","64","","McDonough","13-151-0002","AQS"
"07/11/2016","50","","Gwinnett","13-135-0002","AQS"
"07/12/2016","47","","Gwinnett","13-135-0002","AQS"
"07/13/2016","77","","Conyers","13-247-0001","AQS"
"07/14/2016","51","","Conyers","13-247-0001","AQS"
"07/15/2016","50","","Conyers","13-247-0001","AQS"
"07/16/2016","43","","United Avenue","13-121-0055","AQS"
"07/17/2016","45","","Gwinnett","13-135-0002","AQS"
"07/18/2016","49","","Conyers","13-247-0001","AQS"
"07/19/2016","71","","South DeKalb","13-089-0002","AQS"
"07/20/2016","119","","Kennesaw","13-067-0003","AQS"
"07/21/2016","74","","Kennesaw","13-067-0003","AQS"
"07/22/2016","80","","United Avenue","13-121-0055","AQS"
"07/23/2016","46","","United Avenue","13-121-0055","AQS"
"07/24/2016","42","","United Avenue","13-121-0055","AQS"
"07/25/2016","105","","United Avenue","13-121-0055","AQS"
"07/26/2016","67","","Gwinnett","13-135-0002","AQS"
"07/27/2016","41","","Gwinnett","13-135-0002","AQS"
"07/28/2016","32","","Dawsonville","13-085-0001","AQS"
"07/29/2016","39","","Douglasville","13-097-0004","AQS"
"07/30/2016","39","","Conyers","13-247-0001","AQS"
"07/31/2016","48","","South DeKalb","13-089-0002","AQS"
"08/01/2016","77","","Gwinnett","13-135-0002","AQS"
"08/02/2016","44","","Conyers","13-247-0001","AQS"
"08/03/2016","101","","McDonough","13-151-0002","AQS"
"08/04/2016","71","","Douglasville","13-097-0004","AQS"
"08/05/2016","80","","United Avenue","13-121-0055","AQS"
"08/06/2016","97","","McDonough","13-151-0002","AQS"
"08/07/2016","47","","Kennesaw","13-067-0003","AQS"
"08/08/2016","46","","Yorkville, King Farm","13-223-0003","AQS"
"08/09/2016","36","","Kennesaw","13-067-0003","AQS"
"08/10/2016","32","","Yorkville, King Farm","13-223-0003","AQS"
"08/11/2016","33","","Kennesaw","13-067-0003","AQS"
"08/12/2016","31","","Kennesaw","13-067-0003","AQS"
"08/13/2016","39","","Dawsonville","13-085-0001","AQS"
"08/14/2016","31","","Dawsonville","13-085-0001","AQS"
"08/15/2016","37","","United Avenue","13-121-0055","AQS"
"08/16/2016","38","","Kennesaw","13-067-0003","AQS"
"08/17/2016","74","","Gwinnett","13-135-0002","AQS"
"08/18/2016","51","","Conyers","13-247-0001","AQS"
"08/19/2016","42","","Gwinnett","13-135-0002","AQS"
"08/20/2016","31","","Gwinnett","13-135-0002","AQS"
"08/21/2016","21","","Georgia Station","13-231-9991","AQS"
"08/22/2016","80","","McDonough","13-151-0002","AQS"
"08/23/2016","115","","United Avenue","13-121-0055","AQS"
"08/24/2016","37","","Kennesaw","13-067-0003","AQS"
"08/25/2016","93","","United Avenue","13-121-0055","AQS"
"08/26/2016","84","","Douglasville","13-097-0004","AQS"
"08/27/2016","46","","Douglasville","13-097-0004","AQS"
"08/28/2016","50","","Douglasville","13-097-0004","AQS"
"08/29/2016","58","","Douglasville","13-097-0004","AQS"
"08/30/2016","61","","Yorkville, King Farm","13-223-0003","AQS"
"08/31/2016","100","","Douglasville","13-097-0004","AQS"
"09/01/2016","80","","Kennesaw","13-067-0003","AQS"
"09/02/2016","44","","Yorkville, King Farm","13-223-0003","AQS"
"09/03/2016","49","","Kennesaw","13-067-0003","AQS"
"09/04/2016","50","","Yorkville, King Farm","13-223-0003","AQS"
"09/05/2016","64","","Douglasville","13-097-0004","AQS"
"09/06/2016","97","","McDonough","13-151-0002","AQS"
"09/07/2016","112","","United Avenue","13-121-0055","AQS"
"09/08/2016","105","","Conyers","13-247-0001","AQS"
"09/09/2016","93","","Conyers","13-247-0001","AQS"
"09/10/2016","54","","Gwinnett","13-135-0002","AQS"
"09/11/2016","51","","Conyers","13-247-0001","AQS"
"09/12/2016","61","","Yorkville, King Farm","13-223-0003","AQS"
"09/13/2016","67","","Yorkville, King Farm","13-223-0003","AQS"
"09/14/2016","47","","Douglasville","13-097-0004","AQS"
"09/15/2016","101","","Douglasville","13-097-0004","AQS"
"09/16/2016","77","","Yorkville, King Farm","13-223-0003","AQS"
"09/17/2016","44","","Kennesaw","13-067-0003","AQS"
"09/18/2016","22","","Yorkville, King Farm","13-223-0003","AQS"
"09/19/2016","45","","McDonough","13-151-0002","AQS"
"09/20/2016","50","","Newnan","13-077-0002","AQS"
"09/21/2016","90","","Georgia Station","13-231-9991","AQS"
"09/22/2016","58","","Douglasville","13-097-0004","AQS"
"09/23/2016","74","","Georgia Station","13-231-9991","AQS"
"09/24/2016","74","","South DeKalb","13-089-0002","AQS"
"09/25/2016","101","","Douglasville","13-097-0004","AQS"
"09/26/2016","80","","Kennesaw","13-067-0003","AQS"
"09/27/2016","43","","Dawsonville","13-085-0001","AQS"
"09/28/2016","54","","Dawsonville","13-085-0001","AQS"
"09/29/2016","44","","Conyers","13-247-0001","AQS"
"09/30/2016","44","","Conyers","13-247-0001","AQS"
"10/01/2016","64","","Conyers","13-247-0001","AQS"
"10/02/2016","74","","Conyers","13-247-0001","AQS"
"10/03/2016","101","","Douglasville","13-097-0004","AQS"
"10/04/2016","74","","Yorkville, King Farm","13-223-0003","AQS"
"10/05/2016","67","","Douglasville","13-097-0004","AQS"
"10/06/2016","50","","Yorkville, King Farm","13-223-0003","AQS"
"10/07/2016","32","","Georgia Station","13-231-9991","AQS"
"10/08/2016","44","","Newnan","13-077-0002","AQS"
"10/09/2016","51","","Georgia Station","13-231-9991","AQS"
"10/10/2016","50","","Yorkville, King Farm","13-223-0003","AQS"
"10/11/2016","51","","Yorkville, King Farm","13-223-0003","AQS"
"10/12/2016","74","","Douglasville","13-097-0004","AQS"
"10/13/2016","112","","Georgia Station","13-231-9991","AQS"
"10/14/2016","71","","Georgia Station","13-231-9991","AQS"
"10/15/2016","46","","Yorkville, King Farm","13-223-0003","AQS"
"10/16/2016","47","","Kennesaw","13-067-0003","AQS"
"10/17/2016","47","","Dawsonville","13-085-0001","AQS"
"10/18/2016","43","","Gwinnett","13-135-0002","AQS"
"10/19/2016","43","","United Avenue","13-121-0055","AQS"
"10/20/2016","49","","Gwinnett","13-135-0002","AQS"
"10/21/2016","34","","Newnan","13-077-0002","AQS"
"10/22/2016","37","","Newnan","13-077-0002","AQS"
"10/23/2016","45","","Conyers","13-247-0001","AQS"
"10/24/2016","50","","Georgia Station","13-231-9991","AQS"
"10/25/2016","80","","Yorkville, King Farm","13-223-0003","AQS"
"10/26/2016","54","","Georgia Station","13-231-9991","AQS"
"10/27/2016","46","","Dawsonville","13-085-0001","AQS"
"10/28/2016","67","","Georgia Station","13-231-9991","AQS"
"10/29/2016","77","","Douglasville","13-097-0004","AQS"
"10/30/2016","50","","Conyers","13-247-0001","AQS"
"10/31/2016","67","","Douglasville","13-097-0004","AQS"
"11/01/2016","58","","Georgia Station","13-231-9991","AQS"
"11/02/2016","39","","Georgia Station","13-231-9991","AQS"
"11/03/2016","42","","Georgia Station","13-231-9991","AQS"
"11/04/2016","44","","Georgia Station","13-231-9991","AQS"
"11/05/2016","42","","Georgia Station","13-231-9991","AQS"
"11/06/2016","45","","Georgia Station","13-231-9991","AQS"
"11/07/2016","44","","Georgia Station","13-231-9991","AQS"
"11/08/2016","37","","Georgia Station","13-231-9991","AQS"
"11/09/2016","43","","Georgia Station","13-231-9991","AQS"
"11/10/2016","43","","Georgia Station","13-231-9991","AQS"
"11/11/2016","43","","Georgia Station","13-231-9991","AQS"
"11/12/2016","33","","Georgia Station","13-231-9991","AQS"
"11/13/2016","34","","Georgia Station","13-231-9991","AQS"
"11/14/2016","50","","Georgia Station","13-231-9991","AQS"
"11/15/2016","47","","Georgia Station","13-231-9991","AQS"
"11/16/2016","47","","Georgia Station","13-231-9991","AQS"
"11/17/2016","48","","Georgia Station","13-231-9991","AQS"
"11/18/2016","51","","Georgia Station","13-231-9991","AQS"
"11/19/2016","41","","Georgia Station","13-231-9991","AQS"
"11/20/2016","39","","Georgia Station","13-231-9991","AQS"
"11/21/2016","37","","Georgia Station","13-231-9991","AQS"
"11/22/2016","43","","Georgia Station","13-231-9991","AQS"
"11/23/2016","44","","Georgia Station","13-231-9991","AQS"
"11/24/2016","40","","Georgia Station","13-231-9991","AQS"
"11/25/2016","37","","Georgia Station","13-231-9991","AQS"
"11/26/2016","33","","Georgia Station","13-231-9991","AQS"
"11/27/2016","37","","Georgia Station","13-231-9991","AQS"
"11/28/2016","39","","Georgia Station","13-231-9991","AQS"
"11/29/2016","34","","Georgia Station","13-231-9991","AQS"
"11/30/2016","28","","Georgia Station","13-231-9991","AQS"
"12/01/2016","33","","Georgia Station","13-231-9991","AQS"
"12/02/2016","35","","Georgia Station","13-231-9991","AQS"
"12/03/2016","25","","Georgia Station","13-231-9991","AQS"
"12/04/2016","20","","Georgia Station","13-231-9991","AQS"
"12/05/2016","16","","Georgia Station","13-231-9991","AQS"
"12/06/2016","20","","Georgia Station","13-231-9991","AQS"
"12/07/2016","24","","Georgia Station","13-231-9991","AQS"
"12/08/2016","30","","Georgia Station","13-231-9991","AQS"
"12/09/2016","27","","Georgia Station","13-231-9991","AQS"
"12/10/2016","30","","Georgia Station","13-231-9991","AQS"
"12/11/2016","26","","Georgia Station","13-231-9991","AQS"
"12/12/2016","28","","Georgia Station","13-231-9991","AQS"
"12/13/2016","15","","Georgia Station","13-231-9991","AQS"
"12/14/2016","23","","Georgia Station","13-231-9991","AQS"
"12/15/2016","31","","Georgia Station","13-231-9991","AQS"
"12/16/2016","29","","Georgia Station","13-231-9991","AQS"
"12/17/2016","26","","Georgia Station","13-231-9991","AQS"
"12/18/2016","31","","Georgia Station","13-231-9991","AQS"
"12/19/2016","13","","Georgia Station","13-231-9991","AQS"
"12/20/2016","18","","Georgia Station","13-231-9991","AQS"
"12/21/2016","31","","Georgia Station","13-231-9991","AQS"
"12/22/2016","37","","Georgia Station","13-231-9991","AQS"
"12/23/2016","38","","Georgia Station","13-231-9991","AQS"
"12/24/2016","32","","South DeKalb","13-089-0002","AQS"
"12/25/2016","31","","Georgia Station","13-231-9991","AQS"
"12/26/2016","23","","Georgia Station","13-231-9991","AQS"
"12/27/2016","23","","Georgia Station","13-231-9991","AQS"
"12/28/2016","28","","Georgia Station","13-231-9991","AQS"
"12/29/2016","38","","Georgia Station","13-231-9991","AQS"
"12/30/2016","35","","Georgia Station","13-231-9991","AQS"
"12/31/2016","19","","South DeKalb","13-089-0002","AQS"
"01/01/2017","24","","Georgia Station","13-231-9991","AQS"
"01/02/2017","22","","Georgia Station","13-231-9991","AQS"
"01/03/2017","30","","Georgia Station","13-231-9991","AQS"
"01/04/2017","23","","Georgia Station","13-231-9991","AQS"
"01/05/2017","29","","Georgia Station","13-231-9991","AQS"
"01/06/2017","19","","Georgia Station","13-231-9991","AQS"
"01/07/2017","31","","Georgia Station","13-231-9991","AQS"
"01/08/2017","33","","Georgia Station","13-231-9991","AQS"
"01/09/2017","35","","Georgia Station","13-231-9991","AQS"
"01/10/2017","38","","Georgia Station","13-231-9991","AQS"
"01/11/2017","38","","Georgia Station","13-231-9991","AQS"
"01/12/2017","39","","Georgia Station","13-231-9991","AQS"
"01/13/2017","37","","Georgia Station","13-231-9991","AQS"
"01/14/2017","38","","Georgia Station","13-231-9991","AQS"
"01/15/2017","38","","Georgia Station","13-231-9991","AQS"
"01/16/2017","32","","Georgia Station","13-231-9991","AQS"
"01/17/2017","34","","Georgia Station","13-231-9991","AQS"
"01/18/2017","28","","Georgia Station","13-231-9991","AQS"
"01/19/2017","31","","Georgia Station","13-231-9991","AQS"
"01/20/2017","29","","Georgia Station","13-231-9991","AQS"
"01/21/2017","29","","Georgia Station","13-231-9991","AQS"
"01/22/2017","40","","Georgia Station","13-231-9991","AQS"
"01/23/2017","39","","Georgia Station","13-231-9991","AQS"
"01/24/2017","35","","Georgia Station","13-231-9991","AQS"
"01/25/2017","44","","Georgia Station","13-231-9991","AQS"
"01/26/2017","39","","Georgia Station","13-231-9991","AQS"
"01/27/2017","31","","Georgia Station","13-231-9991","AQS"
"01/28/2017","40","","Georgia Station","13-231-9991","AQS"
"01/29/2017","39","","Georgia Station","13-231-9991","AQS"
"01/30/2017","42","","Georgia Station","13-231-9991","AQS"
"01/31/2017","49","","Georgia Station","13-231-9991","AQS"
"02/01/2017","44","","Georgia Station","13-231-9991","AQS"
"02/02/2017","37","","Georgia Station","13-231-9991","AQS"
"02/03/2017","34","","Georgia Station","13-231-9991","AQS"
"02/04/2017","41","","Georgia Station","13-231-9991","AQS"
"02/05/2017","31","","Georgia Station","13-231-9991","AQS"
"02/06/2017","40","","Georgia Station","13-231-9991","AQS"
"02/07/2017","36","","Georgia Station","13-231-9991","AQS"
"02/08/2017","27","","Georgia Station","13-231-9991","AQS"
"02/09/2017","37","","Georgia Station","13-231-9991","AQS"
"02/10/2017","41","","Georgia Station","13-231-9991","AQS"
"02/11/2017","38","","Georgia Station","13-231-9991","AQS"
"02/12/2017","34","","Georgia Station","13-231-9991","AQS"
"02/13/2017","41","","Georgia Station","13-231-9991","AQS"
"02/14/2017","61","","Georgia Station","13-231-9991","AQS"
"02/15/2017","42","","Georgia Station","13-231-9991","AQS"
"02/16/2017","43","","Georgia Station","13-231-9991","AQS"
"02/17/2017","45","","Georgia Station","13-231-9991","AQS"
"02/18/2017","39","","Georgia Station","13-231-9991","AQS"
"02/19/2017","43","","Georgia Station","13-231-9991","AQS"
"02/20/2017","47","","Georgia Station","13-231-9991","AQS"
"02/21/2017","42","","Georgia Station","13-231-9991","AQS"
"02/22/2017","41","","Georgia Station","13-231-9991","AQS"
"02/23/2017","40","","Georgia Station","13-231-9991","AQS"
"02/24/2017","41","","Georgia Station","13-231-9991","AQS"
"02/25/2017","43","","Georgia Station","13-231-9991","AQS"
"02/26/2017","44","","Georgia Station","13-231-9991","AQS"
"02/27/2017","39","","Georgia Station","13-231-9991","AQS"
"02/28/2017","32","","South DeKalb","13-089-0002","AQS"
"03/01/2017","36","","Dawsonville","13-085-0001","AQS"
"03/02/2017","42","","Georgia Station","13-231-9991","AQS"
"03/03/2017","44","","Douglasville","13-097-0004","AQS"
"03/04/2017","47","","Dawsonville","13-085-0001","AQS"
"03/05/2017","61","","Dawsonville","13-085-0001","AQS"
"03/06/2017","48","","Dawsonville","13-085-0001","AQS"
"03/07/2017","43","","Georgia Station","13-231-9991","AQS"
"03/08/2017","46","","Georgia Station","13-231-9991","AQS"
"03/09/2017","51","","Dawsonville","13-085-0001","AQS"
"03/10/2017","44","","United Avenue","13-121-0055","AQS"
"03/11/2017","43","","Georgia Station","13-231-9991","AQS"
"03/12/2017","34","","United Avenue","13-121-0055","AQS"
"03/13/2017","35","","Dawsonville","13-085-0001","AQS"
"03/14/2017","36","","Dawsonville","13-085-0001","AQS"
"03/15/2017","41","","Dawsonville","13-085-0001","AQS"
"03/16/2017","45","","Dawsonville","13-085-0001","AQS"
"03/17/2017","54","","Georgia Station","13-231-9991","AQS"
"03/18/2017","44","","Dawsonville","13-085-0001","AQS"
"03/19/2017","41","","Georgia Station","13-231-9991","AQS"
"03/20/2017","48","","Georgia Station","13-231-9991","AQS"
"03/21/2017","54","","United Avenue","13-121-0055","AQS"
"03/22/2017","42","","Dawsonville","13-085-0001","AQS"
"03/23/2017","47","","United Avenue","13-121-0055","AQS"
"03/24/2017","49","","United Avenue","13-121-0055","AQS"
"03/25/2017","44","","Dawsonville","13-085-0001","AQS"
"03/26/2017","44","","Dawsonville","13-085-0001","AQS"
"03/27/2017","40","","Georgia Station","13-231-9991","AQS"
"03/28/2017","42","","Dawsonville","13-085-0001","AQS"
"03/29/2017","71","","United Avenue","13-121-0055","AQS"
"03/30/2017","44","","Dawsonville","13-085-0001","AQS"
"03/31/2017","46","","McDonough","13-151-0002","AQS"
"04/01/2017","58","","Conyers","13-247-0001","AQS"
"04/02/2017","61","","Georgia Station","13-231-9991","AQS"
"04/03/2017","39","","Georgia Station","13-231-9991","AQS"
"04/04/2017","51","","Dawsonville","13-085-0001","AQS"
"04/05/2017","36","","Douglasville","13-097-0004","AQS"
"04/06/2017","42","","Georgia Station","13-231-9991","AQS"
"04/07/2017","45","","Georgia Station","13-231-9991","AQS"
"04/08/2017","67","","Georgia Station","13-231-9991","AQS"
"04/09/2017","84","","Dawsonville","13-085-0001","AQS"
"04/10/2017","101","","Dawsonville","13-085-0001","AQS"
"04/11/2017","93","","Dawsonville","13-085-0001","AQS"
"04/12/2017","67","","Georgia Station","13-231-9991","AQS"
"04/13/2017","87","","Douglasville","13-097-0004","AQS"
"04/14/2017","61","","United Avenue","13-121-0055","AQS"
"04/15/2017","49","","United Avenue","13-121-0055","AQS"
"04/16/2017","54","","Dawsonville","13-085-0001","AQS"
"04/17/2017","40","","Dawsonville","13-085-0001","AQS"
"04/18/2017","43","","Douglasville","13-097-0004","AQS"
"04/19/2017","41","","Douglasville","13-097-0004","AQS"
"04/20/2017","58","","Dawsonville","13-085-0001","AQS"
"04/21/2017","48","","Gwinnett","13-135-0002","AQS"
"04/22/2017","45","","Gwinnett","13-135-0002","AQS"
"04/23/2017","34","","United Avenue","13-121-0055","AQS"
"04/24/2017","23","","Dawsonville","13-085-0001","AQS"
"04/25/2017","44","","Conyers","13-247-0001","AQS"
"04/26/2017","74","","Dawsonville","13-085-0001","AQS"
"04/27/2017","34","","Kennesaw","13-067-0003","AQS"
"04/28/2017","32","","Dawsonville","13-085-0001","AQS"
"04/29/2017","37","","Kennesaw","13-067-0003","AQS"
"04/30/2017","35","","United Avenue","13-121-0055","AQS"
"05/01/2017","47","","Dawsonville","13-085-0001","AQS"
"05/02/2017","51","","Conyers","13-247-0001","AQS"
"05/03/2017","64","","United Avenue","13-121-0055","AQS"
"05/04/2017","36","","Kennesaw","13-067-0003","AQS"
"05/05/2017","34","","United Avenue","13-121-0055","AQS"
"05/06/2017","49","","United Avenue","13-121-0055","AQS"
"05/07/2017","48","","McDonough","13-151-0002","AQS"
"05/08/2017","80","","McDonough","13-151-0002","AQS"
"05/09/2017","90","","Douglasville","13-097-0004","AQS"
"05/10/2017","97","","Conyers","13-247-0001","AQS"
"05/11/2017","61","","Gwinnett","13-135-0002","AQS"
"05/12/2017","42","","Georgia Station","13-231-9991","AQS"
"05/13/2017","47","","McDonough","13-151-0002","AQS"
"05/14/2017","71","","United Avenue","13-121-0055","AQS"
"05/15/2017","143","","South DeKalb","13-089-0002","AQS"
"05/16/2017","112","","Dawsonville","13-085-0001","AQS"
"05/17/2017","47","","United Avenue","13-121-0055","AQS"
"05/18/2017","42","","United Avenue","13-121-0055","AQS"
"05/19/2017","71","","United Avenue","13-121-0055","AQS"
"05/20/2017","38","","Kennesaw","13-067-0003","AQS"
"05/21/2017","34","","Conyers","13-247-0001","AQS"
"05/22/2017","32","","Kennesaw","13-067-0003","AQS"
"05/23/2017","31","","Kennesaw","13-067-0003","AQS"
"05/24/2017","40","","Georgia Station","13-231-9991","AQS"
"05/25/2017","38","","Conyers","13-247-0001","AQS"
"05/26/2017","51","","Conyers","13-247-0001","AQS"
"05/27/2017","47","","Gwinnett","13-135-0002","AQS"
"05/28/2017","41","","Douglasville","13-097-0004","AQS"
"05/29/2017","39","","Conyers","13-247-0001","AQS"
"05/30/2017","34","","McDonough","13-151-0002","AQS"
"05/31/2017","39","","Gwinnett","13-135-0002","AQS"
"06/01/2017","48","","United Avenue","13-121-0055","AQS"
"06/02/2017","97","","United Avenue","13-121-0055","AQS"
"06/03/2017","97","","Kennesaw","13-067-0003","AQS"
"06/04/2017","31","","Kennesaw","13-067-0003","AQS"
"06/05/2017","21","","Conyers","13-247-0001","AQS"
"06/06/2017","29","","Conyers","13-247-0001","AQS"
"06/07/2017","49","","Douglasville","13-097-0004","AQS"
"06/08/2017","61","","United Avenue","13-121-0055","AQS"
"06/09/2017","80","","Gwinnett","13-135-0002","AQS"
"06/10/2017","58","","Kennesaw","13-067-0003","AQS"
"06/11/2017","40","","Kennesaw","13-067-0003","AQS"
"06/12/2017","40","","Kennesaw","13-067-0003","AQS"
"06/13/2017","67","","United Avenue","13-121-0055","AQS"
"06/14/2017","93","","United Avenue","13-121-0055","AQS"
"06/15/2017","67","","Conyers","13-247-0001","AQS"
"06/16/2017","74","","Conyers","13-247-0001","AQS"
"06/17/2017","47","","Dawsonville","13-085-0001","AQS"
"06/18/2017","31","","Dawsonville","13-085-0001","AQS"
"06/19/2017","32","","Gwinnett","13-135-0002","AQS"
"06/20/2017","30","","Kennesaw","13-067-0003","AQS"
"06/21/2017","21","","Kennesaw","13-067-0003","AQS"
"06/22/2017","17","","McDonough","13-151-0002","AQS"
"06/23/2017","24","","Dawsonville","13-085-0001","AQS"
"06/24/2017","31","","Gwinnett","13-135-0002","AQS"
"06/25/2017","40","","McDonough","13-151-0002","AQS"
"06/26/2017","58","","United Avenue","13-121-0055","AQS"
"06/27/2017","61","","McDonough","13-151-0002","AQS"
"06/28/2017","77","","Douglasville","13-097-0004","AQS"
"06/29/2017","35","","Kennesaw","13-067-0003","AQS"
"06/30/2017","17","","Georgia Station","13-231-9991","AQS"
"07/01/2017","25","","Douglasville","13-097-0004","AQS"
"07/02/2017","37","","McDonough","13-151-0002","AQS"
"07/03/2017","31","","Newnan","13-077-0002","AQS"
"07/04/2017","25","","Georgia Station","13-231-9991","AQS"
"07/05/2017","28","","South DeKalb","13-089-0002","AQS"
"07/06/2017","31","","South DeKalb","13-089-0002","AQS"
"07/07/2017","38","","Gwinnett","13-135-0002","AQS"
"07/08/2017","45","","Gwinnett","13-135-0002","AQS"
"07/09/2017","48","","United Avenue","13-121-0055","AQS"
"07/10/2017","90","","United Avenue","13-121-0055","AQS"
"07/11/2017","41","","Dawsonville","13-085-0001","AQS"
"07/12/2017","58","","Gwinnett","13-135-0002","AQS"
"07/13/2017","50","","United Avenue","13-121-0055","AQS"
"07/14/2017","44","","Gwinnett","13-135-0002","AQS"
"07/15/2017","40","","Gwinnett","13-135-0002","AQS"
"07/16/2017","46","","Gwinnett","13-135-0002","AQS"
"07/17/2017","67","","United Avenue","13-121-0055","AQS"
"07/18/2017","61","","United Avenue","13-121-0055","AQS"
"07/19/2017","129","","McDonough","13-151-0002","AQS"
"07/20/2017","90","","McDonough","13-151-0002","AQS"
"07/21/2017","122","","United Avenue","13-121-0055","AQS"
"07/22/2017","71","","Gwinnett","13-135-0002","AQS"
"07/23/2017","42","","Conyers","13-247-0001","AQS"
"07/24/2017","45","","Conyers","13-247-0001","AQS"
"07/25/2017","58","","United Avenue","13-121-0055","AQS"
"07/26/2017","108","","United Avenue","13-121-0055","AQS"
"07/27/2017","84","","Gwinnett","13-135-0002","AQS"
"07/28/2017","28","","Conyers","13-247-0001","AQS"
"07/29/2017","49","","McDonough","13-151-0002","AQS"
"07/30/2017","44","","Douglasville","13-097-0004","AQS"
"07/31/2017","54","","Newnan","13-077-0002","AQS"
"08/01/2017","150","","Douglasville","13-097-0004","AQS"
"08/02/2017","84","","Kennesaw","13-067-0003","AQS"
"08/03/2017","77","","Kennesaw","13-067-0003","AQS"
"08/04/2017","50","","Gwinnett","13-135-0002","AQS"
"08/05/2017","61","","Conyers","13-247-0001","AQS"
"08/06/2017","33","","Kennesaw","13-067-0003","AQS"
"08/07/2017","21","","Kennesaw","13-067-0003","AQS"
"08/08/2017","33","","Kennesaw","13-067-0003","AQS"
"08/09/2017","30","","Kennesaw","13-067-0003","AQS"
"08/10/2017","27","","United Avenue","13-121-0055","AQS"
"08/11/2017","43","","Gwinnett","13-135-0002","AQS"
"08/12/2017","39","","Gwinnett","13-135-0002","AQS"
"08/13/2017","44","","United Avenue","13-121-0055","AQS"
"08/14/2017","50","","South DeKalb","13-089-0002","AQS"
"08/15/2017","35","","Gwinnett","13-135-0002","AQS"
"08/16/2017","45","","Conyers","13-247-0001","AQS"
"08/17/2017","37","","Conyers","13-247-0001","AQS"
"08/18/2017","44","","United Avenue","13-121-0055","AQS"
"08/19/2017","119","","McDonough","13-151-0002","AQS"
"08/20/2017","119","","United Avenue","13-121-0055","AQS"
"08/21/2017","71","","Douglasville","13-097-0004","AQS"
"08/22/2017","84","","Gwinnett","13-135-0002","AQS"
"08/23/2017","54","","Conyers","13-247-0001","AQS"
"08/24/2017","119","","Georgia Station","13-231-9991","AQS"
"08/25/2017","84","","Douglasville","13-097-0004","AQS"
"08/26/2017","58","","Douglasville","13-097-0004","AQS"
"08/27/2017","45","","Douglasville","13-097-0004","AQS"
"08/28/2017","49","","Georgia Station","13-231-9991","AQS"
"08/29/2017","49","","Douglasville","13-097-0004","AQS"
"08/30/2017","26","","Georgia Station","13-231-9991","AQS"
"08/31/2017","24","","United Avenue","13-121-0055","AQS"
"09/01/2017","37","","Georgia Station","13-231-9991","AQS"
"09/02/2017","44","","United Avenue","13-121-0055","AQS"
"09/03/2017","49","","Conyers","13-247-0001","AQS"
"09/04/2017","46","","Gwinnett","13-135-0002","AQS"
"09/05/2017","46","","Gwinnett","13-135-0002","AQS"
"09/06/2017","39","","United Avenue","13-121-0055","AQS"
"09/07/2017","54","","Georgia Station","13-231-9991","AQS"
"09/08/2017","93","","Douglasville","13-097-0004","AQS"
"09/09/2017","45","","Douglasville","13-097-0004","AQS"
"09/10/2017","39","","Georgia Station","13-231-9991","AQS"
"09/11/2017","29","","Kennesaw","13-067-0003","AQS"
"09/12/2017","19","","Kennesaw","13-067-0003","AQS"
"09/13/2017","43","","United Avenue","13-121-0055","AQS"
"09/14/2017","44","","Georgia Station","13-231-9991","AQS"
"09/15/2017","87","","United Avenue","13-121-0055","AQS"
"09/16/2017","51","","Douglasville","13-097-0004","AQS"
"09/17/2017","54","","United Avenue","13-121-0055","AQS"
"09/18/2017","58","","United Avenue","13-121-0055","AQS"
"09/19/2017","84","","South DeKalb","13-089-0002","AQS"
"09/20/2017","84","","McDonough","13-151-0002","AQS"
"09/21/2017","80","","United Avenue","13-121-0055","AQS"
"09/22/2017","71","","Douglasville","13-097-0004","AQS"
"09/23/2017","74","","Douglasville","13-097-0004","AQS"
"09/24/2017","45","","Douglasville","13-097-0004","AQS"
"09/25/2017","71","","Douglasville","13-097-0004","AQS"
"09/26/2017","87","","Georgia Station","13-231-9991","AQS"
"09/27/2017","58","","McDonough","13-151-0002","AQS"
"09/28/2017","105","","United Avenue","13-121-0055","AQS"
"09/29/2017","90","","Gwinnett","13-135-0002","AQS"
"09/30/2017","54","","Douglasville","13-097-0004","AQS"
"10/01/2017","37","","Douglasville","13-097-0004","AQS"
"10/02/2017","43","","Kennesaw","13-067-0003","AQS"
"10/03/2017","44","","Kennesaw","13-067-0003","AQS"
"10/04/2017","46","","Douglasville","13-097-0004","AQS"
"10/05/2017","47","","Douglasville","13-097-0004","AQS"
"10/06/2017","39","","Kennesaw","13-067-0003","AQS"
"10/07/2017","25","","Georgia Station","13-231-9991","AQS"
"10/08/2017","20","","Georgia Station","13-231-9991","AQS"
"10/09/2017","22","","Georgia Station","13-231-9991","AQS"
"10/10/2017","30","","Dawsonville","13-085-0001","AQS"
"10/11/2017","33","","United Avenue","13-121-0055","AQS"
"10/12/2017","61","","Conyers","13-247-0001","AQS"
"10/13/2017","31","","Georgia Station","13-231-9991","AQS"
"10/14/2017","29","","Kennesaw","13-067-0003","AQS"
"10/15/2017","28","","Georgia Station","13-231-9991","AQS"
"10/16/2017","32","","Georgia Station","13-231-9991","AQS"
"10/17/2017","38","","United Avenue","13-121-0055","AQS"
"10/18/2017","43","","Georgia Station","13-231-9991","AQS"
"10/19/2017","48","","Georgia Station","13-231-9991","AQS"
"10/20/2017","49","","Georgia Station","13-231-9991","AQS"
"10/21/2017","43","","Dawsonville","13-085-0001","AQS"
"10/22/2017","33","","Georgia Station","13-231-9991","AQS"
"10/23/2017","37","","Georgia Station","13-231-9991","AQS"
"10/24/2017","39","","Georgia Station","13-231-9991","AQS"
"10/25/2017","39","","Georgia Station","13-231-9991","AQS"
"10/26/2017","42","","Georgia Station","13-231-9991","AQS"
"10/27/2017","44","","Georgia Station","13-231-9991","AQS"
"10/28/2017","34","","Georgia Station","13-231-9991","AQS"
"10/29/2017","24","","Dawsonville","13-085-0001","AQS"
"10/30/2017","41","","Georgia Station","13-231-9991","AQS"
"10/31/2017","49","","Georgia Station","13-231-9991","AQS"
"11/01/2017","47","","Georgia Station","13-231-9991","AQS"
"11/02/2017","44","","Georgia Station","13-231-9991","AQS"
"11/03/2017","37","","Georgia Station","13-231-9991","AQS"
"11/04/2017","32","","Georgia Station","13-231-9991","AQS"
"11/05/2017","32","","Georgia Station","13-231-9991","AQS"
"11/06/2017","34","","Georgia Station","13-231-9991","AQS"
"11/07/2017","33","","Georgia Station","13-231-9991","AQS"
"11/08/2017","18","","Georgia Station","13-231-9991","AQS"
"11/09/2017","9","","Georgia Station","13-231-9991","AQS"
"11/10/2017","36","","Georgia Station","13-231-9991","AQS"
"11/11/2017","29","","Georgia Station","13-231-9991","AQS"
"11/12/2017","26","","Georgia Station","13-231-9991","AQS"
"11/13/2017","32","","Georgia Station","13-231-9991","AQS"
"11/14/2017","34","","Georgia Station","13-231-9991","AQS"
"11/15/2017","36","","Georgia Station","13-231-9991","AQS"
"11/16/2017","40","","Georgia Station","13-231-9991","AQS"
"11/17/2017","46","","Georgia Station","13-231-9991","AQS"
"11/18/2017","39","","Georgia Station","13-231-9991","AQS"
"11/19/2017","32","","Georgia Station","13-231-9991","AQS"
"11/20/2017","32","","Georgia Station","13-231-9991","AQS"
"11/21/2017","34","","Georgia Station","13-231-9991","AQS"
"11/22/2017","39","","Georgia Station","13-231-9991","AQS"
"11/23/2017","32","","Georgia Station","13-231-9991","AQS"
"11/24/2017","41","","Georgia Station","13-231-9991","AQS"
"11/25/2017","35","","Georgia Station","13-231-9991","AQS"
"11/26/2017","41","","Georgia Station","13-231-9991","AQS"
"11/27/2017","45","","Georgia Station","13-231-9991","AQS"
"11/28/2017","44","","Georgia Station","13-231-9991","AQS"
"11/29/2017","29","","Georgia Station","13-231-9991","AQS"
"11/30/2017","31","","Georgia Station","13-231-9991","AQS"
"12/01/2017","29","","Georgia Station","13-231-9991","AQS"
"12/02/2017","38","","Georgia Station","13-231-9991","AQS"
"12/03/2017","42","","Georgia Station","13-231-9991","AQS"
"12/04/2017","43","","Georgia Station","13-231-9991","AQS"
"12/05/2017","38","","Georgia Station","13-231-9991","AQS"
"12/06/2017","25","","Georgia Station","13-231-9991","AQS"
"12/07/2017","22","","Georgia Station","13-231-9991","AQS"
"12/08/2017","20","","Georgia Station","13-231-9991","AQS"
"12/09/2017","32","","Georgia Station","13-231-9991","AQS"
"12/10/2017","33","","Georgia Station","13-231-9991","AQS"
"12/11/2017","42","","Georgia Station","13-231-9991","AQS"
"12/12/2017","32","","Georgia Station","13-231-9991","AQS"
"12/13/2017","39","","Georgia Station","13-231-9991","AQS"
"12/14/2017","32","","Georgia Station","13-231-9991","AQS"
"12/15/2017","25","","Georgia Station","13-231-9991","AQS"
"12/16/2017","35","","Georgia Station","13-231-9991","AQS"
"12/17/2017","31","","Georgia Station","13-231-9991","AQS"
"12/18/2017","27","","Georgia Station","13-231-9991","AQS"
"12/19/2017","27","","Georgia Station","13-231-9991","AQS"
"12/20/2017","20","","Georgia Station","13-231-9991","AQS"
"12/21/2017","20","","Georgia Station","13-231-9991","AQS"
"12/22/2017","23","","Georgia Station","13-231-9991","AQS"
"12/23/2017","24","","Georgia Station","13-231-9991","AQS"
"12/24/2017","25","","Georgia Station","13-231-9991","AQS"
"12/25/2017","33","","Georgia Station","13-231-9991","AQS"
"12/26/2017","33","","Georgia Station","13-231-9991","AQS"
"12/27/2017","22","","Georgia Station","13-231-9991","AQS"
"12/28/2017","30","","Georgia Station","13-231-9991","AQS"
"12/29/2017","32","","Georgia Station","13-231-9991","AQS"
"12/30/2017","38","","Georgia Station","13-231-9991","AQS"
"12/31/2017","19","","South DeKalb","13-089-0002","AQS"
"01/01/2018","23","","South DeKalb","13-089-0002","AQS"
"01/02/2018","31","","Georgia Station","13-231-9991","AQS"
"01/03/2018","31","","Georgia Station","13-231-9991","AQS"
"01/04/2018","35","","Georgia Station","13-231-9991","AQS"
"01/05/2018","36","","Georgia Station","13-231-9991","AQS"
"01/06/2018","36","","Georgia Station","13-231-9991","AQS"
"01/07/2018","34","","Georgia Station","13-231-9991","AQS"
"01/08/2018","29","","Georgia Station","13-231-9991","AQS"
"01/09/2018","33","","Georgia Station","13-231-9991","AQS"
"01/10/2018","32","","South DeKalb","13-089-0002","AQS"
"01/11/2018","25","","Georgia Station","13-231-9991","AQS"
"01/12/2018","39","","Georgia Station","13-231-9991","AQS"
"01/13/2018","31","","Georgia Station","13-231-9991","AQS"
"01/14/2018","31","","Georgia Station","13-231-9991","AQS"
"01/15/2018","35","","Georgia Station","13-231-9991","AQS"
"01/16/2018","36","","Georgia Station","13-231-9991","AQS"
"01/17/2018","31","","Georgia Station","13-231-9991","AQS"
"01/18/2018","33","","Georgia Station","13-231-9991","AQS"
"01/19/2018","37","","Georgia Station","13-231-9991","AQS"
"01/20/2018","38","","Georgia Station","13-231-9991","AQS"
"01/21/2018","42","","Georgia Station","13-231-9991","AQS"
"01/22/2018","39","","Georgia Station","13-231-9991","AQS"
"01/23/2018","36","","Georgia Station","13-231-9991","AQS"
"01/24/2018","35","","Georgia Station","13-231-9991","AQS"
"01/25/2018","34","","Georgia Station","13-231-9991","AQS"
"01/26/2018","39","","Georgia Station","13-231-9991","AQS"
"01/27/2018","31","","Georgia Station","13-231-9991","AQS"
"01/28/2018","26","","Georgia Station","13-231-9991","AQS"
"01/29/2018","38","","Georgia Station","13-231-9991","AQS"
"01/30/2018","32","","Georgia Station","13-231-9991","AQS"
"01/31/2018","39","","Georgia Station","13-231-9991","AQS"
"02/01/2018","37","","Georgia Station","13-231-9991","AQS"
"02/02/2018","34","","Georgia Station","13-231-9991","AQS"
"02/03/2018","35","","South DeKalb","13-089-0002","AQS"
"02/04/2018","29","","Georgia Station","13-231-9991","AQS"
"02/05/2018","31","","Georgia Station","13-231-9991","AQS"
"02/06/2018","41","","Georgia Station","13-231-9991","AQS"
"02/07/2018","31","","Georgia Station","13-231-9991","AQS"
"02/08/2018","33","","Georgia Station","13-231-9991","AQS"
"02/09/2018","34","","South DeKalb","13-089-0002","AQS"
"02/10/2018","22","","South DeKalb","13-089-0002","AQS"
"02/11/2018","23","","Georgia Station","13-231-9991","AQS"
"02/12/2018","20","","Georgia Station","13-231-9991","AQS"
"02/13/2018","26","","South DeKalb","13-089-0002","AQS"
"02/14/2018","19","","Georgia Station","13-231-9991","AQS"
"02/15/2018","28","","Georgia Station","13-231-9991","AQS"
"02/16/2018","27","","Georgia Station","13-231-9991","AQS"
"02/17/2018","30","","Georgia Station","13-231-9991","AQS"
"02/18/2018","26","","South DeKalb","13-089-0002","AQS"
"02/19/2018","35","","Georgia Station","13-231-9991","AQS"
"02/20/2018","24","","South DeKalb","13-089-0002","AQS"
"02/21/2018","24","","Georgia Station","13-231-9991","AQS"
"02/22/2018","29","","Georgia Station","13-231-9991","AQS"
"02/23/2018","32","","South DeKalb","13-089-0002","AQS"
"02/24/2018","37","","Georgia Station","13-231-9991","AQS"
"02/25/2018","30","","Georgia Station","13-231-9991","AQS"
"02/26/2018","35","","Georgia Station","13-231-9991","AQS"
"02/27/2018","41","","South DeKalb","13-089-0002","AQS"
"02/28/2018","29","","Georgia Station","13-231-9991","AQS"
"03/01/2018","37","","Dawsonville","13-085-0001","AQS"
"03/02/2018","44","","Dawsonville","13-085-0001","AQS"
"03/03/2018","43","","Dawsonville","13-085-0001","AQS"
"03/04/2018","48","","Douglasville","13-097-0004","AQS"
"03/05/2018","44","","Dawsonville","13-085-0001","AQS"
"03/06/2018","38","","Georgia Station","13-231-9991","AQS"
"03/07/2018","38","","United Avenue","13-121-0055","AQS"
"03/08/2018","43","","Georgia Station","13-231-9991","AQS"
"03/09/2018","51","","Georgia Station","13-231-9991","AQS"
"03/10/2018","47","","United Avenue","13-121-0055","AQS"
"03/11/2018","35","","Georgia Station","13-231-9991","AQS"
"03/12/2018","43","","Dawsonville","13-085-0001","AQS"
"03/13/2018","45","","Georgia Station","13-231-9991","AQS"
"03/14/2018","46","","United Avenue","13-121-0055","AQS"
"03/15/2018","61","","United Avenue","13-121-0055","AQS"
"03/16/2018","74","","United Avenue","13-121-0055","AQS"
"03/17/2018","41","","Dawsonville","13-085-0001","AQS"
"03/18/2018","49","","United Avenue","13-121-0055","AQS"
"03/19/2018","34","","Georgia Station","13-231-9991","AQS"
"03/20/2018","43","","Georgia Station","13-231-9991","AQS"
"03/21/2018","44","","Georgia Station","13-231-9991","AQS"
"03/22/2018","46","","Georgia Station","13-231-9991","AQS"
"03/23/2018","47","","Dawsonville","13-085-0001","AQS"
"03/24/2018","58","","Georgia Station","13-231-9991","AQS"
"03/25/2018","38","","Dawsonville","13-085-0001","AQS"
"03/26/2018","42","","Dawsonville","13-085-0001","AQS"
"03/27/2018","40","","Dawsonville","13-085-0001","AQS"
"03/28/2018","47","","Conyers","13-247-0001","AQS"
"03/29/2018","42","","Dawsonville","13-085-0001","AQS"
"03/30/2018","41","","Dawsonville","13-085-0001","AQS"
"03/31/2018","48","","Georgia Station","13-231-9991","AQS"
"04/01/2018","51","","Dawsonville","13-085-0001","AQS"
"04/02/2018","64","","Dawsonville","13-085-0001","AQS"
"04/03/2018","36","","Dawsonville","13-085-0001","AQS"
"04/04/2018","43","","Conyers","13-247-0001","AQS"
"04/05/2018","50","","Dawsonville","13-085-0001","AQS"
"04/06/2018","67","","Dawsonville","13-085-0001","AQS"
"04/07/2018","37","","Kennesaw","13-067-0003","AQS"
"04/08/2018","39","","Douglasville","13-097-0004","AQS"
"04/09/2018","31","","Kennesaw","13-067-0003","AQS"
"04/10/2018","45","","United Avenue","13-121-0055","AQS"
"04/11/2018","45","","Conyers","13-247-0001","AQS"
"04/12/2018","80","","Dawsonville","13-085-0001","AQS"
"04/13/2018","67","","Dawsonville","13-085-0001","AQS"
"04/14/2018","44","","Dawsonville","13-085-0001","AQS"
"04/15/2018","33","","Kennesaw","13-067-0003","AQS"
"04/16/2018","39","","Kennesaw","13-067-0003","AQS"
"04/17/2018","77","","Dawsonville","13-085-0001","AQS"
"04/18/2018","64","","Dawsonville","13-085-0001","AQS"
"04/19/2018","47","","McDonough","13-151-0002","AQS"
"04/20/2018","58","","Douglasville","13-097-0004","AQS"
"04/21/2018","71","","Kennesaw","13-067-0003","AQS"
"04/22/2018","41","","Dawsonville","13-085-0001","AQS"
"04/23/2018","34","","United Avenue","13-121-0055","AQS"
"04/24/2018","39","","Dawsonville","13-085-0001","AQS"
"04/25/2018","35","","United Avenue","13-121-0055","AQS"
"04/26/2018","29","","McDonough","13-151-0002","AQS"
"04/27/2018","64","","Conyers","13-247-0001","AQS"
"04/28/2018","64","","United Avenue","13-121-0055","AQS"
"04/29/2018","64","","McDonough","13-151-0002","AQS"
"04/30/2018","84","","Dawsonville","13-085-0001","AQS"
"05/01/2018","105","","Dawsonville","13-085-0001","AQS"
"05/02/2018","108","","Dawsonville","13-085-0001","AQS"
"05/03/2018","93","","Dawsonville","13-085-0001","AQS"
"05/04/2018","67","","Conyers","13-247-0001","AQS"
"05/05/2018","44","","Dawsonville","13-085-0001","AQS"
"05/06/2018","61","","United Avenue","13-121-0055","AQS"
"05/07/2018","77","","McDonough","13-151-0002","AQS"
"05/08/2018","61","","Kennesaw","13-067-0003","AQS"
"05/09/2018","97","","United Avenue","13-121-0055","AQS"
"05/10/2018","71","","United Avenue","13-121-0055","AQS"
"05/11/2018","97","","Conyers","13-247-0001","AQS"
"05/12/2018","112","","Conyers","13-247-0001","AQS"
"05/13/2018","115","","McDonough","13-151-0002","AQS"
"05/14/2018","100","","United Avenue","13-121-0055","AQS"
"05/15/2018","31","","Kennesaw","13-067-0003","AQS"
"05/16/2018","32","","Kennesaw","13-067-0003","AQS"
"05/17/2018","34","","United Avenue","13-121-0055","AQS"
"05/18/2018","48","","Kennesaw","13-067-0003","AQS"
"05/19/2018","51","","Gwinnett","13-135-0002","AQS"
"05/20/2018","49","","United Avenue","13-121-0055","AQS"
"05/21/2018","39","","Kennesaw","13-067-0003","AQS"
"05/22/2018","32","","Kennesaw","13-067-0003","AQS"
"05/23/2018","35","","United Avenue","13-121-0055","AQS"
"05/24/2018","48","","Douglasville","13-097-0004","AQS"
"05/25/2018","38","","Kennesaw","13-067-0003","AQS"
"05/26/2018","36","","Dawsonville","13-085-0001","AQS"
"05/27/2018","30","","Kennesaw","13-067-0003","AQS"
"05/28/2018","22","","Kennesaw","13-067-0003","AQS"
"05/29/2018","24","","Kennesaw","13-067-0003","AQS"
"05/30/2018","38","","United Avenue","13-121-0055","AQS"
"05/31/2018","46","","Gwinnett","13-135-0002","AQS"
"06/01/2018","37","","Conyers","13-247-0001","AQS"
"06/02/2018","43","","United Avenue","13-121-0055","AQS"
"06/03/2018","54","","Conyers","13-247-0001","AQS"
"06/04/2018","101","","McDonough","13-151-0002","AQS"
"06/05/2018","84","","United Avenue","13-121-0055","AQS"
"06/06/2018","105","","United Avenue","13-121-0055","AQS"
"06/07/2018","133","","United Avenue","13-121-0055","AQS"
"06/08/2018","84","","Douglasville","13-097-0004","AQS"
"06/09/2018","97","","United Avenue","13-121-0055","AQS"
"06/10/2018","67","","Conyers","13-247-0001","AQS"
"06/11/2018","47","","United Avenue","13-121-0055","AQS"
"06/12/2018","49","","Douglasville","13-097-0004","AQS"
"06/13/2018","37","","Gwinnett","13-135-0002","AQS"
"06/14/2018","54","","United Avenue","13-121-0055","AQS"
"06/15/2018","90","","United Avenue","13-121-0055","AQS"
"06/16/2018","64","","Kennesaw","13-067-0003","AQS"
"06/17/2018","43","","United Avenue","13-121-0055","AQS"
"06/18/2018","71","","McDonough","13-151-0002","AQS"
"06/19/2018","77","","McDonough","13-151-0002","AQS"
"06/20/2018","44","","McDonough","13-151-0002","AQS"
"06/21/2018","31","","Gwinnett","13-135-0002","AQS"
"06/22/2018","45","","Gwinnett","13-135-0002","AQS"
"06/23/2018","38","","United Avenue","13-121-0055","AQS"
"06/24/2018","29","","United Avenue","13-121-0055","AQS"
"06/25/2018","31","","Conyers","13-247-0001","AQS"
"06/26/2018","61","","Conyers","13-247-0001","AQS"
"06/27/2018","40","","Conyers","13-247-0001","AQS"
"06/28/2018","33","","Georgia Station","13-231-9991","AQS"
"06/29/2018","71","","United Avenue","13-121-0055","AQS"
"06/30/2018","44","","Douglasville","13-097-0004","AQS"
"07/01/2018","34","","Kennesaw","13-067-0003","AQS"
"07/02/2018","43","","Kennesaw","13-067-0003","AQS"
"07/03/2018","40","","Douglasville","13-097-0004","AQS"
"07/04/2018","42","","Douglasville","13-097-0004","AQS"
"07/05/2018","32","","Douglasville","13-097-0004","AQS"
"07/06/2018","50","","United Avenue","13-121-0055","AQS"
"07/07/2018","39","","Kennesaw","13-067-0003","AQS"
"07/08/2018","44","","Kennesaw","13-067-0003","AQS"
"07/09/2018","129","","United Avenue","13-121-0055","AQS"
"07/10/2018","97","","McDonough","13-151-0002","AQS"
"07/11/2018","90","","United Avenue","13-121-0055","AQS"
"07/12/2018","100","","Conyers","13-247-0001","AQS"
"07/13/2018","77","","Kennesaw","13-067-0003","AQS"
"07/14/2018","43","","Kennesaw","13-067-0003","AQS"
"07/15/2018","45","","Douglasville","13-097-0004","AQS"
"07/16/2018","43","","United Avenue","13-121-0055","AQS"
"07/17/2018","64","","Conyers","13-247-0001","AQS"
"07/18/2018","77","","McDonough","13-151-0002","AQS"
"07/19/2018","46","","Douglasville","13-097-0004","AQS"
"07/20/2018","49","","Kennesaw","13-067-0003","AQS"
"07/21/2018","47","","Kennesaw","13-067-0003","AQS"
"07/22/2018","47","","United Avenue","13-121-0055","AQS"
"07/23/2018","48","","United Avenue","13-121-0055","AQS"
"07/24/2018","46","","United Avenue","13-121-0055","AQS"
"07/25/2018","80","","McDonough","13-151-0002","AQS"
"07/26/2018","105","","McDonough","13-151-0002","AQS"
"07/27/2018","90","","Conyers","13-247-0001","AQS"
"07/28/2018","84","","McDonough","13-151-0002","AQS"
"07/29/2018","74","","United Avenue","13-121-0055","AQS"
"07/30/2018","67","","Kennesaw","13-067-0003","AQS"
"07/31/2018","34","","Gwinnett","13-135-0002","AQS"
"08/01/2018","25","","Kennesaw","13-067-0003","AQS"
"08/02/2018","25","","Kennesaw","13-067-0003","AQS"
"08/03/2018","44","","United Avenue","13-121-0055","AQS"
"08/04/2018","47","","Kennesaw","13-067-0003","AQS"
"08/05/2018","43","","United Avenue","13-121-0055","AQS"
"08/06/2018","77","","McDonough","13-151-0002","AQS"
"08/07/2018","40","","Gwinnett","13-135-0002","AQS"
"08/08/2018","44","","Gwinnett","13-135-0002","AQS"
"08/09/2018","36","","Gwinnett","13-135-0002","AQS"
"08/10/2018","38","","United Avenue","13-121-0055","AQS"
"08/11/2018","43","","McDonough","13-151-0002","AQS"
"08/12/2018","48","","McDonough","13-151-0002","AQS"
"08/13/2018","58","","Conyers","13-247-0001","AQS"
"08/14/2018","71","","Conyers","13-247-0001","AQS"
"08/15/2018","112","","United Avenue","13-121-0055","AQS"
"08/16/2018","87","","Gwinnett","13-135-0002","AQS"
"08/17/2018","30","","Dawsonville","13-085-0001","AQS"
"08/18/2018","30","","United Avenue","13-121-0055","AQS"
"08/19/2018","31","","Dawsonville","13-085-0001","AQS"
"08/20/2018","28","","United Avenue","13-121-0055","AQS"
"08/21/2018","31","","Kennesaw","13-067-0003","AQS"
"08/22/2018","44","","McDonough","13-151-0002","AQS"
"08/23/2018","74","","Douglasville","13-097-0004","AQS"
"08/24/2018","54","","Kennesaw","13-067-0003","AQS"
"08/25/2018","80","","Douglasville","13-097-0004","AQS"
"08/26/2018","58","","Douglasville","13-097-0004","AQS"
"08/27/2018","71","","Kennesaw","13-067-0003","AQS"
"08/28/2018","64","","Kennesaw","13-067-0003","AQS"
"08/29/2018","43","","Gwinnett","13-135-0002","AQS"
"08/30/2018","49","","Kennesaw","13-067-0003","AQS"
"08/31/2018","48","","Dawsonville","13-085-0001","AQS"
"09/01/2018","36","","Kennesaw","13-067-0003","AQS"
"09/02/2018","24","","Kennesaw","13-067-0003","AQS"
"09/03/2018","27","","Kennesaw","13-067-0003","AQS"
"09/04/2018","31","","Kennesaw","13-067-0003","AQS"
"09/05/2018","33","","Kennesaw","13-067-0003","AQS"
"09/06/2018","34","","Kennesaw","13-067-0003","AQS"
"09/07/2018","51","","Douglasville","13-097-0004","AQS"
"09/08/2018","38","","Kennesaw","13-067-0003","AQS"
"09/09/2018","30","","Gwinnett","13-135-0002","AQS"
"09/10/2018","33","","United Avenue","13-121-0055","AQS"
"09/11/2018","40","","Kennesaw","13-067-0003","AQS"
"09/12/2018","45","","Douglasville","13-097-0004","AQS"
"09/13/2018","41","","Douglasville","13-097-0004","AQS"
"09/14/2018","48","","McDonough","13-151-0002","AQS"
"09/15/2018","31","","Georgia Station","13-231-9991","AQS"
"09/16/2018","22","","Georgia Station","13-231-9991","AQS"
"09/17/2018","33","","Conyers","13-247-0001","AQS"
"09/18/2018","46","","McDonough","13-151-0002","AQS"
"09/19/2018","74","","United Avenue","13-121-0055","AQS"
"09/20/2018","84","","Kennesaw","13-067-0003","AQS"
"09/21/2018","67","","Kennesaw","13-067-0003","AQS"
"09/22/2018","48","","Kennesaw","13-067-0003","AQS"
"09/23/2018","47","","Kennesaw","13-067-0003","AQS"
"09/24/2018","31","","Georgia Station","13-231-9991","AQS"
"09/25/2018","33","","Kennesaw","13-067-0003","AQS"
"09/26/2018","29","","Georgia Station","13-231-9991","AQS"
"09/27/2018","20","","Georgia Station","13-231-9991","AQS"
"09/28/2018","27","","Dawsonville","13-085-0001","AQS"
"09/29/2018","42","","United Avenue","13-121-0055","AQS"
"09/30/2018","25","","Kennesaw","13-067-0003","AQS"
"10/01/2018","45","","Kennesaw","13-067-0003","AQS"
"10/02/2018","61","","Douglasville","13-097-0004","AQS"
"10/03/2018","67","","United Avenue","13-121-0055","AQS"
"10/04/2018","74","","McDonough","13-151-0002","AQS"
"10/05/2018","80","","Conyers","13-247-0001","AQS"
"10/06/2018","49","","United Avenue","13-121-0055","AQS"
"10/07/2018","38","","Kennesaw","13-067-0003","AQS"
"10/08/2018","33","","Georgia Station","13-231-9991","AQS"
"10/09/2018","31","","Georgia Station","13-231-9991","AQS"
"10/10/2018","16","","Kennesaw","13-067-0003","AQS"
"10/11/2018","34","","United Avenue","13-121-0055","AQS"
"10/12/2018","38","","Georgia Station","13-231-9991","AQS"
"10/13/2018","42","","McDonough","13-151-0002","AQS"
"10/14/2018","44","","Kennesaw","13-067-0003","AQS"
"10/15/2018","31","","Dawsonville","13-085-0001","AQS"
"10/16/2018","31","","United Avenue","13-121-0055","AQS"
"10/17/2018","31","","Dawsonville","13-085-0001","AQS"
"10/18/2018","41","","Douglasville","13-097-0004","AQS"
"10/19/2018","39","","Dawsonville","13-085-0001","AQS"
"10/20/2018","31","","Dawsonville","13-085-0001","AQS"
"10/21/2018","35","","Georgia Station","13-231-9991","AQS"
"10/22/2018","37","","Georgia Station","13-231-9991","AQS"
"10/23/2018","36","","Dawsonville","13-085-0001","AQS"
"10/24/2018","44","","Dawsonville","13-085-0001","AQS"
"10/25/2018","29","","Dawsonville","13-085-0001","AQS"
"10/26/2018","23","","Dawsonville","13-085-0001","AQS"
"10/27/2018","29","","McDonough","13-151-0002","AQS"
"10/28/2018","36","","Dawsonville","13-085-0001","AQS"
"10/29/2018","37","","Georgia Station","13-231-9991","AQS"
"10/30/2018","38","","Georgia Station","13-231-9991","AQS"
"10/31/2018","45","","Dawsonville","13-085-0001","AQS"
"11/01/2018","31","","Georgia Station","13-231-9991","AQS"
"11/02/2018","23","","Georgia Station","13-231-9991","AQS"
"11/03/2018","32","","Georgia Station","13-231-9991","AQS"
"11/04/2018","30","","Georgia Station","13-231-9991","AQS"
"11/05/2018","13","","Georgia Station","13-231-9991","AQS"
"11/06/2018","33","","Georgia Station","13-231-9991","AQS"
"11/07/2018","23","","Georgia Station","13-231-9991","AQS"
"11/08/2018","15","","Georgia Station","13-231-9991","AQS"
"11/09/2018","19","","South DeKalb","13-089-0002","AQS"
"11/10/2018","31","","Georgia Station","13-231-9991","AQS"
"11/11/2018","29","","South DeKalb","13-089-0002","AQS"
"11/12/2018","22","","Georgia Station","13-231-9991","AQS"
"11/13/2018","10","","Georgia Station","13-231-9991","AQS"
"11/14/2018","17","","Georgia Station","13-231-9991","AQS"
"11/15/2018","22","","Georgia Station","13-231-9991","AQS"
"11/16/2018","34","","Georgia Station","13-231-9991","AQS"
"11/17/2018","39","","Georgia Station","13-231-9991","AQS"
"11/18/2018","35","","Georgia Station","13-231-9991","AQS"
"11/19/2018","42","","Georgia Station","13-231-9991","AQS"
"11/20/2018","31","","Georgia Station","13-231-9991","AQS"
"11/21/2018","27","","Georgia Station","13-231-9991","AQS"
"11/22/2018","31","","Georgia Station","13-231-9991","AQS"
"11/23/2018","24","","Georgia Station","13-231-9991","AQS"
"11/24/2018","19","","Georgia Station","13-231-9991","AQS"
"11/25/2018","16","","South DeKalb","13-089-0002","AQS"
"11/26/2018","19","","Georgia Station","13-231-9991","AQS"
"11/27/2018","32","","Georgia Station","13-231-9991","AQS"
"11/28/2018","32","","Georgia Station","13-231-9991","AQS"
"11/29/2018","38","","Georgia Station","13-231-9991","AQS"
"11/30/2018","36","","Georgia Station","13-231-9991","AQS"
"12/01/2018","34","","Georgia Station","13-231-9991","AQS"
"12/02/2018","33","","Georgia Station","13-231-9991","AQS"
"12/03/2018","36","","Georgia Station","13-231-9991","AQS"
"12/04/2018","24","","Georgia Station","13-231-9991","AQS"
"12/05/2018","29","","Georgia Station","13-231-9991","AQS"
"12/06/2018","27","","Georgia Station","13-231-9991","AQS"
"12/07/2018","19","","Georgia Station","13-231-9991","AQS"
"12/08/2018","25","","Georgia Station","13-231-9991","AQS"
"12/09/2018","23","","Georgia Station","13-231-9991","AQS"
"12/10/2018","20","","Georgia Station","13-231-9991","AQS"
"12/11/2018","31","","Georgia Station","13-231-9991","AQS"
"12/12/2018","31","","Georgia Station","13-231-9991","AQS"
"12/13/2018","27","","Georgia Station","13-231-9991","AQS"
"12/14/2018","21","","Georgia Station","13-231-9991","AQS"
"12/15/2018","26","","Georgia Station","13-231-9991","AQS"
"12/16/2018","27","","Georgia Station","13-231-9991","AQS"
"12/17/2018","33","","Georgia Station","13-231-9991","AQS"
"12/18/2018","35","","Georgia Station","13-231-9991","AQS"
"12/19/2018","35","","Georgia Station","13-231-9991","AQS"
"12/20/2018","19","","Georgia Station","13-231-9991","AQS"
"12/21/2018","18","","Georgia Station","13-231-9991","AQS"
"12/22/2018","27","","Georgia Station","13-231-9991","AQS"
"12/23/2018","35","","Georgia Station","13-231-9991","AQS"
"12/24/2018","30","","Georgia Station","13-231-9991","AQS"
"12/25/2018","34","","Georgia Station","13-231-9991","AQS"
"12/26/2018","34","","Georgia Station","13-231-9991","AQS"
"12/27/2018","30","","Georgia Station","13-231-9991","AQS"
"12/28/2018","28","","Georgia Station","13-231-9991","AQS"
"12/29/2018","30","","Georgia Station","13-231-9991","AQS"
"12/30/2018","20","","Georgia Station","13-231-9991","AQS"
"12/31/2018","25","","Georgia Station","13-231-9991","AQS"
"01/01/2019","20","","Georgia Station","13-231-9991","AQS"
"01/02/2019","25","","Georgia Station","13-231-9991","AQS"
"01/03/2019","14","","Georgia Station","13-231-9991","AQS"
"01/04/2019","30","","Georgia Station","13-231-9991","AQS"
"01/05/2019","35","","Georgia Station","13-231-9991","AQS"
"01/06/2019","34","","Georgia Station","13-231-9991","AQS"
"01/07/2019","35","","Georgia Station","13-231-9991","AQS"
"01/08/2019","31","","Georgia Station","13-231-9991","AQS"
"01/09/2019","36","","Georgia Station","13-231-9991","AQS"
"01/10/2019","29","","Georgia Station","13-231-9991","AQS"
"01/11/2019","35","","Georgia Station","13-231-9991","AQS"
"01/12/2019","24","","Georgia Station","13-231-9991","AQS"
"01/13/2019","17","","South DeKalb","13-089-0002","AQS"
"01/14/2019","26","","Georgia Station","13-231-9991","AQS"
"01/15/2019","30","","Georgia Station","13-231-9991","AQS"
"01/16/2019","31","","Georgia Station","13-231-9991","AQS"
"01/17/2019","26","","Georgia Station","13-231-9991","AQS"
"01/18/2019","22","","Georgia Station","13-231-9991","AQS"
"01/19/2019","31","","Georgia Station","13-231-9991","AQS"
"01/20/2019","35","","Georgia Station","13-231-9991","AQS"
"01/21/2019","31","","Georgia Station","13-231-9991","AQS"
"01/22/2019","32","","Georgia Station","13-231-9991","AQS"
"01/23/2019","35","","Georgia Station","13-231-9991","AQS"
"01/24/2019","27","","Georgia Station","13-231-9991","AQS"
"01/25/2019","34","","Georgia Station","13-231-9991","AQS"
"01/26/2019","37","","Georgia Station","13-231-9991","AQS"
"01/27/2019","36","","Georgia Station","13-231-9991","AQS"
"01/28/2019","44","","Georgia Station","13-231-9991","AQS"
"01/29/2019","41","","Georgia Station","13-231-9991","AQS"
"01/30/2019","36","","Georgia Station","13-231-9991","AQS"
"01/31/2019","42","","Georgia Station","13-231-9991","AQS"
"02/01/2019","40","","Georgia Station","13-231-9991","AQS"
"02/02/2019","36","","South DeKalb","13-089-0002","AQS"
"02/03/2019","39","","Georgia Station","13-231-9991","AQS"
"02/04/2019","34","","Georgia Station","13-231-9991","AQS"
"02/05/2019","24","","Georgia Station","13-231-9991","AQS"
"02/06/2019","18","","Georgia Station","13-231-9991","AQS"
"02/07/2019","39","","Georgia Station","13-231-9991","AQS"
"02/08/2019","35","","Georgia Station","13-231-9991","AQS"
"02/09/2019","36","","Georgia Station","13-231-9991","AQS"
"02/10/2019","31","","South DeKalb","13-089-0002","AQS"
"02/11/2019","19","","Georgia Station","13-231-9991","AQS"
"02/12/2019","32","","Georgia Station","13-231-9991","AQS"
"02/13/2019","40","","Georgia Station","13-231-9991","AQS"
"02/14/2019","39","","Georgia Station","13-231-9991","AQS"
"02/15/2019","36","","Georgia Station","13-231-9991","AQS"
"02/16/2019","33","","Georgia Station","13-231-9991","AQS"
"02/17/2019","19","","South DeKalb","13-089-0002","AQS"
"02/18/2019","36","","Georgia Station","13-231-9991","AQS"
"02/19/2019","27","","South DeKalb","13-089-0002","AQS"
"02/20/2019","23","","South DeKalb","13-089-0002","AQS"
"02/21/2019","15","","Georgia Station","13-231-9991","AQS"
"02/22/2019","22","","Georgia Station","13-231-9991","AQS"
"02/23/2019","18","","South DeKalb","13-089-0002","AQS"
"02/24/2019","41","","Georgia Station","13-231-9991","AQS"
"02/25/2019","39","","South DeKalb","13-089-0002","AQS"
"02/26/2019","41","","Georgia Station","13-231-9991","AQS"
"02/27/2019","17","","South DeKalb","13-089-0002","AQS"
"02/28/2019","23","","Georgia Station","13-231-9991","AQS"
"03/01/2019","26","","Georgia Station","13-231-9991","AQS"
"03/02/2019","31","","Dawsonville","13-085-0001","AQS"
"03/03/2019","25","","Dawsonville","13-085-0001","AQS"
"03/04/2019","37","","Georgia Station","13-231-9991","AQS"
"03/05/2019","43","","Georgia Station","13-231-9991","AQS"
"03/06/2019","44","","Georgia Station","13-231-9991","AQS"
"03/07/2019","61","","Georgia Station","13-231-9991","AQS"
"03/08/2019","47","","Georgia Station","13-231-9991","AQS"
"03/09/2019","40","","United Avenue","13-121-0055","AQS"
"03/10/2019","41","","United Avenue","13-121-0055","AQS"
"03/11/2019","31","","Dawsonville","13-085-0001","AQS"
"03/12/2019","50","","Georgia Station","13-231-9991","AQS"
"03/13/2019","50","","United Avenue","13-121-0055","AQS"
"03/14/2019","41","","Georgia Station","13-231-9991","AQS"
"03/15/2019","38","","Kennesaw","13-067-0003","AQS"
"03/16/2019","43","","Dawsonville","13-085-0001","AQS"
"03/17/2019","47","","United Avenue","13-121-0055","AQS"
"03/18/2019","48","","Georgia Station","13-231-9991","AQS"
"03/19/2019","50","","Georgia Station","13-231-9991","AQS"
"03/20/2019","74","","Georgia Station","13-231-9991","AQS"
"03/21/2019","49","","Georgia Station","13-231-9991","AQS"
"03/22/2019","51","","Georgia Station","13-231-9991","AQS"
"03/23/2019","84","","Georgia Station","13-231-9991","AQS"
"03/24/2019","93","","Dawsonville","13-085-0001","AQS"
"03/25/2019","48","","Georgia Station","13-231-9991","AQS"
"03/26/2019","38","","Dawsonville","13-085-0001","AQS"
"03/27/2019","47","","United Avenue","13-121-0055","AQS"
"03/28/2019","67","","Georgia Station","13-231-9991","AQS"
"03/29/2019","67","","Dawsonville","13-085-0001","AQS"
"03/30/2019","50","","Dawsonville","13-085-0001","AQS"
"03/31/2019","41","","Dawsonville","13-085-0001","AQS"
"04/01/2019","47","","Georgia Station","13-231-9991","AQS"
"04/02/2019","51","","United Avenue","13-121-0055","AQS"
"04/03/2019","71","","Georgia Station","13-231-9991","AQS"
"04/04/2019","61","","United Avenue","13-121-0055","AQS"
"04/05/2019","40","","Georgia Station","13-231-9991","AQS"
"04/06/2019","42","","Dawsonville","13-085-0001","AQS"
"04/07/2019","43","","Dawsonville","13-085-0001","AQS"
"04/08/2019","23","","Georgia Station","13-231-9991","AQS"
"04/09/2019","37","","Gwinnett","13-135-0002","AQS"
"04/10/2019","67","","Kennesaw","13-067-0003","AQS"
"04/11/2019","44","","Kennesaw","13-067-0003","AQS"
"04/12/2019","47","","Dawsonville","13-085-0001","AQS"
"04/13/2019","36","","Dawsonville","13-085-0001","AQS"
"04/14/2019","38","","United Avenue","13-121-0055","AQS"
"04/15/2019","46","","United Avenue","13-121-0055","AQS"
"04/16/2019","64","","Dawsonville","13-085-0001","AQS"
"04/17/2019","126","","Dawsonville","13-085-0001","AQS"
"04/18/2019","49","","Dawsonville","13-085-0001","AQS"
"04/19/2019","35","","Georgia Station","13-231-9991","AQS"
"04/20/2019","31","","United Avenue","13-121-0055","AQS"
"04/21/2019","47","","United Avenue","13-121-0055","AQS"
"04/22/2019","61","","United Avenue","13-121-0055","AQS"
"04/23/2019","54","","Gwinnett","13-135-0002","AQS"
"04/24/2019","61","","Gwinnett","13-135-0002","AQS"
"04/25/2019","44","","Georgia Station","13-231-9991","AQS"
"04/26/2019","54","","United Avenue","13-121-0055","AQS"
"04/27/2019","87","","Gwinnett","13-135-0002","AQS"
"04/28/2019","58","","United Avenue","13-121-0055","AQS"
"04/29/2019","58","","United Avenue","13-121-0055","AQS"
"04/30/2019","77","","United Avenue","13-121-0055","AQS"
"05/01/2019","35","","United Avenue","13-121-0055","AQS"
"05/02/2019","54","","Kennesaw","13-067-0003","AQS"
"05/03/2019","37","","Gwinnett","13-135-0002","AQS"
"05/04/2019","30","","Gwinnett","13-135-0002","AQS"
"05/05/2019","37","","United Avenue","13-121-0055","AQS"
"05/06/2019","80","","Georgia Station","13-231-9991","AQS"
"05/07/2019","87","","Douglasville","13-097-0004","AQS"
"05/08/2019","46","","Kennesaw","13-067-0003","AQS"
"05/09/2019","43","","United Avenue","13-121-0055","AQS"
"05/10/2019","45","","Gwinnett","13-135-0002","AQS"
"05/11/2019","30","","Georgia Station","13-231-9991","AQS"
"05/12/2019","35","","Georgia Station","13-231-9991","AQS"
"05/13/2019","43","","Conyers","13-247-0001","AQS"
"05/14/2019","49","","McDonough","13-151-0002","AQS"
"05/15/2019","100","","United Avenue","13-121-0055","AQS"
"05/16/2019","71","","Gwinnett","13-135-0002","AQS"
"05/17/2019","97","","Conyers","13-247-0001","AQS"
"05/18/2019","90","","Gwinnett","13-135-0002","AQS"
"05/19/2019","54","","Dawsonville","13-085-0001","AQS"
"05/20/2019","50","","Conyers","13-247-0001","AQS"
"05/21/2019","74","","Dawsonville","13-085-0001","AQS"
"05/22/2019","61","","Gwinnett","13-135-0002","AQS"
"05/23/2019","90","","Kennesaw","13-067-0003","AQS"
"05/24/2019","64","","Conyers","13-247-0001","AQS"
"05/25/2019","58","","Conyers","13-247-0001","AQS"
"05/26/2019","49","","Conyers","13-247-0001","AQS"
"05/27/2019","49","","Conyers","13-247-0001","AQS"
"05/28/2019","50","","Gwinnett","13-135-0002","AQS"
"05/29/2019","51","","South DeKalb","13-089-0002","AQS"
"05/30/2019","51","","Gwinnett","13-135-0002","AQS"
"05/31/2019","49","","Gwinnett","13-135-0002","AQS"
"06/01/2019","90","","Conyers","13-247-0001","AQS"
"06/02/2019","74","","United Avenue","13-121-0055","AQS"
"06/03/2019","129","","McDonough","13-151-0002","AQS"
"06/04/2019","105","","Douglasville","13-097-0004","AQS"
"06/05/2019","47","","United Avenue","13-121-0055","AQS"
"06/06/2019","31","","Gwinnett","13-135-0002","AQS"
"06/07/2019","33","","United Avenue","13-121-0055","AQS"
"06/08/2019","32","","Gwinnett","13-135-0002","AQS"
"06/09/2019","31","","Kennesaw","13-067-0003","AQS"
"06/10/2019","35","","United Avenue","13-121-0055","AQS"
"06/11/2019","47","","United Avenue","13-121-0055","AQS"
"06/12/2019","35","","Kennesaw","13-067-0003","AQS"
"06/13/2019","48","","Georgia Station","13-231-9991","AQS"
"06/14/2019","136","","United Avenue","13-121-0055","AQS"
"06/15/2019","58","","Dawsonville","13-085-0001","AQS"
"06/16/2019","41","","Gwinnett","13-135-0002","AQS"
"06/17/2019","44","","Gwinnett","13-135-0002","AQS"
"06/18/2019","27","","Gwinnett","13-135-0002","AQS"
"06/19/2019","40","","Gwinnett","13-135-0002","AQS"
"06/20/2019","46","","United Avenue","13-121-0055","AQS"
"06/21/2019","74","","Conyers","13-247-0001","AQS"
"06/22/2019","33","","Gwinnett","13-135-0002","AQS"
"06/23/2019","33","","Gwinnett","13-135-0002","AQS"
"06/24/2019","26","","Gwinnett","13-135-0002","AQS"
"06/25/2019","54","","Conyers","13-247-0001","AQS"
"06/26/2019","51","","United Avenue","13-121-0055","AQS"
"06/27/2019","93","","Douglasville","13-097-0004","AQS"
"06/28/2019","61","","Kennesaw","13-067-0003","AQS"
"06/29/2019","40","","Gwinnett","13-135-0002","AQS"
"06/30/2019","47","","United Avenue","13-121-0055","AQS"
"07/01/2019","77","","United Avenue","13-121-0055","AQS"
"07/02/2019","115","","McDonough","13-151-0002","AQS"
"07/03/2019","74","","McDonough","13-151-0002","AQS"
"07/04/2019","48","","United Avenue","13-121-0055","AQS"
"07/05/2019","61","","United Avenue","13-121-0055","AQS"
"07/06/2019","44","","McDonough","13-151-0002","AQS"
"07/07/2019","36","","Gwinnett","13-135-0002","AQS"
"07/08/2019","50","","McDonough","13-151-0002","AQS"
"07/09/2019","51","","Douglasville","13-097-0004","AQS"
"07/10/2019","47","","Douglasville","13-097-0004","AQS"
"07/11/2019","41","","Dawsonville","13-085-0001","AQS"
"07/12/2019","44","","Gwinnett","13-135-0002","AQS"
"07/13/2019","22","","Gwinnett","13-135-0002","AQS"
"07/14/2019","29","","United Avenue","13-121-0055","AQS"
"07/15/2019","45","","Gwinnett","13-135-0002","AQS"
"07/16/2019","41","","Gwinnett","13-135-0002","AQS"
"07/17/2019","30","","Gwinnett","13-135-0002","AQS"
"07/18/2019","36","","Gwinnett","13-135-0002","AQS"
"07/19/2019","31","","Gwinnett","13-135-0002","AQS"
"07/20/2019","36","","Gwinnett","13-135-0002","AQS"
"07/21/2019","38","","Gwinnett","13-135-0002","AQS"
"07/22/2019","37","","United Avenue","13-121-0055","AQS"
"07/23/2019","33","","United Avenue","13-121-0055","AQS"
"07/24/2019","58","","Georgia Station","13-231-9991","AQS"
"07/25/2019","64","","Douglasville","13-097-0004","AQS"
"07/26/2019","87","","Douglasville","13-097-0004","AQS"
"07/27/2019","84","","Douglasville","13-097-0004","AQS"
"07/28/2019","93","","United Avenue","13-121-0055","AQS"
"07/29/2019","84","","United Avenue","13-121-0055","AQS"
"07/30/2019","77","","South DeKalb","13-089-0002","AQS"
"07/31/2019","97","","Gwinnett","13-135-0002","AQS"
"08/01/2019","71","","United Avenue","13-121-0055","AQS"
"08/02/2019","48","","Douglasville","13-097-0004","AQS"
"08/03/2019","44","","Douglasville","13-097-0004","AQS"
"08/04/2019","44","","United Avenue","13-121-0055","AQS"
"08/05/2019","67","","United Avenue","13-121-0055","AQS"
"08/06/2019","74","","McDonough","13-151-0002","AQS"
"08/07/2019","64","","Conyers","13-247-0001","AQS"
"08/08/2019","61","","Conyers","13-247-0001","AQS"
"08/09/2019","105","","Conyers","13-247-0001","AQS"
"08/10/2019","46","","Conyers","13-247-0001","AQS"
"08/11/2019","44","","Gwinnett","13-135-0002","AQS"
"08/12/2019","100","","Kennesaw","13-067-0003","AQS"
"08/13/2019","64","","Conyers","13-247-0001","AQS"
"08/14/2019","112","","McDonough","13-151-0002","AQS"
"08/15/2019","80","","Georgia Station","13-231-9991","AQS"
"08/16/2019","122","","McDonough","13-151-0002","AQS"
"08/17/2019","150","","McDonough","13-151-0002","AQS"
"08/18/2019","84","","United Avenue","13-121-0055","AQS"
"08/19/2019","48","","Douglasville","13-097-0004","AQS"
"08/20/2019","80","","Douglasville","13-097-0004","AQS"
"08/21/2019","45","","Gwinnett","13-135-0002","AQS"
"08/22/2019","44","","Gwinnett","13-135-0002","AQS"
"08/23/2019","37","","Gwinnett","13-135-0002","AQS"
"08/24/2019","43","","United Avenue","13-121-0055","AQS"
"08/25/2019","31","","Kennesaw","13-067-0003","AQS"
"08/26/2019","33","","Georgia Station","13-231-9991","AQS"
"08/27/2019","28","","United Avenue","13-121-0055","AQS"
"08/28/2019","50","","Georgia Station","13-231-9991","AQS"
"08/29/2019","100","","South DeKalb","13-089-0002","AQS"
"08/30/2019","97","","Douglasville","13-097-0004","AQS"
"08/31/2019","49","","Douglasville","13-097-0004","AQS"
"09/01/2019","40","","Gwinnett","13-135-0002","AQS"
"09/02/2019","42","","United Avenue","13-121-0055","AQS"
"09/03/2019","71","","Douglasville","13-097-0004","AQS"
"09/04/2019","74","","Georgia Station","13-231-9991","AQS"
"09/05/2019","84","","McDonough","13-151-0002","AQS"
"09/06/2019","80","","Conyers","13-247-0001","AQS"
"09/07/2019","74","","Conyers","13-247-0001","AQS"
"09/08/2019","100","","United Avenue","13-121-0055","AQS"
"09/09/2019","172","","United Avenue","13-121-0055","AQS"
"09/10/2019","74","","Kennesaw","13-067-0003","AQS"
"09/11/2019","100","","Kennesaw","13-067-0003","AQS"
"09/12/2019","108","","Douglasville","13-097-0004","AQS"
"09/13/2019","119","","Kennesaw","13-067-0003","AQS"
"09/14/2019","46","","Douglasville","13-097-0004","AQS"
"09/15/2019","47","","United Avenue","13-121-0055","AQS"
"09/16/2019","119","","Georgia Station","13-231-9991","AQS"
"09/17/2019","108","","Conyers","13-247-0001","AQS"
"09/18/2019","49","","Douglasville","13-097-0004","AQS"
"09/19/2019","48","","Douglasville","13-097-0004","AQS"
"09/20/2019","58","","Douglasville","13-097-0004","AQS"
"09/21/2019","51","","Kennesaw","13-067-0003","AQS"
"09/22/2019","61","","Kennesaw","13-067-0003","AQS"
"09/23/2019","77","","McDonough","13-151-0002","AQS"
"09/24/2019","67","","Conyers","13-247-0001","AQS"
"09/25/2019","97","","Conyers","13-247-0001","AQS"
"09/26/2019","67","","Conyers","13-247-0001","AQS"
"09/27/2019","84","","Kennesaw","13-067-0003","AQS"
"09/28/2019","61","","Douglasville","13-097-0004","AQS"
"09/29/2019","47","","Kennesaw","13-067-0003","AQS"
"09/30/2019","115","","United Avenue","13-121-0055","AQS"
"10/01/2019","101","","Douglasville","13-097-0004","AQS"
"10/02/2019","100","","United Avenue","13-121-0055","AQS"
"10/03/2019","147","","Georgia Station","13-231-9991","AQS"
"10/04/2019","129","","Georgia Station","13-231-9991","AQS"
"10/05/2019","41","","Georgia Station","13-231-9991","AQS"
"10/06/2019","37","","Georgia Station","13-231-9991","AQS"
"10/07/2019","40","","United Avenue","13-121-0055","AQS"
"10/08/2019","42","","Georgia Station","13-231-9991","AQS"
"10/09/2019","32","","Georgia Station","13-231-9991","AQS"
"10/10/2019","44","","Georgia Station","13-231-9991","AQS"
"10/11/2019","58","","Kennesaw","13-067-0003","AQS"
"10/12/2019","44","","Conyers","13-247-0001","AQS"
"10/13/2019","20","","Georgia Station","13-231-9991","AQS"
"10/14/2019","39","","Georgia Station","13-231-9991","AQS"
"10/15/2019","27","","Conyers","13-247-0001","AQS"
"10/16/2019","31","","Kennesaw","13-067-0003","AQS"
"10/17/2019","39","","Georgia Station","13-231-9991","AQS"
"10/18/2019","35","","United Avenue","13-121-0055","AQS"
"10/19/2019","32","","Georgia Station","13-231-9991","AQS"
"10/20/2019","30","","Conyers","13-247-0001","AQS"
"10/21/2019","30","","Conyers","13-247-0001","AQS"
"10/22/2019","38","","Georgia Station","13-231-9991","AQS"
"10/23/2019","40","","Georgia Station","13-231-9991","AQS"
"10/24/2019","41","","Georgia Station","13-231-9991","AQS"
"10/25/2019","31","","United Avenue","13-121-0055","AQS"
"10/26/2019","29","","Georgia Station","13-231-9991","AQS"
"10/27/2019","31","","United Avenue","13-121-0055","AQS"
"10/28/2019","36","","Dawsonville","13-085-0001","AQS"
"10/29/2019","30","","Kennesaw","13-067-0003","AQS"
"10/30/2019","18","","Georgia Station","13-231-9991","AQS"
"10/31/2019","23","","Georgia Station","13-231-9991","AQS"
"11/01/2019","27","","Georgia Station","13-231-9991","AQS"
"11/02/2019","34","","Georgia Station","13-231-9991","AQS"
"11/03/2019","39","","Georgia Station","13-231-9991","AQS"
"11/04/2019","32","","Georgia Station","13-231-9991","AQS"
"11/05/2019","26","","Georgia Station","13-231-9991","AQS"
"11/06/2019","42","","Georgia Station","13-231-9991","AQS"
"11/07/2019","29","","Georgia Station","13-231-9991","AQS"
"11/08/2019","21","","Georgia Station","13-231-9991","AQS"
"11/09/2019","34","","Georgia Station","13-231-9991","AQS"
"11/10/2019","37","","Georgia Station","13-231-9991","AQS"
"11/11/2019","38","","Georgia Station","13-231-9991","AQS"
"11/12/2019","26","","Georgia Station","13-231-9991","AQS"
"11/13/2019","35","","Georgia Station","13-231-9991","AQS"
"11/14/2019","28","","Georgia Station","13-231-9991","AQS"
"11/15/2019","24","","Georgia Station","13-231-9991","AQS"
"11/16/2019","37","","Georgia Station","13-231-9991","AQS"
"11/17/2019","37","","Georgia Station","13-231-9991","AQS"
"11/18/2019","41","","Georgia Station","13-231-9991","AQS"
"11/19/2019","38","","Georgia Station","13-231-9991","AQS"
"11/20/2019","38","","Georgia Station","13-231-9991","AQS"
"11/21/2019","41","","Georgia Station","13-231-9991","AQS"
"11/22/2019","41","","Georgia Station","13-231-9991","AQS"
"11/23/2019","31","","Georgia Station","13-231-9991","AQS"
"11/24/2019","28","","Georgia Station","13-231-9991","AQS"
"11/25/2019","35","","Georgia Station","13-231-9991","AQS"
"11/26/2019","38","","Georgia Station","13-231-9991","AQS"
"11/27/2019","36","","Georgia Station","13-231-9991","AQS"
"11/28/2019","38","","Georgia Station","13-231-9991","AQS"
"11/29/2019","37","","Georgia Station","13-231-9991","AQS"
"11/30/2019","39","","Georgia Station","13-231-9991","AQS"
"12/01/2019","38","","Georgia Station","13-231-9991","AQS"
"12/02/2019","26","","Georgia Station","13-231-9991","AQS"
"12/03/2019","27","","Georgia Station","13-231-9991","AQS"
"12/04/2019","40","","Georgia Station","13-231-9991","AQS"
"12/05/2019","37","","Georgia Station","13-231-9991","AQS"
"12/06/2019","32","","Georgia Station","13-231-9991","AQS"
"12/07/2019","34","","Georgia Station","13-231-9991","AQS"
"12/08/2019","34","","Georgia Station","13-231-9991","AQS"
"12/09/2019","31","","Georgia Station","13-231-9991","AQS"
"12/10/2019","33","","Georgia Station","13-231-9991","AQS"
"12/11/2019","31","","Georgia Station","13-231-9991","AQS"
"12/12/2019","32","","Georgia Station","13-231-9991","AQS"
"12/13/2019","25","","Georgia Station","13-231-9991","AQS"
"12/14/2019","31","","Georgia Station","13-231-9991","AQS"
"12/15/2019","31","","Georgia Station","13-231-9991","AQS"
"12/16/2019","35","","Georgia Station","13-231-9991","AQS"
"12/17/2019","29","","Georgia Station","13-231-9991","AQS"
"12/18/2019","34","","Georgia Station","13-231-9991","AQS"
"12/19/2019","33","","Georgia Station","13-231-9991","AQS"
"12/20/2019","36","","Georgia Station","13-231-9991","AQS"
"12/21/2019","32","","Georgia Station","13-231-9991","AQS"
"12/22/2019","34","","Georgia Station","13-231-9991","AQS"
"12/23/2019","31","","Georgia Station","13-231-9991","AQS"
"12/24/2019","35","","Georgia Station","13-231-9991","AQS"
"12/25/2019","35","","Georgia Station","13-231-9991","AQS"
"12/26/2019","34","","Georgia Station","13-231-9991","AQS"
"12/27/2019","28","","Georgia Station","13-231-9991","AQS"
"12/28/2019","26","","South DeKalb","13-089-0002","AQS"
"12/29/2019","26","","Georgia Station","13-231-9991","AQS"
"12/30/2019","36","","Georgia Station","13-231-9991","AQS"
"12/31/2019","38","","Georgia Station","13-231-9991","AQS"
"01/01/2020","38","","Georgia Station","13-231-9991","AQS"
"01/02/2020","31","","Georgia Station","13-231-9991","AQS"
"01/03/2020","31","","Georgia Station","13-231-9991","AQS"
"01/04/2020","35","","Georgia Station","13-231-9991","AQS"
"01/05/2020","32","","Georgia Station","13-231-9991","AQS"
"01/06/2020","42","","Georgia Station","13-231-9991","AQS"
"01/07/2020","39","","Georgia Station","13-231-9991","AQS"
"01/08/2020","40","","Georgia Station","13-231-9991","AQS"
"01/09/2020","41","","Georgia Station","13-231-9991","AQS"
"01/10/2020","31","","Georgia Station","13-231-9991","AQS"
"01/11/2020","29","","Georgia Station","13-231-9991","AQS"
"01/12/2020","31","","Georgia Station","13-231-9991","AQS"
"01/13/2020","16","","South DeKalb","13-089-0002","AQS"
"01/14/2020","15","","South DeKalb","13-089-0002","AQS"
"01/15/2020","16","","South DeKalb","13-089-0002","AQS"
"01/16/2020","33","","Georgia Station","13-231-9991","AQS"
"01/17/2020","35","","Georgia Station","13-231-9991","AQS"
"01/18/2020","31","","Georgia Station","13-231-9991","AQS"
"01/19/2020","34","","Georgia Station","13-231-9991","AQS"
"01/20/2020","29","","Georgia Station","13-231-9991","AQS"
"01/21/2020","28","","Georgia Station","13-231-9991","AQS"
"01/22/2020","36","","Georgia Station","13-231-9991","AQS"
"01/23/2020","30","","South DeKalb","13-089-0002","AQS"
"01/24/2020","31","","Georgia Station","13-231-9991","AQS"
"01/25/2020","25","","Georgia Station","13-231-9991","AQS"
"01/26/2020","30","","Georgia Station","13-231-9991","AQS"
"01/27/2020","31","","Georgia Station","13-231-9991","AQS"
"01/28/2020","38","","Georgia Station","13-231-9991","AQS"
"01/29/2020","27","","Georgia Station","13-231-9991","AQS"
"01/30/2020","37","","Georgia Station","13-231-9991","AQS"
"01/31/2020","27","","Georgia Station","13-231-9991","AQS"
"02/01/2020","24","","Georgia Station","13-231-9991","AQS"
"02/02/2020","36","","Georgia Station","13-231-9991","AQS"
"02/03/2020","42","","Georgia Station","13-231-9991","AQS"
"02/04/2020","41","","Georgia Station","13-231-9991","AQS"
"02/05/2020","31","","Georgia Station","13-231-9991","AQS"
"02/06/2020","24","","Georgia Station","13-231-9991","AQS"
"02/07/2020","29","","Georgia Station","13-231-9991","AQS"
"02/08/2020","28","","Georgia Station","13-231-9991","AQS"
"02/09/2020","33","","Georgia Station","13-231-9991","AQS"
"02/10/2020","23","","Georgia Station","13-231-9991","AQS"
"02/11/2020","22","","Georgia Station","13-231-9991","AQS"
"02/12/2020","20","","Georgia Station","13-231-9991","AQS"
"02/13/2020","29","","Georgia Station","13-231-9991","AQS"
"02/14/2020","35","","Georgia Station","13-231-9991","AQS"
"02/15/2020","39","","Georgia Station","13-231-9991","AQS"
"02/16/2020","28","","Georgia Station","13-231-9991","AQS"
"02/17/2020","24","","South DeKalb","13-089-0002","AQS"
"02/18/2020","22","","Georgia Station","13-231-9991","AQS"
"02/19/2020","27","","Georgia Station","13-231-9991","AQS"
"02/20/2020","29","","Georgia Station","13-231-9991","AQS"
"02/21/2020","29","","South DeKalb","13-089-0002","AQS"
"02/22/2020","41","","Georgia Station","13-231-9991","AQS"
"02/23/2020","39","","Georgia Station","13-231-9991","AQS"
"02/24/2020","27","","Georgia Station","13-231-9991","AQS"
"02/25/2020","33","","Georgia Station","13-231-9991","AQS"
"02/26/2020","31","","Georgia Station","13-231-9991","AQS"
"02/27/2020","37","","Georgia Station","13-231-9991","AQS"
"02/28/2020","43","","Georgia Station","13-231-9991","AQS"
"02/29/2020","41","","Georgia Station","13-231-9991","AQS"
"03/01/2020","45","","Georgia Station","13-231-9991","AQS"
"03/02/2020","40","","Georgia Station","13-231-9991","AQS"
"03/03/2020","33","","Georgia Station","13-231-9991","AQS"
"03/04/2020","34","","Georgia Station","13-231-9991","AQS"
"03/05/2020","38","","Georgia Station","13-231-9991","AQS"
"03/06/2020","39","","Georgia Station","13-231-9991","AQS"
"03/07/2020","40","","United Avenue","13-121-0055","AQS"
"03/08/2020","44","","Georgia Station","13-231-9991","AQS"
"03/09/2020","41","","Dawsonville","13-085-0001","AQS"
"03/10/2020","37","","Georgia Station","13-231-9991","AQS"
"03/11/2020","35","","Dawsonville","13-085-0001","AQS"
"03/12/2020","34","","Georgia Station","13-231-9991","AQS"
"03/13/2020","28","","United Avenue","13-121-0055","AQS"
"03/14/2020","39","","Georgia Station","13-231-9991","AQS"
"03/15/2020","32","","Georgia Station","13-231-9991","AQS"
"03/16/2020","26","","Georgia Station","13-231-9991","AQS"
"03/17/2020","28","","Dawsonville","13-085-0001","AQS"
"03/18/2020","33","","Georgia Station","13-231-9991","AQS"
"03/19/2020","37","","Georgia Station","13-231-9991","AQS"
"03/20/2020","34","","United Avenue","13-121-0055","AQS"
"03/21/2020","36","","Conyers","13-247-0001","AQS"
"03/22/2020","25","","Dawsonville","13-085-0001","AQS"
"03/23/2020","19","","Dawsonville","13-085-0001","AQS"
"03/24/2020","25","","Georgia Station","13-231-9991","AQS"
"03/25/2020","41","","Georgia Station","13-231-9991","AQS"
"03/26/2020","44","","Dawsonville","13-085-0001","AQS"
"03/27/2020","51","","Dawsonville","13-085-0001","AQS"
"03/28/2020","33","","Dawsonville","13-085-0001","AQS"
"03/29/2020","46","","United Avenue","13-121-0055","AQS"
"03/30/2020","49","","United Avenue","13-121-0055","AQS"
"03/31/2020","35","","Dawsonville","13-085-0001","AQS"
"04/01/2020","40","","Georgia Station","13-231-9991","AQS"
"04/02/2020","44","","United Avenue","13-121-0055","AQS"
"04/03/2020","51","","McDonough","13-151-0002","AQS"
"04/04/2020","51","","Douglasville","13-097-0004","AQS"
"04/05/2020","61","","United Avenue","13-121-0055","AQS"
"04/06/2020","54","","United Avenue","13-121-0055","AQS"
"04/07/2020","40","","Dawsonville","13-085-0001","AQS"
"04/08/2020","31","","Dawsonville","13-085-0001","AQS"
"04/09/2020","43","","Dawsonville","13-085-0001","AQS"
"04/10/2020","44","","United Avenue","13-121-0055","AQS"
"04/11/2020","50","","United Avenue","13-121-0055","AQS"
"04/12/2020","35","","Georgia Station","13-231-9991","AQS"
"04/13/2020","42","","Georgia Station","13-231-9991","AQS"
"04/14/2020","41","","United Avenue","13-121-0055","AQS"
"04/15/2020","46","","United Avenue","13-121-0055","AQS"
"04/16/2020","58","","Georgia Station","13-231-9991","AQS"
"04/17/2020","54","","Dawsonville","13-085-0001","AQS"
"04/18/2020","44","","McDonough","13-151-0002","AQS"
"04/19/2020","31","","Dawsonville","13-085-0001","AQS"
"04/20/2020","44","","United Avenue","13-121-0055","AQS"
"04/21/2020","44","","Dawsonville","13-085-0001","AQS"
"04/22/2020","46","","United Avenue","13-121-0055","AQS"
"04/23/2020","34","","Georgia Station","13-231-9991","AQS"
"04/24/2020","34","","United Avenue","13-121-0055","AQS"
"04/25/2020","42","","United Avenue","13-121-0055","AQS"
"04/26/2020","42","","Georgia Station","13-231-9991","AQS"
"04/27/2020","45","","United Avenue","13-121-0055","AQS"
"04/28/2020","64","","Dawsonville","13-085-0001","AQS"
"04/29/2020","40","","Georgia Station","13-231-9991","AQS"
"04/30/2020","33","","Douglasville","13-097-0004","AQS"
"05/01/2020","49","","United Avenue","13-121-0055","AQS"
"05/02/2020","101","","Gwinnett","13-135-0002","AQS"
"05/03/2020","58","","Dawsonville","13-085-0001","AQS"
"05/04/2020","58","","Conyers","13-247-0001","AQS"
"05/05/2020","41","","United Avenue","13-121-0055","AQS"
"05/06/2020","43","","Georgia Station","13-231-9991","AQS"
"05/07/2020","49","","United Avenue","13-121-0055","AQS"
"05/08/2020","39","","McDonough","13-151-0002","AQS"
"05/09/2020","46","","McDonough","13-151-0002","AQS"
"05/10/2020","50","","Gwinnett","13-135-0002","AQS"
"05/11/2020","44","","Gwinnett","13-135-0002","AQS"
"05/12/2020","61","","United Avenue","13-121-0055","AQS"
"05/13/2020","50","","McDonough","13-151-0002","AQS"
"05/14/2020","44","","Kennesaw","13-067-0003","AQS"
"05/15/2020","48","","Kennesaw","13-067-0003","AQS"
"05/16/2020","42","","Kennesaw","13-067-0003","AQS"
"05/17/2020","35","","Kennesaw","13-067-0003","AQS"
"05/18/2020","31","","Kennesaw","13-067-0003","AQS"
"05/19/2020","38","","Conyers","13-247-0001","AQS"
"05/20/2020","23","","Kennesaw","13-067-0003","AQS"
"05/21/2020","38","","Kennesaw","13-067-0003","AQS"
"05/22/2020","42","","United Avenue","13-121-0055","AQS"
"05/23/2020","37","","Conyers","13-247-0001","AQS"
"05/24/2020","41","","United Avenue","13-121-0055","AQS"
"05/25/2020","31","","Kennesaw","13-067-0003","AQS"
"05/26/2020","30","","Kennesaw","13-067-0003","AQS"
"05/27/2020","29","","Douglasville","13-097-0004","AQS"
"05/28/2020","36","","United Avenue","13-121-0055","AQS"
"05/29/2020","43","","Gwinnett","13-135-0002","AQS"
"05/30/2020","46","","Conyers","13-247-0001","AQS"
"05/31/2020","45","","United Avenue","13-121-0055","AQS"
"06/01/2020","40","","Kennesaw","13-067-0003","AQS"
"06/02/2020","49","","Gwinnett","13-135-0002","AQS"
"06/03/2020","48","","United Avenue","13-121-0055","AQS"
"06/04/2020","44","","Gwinnett","13-135-0002","AQS"
"06/05/2020","30","","Gwinnett","13-135-0002","AQS"
"06/06/2020","44","","Kennesaw","13-067-0003","AQS"
"06/07/2020","32","","Kennesaw","13-067-0003","AQS"
"06/08/2020","22","","Kennesaw","13-067-0003","AQS"
"06/09/2020","21","","United Avenue","13-121-0055","AQS"
"06/10/2020","20","","Douglasville","13-097-0004","AQS"
"06/11/2020","74","","Conyers","13-247-0001","AQS"
"06/12/2020","46","","United Avenue","13-121-0055","AQS"
"06/13/2020","64","","Douglasville","13-097-0004","AQS"
"06/14/2020","46","","Douglasville","13-097-0004","AQS"
"06/15/2020","44","","Kennesaw","13-067-0003","AQS"
"06/16/2020","38","","Douglasville","13-097-0004","AQS"
"06/17/2020","38","","McDonough","13-151-0002","AQS"
"06/18/2020","44","","Conyers","13-247-0001","AQS"
"06/19/2020","54","","Gwinnett","13-135-0002","AQS"
"06/20/2020","90","","McDonough","13-151-0002","AQS"
"06/21/2020","44","","Gwinnett","13-135-0002","AQS"
"06/22/2020","39","","Gwinnett","13-135-0002","AQS"
"06/23/2020","31","","Douglasville","13-097-0004","AQS"
"06/24/2020","32","","Gwinnett","13-135-0002","AQS"
"06/25/2020","29","","Gwinnett","13-135-0002","AQS"
"06/26/2020","29","","Conyers","13-247-0001","AQS"
"06/27/2020","22","","Gwinnett","13-135-0002","AQS"
"06/28/2020","22","","United Avenue","13-121-0055","AQS"
"06/29/2020","33","","Conyers","13-247-0001","AQS"
"06/30/2020","35","","Conyers","13-247-0001","AQS"
"07/01/2020","38","","McDonough","13-151-0002","AQS"
"07/02/2020","46","","United Avenue","13-121-0055","AQS"
"07/03/2020","77","","Douglasville","13-097-0004","AQS"
"07/04/2020","45","","Douglasville","13-097-0004","AQS"
"07/05/2020","37","","Kennesaw","13-067-0003","AQS"
"07/06/2020","31","","Douglasville","13-097-0004","AQS"
"07/07/2020","34","","Georgia Station","13-231-9991","AQS"
"07/08/2020","42","","United Avenue","13-121-0055","AQS"
"07/09/2020","44","","United Avenue","13-121-0055","AQS"
"07/10/2020","44","","Conyers","13-247-0001","AQS"
"07/11/2020","58","","McDonough","13-151-0002","AQS"
"07/12/2020","61","","McDonough","13-151-0002","AQS"
"07/13/2020","61","","Conyers","13-247-0001","AQS"
"07/14/2020","93","","Gwinnett","13-135-0002","AQS"
"07/15/2020","49","","United Avenue","13-121-0055","AQS"
"07/16/2020","84","","United Avenue","13-121-0055","AQS"
"07/17/2020","77","","Kennesaw","13-067-0003","AQS"
"07/18/2020","74","","United Avenue","13-121-0055","AQS"
"07/19/2020","54","","Gwinnett","13-135-0002","AQS"
"07/20/2020","87","","Gwinnett","13-135-0002","AQS"
"07/21/2020","50","","Gwinnett","13-135-0002","AQS"
"07/22/2020","44","","United Avenue","13-121-0055","AQS"
"07/23/2020","49","","Kennesaw","13-067-0003","AQS"
"07/24/2020","36","","Kennesaw","13-067-0003","AQS"
"07/25/2020","33","","Douglasville","13-097-0004","AQS"
"07/26/2020","45","","United Avenue","13-121-0055","AQS"
"07/27/2020","50","","Gwinnett","13-135-0002","AQS"
"07/28/2020","40","","Gwinnett","13-135-0002","AQS"
"07/29/2020","33","","Gwinnett","13-135-0002","AQS"
"07/30/2020","26","","Gwinnett","13-135-0002","AQS"
"07/31/2020","33","","Gwinnett","13-135-0002","AQS"
"08/01/2020","31","","Dawsonville","13-085-0001","AQS"
"08/02/2020","38","","South DeKalb","13-089-0002","AQS"
"08/03/2020","31","","Kennesaw","13-067-0003","AQS"
"08/04/2020","48","","Gwinnett","13-135-0002","AQS"
"08/05/2020","61","","Kennesaw","13-067-0003","AQS"
"08/06/2020","54","","Kennesaw","13-067-0003","AQS"
"08/07/2020","80","","United Avenue","13-121-0055","AQS"
"08/08/2020","74","","Gwinnett","13-135-0002","AQS"
"08/09/2020","50","","Gwinnett","13-135-0002","AQS"
"08/10/2020","44","","Conyers","13-247-0001","AQS"
"08/11/2020","64","","Conyers","13-247-0001","AQS"
"08/12/2020","50","","Conyers","13-247-0001","AQS"
"08/13/2020","93","","Gwinnett","13-135-0002","AQS"
"08/14/2020","42","","Dawsonville","13-085-0001","AQS"
"08/15/2020","31","","United Avenue","13-121-0055","AQS"
"08/16/2020","47","","Georgia Station","13-231-9991","AQS"
"08/17/2020","49","","United Avenue","13-121-0055","AQS"
"08/18/2020","54","","Douglasville","13-097-0004","AQS"
"08/19/2020","54","","Kennesaw","13-067-0003","AQS"
"08/20/2020","38","","Douglasville","13-097-0004","AQS"
"08/21/2020","31","","Kennesaw","13-067-0003","AQS"
"08/22/2020","35","","Kennesaw","13-067-0003","AQS"
"08/23/2020","31","","Kennesaw","13-067-0003","AQS"
"08/24/2020","23","","Douglasville","13-097-0004","AQS"
"08/25/2020","19","","Georgia Station","13-231-9991","AQS"
"08/26/2020","27","","United Avenue","13-121-0055","AQS"
"08/27/2020","29","","Kennesaw","13-067-0003","AQS"
"08/28/2020","20","","Georgia Station","13-231-9991","AQS"
"08/29/2020","29","","Kennesaw","13-067-0003","AQS"
"08/30/2020","37","","McDonough","13-151-0002","AQS"
"08/31/2020","33","","United Avenue","13-121-0055","AQS"
"09/01/2020","39","","Gwinnett","13-135-0002","AQS"
"09/02/2020","29","","Gwinnett","13-135-0002","AQS"
"09/03/2020","30","","Conyers","13-247-0001","AQS"
"09/04/2020","36","","Conyers","13-247-0001","AQS"
"09/05/2020","49","","Georgia Station","13-231-9991","AQS"
"09/06/2020","46","","Douglasville","13-097-0004","AQS"
"09/07/2020","49","","Douglasville","13-097-0004","AQS"
"09/08/2020","54","","Douglasville","13-097-0004","AQS"
"09/09/2020","31","","Douglasville","13-097-0004","AQS"
"09/10/2020","30","","Douglasville","13-097-0004","AQS"
"09/11/2020","38","","Douglasville","13-097-0004","AQS"
"09/12/2020","28","","Georgia Station","13-231-9991","AQS"
"09/13/2020","28","","Douglasville","13-097-0004","AQS"
"09/14/2020","31","","Douglasville","13-097-0004","AQS"
"09/15/2020","31","","Kennesaw","13-067-0003","AQS"
"09/16/2020","28","","Kennesaw","13-067-0003","AQS"
"09/17/2020","23","","Kennesaw","13-067-0003","AQS"
"09/18/2020","31","","Georgia Station","13-231-9991","AQS"
"09/19/2020","31","","Kennesaw","13-067-0003","AQS"
"09/20/2020","35","","Kennesaw","13-067-0003","AQS"
"09/21/2020","41","","Kennesaw","13-067-0003","AQS"
"09/22/2020","40","","Kennesaw","13-067-0003","AQS"
"09/23/2020","44","","United Avenue","13-121-0055","AQS"
"09/24/2020","25","","Georgia Station","13-231-9991","AQS"
"09/25/2020","22","","Georgia Station","13-231-9991","AQS"
"09/26/2020","28","","United Avenue","13-121-0055","AQS"
"09/27/2020","26","","Kennesaw","13-067-0003","AQS"
"09/28/2020","32","","United Avenue","13-121-0055","AQS"
"09/29/2020","21","","Douglasville","13-097-0004","AQS"
"09/30/2020","34","","Douglasville","13-097-0004","AQS"
"10/01/2020","42","","Georgia Station","13-231-9991","AQS"
"10/02/2020","38","","Georgia Station","13-231-9991","AQS"
"10/03/2020","41","","Kennesaw","13-067-0003","AQS"
"10/04/2020","38","","Kennesaw","13-067-0003","AQS"
"10/05/2020","43","","Douglasville","13-097-0004","AQS"
"10/06/2020","46","","Kennesaw","13-067-0003","AQS"
"10/07/2020","45","","Gwinnett","13-135-0002","AQS"
"10/08/2020","48","","McDonough","13-151-0002","AQS"
"10/09/2020","25","","Dawsonville","13-085-0001","AQS"
"10/10/2020","19","","Georgia Station","13-231-9991","AQS"
"10/11/2020","19","","Georgia Station","13-231-9991","AQS"
"10/12/2020","21","","Georgia Station","13-231-9991","AQS"
"10/13/2020","39","","Georgia Station","13-231-9991","AQS"
"10/14/2020","44","","Georgia Station","13-231-9991","AQS"
"10/15/2020","39","","Georgia Station","13-231-9991","AQS"
"10/16/2020","38","","Georgia Station","13-231-9991","AQS"
"10/17/2020","35","","Kennesaw","13-067-0003","AQS"
"10/18/2020","37","","Kennesaw","13-067-0003","AQS"
"10/19/2020","38","","Kennesaw","13-067-0003","AQS"
"10/20/2020","40","","Kennesaw","13-067-0003","AQS"
"10/21/2020","31","","Kennesaw","13-067-0003","AQS"
"10/22/2020","31","","Dawsonville","13-085-0001","AQS"
"10/23/2020","33","","Kennesaw","13-067-0003","AQS"
"10/24/2020","25","","Dawsonville","13-085-0001","AQS"
"10/25/2020","25","","Georgia Station","13-231-9991","AQS"
"10/26/2020","11","","Dawsonville","13-085-0001","AQS"
"10/27/2020","23","","Dawsonville","13-085-0001","AQS"
"10/28/2020","20","","Georgia Station","13-231-9991","AQS"
"10/29/2020","31","","Georgia Station","13-231-9991","AQS"
"10/30/2020","31","","Georgia Station","13-231-9991","AQS"
"10/31/2020","31","","Kennesaw","13-067-0003","AQS"
"11/01/2020","35","","Georgia Station","13-231-9991","AQS"
"11/02/2020","33","","Georgia Station","13-231-9991","AQS"
"11/03/2020","37","","Georgia Station","13-231-9991","AQS"
"11/04/2020","44","","Georgia Station","13-231-9991","AQS"
"11/05/2020","42","","Georgia Station","13-231-9991","AQS"
"11/06/2020","39","","Georgia Station","13-231-9991","AQS"
"11/07/2020","25","","Georgia Station","13-231-9991","AQS"
"11/08/2020","26","","Georgia Station","13-231-9991","AQS"
"11/09/2020","28","","Georgia Station","13-231-9991","AQS"
"11/10/2020","21","","Georgia Station","13-231-9991","AQS"
"11/11/2020","17","","Georgia Station","13-231-9991","AQS"
"11/12/2020","22","","Georgia Station","13-231-9991","AQS"
"11/13/2020","40","","Georgia Station","13-231-9991","AQS"
"11/14/2020","42","","Georgia Station","13-231-9991","AQS"
"11/15/2020","31","","Georgia Station","13-231-9991","AQS"
"11/16/2020","34","","Georgia Station","13-231-9991","AQS"
"11/17/2020","37","","Georgia Station","13-231-9991","AQS"
"11/18/2020","35","","Georgia Station","13-231-9991","AQS"
"11/19/2020","37","","Georgia Station","13-231-9991","AQS"
"11/20/2020","37","","Georgia Station","13-231-9991","AQS"
"11/21/2020","40","","Georgia Station","13-231-9991","AQS"
"11/22/2020","31","","Georgia Station","13-231-9991","AQS"
"11/23/2020","31","","Georgia Station","13-231-9991","AQS"
"11/24/2020","37","","Georgia Station","13-231-9991","AQS"
"11/25/2020","35","","Georgia Station","13-231-9991","AQS"
"11/26/2020","27","","Georgia Station","13-231-9991","AQS"
"11/27/2020","36","","Georgia Station","13-231-9991","AQS"
"11/28/2020","31","","Georgia Station","13-231-9991","AQS"
"11/29/2020","25","","Georgia Station","13-231-9991","AQS"
"11/30/2020","32","","Georgia Station","13-231-9991","AQS"
"12/01/2020","30","","Georgia Station","13-231-9991","AQS"
"12/02/2020","33","","Georgia Station","13-231-9991","AQS"
"12/03/2020","34","","Georgia Station","13-231-9991","AQS"
"12/04/2020","28","","Georgia Station","13-231-9991","AQS"
"12/05/2020","32","","Georgia Station","13-231-9991","AQS"
"12/06/2020","31","","Georgia Station","13-231-9991","AQS"
"12/07/2020","26","","Georgia Station","13-231-9991","AQS"
"12/08/2020","32","","Georgia Station","13-231-9991","AQS"
"12/09/2020","38","","Georgia Station","13-231-9991","AQS"
"12/10/2020","44","","Georgia Station","13-231-9991","AQS"
"12/11/2020","48","","Georgia Station","13-231-9991","AQS"
"12/12/2020","42","","Georgia Station","13-231-9991","AQS"
"12/13/2020","32","","Georgia Station","13-231-9991","AQS"
"12/14/2020","34","","Georgia Station","13-231-9991","AQS"
"12/15/2020","25","","Georgia Station","13-231-9991","AQS"
"12/16/2020","21","","Georgia Station","13-231-9991","AQS"
"12/17/2020","21","","Georgia Station","13-231-9991","AQS"
"12/18/2020","27","","Georgia Station","13-231-9991","AQS"
"12/19/2020","32","","Georgia Station","13-231-9991","AQS"
"12/20/2020","29","","Georgia Station","13-231-9991","AQS"
"12/21/2020","34","","Georgia Station","13-231-9991","AQS"
"12/22/2020","37","","Georgia Station","13-231-9991","AQS"
"12/23/2020","39","","Georgia Station","13-231-9991","AQS"
"12/24/2020","35","","Georgia Station","13-231-9991","AQS"
"12/25/2020","35","","Georgia Station","13-231-9991","AQS"
"12/26/2020","36","","Georgia Station","13-231-9991","AQS"
"12/27/2020","37","","Georgia Station","13-231-9991","AQS"
"12/28/2020","37","","Georgia Station","13-231-9991","AQS"
"12/29/2020","36","","Georgia Station","13-231-9991","AQS"
"12/30/2020","30","","Georgia Station","13-231-9991","AQS"
"12/31/2020","13","","Georgia Station","13-231-9991","AQS"
"01/01/2021","28","","Georgia Station","13-231-9991","AQS"
"01/02/2021","24","","Georgia Station","13-231-9991","AQS"
"01/03/2021","30","","Georgia Station","13-231-9991","AQS"
"01/04/2021","39","","Georgia Station","13-231-9991","AQS"
"01/05/2021","36","","Georgia Station","13-231-9991","AQS"
"01/06/2021","31","","Georgia Station","13-231-9991","AQS"
"01/07/2021","24","","Georgia Station","13-231-9991","AQS"
"01/08/2021","22","","Georgia Station","13-231-9991","AQS"
"01/09/2021","24","","Georgia Station","13-231-9991","AQS"
"01/10/2021","29","","Georgia Station","13-231-9991","AQS"
"01/11/2021","23","","Georgia Station","13-231-9991","AQS"
"01/12/2021","26","","Georgia Station","13-231-9991","AQS"
"01/13/2021","31","","Georgia Station","13-231-9991","AQS"
"01/14/2021","44","","Georgia Station","13-231-9991","AQS"
"01/15/2021","38","","Georgia Station","13-231-9991","AQS"
"01/16/2021","30","","Georgia Station","13-231-9991","AQS"
"01/17/2021","34","","Georgia Station","13-231-9991","AQS"
"01/18/2021","40","","Georgia Station","13-231-9991","AQS"
"01/19/2021","43","","Georgia Station","13-231-9991","AQS"
"01/20/2021","38","","Georgia Station","13-231-9991","AQS"
"01/21/2021","31","","Georgia Station","13-231-9991","AQS"
"01/22/2021","27","","Georgia Station","13-231-9991","AQS"
"01/23/2021","38","","Georgia Station","13-231-9991","AQS"
"01/24/2021","34","","Georgia Station","13-231-9991","AQS"
"01/25/2021","30","","Georgia Station","13-231-9991","AQS"
"01/26/2021","30","","Georgia Station","13-231-9991","AQS"
"01/27/2021","34","","Georgia Station","13-231-9991","AQS"
"01/28/2021","35","","Georgia Station","13-231-9991","AQS"
"01/29/2021","23","","South DeKalb","13-089-0002","AQS"
"01/30/2021","38","","Georgia Station","13-231-9991","AQS"
"01/31/2021","31","","Georgia Station","13-231-9991","AQS"
"02/01/2021","36","","Georgia Station","13-231-9991","AQS"
"02/02/2021","39","","Georgia Station","13-231-9991","AQS"
"02/03/2021","37","","Georgia Station","13-231-9991","AQS"
"02/04/2021","38","","Georgia Station","13-231-9991","AQS"
"02/05/2021","35","","Georgia Station","13-231-9991","AQS"
"02/06/2021","31","","Georgia Station","13-231-9991","AQS"
"02/07/2021","36","","Georgia Station","13-231-9991","AQS"
"02/08/2021","38","","Georgia Station","13-231-9991","AQS"
"02/09/2021","32","","Georgia Station","13-231-9991","AQS"
"02/10/2021","37","","South DeKalb","13-089-0002","AQS"
"02/11/2021","18","","Georgia Station","13-231-9991","AQS"
"02/12/2021","16","","Georgia Station","13-231-9991","AQS"
"02/13/2021","19","","South DeKalb","13-089-0002","AQS"
"02/14/2021","21","","Georgia Station","13-231-9991","AQS"
"02/15/2021","17","","Georgia Station","13-231-9991","AQS"
"02/16/2021","26","","Georgia Station","13-231-9991","AQS"
"02/17/2021","29","","South DeKalb","13-089-0002","AQS"
"02/18/2021","19","","Georgia Station","13-231-9991","AQS"
"02/19/2021","36","","Georgia Station","13-231-9991","AQS"
"02/20/2021","41","","Georgia Station","13-231-9991","AQS"
"02/21/2021","43","","Georgia Station","13-231-9991","AQS"
"02/22/2021","39","","Georgia Station","13-231-9991","AQS"
"02/23/2021","45","","Georgia Station","13-231-9991","AQS"
"02/24/2021","54","","Georgia Station","13-231-9991","AQS"
"02/25/2021","54","","Georgia Station","13-231-9991","AQS"
"02/26/2021","37","","Georgia Station","13-231-9991","AQS"
"02/27/2021","28","","Georgia Station","13-231-9991","AQS"
"02/28/2021","22","","Georgia Station","13-231-9991","AQS"
"03/01/2021","31","","Georgia Station","13-231-9991","AQS"
"03/02/2021","30","","Dawsonville","13-085-0001","AQS"
"03/03/2021","44","","Douglasville","13-097-0004","AQS"
"03/04/2021","49","","Douglasville","13-097-0004","AQS"
"03/05/2021","44","","Dawsonville","13-085-0001","AQS"
"03/06/2021","44","","Dawsonville","13-085-0001","AQS"
"03/07/2021","47","","Georgia Station","13-231-9991","AQS"
"03/08/2021","50","","Georgia Station","13-231-9991","AQS"
"03/09/2021","71","","Dawsonville","13-085-0001","AQS"
"03/10/2021","71","","Dawsonville","13-085-0001","AQS"
"03/11/2021","61","","Georgia Station","13-231-9991","AQS"
"03/12/2021","71","","Georgia Station","13-231-9991","AQS"
"03/13/2021","45","","Georgia Station","13-231-9991","AQS"
"03/14/2021","58","","United Avenue","13-121-0055","AQS"
"03/15/2021","43","","Dawsonville","13-085-0001","AQS"
"03/16/2021","32","","Dawsonville","13-085-0001","AQS"
"03/17/2021","23","","Georgia Station","13-231-9991","AQS"
"03/18/2021","39","","Dawsonville","13-085-0001","AQS"
"03/19/2021","37","","Douglasville","13-097-0004","AQS"
"03/20/2021","46","","Douglasville","13-097-0004","AQS"
"03/21/2021","43","","Douglasville","13-097-0004","AQS"
"03/22/2021","46","","Douglasville","13-097-0004","AQS"
"03/23/2021","42","","Dawsonville","13-085-0001","AQS"
"03/24/2021","39","","Dawsonville","13-085-0001","AQS"
"03/25/2021","28","","Georgia Station","13-231-9991","AQS"
"03/26/2021","43","","Dawsonville","13-085-0001","AQS"
"03/27/2021","26","","Georgia Station","13-231-9991","AQS"
"03/28/2021","36","","Dawsonville","13-085-0001","AQS"
"03/29/2021","47","","Dawsonville","13-085-0001","AQS"
"03/30/2021","44","","Dawsonville","13-085-0001","AQS"
"03/31/2021","36","","Dawsonville","13-085-0001","AQS"
"04/01/2021","44","","Georgia Station","13-231-9991","AQS"
"04/02/2021","44","","McDonough","13-151-0002","AQS"
"04/03/2021","54","","Dawsonville","13-085-0001","AQS"
"04/04/2021","64","","Conyers","13-247-0001","AQS"
"04/05/2021","77","","Conyers","13-247-0001","AQS"
"04/06/2021","80","","Gwinnett","13-135-0002","AQS"
"04/07/2021","71","","Georgia Station","13-231-9991","AQS"
"04/08/2021","38","","Georgia Station","13-231-9991","AQS"
"04/09/2021","42","","Dawsonville","13-085-0001","AQS"
"04/10/2021","33","","Douglasville","13-097-0004","AQS"
"04/11/2021","44","","Dawsonville","13-085-0001","AQS"
"04/12/2021","74","","Douglasville","13-097-0004","AQS"
"04/13/2021","90","","Gwinnett","13-135-0002","AQS"
"04/14/2021","50","","Dawsonville","13-085-0001","AQS"
"04/15/2021","45","","Conyers","13-247-0001","AQS"
"04/16/2021","44","","Douglasville","13-097-0004","AQS"
"04/17/2021","47","","Douglasville","13-097-0004","AQS"
"04/18/2021","48","","Conyers","13-247-0001","AQS"
"04/19/2021","48","","McDonough","13-151-0002","AQS"
"04/20/2021","67","","Dawsonville","13-085-0001","AQS"
"04/21/2021","41","","McDonough","13-151-0002","AQS"
"04/22/2021","47","","Dawsonville","13-085-0001","AQS"
"04/23/2021","67","","McDonough","13-151-0002","AQS"
"04/24/2021","34","","Georgia Station","13-231-9991","AQS"
"04/25/2021","45","","McDonough","13-151-0002","AQS"
"04/26/2021","49","","Kennesaw","13-067-0003","AQS"
"04/27/2021","61","","Dawsonville","13-085-0001","AQS"
"04/28/2021","58","","Dawsonville","13-085-0001","AQS"
"04/29/2021","36","","Conyers","13-247-0001","AQS"
"04/30/2021","47","","McDonough","13-151-0002","AQS"
"05/01/2021","84","","Douglasville","13-097-0004","AQS"
"05/02/2021","47","","McDonough","13-151-0002","AQS"
"05/03/2021","30","","Georgia Station","13-231-9991","AQS"
"05/04/2021","35","","Douglasville","13-097-0004","AQS"
"05/05/2021","38","","Conyers","13-247-0001","AQS"
"05/06/2021","48","","McDonough","13-151-0002","AQS"
"05/07/2021","48","","McDonough","13-151-0002","AQS"
"05/08/2021","48","","Conyers","13-247-0001","AQS"
"05/09/2021","51","","Dawsonville","13-085-0001","AQS"
"05/10/2021","41","","Douglasville","13-097-0004","AQS"
"05/11/2021","39","","United Avenue","13-121-0055","AQS"
"05/12/2021","31","","Gwinnett","13-135-0002","AQS"
"05/13/2021","40","","Douglasville","13-097-0004","AQS"
"05/14/2021","51","","Douglasville","13-097-0004","AQS"
"05/15/2021","71","","Gwinnett","13-135-0002","AQS"
"05/16/2021","71","","Gwinnett","13-135-0002","AQS"
"05/17/2021","58","","United Avenue","13-121-0055","AQS"
"05/18/2021","41","","Douglasville","13-097-0004","AQS"
"05/19/2021","44","","Douglasville","13-097-0004","AQS"
"05/20/2021","46","","Douglasville","13-097-0004","AQS"
"05/21/2021","64","","Douglasville","13-097-0004","AQS"
"05/22/2021","100","","Douglasville","13-097-0004","AQS"
"05/23/2021","97","","McDonough","13-151-0002","AQS"
"05/24/2021","133","","United Avenue","13-121-0055","AQS"
"05/25/2021","87","","United Avenue","13-121-0055","AQS"
"05/26/2021","61","","Gwinnett","13-135-0002","AQS"
"05/27/2021","48","","Gwinnett","13-135-0002","AQS"
"05/28/2021","38","","United Avenue","13-121-0055","AQS"
"05/29/2021","36","","McDonough","13-151-0002","AQS"
"05/30/2021","42","","McDonough","13-151-0002","AQS"
"05/31/2021","42","","Kennesaw","13-067-0003","AQS"
"06/01/2021","58","","Kennesaw","13-067-0003","AQS"
"06/02/2021","42","","United Avenue","13-121-0055","AQS"
"06/03/2021","50","","Gwinnett","13-135-0002","AQS"
"06/04/2021","61","","South DeKalb","13-089-0002","AQS"
"06/05/2021","50","","Kennesaw","13-067-0003","AQS"
"06/06/2021","30","","Kennesaw","13-067-0003","AQS"
"06/07/2021","23","","Dawsonville","13-085-0001","AQS"
"06/08/2021","31","","Dawsonville","13-085-0001","AQS"
"06/09/2021","29","","Gwinnett","13-135-0002","AQS"
"06/10/2021","29","","Gwinnett","13-135-0002","AQS"
"06/11/2021","28","","Douglasville","13-097-0004","AQS"
"06/12/2021","44","","United Avenue","13-121-0055","AQS"
"06/13/2021","37","","Douglasville","13-097-0004","AQS"
"06/14/2021","49","","Gwinnett","13-135-0002","AQS"
"06/15/2021","112","","McDonough","13-151-0002","AQS"
"06/16/2021","64","","United Avenue","13-121-0055","AQS"
"06/17/2021","100","","Douglasville","13-097-0004","AQS"
"06/18/2021","87","","Dawsonville","13-085-0001","AQS"
"06/19/2021","18","","Georgia Station","13-231-9991","AQS"
"06/20/2021","23","","Douglasville","13-097-0004","AQS"
"06/21/2021","28","","Dawsonville","13-085-0001","AQS"
"06/22/2021","37","","McDonough","13-151-0002","AQS"
"06/23/2021","101","","Douglasville","13-097-0004","AQS"
"06/24/2021","37","","Kennesaw","13-067-0003","AQS"
"06/25/2021","61","","Douglasville","13-097-0004","AQS"
"06/26/2021","36","","Kennesaw","13-067-0003","AQS"
"06/27/2021","22","","Kennesaw","13-067-0003","AQS"
"06/28/2021","41","","Douglasville","13-097-0004","AQS"
"06/29/2021","28","","Kennesaw","13-067-0003","AQS"
"06/30/2021","38","","Douglasville","13-097-0004","AQS"
"07/01/2021","36","","Dawsonville","13-085-0001","AQS"
"07/02/2021","32","","Kennesaw","13-067-0003","AQS"
"07/03/2021","48","","United Avenue","13-121-0055","AQS"
"07/04/2021","80","","Kennesaw","13-067-0003","AQS"
"07/05/2021","46","","Douglasville","13-097-0004","AQS"
"07/06/2021","45","","Kennesaw","13-067-0003","AQS"
"07/07/2021","25","","Kennesaw","13-067-0003","AQS"
"07/08/2021","28","","Douglasville","13-097-0004","AQS"
"07/09/2021","31","","McDonough","13-151-0002","AQS"
"07/10/2021","26","","McDonough","13-151-0002","AQS"
"07/11/2021","19","","Gwinnett","13-135-0002","AQS"
"07/12/2021","21","","Douglasville","13-097-0004","AQS"
"07/13/2021","31","","Dawsonville","13-085-0001","AQS"
"07/14/2021","34","","Gwinnett","13-135-0002","AQS"
"07/15/2021","45","","Conyers","13-247-0001","AQS"
"07/16/2021","45","","Gwinnett","13-135-0002","AQS"
"07/17/2021","32","","Gwinnett","13-135-0002","AQS"
"07/18/2021","31","","Gwinnett","13-135-0002","AQS"
"07/19/2021","21","","Gwinnett","13-135-0002","AQS"
"07/20/2021","29","","Conyers","13-247-0001","AQS"
"07/21/2021","37","","Conyers","13-247-0001","AQS"
"07/22/2021","64","","McDonough","13-151-0002","AQS"
"07/23/2021","87","","United Avenue","13-121-0055","AQS"
"07/24/2021","51","","Gwinnett","13-135-0002","AQS"
"07/25/2021","43","","Kennesaw","13-067-0003","AQS"
"07/26/2021","61","","Conyers","13-247-0001","AQS"
"07/27/2021","71","","United Avenue","13-121-0055","AQS"
"07/28/2021","77","","McDonough","13-151-0002","AQS"
"07/29/2021","84","","Gwinnett","13-135-0002","AQS"
"07/30/2021","58","","Conyers","13-247-0001","AQS"
"07/31/2021","67","","McDonough","13-151-0002","AQS"
"08/01/2021","51","","Gwinnett","13-135-0002","AQS"
"08/02/2021","93","","McDonough","13-151-0002","AQS"
"08/03/2021","64","","Douglasville","13-097-0004","AQS"
"08/04/2021","74","","Douglasville","13-097-0004","AQS"
"08/05/2021","84","","Douglasville","13-097-0004","AQS"
"08/06/2021","77","","Douglasville","13-097-0004","AQS"
"08/07/2021","47","","United Avenue","13-121-0055","AQS"
"08/08/2021","80","","United Avenue","13-121-0055","AQS"
"08/09/2021","84","","Gwinnett","13-135-0002","AQS"
"08/10/2021","67","","Gwinnett","13-135-0002","AQS"
"08/11/2021","39","","McDonough","13-151-0002","AQS"
"08/12/2021","115","","United Avenue","13-121-0055","AQS"
"08/13/2021","112","","South DeKalb","13-089-0002","AQS"
"08/14/2021","77","","McDonough","13-151-0002","AQS"
"08/15/2021","30","","Kennesaw","13-067-0003","AQS"
"08/16/2021","26","","Kennesaw","13-067-0003","AQS"
"08/17/2021","19","","Georgia Station","13-231-9991","AQS"
"08/18/2021","47","","South DeKalb","13-089-0002","AQS"
"08/19/2021","36","","Conyers","13-247-0001","AQS"
"08/20/2021","40","","Conyers","13-247-0001","AQS"
"08/21/2021","27","","Conyers","13-247-0001","AQS"
"08/22/2021","31","","Conyers","13-247-0001","AQS"
"08/23/2021","50","","Gwinnett","13-135-0002","AQS"
"08/24/2021","101","","Douglasville","13-097-0004","AQS"
"08/25/2021","74","","Douglasville","13-097-0004","AQS"
"08/26/2021","50","","Kennesaw","13-067-0003","AQS"
"08/27/2021","34","","Douglasville","13-097-0004","AQS"
"08/28/2021","31","","Douglasville","13-097-0004","AQS"
"08/29/2021","25","","Kennesaw","13-067-0003","AQS"
"08/30/2021","24","","Kennesaw","13-067-0003","AQS"
"08/31/2021","19","","Georgia Station","13-231-9991","AQS"
"09/01/2021","33","","Georgia Station","13-231-9991","AQS"
"09/02/2021","46","","Douglasville","13-097-0004","AQS"
"09/03/2021","61","","Douglasville","13-097-0004","AQS"
"09/04/2021","100","","Douglasville","13-097-0004","AQS"
"09/05/2021","49","","Conyers","13-247-0001","AQS"
"09/06/2021","32","","Kennesaw","13-067-0003","AQS"
"09/07/2021","35","","Douglasville","13-097-0004","AQS"
"09/08/2021","34","","Dawsonville","13-085-0001","AQS"
"09/09/2021","49","","Georgia Station","13-231-9991","AQS"
"09/10/2021","50","","Douglasville","13-097-0004","AQS"
"09/11/2021","71","","Kennesaw","13-067-0003","AQS"
"09/12/2021","42","","Kennesaw","13-067-0003","AQS"
"09/13/2021","54","","McDonough","13-151-0002","AQS"
"09/14/2021","77","","United Avenue","13-121-0055","AQS"
"09/15/2021","29","","Kennesaw","13-067-0003","AQS"
"09/16/2021","23","","Georgia Station","13-231-9991","AQS"
"09/17/2021","22","","Kennesaw","13-067-0003","AQS"
"09/18/2021","27","","Kennesaw","13-067-0003","AQS"
"09/19/2021","22","","Georgia Station","13-231-9991","AQS"
"09/20/2021","27","","Dawsonville","13-085-0001","AQS"
"09/21/2021","28","","Douglasville","13-097-0004","AQS"
"09/22/2021","33","","Kennesaw","13-067-0003","AQS"
"09/23/2021","43","","Georgia Station","13-231-9991","AQS"
"09/24/2021","51","","Douglasville","13-097-0004","AQS"
"09/25/2021","50","","McDonough","13-151-0002","AQS"
"09/26/2021","64","","McDonough","13-151-0002","AQS"
"09/27/2021","64","","South DeKalb","13-089-0002","AQS"
"09/28/2021","54","","Conyers","13-247-0001","AQS"
"09/29/2021","61","","McDonough","13-151-0002","AQS"
"09/30/2021","49","","Douglasville","13-097-0004","AQS"
"10/01/2021","54","","Kennesaw","13-067-0003","AQS"
"10/02/2021","42","","Kennesaw","13-067-0003","AQS"
"10/03/2021","30","","Georgia Station","13-231-9991","AQS"
"10/04/2021","24","","Georgia Station","13-231-9991","AQS"
"10/05/2021","30","","Georgia Station","13-231-9991","AQS"
"10/06/2021","26","","Georgia Station","13-231-9991","AQS"
"10/07/2021","23","","Kennesaw","13-067-0003","AQS"
"10/08/2021","43","","Georgia Station","13-231-9991","AQS"
"10/09/2021","45","","Georgia Station","13-231-9991","AQS"
"10/10/2021","39","","Douglasville","13-097-0004","AQS"
"10/11/2021","33","","Kennesaw","13-067-0003","AQS"
"10/12/2021","29","","Georgia Station","13-231-9991","AQS"
"10/13/2021","44","","Douglasville","13-097-0004","AQS"
"10/14/2021","46","","Gwinnett","13-135-0002","AQS"
"10/15/2021","44","","United Avenue","13-121-0055","AQS"
"10/16/2021","35","","McDonough","13-151-0002","AQS"
"10/17/2021","38","","Georgia Station","13-231-9991","AQS"
"10/18/2021","41","","Douglasville","13-097-0004","AQS"
"10/19/2021","44","","Dawsonville","13-085-0001","AQS"
"10/20/2021","45","","United Avenue","13-121-0055","AQS"
"10/21/2021","35","","Georgia Station","13-231-9991","AQS"
"10/22/2021","42","","United Avenue","13-121-0055","AQS"
"10/23/2021","41","","United Avenue","13-121-0055","AQS"
"10/24/2021","42","","Kennesaw","13-067-0003","AQS"
"10/25/2021","29","","Douglasville","13-097-0004","AQS"
"10/26/2021","29","","Douglasville","13-097-0004","AQS"
"10/27/2021","35","","Georgia Station","13-231-9991","AQS"
"10/28/2021","31","","Georgia Station","13-231-9991","AQS"
"10/29/2021","23","","Georgia Station","13-231-9991","AQS"
"10/30/2021","19","","Georgia Station","13-231-9991","AQS"
"10/31/2021","29","","Georgia Station","13-231-9991","AQS"
"11/01/2021","34","","Georgia Station","13-231-9991","AQS"
"11/02/2021","36","","Georgia Station","13-231-9991","AQS"
"11/03/2021","29","","Georgia Station","13-231-9991","AQS"
"11/04/2021","24","","Georgia Station","13-231-9991","AQS"
"11/05/2021","30","","Georgia Station","13-231-9991","AQS"
"11/06/2021","36","","Georgia Station","13-231-9991","AQS"
"11/07/2021","41","","Georgia Station","13-231-9991","AQS"
"11/08/2021","44","","Georgia Station","13-231-9991","AQS"
"11/09/2021","50","","Georgia Station","13-231-9991","AQS"
"11/10/2021","44","","Georgia Station","13-231-9991","AQS"
"11/11/2021","39","","Georgia Station","13-231-9991","AQS"
"11/12/2021","40","","Georgia Station","13-231-9991","AQS"
"11/13/2021","33","","Georgia Station","13-231-9991","AQS"
"11/14/2021","33","","Georgia Station","13-231-9991","AQS"
"11/15/2021","37","","Georgia Station","13-231-9991","AQS"
"11/16/2021","49","","Georgia Station","13-231-9991","AQS"
"11/17/2021","43","","Georgia Station","13-231-9991","AQS"
"11/18/2021","37","","Georgia Station","13-231-9991","AQS"
"11/19/2021","33","","Georgia Station","13-231-9991","AQS"
"11/20/2021","36","","Georgia Station","13-231-9991","AQS"
"11/21/2021","34","","Georgia Station","13-231-9991","AQS"
"11/22/2021","36","","Georgia Station","13-231-9991","AQS"
"11/23/2021","34","","Georgia Station","13-231-9991","AQS"
"11/24/2021","40","","Georgia Station","13-231-9991","AQS"
"11/25/2021","40","","Georgia Station","13-231-9991","AQS"
"11/26/2021","32","","Georgia Station","13-231-9991","AQS"
"11/27/2021","36","","Georgia Station","13-231-9991","AQS"
"11/28/2021","28","","Georgia Station","13-231-9991","AQS"
"11/29/2021","37","","Georgia Station","13-231-9991","AQS"
"11/30/2021","41","","Georgia Station","13-231-9991","AQS"
"12/01/2021","44","","Georgia Station","13-231-9991","AQS"
"12/02/2021","44","","Georgia Station","13-231-9991","AQS"
"12/03/2021","46","","Georgia Station","13-231-9991","AQS"
"12/04/2021","44","","Georgia Station","13-231-9991","AQS"
"12/05/2021","39","","Georgia Station","13-231-9991","AQS"
"12/06/2021","31","","Georgia Station","13-231-9991","AQS"
"12/07/2021","19","","Georgia Station","13-231-9991","AQS"
"12/08/2021","18","","Georgia Station","13-231-9991","AQS"
"12/09/2021","25","","Georgia Station","13-231-9991","AQS"
"12/10/2021","15","","Georgia Station","13-231-9991","AQS"
"12/11/2021","26","","Georgia Station","13-231-9991","AQS"
"12/12/2021","31","","Georgia Station","13-231-9991","AQS"
"12/13/2021","35","","Georgia Station","13-231-9991","AQS"
"12/14/2021","37","","Georgia Station","13-231-9991","AQS"
"12/15/2021","32","","Georgia Station","13-231-9991","AQS"
"12/16/2021","28","","Georgia Station","13-231-9991","AQS"
"12/17/2021","20","","Georgia Station","13-231-9991","AQS"
"12/18/2021","26","","Georgia Station","13-231-9991","AQS"
"12/19/2021","24","","Georgia Station","13-231-9991","AQS"
"12/20/2021","26","","Georgia Station","13-231-9991","AQS"
"12/21/2021","25","","Georgia Station","13-231-9991","AQS"
"12/22/2021","37","","Georgia Station","13-231-9991","AQS"
"12/23/2021","37","","Georgia Station","13-231-9991","AQS"
"12/24/2021","44","","Georgia Station","13-231-9991","AQS"
"12/25/2021","38","","Georgia Station","13-231-9991","AQS"
"12/26/2021","30","","Georgia Station","13-231-9991","AQS"
"12/27/2021","32","","Georgia Station","13-231-9991","AQS"
"12/28/2021","30","","Georgia Station","13-231-9991","AQS"
"12/29/2021","29","","Georgia Station","13-231-9991","AQS"
"12/30/2021","25","","Georgia Station","13-231-9991","AQS"
"12/31/2021","20","","Georgia Station","13-231-9991","AQS"
"01/01/2022","25","","Georgia Station","13-231-9991","AQS"
"01/02/2022","34","","Georgia Station","13-231-9991","AQS"
"01/03/2022","30","","Georgia Station","13-231-9991","AQS"
"01/04/2022","30","","South DeKalb","13-089-0002","AQS"
"01/05/2022","42","","Georgia Station","13-231-9991","AQS"
"01/06/2022","38","","Georgia Station","13-231-9991","AQS"
"01/07/2022","31","","Georgia Station","13-231-9991","AQS"
"01/08/2022","32","","Georgia Station","13-231-9991","AQS"
"01/09/2022","31","","Georgia Station","13-231-9991","AQS"
"01/10/2022","38","","Georgia Station","13-231-9991","AQS"
"01/11/2022","39","","Georgia Station","13-231-9991","AQS"
"01/12/2022","42","","Georgia Station","13-231-9991","AQS"
"01/13/2022","43","","Georgia Station","13-231-9991","AQS"
"01/14/2022","38","","Georgia Station","13-231-9991","AQS"
"01/15/2022","25","","Georgia Station","13-231-9991","AQS"
"01/16/2022","29","","Georgia Station","13-231-9991","AQS"
"01/17/2022","31","","Georgia Station","13-231-9991","AQS"
"01/18/2022","34","","Georgia Station","13-231-9991","AQS"
"01/19/2022","40","","Georgia Station","13-231-9991","AQS"
"01/20/2022","37","","Georgia Station","13-231-9991","AQS"
"01/21/2022","10","","South DeKalb","13-089-0002","AQS"
"01/22/2022","29","","Georgia Station","13-231-9991","AQS"
"01/23/2022","36","","Georgia Station","13-231-9991","AQS"
"01/24/2022","40","","Georgia Station","13-231-9991","AQS"
"01/25/2022","37","","Georgia Station","13-231-9991","AQS"
"01/26/2022","29","","Georgia Station","13-231-9991","AQS"
"01/27/2022","35","","Georgia Station","13-231-9991","AQS"
"01/28/2022","32","","Georgia Station","13-231-9991","AQS"
"01/29/2022","32","","South DeKalb","13-089-0002","AQS"
"01/30/2022","38","","South DeKalb","13-089-0002","AQS"
"01/31/2022","28","","South DeKalb","13-089-0002","AQS"
"02/01/2022","40","","South DeKalb","13-089-0002","AQS"
"02/02/2022","33","","South DeKalb","13-089-0002","AQS"
"02/03/2022","24","","South DeKalb","13-089-0002","AQS"
"02/04/2022","23","","South DeKalb","13-089-0002","AQS"
"02/05/2022","34","","South DeKalb","13-089-0002","AQS"
"02/06/2022","37","","South DeKalb","13-089-0002","AQS"
"02/07/2022","28","","South DeKalb","13-089-0002","AQS"
"02/08/2022","33","","South DeKalb","13-089-0002","AQS"
"02/09/2022","41","","Georgia Station","13-231-9991","AQS"
"02/10/2022","45","","Georgia Station","13-231-9991","AQS"
"02/11/2022","61","","Georgia Station","13-231-9991","AQS"
"02/12/2022","64","","Georgia Station","13-231-9991","AQS"
"02/13/2022","35","","Georgia Station","13-231-9991","AQS"
"02/14/2022","41","","Georgia Station","13-231-9991","AQS"
"02/15/2022","48","","Georgia Station","13-231-9991","AQS"
"02/16/2022","40","","Georgia Station","13-231-9991","AQS"
"02/17/2022","31","","Georgia Station","13-231-9991","AQS"
"02/18/2022","29","","Georgia Station","13-231-9991","AQS"
"02/19/2022","39","","Georgia Station","13-231-9991","AQS"
"02/20/2022","40","","Georgia Station","13-231-9991","AQS"
"02/21/2022","30","","Georgia Station","13-231-9991","AQS"
"02/22/2022","36","","Georgia Station","13-231-9991","AQS"
"02/23/2022","33","","Georgia Station","13-231-9991","AQS"
"02/24/2022","28","","South DeKalb","13-089-0002","AQS"
"02/25/2022","29","","Georgia Station","13-231-9991","AQS"
"02/26/2022","31","","Georgia Station","13-231-9991","AQS"
"02/27/2022","19","","Georgia Station","13-231-9991","AQS"
"02/28/2022","41","","Georgia Station","13-231-9991","AQS"
"03/01/2022","48","","McDonough","13-151-0002","AQS"
"03/02/2022","58","","Douglasville","13-097-0004","AQS"
"03/03/2022","80","","Douglasville","13-097-0004","AQS"
"03/04/2022","100","","Georgia Station","13-231-9991","AQS"
"03/05/2022","64","","McDonough","13-151-0002","AQS"
"03/06/2022","39","","Dawsonville","13-085-0001","AQS"
"03/07/2022","30","","Dawsonville","13-085-0001","AQS"
"03/08/2022","24","","Dawsonville","13-085-0001","AQS"
"03/09/2022","30","","Douglasville","13-097-0004","AQS"
"03/10/2022","38","","Douglasville","13-097-0004","AQS"
"03/11/2022","26","","Dawsonville","13-085-0001","AQS"
"03/12/2022","42","","McDonough","13-151-0002","AQS"
"03/13/2022","44","","Dawsonville","13-085-0001","AQS"
"03/14/2022","46","","Dawsonville","13-085-0001","AQS"
"03/15/2022","40","","Dawsonville","13-085-0001","AQS"
"03/16/2022","35","","Georgia Station","13-231-9991","AQS"
"03/17/2022","44","","Dawsonville","13-085-0001","AQS"
"03/18/2022","36","","Georgia Station","13-231-9991","AQS"
"03/19/2022","40","","McDonough","13-151-0002","AQS"
"03/20/2022","46","","McDonough","13-151-0002","AQS"
"03/21/2022","51","","McDonough","13-151-0002","AQS"
"03/22/2022","50","","United Avenue","13-121-0055","AQS"
"03/23/2022","38","","Douglasville","13-097-0004","AQS"
"03/24/2022","47","","Douglasville","13-097-0004","AQS"
"03/25/2022","45","","Georgia Station","13-231-9991","AQS"
"03/26/2022","45","","McDonough","13-151-0002","AQS"
"03/27/2022","47","","McDonough","13-151-0002","AQS"
"03/28/2022","48","","McDonough","13-151-0002","AQS"
"03/29/2022","64","","Conyers","13-247-0001","AQS"
"03/30/2022","64","","McDonough","13-151-0002","AQS"
"03/31/2022","42","","McDonough","13-151-0002","AQS"
"04/01/2022","44","","McDonough","13-151-0002","AQS"
"04/02/2022","43","","Douglasville","13-097-0004","AQS"
"04/03/2022","51","","McDonough","13-151-0002","AQS"
"04/04/2022","64","","Dawsonville","13-085-0001","AQS"
"04/05/2022","36","","McDonough","13-151-0002","AQS"
"04/06/2022","30","","Douglasville","13-097-0004","AQS"
"04/07/2022","47","","McDonough","13-151-0002","AQS"
"04/08/2022","40","","McDonough","13-151-0002","AQS"
"04/09/2022","40","","Douglasville","13-097-0004","AQS"
"04/10/2022","49","","Dawsonville","13-085-0001","AQS"
"04/11/2022","45","","McDonough","13-151-0002","AQS"
"04/12/2022","49","","Dawsonville","13-085-0001","AQS"
"04/13/2022","41","","Dawsonville","13-085-0001","AQS"
"04/14/2022","45","","United Avenue","13-121-0055","AQS"
"04/15/2022","49","","McDonough","13-151-0002","AQS"
"04/16/2022","32","","McDonough","13-151-0002","AQS"
"04/17/2022","44","","Gwinnett","13-135-0002","AQS"
"04/18/2022","37","","Dawsonville","13-085-0001","AQS"
"04/19/2022","47","","McDonough","13-151-0002","AQS"
"04/20/2022","48","","Douglasville","13-097-0004","AQS"
"04/21/2022","47","","Dawsonville","13-085-0001","AQS"
"04/22/2022","50","","Kennesaw","13-067-0003","AQS"
"04/23/2022","46","","McDonough","13-151-0002","AQS"
"04/24/2022","44","","Dawsonville","13-085-0001","AQS"
"04/25/2022","46","","Dawsonville","13-085-0001","AQS"
"04/26/2022","33","","Dawsonville","13-085-0001","AQS"
"04/27/2022","71","","United Avenue","13-121-0055","AQS"
"04/28/2022","80","","Kennesaw","13-067-0003","AQS"
"04/29/2022","87","","McDonough","13-151-0002","AQS"
"04/30/2022","45","","Dawsonville","13-085-0001","AQS"
"05/01/2022","32","","Dawsonville","13-085-0001","AQS"
"05/02/2022","51","","Dawsonville","13-085-0001","AQS"
"05/03/2022","38","","McDonough","13-151-0002","AQS"
"05/04/2022","41","","Conyers","13-247-0001","AQS"
"05/05/2022","67","","Gwinnett","13-135-0002","AQS"
"05/06/2022","45","","McDonough","13-151-0002","AQS"
"05/07/2022","36","","McDonough","13-151-0002","AQS"
"05/08/2022","31","","Dawsonville","13-085-0001","AQS"
"05/09/2022","47","","Douglasville","13-097-0004","AQS"
"05/10/2022","87","","Douglasville","13-097-0004","AQS"
"05/11/2022","101","","McDonough","13-151-0002","AQS"
"05/12/2022","54","","Douglasville","13-097-0004","AQS"
"05/13/2022","39","","Douglasville","13-097-0004","AQS"
"05/14/2022","50","","United Avenue","13-121-0055","AQS"
"05/15/2022","44","","United Avenue","13-121-0055","AQS"
"05/16/2022","67","","Conyers","13-247-0001","AQS"
"05/17/2022","101","","United Avenue","13-121-0055","AQS"
"05/18/2022","136","","Dawsonville","13-085-0001","AQS"
"05/19/2022","50","","Gwinnett","13-135-0002","AQS"
"05/20/2022","46","","Dawsonville","13-085-0001","AQS"
"05/21/2022","33","","United Avenue","13-121-0055","AQS"
"05/22/2022","39","","Dawsonville","13-085-0001","AQS"
"05/23/2022","27","","McDonough","13-151-0002","AQS"
"05/24/2022","37","","Gwinnett","13-135-0002","AQS"
"05/25/2022","26","","McDonough","13-151-0002","AQS"
"05/26/2022","24","","Georgia Station","13-231-9991","AQS"
"05/27/2022","46","","United Avenue","13-121-0055","AQS"
"05/28/2022","54","","McDonough","13-151-0002","AQS"
"05/29/2022","48","","Kennesaw","13-067-0003","AQS"
"05/30/2022","45","","Douglasville","13-097-0004","AQS"
"05/31/2022","54","","Douglasville","13-097-0004","AQS"
"06/01/2022","84","","United Avenue","13-121-0055","AQS"
"06/02/2022","50","","Conyers","13-247-0001","AQS"
"06/03/2022","61","","McDonough","13-151-0002","AQS"
"06/04/2022","50","","Douglasville","13-097-0004","AQS"
"06/05/2022","77","","Douglasville","13-097-0004","AQS"
"06/06/2022","39","","Kennesaw","13-067-0003","AQS"
"06/07/2022","39","","United Avenue","13-121-0055","AQS"
"06/08/2022","36","","United Avenue","13-121-0055","AQS"
"06/09/2022","45","","United Avenue","13-121-0055","AQS"
"06/10/2022","71","","United Avenue","13-121-0055","AQS"
"06/11/2022","80","","Conyers","13-247-0001","AQS"
"06/12/2022","46","","Gwinnett","13-135-0002","AQS"
"06/13/2022","51","","Conyers","13-247-0001","AQS"
"06/14/2022","45","","United Avenue","13-121-0055","AQS"
"06/15/2022","64","","Georgia Station","13-231-9991","AQS"
"06/16/2022","133","","Douglasville","13-097-0004","AQS"
"06/17/2022","84","","Conyers","13-247-0001","AQS"
"06/18/2022","71","","McDonough","13-151-0002","AQS"
"06/19/2022","54","","Douglasville","13-097-0004","AQS"
"06/20/2022","169","","United Avenue","13-121-0055","AQS"
"06/21/2022","105","","McDonough","13-151-0002","AQS"
"06/22/2022","101","","McDonough","13-151-0002","AQS"
"06/23/2022","97","","McDonough","13-151-0002","AQS"
"06/24/2022","80","","Douglasville","13-097-0004","AQS"
"06/25/2022","47","","Kennesaw","13-067-0003","AQS"
"06/26/2022","51","","United Avenue","13-121-0055","AQS"
"06/27/2022","46","","United Avenue","13-121-0055","AQS"
"06/28/2022","44","","Douglasville","13-097-0004","AQS"
"06/29/2022","47","","Douglasville","13-097-0004","AQS"
"06/30/2022","51","","Douglasville","13-097-0004","AQS"
"07/01/2022","39","","Kennesaw","13-067-0003","AQS"
"07/02/2022","54","","Conyers","13-247-0001","AQS"
"07/03/2022","37","","McDonough","13-151-0002","AQS"
"07/04/2022","45","","United Avenue","13-121-0055","AQS"
"07/05/2022","80","","United Avenue","13-121-0055","AQS"
"07/06/2022","45","","Gwinnett","13-135-0002","AQS"
"07/07/2022","40","","Conyers","13-247-0001","AQS"
"07/08/2022","43","","Conyers","13-247-0001","AQS"
"07/09/2022","40","","Gwinnett","13-135-0002","AQS"
"07/10/2022","43","","Conyers","13-247-0001","AQS"
"07/11/2022","36","","Kennesaw","13-067-0003","AQS"
"07/12/2022","48","","Kennesaw","13-067-0003","AQS"
"07/13/2022","42","","Gwinnett","13-135-0002","AQS"
"07/14/2022","74","","McDonough","13-151-0002","AQS"
"07/15/2022","77","","United Avenue","13-121-0055","AQS"
"07/16/2022","58","","Kennesaw","13-067-0003","AQS"
"07/17/2022","35","","Gwinnett","13-135-0002","AQS"
"07/18/2022","35","","Gwinnett","13-135-0002","AQS"
"07/19/2022","39","","Conyers","13-247-0001","AQS"
"07/20/2022","37","","Gwinnett","13-135-0002","AQS"
"07/21/2022","37","","Gwinnett","13-135-0002","AQS"
"07/22/2022","67","","Gwinnett","13-135-0002","AQS"
"07/23/2022","61","","Gwinnett","13-135-0002","AQS"
"07/24/2022","33","","South DeKalb","13-089-0002","AQS"
"07/25/2022","36","","Gwinnett","13-135-0002","AQS"
"07/26/2022","38","","Gwinnett","13-135-0002","AQS"
"07/27/2022","38","","Gwinnett","13-135-0002","AQS"
"07/28/2022","36","","United Avenue","13-121-0055","AQS"
"07/29/2022","35","","South DeKalb","13-089-0002","AQS"
"07/30/2022","38","","Gwinnett","13-135-0002","AQS"
"07/31/2022","25","","Gwinnett","13-135-0002","AQS"
"08/01/2022","28","","Georgia Station","13-231-9991","AQS"
"08/02/2022","41","","Conyers","13-247-0001","AQS"
"08/03/2022","48","","Kennesaw","13-067-0003","AQS"
"08/04/2022","45","","Kennesaw","13-067-0003","AQS"
"08/05/2022","46","","Kennesaw","13-067-0003","AQS"
"08/06/2022","37","","Kennesaw","13-067-0003","AQS"
"08/07/2022","43","","United Avenue","13-121-0055","AQS"
"08/08/2022","50","","South DeKalb","13-089-0002","AQS"
"08/09/2022","44","","United Avenue","13-121-0055","AQS"
"08/10/2022","37","","Gwinnett","13-135-0002","AQS"
"08/11/2022","37","","United Avenue","13-121-0055","AQS"
"08/12/2022","42","","United Avenue","13-121-0055","AQS"
"08/13/2022","43","","Douglasville","13-097-0004","AQS"
"08/14/2022","42","","Gwinnett","13-135-0002","AQS"
"08/15/2022","40","","Gwinnett","13-135-0002","AQS"
"08/16/2022","51","","United Avenue","13-121-0055","AQS"
"08/17/2022","42","","Kennesaw","13-067-0003","AQS"
"08/18/2022","42","","Kennesaw","13-067-0003","AQS"
"08/19/2022","28","","Douglasville","13-097-0004","AQS"
"08/20/2022","33","","Gwinnett","13-135-0002","AQS"
"08/21/2022","27","","Gwinnett","13-135-0002","AQS"
"08/22/2022","34","","Gwinnett","13-135-0002","AQS"
"08/23/2022","46","","United Avenue","13-121-0055","AQS"
"08/24/2022","37","","Gwinnett","13-135-0002","AQS"
"08/25/2022","29","","Dawsonville","13-085-0001","AQS"
"08/26/2022","44","","Conyers","13-247-0001","AQS"
"08/27/2022","49","","Douglasville","13-097-0004","AQS"
"08/28/2022","36","","Kennesaw","13-067-0003","AQS"
"08/29/2022","44","","Douglasville","13-097-0004","AQS"
"08/30/2022","38","","South DeKalb","13-089-0002","AQS"
"08/31/2022","64","","McDonough","13-151-0002","AQS"
"09/01/2022","105","","Kennesaw","13-067-0003","AQS"
"09/02/2022","42","","Douglasville","13-097-0004","AQS"
"09/03/2022","28","","Kennesaw","13-067-0003","AQS"
"09/04/2022","20","","Georgia Station","13-231-9991","AQS"
"09/05/2022","26","","Gwinnett","13-135-0002","AQS"
"09/06/2022","35","","Conyers","13-247-0001","AQS"
"09/07/2022","48","","McDonough","13-151-0002","AQS"
"09/08/2022","42","","Douglasville","13-097-0004","AQS"
"09/09/2022","33","","Kennesaw","13-067-0003","AQS"
"09/10/2022","24","","Dawsonville","13-085-0001","AQS"
"09/11/2022","30","","Georgia Station","13-231-9991","AQS"
"09/12/2022","36","","Conyers","13-247-0001","AQS"
"09/13/2022","49","","Georgia Station","13-231-9991","AQS"
"09/14/2022","54","","United Avenue","13-121-0055","AQS"
"09/15/2022","58","","Douglasville","13-097-0004","AQS"
"09/16/2022","58","","Douglasville","13-097-0004","AQS"
"09/17/2022","58","","Douglasville","13-097-0004","AQS"
"09/18/2022","47","","United Avenue","13-121-0055","AQS"
"09/19/2022","71","","Georgia Station","13-231-9991","AQS"
"09/20/2022","54","","McDonough","13-151-0002","AQS"
"09/21/2022","150","","United Avenue","13-121-0055","AQS"
"09/22/2022","54","","Conyers","13-247-0001","AQS"
"09/23/2022","64","","Douglasville","13-097-0004","AQS"
"09/24/2022","87","","Kennesaw","13-067-0003","AQS"
"09/25/2022","40","","Georgia Station","13-231-9991","AQS"
"09/26/2022","47","","Conyers","13-247-0001","AQS"
"09/27/2022","44","","Georgia Station","13-231-9991","AQS"
"09/28/2022","45","","Georgia Station","13-231-9991","AQS"
"09/29/2022","38","","Georgia Station","13-231-9991","AQS"
"09/30/2022","38","","Douglasville","13-097-0004","AQS"
"10/01/2022","37","","Georgia Station","13-231-9991","AQS"
"10/02/2022","35","","Georgia Station","13-231-9991","AQS"
"10/03/2022","35","","Douglasville","13-097-0004","AQS"
"10/04/2022","39","","Conyers","13-247-0001","AQS"
"10/05/2022","44","","Georgia Station","13-231-9991","AQS"
"10/06/2022","54","","Conyers","13-247-0001","AQS"
"10/07/2022","84","","Conyers","13-247-0001","AQS"
"10/08/2022","44","","Conyers","13-247-0001","AQS"
"10/09/2022","48","","Georgia Station","13-231-9991","AQS"
"10/10/2022","61","","United Avenue","13-121-0055","AQS"
"10/11/2022","44","","Georgia Station","13-231-9991","AQS"
"10/12/2022","30","","Georgia Station","13-231-9991","AQS"
"10/13/2022","38","","Georgia Station","13-231-9991","AQS"
"10/14/2022","41","","Dawsonville","13-085-0001","AQS"
"10/15/2022","42","","Dawsonville","13-085-0001","AQS"
"10/16/2022","42","","Gwinnett","13-135-0002","AQS"
"10/17/2022","42","","Georgia Station","13-231-9991","AQS"
"10/18/2022","31","","Georgia Station","13-231-9991","AQS"
"10/19/2022","31","","Dawsonville","13-085-0001","AQS"
"10/20/2022","38","","Douglasville","13-097-0004","AQS"
"10/21/2022","45","","Georgia Station","13-231-9991","AQS"
"10/22/2022","71","","Georgia Station","13-231-9991","AQS"
"10/23/2022","58","","Douglasville","13-097-0004","AQS"
"10/24/2022","46","","Dawsonville","13-085-0001","AQS"
"10/25/2022","48","","Conyers","13-247-0001","AQS"
"10/26/2022","29","","Georgia Station","13-231-9991","AQS"
"10/27/2022","38","","Douglasville","13-097-0004","AQS"
"10/28/2022","36","","Georgia Station","13-231-9991","AQS"
"10/29/2022","30","","Dawsonville","13-085-0001","AQS"
"10/30/2022","19","","Dawsonville","13-085-0001","AQS"
"10/31/2022","33","","Douglasville","13-097-0004","AQS"
"11/01/2022","39","","Georgia Station","13-231-9991","AQS"
"11/02/2022","40","","Georgia Station","13-231-9991","AQS"
"11/03/2022","39","","Georgia Station","13-231-9991","AQS"
"11/04/2022","40","","Georgia Station","13-231-9991","AQS"
"11/05/2022","33","","Georgia Station","13-231-9991","AQS"
"11/06/2022","31","","Georgia Station","13-231-9991","AQS"
"11/07/2022","34","","Georgia Station","13-231-9991","AQS"
"11/08/2022","41","","Georgia Station","13-231-9991","AQS"
"11/09/2022","38","","Georgia Station","13-231-9991","AQS"
"11/10/2022","33","","Georgia Station","13-231-9991","AQS"
"11/11/2022","22","","Georgia Station","13-231-9991","AQS"
"11/12/2022","27","","Georgia Station","13-231-9991","AQS"
"11/13/2022","25","","Georgia Station","13-231-9991","AQS"
"11/14/2022","28","","Georgia Station","13-231-9991","AQS"
"11/15/2022","20","","Georgia Station","13-231-9991","AQS"
"11/16/2022","30","","Georgia Station","13-231-9991","AQS"
"11/17/2022","34","","Georgia Station","13-231-9991","AQS"
"11/18/2022","33","","Georgia Station","13-231-9991","AQS"
"11/19/2022","37","","Georgia Station","13-231-9991","AQS"
"11/20/2022","31","","Georgia Station","13-231-9991","AQS"
"11/21/2022","42","","Georgia Station","13-231-9991","AQS"
"11/22/2022","34","","Georgia Station","13-231-9991","AQS"
"11/23/2022","42","","Georgia Station","13-231-9991","AQS"
"11/24/2022","35","","Georgia Station","13-231-9991","AQS"
"11/25/2022","28","","Georgia Station","13-231-9991","AQS"
"11/26/2022","29","","Georgia Station","13-231-9991","AQS"
"11/27/2022","34","","Georgia Station","13-231-9991","AQS"
"11/28/2022","34","","Georgia Station","13-231-9991","AQS"
"11/29/2022","41","","Georgia Station","13-231-9991","AQS"
"11/30/2022","32","","Georgia Station","13-231-9991","AQS"
"12/01/2022","30","","Georgia Station","13-231-9991","AQS"
"12/02/2022","33","","Georgia Station","13-231-9991","AQS"
"12/03/2022","29","","Georgia Station","13-231-9991","AQS"
"12/04/2022","22","","Georgia Station","13-231-9991","AQS"
"12/05/2022","11","","Georgia Station","13-231-9991","AQS"
"12/06/2022","8","","Georgia Station","13-231-9991","AQS"
"12/07/2022","23","","Georgia Station","13-231-9991","AQS"
"12/08/2022","29","","Georgia Station","13-231-9991","AQS"
"12/09/2022","20","","Georgia Station","13-231-9991","AQS"
"12/10/2022","18","","Georgia Station","13-231-9991","AQS"
"12/11/2022","18","","Georgia Station","13-231-9991","AQS"
"12/12/2022","15","","Georgia Station","13-231-9991","AQS"
"12/13/2022","24","","Georgia Station","13-231-9991","AQS"
"12/14/2022","23","","Georgia Station","13-231-9991","AQS"
"12/15/2022","34","","Georgia Station","13-231-9991","AQS"
"12/16/2022","33","","Georgia Station","13-231-9991","AQS"
"12/17/2022","28","","Georgia Station","13-231-9991","AQS"
"12/18/2022","35","","Georgia Station","13-231-9991","AQS"
"12/19/2022","32","","Georgia Station","13-231-9991","AQS"
"12/20/2022","28","","Georgia Station","13-231-9991","AQS"
"12/21/2022","30","","Georgia Station","13-231-9991","AQS"
"12/22/2022","20","","Georgia Station","13-231-9991","AQS"
"12/23/2022","31","","Georgia Station","13-231-9991","AQS"
"12/24/2022","31","","Georgia Station","13-231-9991","AQS"
"12/25/2022","35","","Georgia Station","13-231-9991","AQS"
"12/26/2022","37","","Georgia Station","13-231-9991","AQS"
"12/27/2022","40","","Georgia Station","13-231-9991","AQS"
"12/28/2022","43","","Georgia Station","13-231-9991","AQS"
"12/29/2022","42","","Georgia Station","13-231-9991","AQS"
"12/30/2022","40","","Georgia Station","13-231-9991","AQS"
"12/31/2022","26","","Georgia Station","13-231-9991","AQS"
"01/01/2023","30","","Georgia Station","13-231-9991","AQS"
"01/02/2023","23","","Georgia Station","13-231-9991","AQS"
"01/03/2023","25","","Georgia Station","13-231-9991","AQS"
"01/04/2023","36","","Georgia Station","13-231-9991","AQS"
"01/05/2023","37","","Georgia Station","13-231-9991","AQS"
"01/06/2023","38","","Georgia Station","13-231-9991","AQS"
"01/07/2023","33","","South DeKalb","13-089-0002","AQS"
"01/08/2023","40","","Georgia Station","13-231-9991","AQS"
"01/09/2023","34","","Georgia Station","13-231-9991","AQS"
"01/10/2023","39","","Georgia Station","13-231-9991","AQS"
"01/11/2023","37","","Georgia Station","13-231-9991","AQS"
"01/12/2023","27","","South DeKalb","13-089-0002","AQS"
"01/13/2023","26","","Georgia Station","13-231-9991","AQS"
"01/14/2023","32","","Georgia Station","13-231-9991","AQS"
"01/15/2023","36","","Georgia Station","13-231-9991","AQS"
"01/16/2023","38","","Georgia Station","13-231-9991","AQS"
"01/17/2023","35","","Georgia Station","13-231-9991","AQS"
"01/18/2023","31","","Georgia Station","13-231-9991","AQS"
"01/19/2023","42","","Georgia Station","13-231-9991","AQS"
"01/20/2023","35","","Georgia Station","13-231-9991","AQS"
"01/21/2023","25","","Georgia Station","13-231-9991","AQS"
"01/22/2023","22","","Georgia Station","13-231-9991","AQS"
"01/23/2023","32","","Georgia Station","13-231-9991","AQS"
"01/24/2023","33","","Georgia Station","13-231-9991","AQS"
"01/25/2023","37","","Georgia Station","13-231-9991","AQS"
"01/26/2023","35","","Georgia Station","13-231-9991","AQS"
"01/27/2023","37","","Georgia Station","13-231-9991","AQS"
"01/28/2023","41","","Georgia Station","13-231-9991","AQS"
"01/29/2023","37","","Georgia Station","13-231-9991","AQS"
"01/30/2023","28","","Georgia Station","13-231-9991","AQS"
"01/31/2023","23","","Georgia Station","13-231-9991","AQS"
"02/01/2023","26","","Georgia Station","13-231-9991","AQS"
"02/02/2023","28","","Georgia Station","13-231-9991","AQS"
"02/03/2023","36","","Georgia Station","13-231-9991","AQS"
"02/04/2023","36","","Georgia Station","13-231-9991","AQS"
"02/05/2023","38","","Georgia Station","13-231-9991","AQS"
"02/06/2023","44","","Georgia Station","13-231-9991","AQS"
"02/07/2023","47","","Georgia Station","13-231-9991","AQS"
"02/08/2023","42","","Georgia Station","13-231-9991","AQS"
"02/09/2023","34","","Georgia Station","13-231-9991","AQS"
"02/10/2023","33","","Georgia Station","13-231-9991","AQS"
"02/11/2023","36","","Georgia Station","13-231-9991","AQS"
"02/12/2023","33","","Georgia Station","13-231-9991","AQS"
"02/13/2023","43","","Georgia Station","13-231-9991","AQS"
"02/14/2023","54","","Georgia Station","13-231-9991","AQS"
"02/15/2023","41","","Georgia Station","13-231-9991","AQS"
"02/16/2023","39","","Georgia Station","13-231-9991","AQS"
"02/17/2023","31","","Georgia Station","13-231-9991","AQS"
"02/18/2023","39","","Georgia Station","13-231-9991","AQS"
"02/19/2023","44","","Georgia Station","13-231-9991","AQS"
"02/20/2023","44","","Georgia Station","13-231-9991","AQS"
"02/21/2023","31","","Georgia Station","13-231-9991","AQS"
"02/22/2023","36","","Georgia Station","13-231-9991","AQS"
"02/23/2023","31","","Georgia Station","13-231-9991","AQS"
"02/24/2023","30","","South DeKalb","13-089-0002","AQS"
"02/25/2023","32","","Georgia Station","13-231-9991","AQS"
"02/26/2023","27","","Georgia Station","13-231-9991","AQS"
"02/27/2023","29","","Georgia Station","13-231-9991","AQS"
"02/28/2023","58","","Georgia Station","13-231-9991","AQS"
"03/01/2023","35","","Dawsonville","13-085-0001","AQS"
"03/02/2023","28","","Douglasville","13-097-0004","AQS"
"03/03/2023","40","","Dawsonville","13-085-0001","AQS"
"03/04/2023","44","","Conyers","13-247-0001","AQS"
"03/05/2023","48","","Georgia Station","13-231-9991","AQS"
"03/06/2023","64","","Georgia Station","13-231-9991","AQS"
"03/07/2023","67","","Douglasville","13-097-0004","AQS"
"03/08/2023","47","","Georgia Station","13-231-9991","AQS"
"03/09/2023","42","","Georgia Station","13-231-9991","AQS"
"03/10/2023","40","","Gwinnett","13-135-0002","AQS"
"03/11/2023","43","","Gwinnett","13-135-0002","AQS"
"03/12/2023","33","","Georgia Station","13-231-9991","AQS"
"03/13/2023","40","","Georgia Station","13-231-9991","AQS"
"03/14/2023","41","","Georgia Station","13-231-9991","AQS"
"03/15/2023","54","","Douglasville","13-097-0004","AQS"
"03/16/2023","61","","Georgia Station","13-231-9991","AQS"
"03/17/2023","44","","Georgia Station","13-231-9991","AQS"
"03/18/2023","44","","Gwinnett","13-135-0002","AQS"
"03/19/2023","43","","Georgia Station","13-231-9991","AQS"
"03/20/2023","46","","Georgia Station","13-231-9991","AQS"
"03/21/2023","64","","Georgia Station","13-231-9991","AQS"
"03/22/2023","48","","Georgia Station","13-231-9991","AQS"
"03/23/2023","47","","Dawsonville","13-085-0001","AQS"
"03/24/2023","38","","Georgia Station","13-231-9991","AQS"
"03/25/2023","46","","Dawsonville","13-085-0001","AQS"
"03/26/2023","37","","Dawsonville","13-085-0001","AQS"
"03/27/2023","49","","Dawsonville","13-085-0001","AQS"
"03/28/2023","48","","Dawsonville","13-085-0001","AQS"
"03/29/2023","61","","Douglasville","13-097-0004","AQS"
"03/30/2023","90","","Dawsonville","13-085-0001","AQS"
"03/31/2023","58","","Georgia Station","13-231-9991","AQS"
"04/01/2023","48","","United Avenue","13-121-0055","AQS"
"04/02/2023","54","","United Avenue","13-121-0055","AQS"
"04/03/2023","35","","Georgia Station","13-231-9991","AQS"
"04/04/2023","32","","Dawsonville","13-085-0001","AQS"
"04/05/2023","38","","Dawsonville","13-085-0001","AQS"
"04/06/2023","38","","Dawsonville","13-085-0001","AQS"
"04/07/2023","37","","Dawsonville","13-085-0001","AQS"
"04/08/2023","39","","Dawsonville","13-085-0001","AQS"
"04/09/2023","48","","Gwinnett","13-135-0002","AQS"
"04/10/2023","54","","Gwinnett","13-135-0002","AQS"
"04/11/2023","64","","United Avenue","13-121-0055","AQS"
"04/12/2023","61","","Dawsonville","13-085-0001","AQS"
"04/13/2023","34","","Dawsonville","13-085-0001","AQS"
"04/14/2023","40","","Georgia Station","13-231-9991","AQS"
"04/15/2023","48","","United Avenue","13-121-0055","AQS"
"04/16/2023","44","","Gwinnett","13-135-0002","AQS"
"04/17/2023","51","","Georgia Station","13-231-9991","AQS"
"04/18/2023","71","","United Avenue","13-121-0055","AQS"
"04/19/2023","105","","Dawsonville","13-085-0001","AQS"
"04/20/2023","90","","Dawsonville","13-085-0001","AQS"
"04/21/2023","74","","Gwinnett","13-135-0002","AQS"
"04/22/2023","46","","United Avenue","13-121-0055","AQS"
"04/23/2023","47","","McDonough","13-151-0002","AQS"
"04/24/2023","50","","United Avenue","13-121-0055","AQS"
"04/25/2023","61","","United Avenue","13-121-0055","AQS"
"04/26/2023","38","","Gwinnett","13-135-0002","AQS"
"04/27/2023","26","","United Avenue","13-121-0055","AQS"
"04/28/2023","44","","Douglasville","13-097-0004","AQS"
"04/29/2023","46","","Gwinnett","13-135-0002","AQS"
"04/30/2023","45","","Georgia Station","13-231-9991","AQS"
"05/01/2023","48","","Georgia Station","13-231-9991","AQS"
"05/02/2023","50","","Gwinnett","13-135-0002","AQS"
"05/03/2023","49","","Gwinnett","13-135-0002","AQS"
"05/04/2023","58","","United Avenue","13-121-0055","AQS"
"05/05/2023","34","","Gwinnett","13-135-0002","AQS"
"05/06/2023","44","","Georgia Station","13-231-9991","AQS"
"05/07/2023","47","","Gwinnett","13-135-0002","AQS"
"05/08/2023","47","","Gwinnett","13-135-0002","AQS"
"05/09/2023","43","","Gwinnett","13-135-0002","AQS"
"05/10/2023","87","","Douglasville","13-097-0004","AQS"
"05/11/2023","48","","Georgia Station","13-231-9991","AQS"
"05/12/2023","36","","Dawsonville","13-085-0001","AQS"
"05/13/2023","58","","United Avenue","13-121-0055","AQS"
"05/14/2023","46","","United Avenue","13-121-0055","AQS"
"05/15/2023","51","","Douglasville","13-097-0004","AQS"
"05/16/2023","44","","Gwinnett","13-135-0002","AQS"
"05/17/2023","37","","United Avenue","13-121-0055","AQS"
"05/18/2023","42","","Georgia Station","13-231-9991","AQS"
"05/19/2023","44","","Douglasville","13-097-0004","AQS"
"05/20/2023","39","","Gwinnett","13-135-0002","AQS"
"05/21/2023","41","","Douglasville","13-097-0004","AQS"
"05/22/2023","43","","Kennesaw","13-067-0003","AQS"
"05/23/2023","48","","Gwinnett","13-135-0002","AQS"
"05/24/2023","64","","United Avenue","13-121-0055","AQS"
"05/25/2023","84","","Douglasville","13-097-0004","AQS"
"05/26/2023","90","","Douglasville","13-097-0004","AQS"
"05/27/2023","58","","Douglasville","13-097-0004","AQS"
"05/28/2023","50","","United Avenue","13-121-0055","AQS"
"05/29/2023","42","","Conyers","13-247-0001","AQS"
"05/30/2023","43","","Douglasville","13-097-0004","AQS"
"05/31/2023","44","","Douglasville","13-097-0004","AQS"
"06/01/2023","61","","Douglasville","13-097-0004","AQS"
"06/02/2023","49","","Douglasville","13-097-0004","AQS"
"06/03/2023","90","","Gwinnett","13-135-0002","AQS"
"06/04/2023","51","","Douglasville","13-097-0004","AQS"
"06/05/2023","87","","Gwinnett","13-135-0002","AQS"
"06/06/2023","101","","Douglasville","13-097-0004","AQS"
"06/07/2023","136","","Douglasville","13-097-0004","AQS"
"06/08/2023","97","","Conyers","13-247-0001","AQS"
"06/09/2023","133","","Georgia Station","13-231-9991","AQS"
"06/10/2023","133","","Gwinnett","13-135-0002","AQS"
"06/11/2023","46","","Georgia Station","13-231-9991","AQS"
"06/12/2023","48","","Georgia Station","13-231-9991","AQS"
"06/13/2023","61","","Gwinnett","13-135-0002","AQS"
"06/14/2023","32","","Gwinnett","13-135-0002","AQS"
"06/15/2023","46","","Gwinnett","13-135-0002","AQS"
"06/16/2023","64","","United Avenue","13-121-0055","AQS"
"06/17/2023","119","","United Avenue","13-121-0055","AQS"
"06/18/2023","93","","Gwinnett","13-135-0002","AQS"
"06/19/2023","29","","Dawsonville","13-085-0001","AQS"
"06/20/2023","50","","Gwinnett","13-135-0002","AQS"
"06/21/2023","40","","Georgia Station","13-231-9991","AQS"
"06/22/2023","34","","United Avenue","13-121-0055","AQS"
"06/23/2023","44","","Georgia Station","13-231-9991","AQS"
"06/24/2023","97","","United Avenue","13-121-0055","AQS"
"06/25/2023","64","","Gwinnett","13-135-0002","AQS"
"06/26/2023","46","","Douglasville","13-097-0004","AQS"
"06/27/2023","71","","Conyers","13-247-0001","AQS"
"06/28/2023","119","","McDonough","13-151-0002","AQS"
"06/29/2023","172","","United Avenue","13-121-0055","AQS"
"06/30/2023","49","","Georgia Station","13-231-9991","AQS"
"07/01/2023","77","","Conyers","13-247-0001","AQS"
"07/02/2023","43","","Gwinnett","13-135-0002","AQS"
"07/03/2023","44","","Gwinnett","13-135-0002","AQS"
"07/04/2023","44","","United Avenue","13-121-0055","AQS"
"07/05/2023","44","","United Avenue","13-121-0055","AQS"
"07/06/2023","49","","Conyers","13-247-0001","AQS"
"07/07/2023","49","","United Avenue","13-121-0055","AQS"
"07/08/2023","44","","Conyers","13-247-0001","AQS"
"07/09/2023","40","","United Avenue","13-121-0055","AQS"
"07/10/2023","46","","McDonough","13-151-0002","AQS"
"07/11/2023","64","","Gwinnett","13-135-0002","AQS"
"07/12/2023","80","","Gwinnett","13-135-0002","AQS"
"07/13/2023","44","","Gwinnett","13-135-0002","AQS"
"07/14/2023","48","","Conyers","13-247-0001","AQS"
"07/15/2023","38","","Gwinnett","13-135-0002","AQS"
"07/16/2023","51","","United Avenue","13-121-0055","AQS"
"07/17/2023","105","","McDonough","13-151-0002","AQS"
"07/18/2023","136","","Conyers","13-247-0001","AQS"
"07/19/2023","58","","United Avenue","13-121-0055","AQS"
"07/20/2023","44","","Gwinnett","13-135-0002","AQS"
"07/21/2023","43","","Gwinnett","13-135-0002","AQS"
"07/22/2023","41","","United Avenue","13-121-0055","AQS"
"07/23/2023","48","","United Avenue","13-121-0055","AQS"
"07/24/2023","93","","United Avenue","13-121-0055","AQS"
"07/25/2023","119","","Georgia Station","13-231-9991","AQS"
"07/26/2023","101","","United Avenue","13-121-0055","AQS"
"07/27/2023","129","","Douglasville","13-097-0004","AQS"
"07/28/2023","90","","United Avenue","13-121-0055","AQS"
"07/29/2023","71","","McDonough","13-151-0002","AQS"
"07/30/2023","47","","Conyers","13-247-0001","AQS"
"07/31/2023","84","","Georgia Station","13-231-9991","AQS"
"08/01/2023","77","","Georgia Station","13-231-9991","AQS"
"08/02/2023","46","","Kennesaw","13-067-0003","AQS"
"08/03/2023","41","","Georgia Station","13-231-9991","AQS"
"08/04/2023","47","","McDonough","13-151-0002","AQS"
"08/05/2023","54","","Georgia Station","13-231-9991","AQS"
"08/06/2023","35","","Georgia Station","13-231-9991","AQS"
"08/07/2023","34","","Gwinnett","13-135-0002","AQS"
"08/08/2023","41","","Gwinnett","13-135-0002","AQS"
"08/09/2023","58","","Gwinnett","13-135-0002","AQS"
"08/10/2023","45","","Gwinnett","13-135-0002","AQS"
"08/11/2023","44","","Gwinnett","13-135-0002","AQS"
"08/12/2023","42","","Gwinnett","13-135-0002","AQS"
"08/13/2023","44","","Conyers","13-247-0001","AQS"
"08/14/2023","40","","Gwinnett","13-135-0002","AQS"
"08/15/2023","38","","Conyers","13-247-0001","AQS"
"08/16/2023","74","","Conyers","13-247-0001","AQS"
"08/17/2023","48","","Gwinnett","13-135-0002","AQS"
"08/18/2023","80","","McDonough","13-151-0002","AQS"
"08/19/2023","84","","Douglasville","13-097-0004","AQS"
"08/20/2023","84","","Douglasville","13-097-0004","AQS"
"08/21/2023","119","","United Avenue","13-121-0055","AQS"
"08/22/2023","112","","Georgia Station","13-231-9991","AQS"
"08/23/2023","108","","Douglasville","13-097-0004","AQS"
"08/24/2023","156","","United Avenue","13-121-0055","AQS"
"08/25/2023","77","","McDonough","13-151-0002","AQS"
"08/26/2023","77","","Georgia Station","13-231-9991","AQS"
"08/27/2023","61","","United Avenue","13-121-0055","AQS"
"08/28/2023","42","","Kennesaw","13-067-0003","AQS"
"08/29/2023","48","","Douglasville","13-097-0004","AQS"
"08/30/2023","30","","Douglasville","13-097-0004","AQS"
"08/31/2023","61","","Kennesaw","13-067-0003","AQS"
"09/01/2023","41","","Kennesaw","13-067-0003","AQS"
"09/02/2023","48","","Douglasville","13-097-0004","AQS"
"09/03/2023","77","","Douglasville","13-097-0004","AQS"
"09/04/2023","100","","United Avenue","13-121-0055","AQS"
"09/05/2023","71","","McDonough","13-151-0002","AQS"
"09/06/2023","54","","McDonough","13-151-0002","AQS"
"09/07/2023","48","","Gwinnett","13-135-0002","AQS"
"09/08/2023","105","","Gwinnett","13-135-0002","AQS"
"09/09/2023","42","","Douglasville","13-097-0004","AQS"
"09/10/2023","46","","Douglasville","13-097-0004","AQS"
"09/11/2023","64","","United Avenue","13-121-0055","AQS"
"09/12/2023","44","","United Avenue","13-121-0055","AQS"
"09/13/2023","58","","McDonough","13-151-0002","AQS"
"09/14/2023","37","","Gwinnett","13-135-0002","AQS"
"09/15/2023","36","","Dawsonville","13-085-0001","AQS"
"09/16/2023","31","","Douglasville","13-097-0004","AQS"
"09/17/2023","44","","United Avenue","13-121-0055","AQS"
"09/18/2023","49","","McDonough","13-151-0002","AQS"
"09/19/2023","67","","Kennesaw","13-067-0003","AQS"
"09/20/2023","49","","Georgia Station","13-231-9991","AQS"
"09/21/2023","61","","Douglasville","13-097-0004","AQS"
"09/22/2023","58","","Douglasville","13-097-0004","AQS"
"09/23/2023","54","","United Avenue","13-121-0055","AQS"
"09/24/2023","50","","Georgia Station","13-231-9991","AQS"
"09/25/2023","84","","Conyers","13-247-0001","AQS"
"09/26/2023","50","","Douglasville","13-097-0004","AQS"
"09/27/2023","30","","United Avenue","13-121-0055","AQS"
"09/28/2023","34","","Douglasville","13-097-0004","AQS"
"09/29/2023","50","","United Avenue","13-121-0055","AQS"
"09/30/2023","51","","Douglasville","13-097-0004","AQS"
"10/01/2023","43","","Douglasville","13-097-0004","AQS"
"10/02/2023","47","","Douglasville","13-097-0004","AQS"
"10/03/2023","49","","Douglasville","13-097-0004","AQS"
"10/04/2023","48","","Douglasville","13-097-0004","AQS"
"10/05/2023","48","","Douglasville","13-097-0004","AQS"
"10/06/2023","42","","Georgia Station","13-231-9991","AQS"
"10/07/2023","35","","Georgia Station","13-231-9991","AQS"
"10/08/2023","35","","United Avenue","13-121-0055","AQS"
"10/09/2023","42","","Dawsonville","13-085-0001","AQS"
"10/10/2023","67","","Georgia Station","13-231-9991","AQS"
"10/11/2023","45","","Georgia Station","13-231-9991","AQS"
"10/12/2023","42","","Georgia Station","13-231-9991","AQS"
"10/13/2023","36","","Gwinnett","13-135-0002","AQS"
"10/14/2023","32","","Georgia Station","13-231-9991","AQS"
"10/15/2023","27","","Dawsonville","13-085-0001","AQS"
"10/16/2023","30","","Georgia Station","13-231-9991","AQS"
"10/17/2023","31","","Georgia Station","13-231-9991","AQS"
"10/18/2023","36","","Dawsonville","13-085-0001","AQS"
"10/19/2023","38","","Dawsonville","13-085-0001","AQS"
"10/20/2023","40","","Georgia Station","13-231-9991","AQS"
"10/21/2023","39","","United Avenue","13-121-0055","AQS"
"10/22/2023","41","","United Avenue","13-121-0055","AQS"
"10/23/2023","39","","Dawsonville","13-085-0001","AQS"
"10/24/2023","44","","Dawsonville","13-085-0001","AQS"
"10/25/2023","40","","Dawsonville","13-085-0001","AQS"
"10/26/2023","37","","Georgia Station","13-231-9991","AQS"
"10/27/2023","40","","Dawsonville","13-085-0001","AQS"
"10/28/2023","45","","United Avenue","13-121-0055","AQS"
"10/29/2023","39","","Dawsonville","13-085-0001","AQS"
"10/30/2023","36","","Georgia Station","13-231-9991","AQS"
"10/31/2023","34","","Douglasville","13-097-0004","AQS"
"11/01/2023","34","","Georgia Station","13-231-9991","AQS"
"11/02/2023","37","","Georgia Station","13-231-9991","AQS"
"11/03/2023","43","","Georgia Station","13-231-9991","AQS"
"11/04/2023","46","","Georgia Station","13-231-9991","AQS"
"11/05/2023","51","","Georgia Station","13-231-9991","AQS"
"11/06/2023","58","","Georgia Station","13-231-9991","AQS"
"11/07/2023","51","","Georgia Station","13-231-9991","AQS"
"11/08/2023","45","","Georgia Station","13-231-9991","AQS"
"11/09/2023","43","","Georgia Station","13-231-9991","AQS"
"11/10/2023","31","","Georgia Station","13-231-9991","AQS"
"11/11/2023","26","","Georgia Station","13-231-9991","AQS"
"11/12/2023","27","","Georgia Station","13-231-9991","AQS"
"11/13/2023","36","","Georgia Station","13-231-9991","AQS"
"11/14/2023","41","","Georgia Station","13-231-9991","AQS"
"11/15/2023","34","","Georgia Station","13-231-9991","AQS"
"11/16/2023","37","","Georgia Station","13-231-9991","AQS"
"11/17/2023","35","","Georgia Station","13-231-9991","AQS"
"11/18/2023","38","","Georgia Station","13-231-9991","AQS"
"11/19/2023","37","","Georgia Station","13-231-9991","AQS"
"11/20/2023","33","","Georgia Station","13-231-9991","AQS"
"11/21/2023","31","","Georgia Station","13-231-9991","AQS"
"11/22/2023","24","","Georgia Station","13-231-9991","AQS"
"11/23/2023","28","","Georgia Station","13-231-9991","AQS"
"11/24/2023","35","","Georgia Station","13-231-9991","AQS"
"11/25/2023","29","","Georgia Station","13-231-9991","AQS"
"11/26/2023","23","","Georgia Station","13-231-9991","AQS"
"11/27/2023","31","","Georgia Station","13-231-9991","AQS"
"11/28/2023","38","","Georgia Station","13-231-9991","AQS"
"11/29/2023","38","","Georgia Station","13-231-9991","AQS"
"11/30/2023","40","","Georgia Station","13-231-9991","AQS"
"12/01/2023","32","","Georgia Station","13-231-9991","AQS"
"12/02/2023","28","","Georgia Station","13-231-9991","AQS"
"12/03/2023","33","","Georgia Station","13-231-9991","AQS"
"12/04/2023","40","","Georgia Station","13-231-9991","AQS"
"12/05/2023","34","","Georgia Station","13-231-9991","AQS"
"12/06/2023","29","","Georgia Station","13-231-9991","AQS"
"12/07/2023","35","","Georgia Station","13-231-9991","AQS"
"12/08/2023","37","","Georgia Station","13-231-9991","AQS"
"12/09/2023","32","","Georgia Station","13-231-9991","AQS"
"12/10/2023","32","","Georgia Station","13-231-9991","AQS"
"12/11/2023","29","","Georgia Station","13-231-9991","AQS"
"12/12/2023","30","","Georgia Station","13-231-9991","AQS"
"12/13/2023","29","","Georgia Station","13-231-9991","AQS"
"12/14/2023","37","","Georgia Station","13-231-9991","AQS"
"12/15/2023","37","","Georgia Station","13-231-9991","AQS"
"12/16/2023","34","","Georgia Station","13-231-9991","AQS"
"12/17/2023","28","","Georgia Station","13-231-9991","AQS"
"12/18/2023","34","","Georgia Station","13-231-9991","AQS"
"12/19/2023","29","","Georgia Station","13-231-9991","AQS"
"12/20/2023","30","","Georgia Station","13-231-9991","AQS"
"12/21/2023","31","","South DeKalb","13-089-0002","AQS"
"12/22/2023","39","","Georgia Station","13-231-9991","AQS"
"12/23/2023","41","","Georgia Station","13-231-9991","AQS"
"12/24/2023","34","","Georgia Station","13-231-9991","AQS"
"12/25/2023","32","","Georgia Station","13-231-9991","AQS"
"12/26/2023","23","","Georgia Station","13-231-9991","AQS"
"12/27/2023","31","","Georgia Station","13-231-9991","AQS"
"12/28/2023","34","","Georgia Station","13-231-9991","AQS"
"12/29/2023","27","","Georgia Station","13-231-9991","AQS"
"12/30/2023","23","","Georgia Station","13-231-9991","AQS"
"12/31/2023","35","","Georgia Station","13-231-9991","AQS"
"01/01/2024","33","","Georgia Station","13-231-9991","AQS"
"01/02/2024","31","","Georgia Station","13-231-9991","AQS"
"01/03/2024","25","","Georgia Station","13-231-9991","AQS"
"01/04/2024","29","","Georgia Station","13-231-9991","AQS"
"01/05/2024","31","","Georgia Station","13-231-9991","AQS"
"01/06/2024","27","","South DeKalb","13-089-0002","AQS"
"01/07/2024","31","","Georgia Station","13-231-9991","AQS"
"01/08/2024","28","","Georgia Station","13-231-9991","AQS"
"01/09/2024","36","","Georgia Station","13-231-9991","AQS"
"01/10/2024","31","","Georgia Station","13-231-9991","AQS"
"01/11/2024","40","","Georgia Station","13-231-9991","AQS"
"01/12/2024","31","","Georgia Station","13-231-9991","AQS"
"01/13/2024","33","","Georgia Station","13-231-9991","AQS"
"01/14/2024","41","","Georgia Station","13-231-9991","AQS"
"01/15/2024","40","","Georgia Station","13-231-9991","AQS"
"01/16/2024","35","","Georgia Station","13-231-9991","AQS"
"01/17/2024","34","","Georgia Station","13-231-9991","AQS"
"01/18/2024","39","","Georgia Station","13-231-9991","AQS"
"01/19/2024","38","","Georgia Station","13-231-9991","AQS"
"01/20/2024","34","","Georgia Station","13-231-9991","AQS"
"01/21/2024","35","","Georgia Station","13-231-9991","AQS"
"01/22/2024","34","","Georgia Station","13-231-9991","AQS"
"01/23/2024","31","","Georgia Station","13-231-9991","AQS"
"01/24/2024","24","","Georgia Station","13-231-9991","AQS"
"01/25/2024","27","","Georgia Station","13-231-9991","AQS"
"01/26/2024","29","","Georgia Station","13-231-9991","AQS"
"01/27/2024","30","","Georgia Station","13-231-9991","AQS"
"01/28/2024","31","","Georgia Station","13-231-9991","AQS"
"01/29/2024","31","","Georgia Station","13-231-9991","AQS"
"01/30/2024","38","","Georgia Station","13-231-9991","AQS"
"01/31/2024","31","","Georgia Station","13-231-9991","AQS"
"02/01/2024","34","","Georgia Station","13-231-9991","AQS"
"02/02/2024","44","","Georgia Station","13-231-9991","AQS"
"02/03/2024","40","","Georgia Station","13-231-9991","AQS"
"02/04/2024","32","","Georgia Station","13-231-9991","AQS"
"02/05/2024","33","","Georgia Station","13-231-9991","AQS"
"02/06/2024","38","","Georgia Station","13-231-9991","AQS"
"02/07/2024","42","","Georgia Station","13-231-9991","AQS"
"02/08/2024","44","","Georgia Station","13-231-9991","AQS"
"02/09/2024","39","","Georgia Station","13-231-9991","AQS"
"02/10/2024","34","","Georgia Station","13-231-9991","AQS"
"02/11/2024","37","","Georgia Station","13-231-9991","AQS"
"02/12/2024","39","","Georgia Station","13-231-9991","AQS"
"02/13/2024","29","","South DeKalb","13-089-0002","AQS"
"02/14/2024","41","","Georgia Station","13-231-9991","AQS"
"02/15/2024","45","","Georgia Station","13-231-9991","AQS"
"02/16/2024","49","","Georgia Station","13-231-9991","AQS"
"02/17/2024","34","","Georgia Station","13-231-9991","AQS"
"02/18/2024","36","","Georgia Station","13-231-9991","AQS"
"02/19/2024","44","","Georgia Station","13-231-9991","AQS"
"02/20/2024","48","","Georgia Station","13-231-9991","AQS"
"02/21/2024","71","","Georgia Station","13-231-9991","AQS"
"02/22/2024","80","","Georgia Station","13-231-9991","AQS"
"02/23/2024","43","","Georgia Station","13-231-9991","AQS"
"02/24/2024","43","","Georgia Station","13-231-9991","AQS"
"02/25/2024","43","","Georgia Station","13-231-9991","AQS"
"02/26/2024","71","","Georgia Station","13-231-9991","AQS"
"02/27/2024","44","","Georgia Station","13-231-9991","AQS"
"02/28/2024","42","","Georgia Station","13-231-9991","AQS"
"02/29/2024","34","","Georgia Station","13-231-9991","AQS"
"03/01/2024","31","","Georgia Station","13-231-9991","AQS"
"03/02/2024","30","","Dawsonville","13-085-0001","AQS"
"03/03/2024","31","","Dawsonville","13-085-0001","AQS"
"03/04/2024","36","","Dawsonville","13-085-0001","AQS"
"03/05/2024","32","","Dawsonville","13-085-0001","AQS"
"03/06/2024","34","","Dawsonville","13-085-0001","AQS"
"03/07/2024","43","","Dawsonville","13-085-0001","AQS"
"03/08/2024","34","","Georgia Station","13-231-9991","AQS"
"03/09/2024","32","","Georgia Station","13-231-9991","AQS"
"03/10/2024","43","","McDonough","13-151-0002","AQS"
"03/11/2024","47","","Georgia Station","13-231-9991","AQS"
"03/12/2024","49","","Georgia Station","13-231-9991","AQS"
"03/13/2024","67","","Dawsonville","13-085-0001","AQS"
"03/14/2024","74","","Dawsonville","13-085-0001","AQS"
"03/15/2024","38","","Georgia Station","13-231-9991","AQS"
"03/16/2024","39","","Conyers","13-247-0001","AQS"
"03/17/2024","40","","Gwinnett","13-135-0002","AQS"
"03/18/2024","43","","Georgia Station","13-231-9991","AQS"
"03/19/2024","45","","Dawsonville","13-085-0001","AQS"
"03/20/2024","64","","Dawsonville","13-085-0001","AQS"
"03/21/2024","74","","Gwinnett","13-135-0002","AQS"
"03/22/2024","48","","Georgia Station","13-231-9991","AQS"
"03/23/2024","47","","Georgia Station","13-231-9991","AQS"
"03/24/2024","49","","Dawsonville","13-085-0001","AQS"
"03/25/2024","46","","Dawsonville","13-085-0001","AQS"
"03/26/2024","39","","Georgia Station","13-231-9991","AQS"
"03/27/2024","44","","Georgia Station","13-231-9991","AQS"
"03/28/2024","46","","Georgia Station","13-231-9991","AQS"
"03/29/2024","51","","Georgia Station","13-231-9991","AQS"
"03/30/2024","61","","Dawsonville","13-085-0001","AQS"
"03/31/2024","46","","Dawsonville","13-085-0001","AQS"
"04/01/2024","40","","Georgia Station","13-231-9991","AQS"
"04/02/2024","40","","Dawsonville","13-085-0001","AQS"
"04/03/2024","44","","Douglasville","13-097-0004","AQS"
"04/04/2024","48","","Georgia Station","13-231-9991","AQS"
"04/05/2024","46","","Georgia Station","13-231-9991","AQS"
"04/06/2024","50","","Douglasville","13-097-0004","AQS"
"04/07/2024","61","","Georgia Station","13-231-9991","AQS"
"04/08/2024","58","","Dawsonville","13-085-0001","AQS"
"04/09/2024","35","","Dawsonville","13-085-0001","AQS"
"04/10/2024","41","","Georgia Station","13-231-9991","AQS"
"04/11/2024","39","","Georgia Station","13-231-9991","AQS"
"04/12/2024","46","","Douglasville","13-097-0004","AQS"
"04/13/2024","51","","Georgia Station","13-231-9991","AQS"
"04/14/2024","71","","Dawsonville","13-085-0001","AQS"
"04/15/2024","74","","Dawsonville","13-085-0001","AQS"
"04/16/2024","71","","Dawsonville","13-085-0001","AQS"
"04/17/2024","51","","Georgia Station","13-231-9991","AQS"
"04/18/2024","61","","Gwinnett","13-135-0002","AQS"
"04/19/2024","40","","Conyers","13-247-0001","AQS"
"04/20/2024","38","","Conyers","13-247-0001","AQS"
"04/21/2024","34","","Georgia Station","13-231-9991","AQS"
"04/22/2024","44","","Douglasville","13-097-0004","AQS"
"04/23/2024","54","","Dawsonville","13-085-0001","AQS"
"04/24/2024","54","","Georgia Station","13-231-9991","AQS"
"04/25/2024","93","","Gwinnett","13-135-0002","AQS"
"04/26/2024","71","","Georgia Station","13-231-9991","AQS"
"04/27/2024","45","","Georgia Station","13-231-9991","AQS"
"04/28/2024","47","","Georgia Station","13-231-9991","AQS"
"04/29/2024","43","","Georgia Station","13-231-9991","AQS"
"04/30/2024","44","","Gwinnett","13-135-0002","AQS"
"05/01/2024","90","","McDonough","13-151-0002","AQS"
"05/02/2024","50","","Kennesaw","13-067-0003","AQS"
"05/03/2024","42","","United Avenue","13-121-0055","AQS"
"05/04/2024","38","","United Avenue","13-121-0055","AQS"
"05/05/2024","43","","United Avenue","13-121-0055","AQS"
"05/06/2024","44","","Gwinnett","13-135-0002","AQS"
"05/07/2024","31","","Dawsonville","13-085-0001","AQS"
"05/08/2024","29","","Dawsonville","13-085-0001","AQS"
"05/09/2024","40","","Georgia Station","13-231-9991","AQS"
"05/10/2024","45","","Georgia Station","13-231-9991","AQS"
"05/11/2024","49","","McDonough","13-151-0002","AQS"
"05/12/2024","64","","McDonough","13-151-0002","AQS"
"05/13/2024","35","","Georgia Station","13-231-9991","AQS"
"05/14/2024","41","","Georgia Station","13-231-9991","AQS"
"05/15/2024","46","","Georgia Station","13-231-9991","AQS"
"05/16/2024","58","","Conyers","13-247-0001","AQS"
"05/17/2024","37","","Georgia Station","13-231-9991","AQS"
"05/18/2024","36","","Georgia Station","13-231-9991","AQS"
"05/19/2024","39","","United Avenue","13-121-0055","AQS"
"05/20/2024","74","","Douglasville","13-097-0004","AQS"
"05/21/2024","77","","Douglasville","13-097-0004","AQS"
"05/22/2024","54","","Dawsonville","13-085-0001","AQS"
"05/23/2024","49","","Gwinnett","13-135-0002","AQS"
"05/24/2024","43","","United Avenue","13-121-0055","AQS"
"05/25/2024","51","","Gwinnett","13-135-0002","AQS"
"05/26/2024","34","","Gwinnett","13-135-0002","AQS"
"05/27/2024","43","","Douglasville","13-097-0004","AQS"
"05/28/2024","50","","Georgia Station","13-231-9991","AQS"
"05/29/2024","67","","Georgia Station","13-231-9991","AQS"
"05/30/2024","74","","Conyers","13-247-0001","AQS"
"05/31/2024","64","","Douglasville","13-097-0004","AQS"
"06/01/2024","47","","Georgia Station","13-231-9991","AQS"
"06/02/2024","43","","Georgia Station","13-231-9991","AQS"
"06/03/2024","49","","Dawsonville","13-085-0001","AQS"
"06/04/2024","32","","United Avenue","13-121-0055","AQS"
"06/05/2024","39","","Dawsonville","13-085-0001","AQS"
"06/06/2024","42","","Gwinnett","13-135-0002","AQS"
"06/07/2024","90","","McDonough","13-151-0002","AQS"
"06/08/2024","93","","Douglasville","13-097-0004","AQS"
"06/09/2024","49","","Gwinnett","13-135-0002","AQS"
"06/10/2024","93","","McDonough","13-151-0002","AQS"
"06/11/2024","115","","McDonough","13-151-0002","AQS"
"06/12/2024","84","","Douglasville","13-097-0004","AQS"
"06/13/2024","97","","Douglasville","13-097-0004","AQS"
"06/14/2024","133","","McDonough","13-151-0002","AQS"
"06/15/2024","97","","United Avenue","13-121-0055","AQS"
"06/16/2024","48","","Kennesaw","13-067-0003","AQS"
"06/17/2024","54","","Georgia Station","13-231-9991","AQS"
"06/18/2024","47","","Georgia Station","13-231-9991","AQS"
"06/19/2024","45","","Georgia Station","13-231-9991","AQS"
"06/20/2024","46","","Douglasville","13-097-0004","AQS"
"06/21/2024","64","","Douglasville","13-097-0004","AQS"
"06/22/2024","74","","Douglasville","13-097-0004","AQS"
"06/23/2024","49","","Conyers","13-247-0001","AQS"
"06/24/2024","101","","McDonough","13-151-0002","AQS"
"06/25/2024","133","","Douglasville","13-097-0004","AQS"
"06/26/2024","161","","Gwinnett","13-135-0002","AQS"
"06/27/2024","44","","South DeKalb","13-089-0002","AQS"
"06/28/2024","37","","Kennesaw","13-067-0003","AQS"
"06/29/2024","31","","Kennesaw","13-067-0003","AQS"
"06/30/2024","51","","McDonough","13-151-0002","AQS"
"07/01/2024","80","","Georgia Station","13-231-9991","AQS"
"07/02/2024","49","","Kennesaw","13-067-0003","AQS"
"07/03/2024","44","","Kennesaw","13-067-0003","AQS"
"07/04/2024","43","","United Avenue","13-121-0055","AQS"
"07/05/2024","30","","Gwinnett","13-135-0002","AQS"
"07/06/2024","42","","Georgia Station","13-231-9991","AQS"
"07/07/2024","51","","Kennesaw","13-067-0003","AQS"
"07/08/2024","50","","Kennesaw","13-067-0003","AQS"
"07/09/2024","36","","Dawsonville","13-085-0001","AQS"
"07/10/2024","44","","McDonough","13-151-0002","AQS"
"07/11/2024","126","","Georgia Station","13-231-9991","AQS"
"07/12/2024","115","","Georgia Station","13-231-9991","AQS"
"07/13/2024","133","","South DeKalb","13-089-0002","AQS"
"07/14/2024","108","","South DeKalb","13-089-0002","AQS"
"07/15/2024","51","","South DeKalb","13-089-0002","AQS"
"07/16/2024","42","","Conyers","13-247-0001","AQS"
"07/17/2024","37","","Conyers","13-247-0001","AQS"
"07/18/2024","35","","Gwinnett","13-135-0002","AQS"
"07/19/2024","38","","South DeKalb","13-089-0002","AQS"
"07/20/2024","31","","Gwinnett","13-135-0002","AQS"
"07/21/2024","31","","Georgia Station","13-231-9991","AQS"
"07/22/2024","43","","Gwinnett","13-135-0002","AQS"
"07/23/2024","40","","Gwinnett","13-135-0002","AQS"
"07/24/2024","43","","United Avenue","13-121-0055","AQS"
"07/25/2024","27","","Conyers","13-247-0001","AQS"
"07/26/2024","46","","McDonough","13-151-0002","AQS"
"07/27/2024","38","","Douglasville","13-097-0004","AQS"
"07/28/2024","26","","Gwinnett","13-135-0002","AQS"
"07/29/2024","26","","Kennesaw","13-067-0003","AQS"
"07/30/2024","32","","Gwinnett","13-135-0002","AQS"
"07/31/2024","37","","McDonough","13-151-0002","AQS"
"08/01/2024","39","","Conyers","13-247-0001","AQS"
"08/02/2024","40","","Gwinnett","13-135-0002","AQS"
"08/03/2024","47","","United Avenue","13-121-0055","AQS"
"08/04/2024","51","","Kennesaw","13-067-0003","AQS"
"08/05/2024","33","","Douglasville","13-097-0004","AQS"
"08/06/2024","44","","Georgia Station","13-231-9991","AQS"
"08/07/2024","84","","Georgia Station","13-231-9991","AQS"
"08/08/2024","45","","McDonough","13-151-0002","AQS"
"08/09/2024","77","","McDonough","13-151-0002","AQS"
"08/10/2024","93","","McDonough","13-151-0002","AQS"
"08/11/2024","71","","Conyers","13-247-0001","AQS"
"08/12/2024","126","","McDonough","13-151-0002","AQS"
"08/13/2024","122","","McDonough","13-151-0002","AQS"
"08/14/2024","54","","Georgia Station","13-231-9991","AQS"
"08/15/2024","51","","Kennesaw","13-067-0003","AQS"
"08/16/2024","50","","Dawsonville","13-085-0001","AQS"
"08/17/2024","47","","Conyers","13-247-0001","AQS"
"08/18/2024","39","","Gwinnett","13-135-0002","AQS"
"08/19/2024","50","","McDonough","13-151-0002","AQS"
"08/20/2024","58","","McDonough","13-151-0002","AQS"
"08/21/2024","61","","Douglasville","13-097-0004","AQS"
"08/22/2024","48","","Douglasville","13-097-0004","AQS"
"08/23/2024","71","","Douglasville","13-097-0004","AQS"
"08/24/2024","97","","Douglasville","13-097-0004","AQS"
"08/25/2024","74","","Douglasville","13-097-0004","AQS"
"08/26/2024","108","","Douglasville","13-097-0004","AQS"
"08/27/2024","100","","Douglasville","13-097-0004","AQS"
"08/28/2024","87","","Gwinnett","13-135-0002","AQS"
"08/29/2024","80","","Dawsonville","13-085-0001","AQS"
"08/30/2024","45","","United Avenue","13-121-0055","AQS"
"08/31/2024","41","","Kennesaw","13-067-0003","AQS"
"09/01/2024","37","","United Avenue","13-121-0055","AQS"
"09/02/2024","64","","Georgia Station","13-231-9991","AQS"
"09/03/2024","44","","Douglasville","13-097-0004","AQS"
"09/04/2024","67","","Douglasville","13-097-0004","AQS"
"09/05/2024","44","","Douglasville","13-097-0004","AQS"
"09/06/2024","39","","Gwinnett","13-135-0002","AQS"
"09/07/2024","67","","McDonough","13-151-0002","AQS"
"09/08/2024","49","","Douglasville","13-097-0004","AQS"
"09/09/2024","71","","Douglasville","13-097-0004","AQS"
"09/10/2024","58","","Douglasville","13-097-0004","AQS"
"09/11/2024","44","","Dawsonville","13-085-0001","AQS"
"09/12/2024","34","","Georgia Station","13-231-9991","AQS"
"09/13/2024","25","","Gwinnett","13-135-0002","AQS"
"09/14/2024","27","","Dawsonville","13-085-0001","AQS"
"09/15/2024","31","","Gwinnett","13-135-0002","AQS"
"09/16/2024","41","","Gwinnett","13-135-0002","AQS"
"09/17/2024","43","","Georgia Station","13-231-9991","AQS"
"09/18/2024","42","","Georgia Station","13-231-9991","AQS"
"09/19/2024","46","","Georgia Station","13-231-9991","AQS"
"09/20/2024","67","","Douglasville","13-097-0004","AQS"
"09/21/2024","100","","United Avenue","13-121-0055","AQS"
"09/22/2024","61","","McDonough","13-151-0002","AQS"
"09/23/2024","77","","Conyers","13-247-0001","AQS"
"09/24/2024","48","","Gwinnett","13-135-0002","AQS"
"09/25/2024","38","","Georgia Station","13-231-9991","AQS"
"09/26/2024","27","","Gwinnett","13-135-0002","AQS"
"09/27/2024","38","","Georgia Station","13-231-9991","AQS"
"09/28/2024","40","","Georgia Station","13-231-9991","AQS"
"09/29/2024","34","","Georgia Station","13-231-9991","AQS"
"09/30/2024","34","","Georgia Station","13-231-9991","AQS"
"10/01/2024","35","","Georgia Station","13-231-9991","AQS"
"10/02/2024","40","","Douglasville","13-097-0004","AQS"
"10/03/2024","39","","Georgia Station","13-231-9991","AQS"
"10/04/2024","33","","Kennesaw","13-067-0003","AQS"
"10/05/2024","47","","Douglasville","13-097-0004","AQS"
"10/06/2024","48","","Douglasville","13-097-0004","AQS"
"10/07/2024","74","","McDonough","13-151-0002","AQS"
"10/08/2024","77","","Douglasville","13-097-0004","AQS"
"10/09/2024","67","","Douglasville","13-097-0004","AQS"
"10/10/2024","49","","Georgia Station","13-231-9991","AQS"
"10/11/2024","46","","Douglasville","13-097-0004","AQS"
"10/12/2024","51","","McDonough","13-151-0002","AQS"
"10/13/2024","49","","Gwinnett","13-135-0002","AQS"
"10/14/2024","43","","Georgia Station","13-231-9991","AQS"
"10/15/2024","35","","Georgia Station","13-231-9991","AQS"
"10/16/2024","32","","Georgia Station","13-231-9991","AQS"
"10/17/2024","39","","Georgia Station","13-231-9991","AQS"
"10/18/2024","44","","Georgia Station","13-231-9991","AQS"
"10/19/2024","46","","Douglasville","13-097-0004","AQS"
"10/20/2024","50","","Georgia Station","13-231-9991","AQS"
"10/21/2024","49","","Georgia Station","13-231-9991","AQS"
"10/22/2024","45","","Dawsonville","13-085-0001","AQS"
"10/23/2024","44","","McDonough","13-151-0002","AQS"
"10/24/2024","58","","Georgia Station","13-231-9991","AQS"
"10/25/2024","67","","Georgia Station","13-231-9991","AQS"
"10/26/2024","48","","Gwinnett","13-135-0002","AQS"
"10/27/2024","36","","Douglasville","13-097-0004","AQS"
"10/28/2024","35","","Georgia Station","13-231-9991","AQS"
"10/29/2024","43","","Dawsonville","13-085-0001","AQS"
"10/30/2024","39","","Georgia Station","13-231-9991","AQS"
"10/31/2024","40","","Georgia Station","13-231-9991","AQS"
"11/01/2024","32","","Georgia Station","13-231-9991","AQS"
"11/02/2024","40","","Georgia Station","13-231-9991","AQS"
"11/03/2024","27","","Georgia Station","13-231-9991","AQS"
"11/04/2024","27","","Georgia Station","13-231-9991","AQS"
"11/05/2024","32","","Georgia Station","13-231-9991","AQS"
"11/06/2024","22","","Georgia Station","13-231-9991","AQS"
"11/07/2024","21","","Georgia Station","13-231-9991","AQS"
"11/08/2024","19","","South DeKalb","13-089-0002","AQS"
"11/09/2024","29","","Georgia Station","13-231-9991","AQS"
"11/10/2024","28","","South DeKalb","13-089-0002","AQS"
"11/11/2024","21","","Georgia Station","13-231-9991","AQS"
"11/12/2024","42","","Georgia Station","13-231-9991","AQS"
"11/13/2024","31","","Georgia Station","13-231-9991","AQS"
"11/14/2024","23","","Georgia Station","13-231-9991","AQS"
"11/15/2024","31","","Georgia Station","13-231-9991","AQS"
"11/16/2024","38","","Georgia Station","13-231-9991","AQS"
"11/17/2024","35","","Georgia Station","13-231-9991","AQS"
"11/18/2024","41","","Georgia Station","13-231-9991","AQS"
"11/19/2024","33","","Georgia Station","13-231-9991","AQS"
"11/20/2024","36","","Georgia Station","13-231-9991","AQS"
"11/21/2024","36","","Georgia Station","13-231-9991","AQS"
"11/22/2024","24","","Georgia Station","13-231-9991","AQS"
"11/23/2024","30","","Georgia Station","13-231-9991","AQS"
"11/24/2024","36","","Georgia Station","13-231-9991","AQS"
"11/25/2024","40","","Georgia Station","13-231-9991","AQS"
"11/26/2024","28","","Georgia Station","13-231-9991","AQS"
"11/27/2024","31","","Georgia Station","13-231-9991","AQS"
"11/28/2024","28","","Georgia Station","13-231-9991","AQS"
"11/29/2024","31","","Georgia Station","13-231-9991","AQS"
"11/30/2024","36","","Georgia Station","13-231-9991","AQS"
"12/01/2024","36","","Georgia Station","13-231-9991","AQS"
"12/02/2024","39","","Georgia Station","13-231-9991","AQS"
"12/03/2024","31","","Georgia Station","13-231-9991","AQS"
"12/04/2024","36","","Georgia Station","13-231-9991","AQS"
"12/05/2024","36","","Georgia Station","13-231-9991","AQS"
"12/06/2024","28","","Georgia Station","13-231-9991","AQS"
"12/07/2024","40","","Georgia Station","13-231-9991","AQS"
"12/08/2024","34","","Georgia Station","13-231-9991","AQS"
"12/09/2024","33","","Georgia Station","13-231-9991","AQS"
"12/10/2024","32","","Georgia Station","13-231-9991","AQS"
"12/11/2024","32","","Georgia Station","13-231-9991","AQS"
"12/12/2024","32","","Georgia Station","13-231-9991","AQS"
"12/13/2024","33","","Georgia Station","13-231-9991","AQS"
"12/14/2024","35","","Georgia Station","13-231-9991","AQS"
"12/15/2024","28","","Georgia Station","13-231-9991","AQS"
"12/16/2024","32","","Georgia Station","13-231-9991","AQS"
"12/17/2024","33","","Georgia Station","13-231-9991","AQS"
"12/18/2024","30","","Georgia Station","13-231-9991","AQS"
"12/19/2024","31","","Georgia Station","13-231-9991","AQS"
"12/20/2024","32","","Georgia Station","13-231-9991","AQS"
"12/21/2024","24","","Georgia Station","13-231-9991","AQS"
"12/22/2024","31","","Georgia Station","13-231-9991","AQS"
"12/23/2024","36","","Georgia Station","13-231-9991","AQS"
"12/24/2024","39","","Georgia Station","13-231-9991","AQS"
"12/25/2024","40","","Georgia Station","13-231-9991","AQS"
"12/26/2024","29","","Georgia Station","13-231-9991","AQS"
"12/27/2024","24","","Georgia Station","13-231-9991","AQS"
"12/28/2024","30","","Georgia Station","13-231-9991","AQS"
"12/29/2024","39","","Georgia Station","13-231-9991","AQS"
"12/30/2024","34","","Georgia Station","13-231-9991","AQS"
"12/31/2024","39","","Georgia Station","13-231-9991","AQS"
"01/01/2025","33","","Georgia Station","13-231-9991","AQS"
"01/02/2025","35","","Georgia Station","13-231-9991","AQS"
"01/03/2025","37","","Georgia Station","13-231-9991","AQS"
"01/04/2025","37","","Georgia Station","13-231-9991","AQS"
"01/05/2025","36","","Georgia Station","13-231-9991","AQS"
"01/06/2025","36","","Georgia Station","13-231-9991","AQS"
"01/07/2025","30","","Georgia Station","13-231-9991","AQS"
"01/08/2025","32","","Georgia Station","13-231-9991","AQS"
"01/09/2025","36","","Georgia Station","13-231-9991","AQS"
"01/10/2025","28","","Georgia Station","13-231-9991","AQS"
"01/11/2025","33","","Georgia Station","13-231-9991","AQS"
"01/12/2025","35","","Georgia Station","13-231-9991","AQS"
"01/13/2025","28","","South DeKalb","13-089-0002","AQS"
"01/14/2025","38","","Georgia Station","13-231-9991","AQS"
"01/15/2025","38","","Georgia Station","13-231-9991","AQS"
"01/16/2025","44","","Georgia Station","13-231-9991","AQS"
"01/17/2025","42","","Georgia Station","13-231-9991","AQS"
"01/18/2025","38","","Georgia Station","13-231-9991","AQS"
"01/19/2025","31","","Georgia Station","13-231-9991","AQS"
"01/20/2025","36","","Georgia Station","13-231-9991","AQS"
"01/21/2025","30","","Georgia Station","13-231-9991","AQS"
"01/22/2025","36","","Georgia Station","13-231-9991","AQS"
"01/23/2025","36","","Georgia Station","13-231-9991","AQS"
"01/24/2025","41","","Georgia Station","13-231-9991","AQS"
"01/25/2025","43","","Georgia Station","13-231-9991","AQS"
"01/26/2025","45","","Georgia Station","13-231-9991","AQS"
"01/27/2025","35","","Georgia Station","13-231-9991","AQS"
"01/28/2025","37","","Georgia Station","13-231-9991","AQS"
"01/29/2025","43","","Georgia Station","13-231-9991","AQS"
"01/30/2025","46","","Georgia Station","13-231-9991","AQS"
"01/31/2025","37","","Georgia Station","13-231-9991","AQS"
"02/01/2025","41","","Georgia Station","13-231-9991","AQS"
"02/02/2025","45","","Georgia Station","13-231-9991","AQS"
"02/03/2025","49","","Georgia Station","13-231-9991","AQS"
"02/04/2025","45","","Georgia Station","13-231-9991","AQS"
"02/05/2025","40","","Georgia Station","13-231-9991","AQS"
"02/06/2025","22","","Georgia Station","13-231-9991","AQS"
"02/07/2025","29","","Georgia Station","13-231-9991","AQS"
"02/08/2025","27","","Georgia Station","13-231-9991","AQS"
"02/09/2025","26","","Georgia Station","13-231-9991","AQS"
"02/10/2025","27","","Georgia Station","13-231-9991","AQS"
"02/11/2025","21","","South DeKalb","13-089-0002","AQS"
"02/12/2025","19","","Georgia Station","13-231-9991","AQS"
"02/13/2025","31","","Georgia Station","13-231-9991","AQS"
"02/14/2025","34","","Georgia Station","13-231-9991","AQS"
"02/15/2025","31","","Georgia Station","13-231-9991","AQS"
"02/16/2025","30","","South DeKalb","13-089-0002","AQS"
"02/17/2025","38","","Georgia Station","13-231-9991","AQS"
"02/18/2025","41","","Georgia Station","13-231-9991","AQS"
"02/19/2025","29","","Georgia Station","13-231-9991","AQS"
"02/20/2025","36","","Georgia Station","13-231-9991","AQS"
"02/21/2025","37","","Georgia Station","13-231-9991","AQS"
"02/22/2025","44","","Georgia Station","13-231-9991","AQS"
"02/23/2025","40","","Georgia Station","13-231-9991","AQS"
"02/24/2025","47","","Georgia Station","13-231-9991","AQS"
"02/25/2025","58","","Georgia Station","13-231-9991","AQS"
"02/26/2025","64","","Georgia Station","13-231-9991","AQS"
"02/27/2025","50","","Georgia Station","13-231-9991","AQS"
"02/28/2025","47","","Georgia Station","13-231-9991","AQS"
"03/01/2025","50","","Georgia Station","13-231-9991","AQS"
"03/02/2025","42","","Georgia Station","13-231-9991","AQS"
"03/03/2025","48","","Georgia Station","13-231-9991","AQS"
"03/04/2025","45","","Georgia Station","13-231-9991","AQS"
"03/05/2025","44","","Georgia Station","13-231-9991","AQS"
"03/06/2025","42","","Georgia Station","13-231-9991","AQS"
"03/07/2025","48","","Georgia Station","13-231-9991","AQS"
"03/08/2025","45","","Georgia Station","13-231-9991","AQS"
"03/09/2025","37","","Dawsonville","13-085-0001","AQS"
"03/10/2025","37","","Georgia Station","13-231-9991","AQS"
"03/11/2025","64","","Dawsonville","13-085-0001","AQS"
"03/12/2025","90","","Georgia Station","13-231-9991","AQS"
"03/13/2025","58","","Dawsonville","13-085-0001","AQS"
"03/14/2025","43","","Dawsonville","13-085-0001","AQS"
"03/15/2025","42","","United Avenue","13-121-0055","AQS"
"03/16/2025","44","","Georgia Station","13-231-9991","AQS"
"03/17/2025","43","","Georgia Station","13-231-9991","AQS"
"03/18/2025","71","","Georgia Station","13-231-9991","AQS"
"03/19/2025","48","","Dawsonville","13-085-0001","AQS"
"03/20/2025","39","","Georgia Station","13-231-9991","AQS"
"03/21/2025","51","","Georgia Station","13-231-9991","AQS"
"03/22/2025","67","","Georgia Station","13-231-9991","AQS"
"03/23/2025","77","","Georgia Station","13-231-9991","AQS"
"03/24/2025","43","","Dawsonville","13-085-0001","AQS"
"03/25/2025","46","","United Avenue","13-121-0055","AQS"
"03/26/2025","50","","Georgia Station","13-231-9991","AQS"
"03/27/2025","80","","Georgia Station","13-231-9991","AQS"
"03/28/2025","71","","Dawsonville","13-085-0001","AQS"
"03/29/2025","44","","United Avenue","13-121-0055","AQS"
"03/30/2025","32","","Georgia Station","13-231-9991","AQS"
"03/31/2025","36","","Georgia Station","13-231-9991","AQS"
"04/01/2025","44","","Dawsonville","13-085-0001","AQS"
"04/02/2025","32","","Georgia Station","13-231-9991","AQS"
"04/03/2025","35","","Georgia Station","13-231-9991","AQS"
"04/04/2025","39","","Dawsonville","13-085-0001","AQS"
"04/05/2025","41","","Dawsonville","13-085-0001","AQS"
"04/06/2025","32","","Georgia Station","13-231-9991","AQS"
"04/07/2025","29","","Georgia Station","13-231-9991","AQS"
"04/08/2025","48","","Georgia Station","13-231-9991","AQS"
"04/09/2025","50","","Georgia Station","13-231-9991","AQS"
"04/10/2025","61","","United Avenue","13-121-0055","AQS"
"04/11/2025","44","","Georgia Station","13-231-9991","AQS"
"04/12/2025","46","","Georgia Station","13-231-9991","AQS"
"04/13/2025","48","","Gwinnett","13-135-0002","AQS"
"04/14/2025","77","","Dawsonville","13-085-0001","AQS"
"04/15/2025","50","","Georgia Station","13-231-9991","AQS"
"04/16/2025","61","","Georgia Station","13-231-9991","AQS"
"04/17/2025","90","","Georgia Station","13-231-9991","AQS"
"04/18/2025","97","","Dawsonville","13-085-0001","AQS"
"04/19/2025","87","","Dawsonville","13-085-0001","AQS"
"04/20/2025","41","","United Avenue","13-121-0055","AQS"
"04/21/2025","58","","Dawsonville","13-085-0001","AQS"
"04/22/2025","40","","Georgia Station","13-231-9991","AQS"
"04/23/2025","44","","Dawsonville","13-085-0001","AQS"
"04/24/2025","36","","Georgia Station","13-231-9991","AQS"
"04/25/2025","39","","Georgia Station","13-231-9991","AQS"
"04/26/2025","44","","McDonough","13-151-0002","AQS"
"04/27/2025","45","","United Avenue","13-121-0055","AQS"
"04/28/2025","44","","Dawsonville","13-085-0001","AQS"
"04/29/2025","44","","United Avenue","13-121-0055","AQS"
"04/30/2025","49","","Gwinnett","13-135-0002","AQS"
"05/01/2025","44","","Georgia Station","13-231-9991","AQS"
"05/02/2025","43","","Georgia Station","13-231-9991","AQS"
"05/03/2025","33","","United Avenue","13-121-0055","AQS"
"05/04/2025","39","","Georgia Station","13-231-9991","AQS"
"05/05/2025","44","","United Avenue","13-121-0055","AQS"
"05/06/2025","58","","Gwinnett","13-135-0002","AQS"
"05/07/2025","41","","Georgia Station","13-231-9991","AQS"
"05/08/2025","71","","Gwinnett","13-135-0002","AQS"
"05/09/2025","74","","McDonough","13-151-0002","AQS"
"05/10/2025","32","","United Avenue","13-121-0055","AQS"
"05/11/2025","31","","Georgia Station","13-231-9991","AQS"
"05/12/2025","42","","Georgia Station","13-231-9991","AQS"
"05/13/2025","45","","Gwinnett","13-135-0002","AQS"
"05/14/2025","45","","United Avenue","13-121-0055","AQS"
"05/15/2025","43","","United Avenue","13-121-0055","AQS"
"05/16/2025","39","","Gwinnett","13-135-0002","AQS"
"05/17/2025","39","","Dawsonville","13-085-0001","AQS"
"05/18/2025","46","","Gwinnett","13-135-0002","AQS"
"05/19/2025","35","","Gwinnett","13-135-0002","AQS"
"05/20/2025","35","","Gwinnett","13-135-0002","AQS"
"05/21/2025","44","","Georgia Station","13-231-9991","AQS"
"05/22/2025","51","","Georgia Station","13-231-9991","AQS"
"05/23/2025","51","","Georgia Station","13-231-9991","AQS"
"05/24/2025","67","","Georgia Station","13-231-9991","AQS"
"05/25/2025","40","","United Avenue","13-121-0055","AQS"
"05/26/2025","38","","Kennesaw","13-067-0003","AQS"
"05/27/2025","21","","Georgia Station","13-231-9991","AQS"
"05/28/2025","33","","Georgia Station","13-231-9991","AQS"
"05/29/2025","28","","Georgia Station","13-231-9991","AQS"
"05/30/2025","40","","Gwinnett","13-135-0002","AQS"
"05/31/2025","54","","United Avenue","13-121-0055","AQS"
"06/01/2025","58","","United Avenue","13-121-0055","AQS"
"06/02/2025","97","","United Avenue","13-121-0055","AQS"
"06/03/2025","64","","Georgia Station","13-231-9991","AQS"
"06/04/2025","37","","Kennesaw","13-067-0003","AQS"
"06/05/2025","42","","United Avenue","13-121-0055","AQS"
"06/06/2025","45","","Conyers","13-247-0001","AQS"
"06/07/2025","37","","United Avenue","13-121-0055","AQS"
"06/08/2025","37","","United Avenue","13-121-0055","AQS"
"06/09/2025","34","","United Avenue","13-121-0055","AQS"
"06/10/2025","37","","United Avenue","13-121-0055","AQS"
"06/11/2025","54","","United Avenue","13-121-0055","AQS"
"06/12/2025","30","","Kennesaw","13-067-0003","AQS"
"06/13/2025","31","","Dawsonville","13-085-0001","AQS"
"06/14/2025","29","","Gwinnett","13-135-0002","AQS"
"06/15/2025","31","","United Avenue","13-121-0055","AQS"
"06/16/2025","41","","Gwinnett","13-135-0002","AQS"
"06/17/2025","29","","Gwinnett","13-135-0002","AQS"
"06/18/2025","23","","United Avenue","13-121-0055","AQS"
"06/19/2025","45","","United Avenue","13-121-0055","AQS"
"06/20/2025","58","","McDonough","13-151-0002","AQS"
"06/21/2025","51","","United Avenue","13-121-0055","AQS"
"06/22/2025","51","","United Avenue","13-121-0055","AQS"
"06/23/2025","50","","Gwinnett","13-135-0002","AQS"
"06/24/2025","112","","United Avenue","13-121-0055","AQS"
"06/25/2025","129","","United Avenue","13-121-0055","AQS"
"06/26/2025","67","","United Avenue","13-121-0055","AQS"
"06/27/2025","84","","United Avenue","13-121-0055","AQS"
"06/28/2025","58","","Gwinnett","13-135-0002","AQS"
"06/29/2025","41","","McDonough","13-151-0002","AQS"
"06/30/2025","50","","Conyers","13-247-0001","AQS"
"07/01/2025","41","","Gwinnett","13-135-0002","AQS"
"07/02/2025","74","","McDonough","13-151-0002","AQS"
"07/03/2025","90","","Georgia Station","13-231-9991","AQS"
"07/04/2025","54","","Douglasville","13-097-0004","AQS"
"07/05/2025","54","","Douglasville","13-097-0004","AQS"
"07/06/2025","67","","United Avenue","13-121-0055","AQS"
"07/07/2025","90","","Conyers","13-247-0001","AQS"
"07/08/2025","61","","Gwinnett","13-135-0002","AQS"
"07/09/2025","45","","United Avenue","13-121-0055","AQS"
"07/10/2025","34","","Gwinnett","13-135-0002","AQS"
"07/11/2025","43","","United Avenue","13-121-0055","AQS"
"07/12/2025","38","","United Avenue","13-121-0055","AQS"
"07/13/2025","31","","United Avenue","13-121-0055","AQS"
"07/14/2025","58","","McDonough","13-151-0002","AQS"
"07/15/2025","67","","United Avenue","13-121-0055","AQS"
"07/16/2025","42","","Kennesaw","13-067-0003","AQS"
"07/17/2025","39","","Dawsonville","13-085-0001","AQS"
"07/18/2025","39","","Dawsonville","13-085-0001","AQS"
"07/19/2025","30","","United Avenue","13-121-0055","AQS"
"07/20/2025","32","","Conyers","13-247-0001","AQS"
"07/21/2025","28","","McDonough","13-151-0002","AQS"
"07/22/2025","67","","Georgia Station","13-231-9991","AQS"
"07/23/2025","41","","Douglasville","13-097-0004","AQS"
"07/24/2025","41","","Douglasville","13-097-0004","AQS"
"07/25/2025","46","","Dawsonville","13-085-0001","AQS"
"07/26/2025","31","","United Avenue","13-121-0055","AQS"
"07/27/2025","36","","McDonough","13-151-0002","AQS"
"07/28/2025","44","","McDonough","13-151-0002","AQS"
"07/29/2025","93","","Georgia Station","13-231-9991","AQS"
"07/30/2025","54","","Kennesaw","13-067-0003","AQS"
"07/31/2025","46","","Gwinnett","13-135-0002","AQS"
"08/01/2025","47","","McDonough","13-151-0002","AQS"
"08/02/2025","34","","Georgia Station","13-231-9991","AQS"
"08/03/2025","31","","Georgia Station","13-231-9991","AQS"
"08/04/2025","27","","Georgia Station","13-231-9991","AQS"
"08/05/2025","26","","Gwinnett","13-135-0002","AQS"
"08/06/2025","48","","Douglasville","13-097-0004","AQS"
"08/07/2025","43","","Douglasville","13-097-0004","AQS"
"08/08/2025","35","","Douglasville","13-097-0004","AQS"
"08/09/2025","34","","Douglasville","13-097-0004","AQS"
"08/10/2025","26","","Douglasville","13-097-0004","AQS"
"08/11/2025","29","","Douglasville","13-097-0004","AQS"
"08/12/2025","25","","United Avenue","13-121-0055","AQS"
"08/13/2025","25","","Gwinnett","13-135-0002","AQS"
"08/14/2025","44","","United Avenue","13-121-0055","AQS"
"08/15/2025","48","","United Avenue","13-121-0055","AQS"
"08/16/2025","54","","United Avenue","13-121-0055","AQS"
"08/17/2025","49","","United Avenue","13-121-0055","AQS"
"08/18/2025","74","","Douglasville","13-097-0004","AQS"
"08/19/2025","48","","Douglasville","13-097-0004","AQS"
"08/20/2025","64","","United Avenue","13-121-0055","AQS"
"08/21/2025","64","","United Avenue","13-121-0055","AQS"
"08/22/2025","44","","Douglasville","13-097-0004","AQS"
"08/23/2025","28","","Georgia Station","13-231-9991","AQS"
"08/24/2025","39","","United Avenue","13-121-0055","AQS"
"08/25/2025","51","","McDonough","13-151-0002","AQS"
"08/26/2025","50","","McDonough","13-151-0002","AQS"
"08/27/2025","51","","Douglasville","13-097-0004","AQS"
"08/28/2025","67","","United Avenue","13-121-0055","AQS"
"08/29/2025","64","","Douglasville","13-097-0004","AQS"
"08/30/2025","47","","Douglasville","13-097-0004","AQS"
"08/31/2025","46","","Douglasville","13-097-0004","AQS"
"09/01/2025","44","","Douglasville","13-097-0004","AQS"
"09/02/2025","64","","Douglasville","13-097-0004","AQS"
"09/03/2025","54","","United Avenue","13-121-0055","AQS"
"09/04/2025","43","","United Avenue","13-121-0055","AQS"
"09/05/2025","49","","United Avenue","13-121-0055","AQS"
"09/06/2025","36","","Douglasville","13-097-0004","AQS"
"09/07/2025","44","","McDonough","13-151-0002","AQS"
"09/08/2025","43","","Douglasville","13-097-0004","AQS"
"09/09/2025","50","","Douglasville","13-097-0004","AQS"
"09/10/2025","105","","Georgia Station","13-231-9991","AQS"
"09/11/2025","108","","Georgia Station","13-231-9991","AQS"
"09/12/2025","97","","Douglasville","13-097-0004","AQS"
"09/13/2025","64","","Douglasville","13-097-0004","AQS"
"09/14/2025","58","","United Avenue","13-121-0055","AQS"
"09/15/2025","87","","Douglasville","13-097-0004","AQS"
"09/16/2025","100","","United Avenue","13-121-0055","AQS"
"09/17/2025","84","","United Avenue","13-121-0055","AQS"
"09/18/2025","105","","United Avenue","13-121-0055","AQS"
"09/19/2025","112","","United Avenue","13-121-0055","AQS"
"09/20/2025","97","","United Avenue","13-121-0055","AQS"
"09/21/2025","47","","Georgia Station","13-231-9991","AQS"
"09/22/2025","48","","Kennesaw","13-067-0003","AQS"
"09/23/2025","54","","Gwinnett","13-135-0002","AQS"
"09/24/2025","44","","United Avenue","13-121-0055","AQS"
"09/25/2025","30","","Georgia Station","13-231-9991","AQS"
"09/26/2025","33","","Gwinnett","13-135-0002","AQS"
"09/27/2025","44","","United Avenue","13-121-0055","AQS"
"09/28/2025","43","","Douglasville","13-097-0004","AQS"
"09/29/2025","38","","Douglasville","13-097-0004","AQS"
"09/30/2025","29","","United Avenue","13-121-0055","AQS"
"10/01/2025","47","","Douglasville","13-097-0004","AQS"
"10/02/2025","45","","Douglasville","13-097-0004","AQS"
"10/03/2025","42","","Douglasville","13-097-0004","AQS"
"10/04/2025","33","","Douglasville","13-097-0004","AQS"
"10/05/2025","26","","United Avenue","13-121-0055","AQS"
"10/06/2025","27","","Georgia Station","13-231-9991","AQS"
"10/07/2025","31","","Georgia Station","13-231-9991","AQS"
"10/08/2025","44","","Georgia Station","13-231-9991","AQS"
"10/09/2025","35","","United Avenue","13-121-0055","AQS"
"10/10/2025","42","","Douglasville","13-097-0004","AQS"
"10/11/2025","44","","Georgia Station","13-231-9991","AQS"
"10/12/2025","48","","Georgia Station","13-231-9991","AQS"
"10/13/2025","45","","United Avenue","13-121-0055","AQS"
"10/14/2025","58","","Georgia Station","13-231-9991","AQS"
"10/15/2025","71","","Georgia Station","13-231-9991","AQS"
"10/16/2025","61","","Douglasville","13-097-0004","AQS"
"10/17/2025","50","","Dawsonville","13-085-0001","AQS"
"10/18/2025","44","","Georgia Station","13-231-9991","AQS"
"10/19/2025","41","","Georgia Station","13-231-9991","AQS"
"10/20/2025","43","","Georgia Station","13-231-9991","AQS"
"10/21/2025","49","","Georgia Station","13-231-9991","AQS"
"10/22/2025","42","","Georgia Station","13-231-9991","AQS"
"10/23/2025","45","","Georgia Station","13-231-9991","AQS"
"10/24/2025","47","","Georgia Station","13-231-9991","AQS"
"10/25/2025","43","","United Avenue","13-121-0055","AQS"
"10/26/2025","34","","Georgia Station","13-231-9991","AQS"
"10/27/2025","26","","Dawsonville","13-085-0001","AQS"
"10/28/2025","27","","Gwinnett","13-135-0002","AQS"
"10/29/2025","21","","Georgia Station","13-231-9991","AQS"
"10/30/2025","26","","Georgia Station","13-231-9991","AQS"
"10/31/2025","37","","Georgia Station","13-231-9991","AQS"
"11/01/2025","40","","Georgia Station","13-231-9991","AQS"
"11/02/2025","37","","Georgia Station","13-231-9991","AQS"
"11/03/2025","35","","Georgia Station","13-231-9991","AQS"
"11/04/2025","39","","Georgia Station","13-231-9991","AQS"
"11/05/2025","46","","Georgia Station","13-231-9991","AQS"
"11/06/2025","74","","Georgia Station","13-231-9991","AQS"
"11/07/2025","40","","Dawsonville","13-085-0001","AirNow"
"11/08/2025","32","","Dawsonville","13-085-0001","AirNow"
"11/09/2025","37","","Georgia Station","13-231-9991","AQS"
"11/10/2025","29","","Georgia Station","13-231-9991","AQS"
"11/11/2025","31","","Georgia Station","13-231-9991","AQS"
"11/12/2025","44","","Georgia Station","13-231-9991","AQS"
"11/13/2025","46","","Georgia Station","13-231-9991","AQS"
"11/14/2025","47","","Georgia Station","13-231-9991","AQS"
"11/15/2025","44","","Georgia Station","13-231-9991","AQS"
"11/16/2025","37","","Georgia Station","13-231-9991","AQS"
"11/17/2025","39","","Georgia Station","13-231-9991","AQS"
"11/18/2025","44","","Georgia Station","13-231-9991","AQS"
"11/19/2025","32","","Georgia Station","13-231-9991","AQS"
"11/20/2025","31","","Georgia Station","13-231-9991","AQS"
"11/21/2025","35","","Georgia Station","13-231-9991","AQS"
"11/22/2025","27","","Georgia Station","13-231-9991","AQS"
"11/23/2025","37","","Georgia Station","13-231-9991","AQS"
"11/24/2025","39","","Georgia Station","13-231-9991","AQS"
"11/25/2025","32","","Georgia Station","13-231-9991","AQS"
"11/26/2025","33","","Georgia Station","13-231-9991","AQS"
"11/27/2025","35","","Georgia Station","13-231-9991","AQS"
"11/28/2025","34","","Georgia Station","13-231-9991","AQS"
"11/29/2025","35","","Georgia Station","13-231-9991","AQS"
"11/30/2025","29","","Georgia Station","13-231-9991","AQS"
"12/01/2025","19","","South DeKalb","13-089-0002","AQS"
"12/02/2025","26","","Georgia Station","13-231-9991","AirNow"
"12/03/2025","28","","Georgia Station","13-231-9991","AirNow"
"12/04/2025","21","","Georgia Station","13-231-9991","AirNow"
"12/05/2025","19","","Georgia Station","13-231-9991","AirNow"
"12/06/2025","17","","Georgia Station","13-231-9991","AirNow"
"12/07/2025","12","","Georgia Station","13-231-9991","AirNow"
"12/08/2025","20","","Georgia Station","13-231-9991","AirNow"
"12/09/2025","27","","Georgia Station","13-231-9991","AirNow"
"12/10/2025","35","","Georgia Station","13-231-9991","AirNow"
"12/11/2025","34","","Georgia Station","13-231-9991","AirNow"
"12/12/2025","45","","Georgia Station","13-231-9991","AirNow"
"12/13/2025","40","","Georgia Station","13-231-9991","AirNow"
"12/14/2025","35","","Georgia Station","13-231-9991","AirNow"
"12/15/2025","34","","Georgia Station","13-231-9991","AirNow"
"12/16/2025","40","","Georgia Station","13-231-9991","AirNow"
"12/17/2025","39","","Georgia Station","13-231-9991","AirNow"
"12/18/2025","31","","Georgia Station","13-231-9991","AirNow"
"12/19/2025","35","","Georgia Station","13-231-9991","AirNow"
"12/20/2025","37","","Georgia Station","13-231-9991","AirNow"
"12/21/2025","27","","Georgia Station","13-231-9991","AirNow"
"12/22/2025","38","","Georgia Station","13-231-9991","AirNow"
"12/23/2025","38","","Georgia Station","13-231-9991","AirNow"
"12/24/2025","36","","Georgia Station","13-231-9991","AirNow"
"12/25/2025","34","","Georgia Station","13-231-9991","AirNow"
"12/26/2025","31","","Georgia Station","13-231-9991","AirNow"
"12/27/2025","27","","Georgia Station","13-231-9991","AirNow"
"12/28/2025","25","","Georgia Station","13-231-9991","AirNow"
"12/29/2025","34","","Georgia Station","13-231-9991","AirNow"
"12/30/2025","31","","Georgia Station","13-231-9991","AirNow"
"12/31/2025","39","","Georgia Station","13-231-9991","AirNow"
