Date,Ozone AQI Value,Main Pollutant,Site Name,Site ID,Source
2000-01-01,35,Unknown,Georgia Station,13-231-9991,AQS
2000-01-02,31,Unknown,Georgia Station,13-231-9991,AQS
2000-01-03,39,Unknown,Georgia Station,13-231-9991,AQS
2000-01-04,38,Unknown,Georgia Station,13-231-9991,AQS
2000-01-05,21,Unknown,Georgia Station,13-231-9991,AQS
2000-01-06,25,Unknown,Georgia Station,13-231-9991,AQS
2000-01-07,31,Unknown,Georgia Station,13-231-9991,AQS
2000-01-08,24,Unknown,Georgia Station,13-231-9991,AQS
2000-01-09,26,Unknown,Georgia Station,13-231-9991,AQS
2000-01-10,39,Unknown,Georgia Station,13-231-9991,AQS
2000-01-11,39,Unknown,Georgia Station,13-231-9991,AQS
2000-01-12,43,Unknown,Georgia Station,13-231-9991,AQS
2000-01-13,34,Unknown,Georgia Station,13-231-9991,AQS
2000-01-14,21,Unknown,Georgia Station,13-231-9991,AQS
2000-01-15,36,Unknown,Georgia Station,13-231-9991,AQS
2000-01-16,39,Unknown,Georgia Station,13-231-9991,AQS
2000-01-17,22,Unknown,Georgia Station,13-231-9991,AQS
2000-01-18,26,Unknown,Georgia Station,13-231-9991,AQS
2000-01-19,21,Unknown,Georgia Station,13-231-9991,AQS
2000-01-20,29,Unknown,Georgia Station,13-231-9991,AQS
2000-01-21,31,Unknown,Georgia Station,13-231-9991,AQS
2000-01-22,17,Unknown,Georgia Station,13-231-9991,AQS
2000-01-23,13,Unknown,Georgia Station,13-231-9991,AQS
2000-01-24,17,Unknown,Georgia Station,13-231-9991,AQS
2000-01-25,28,Unknown,Georgia Station,13-231-9991,AQS
2000-01-26,29,Unknown,Georgia Station,13-231-9991,AQS
2000-01-27,25,Unknown,Georgia Station,13-231-9991,AQS
2000-01-28,26,Unknown,Georgia Station,13-231-9991,AQS
2000-01-29,30,Unknown,Georgia Station,13-231-9991,AQS
2000-01-31,33,Unknown,Georgia Station,13-231-9991,AQS
2000-02-01,44,Unknown,Georgia Station,13-231-9991,AQS
2000-02-02,31,Unknown,Georgia Station,13-231-9991,AQS
2000-02-03,41,Unknown,Georgia Station,13-231-9991,AQS
2000-02-04,36,Unknown,Georgia Station,13-231-9991,AQS
2000-02-05,29,Unknown,Georgia Station,13-231-9991,AQS
2000-02-06,37,Unknown,Georgia Station,13-231-9991,AQS
2000-02-07,43,Unknown,Georgia Station,13-231-9991,AQS
2000-02-08,44,Unknown,Georgia Station,13-231-9991,AQS
2000-02-09,77,Unknown,Georgia Station,13-231-9991,AQS
2000-02-10,101,Unknown,Georgia Station,13-231-9991,AQS
2000-02-11,50,Unknown,Georgia Station,13-231-9991,AQS
2000-02-12,43,Unknown,Georgia Station,13-231-9991,AQS
2000-02-13,28,Unknown,Georgia Station,13-231-9991,AQS
2000-02-14,46,Unknown,Georgia Station,13-231-9991,AQS
2000-02-15,40,Unknown,Georgia Station,13-231-9991,AQS
2000-02-16,40,Unknown,Georgia Station,13-231-9991,AQS
2000-02-17,33,Unknown,Georgia Station,13-231-9991,AQS
2000-02-18,44,Unknown,Georgia Station,13-231-9991,AQS
2000-02-19,43,Unknown,Georgia Station,13-231-9991,AQS
2000-02-20,39,Unknown,Georgia Station,13-231-9991,AQS
2000-02-21,43,Unknown,Georgia Station,13-231-9991,AQS
2000-02-22,42,Unknown,Georgia Station,13-231-9991,AQS
2000-02-23,50,Unknown,Georgia Station,13-231-9991,AQS
2000-02-24,44,Unknown,Georgia Station,13-231-9991,AQS
2000-02-25,46,Unknown,Georgia Station,13-231-9991,AQS
2000-02-27,39,Unknown,Georgia Station,13-231-9991,AQS
2000-02-28,31,Unknown,Georgia Station,13-231-9991,AQS
2000-02-29,77,Unknown,Georgia Station,13-231-9991,AQS
2000-03-01,44,Unknown,Dawsonville,13-085-0001,AQS
2000-03-02,44,Unknown,Dawsonville,13-085-0001,AQS
2000-03-03,61,Unknown,Georgia Station,13-231-9991,AQS
2000-03-04,44,Unknown,Dawsonville,13-085-0001,AQS
2000-03-05,54,Unknown,Dawsonville,13-085-0001,AQS
2000-03-06,71,Unknown,Georgia Station,13-231-9991,AQS
2000-03-07,105,Unknown,DOT STORAGE FACILITY,13-113-0001,AQS
2000-03-08,150,Unknown,Dawsonville,13-085-0001,AQS
2000-03-09,44,Unknown,Georgia Station,13-231-9991,AQS
2000-03-10,31,Unknown,DOT STORAGE FACILITY,13-113-0001,AQS
2000-03-11,35,Unknown,Georgia Station,13-231-9991,AQS
2000-03-12,40,Unknown,Douglasville,13-097-0004,AQS
2000-03-13,41,Unknown,McDonough,13-151-0002,AQS
2000-03-14,51,Unknown,Georgia Station,13-231-9991,AQS
2000-03-15,64,Unknown,DOT STORAGE FACILITY,13-113-0001,AQS
2000-03-16,38,Unknown,Dawsonville,13-085-0001,AQS
2000-03-17,38,Unknown,Georgia Station,13-231-9991,AQS
2000-03-18,36,Unknown,Dawsonville,13-085-0001,AQS
2000-03-19,40,Unknown,Georgia Station,13-231-9991,AQS
2000-03-20,44,Unknown,Georgia Station,13-231-9991,AQS
2000-03-21,47,Unknown,"Yorkville, King Farm",13-223-0003,AQS
2000-03-22,67,Unknown,Georgia Station,13-231-9991,AQS
2000-03-23,46,Unknown,"REINHARDT COLLEGE, SAMUEL C. DOBBS BUILDING",13-057-0001,AQS
2000-03-24,51,Unknown,Dawsonville,13-085-0001,AQS
2000-03-25,67,Unknown,Georgia Station,13-231-9991,AQS
2000-03-26,67,Unknown,Georgia Station,13-231-9991,AQS
2000-03-27,44,Unknown,"Yorkville, King Farm",13-223-0003,AQS
2000-03-28,71,Unknown,Douglasville,13-097-0004,AQS
2000-03-29,49,Unknown,Georgia Station,13-231-9991,AQS
2000-03-30,41,Unknown,Georgia Station,13-231-9991,AQS
2000-03-31,54,Unknown,DOT STORAGE FACILITY,13-113-0001,AQS
2000-04-01,90,Unknown,DOT STORAGE FACILITY,13-113-0001,AQS
2000-04-02,38,Unknown,Georgia Station,13-231-9991,AQS
2000-04-03,36,Unknown,"Yorkville, King Farm",13-223-0003,AQS
2000-04-04,45,Unknown,Douglasville,13-097-0004,AQS
2000-04-05,61,Unknown,Douglasville,13-097-0004,AQS
2000-04-06,112,Unknown,Dawsonville,13-085-0001,AQS
2000-04-07,49,Unknown,Dawsonville,13-085-0001,AQS
2000-04-08,37,Unknown,Georgia Station,13-231-9991,AQS
2000-04-09,46,Unknown,Douglasville,13-097-0004,AQS
2000-04-10,54,Unknown,"Yorkville, King Farm",13-223-0003,AQS
2000-04-11,80,Unknown,Georgia Station,13-231-9991,AQS
2000-04-12,49,Unknown,Georgia Station,13-231-9991,AQS
2000-04-13,33,Unknown,Dawsonville,13-085-0001,AQS
2000-04-14,31,Unknown,Dawsonville,13-085-0001,AQS
2000-04-15,35,Unknown,Dawsonville,13-085-0001,AQS
2000-04-16,51,Unknown,Dawsonville,13-085-0001,AQS
2000-04-17,48,Unknown,DOT STORAGE FACILITY,13-113-0001,AQS
2000-04-18,49,Unknown,Georgia Station,13-231-9991,AQS
2000-04-19,80,Unknown,Dawsonville,13-085-0001,AQS
2000-04-20,93,Unknown,Dawsonville,13-085-0001,AQS
2000-04-21,44,Unknown,Georgia Station,13-231-9991,AQS
2000-04-22,61,Unknown,Douglasville,13-097-0004,AQS
2000-04-23,49,Unknown,Dawsonville,13-085-0001,AQS
2000-04-24,42,Unknown,Georgia Station,13-231-9991,AQS
2000-04-25,40,Unknown,Douglasville,13-097-0004,AQS
2000-04-26,93,Unknown,Douglasville,13-097-0004,AQS
2000-04-27,119,Unknown,"Yorkville, King Farm",13-223-0003,AQS
2000-04-28,64,Unknown,Dawsonville,13-085-0001,AQS
2000-04-29,115,Unknown,Douglasville,13-097-0004,AQS
2000-04-30,147,Unknown,Tucker-Idlewood Road,13-089-3001,AQS
2000-05-01,122,Unknown,Dawsonville,13-085-0001,AQS
2000-05-02,126,Unknown,McDonough,13-151-0002,AQS
2000-05-03,97,Unknown,Dawsonville,13-085-0001,AQS
2000-05-04,77,Unknown,"Yorkville, King Farm",13-223-0003,AQS
2000-05-05,108,Unknown,"Yorkville, King Farm",13-223-0003,AQS
2000-05-06,100,Unknown,Dawsonville,13-085-0001,AQS
2000-05-07,105,Unknown,Gwinnett,13-135-0002,AQS
2000-05-08,108,Unknown,Dawsonville,13-085-0001,AQS
2000-05-09,90,Unknown,Dawsonville,13-085-0001,AQS
2000-05-10,54,Unknown,"Yorkville, King Farm",13-223-0003,AQS
2000-05-11,100,Unknown,Dawsonville,13-085-0001,AQS
2000-05-12,58,Unknown,Dawsonville,13-085-0001,AQS
2000-05-13,84,Unknown,Gwinnett,13-135-0002,AQS
2000-05-14,133,Unknown,McDonough,13-151-0002,AQS
2000-05-15,122,Unknown,Newnan,13-077-0002,AQS
2000-05-16,136,Unknown,Dawsonville,13-085-0001,AQS
2000-05-17,119,Unknown,Tucker-Idlewood Road,13-089-3001,AQS
2000-05-18,133,Unknown,Dawsonville,13-085-0001,AQS
2000-05-19,77,Unknown,Dawsonville,13-085-0001,AQS
2000-05-20,74,Unknown,Gwinnett,13-135-0002,AQS
2000-05-21,46,Unknown,Gwinnett,13-135-0002,AQS
2000-05-22,80,Unknown,Gwinnett,13-135-0002,AQS
2000-05-23,84,Unknown,"Yorkville, King Farm",13-223-0003,AQS
2000-05-24,74,Unknown,Dawsonville,13-085-0001,AQS
2000-05-25,45,Unknown,Douglasville,13-097-0004,AQS
2000-05-26,97,Unknown,Gwinnett,13-135-0002,AQS
2000-05-27,44,Unknown,Tucker-Idlewood Road,13-089-3001,AQS
2000-05-28,61,Unknown,McDonough,13-151-0002,AQS
2000-05-29,58,Unknown,McDonough,13-151-0002,AQS
2000-05-30,115,Unknown,Douglasville,13-097-0004,AQS
2000-05-31,174,Unknown,Douglasville,13-097-0004,AQS
2000-06-01,217,Unknown,Tucker-Idlewood Road,13-089-3001,AQS
2000-06-02,192,Unknown,Tucker-Idlewood Road,13-089-3001,AQS
2000-06-03,161,Unknown,McDonough,13-151-0002,AQS
2000-06-04,51,Unknown,McDonough,13-151-0002,AQS
2000-06-05,38,Unknown,"Yorkville, King Farm",13-223-0003,AQS
2000-06-06,67,Unknown,Georgia Station,13-231-9991,AQS
2000-06-07,126,Unknown,"Yorkville, King Farm",13-223-0003,AQS
2000-06-08,169,Unknown,Kennesaw,13-067-0003,AQS
2000-06-09,203,Unknown,Kennesaw,13-067-0003,AQS
2000-06-10,202,Unknown,Kennesaw,13-067-0003,AQS
2000-06-11,200,Unknown,Kennesaw,13-067-0003,AQS
2000-06-12,156,Unknown,Kennesaw,13-067-0003,AQS
2000-06-13,101,Unknown,Dawsonville,13-085-0001,AQS
2000-06-14,115,Unknown,Gwinnett,13-135-0002,AQS
2000-06-15,67,Unknown,Dawsonville,13-085-0001,AQS
2000-06-16,32,Unknown,Dawsonville,13-085-0001,AQS
2000-06-17,44,Unknown,Dawsonville,13-085-0001,AQS
2000-06-18,54,Unknown,Gwinnett,13-135-0002,AQS
2000-06-19,44,Unknown,DOT STORAGE FACILITY,13-113-0001,AQS
2000-06-20,51,Unknown,DOT STORAGE FACILITY,13-113-0001,AQS
2000-06-21,93,Unknown,Tucker-Idlewood Road,13-089-3001,AQS
2000-06-22,47,Unknown,Tucker-Idlewood Road,13-089-3001,AQS
2000-06-23,174,Unknown,Newnan,13-077-0002,AQS
2000-06-24,179,Unknown,Kennesaw,13-067-0003,AQS
2000-06-25,71,Unknown,"Yorkville, King Farm",13-223-0003,AQS
2000-06-26,143,Unknown,Gwinnett,13-135-0002,AQS
2000-06-27,90,Unknown,Dawsonville,13-085-0001,AQS
2000-06-28,35,Unknown,Douglasville,13-097-0004,AQS
2000-06-29,43,Unknown,Douglasville,13-097-0004,AQS
2000-06-30,187,Unknown,DOT STORAGE FACILITY,13-113-0001,AQS
2000-07-01,206,Unknown,McDonough,13-151-0002,AQS
2000-07-02,185,Unknown,Kennesaw,13-067-0003,AQS
2000-07-03,195,Unknown,Tucker-Idlewood Road,13-089-3001,AQS
2000-07-04,154,Unknown,McDonough,13-151-0002,AQS
2000-07-05,101,Unknown,McDonough,13-151-0002,AQS
2000-07-06,161,Unknown,McDonough,13-151-0002,AQS
2000-07-07,182,Unknown,DOT STORAGE FACILITY,13-113-0001,AQS
2000-07-08,150,Unknown,"Yorkville, King Farm",13-223-0003,AQS
2000-07-09,115,Unknown,Tucker-Idlewood Road,13-089-3001,AQS
2000-07-10,119,Unknown,United Avenue,13-121-0055,AQS
2000-07-11,136,Unknown,Tucker-Idlewood Road,13-089-3001,AQS
2000-07-12,122,Unknown,Kennesaw,13-067-0003,AQS
2000-07-13,206,Unknown,McDonough,13-151-0002,AQS
2000-07-14,169,Unknown,McDonough,13-151-0002,AQS
2000-07-15,119,Unknown,McDonough,13-151-0002,AQS
2000-07-16,151,Unknown,McDonough,13-151-0002,AQS
2000-07-17,169,Unknown,McDonough,13-151-0002,AQS
2000-07-18,218,Unknown,McDonough,13-151-0002,AQS
2000-07-19,151,Unknown,DOT STORAGE FACILITY,13-113-0001,AQS
2000-07-20,143,Unknown,McDonough,13-151-0002,AQS
2000-07-21,166,Unknown,McDonough,13-151-0002,AQS
2000-07-22,164,Unknown,South DeKalb,13-089-0002,AQS
2000-07-23,97,Unknown,Douglasville,13-097-0004,AQS
2000-07-24,126,Unknown,Douglasville,13-097-0004,AQS
2000-07-25,44,Unknown,Georgia Station,13-231-9991,AQS
2000-07-26,140,Unknown,"Yorkville, King Farm",13-223-0003,AQS
2000-07-27,205,Unknown,Kennesaw,13-067-0003,AQS
2000-07-28,208,Unknown,United Avenue,13-121-0055,AQS
2000-07-29,105,Unknown,Dawsonville,13-085-0001,AQS
2000-07-30,87,Unknown,Gwinnett,13-135-0002,AQS
2000-07-31,40,Unknown,Gwinnett,13-135-0002,AQS
2000-08-01,41,Unknown,Gwinnett,13-135-0002,AQS
2000-08-02,35,Unknown,Gwinnett,13-135-0002,AQS
2000-08-03,58,Unknown,Kennesaw,13-067-0003,AQS
2000-08-04,93,Unknown,Douglasville,13-097-0004,AQS
2000-08-05,161,Unknown,United Avenue,13-121-0055,AQS
2000-08-06,164,Unknown,Gwinnett,13-135-0002,AQS
2000-08-07,108,Unknown,Dawsonville,13-085-0001,AQS
2000-08-08,90,Unknown,Gwinnett,13-135-0002,AQS
2000-08-09,133,Unknown,McDonough,13-151-0002,AQS
2000-08-10,216,Unknown,United Avenue,13-121-0055,AQS
2000-08-11,129,Unknown,Conyers,13-247-0001,AQS
2000-08-12,140,Unknown,Georgia Station,13-231-9991,AQS
2000-08-13,150,Unknown,Newnan,13-077-0002,AQS
2000-08-14,192,Unknown,Conyers,13-247-0001,AQS
2000-08-15,206,Unknown,Georgia Station,13-231-9991,AQS
2000-08-16,234,Unknown,DOT STORAGE FACILITY,13-113-0001,AQS
2000-08-17,235,Unknown,McDonough,13-151-0002,AQS
2000-08-18,177,Unknown,Conyers,13-247-0001,AQS
2000-08-19,210,Unknown,United Avenue,13-121-0055,AQS
2000-08-20,112,Unknown,Douglasville,13-097-0004,AQS
2000-08-21,45,Unknown,Gwinnett,13-135-0002,AQS
2000-08-22,159,Unknown,"Yorkville, King Farm",13-223-0003,AQS
2000-08-23,161,Unknown,United Avenue,13-121-0055,AQS
2000-08-24,174,Unknown,Conyers,13-247-0001,AQS
2000-08-25,140,Unknown,Conyers,13-247-0001,AQS
2000-08-26,185,Unknown,Conyers,13-247-0001,AQS
2000-08-27,50,Unknown,Georgia Station,13-231-9991,AQS
2000-08-28,166,Unknown,Conyers,13-247-0001,AQS
2000-08-29,174,Unknown,Newnan,13-077-0002,AQS
2000-08-30,101,Unknown,Newnan,13-077-0002,AQS
2000-08-31,38,Unknown,"Yorkville, King Farm",13-223-0003,AQS
2000-09-01,43,Unknown,"Yorkville, King Farm",13-223-0003,AQS
2000-09-02,49,Unknown,Douglasville,13-097-0004,AQS
2000-09-03,45,Unknown,Douglasville,13-097-0004,AQS
2000-09-04,71,Unknown,DOT STORAGE FACILITY,13-113-0001,AQS
2000-09-05,50,Unknown,"Yorkville, King Farm",13-223-0003,AQS
2000-09-06,28,Unknown,Dawsonville,13-085-0001,AQS
2000-09-07,24,Unknown,Tucker-Idlewood Road,13-089-3001,AQS
2000-09-08,35,Unknown,Gwinnett,13-135-0002,AQS
2000-09-09,44,Unknown,"Yorkville, King Farm",13-223-0003,AQS
2000-09-10,74,Unknown,"Yorkville, King Farm",13-223-0003,AQS
2000-09-11,49,Unknown,DOT STORAGE FACILITY,13-113-0001,AQS
2000-09-12,108,Unknown,Tucker-Idlewood Road,13-089-3001,AQS
2000-09-13,80,Unknown,Conyers,13-247-0001,AQS
2000-09-14,84,Unknown,Gwinnett,13-135-0002,AQS
2000-09-15,90,Unknown,Georgia Station,13-231-9991,AQS
2000-09-16,67,Unknown,Georgia Station,13-231-9991,AQS
2000-09-17,50,Unknown,"Yorkville, King Farm",13-223-0003,AQS
2000-09-18,43,Unknown,Douglasville,13-097-0004,AQS
2000-09-19,147,Unknown,Dawsonville,13-085-0001,AQS
2000-09-20,39,Unknown,Dawsonville,13-085-0001,AQS
2000-09-21,24,Unknown,Georgia Station,13-231-9991,AQS
2000-09-22,22,Unknown,Dawsonville,13-085-0001,AQS
2000-09-23,30,Unknown,Dawsonville,13-085-0001,AQS
2000-09-24,33,Unknown,Tucker-Idlewood Road,13-089-3001,AQS
2000-09-25,29,Unknown,Douglasville,13-097-0004,AQS
2000-09-26,37,Unknown,"Yorkville, King Farm",13-223-0003,AQS
2000-09-27,43,Unknown,Georgia Station,13-231-9991,AQS
2000-09-28,67,Unknown,Georgia Station,13-231-9991,AQS
2000-09-29,77,Unknown,"Yorkville, King Farm",13-223-0003,AQS
2000-09-30,47,Unknown,"Yorkville, King Farm",13-223-0003,AQS
2000-10-01,45,Unknown,Douglasville,13-097-0004,AQS
2000-10-02,50,Unknown,Newnan,13-077-0002,AQS
2000-10-03,100,Unknown,Douglasville,13-097-0004,AQS
2000-10-04,101,Unknown,Kennesaw,13-067-0003,AQS
2000-10-05,93,Unknown,Dawsonville,13-085-0001,AQS
2000-10-06,33,Unknown,"Yorkville, King Farm",13-223-0003,AQS
2000-10-07,35,Unknown,Newnan,13-077-0002,AQS
2000-10-08,28,Unknown,Georgia Station,13-231-9991,AQS
2000-10-09,29,Unknown,Dawsonville,13-085-0001,AQS
2000-10-10,36,Unknown,Dawsonville,13-085-0001,AQS
2000-10-11,45,Unknown,Dawsonville,13-085-0001,AQS
2000-10-12,74,Unknown,Georgia Station,13-231-9991,AQS
2000-10-13,90,Unknown,Georgia Station,13-231-9991,AQS
2000-10-14,108,Unknown,Douglasville,13-097-0004,AQS
2000-10-15,97,Unknown,Douglasville,13-097-0004,AQS
2000-10-16,115,Unknown,Georgia Station,13-231-9991,AQS
2000-10-17,115,Unknown,Georgia Station,13-231-9991,AQS
2000-10-18,93,Unknown,Georgia Station,13-231-9991,AQS
2000-10-19,50,Unknown,Dawsonville,13-085-0001,AQS
2000-10-20,71,Unknown,Georgia Station,13-231-9991,AQS
2000-10-21,84,Unknown,Dawsonville,13-085-0001,AQS
2000-10-22,77,Unknown,Dawsonville,13-085-0001,AQS
2000-10-23,101,Unknown,Dawsonville,13-085-0001,AQS
2000-10-24,108,Unknown,Dawsonville,13-085-0001,AQS
2000-10-25,115,Unknown,"Yorkville, King Farm",13-223-0003,AQS
2000-10-26,97,Unknown,"Yorkville, King Farm",13-223-0003,AQS
2000-10-27,122,Unknown,Douglasville,13-097-0004,AQS
2000-10-28,97,Unknown,Conyers,13-247-0001,AQS
2000-10-29,50,Unknown,Georgia Station,13-231-9991,AQS
2000-10-30,93,Unknown,Georgia Station,13-231-9991,AQS
2000-10-31,90,Unknown,Georgia Station,13-231-9991,AQS
2000-11-01,84,Unknown,Georgia Station,13-231-9991,AQS
2000-11-02,90,Unknown,Georgia Station,13-231-9991,AQS
2000-11-03,77,Unknown,Georgia Station,13-231-9991,AQS
2000-11-04,37,Unknown,Georgia Station,13-231-9991,AQS
2000-11-05,34,Unknown,Georgia Station,13-231-9991,AQS
2000-11-06,31,Unknown,Georgia Station,13-231-9991,AQS
2000-11-07,28,Unknown,Georgia Station,13-231-9991,AQS
2000-11-08,30,Unknown,Georgia Station,13-231-9991,AQS
2000-11-09,30,Unknown,Georgia Station,13-231-9991,AQS
2000-11-10,19,Unknown,Georgia Station,13-231-9991,AQS
2000-11-11,24,Unknown,Georgia Station,13-231-9991,AQS
2000-11-12,41,Unknown,Georgia Station,13-231-9991,AQS
2000-11-13,34,Unknown,Georgia Station,13-231-9991,AQS
2000-11-14,33,Unknown,Georgia Station,13-231-9991,AQS
2000-11-15,28,Unknown,Georgia Station,13-231-9991,AQS
2000-11-16,29,Unknown,Georgia Station,13-231-9991,AQS
2000-11-17,23,Unknown,Georgia Station,13-231-9991,AQS
2000-11-18,11,Unknown,Georgia Station,13-231-9991,AQS
2000-11-19,18,Unknown,Georgia Station,13-231-9991,AQS
2000-11-20,33,Unknown,Georgia Station,13-231-9991,AQS
2000-11-21,27,Unknown,Georgia Station,13-231-9991,AQS
2000-11-22,35,Unknown,Georgia Station,13-231-9991,AQS
2000-11-23,34,Unknown,Georgia Station,13-231-9991,AQS
2000-11-24,38,Unknown,Georgia Station,13-231-9991,AQS
2000-11-25,32,Unknown,Georgia Station,13-231-9991,AQS
2000-11-26,37,Unknown,Georgia Station,13-231-9991,AQS
2000-11-27,36,Unknown,Georgia Station,13-231-9991,AQS
2000-11-28,40,Unknown,Georgia Station,13-231-9991,AQS
2000-11-29,42,Unknown,Georgia Station,13-231-9991,AQS
2000-11-30,25,Unknown,Georgia Station,13-231-9991,AQS
2000-12-01,31,Unknown,Georgia Station,13-231-9991,AQS
2000-12-02,16,Unknown,Georgia Station,13-231-9991,AQS
2000-12-03,10,Unknown,Georgia Station,13-231-9991,AQS
2000-12-04,30,Unknown,Georgia Station,13-231-9991,AQS
2000-12-05,27,Unknown,Georgia Station,13-231-9991,AQS
2000-12-06,19,Unknown,Georgia Station,13-231-9991,AQS
2000-12-07,34,Unknown,Georgia Station,13-231-9991,AQS
2000-12-08,32,Unknown,Georgia Station,13-231-9991,AQS
2000-12-09,15,Unknown,Georgia Station,13-231-9991,AQS
2000-12-10,13,Unknown,Georgia Station,13-231-9991,AQS
2000-12-11,19,Unknown,Georgia Station,13-231-9991,AQS
2000-12-12,19,Unknown,Georgia Station,13-231-9991,AQS
2000-12-13,13,Unknown,Georgia Station,13-231-9991,AQS
2000-12-14,4,Unknown,Georgia Station,13-231-9991,AQS
2000-12-15,5,Unknown,Georgia Station,13-231-9991,AQS
2000-12-16,22,Unknown,Georgia Station,13-231-9991,AQS
2000-12-17,21,Unknown,Georgia Station,13-231-9991,AQS
2000-12-18,25,Unknown,Georgia Station,13-231-9991,AQS
2000-12-19,24,Unknown,Georgia Station,13-231-9991,AQS
2000-12-20,23,Unknown,Georgia Station,13-231-9991,AQS
2000-12-21,16,Unknown,Georgia Station,13-231-9991,AQS
2000-12-22,28,Unknown,Georgia Station,13-231-9991,AQS
2000-12-23,21,Unknown,Georgia Station,13-231-9991,AQS
2000-12-24,26,Unknown,Georgia Station,13-231-9991,AQS
2000-12-25,31,Unknown,Georgia Station,13-231-9991,AQS
2000-12-26,28,Unknown,Georgia Station,13-231-9991,AQS
2000-12-27,16,Unknown,Georgia Station,13-231-9991,AQS
2000-12-28,19,Unknown,Georgia Station,13-231-9991,AQS
2000-12-29,21,Unknown,Georgia Station,13-231-9991,AQS
2000-12-30,27,Unknown,Georgia Station,13-231-9991,AQS
2000-12-31,31,Unknown,Georgia Station,13-231-9991,AQS
2001-01-01,26,Unknown,Georgia Station,13-231-9991,AQS
2001-01-04,27,Unknown,Georgia Station,13-231-9991,AQS
2001-01-05,33,Unknown,Georgia Station,13-231-9991,AQS
2001-01-06,30,Unknown,Georgia Station,13-231-9991,AQS
2001-01-07,39,Unknown,Georgia Station,13-231-9991,AQS
2001-01-08,32,Unknown,Georgia Station,13-231-9991,AQS
2001-01-09,22,Unknown,Georgia Station,13-231-9991,AQS
2001-01-10,24,Unknown,Georgia Station,13-231-9991,AQS
2001-01-11,24,Unknown,Georgia Station,13-231-9991,AQS
2001-01-12,7,Unknown,Georgia Station,13-231-9991,AQS
2001-01-13,33,Unknown,Georgia Station,13-231-9991,AQS
2001-01-14,33,Unknown,Georgia Station,13-231-9991,AQS
2001-01-15,31,Unknown,Georgia Station,13-231-9991,AQS
2001-01-16,23,Unknown,Georgia Station,13-231-9991,AQS
2001-01-17,15,Unknown,Georgia Station,13-231-9991,AQS
2001-01-18,13,Unknown,Georgia Station,13-231-9991,AQS
2001-01-19,22,Unknown,Georgia Station,13-231-9991,AQS
2001-01-20,25,Unknown,Georgia Station,13-231-9991,AQS
2001-01-21,26,Unknown,Georgia Station,13-231-9991,AQS
2001-01-22,33,Unknown,Georgia Station,13-231-9991,AQS
2001-01-23,31,Unknown,Georgia Station,13-231-9991,AQS
2001-01-24,35,Unknown,Georgia Station,13-231-9991,AQS
2001-01-25,29,Unknown,Georgia Station,13-231-9991,AQS
2001-01-26,33,Unknown,Georgia Station,13-231-9991,AQS
2001-01-30,42,Unknown,Georgia Station,13-231-9991,AQS
2001-01-31,41,Unknown,Georgia Station,13-231-9991,AQS
2001-02-01,27,Unknown,Georgia Station,13-231-9991,AQS
2001-02-02,31,Unknown,Georgia Station,13-231-9991,AQS
2001-02-03,28,Unknown,Georgia Station,13-231-9991,AQS
2001-02-04,41,Unknown,Georgia Station,13-231-9991,AQS
2001-02-05,38,Unknown,Georgia Station,13-231-9991,AQS
2001-02-06,45,Unknown,Georgia Station,13-231-9991,AQS
2001-02-07,67,Unknown,Georgia Station,13-231-9991,AQS
2001-02-08,77,Unknown,Georgia Station,13-231-9991,AQS
2001-02-09,44,Unknown,Georgia Station,13-231-9991,AQS
2001-02-10,29,Unknown,Georgia Station,13-231-9991,AQS
2001-02-11,28,Unknown,Georgia Station,13-231-9991,AQS
2001-02-12,20,Unknown,Georgia Station,13-231-9991,AQS
2001-02-13,13,Unknown,Georgia Station,13-231-9991,AQS
2001-02-14,23,Unknown,Georgia Station,13-231-9991,AQS
2001-02-15,24,Unknown,Georgia Station,13-231-9991,AQS
2001-02-16,28,Unknown,Georgia Station,13-231-9991,AQS
2001-02-17,32,Unknown,Georgia Station,13-231-9991,AQS
2001-02-18,39,Unknown,Georgia Station,13-231-9991,AQS
2001-02-19,47,Unknown,Georgia Station,13-231-9991,AQS
2001-02-20,36,Unknown,Georgia Station,13-231-9991,AQS
2001-02-21,41,Unknown,Georgia Station,13-231-9991,AQS
2001-02-22,25,Unknown,Georgia Station,13-231-9991,AQS
2001-02-23,32,Unknown,Georgia Station,13-231-9991,AQS
2001-02-24,36,Unknown,Georgia Station,13-231-9991,AQS
2001-02-25,27,Unknown,Georgia Station,13-231-9991,AQS
2001-02-26,41,Unknown,Georgia Station,13-231-9991,AQS
2001-02-27,31,Unknown,Georgia Station,13-231-9991,AQS
2001-02-28,25,Unknown,Georgia Station,13-231-9991,AQS
2001-03-01,42,Unknown,"Yorkville, King Farm",13-223-0003,AQS
2001-03-02,25,Unknown,Georgia Station,13-231-9991,AQS
2001-03-03,24,Unknown,"Yorkville, King Farm",13-223-0003,AQS
2001-03-04,35,Unknown,"Yorkville, King Farm",13-223-0003,AQS
2001-03-05,39,Unknown,Georgia Station,13-231-9991,AQS
2001-03-06,42,Unknown,Newnan,13-077-0002,AQS
2001-03-07,41,Unknown,Georgia Station,13-231-9991,AQS
2001-03-08,64,Unknown,Dawsonville,13-085-0001,AQS
2001-03-09,43,Unknown,Dawsonville,13-085-0001,AQS
2001-03-10,43,Unknown,Dawsonville,13-085-0001,AQS
2001-03-11,67,Unknown,Dawsonville,13-085-0001,AQS
2001-03-12,39,Unknown,Georgia Station,13-231-9991,AQS
2001-03-13,48,Unknown,Dawsonville,13-085-0001,AQS
2001-03-14,46,Unknown,Dawsonville,13-085-0001,AQS
2001-03-15,44,Unknown,Georgia Station,13-231-9991,AQS
2001-03-16,47,Unknown,Georgia Station,13-231-9991,AQS
2001-03-17,44,Unknown,Newnan,13-077-0002,AQS
2001-03-18,46,Unknown,Dawsonville,13-085-0001,AQS
2001-03-19,45,Unknown,Dawsonville,13-085-0001,AQS
2001-03-20,42,Unknown,Dawsonville,13-085-0001,AQS
2001-03-21,31,Unknown,Newnan,13-077-0002,AQS
2001-03-22,49,Unknown,Dawsonville,13-085-0001,AQS
2001-03-23,58,Unknown,Dawsonville,13-085-0001,AQS
2001-03-24,93,Unknown,"Yorkville, King Farm",13-223-0003,AQS
2001-03-25,50,Unknown,Dawsonville,13-085-0001,AQS
2001-03-26,44,Unknown,Dawsonville,13-085-0001,AQS
2001-03-27,46,Unknown,Dawsonville,13-085-0001,AQS
2001-03-28,49,Unknown,Dawsonville,13-085-0001,AQS
2001-03-29,38,Unknown,Dawsonville,13-085-0001,AQS
2001-03-30,34,Unknown,Georgia Station,13-231-9991,AQS
2001-03-31,42,Unknown,Georgia Station,13-231-9991,AQS
2001-04-01,46,Unknown,Georgia Station,13-231-9991,AQS
2001-04-02,64,Unknown,Georgia Station,13-231-9991,AQS
2001-04-03,46,Unknown,Georgia Station,13-231-9991,AQS
2001-04-04,46,Unknown,Dawsonville,13-085-0001,AQS
2001-04-05,48,Unknown,Georgia Station,13-231-9991,AQS
2001-04-06,45,Unknown,Dawsonville,13-085-0001,AQS
2001-04-07,54,Unknown,Dawsonville,13-085-0001,AQS
2001-04-08,49,Unknown,Dawsonville,13-085-0001,AQS
2001-04-09,45,Unknown,Dawsonville,13-085-0001,AQS
2001-04-10,93,Unknown,Tucker-Idlewood Road,13-089-3001,AQS
2001-04-11,50,Unknown,Dawsonville,13-085-0001,AQS
2001-04-12,38,Unknown,Dawsonville,13-085-0001,AQS
2001-04-13,48,Unknown,"REINHARDT COLLEGE, SAMUEL C. DOBBS BUILDING",13-057-0001,AQS
2001-04-14,77,Unknown,Gwinnett,13-135-0002,AQS
2001-04-15,51,Unknown,Douglasville,13-097-0004,AQS
2001-04-16,51,Unknown,Georgia Station,13-231-9991,AQS
2001-04-17,39,Unknown,Georgia Station,13-231-9991,AQS
2001-04-18,46,Unknown,Dawsonville,13-085-0001,AQS
2001-04-19,87,Unknown,Georgia Station,13-231-9991,AQS
2001-04-20,93,Unknown,Dawsonville,13-085-0001,AQS
2001-04-21,105,Unknown,Dawsonville,13-085-0001,AQS
2001-04-22,84,Unknown,"REINHARDT COLLEGE, SAMUEL C. DOBBS BUILDING",13-057-0001,AQS
2001-04-23,74,Unknown,Dawsonville,13-085-0001,AQS
2001-04-24,42,Unknown,Georgia Station,13-231-9991,AQS
2001-04-25,67,Unknown,"Yorkville, King Farm",13-223-0003,AQS
2001-04-26,84,Unknown,Douglasville,13-097-0004,AQS
2001-04-27,133,Unknown,"Yorkville, King Farm",13-223-0003,AQS
2001-04-28,164,Unknown,Georgia Station,13-231-9991,AQS
2001-04-29,129,Unknown,"Yorkville, King Farm",13-223-0003,AQS
2001-04-30,112,Unknown,"Yorkville, King Farm",13-223-0003,AQS
2001-05-01,112,Unknown,"Yorkville, King Farm",13-223-0003,AQS
2001-05-02,101,Unknown,"Yorkville, King Farm",13-223-0003,AQS
2001-05-03,108,Unknown,"Yorkville, King Farm",13-223-0003,AQS
2001-05-04,150,Unknown,"Yorkville, King Farm",13-223-0003,AQS
2001-05-05,166,Unknown,Tucker-Idlewood Road,13-089-3001,AQS
2001-05-06,133,Unknown,Kennesaw,13-067-0003,AQS
2001-05-07,64,Unknown,"Yorkville, King Farm",13-223-0003,AQS
2001-05-08,45,Unknown,Conyers,13-247-0001,AQS
2001-05-09,49,Unknown,Dawsonville,13-085-0001,AQS
2001-05-10,84,Unknown,Dawsonville,13-085-0001,AQS
2001-05-11,54,Unknown,"Yorkville, King Farm",13-223-0003,AQS
2001-05-12,61,Unknown,Conyers,13-247-0001,AQS
2001-05-13,97,Unknown,McDonough,13-151-0002,AQS
2001-05-14,136,Unknown,Georgia Station,13-231-9991,AQS
2001-05-15,133,Unknown,Georgia Station,13-231-9991,AQS
2001-05-16,140,Unknown,Conyers,13-247-0001,AQS
2001-05-17,150,Unknown,Conyers,13-247-0001,AQS
2001-05-18,122,Unknown,Dawsonville,13-085-0001,AQS
2001-05-19,47,Unknown,Dawsonville,13-085-0001,AQS
2001-05-20,50,Unknown,Kennesaw,13-067-0003,AQS
2001-05-21,38,Unknown,Dawsonville,13-085-0001,AQS
2001-05-22,40,Unknown,"Yorkville, King Farm",13-223-0003,AQS
2001-05-23,77,Unknown,"Yorkville, King Farm",13-223-0003,AQS
2001-05-24,87,Unknown,Tucker-Idlewood Road,13-089-3001,AQS
2001-05-25,54,Unknown,Douglasville,13-097-0004,AQS
2001-05-26,71,Unknown,Dawsonville,13-085-0001,AQS
2001-05-27,90,Unknown,Newnan,13-077-0002,AQS
2001-05-28,45,Unknown,Kennesaw,13-067-0003,AQS
2001-05-29,80,Unknown,Kennesaw,13-067-0003,AQS
2001-05-30,140,Unknown,DOT STORAGE FACILITY,13-113-0001,AQS
2001-05-31,115,Unknown,"Yorkville, King Farm",13-223-0003,AQS
2001-06-01,40,Unknown,"REINHARDT COLLEGE, SAMUEL C. DOBBS BUILDING",13-057-0001,AQS
2001-06-02,51,Unknown,Dawsonville,13-085-0001,AQS
2001-06-03,61,Unknown,Tucker-Idlewood Road,13-089-3001,AQS
2001-06-04,43,Unknown,Dawsonville,13-085-0001,AQS
2001-06-05,49,Unknown,DOT STORAGE FACILITY,13-113-0001,AQS
2001-06-06,48,Unknown,Dawsonville,13-085-0001,AQS
2001-06-07,31,Unknown,DOT STORAGE FACILITY,13-113-0001,AQS
2001-06-08,34,Unknown,"REINHARDT COLLEGE, SAMUEL C. DOBBS BUILDING",13-057-0001,AQS
2001-06-09,80,Unknown,Kennesaw,13-067-0003,AQS
2001-06-10,143,Unknown,Conyers,13-247-0001,AQS
2001-06-11,47,Unknown,Dawsonville,13-085-0001,AQS
2001-06-12,27,Unknown,"Yorkville, King Farm",13-223-0003,AQS
2001-06-13,156,Unknown,Tucker-Idlewood Road,13-089-3001,AQS
2001-06-14,47,Unknown,Tucker-Idlewood Road,13-089-3001,AQS
2001-06-15,39,Unknown,Dawsonville,13-085-0001,AQS
2001-06-16,67,Unknown,McDonough,13-151-0002,AQS
2001-06-17,150,Unknown,Newnan,13-077-0002,AQS
2001-06-18,179,Unknown,Douglasville,13-097-0004,AQS
2001-06-19,151,Unknown,"Yorkville, King Farm",13-223-0003,AQS
2001-06-20,174,Unknown,Kennesaw,13-067-0003,AQS
2001-06-21,156,Unknown,Dawsonville,13-085-0001,AQS
2001-06-22,44,Unknown,"Yorkville, King Farm",13-223-0003,AQS
2001-06-23,80,Unknown,McDonough,13-151-0002,AQS
2001-06-24,105,Unknown,DOT STORAGE FACILITY,13-113-0001,AQS
2001-06-25,58,Unknown,Tucker-Idlewood Road,13-089-3001,AQS
2001-06-26,87,Unknown,"REINHARDT COLLEGE, SAMUEL C. DOBBS BUILDING",13-057-0001,AQS
2001-06-27,143,Unknown,"REINHARDT COLLEGE, SAMUEL C. DOBBS BUILDING",13-057-0001,AQS
2001-06-28,87,Unknown,Kennesaw,13-067-0003,AQS
2001-06-29,51,Unknown,"REINHARDT COLLEGE, SAMUEL C. DOBBS BUILDING",13-057-0001,AQS
2001-06-30,39,Unknown,"REINHARDT COLLEGE, SAMUEL C. DOBBS BUILDING",13-057-0001,AQS
2001-07-01,58,Unknown,Tucker-Idlewood Road,13-089-3001,AQS
2001-07-02,93,Unknown,Tucker-Idlewood Road,13-089-3001,AQS
2001-07-03,50,Unknown,Dawsonville,13-085-0001,AQS
2001-07-04,40,Unknown,Dawsonville,13-085-0001,AQS
2001-07-05,77,Unknown,Gwinnett,13-135-0002,AQS
2001-07-06,108,Unknown,McDonough,13-151-0002,AQS
2001-07-07,112,Unknown,Tucker-Idlewood Road,13-089-3001,AQS
2001-07-08,133,Unknown,United Avenue,13-121-0055,AQS
2001-07-09,112,Unknown,Conyers,13-247-0001,AQS
2001-07-10,126,Unknown,Conyers,13-247-0001,AQS
2001-07-11,151,Unknown,McDonough,13-151-0002,AQS
2001-07-12,209,Unknown,McDonough,13-151-0002,AQS
2001-07-13,147,Unknown,DOT STORAGE FACILITY,13-113-0001,AQS
2001-07-14,133,Unknown,Douglasville,13-097-0004,AQS
2001-07-15,126,Unknown,Tucker-Idlewood Road,13-089-3001,AQS
2001-07-16,129,Unknown,Tucker-Idlewood Road,13-089-3001,AQS
2001-07-17,156,Unknown,Kennesaw,13-067-0003,AQS
2001-07-18,172,Unknown,Gwinnett,13-135-0002,AQS
2001-07-19,169,Unknown,Conyers,13-247-0001,AQS
2001-07-20,84,Unknown,Georgia Station,13-231-9991,AQS
2001-07-21,97,Unknown,"Yorkville, King Farm",13-223-0003,AQS
2001-07-22,143,Unknown,Douglasville,13-097-0004,AQS
2001-07-23,151,Unknown,Newnan,13-077-0002,AQS
2001-07-24,44,Unknown,"Yorkville, King Farm",13-223-0003,AQS
2001-07-25,27,Unknown,Dawsonville,13-085-0001,AQS
2001-07-26,43,Unknown,Dawsonville,13-085-0001,AQS
2001-07-27,47,Unknown,Dawsonville,13-085-0001,AQS
2001-07-28,31,Unknown,Kennesaw,13-067-0003,AQS
2001-07-29,28,Unknown,Tucker-Idlewood Road,13-089-3001,AQS
2001-07-30,84,Unknown,United Avenue,13-121-0055,AQS
2001-07-31,101,Unknown,"Yorkville, King Farm",13-223-0003,AQS
2001-08-01,87,Unknown,"Yorkville, King Farm",13-223-0003,AQS
2001-08-02,126,Unknown,Douglasville,13-097-0004,AQS
2001-08-03,136,Unknown,Kennesaw,13-067-0003,AQS
2001-08-04,100,Unknown,Gwinnett,13-135-0002,AQS
2001-08-05,48,Unknown,"Yorkville, King Farm",13-223-0003,AQS
2001-08-06,32,Unknown,Georgia Station,13-231-9991,AQS
2001-08-07,58,Unknown,Dawsonville,13-085-0001,AQS
2001-08-08,80,Unknown,Conyers,13-247-0001,AQS
2001-08-09,71,Unknown,Dawsonville,13-085-0001,AQS
2001-08-10,64,Unknown,Gwinnett,13-135-0002,AQS
2001-08-11,61,Unknown,Tucker-Idlewood Road,13-089-3001,AQS
2001-08-12,38,Unknown,Tucker-Idlewood Road,13-089-3001,AQS
2001-08-13,37,Unknown,"REINHARDT COLLEGE, SAMUEL C. DOBBS BUILDING",13-057-0001,AQS
2001-08-14,140,Unknown,DOT STORAGE FACILITY,13-113-0001,AQS
2001-08-15,122,Unknown,Kennesaw,13-067-0003,AQS
2001-08-16,74,Unknown,Dawsonville,13-085-0001,AQS
2001-08-17,133,Unknown,Gwinnett,13-135-0002,AQS
2001-08-18,129,Unknown,Gwinnett,13-135-0002,AQS
2001-08-19,51,Unknown,Dawsonville,13-085-0001,AQS
2001-08-20,93,Unknown,United Avenue,13-121-0055,AQS
2001-08-21,147,Unknown,Georgia Station,13-231-9991,AQS
2001-08-22,190,Unknown,Newnan,13-077-0002,AQS
2001-08-23,203,Unknown,Gwinnett,13-135-0002,AQS
2001-08-24,177,Unknown,McDonough,13-151-0002,AQS
2001-08-25,161,Unknown,"Yorkville, King Farm",13-223-0003,AQS
2001-08-26,122,Unknown,Kennesaw,13-067-0003,AQS
2001-08-27,93,Unknown,Tucker-Idlewood Road,13-089-3001,AQS
2001-08-28,44,Unknown,McDonough,13-151-0002,AQS
2001-08-29,67,Unknown,DOT STORAGE FACILITY,13-113-0001,AQS
2001-08-30,31,Unknown,Dawsonville,13-085-0001,AQS
2001-08-31,38,Unknown,Conyers,13-247-0001,AQS
2001-09-01,29,Unknown,Georgia Station,13-231-9991,AQS
2001-09-02,29,Unknown,Georgia Station,13-231-9991,AQS
2001-09-03,15,Unknown,Dawsonville,13-085-0001,AQS
2001-09-04,29,Unknown,Dawsonville,13-085-0001,AQS
2001-09-05,84,Unknown,Kennesaw,13-067-0003,AQS
2001-09-06,93,Unknown,"Yorkville, King Farm",13-223-0003,AQS
2001-09-07,93,Unknown,Kennesaw,13-067-0003,AQS
2001-09-08,46,Unknown,"Yorkville, King Farm",13-223-0003,AQS
2001-09-09,71,Unknown,"Yorkville, King Farm",13-223-0003,AQS
2001-09-10,64,Unknown,Newnan,13-077-0002,AQS
2001-09-11,47,Unknown,Douglasville,13-097-0004,AQS
2001-09-12,80,Unknown,"REINHARDT COLLEGE, SAMUEL C. DOBBS BUILDING",13-057-0001,AQS
2001-09-13,140,Unknown,Douglasville,13-097-0004,AQS
2001-09-14,108,Unknown,Gwinnett,13-135-0002,AQS
2001-09-15,47,Unknown,Newnan,13-077-0002,AQS
2001-09-16,71,Unknown,Georgia Station,13-231-9991,AQS
2001-09-17,101,Unknown,Tucker-Idlewood Road,13-089-3001,AQS
2001-09-18,112,Unknown,Conyers,13-247-0001,AQS
2001-09-19,51,Unknown,Georgia Station,13-231-9991,AQS
2001-09-20,50,Unknown,Georgia Station,13-231-9991,AQS
2001-09-21,97,Unknown,Georgia Station,13-231-9991,AQS
2001-09-22,143,Unknown,McDonough,13-151-0002,AQS
2001-09-23,97,Unknown,Douglasville,13-097-0004,AQS
2001-09-24,36,Unknown,Georgia Station,13-231-9991,AQS
2001-09-25,34,Unknown,Newnan,13-077-0002,AQS
2001-09-26,43,Unknown,Georgia Station,13-231-9991,AQS
2001-09-27,45,Unknown,"Yorkville, King Farm",13-223-0003,AQS
2001-09-28,71,Unknown,Conyers,13-247-0001,AQS
2001-09-29,43,Unknown,Georgia Station,13-231-9991,AQS
2001-09-30,45,Unknown,Georgia Station,13-231-9991,AQS
2001-10-01,46,Unknown,Newnan,13-077-0002,AQS
2001-10-02,90,Unknown,Georgia Station,13-231-9991,AQS
2001-10-03,108,Unknown,Georgia Station,13-231-9991,AQS
2001-10-04,115,Unknown,Dawsonville,13-085-0001,AQS
2001-10-05,42,Unknown,Georgia Station,13-231-9991,AQS
2001-10-06,25,Unknown,"Yorkville, King Farm",13-223-0003,AQS
2001-10-07,42,Unknown,Georgia Station,13-231-9991,AQS
2001-10-08,45,Unknown,Georgia Station,13-231-9991,AQS
2001-10-09,43,Unknown,Georgia Station,13-231-9991,AQS
2001-10-10,35,Unknown,"REINHARDT COLLEGE, SAMUEL C. DOBBS BUILDING",13-057-0001,AQS
2001-10-11,31,Unknown,DOT STORAGE FACILITY,13-113-0001,AQS
2001-10-12,30,Unknown,DOT STORAGE FACILITY,13-113-0001,AQS
2001-10-13,31,Unknown,"REINHARDT COLLEGE, SAMUEL C. DOBBS BUILDING",13-057-0001,AQS
2001-10-14,51,Unknown,"REINHARDT COLLEGE, SAMUEL C. DOBBS BUILDING",13-057-0001,AQS
2001-10-15,47,Unknown,"REINHARDT COLLEGE, SAMUEL C. DOBBS BUILDING",13-057-0001,AQS
2001-10-16,34,Unknown,"REINHARDT COLLEGE, SAMUEL C. DOBBS BUILDING",13-057-0001,AQS
2001-10-17,32,Unknown,"REINHARDT COLLEGE, SAMUEL C. DOBBS BUILDING",13-057-0001,AQS
2001-10-18,38,Unknown,Conyers,13-247-0001,AQS
2001-10-19,40,Unknown,Georgia Station,13-231-9991,AQS
2001-10-20,49,Unknown,Dawsonville,13-085-0001,AQS
2001-10-21,51,Unknown,Georgia Station,13-231-9991,AQS
2001-10-22,51,Unknown,Dawsonville,13-085-0001,AQS
2001-10-23,61,Unknown,Dawsonville,13-085-0001,AQS
2001-10-24,32,Unknown,Georgia Station,13-231-9991,AQS
2001-10-25,37,Unknown,Dawsonville,13-085-0001,AQS
2001-10-26,37,Unknown,"Yorkville, King Farm",13-223-0003,AQS
2001-10-27,31,Unknown,Newnan,13-077-0002,AQS
2001-10-28,35,Unknown,Dawsonville,13-085-0001,AQS
2001-10-29,44,Unknown,Dawsonville,13-085-0001,AQS
2001-10-30,50,Unknown,Georgia Station,13-231-9991,AQS
2001-10-31,51,Unknown,Dawsonville,13-085-0001,AQS
2001-11-01,39,Unknown,Georgia Station,13-231-9991,AQS
2001-11-02,32,Unknown,Georgia Station,13-231-9991,AQS
2001-11-03,50,Unknown,Georgia Station,13-231-9991,AQS
2001-11-04,48,Unknown,Georgia Station,13-231-9991,AQS
2001-11-05,44,Unknown,Georgia Station,13-231-9991,AQS
2001-11-06,49,Unknown,Georgia Station,13-231-9991,AQS
2001-11-07,101,Unknown,Georgia Station,13-231-9991,AQS
2001-11-08,112,Unknown,Georgia Station,13-231-9991,AQS
2001-11-09,51,Unknown,Georgia Station,13-231-9991,AQS
2001-11-10,64,Unknown,Georgia Station,13-231-9991,AQS
2001-11-11,45,Unknown,Georgia Station,13-231-9991,AQS
2001-11-12,54,Unknown,Georgia Station,13-231-9991,AQS
2001-11-13,36,Unknown,Georgia Station,13-231-9991,AQS
2001-11-14,35,Unknown,Georgia Station,13-231-9991,AQS
2001-11-15,44,Unknown,Georgia Station,13-231-9991,AQS
2001-11-16,44,Unknown,Georgia Station,13-231-9991,AQS
2001-11-17,71,Unknown,Georgia Station,13-231-9991,AQS
2001-11-18,61,Unknown,Georgia Station,13-231-9991,AQS
2001-11-19,71,Unknown,Georgia Station,13-231-9991,AQS
2001-11-20,42,Unknown,Georgia Station,13-231-9991,AQS
2001-11-21,26,Unknown,Georgia Station,13-231-9991,AQS
2001-11-22,44,Unknown,Georgia Station,13-231-9991,AQS
2001-11-23,29,Unknown,Georgia Station,13-231-9991,AQS
2001-11-24,36,Unknown,Georgia Station,13-231-9991,AQS
2001-11-25,27,Unknown,Georgia Station,13-231-9991,AQS
2001-11-26,19,Unknown,Georgia Station,13-231-9991,AQS
2001-11-27,31,Unknown,Georgia Station,13-231-9991,AQS
2001-11-28,37,Unknown,Georgia Station,13-231-9991,AQS
2001-11-29,33,Unknown,Georgia Station,13-231-9991,AQS
2001-11-30,36,Unknown,Georgia Station,13-231-9991,AQS
2001-12-01,31,Unknown,Georgia Station,13-231-9991,AQS
2001-12-02,31,Unknown,Georgia Station,13-231-9991,AQS
2001-12-03,37,Unknown,Georgia Station,13-231-9991,AQS
2001-12-04,39,Unknown,Georgia Station,13-231-9991,AQS
2001-12-05,34,Unknown,Georgia Station,13-231-9991,AQS
2001-12-06,37,Unknown,Georgia Station,13-231-9991,AQS
2001-12-07,41,Unknown,Georgia Station,13-231-9991,AQS
2001-12-08,35,Unknown,Georgia Station,13-231-9991,AQS
2001-12-09,20,Unknown,Georgia Station,13-231-9991,AQS
2001-12-10,19,Unknown,Georgia Station,13-231-9991,AQS
2001-12-11,8,Unknown,Georgia Station,13-231-9991,AQS
2001-12-12,6,Unknown,Georgia Station,13-231-9991,AQS
2001-12-13,10,Unknown,Georgia Station,13-231-9991,AQS
2001-12-14,24,Unknown,Georgia Station,13-231-9991,AQS
2001-12-15,25,Unknown,Georgia Station,13-231-9991,AQS
2001-12-16,24,Unknown,Georgia Station,13-231-9991,AQS
2001-12-17,26,Unknown,Georgia Station,13-231-9991,AQS
2001-12-18,30,Unknown,Georgia Station,13-231-9991,AQS
2001-12-19,38,Unknown,Georgia Station,13-231-9991,AQS
2001-12-20,29,Unknown,Georgia Station,13-231-9991,AQS
2001-12-21,30,Unknown,Georgia Station,13-231-9991,AQS
2001-12-22,37,Unknown,Georgia Station,13-231-9991,AQS
2001-12-23,30,Unknown,Georgia Station,13-231-9991,AQS
2001-12-24,30,Unknown,Georgia Station,13-231-9991,AQS
2001-12-25,29,Unknown,Georgia Station,13-231-9991,AQS
2001-12-26,30,Unknown,Georgia Station,13-231-9991,AQS
2001-12-27,31,Unknown,Georgia Station,13-231-9991,AQS
2001-12-28,41,Unknown,Georgia Station,13-231-9991,AQS
2001-12-29,41,Unknown,Georgia Station,13-231-9991,AQS
2001-12-30,27,Unknown,Georgia Station,13-231-9991,AQS
2001-12-31,20,Unknown,Georgia Station,13-231-9991,AQS
2002-01-01,29,Unknown,Georgia Station,13-231-9991,AQS
2002-01-02,22,Unknown,Georgia Station,13-231-9991,AQS
2002-01-03,26,Unknown,Georgia Station,13-231-9991,AQS
2002-01-04,23,Unknown,Georgia Station,13-231-9991,AQS
2002-01-05,31,Unknown,Georgia Station,13-231-9991,AQS
2002-01-06,25,Unknown,Georgia Station,13-231-9991,AQS
2002-01-07,23,Unknown,Georgia Station,13-231-9991,AQS
2002-01-08,28,Unknown,Georgia Station,13-231-9991,AQS
2002-01-09,43,Unknown,Georgia Station,13-231-9991,AQS
2002-01-10,38,Unknown,Georgia Station,13-231-9991,AQS
2002-01-11,30,Unknown,Georgia Station,13-231-9991,AQS
2002-01-12,16,Unknown,Georgia Station,13-231-9991,AQS
2002-01-13,31,Unknown,Georgia Station,13-231-9991,AQS
2002-01-14,30,Unknown,Georgia Station,13-231-9991,AQS
2002-01-15,27,Unknown,Georgia Station,13-231-9991,AQS
2002-01-16,25,Unknown,Georgia Station,13-231-9991,AQS
2002-01-17,41,Unknown,Georgia Station,13-231-9991,AQS
2002-01-18,34,Unknown,Georgia Station,13-231-9991,AQS
2002-01-19,29,Unknown,Georgia Station,13-231-9991,AQS
2002-01-20,28,Unknown,Georgia Station,13-231-9991,AQS
2002-01-21,39,Unknown,Georgia Station,13-231-9991,AQS
2002-01-22,33,Unknown,Georgia Station,13-231-9991,AQS
2002-01-23,30,Unknown,Georgia Station,13-231-9991,AQS
2002-01-24,27,Unknown,Georgia Station,13-231-9991,AQS
2002-01-25,24,Unknown,Georgia Station,13-231-9991,AQS
2002-01-26,31,Unknown,Georgia Station,13-231-9991,AQS
2002-01-27,40,Unknown,Georgia Station,13-231-9991,AQS
2002-01-28,31,Unknown,Georgia Station,13-231-9991,AQS
2002-01-29,22,Unknown,Georgia Station,13-231-9991,AQS
2002-01-30,35,Unknown,Georgia Station,13-231-9991,AQS
2002-02-01,29,Unknown,Georgia Station,13-231-9991,AQS
2002-02-02,25,Unknown,Georgia Station,13-231-9991,AQS
2002-02-03,22,Unknown,Georgia Station,13-231-9991,AQS
2002-02-04,34,Unknown,Georgia Station,13-231-9991,AQS
2002-02-05,25,Unknown,Georgia Station,13-231-9991,AQS
2002-02-06,22,Unknown,Georgia Station,13-231-9991,AQS
2002-02-07,11,Unknown,Georgia Station,13-231-9991,AQS
2002-02-08,31,Unknown,Georgia Station,13-231-9991,AQS
2002-02-09,40,Unknown,Georgia Station,13-231-9991,AQS
2002-02-10,42,Unknown,Georgia Station,13-231-9991,AQS
2002-02-11,26,Unknown,Georgia Station,13-231-9991,AQS
2002-02-12,35,Unknown,Georgia Station,13-231-9991,AQS
2002-02-13,31,Unknown,Georgia Station,13-231-9991,AQS
2002-02-14,39,Unknown,Georgia Station,13-231-9991,AQS
2002-02-15,61,Unknown,Georgia Station,13-231-9991,AQS
2002-02-16,47,Unknown,Georgia Station,13-231-9991,AQS
2002-02-17,39,Unknown,Georgia Station,13-231-9991,AQS
2002-02-18,42,Unknown,Georgia Station,13-231-9991,AQS
2002-02-19,43,Unknown,Georgia Station,13-231-9991,AQS
2002-02-20,33,Unknown,Georgia Station,13-231-9991,AQS
2002-02-21,46,Unknown,Georgia Station,13-231-9991,AQS
2002-02-22,31,Unknown,Georgia Station,13-231-9991,AQS
2002-02-23,31,Unknown,Georgia Station,13-231-9991,AQS
2002-02-24,44,Unknown,Georgia Station,13-231-9991,AQS
2002-02-25,71,Unknown,Georgia Station,13-231-9991,AQS
2002-02-26,43,Unknown,Georgia Station,13-231-9991,AQS
2002-02-27,28,Unknown,Georgia Station,13-231-9991,AQS
2002-02-28,31,Unknown,Georgia Station,13-231-9991,AQS
2002-03-01,45,Unknown,Conyers,13-247-0001,AQS
2002-03-02,33,Unknown,Tucker-Idlewood Road,13-089-3001,AQS
2002-03-03,31,Unknown,Newnan,13-077-0002,AQS
2002-03-04,39,Unknown,Douglasville,13-097-0004,AQS
2002-03-05,48,Unknown,"Yorkville, King Farm",13-223-0003,AQS
2002-03-06,71,Unknown,"Yorkville, King Farm",13-223-0003,AQS
2002-03-07,54,Unknown,Dawsonville,13-085-0001,AQS
2002-03-08,43,Unknown,"REINHARDT COLLEGE, SAMUEL C. DOBBS BUILDING",13-057-0001,AQS
2002-03-09,33,Unknown,"Yorkville, King Farm",13-223-0003,AQS
2002-03-10,44,Unknown,"Yorkville, King Farm",13-223-0003,AQS
2002-03-11,47,Unknown,Georgia Station,13-231-9991,AQS
2002-03-12,34,Unknown,"Yorkville, King Farm",13-223-0003,AQS
2002-03-13,30,Unknown,Douglasville,13-097-0004,AQS
2002-03-14,41,Unknown,Georgia Station,13-231-9991,AQS
2002-03-15,35,Unknown,Georgia Station,13-231-9991,AQS
2002-03-16,32,Unknown,Dawsonville,13-085-0001,AQS
2002-03-17,27,Unknown,"Yorkville, King Farm",13-223-0003,AQS
2002-03-18,39,Unknown,"Yorkville, King Farm",13-223-0003,AQS
2002-03-19,34,Unknown,Georgia Station,13-231-9991,AQS
2002-03-20,35,Unknown,Georgia Station,13-231-9991,AQS
2002-03-21,40,Unknown,"REINHARDT COLLEGE, SAMUEL C. DOBBS BUILDING",13-057-0001,AQS
2002-03-22,39,Unknown,"Yorkville, King Farm",13-223-0003,AQS
2002-03-23,47,Unknown,"Yorkville, King Farm",13-223-0003,AQS
2002-03-24,64,Unknown,"Yorkville, King Farm",13-223-0003,AQS
2002-03-25,44,Unknown,Newnan,13-077-0002,AQS
2002-03-26,28,Unknown,Dawsonville,13-085-0001,AQS
2002-03-27,40,Unknown,Newnan,13-077-0002,AQS
2002-03-28,47,Unknown,Dawsonville,13-085-0001,AQS
2002-03-29,64,Unknown,Dawsonville,13-085-0001,AQS
2002-03-30,32,Unknown,Georgia Station,13-231-9991,AQS
2002-03-31,36,Unknown,Georgia Station,13-231-9991,AQS
2002-04-01,51,Unknown,"Yorkville, King Farm",13-223-0003,AQS
2002-04-02,58,Unknown,Dawsonville,13-085-0001,AQS
2002-04-03,44,Unknown,Gwinnett,13-135-0002,AQS
2002-04-04,42,Unknown,Dawsonville,13-085-0001,AQS
2002-04-05,54,Unknown,Newnan,13-077-0002,AQS
2002-04-06,71,Unknown,"Yorkville, King Farm",13-223-0003,AQS
2002-04-07,87,Unknown,"Yorkville, King Farm",13-223-0003,AQS
2002-04-08,50,Unknown,"REINHARDT COLLEGE, SAMUEL C. DOBBS BUILDING",13-057-0001,AQS
2002-04-09,40,Unknown,"Yorkville, King Farm",13-223-0003,AQS
2002-04-10,47,Unknown,"REINHARDT COLLEGE, SAMUEL C. DOBBS BUILDING",13-057-0001,AQS
2002-04-11,36,Unknown,Dawsonville,13-085-0001,AQS
2002-04-12,30,Unknown,Georgia Station,13-231-9991,AQS
2002-04-13,29,Unknown,Georgia Station,13-231-9991,AQS
2002-04-14,37,Unknown,Dawsonville,13-085-0001,AQS
2002-04-15,48,Unknown,Dawsonville,13-085-0001,AQS
2002-04-16,50,Unknown,Dawsonville,13-085-0001,AQS
2002-04-17,48,Unknown,Conyers,13-247-0001,AQS
2002-04-18,74,Unknown,Dawsonville,13-085-0001,AQS
2002-04-19,67,Unknown,McDonough,13-151-0002,AQS
2002-04-20,64,Unknown,Conyers,13-247-0001,AQS
2002-04-21,51,Unknown,Tucker-Idlewood Road,13-089-3001,AQS
2002-04-22,47,Unknown,Douglasville,13-097-0004,AQS
2002-04-23,100,Unknown,Georgia Station,13-231-9991,AQS
2002-04-24,100,Unknown,Conyers,13-247-0001,AQS
2002-04-25,67,Unknown,Georgia Station,13-231-9991,AQS
2002-04-26,47,Unknown,Georgia Station,13-231-9991,AQS
2002-04-27,46,Unknown,Conyers,13-247-0001,AQS
2002-04-28,41,Unknown,"Yorkville, King Farm",13-223-0003,AQS
2002-04-29,71,Unknown,Douglasville,13-097-0004,AQS
2002-04-30,40,Unknown,Georgia Station,13-231-9991,AQS
2002-05-01,36,Unknown,"Yorkville, King Farm",13-223-0003,AQS
2002-05-02,67,Unknown,Dawsonville,13-085-0001,AQS
2002-05-03,35,Unknown,McDonough,13-151-0002,AQS
2002-05-04,31,Unknown,Gwinnett,13-135-0002,AQS
2002-05-05,44,Unknown,"Yorkville, King Farm",13-223-0003,AQS
2002-05-06,49,Unknown,"REINHARDT COLLEGE, SAMUEL C. DOBBS BUILDING",13-057-0001,AQS
2002-05-07,44,Unknown,Dawsonville,13-085-0001,AQS
2002-05-08,58,Unknown,Dawsonville,13-085-0001,AQS
2002-05-09,40,Unknown,Tucker-Idlewood Road,13-089-3001,AQS
2002-05-10,48,Unknown,Newnan,13-077-0002,AQS
2002-05-11,90,Unknown,"Yorkville, King Farm",13-223-0003,AQS
2002-05-12,42,Unknown,"REINHARDT COLLEGE, SAMUEL C. DOBBS BUILDING",13-057-0001,AQS
2002-05-13,40,Unknown,Douglasville,13-097-0004,AQS
2002-05-14,67,Unknown,Douglasville,13-097-0004,AQS
2002-05-15,87,Unknown,"REINHARDT COLLEGE, SAMUEL C. DOBBS BUILDING",13-057-0001,AQS
2002-05-16,105,Unknown,Dawsonville,13-085-0001,AQS
2002-05-17,45,Unknown,Dawsonville,13-085-0001,AQS
2002-05-18,42,Unknown,Newnan,13-077-0002,AQS
2002-05-19,51,Unknown,Newnan,13-077-0002,AQS
2002-05-20,64,Unknown,Kennesaw,13-067-0003,AQS
2002-05-21,67,Unknown,Georgia Station,13-231-9991,AQS
2002-05-22,80,Unknown,"Yorkville, King Farm",13-223-0003,AQS
2002-05-23,126,Unknown,South DeKalb,13-089-0002,AQS
2002-05-24,150,Unknown,Conyers,13-247-0001,AQS
2002-05-25,140,Unknown,Tucker-Idlewood Road,13-089-3001,AQS
2002-05-26,115,Unknown,United Avenue,13-121-0055,AQS
2002-05-27,90,Unknown,Kennesaw,13-067-0003,AQS
2002-05-28,97,Unknown,"Yorkville, King Farm",13-223-0003,AQS
2002-05-29,50,Unknown,Dawsonville,13-085-0001,AQS
2002-05-30,44,Unknown,"Yorkville, King Farm",13-223-0003,AQS
2002-05-31,112,Unknown,Tucker-Idlewood Road,13-089-3001,AQS
2002-06-01,150,Unknown,McDonough,13-151-0002,AQS
2002-06-02,164,Unknown,McDonough,13-151-0002,AQS
2002-06-03,217,Unknown,McDonough,13-151-0002,AQS
2002-06-04,182,Unknown,"Yorkville, King Farm",13-223-0003,AQS
2002-06-05,112,Unknown,Kennesaw,13-067-0003,AQS
2002-06-06,51,Unknown,Gwinnett,13-135-0002,AQS
2002-06-07,119,Unknown,Douglasville,13-097-0004,AQS
2002-06-08,90,Unknown,Kennesaw,13-067-0003,AQS
2002-06-09,133,Unknown,Douglasville,13-097-0004,AQS
2002-06-10,202,Unknown,"Yorkville, King Farm",13-223-0003,AQS
2002-06-11,207,Unknown,Kennesaw,13-067-0003,AQS
2002-06-12,223,Unknown,McDonough,13-151-0002,AQS
2002-06-13,200,Unknown,Conyers,13-247-0001,AQS
2002-06-14,45,Unknown,McDonough,13-151-0002,AQS
2002-06-15,74,Unknown,McDonough,13-151-0002,AQS
2002-06-16,122,Unknown,McDonough,13-151-0002,AQS
2002-06-17,147,Unknown,Newnan,13-077-0002,AQS
2002-06-18,182,Unknown,"Yorkville, King Farm",13-223-0003,AQS
2002-06-19,122,Unknown,"Yorkville, King Farm",13-223-0003,AQS
2002-06-20,136,Unknown,Douglasville,13-097-0004,AQS
2002-06-21,129,Unknown,"Yorkville, King Farm",13-223-0003,AQS
2002-06-22,77,Unknown,"Yorkville, King Farm",13-223-0003,AQS
2002-06-23,33,Unknown,"Yorkville, King Farm",13-223-0003,AQS
2002-06-24,50,Unknown,"Yorkville, King Farm",13-223-0003,AQS
2002-06-25,36,Unknown,Dawsonville,13-085-0001,AQS
2002-06-26,48,Unknown,"REINHARDT COLLEGE, SAMUEL C. DOBBS BUILDING",13-057-0001,AQS
2002-06-27,44,Unknown,Dawsonville,13-085-0001,AQS
2002-06-28,29,Unknown,Dawsonville,13-085-0001,AQS
2002-06-29,46,Unknown,Gwinnett,13-135-0002,AQS
2002-06-30,80,Unknown,United Avenue,13-121-0055,AQS
2002-07-01,161,Unknown,Douglasville,13-097-0004,AQS
2002-07-02,185,Unknown,Conyers,13-247-0001,AQS
2002-07-03,122,Unknown,Conyers,13-247-0001,AQS
2002-07-04,177,Unknown,Douglasville,13-097-0004,AQS
2002-07-05,190,Unknown,United Avenue,13-121-0055,AQS
2002-07-06,192,Unknown,Douglasville,13-097-0004,AQS
2002-07-07,112,Unknown,Douglasville,13-097-0004,AQS
2002-07-08,150,Unknown,Douglasville,13-097-0004,AQS
2002-07-09,122,Unknown,Gwinnett,13-135-0002,AQS
2002-07-10,101,Unknown,Gwinnett,13-135-0002,AQS
2002-07-11,80,Unknown,Dawsonville,13-085-0001,AQS
2002-07-12,48,Unknown,Gwinnett,13-135-0002,AQS
2002-07-13,41,Unknown,"REINHARDT COLLEGE, SAMUEL C. DOBBS BUILDING",13-057-0001,AQS
2002-07-14,74,Unknown,Gwinnett,13-135-0002,AQS
2002-07-15,136,Unknown,Conyers,13-247-0001,AQS
2002-07-16,154,Unknown,Conyers,13-247-0001,AQS
2002-07-17,192,Unknown,McDonough,13-151-0002,AQS
2002-07-18,97,Unknown,Conyers,13-247-0001,AQS
2002-07-19,64,Unknown,Conyers,13-247-0001,AQS
2002-07-20,126,Unknown,Conyers,13-247-0001,AQS
2002-07-21,126,Unknown,United Avenue,13-121-0055,AQS
2002-07-22,150,Unknown,Douglasville,13-097-0004,AQS
2002-07-23,159,Unknown,Tucker-Idlewood Road,13-089-3001,AQS
2002-07-24,61,Unknown,Conyers,13-247-0001,AQS
2002-07-25,84,Unknown,Dawsonville,13-085-0001,AQS
2002-07-26,50,Unknown,"REINHARDT COLLEGE, SAMUEL C. DOBBS BUILDING",13-057-0001,AQS
2002-07-27,71,Unknown,Gwinnett,13-135-0002,AQS
2002-07-28,50,Unknown,Gwinnett,13-135-0002,AQS
2002-07-29,74,Unknown,Conyers,13-247-0001,AQS
2002-07-30,61,Unknown,Tucker-Idlewood Road,13-089-3001,AQS
2002-07-31,84,Unknown,McDonough,13-151-0002,AQS
2002-08-01,201,Unknown,Newnan,13-077-0002,AQS
2002-08-02,172,Unknown,Douglasville,13-097-0004,AQS
2002-08-03,122,Unknown,Douglasville,13-097-0004,AQS
2002-08-04,119,Unknown,Douglasville,13-097-0004,AQS
2002-08-05,185,Unknown,United Avenue,13-121-0055,AQS
2002-08-06,174,Unknown,Newnan,13-077-0002,AQS
2002-08-07,166,Unknown,Douglasville,13-097-0004,AQS
2002-08-08,202,Unknown,United Avenue,13-121-0055,AQS
2002-08-09,208,Unknown,"REINHARDT COLLEGE, SAMUEL C. DOBBS BUILDING",13-057-0001,AQS
2002-08-10,177,Unknown,Kennesaw,13-067-0003,AQS
2002-08-11,169,Unknown,Kennesaw,13-067-0003,AQS
2002-08-12,169,Unknown,Dawsonville,13-085-0001,AQS
2002-08-13,147,Unknown,Georgia Station,13-231-9991,AQS
2002-08-14,105,Unknown,Dawsonville,13-085-0001,AQS
2002-08-15,80,Unknown,Dawsonville,13-085-0001,AQS
2002-08-16,47,Unknown,Dawsonville,13-085-0001,AQS
2002-08-17,41,Unknown,United Avenue,13-121-0055,AQS
2002-08-18,51,Unknown,Tucker-Idlewood Road,13-089-3001,AQS
2002-08-19,90,Unknown,McDonough,13-151-0002,AQS
2002-08-20,122,Unknown,Georgia Station,13-231-9991,AQS
2002-08-21,143,Unknown,Kennesaw,13-067-0003,AQS
2002-08-22,122,Unknown,"REINHARDT COLLEGE, SAMUEL C. DOBBS BUILDING",13-057-0001,AQS
2002-08-23,126,Unknown,South DeKalb,13-089-0002,AQS
2002-08-24,80,Unknown,Gwinnett,13-135-0002,AQS
2002-08-25,64,Unknown,Tucker-Idlewood Road,13-089-3001,AQS
2002-08-26,105,Unknown,Kennesaw,13-067-0003,AQS
2002-08-27,61,Unknown,Douglasville,13-097-0004,AQS
2002-08-28,58,Unknown,Kennesaw,13-067-0003,AQS
2002-08-29,44,Unknown,"Yorkville, King Farm",13-223-0003,AQS
2002-08-30,36,Unknown,"REINHARDT COLLEGE, SAMUEL C. DOBBS BUILDING",13-057-0001,AQS
2002-08-31,29,Unknown,"REINHARDT COLLEGE, SAMUEL C. DOBBS BUILDING",13-057-0001,AQS
2002-09-01,38,Unknown,Douglasville,13-097-0004,AQS
2002-09-02,44,Unknown,Douglasville,13-097-0004,AQS
2002-09-03,100,Unknown,"Yorkville, King Farm",13-223-0003,AQS
2002-09-04,185,Unknown,Newnan,13-077-0002,AQS
2002-09-05,197,Unknown,"Yorkville, King Farm",13-223-0003,AQS
2002-09-06,164,Unknown,"Yorkville, King Farm",13-223-0003,AQS
2002-09-07,147,Unknown,"Yorkville, King Farm",13-223-0003,AQS
2002-09-08,115,Unknown,Douglasville,13-097-0004,AQS
2002-09-09,187,Unknown,Newnan,13-077-0002,AQS
2002-09-10,185,Unknown,McDonough,13-151-0002,AQS
2002-09-11,197,Unknown,Georgia Station,13-231-9991,AQS
2002-09-12,185,Unknown,"Yorkville, King Farm",13-223-0003,AQS
2002-09-13,44,Unknown,"REINHARDT COLLEGE, SAMUEL C. DOBBS BUILDING",13-057-0001,AQS
2002-09-14,20,Unknown,"Yorkville, King Farm",13-223-0003,AQS
2002-09-15,20,Unknown,Newnan,13-077-0002,AQS
2002-09-16,77,Unknown,McDonough,13-151-0002,AQS
2002-09-17,100,Unknown,Georgia Station,13-231-9991,AQS
2002-09-18,40,Unknown,McDonough,13-151-0002,AQS
2002-09-19,42,Unknown,Georgia Station,13-231-9991,AQS
2002-09-20,37,Unknown,"REINHARDT COLLEGE, SAMUEL C. DOBBS BUILDING",13-057-0001,AQS
2002-09-21,29,Unknown,South DeKalb,13-089-0002,AQS
2002-09-22,24,Unknown,Conyers,13-247-0001,AQS
2002-09-23,43,Unknown,"Yorkville, King Farm",13-223-0003,AQS
2002-09-24,38,Unknown,Conyers,13-247-0001,AQS
2002-09-25,42,Unknown,"Yorkville, King Farm",13-223-0003,AQS
2002-09-26,36,Unknown,"REINHARDT COLLEGE, SAMUEL C. DOBBS BUILDING",13-057-0001,AQS
2002-09-27,22,Unknown,Georgia Station,13-231-9991,AQS
2002-09-28,36,Unknown,Kennesaw,13-067-0003,AQS
2002-09-29,36,Unknown,Gwinnett,13-135-0002,AQS
2002-09-30,39,Unknown,"REINHARDT COLLEGE, SAMUEL C. DOBBS BUILDING",13-057-0001,AQS
2002-10-01,46,Unknown,"Yorkville, King Farm",13-223-0003,AQS
2002-10-02,45,Unknown,"REINHARDT COLLEGE, SAMUEL C. DOBBS BUILDING",13-057-0001,AQS
2002-10-03,48,Unknown,"REINHARDT COLLEGE, SAMUEL C. DOBBS BUILDING",13-057-0001,AQS
2002-10-04,32,Unknown,Conyers,13-247-0001,AQS
2002-10-05,43,Unknown,Dawsonville,13-085-0001,AQS
2002-10-06,74,Unknown,Gwinnett,13-135-0002,AQS
2002-10-07,35,Unknown,"Yorkville, King Farm",13-223-0003,AQS
2002-10-08,35,Unknown,"REINHARDT COLLEGE, SAMUEL C. DOBBS BUILDING",13-057-0001,AQS
2002-10-09,22,Unknown,Dawsonville,13-085-0001,AQS
2002-10-10,23,Unknown,"REINHARDT COLLEGE, SAMUEL C. DOBBS BUILDING",13-057-0001,AQS
2002-10-11,29,Unknown,Dawsonville,13-085-0001,AQS
2002-10-12,38,Unknown,Dawsonville,13-085-0001,AQS
2002-10-13,38,Unknown,Newnan,13-077-0002,AQS
2002-10-14,31,Unknown,"REINHARDT COLLEGE, SAMUEL C. DOBBS BUILDING",13-057-0001,AQS
2002-10-15,27,Unknown,Dawsonville,13-085-0001,AQS
2002-10-16,34,Unknown,"Yorkville, King Farm",13-223-0003,AQS
2002-10-17,40,Unknown,Newnan,13-077-0002,AQS
2002-10-18,47,Unknown,Georgia Station,13-231-9991,AQS
2002-10-19,47,Unknown,Newnan,13-077-0002,AQS
2002-10-20,40,Unknown,McDonough,13-151-0002,AQS
2002-10-21,31,Unknown,"Yorkville, King Farm",13-223-0003,AQS
2002-10-22,21,Unknown,"REINHARDT COLLEGE, SAMUEL C. DOBBS BUILDING",13-057-0001,AQS
2002-10-23,15,Unknown,"REINHARDT COLLEGE, SAMUEL C. DOBBS BUILDING",13-057-0001,AQS
2002-10-24,31,Unknown,Conyers,13-247-0001,AQS
2002-10-25,22,Unknown,"REINHARDT COLLEGE, SAMUEL C. DOBBS BUILDING",13-057-0001,AQS
2002-10-26,14,Unknown,"Yorkville, King Farm",13-223-0003,AQS
2002-10-27,16,Unknown,Conyers,13-247-0001,AQS
2002-10-28,20,Unknown,"Yorkville, King Farm",13-223-0003,AQS
2002-10-29,19,Unknown,Georgia Station,13-231-9991,AQS
2002-10-30,34,Unknown,Georgia Station,13-231-9991,AQS
2002-10-31,30,Unknown,Dawsonville,13-085-0001,AQS
2002-11-01,24,Unknown,Georgia Station,13-231-9991,AQS
2002-11-02,30,Unknown,Georgia Station,13-231-9991,AQS
2002-11-03,29,Unknown,Georgia Station,13-231-9991,AQS
2002-11-04,16,Unknown,Georgia Station,13-231-9991,AQS
2002-11-05,17,Unknown,Georgia Station,13-231-9991,AQS
2002-11-06,31,Unknown,Georgia Station,13-231-9991,AQS
2002-11-07,30,Unknown,Georgia Station,13-231-9991,AQS
2002-11-08,39,Unknown,Georgia Station,13-231-9991,AQS
2002-11-09,40,Unknown,Georgia Station,13-231-9991,AQS
2002-11-10,27,Unknown,Georgia Station,13-231-9991,AQS
2002-11-11,31,Unknown,Georgia Station,13-231-9991,AQS
2002-11-12,30,Unknown,Georgia Station,13-231-9991,AQS
2002-11-13,27,Unknown,Georgia Station,13-231-9991,AQS
2002-11-14,34,Unknown,Georgia Station,13-231-9991,AQS
2002-11-16,20,Unknown,Georgia Station,13-231-9991,AQS
2002-11-17,30,Unknown,Georgia Station,13-231-9991,AQS
2002-11-18,33,Unknown,Georgia Station,13-231-9991,AQS
2002-11-19,30,Unknown,Georgia Station,13-231-9991,AQS
2002-11-20,19,Unknown,Georgia Station,13-231-9991,AQS
2002-11-21,36,Unknown,Georgia Station,13-231-9991,AQS
2002-11-22,29,Unknown,Georgia Station,13-231-9991,AQS
2002-11-23,29,Unknown,Georgia Station,13-231-9991,AQS
2002-11-24,31,Unknown,Georgia Station,13-231-9991,AQS
2002-11-25,39,Unknown,Georgia Station,13-231-9991,AQS
2002-11-26,43,Unknown,Georgia Station,13-231-9991,AQS
2002-11-27,16,Unknown,Georgia Station,13-231-9991,AQS
2002-11-28,27,Unknown,Georgia Station,13-231-9991,AQS
2002-11-29,39,Unknown,Georgia Station,13-231-9991,AQS
2002-11-30,39,Unknown,Georgia Station,13-231-9991,AQS
2002-12-01,29,Unknown,Georgia Station,13-231-9991,AQS
2002-12-02,32,Unknown,Georgia Station,13-231-9991,AQS
2002-12-03,31,Unknown,Georgia Station,13-231-9991,AQS
2002-12-04,25,Unknown,Georgia Station,13-231-9991,AQS
2002-12-05,11,Unknown,Georgia Station,13-231-9991,AQS
2002-12-06,24,Unknown,Georgia Station,13-231-9991,AQS
2002-12-07,20,Unknown,Georgia Station,13-231-9991,AQS
2002-12-08,25,Unknown,Georgia Station,13-231-9991,AQS
2002-12-09,22,Unknown,Georgia Station,13-231-9991,AQS
2002-12-10,14,Unknown,Georgia Station,13-231-9991,AQS
2002-12-11,10,Unknown,Georgia Station,13-231-9991,AQS
2002-12-12,12,Unknown,Georgia Station,13-231-9991,AQS
2002-12-13,25,Unknown,Georgia Station,13-231-9991,AQS
2002-12-14,20,Unknown,Georgia Station,13-231-9991,AQS
2002-12-15,31,Unknown,Georgia Station,13-231-9991,AQS
2002-12-16,43,Unknown,Georgia Station,13-231-9991,AQS
2002-12-17,33,Unknown,Georgia Station,13-231-9991,AQS
2002-12-18,19,Unknown,Georgia Station,13-231-9991,AQS
2002-12-19,30,Unknown,Georgia Station,13-231-9991,AQS
2002-12-20,28,Unknown,Georgia Station,13-231-9991,AQS
2002-12-21,36,Unknown,Georgia Station,13-231-9991,AQS
2002-12-22,40,Unknown,Georgia Station,13-231-9991,AQS
2002-12-23,33,Unknown,Georgia Station,13-231-9991,AQS
2002-12-24,26,Unknown,Georgia Station,13-231-9991,AQS
2002-12-25,27,Unknown,Georgia Station,13-231-9991,AQS
2002-12-26,18,Unknown,Georgia Station,13-231-9991,AQS
2002-12-27,23,Unknown,Georgia Station,13-231-9991,AQS
2002-12-28,35,Unknown,Georgia Station,13-231-9991,AQS
2002-12-29,44,Unknown,Georgia Station,13-231-9991,AQS
2002-12-30,45,Unknown,Georgia Station,13-231-9991,AQS
2002-12-31,32,Unknown,Georgia Station,13-231-9991,AQS
2003-01-01,29,Unknown,Georgia Station,13-231-9991,AQS
2003-01-02,31,Unknown,Georgia Station,13-231-9991,AQS
2003-01-03,19,Unknown,Georgia Station,13-231-9991,AQS
2003-01-04,27,Unknown,Georgia Station,13-231-9991,AQS
2003-01-05,36,Unknown,Georgia Station,13-231-9991,AQS
2003-01-06,25,Unknown,Georgia Station,13-231-9991,AQS
2003-01-07,26,Unknown,Georgia Station,13-231-9991,AQS
2003-01-08,30,Unknown,Georgia Station,13-231-9991,AQS
2003-01-09,46,Unknown,Georgia Station,13-231-9991,AQS
2003-01-10,31,Unknown,Georgia Station,13-231-9991,AQS
2003-01-11,28,Unknown,Georgia Station,13-231-9991,AQS
2003-01-12,27,Unknown,Georgia Station,13-231-9991,AQS
2003-01-13,29,Unknown,Georgia Station,13-231-9991,AQS
2003-01-14,36,Unknown,Georgia Station,13-231-9991,AQS
2003-01-15,31,Unknown,Georgia Station,13-231-9991,AQS
2003-01-16,24,Unknown,Georgia Station,13-231-9991,AQS
2003-01-17,32,Unknown,Georgia Station,13-231-9991,AQS
2003-01-18,33,Unknown,Georgia Station,13-231-9991,AQS
2003-01-19,36,Unknown,Georgia Station,13-231-9991,AQS
2003-01-20,44,Unknown,Georgia Station,13-231-9991,AQS
2003-01-21,37,Unknown,Georgia Station,13-231-9991,AQS
2003-01-22,14,Unknown,Georgia Station,13-231-9991,AQS
2003-01-23,29,Unknown,Georgia Station,13-231-9991,AQS
2003-01-24,25,Unknown,Georgia Station,13-231-9991,AQS
2003-01-25,29,Unknown,Georgia Station,13-231-9991,AQS
2003-01-26,31,Unknown,Georgia Station,13-231-9991,AQS
2003-01-27,31,Unknown,Georgia Station,13-231-9991,AQS
2003-01-28,42,Unknown,Georgia Station,13-231-9991,AQS
2003-01-29,39,Unknown,Georgia Station,13-231-9991,AQS
2003-01-30,31,Unknown,Georgia Station,13-231-9991,AQS
2003-01-31,16,Unknown,Georgia Station,13-231-9991,AQS
2003-02-01,29,Unknown,Georgia Station,13-231-9991,AQS
2003-02-02,43,Unknown,Georgia Station,13-231-9991,AQS
2003-02-03,39,Unknown,Georgia Station,13-231-9991,AQS
2003-02-04,29,Unknown,Georgia Station,13-231-9991,AQS
2003-02-05,34,Unknown,Georgia Station,13-231-9991,AQS
2003-02-06,26,Unknown,Georgia Station,13-231-9991,AQS
2003-02-07,22,Unknown,Georgia Station,13-231-9991,AQS
2003-02-08,31,Unknown,Georgia Station,13-231-9991,AQS
2003-02-09,38,Unknown,Georgia Station,13-231-9991,AQS
2003-02-10,33,Unknown,Georgia Station,13-231-9991,AQS
2003-02-11,38,Unknown,Georgia Station,13-231-9991,AQS
2003-02-12,41,Unknown,Georgia Station,13-231-9991,AQS
2003-02-13,38,Unknown,Georgia Station,13-231-9991,AQS
2003-02-14,61,Unknown,Georgia Station,13-231-9991,AQS
2003-02-15,41,Unknown,Georgia Station,13-231-9991,AQS
2003-02-16,26,Unknown,Georgia Station,13-231-9991,AQS
2003-02-17,12,Unknown,Georgia Station,13-231-9991,AQS
2003-02-18,15,Unknown,Georgia Station,13-231-9991,AQS
2003-02-19,27,Unknown,Georgia Station,13-231-9991,AQS
2003-02-20,45,Unknown,Georgia Station,13-231-9991,AQS
2003-02-21,22,Unknown,Georgia Station,13-231-9991,AQS
2003-02-22,34,Unknown,Georgia Station,13-231-9991,AQS
2003-02-24,44,Unknown,Georgia Station,13-231-9991,AQS
2003-02-25,27,Unknown,Georgia Station,13-231-9991,AQS
2003-02-26,16,Unknown,Georgia Station,13-231-9991,AQS
2003-02-27,8,Unknown,Georgia Station,13-231-9991,AQS
2003-02-28,17,Unknown,Georgia Station,13-231-9991,AQS
2003-03-01,15,Unknown,Gwinnett,13-135-0002,AQS
2003-03-02,26,Unknown,Newnan,13-077-0002,AQS
2003-03-03,31,Unknown,Newnan,13-077-0002,AQS
2003-03-04,39,Unknown,Conyers,13-247-0001,AQS
2003-03-05,30,Unknown,Georgia Station,13-231-9991,AQS
2003-03-06,29,Unknown,Georgia Station,13-231-9991,AQS
2003-03-07,38,Unknown,"Yorkville, King Farm",13-223-0003,AQS
2003-03-08,36,Unknown,Georgia Station,13-231-9991,AQS
2003-03-09,49,Unknown,Newnan,13-077-0002,AQS
2003-03-10,44,Unknown,Newnan,13-077-0002,AQS
2003-03-11,84,Unknown,Georgia Station,13-231-9991,AQS
2003-03-12,67,Unknown,"Yorkville, King Farm",13-223-0003,AQS
2003-03-13,44,Unknown,Georgia Station,13-231-9991,AQS
2003-03-14,36,Unknown,Conyers,13-247-0001,AQS
2003-03-15,26,Unknown,Gwinnett,13-135-0002,AQS
2003-03-16,35,Unknown,Gwinnett,13-135-0002,AQS
2003-03-17,24,Unknown,Georgia Station,13-231-9991,AQS
2003-03-18,22,Unknown,Georgia Station,13-231-9991,AQS
2003-03-19,27,Unknown,Conyers,13-247-0001,AQS
2003-03-20,25,Unknown,Conyers,13-247-0001,AQS
2003-03-21,46,Unknown,Georgia Station,13-231-9991,AQS
2003-03-22,44,Unknown,Georgia Station,13-231-9991,AQS
2003-03-23,54,Unknown,Conyers,13-247-0001,AQS
2003-03-24,77,Unknown,Conyers,13-247-0001,AQS
2003-03-25,108,Unknown,Georgia Station,13-231-9991,AQS
2003-03-26,71,Unknown,Georgia Station,13-231-9991,AQS
2003-03-27,54,Unknown,"Yorkville, King Farm",13-223-0003,AQS
2003-03-28,42,Unknown,"Yorkville, King Farm",13-223-0003,AQS
2003-03-29,34,Unknown,Georgia Station,13-231-9991,AQS
2003-03-30,40,Unknown,Newnan,13-077-0002,AQS
2003-03-31,46,Unknown,Douglasville,13-097-0004,AQS
2003-04-01,97,Unknown,Georgia Station,13-231-9991,AQS
2003-04-02,61,Unknown,Dawsonville,13-085-0001,AQS
2003-04-03,84,Unknown,Dawsonville,13-085-0001,AQS
2003-04-04,46,Unknown,Dawsonville,13-085-0001,AQS
2003-04-05,64,Unknown,Dawsonville,13-085-0001,AQS
2003-04-06,43,Unknown,Dawsonville,13-085-0001,AQS
2003-04-07,30,Unknown,"Yorkville, King Farm",13-223-0003,AQS
2003-04-08,19,Unknown,Dawsonville,13-085-0001,AQS
2003-04-09,13,Unknown,Dawsonville,13-085-0001,AQS
2003-04-10,19,Unknown,Dawsonville,13-085-0001,AQS
2003-04-11,49,Unknown,Newnan,13-077-0002,AQS
2003-04-12,122,Unknown,"Yorkville, King Farm",13-223-0003,AQS
2003-04-13,140,Unknown,"Yorkville, King Farm",13-223-0003,AQS
2003-04-14,150,Unknown,"Yorkville, King Farm",13-223-0003,AQS
2003-04-15,122,Unknown,Dawsonville,13-085-0001,AQS
2003-04-16,90,Unknown,Dawsonville,13-085-0001,AQS
2003-04-17,38,Unknown,Georgia Station,13-231-9991,AQS
2003-04-18,46,Unknown,Newnan,13-077-0002,AQS
2003-04-19,39,Unknown,Dawsonville,13-085-0001,AQS
2003-04-20,29,Unknown,Georgia Station,13-231-9991,AQS
2003-04-21,44,Unknown,Dawsonville,13-085-0001,AQS
2003-04-22,47,Unknown,Newnan,13-077-0002,AQS
2003-04-23,54,Unknown,Dawsonville,13-085-0001,AQS
2003-04-24,49,Unknown,Georgia Station,13-231-9991,AQS
2003-04-25,49,Unknown,Georgia Station,13-231-9991,AQS
2003-04-26,58,Unknown,Conyers,13-247-0001,AQS
2003-04-27,100,Unknown,Douglasville,13-097-0004,AQS
2003-04-28,108,Unknown,Dawsonville,13-085-0001,AQS
2003-04-29,147,Unknown,United Avenue,13-121-0055,AQS
2003-04-30,126,Unknown,South DeKalb,13-089-0002,AQS
2003-05-01,77,Unknown,United Avenue,13-121-0055,AQS
2003-05-02,67,Unknown,McDonough,13-151-0002,AQS
2003-05-03,44,Unknown,Dawsonville,13-085-0001,AQS
2003-05-04,101,Unknown,Gwinnett,13-135-0002,AQS
2003-05-05,30,Unknown,"Yorkville, King Farm",13-223-0003,AQS
2003-05-06,31,Unknown,Georgia Station,13-231-9991,AQS
2003-05-07,33,Unknown,Georgia Station,13-231-9991,AQS
2003-05-08,38,Unknown,Conyers,13-247-0001,AQS
2003-05-09,34,Unknown,Dawsonville,13-085-0001,AQS
2003-05-10,31,Unknown,Dawsonville,13-085-0001,AQS
2003-05-11,44,Unknown,"Yorkville, King Farm",13-223-0003,AQS
2003-05-12,51,Unknown,Dawsonville,13-085-0001,AQS
2003-05-13,80,Unknown,Dawsonville,13-085-0001,AQS
2003-05-14,43,Unknown,Dawsonville,13-085-0001,AQS
2003-05-15,35,Unknown,Georgia Station,13-231-9991,AQS
2003-05-16,48,Unknown,Dawsonville,13-085-0001,AQS
2003-05-17,31,Unknown,Kennesaw,13-067-0003,AQS
2003-05-18,34,Unknown,Georgia Station,13-231-9991,AQS
2003-05-19,23,Unknown,Dawsonville,13-085-0001,AQS
2003-05-20,34,Unknown,"Yorkville, King Farm",13-223-0003,AQS
2003-05-21,32,Unknown,Georgia Station,13-231-9991,AQS
2003-05-22,36,Unknown,"Yorkville, King Farm",13-223-0003,AQS
2003-05-23,44,Unknown,Kennesaw,13-067-0003,AQS
2003-05-24,100,Unknown,United Avenue,13-121-0055,AQS
2003-05-25,122,Unknown,Gwinnett,13-135-0002,AQS
2003-05-26,61,Unknown,Dawsonville,13-085-0001,AQS
2003-05-27,77,Unknown,DOT STORAGE FACILITY,13-113-0001,AQS
2003-05-28,97,Unknown,Conyers,13-247-0001,AQS
2003-05-29,74,Unknown,Conyers,13-247-0001,AQS
2003-05-30,87,Unknown,Conyers,13-247-0001,AQS
2003-05-31,105,Unknown,United Avenue,13-121-0055,AQS
2003-06-01,101,Unknown,Conyers,13-247-0001,AQS
2003-06-02,126,Unknown,Douglasville,13-097-0004,AQS
2003-06-03,43,Unknown,"Yorkville, King Farm",13-223-0003,AQS
2003-06-04,87,Unknown,Gwinnett,13-135-0002,AQS
2003-06-05,156,Unknown,Conyers,13-247-0001,AQS
2003-06-06,64,Unknown,Dawsonville,13-085-0001,AQS
2003-06-07,33,Unknown,"Yorkville, King Farm",13-223-0003,AQS
2003-06-08,48,Unknown,Tucker-Idlewood Road,13-089-3001,AQS
2003-06-09,90,Unknown,Gwinnett,13-135-0002,AQS
2003-06-10,150,Unknown,Gwinnett,13-135-0002,AQS
2003-06-11,80,Unknown,Dawsonville,13-085-0001,AQS
2003-06-12,26,Unknown,Dawsonville,13-085-0001,AQS
2003-06-13,26,Unknown,Conyers,13-247-0001,AQS
2003-06-14,32,Unknown,Dawsonville,13-085-0001,AQS
2003-06-15,44,Unknown,Gwinnett,13-135-0002,AQS
2003-06-16,67,Unknown,United Avenue,13-121-0055,AQS
2003-06-17,47,Unknown,"Yorkville, King Farm",13-223-0003,AQS
2003-06-18,30,Unknown,Dawsonville,13-085-0001,AQS
2003-06-19,48,Unknown,McDonough,13-151-0002,AQS
2003-06-20,140,Unknown,McDonough,13-151-0002,AQS
2003-06-21,133,Unknown,McDonough,13-151-0002,AQS
2003-06-22,147,Unknown,Newnan,13-077-0002,AQS
2003-06-23,195,Unknown,Kennesaw,13-067-0003,AQS
2003-06-24,203,Unknown,Gwinnett,13-135-0002,AQS
2003-06-25,203,Unknown,Kennesaw,13-067-0003,AQS
2003-06-26,172,Unknown,Gwinnett,13-135-0002,AQS
2003-06-27,84,Unknown,United Avenue,13-121-0055,AQS
2003-06-28,61,Unknown,Kennesaw,13-067-0003,AQS
2003-06-29,87,Unknown,Kennesaw,13-067-0003,AQS
2003-06-30,21,Unknown,DOT STORAGE FACILITY,13-113-0001,AQS
2003-07-01,19,Unknown,"Yorkville, King Farm",13-223-0003,AQS
2003-07-02,30,Unknown,Tucker-Idlewood Road,13-089-3001,AQS
2003-07-03,108,Unknown,Conyers,13-247-0001,AQS
2003-07-04,64,Unknown,Kennesaw,13-067-0003,AQS
2003-07-05,30,Unknown,Dawsonville,13-085-0001,AQS
2003-07-06,29,Unknown,Dawsonville,13-085-0001,AQS
2003-07-07,46,Unknown,Conyers,13-247-0001,AQS
2003-07-08,105,Unknown,Tucker-Idlewood Road,13-089-3001,AQS
2003-07-09,46,Unknown,Tucker-Idlewood Road,13-089-3001,AQS
2003-07-10,33,Unknown,Georgia Station,13-231-9991,AQS
2003-07-11,41,Unknown,Tucker-Idlewood Road,13-089-3001,AQS
2003-07-12,122,Unknown,Tucker-Idlewood Road,13-089-3001,AQS
2003-07-13,100,Unknown,Gwinnett,13-135-0002,AQS
2003-07-14,48,Unknown,Conyers,13-247-0001,AQS
2003-07-15,105,Unknown,Gwinnett,13-135-0002,AQS
2003-07-16,58,Unknown,McDonough,13-151-0002,AQS
2003-07-17,147,Unknown,United Avenue,13-121-0055,AQS
2003-07-18,174,Unknown,Tucker-Idlewood Road,13-089-3001,AQS
2003-07-19,105,Unknown,Tucker-Idlewood Road,13-089-3001,AQS
2003-07-20,101,Unknown,Tucker-Idlewood Road,13-089-3001,AQS
2003-07-21,77,Unknown,Dawsonville,13-085-0001,AQS
2003-07-22,38,Unknown,"Yorkville, King Farm",13-223-0003,AQS
2003-07-23,47,Unknown,United Avenue,13-121-0055,AQS
2003-07-24,126,Unknown,Conyers,13-247-0001,AQS
2003-07-25,143,Unknown,"Yorkville, King Farm",13-223-0003,AQS
2003-07-26,44,Unknown,Douglasville,13-097-0004,AQS
2003-07-27,58,Unknown,McDonough,13-151-0002,AQS
2003-07-28,101,Unknown,Conyers,13-247-0001,AQS
2003-07-29,119,Unknown,Conyers,13-247-0001,AQS
2003-07-30,93,Unknown,South DeKalb,13-089-0002,AQS
2003-07-31,45,Unknown,Gwinnett,13-135-0002,AQS
2003-08-01,61,Unknown,Tucker-Idlewood Road,13-089-3001,AQS
2003-08-02,84,Unknown,Kennesaw,13-067-0003,AQS
2003-08-03,49,Unknown,United Avenue,13-121-0055,AQS
2003-08-04,44,Unknown,United Avenue,13-121-0055,AQS
2003-08-05,48,Unknown,Dawsonville,13-085-0001,AQS
2003-08-06,37,Unknown,Dawsonville,13-085-0001,AQS
2003-08-07,67,Unknown,Conyers,13-247-0001,AQS
2003-08-08,133,Unknown,McDonough,13-151-0002,AQS
2003-08-09,140,Unknown,McDonough,13-151-0002,AQS
2003-08-10,112,Unknown,United Avenue,13-121-0055,AQS
2003-08-11,84,Unknown,DOT STORAGE FACILITY,13-113-0001,AQS
2003-08-12,58,Unknown,"Yorkville, King Farm",13-223-0003,AQS
2003-08-13,39,Unknown,"Yorkville, King Farm",13-223-0003,AQS
2003-08-14,67,Unknown,Douglasville,13-097-0004,AQS
2003-08-15,108,Unknown,Douglasville,13-097-0004,AQS
2003-08-16,61,Unknown,Kennesaw,13-067-0003,AQS
2003-08-17,100,Unknown,Tucker-Idlewood Road,13-089-3001,AQS
2003-08-18,126,Unknown,Kennesaw,13-067-0003,AQS
2003-08-19,150,Unknown,Douglasville,13-097-0004,AQS
2003-08-20,90,Unknown,"Yorkville, King Farm",13-223-0003,AQS
2003-08-21,108,Unknown,Kennesaw,13-067-0003,AQS
2003-08-22,126,Unknown,Kennesaw,13-067-0003,AQS
2003-08-23,112,Unknown,Tucker-Idlewood Road,13-089-3001,AQS
2003-08-24,90,Unknown,Kennesaw,13-067-0003,AQS
2003-08-25,151,Unknown,Douglasville,13-097-0004,AQS
2003-08-26,185,Unknown,United Avenue,13-121-0055,AQS
2003-08-27,156,Unknown,Tucker-Idlewood Road,13-089-3001,AQS
2003-08-28,108,Unknown,Dawsonville,13-085-0001,AQS
2003-08-29,45,Unknown,Dawsonville,13-085-0001,AQS
2003-08-30,36,Unknown,Gwinnett,13-135-0002,AQS
2003-08-31,40,Unknown,Kennesaw,13-067-0003,AQS
2003-09-01,50,Unknown,Kennesaw,13-067-0003,AQS
2003-09-02,49,Unknown,Kennesaw,13-067-0003,AQS
2003-09-03,42,Unknown,Kennesaw,13-067-0003,AQS
2003-09-04,43,Unknown,"Yorkville, King Farm",13-223-0003,AQS
2003-09-05,84,Unknown,Douglasville,13-097-0004,AQS
2003-09-06,58,Unknown,"Yorkville, King Farm",13-223-0003,AQS
2003-09-07,42,Unknown,Douglasville,13-097-0004,AQS
2003-09-08,97,Unknown,McDonough,13-151-0002,AQS
2003-09-09,105,Unknown,Douglasville,13-097-0004,AQS
2003-09-10,80,Unknown,"Yorkville, King Farm",13-223-0003,AQS
2003-09-11,84,Unknown,Douglasville,13-097-0004,AQS
2003-09-12,129,Unknown,"Yorkville, King Farm",13-223-0003,AQS
2003-09-13,67,Unknown,Kennesaw,13-067-0003,AQS
2003-09-14,42,Unknown,Kennesaw,13-067-0003,AQS
2003-09-15,61,Unknown,Georgia Station,13-231-9991,AQS
2003-09-16,80,Unknown,"Yorkville, King Farm",13-223-0003,AQS
2003-09-17,90,Unknown,"Yorkville, King Farm",13-223-0003,AQS
2003-09-18,105,Unknown,Conyers,13-247-0001,AQS
2003-09-19,126,Unknown,Conyers,13-247-0001,AQS
2003-09-20,164,Unknown,Douglasville,13-097-0004,AQS
2003-09-21,49,Unknown,Dawsonville,13-085-0001,AQS
2003-09-22,29,Unknown,"Yorkville, King Farm",13-223-0003,AQS
2003-09-23,58,Unknown,Georgia Station,13-231-9991,AQS
2003-09-24,87,Unknown,"Yorkville, King Farm",13-223-0003,AQS
2003-09-25,97,Unknown,Kennesaw,13-067-0003,AQS
2003-09-26,112,Unknown,"Yorkville, King Farm",13-223-0003,AQS
2003-09-27,38,Unknown,Dawsonville,13-085-0001,AQS
2003-09-28,41,Unknown,Conyers,13-247-0001,AQS
2003-09-29,37,Unknown,"Yorkville, King Farm",13-223-0003,AQS
2003-09-30,45,Unknown,Georgia Station,13-231-9991,AQS
2003-10-01,45,Unknown,Georgia Station,13-231-9991,AQS
2003-10-02,44,Unknown,Newnan,13-077-0002,AQS
2003-10-03,51,Unknown,Georgia Station,13-231-9991,AQS
2003-10-04,90,Unknown,Douglasville,13-097-0004,AQS
2003-10-05,93,Unknown,McDonough,13-151-0002,AQS
2003-10-06,43,Unknown,Newnan,13-077-0002,AQS
2003-10-07,41,Unknown,Dawsonville,13-085-0001,AQS
2003-10-08,36,Unknown,"Yorkville, King Farm",13-223-0003,AQS
2003-10-09,31,Unknown,Conyers,13-247-0001,AQS
2003-10-10,39,Unknown,Conyers,13-247-0001,AQS
2003-10-11,27,Unknown,Gwinnett,13-135-0002,AQS
2003-10-12,42,Unknown,Newnan,13-077-0002,AQS
2003-10-13,44,Unknown,Dawsonville,13-085-0001,AQS
2003-10-14,37,Unknown,"Yorkville, King Farm",13-223-0003,AQS
2003-10-15,41,Unknown,Newnan,13-077-0002,AQS
2003-10-16,47,Unknown,"Yorkville, King Farm",13-223-0003,AQS
2003-10-17,43,Unknown,Dawsonville,13-085-0001,AQS
2003-10-18,54,Unknown,Georgia Station,13-231-9991,AQS
2003-10-19,49,Unknown,Dawsonville,13-085-0001,AQS
2003-10-20,87,Unknown,Dawsonville,13-085-0001,AQS
2003-10-21,93,Unknown,Dawsonville,13-085-0001,AQS
2003-10-22,51,Unknown,"Yorkville, King Farm",13-223-0003,AQS
2003-10-23,54,Unknown,Dawsonville,13-085-0001,AQS
2003-10-24,58,Unknown,Georgia Station,13-231-9991,AQS
2003-10-25,49,Unknown,"Yorkville, King Farm",13-223-0003,AQS
2003-10-26,29,Unknown,Dawsonville,13-085-0001,AQS
2003-10-27,19,Unknown,Dawsonville,13-085-0001,AQS
2003-10-28,17,Unknown,"Yorkville, King Farm",13-223-0003,AQS
2003-10-29,40,Unknown,"Yorkville, King Farm",13-223-0003,AQS
2003-10-30,64,Unknown,Georgia Station,13-231-9991,AQS
2003-10-31,64,Unknown,Dawsonville,13-085-0001,AQS
2003-11-01,61,Unknown,Georgia Station,13-231-9991,AQS
2003-11-02,87,Unknown,Georgia Station,13-231-9991,AQS
2003-11-03,51,Unknown,Georgia Station,13-231-9991,AQS
2003-11-04,24,Unknown,Georgia Station,13-231-9991,AQS
2003-11-05,16,Unknown,Georgia Station,13-231-9991,AQS
2003-11-06,24,Unknown,Georgia Station,13-231-9991,AQS
2003-11-07,25,Unknown,Georgia Station,13-231-9991,AQS
2003-11-08,20,Unknown,Georgia Station,13-231-9991,AQS
2003-11-09,34,Unknown,Georgia Station,13-231-9991,AQS
2003-11-10,31,Unknown,Georgia Station,13-231-9991,AQS
2003-11-11,39,Unknown,Georgia Station,13-231-9991,AQS
2003-11-12,38,Unknown,Georgia Station,13-231-9991,AQS
2003-11-13,37,Unknown,Georgia Station,13-231-9991,AQS
2003-11-14,30,Unknown,Georgia Station,13-231-9991,AQS
2003-11-15,45,Unknown,Georgia Station,13-231-9991,AQS
2003-11-16,37,Unknown,Georgia Station,13-231-9991,AQS
2003-11-17,39,Unknown,Georgia Station,13-231-9991,AQS
2003-11-18,30,Unknown,Georgia Station,13-231-9991,AQS
2003-11-19,31,Unknown,Georgia Station,13-231-9991,AQS
2003-11-20,28,Unknown,Georgia Station,13-231-9991,AQS
2003-11-21,31,Unknown,Georgia Station,13-231-9991,AQS
2003-11-22,48,Unknown,Georgia Station,13-231-9991,AQS
2003-11-23,42,Unknown,Georgia Station,13-231-9991,AQS
2003-11-24,27,Unknown,Georgia Station,13-231-9991,AQS
2003-11-25,30,Unknown,Georgia Station,13-231-9991,AQS
2003-11-26,35,Unknown,Georgia Station,13-231-9991,AQS
2003-11-27,26,Unknown,Georgia Station,13-231-9991,AQS
2003-11-28,30,Unknown,Georgia Station,13-231-9991,AQS
2003-11-29,31,Unknown,Georgia Station,13-231-9991,AQS
2003-11-30,32,Unknown,Georgia Station,13-231-9991,AQS
2003-12-01,36,Unknown,Georgia Station,13-231-9991,AQS
2003-12-02,26,Unknown,Georgia Station,13-231-9991,AQS
2003-12-03,20,Unknown,Georgia Station,13-231-9991,AQS
2003-12-04,12,Unknown,Georgia Station,13-231-9991,AQS
2003-12-05,17,Unknown,Georgia Station,13-231-9991,AQS
2003-12-06,9,Unknown,Georgia Station,13-231-9991,AQS
2003-12-07,29,Unknown,Georgia Station,13-231-9991,AQS
2003-12-08,32,Unknown,Georgia Station,13-231-9991,AQS
2003-12-09,30,Unknown,Georgia Station,13-231-9991,AQS
2003-12-10,31,Unknown,Georgia Station,13-231-9991,AQS
2003-12-11,13,Unknown,Georgia Station,13-231-9991,AQS
2003-12-12,13,Unknown,Georgia Station,13-231-9991,AQS
2003-12-13,12,Unknown,Georgia Station,13-231-9991,AQS
2003-12-14,19,Unknown,Georgia Station,13-231-9991,AQS
2003-12-15,24,Unknown,Georgia Station,13-231-9991,AQS
2003-12-16,30,Unknown,Georgia Station,13-231-9991,AQS
2003-12-17,29,Unknown,Georgia Station,13-231-9991,AQS
2003-12-18,30,Unknown,Georgia Station,13-231-9991,AQS
2003-12-19,31,Unknown,Georgia Station,13-231-9991,AQS
2003-12-20,28,Unknown,Georgia Station,13-231-9991,AQS
2003-12-21,28,Unknown,Georgia Station,13-231-9991,AQS
2003-12-22,36,Unknown,Georgia Station,13-231-9991,AQS
2003-12-23,36,Unknown,Georgia Station,13-231-9991,AQS
2003-12-24,21,Unknown,Georgia Station,13-231-9991,AQS
2003-12-25,26,Unknown,Georgia Station,13-231-9991,AQS
2003-12-26,24,Unknown,Georgia Station,13-231-9991,AQS
2003-12-27,36,Unknown,Georgia Station,13-231-9991,AQS
2003-12-28,39,Unknown,Georgia Station,13-231-9991,AQS
2003-12-29,35,Unknown,Georgia Station,13-231-9991,AQS
2003-12-30,28,Unknown,Georgia Station,13-231-9991,AQS
2003-12-31,36,Unknown,Georgia Station,13-231-9991,AQS
2004-01-01,40,Unknown,Georgia Station,13-231-9991,AQS
2004-01-02,38,Unknown,Georgia Station,13-231-9991,AQS
2004-01-03,26,Unknown,Georgia Station,13-231-9991,AQS
2004-01-04,27,Unknown,Georgia Station,13-231-9991,AQS
2004-01-05,23,Unknown,Georgia Station,13-231-9991,AQS
2004-01-06,23,Unknown,Georgia Station,13-231-9991,AQS
2004-01-07,26,Unknown,Georgia Station,13-231-9991,AQS
2004-01-08,19,Unknown,Georgia Station,13-231-9991,AQS
2004-01-09,17,Unknown,Georgia Station,13-231-9991,AQS
2004-01-10,11,Unknown,Georgia Station,13-231-9991,AQS
2004-01-11,27,Unknown,Georgia Station,13-231-9991,AQS
2004-01-12,31,Unknown,Georgia Station,13-231-9991,AQS
2004-01-13,42,Unknown,Georgia Station,13-231-9991,AQS
2004-01-14,39,Unknown,Georgia Station,13-231-9991,AQS
2004-01-15,26,Unknown,Georgia Station,13-231-9991,AQS
2004-01-16,28,Unknown,Georgia Station,13-231-9991,AQS
2004-01-17,28,Unknown,Georgia Station,13-231-9991,AQS
2004-01-18,31,Unknown,Georgia Station,13-231-9991,AQS
2004-01-19,20,Unknown,Georgia Station,13-231-9991,AQS
2004-01-20,18,Unknown,Georgia Station,13-231-9991,AQS
2004-01-21,31,Unknown,Georgia Station,13-231-9991,AQS
2004-01-22,31,Unknown,Georgia Station,13-231-9991,AQS
2004-01-23,36,Unknown,Georgia Station,13-231-9991,AQS
2004-01-24,44,Unknown,Georgia Station,13-231-9991,AQS
2004-01-25,34,Unknown,Georgia Station,13-231-9991,AQS
2004-01-26,11,Unknown,Georgia Station,13-231-9991,AQS
2004-01-27,27,Unknown,Georgia Station,13-231-9991,AQS
2004-01-28,31,Unknown,Georgia Station,13-231-9991,AQS
2004-01-29,33,Unknown,Georgia Station,13-231-9991,AQS
2004-01-30,32,Unknown,Georgia Station,13-231-9991,AQS
2004-01-31,27,Unknown,Georgia Station,13-231-9991,AQS
2004-02-01,35,Unknown,Georgia Station,13-231-9991,AQS
2004-02-02,30,Unknown,Georgia Station,13-231-9991,AQS
2004-02-03,26,Unknown,Georgia Station,13-231-9991,AQS
2004-02-04,20,Unknown,Georgia Station,13-231-9991,AQS
2004-02-05,20,Unknown,Georgia Station,13-231-9991,AQS
2004-02-06,25,Unknown,Georgia Station,13-231-9991,AQS
2004-02-07,32,Unknown,Georgia Station,13-231-9991,AQS
2004-02-08,35,Unknown,Georgia Station,13-231-9991,AQS
2004-02-09,37,Unknown,Georgia Station,13-231-9991,AQS
2004-02-10,30,Unknown,Georgia Station,13-231-9991,AQS
2004-02-11,26,Unknown,Georgia Station,13-231-9991,AQS
2004-02-12,26,Unknown,Georgia Station,13-231-9991,AQS
2004-02-13,19,Unknown,Georgia Station,13-231-9991,AQS
2004-02-14,32,Unknown,Georgia Station,13-231-9991,AQS
2004-02-15,27,Unknown,Georgia Station,13-231-9991,AQS
2004-02-16,30,Unknown,Georgia Station,13-231-9991,AQS
2004-02-17,27,Unknown,Georgia Station,13-231-9991,AQS
2004-02-18,36,Unknown,Georgia Station,13-231-9991,AQS
2004-02-19,46,Unknown,Georgia Station,13-231-9991,AQS
2004-02-20,44,Unknown,Georgia Station,13-231-9991,AQS
2004-02-21,41,Unknown,Georgia Station,13-231-9991,AQS
2004-02-22,42,Unknown,Georgia Station,13-231-9991,AQS
2004-02-23,29,Unknown,Georgia Station,13-231-9991,AQS
2004-02-24,24,Unknown,Georgia Station,13-231-9991,AQS
2004-02-25,36,Unknown,Georgia Station,13-231-9991,AQS
2004-02-26,36,Unknown,Georgia Station,13-231-9991,AQS
2004-02-27,31,Unknown,Georgia Station,13-231-9991,AQS
2004-02-28,46,Unknown,Georgia Station,13-231-9991,AQS
2004-02-29,47,Unknown,Georgia Station,13-231-9991,AQS
2004-03-01,46,Unknown,DOT STORAGE FACILITY,13-113-0001,AQS
2004-03-02,44,Unknown,Georgia Station,13-231-9991,AQS
2004-03-03,46,Unknown,Georgia Station,13-231-9991,AQS
2004-03-04,47,Unknown,Georgia Station,13-231-9991,AQS
2004-03-05,35,Unknown,DOT STORAGE FACILITY,13-113-0001,AQS
2004-03-06,47,Unknown,Georgia Station,13-231-9991,AQS
2004-03-07,49,Unknown,Newnan,13-077-0002,AQS
2004-03-08,46,Unknown,Newnan,13-077-0002,AQS
2004-03-09,43,Unknown,Douglasville,13-097-0004,AQS
2004-03-10,44,Unknown,Douglasville,13-097-0004,AQS
2004-03-11,80,Unknown,"Yorkville, King Farm",13-223-0003,AQS
2004-03-12,64,Unknown,Georgia Station,13-231-9991,AQS
2004-03-13,51,Unknown,Georgia Station,13-231-9991,AQS
2004-03-14,80,Unknown,"Yorkville, King Farm",13-223-0003,AQS
2004-03-15,64,Unknown,Dawsonville,13-085-0001,AQS
2004-03-16,47,Unknown,Douglasville,13-097-0004,AQS
2004-03-17,47,Unknown,Georgia Station,13-231-9991,AQS
2004-03-18,67,Unknown,Douglasville,13-097-0004,AQS
2004-03-19,71,Unknown,"Yorkville, King Farm",13-223-0003,AQS
2004-03-20,87,Unknown,"Yorkville, King Farm",13-223-0003,AQS
2004-03-21,45,Unknown,Newnan,13-077-0002,AQS
2004-03-22,45,Unknown,Dawsonville,13-085-0001,AQS
2004-03-23,49,Unknown,South DeKalb,13-089-0002,AQS
2004-03-24,100,Unknown,South DeKalb,13-089-0002,AQS
2004-03-25,61,Unknown,Dawsonville,13-085-0001,AQS
2004-03-26,50,Unknown,Dawsonville,13-085-0001,AQS
2004-03-27,61,Unknown,Dawsonville,13-085-0001,AQS
2004-03-28,77,Unknown,South DeKalb,13-089-0002,AQS
2004-03-29,64,Unknown,Dawsonville,13-085-0001,AQS
2004-03-30,50,Unknown,Georgia Station,13-231-9991,AQS
2004-03-31,40,Unknown,Georgia Station,13-231-9991,AQS
2004-04-01,44,Unknown,Newnan,13-077-0002,AQS
2004-04-02,50,Unknown,Newnan,13-077-0002,AQS
2004-04-03,61,Unknown,Douglasville,13-097-0004,AQS
2004-04-04,67,Unknown,Newnan,13-077-0002,AQS
2004-04-05,49,Unknown,Gwinnett,13-135-0002,AQS
2004-04-06,54,Unknown,Conyers,13-247-0001,AQS
2004-04-07,84,Unknown,DOT STORAGE FACILITY,13-113-0001,AQS
2004-04-08,74,Unknown,Dawsonville,13-085-0001,AQS
2004-04-09,97,Unknown,Douglasville,13-097-0004,AQS
2004-04-10,87,Unknown,Newnan,13-077-0002,AQS
2004-04-11,51,Unknown,Georgia Station,13-231-9991,AQS
2004-04-12,46,Unknown,Georgia Station,13-231-9991,AQS
2004-04-13,31,Unknown,Georgia Station,13-231-9991,AQS
2004-04-14,48,Unknown,Conyers,13-247-0001,AQS
2004-04-15,61,Unknown,Dawsonville,13-085-0001,AQS
2004-04-16,87,Unknown,Conyers,13-247-0001,AQS
2004-04-17,122,Unknown,Gwinnett,13-135-0002,AQS
2004-04-18,115,Unknown,Gwinnett,13-135-0002,AQS
2004-04-19,97,Unknown,Conyers,13-247-0001,AQS
2004-04-20,84,Unknown,Dawsonville,13-085-0001,AQS
2004-04-21,48,Unknown,Dawsonville,13-085-0001,AQS
2004-04-22,74,Unknown,Dawsonville,13-085-0001,AQS
2004-04-23,87,Unknown,Dawsonville,13-085-0001,AQS
2004-04-24,80,Unknown,Gwinnett,13-135-0002,AQS
2004-04-25,74,Unknown,Gwinnett,13-135-0002,AQS
2004-04-26,37,Unknown,"Yorkville, King Farm",13-223-0003,AQS
2004-04-27,64,Unknown,Newnan,13-077-0002,AQS
2004-04-28,90,Unknown,DOT STORAGE FACILITY,13-113-0001,AQS
2004-04-29,80,Unknown,DOT STORAGE FACILITY,13-113-0001,AQS
2004-04-30,39,Unknown,DOT STORAGE FACILITY,13-113-0001,AQS
2004-05-01,35,Unknown,Gwinnett,13-135-0002,AQS
2004-05-02,31,Unknown,Newnan,13-077-0002,AQS
2004-05-03,46,Unknown,Georgia Station,13-231-9991,AQS
2004-05-04,58,Unknown,Georgia Station,13-231-9991,AQS
2004-05-05,112,Unknown,Conyers,13-247-0001,AQS
2004-05-06,136,Unknown,Conyers,13-247-0001,AQS
2004-05-07,129,Unknown,McDonough,13-151-0002,AQS
2004-05-08,164,Unknown,Newnan,13-077-0002,AQS
2004-05-09,133,Unknown,Douglasville,13-097-0004,AQS
2004-05-10,93,Unknown,Kennesaw,13-067-0003,AQS
2004-05-11,74,Unknown,DOT STORAGE FACILITY,13-113-0001,AQS
2004-05-12,44,Unknown,DOT STORAGE FACILITY,13-113-0001,AQS
2004-05-13,41,Unknown,"Yorkville, King Farm",13-223-0003,AQS
2004-05-14,47,Unknown,Conyers,13-247-0001,AQS
2004-05-15,47,Unknown,Kennesaw,13-067-0003,AQS
2004-05-16,46,Unknown,DOT STORAGE FACILITY,13-113-0001,AQS
2004-05-17,36,Unknown,DOT STORAGE FACILITY,13-113-0001,AQS
2004-05-18,34,Unknown,DOT STORAGE FACILITY,13-113-0001,AQS
2004-05-19,49,Unknown,Gwinnett,13-135-0002,AQS
2004-05-20,100,Unknown,Conyers,13-247-0001,AQS
2004-05-21,126,Unknown,Conyers,13-247-0001,AQS
2004-05-22,58,Unknown,DOT STORAGE FACILITY,13-113-0001,AQS
2004-05-23,90,Unknown,Gwinnett,13-135-0002,AQS
2004-05-24,50,Unknown,Conyers,13-247-0001,AQS
2004-05-25,64,Unknown,Conyers,13-247-0001,AQS
2004-05-26,77,Unknown,Gwinnett,13-135-0002,AQS
2004-05-27,87,Unknown,Gwinnett,13-135-0002,AQS
2004-05-28,50,Unknown,South DeKalb,13-089-0002,AQS
2004-05-29,44,Unknown,Gwinnett,13-135-0002,AQS
2004-05-30,35,Unknown,Gwinnett,13-135-0002,AQS
2004-05-31,41,Unknown,DOT STORAGE FACILITY,13-113-0001,AQS
2004-06-01,48,Unknown,Dawsonville,13-085-0001,AQS
2004-06-02,47,Unknown,McDonough,13-151-0002,AQS
2004-06-03,71,Unknown,Gwinnett,13-135-0002,AQS
2004-06-04,108,Unknown,Conyers,13-247-0001,AQS
2004-06-05,122,Unknown,Conyers,13-247-0001,AQS
2004-06-06,166,Unknown,Gwinnett,13-135-0002,AQS
2004-06-07,71,Unknown,Gwinnett,13-135-0002,AQS
2004-06-08,51,Unknown,"Yorkville, King Farm",13-223-0003,AQS
2004-06-09,48,Unknown,DOT STORAGE FACILITY,13-113-0001,AQS
2004-06-10,122,Unknown,Conyers,13-247-0001,AQS
2004-06-11,151,Unknown,Conyers,13-247-0001,AQS
2004-06-12,129,Unknown,McDonough,13-151-0002,AQS
2004-06-13,42,Unknown,DOT STORAGE FACILITY,13-113-0001,AQS
2004-06-14,41,Unknown,Kennesaw,13-067-0003,AQS
2004-06-15,24,Unknown,DOT STORAGE FACILITY,13-113-0001,AQS
2004-06-16,41,Unknown,Gwinnett,13-135-0002,AQS
2004-06-17,44,Unknown,McDonough,13-151-0002,AQS
2004-06-18,42,Unknown,Gwinnett,13-135-0002,AQS
2004-06-19,100,Unknown,McDonough,13-151-0002,AQS
2004-06-20,100,Unknown,United Avenue,13-121-0055,AQS
2004-06-21,43,Unknown,"Yorkville, King Farm",13-223-0003,AQS
2004-06-22,48,Unknown,United Avenue,13-121-0055,AQS
2004-06-23,32,Unknown,Gwinnett,13-135-0002,AQS
2004-06-24,31,Unknown,Gwinnett,13-135-0002,AQS
2004-06-25,27,Unknown,DOT STORAGE FACILITY,13-113-0001,AQS
2004-06-26,46,Unknown,Gwinnett,13-135-0002,AQS
2004-06-27,43,Unknown,Gwinnett,13-135-0002,AQS
2004-06-28,30,Unknown,DOT STORAGE FACILITY,13-113-0001,AQS
2004-06-29,101,Unknown,Gwinnett,13-135-0002,AQS
2004-06-30,34,Unknown,McDonough,13-151-0002,AQS
2004-07-01,41,Unknown,DOT STORAGE FACILITY,13-113-0001,AQS
2004-07-02,37,Unknown,DOT STORAGE FACILITY,13-113-0001,AQS
2004-07-03,46,Unknown,Gwinnett,13-135-0002,AQS
2004-07-04,35,Unknown,Gwinnett,13-135-0002,AQS
2004-07-05,46,Unknown,DOT STORAGE FACILITY,13-113-0001,AQS
2004-07-06,61,Unknown,Georgia Station,13-231-9991,AQS
2004-07-07,54,Unknown,Conyers,13-247-0001,AQS
2004-07-08,100,Unknown,Conyers,13-247-0001,AQS
2004-07-09,97,Unknown,Gwinnett,13-135-0002,AQS
2004-07-10,87,Unknown,Tucker-Idlewood Road,13-089-3001,AQS
2004-07-11,61,Unknown,McDonough,13-151-0002,AQS
2004-07-12,49,Unknown,Conyers,13-247-0001,AQS
2004-07-13,101,Unknown,McDonough,13-151-0002,AQS
2004-07-14,74,Unknown,Conyers,13-247-0001,AQS
2004-07-15,101,Unknown,McDonough,13-151-0002,AQS
2004-07-16,133,Unknown,Tucker-Idlewood Road,13-089-3001,AQS
2004-07-17,50,Unknown,Dawsonville,13-085-0001,AQS
2004-07-18,112,Unknown,McDonough,13-151-0002,AQS
2004-07-19,115,Unknown,Conyers,13-247-0001,AQS
2004-07-20,161,Unknown,DOT STORAGE FACILITY,13-113-0001,AQS
2004-07-21,207,Unknown,South DeKalb,13-089-0002,AQS
2004-07-22,192,Unknown,Conyers,13-247-0001,AQS
2004-07-23,129,Unknown,DOT STORAGE FACILITY,13-113-0001,AQS
2004-07-24,156,Unknown,Douglasville,13-097-0004,AQS
2004-07-25,97,Unknown,Georgia Station,13-231-9991,AQS
2004-07-26,87,Unknown,Kennesaw,13-067-0003,AQS
2004-07-27,67,Unknown,United Avenue,13-121-0055,AQS
2004-07-28,133,Unknown,United Avenue,13-121-0055,AQS
2004-07-29,90,Unknown,"Yorkville, King Farm",13-223-0003,AQS
2004-07-30,35,Unknown,Kennesaw,13-067-0003,AQS
2004-07-31,44,Unknown,Kennesaw,13-067-0003,AQS
2004-08-01,80,Unknown,DOT STORAGE FACILITY,13-113-0001,AQS
2004-08-02,80,Unknown,DOT STORAGE FACILITY,13-113-0001,AQS
2004-08-03,150,Unknown,McDonough,13-151-0002,AQS
2004-08-04,177,Unknown,Gwinnett,13-135-0002,AQS
2004-08-05,84,Unknown,Newnan,13-077-0002,AQS
2004-08-06,100,Unknown,Newnan,13-077-0002,AQS
2004-08-07,122,Unknown,Douglasville,13-097-0004,AQS
2004-08-08,115,Unknown,"Yorkville, King Farm",13-223-0003,AQS
2004-08-09,101,Unknown,Kennesaw,13-067-0003,AQS
2004-08-10,51,Unknown,Dawsonville,13-085-0001,AQS
2004-08-11,90,Unknown,Dawsonville,13-085-0001,AQS
2004-08-12,44,Unknown,United Avenue,13-121-0055,AQS
2004-08-13,61,Unknown,DOT STORAGE FACILITY,13-113-0001,AQS
2004-08-14,129,Unknown,United Avenue,13-121-0055,AQS
2004-08-15,50,Unknown,Douglasville,13-097-0004,AQS
2004-08-16,64,Unknown,United Avenue,13-121-0055,AQS
2004-08-17,80,Unknown,Gwinnett,13-135-0002,AQS
2004-08-18,164,Unknown,McDonough,13-151-0002,AQS
2004-08-19,177,Unknown,United Avenue,13-121-0055,AQS
2004-08-20,101,Unknown,Gwinnett,13-135-0002,AQS
2004-08-21,36,Unknown,United Avenue,13-121-0055,AQS
2004-08-22,61,Unknown,United Avenue,13-121-0055,AQS
2004-08-23,71,Unknown,Kennesaw,13-067-0003,AQS
2004-08-24,97,Unknown,Douglasville,13-097-0004,AQS
2004-08-25,48,Unknown,DOT STORAGE FACILITY,13-113-0001,AQS
2004-08-26,143,Unknown,Douglasville,13-097-0004,AQS
2004-08-27,140,Unknown,United Avenue,13-121-0055,AQS
2004-08-28,119,Unknown,Douglasville,13-097-0004,AQS
2004-08-29,47,Unknown,Gwinnett,13-135-0002,AQS
2004-08-30,80,Unknown,Gwinnett,13-135-0002,AQS
2004-08-31,87,Unknown,Gwinnett,13-135-0002,AQS
2004-09-01,54,Unknown,DOT STORAGE FACILITY,13-113-0001,AQS
2004-09-02,37,Unknown,Gwinnett,13-135-0002,AQS
2004-09-03,74,Unknown,Gwinnett,13-135-0002,AQS
2004-09-04,87,Unknown,Douglasville,13-097-0004,AQS
2004-09-05,45,Unknown,Kennesaw,13-067-0003,AQS
2004-09-06,33,Unknown,"Yorkville, King Farm",13-223-0003,AQS
2004-09-07,22,Unknown,DOT STORAGE FACILITY,13-113-0001,AQS
2004-09-08,24,Unknown,"Yorkville, King Farm",13-223-0003,AQS
2004-09-09,61,Unknown,McDonough,13-151-0002,AQS
2004-09-10,54,Unknown,Douglasville,13-097-0004,AQS
2004-09-11,71,Unknown,"Yorkville, King Farm",13-223-0003,AQS
2004-09-12,61,Unknown,"Yorkville, King Farm",13-223-0003,AQS
2004-09-13,42,Unknown,"Yorkville, King Farm",13-223-0003,AQS
2004-09-14,44,Unknown,"Yorkville, King Farm",13-223-0003,AQS
2004-09-15,29,Unknown,Dawsonville,13-085-0001,AQS
2004-09-16,22,Unknown,DOT STORAGE FACILITY,13-113-0001,AQS
2004-09-17,30,Unknown,Newnan,13-077-0002,AQS
2004-09-18,45,Unknown,Georgia Station,13-231-9991,AQS
2004-09-19,46,Unknown,Douglasville,13-097-0004,AQS
2004-09-20,48,Unknown,"Yorkville, King Farm",13-223-0003,AQS
2004-09-21,50,Unknown,"Yorkville, King Farm",13-223-0003,AQS
2004-09-22,74,Unknown,"Yorkville, King Farm",13-223-0003,AQS
2004-09-23,122,Unknown,"Yorkville, King Farm",13-223-0003,AQS
2004-09-24,122,Unknown,Gwinnett,13-135-0002,AQS
2004-09-25,80,Unknown,Gwinnett,13-135-0002,AQS
2004-09-26,47,Unknown,Gwinnett,13-135-0002,AQS
2004-09-27,34,Unknown,Gwinnett,13-135-0002,AQS
2004-09-28,38,Unknown,Georgia Station,13-231-9991,AQS
2004-09-29,80,Unknown,"Yorkville, King Farm",13-223-0003,AQS
2004-09-30,80,Unknown,DOT STORAGE FACILITY,13-113-0001,AQS
2004-10-01,90,Unknown,South DeKalb,13-089-0002,AQS
2004-10-02,84,Unknown,United Avenue,13-121-0055,AQS
2004-10-03,58,Unknown,McDonough,13-151-0002,AQS
2004-10-04,45,Unknown,Douglasville,13-097-0004,AQS
2004-10-05,80,Unknown,Douglasville,13-097-0004,AQS
2004-10-06,50,Unknown,"Yorkville, King Farm",13-223-0003,AQS
2004-10-07,42,Unknown,Dawsonville,13-085-0001,AQS
2004-10-08,45,Unknown,Dawsonville,13-085-0001,AQS
2004-10-09,30,Unknown,Gwinnett,13-135-0002,AQS
2004-10-10,31,Unknown,Gwinnett,13-135-0002,AQS
2004-10-11,42,Unknown,Dawsonville,13-085-0001,AQS
2004-10-12,29,Unknown,"Yorkville, King Farm",13-223-0003,AQS
2004-10-13,23,Unknown,Georgia Station,13-231-9991,AQS
2004-10-14,31,Unknown,"Yorkville, King Farm",13-223-0003,AQS
2004-10-15,35,Unknown,Douglasville,13-097-0004,AQS
2004-10-16,46,Unknown,Newnan,13-077-0002,AQS
2004-10-17,47,Unknown,Georgia Station,13-231-9991,AQS
2004-10-18,39,Unknown,South DeKalb,13-089-0002,AQS
2004-10-19,33,Unknown,"Yorkville, King Farm",13-223-0003,AQS
2004-10-20,29,Unknown,Dawsonville,13-085-0001,AQS
2004-10-21,34,Unknown,Douglasville,13-097-0004,AQS
2004-10-22,33,Unknown,DOT STORAGE FACILITY,13-113-0001,AQS
2004-10-23,36,Unknown,DOT STORAGE FACILITY,13-113-0001,AQS
2004-10-24,31,Unknown,Douglasville,13-097-0004,AQS
2004-10-25,47,Unknown,Douglasville,13-097-0004,AQS
2004-10-26,64,Unknown,"Yorkville, King Farm",13-223-0003,AQS
2004-10-27,40,Unknown,Georgia Station,13-231-9991,AQS
2004-10-28,31,Unknown,Georgia Station,13-231-9991,AQS
2004-10-29,35,Unknown,"Yorkville, King Farm",13-223-0003,AQS
2004-10-30,33,Unknown,Georgia Station,13-231-9991,AQS
2004-10-31,37,Unknown,"Yorkville, King Farm",13-223-0003,AQS
2004-11-01,40,Unknown,Georgia Station,13-231-9991,AQS
2004-11-02,26,Unknown,Georgia Station,13-231-9991,AQS
2004-11-03,23,Unknown,Georgia Station,13-231-9991,AQS
2004-11-04,30,Unknown,Georgia Station,13-231-9991,AQS
2004-11-05,32,Unknown,Georgia Station,13-231-9991,AQS
2004-11-06,33,Unknown,Georgia Station,13-231-9991,AQS
2004-11-07,49,Unknown,Georgia Station,13-231-9991,AQS
2004-11-08,31,Unknown,Georgia Station,13-231-9991,AQS
2004-11-09,35,Unknown,Georgia Station,13-231-9991,AQS
2004-11-10,32,Unknown,Georgia Station,13-231-9991,AQS
2004-11-11,24,Unknown,Georgia Station,13-231-9991,AQS
2004-11-12,28,Unknown,Georgia Station,13-231-9991,AQS
2004-11-13,19,Unknown,Georgia Station,13-231-9991,AQS
2004-11-14,34,Unknown,Georgia Station,13-231-9991,AQS
2004-11-15,32,Unknown,Georgia Station,13-231-9991,AQS
2004-11-16,30,Unknown,Georgia Station,13-231-9991,AQS
2004-11-17,34,Unknown,Georgia Station,13-231-9991,AQS
2004-11-18,39,Unknown,Georgia Station,13-231-9991,AQS
2004-11-19,34,Unknown,Georgia Station,13-231-9991,AQS
2004-11-20,27,Unknown,Georgia Station,13-231-9991,AQS
2004-11-21,19,Unknown,Georgia Station,13-231-9991,AQS
2004-11-22,24,Unknown,Georgia Station,13-231-9991,AQS
2004-11-23,22,Unknown,Georgia Station,13-231-9991,AQS
2004-11-24,30,Unknown,Georgia Station,13-231-9991,AQS
2004-11-25,29,Unknown,Georgia Station,13-231-9991,AQS
2004-11-26,29,Unknown,Georgia Station,13-231-9991,AQS
2004-11-27,25,Unknown,Georgia Station,13-231-9991,AQS
2004-11-28,22,Unknown,Georgia Station,13-231-9991,AQS
2004-11-29,27,Unknown,Georgia Station,13-231-9991,AQS
2004-11-30,25,Unknown,Georgia Station,13-231-9991,AQS
2004-12-01,20,Unknown,Georgia Station,13-231-9991,AQS
2004-12-02,24,Unknown,Georgia Station,13-231-9991,AQS
2004-12-03,32,Unknown,Georgia Station,13-231-9991,AQS
2004-12-04,41,Unknown,Georgia Station,13-231-9991,AQS
2004-12-05,39,Unknown,Georgia Station,13-231-9991,AQS
2004-12-06,27,Unknown,Georgia Station,13-231-9991,AQS
2004-12-07,25,Unknown,Georgia Station,13-231-9991,AQS
2004-12-08,38,Unknown,Georgia Station,13-231-9991,AQS
2004-12-09,24,Unknown,Georgia Station,13-231-9991,AQS
2004-12-10,37,Unknown,Georgia Station,13-231-9991,AQS
2004-12-11,19,Unknown,Georgia Station,13-231-9991,AQS
2004-12-12,27,Unknown,Georgia Station,13-231-9991,AQS
2004-12-13,30,Unknown,Georgia Station,13-231-9991,AQS
2004-12-14,24,Unknown,Georgia Station,13-231-9991,AQS
2004-12-15,31,Unknown,Georgia Station,13-231-9991,AQS
2004-12-16,31,Unknown,Georgia Station,13-231-9991,AQS
2004-12-17,30,Unknown,Georgia Station,13-231-9991,AQS
2004-12-18,37,Unknown,Georgia Station,13-231-9991,AQS
2004-12-19,25,Unknown,Georgia Station,13-231-9991,AQS
2004-12-20,28,Unknown,Georgia Station,13-231-9991,AQS
2004-12-21,37,Unknown,Georgia Station,13-231-9991,AQS
2004-12-22,30,Unknown,Georgia Station,13-231-9991,AQS
2004-12-23,29,Unknown,Georgia Station,13-231-9991,AQS
2004-12-24,16,Unknown,Georgia Station,13-231-9991,AQS
2004-12-25,18,Unknown,Georgia Station,13-231-9991,AQS
2004-12-26,31,Unknown,Georgia Station,13-231-9991,AQS
2004-12-27,24,Unknown,Georgia Station,13-231-9991,AQS
2004-12-28,31,Unknown,Georgia Station,13-231-9991,AQS
2004-12-29,38,Unknown,Georgia Station,13-231-9991,AQS
2004-12-30,37,Unknown,Georgia Station,13-231-9991,AQS
2004-12-31,33,Unknown,Georgia Station,13-231-9991,AQS
2005-01-01,35,Unknown,Georgia Station,13-231-9991,AQS
2005-01-02,37,Unknown,Georgia Station,13-231-9991,AQS
2005-01-03,32,Unknown,Georgia Station,13-231-9991,AQS
2005-01-04,34,Unknown,Georgia Station,13-231-9991,AQS
2005-01-05,33,Unknown,Georgia Station,13-231-9991,AQS
2005-01-06,29,Unknown,Georgia Station,13-231-9991,AQS
2005-01-07,20,Unknown,Georgia Station,13-231-9991,AQS
2005-01-08,20,Unknown,Georgia Station,13-231-9991,AQS
2005-01-09,30,Unknown,Georgia Station,13-231-9991,AQS
2005-01-11,32,Unknown,Georgia Station,13-231-9991,AQS
2005-01-12,28,Unknown,Georgia Station,13-231-9991,AQS
2005-01-13,36,Unknown,Georgia Station,13-231-9991,AQS
2005-01-14,24,Unknown,Georgia Station,13-231-9991,AQS
2005-01-15,31,Unknown,Georgia Station,13-231-9991,AQS
2005-01-16,32,Unknown,Georgia Station,13-231-9991,AQS
2005-01-17,29,Unknown,Georgia Station,13-231-9991,AQS
2005-01-18,29,Unknown,Georgia Station,13-231-9991,AQS
2005-01-19,30,Unknown,Georgia Station,13-231-9991,AQS
2005-01-20,32,Unknown,Georgia Station,13-231-9991,AQS
2005-01-21,44,Unknown,Georgia Station,13-231-9991,AQS
2005-01-22,24,Unknown,Georgia Station,13-231-9991,AQS
2005-01-23,32,Unknown,Georgia Station,13-231-9991,AQS
2005-01-24,34,Unknown,Georgia Station,13-231-9991,AQS
2005-01-25,43,Unknown,Georgia Station,13-231-9991,AQS
2005-01-26,46,Unknown,Georgia Station,13-231-9991,AQS
2005-01-27,24,Unknown,Georgia Station,13-231-9991,AQS
2005-01-28,31,Unknown,Georgia Station,13-231-9991,AQS
2005-02-01,24,Unknown,Georgia Station,13-231-9991,AQS
2005-02-02,24,Unknown,Georgia Station,13-231-9991,AQS
2005-02-03,13,Unknown,Georgia Station,13-231-9991,AQS
2005-02-04,25,Unknown,Georgia Station,13-231-9991,AQS
2005-02-05,38,Unknown,Georgia Station,13-231-9991,AQS
2005-02-06,41,Unknown,Georgia Station,13-231-9991,AQS
2005-02-07,43,Unknown,Georgia Station,13-231-9991,AQS
2005-02-08,31,Unknown,Georgia Station,13-231-9991,AQS
2005-02-09,27,Unknown,Georgia Station,13-231-9991,AQS
2005-02-10,34,Unknown,Georgia Station,13-231-9991,AQS
2005-02-11,37,Unknown,Georgia Station,13-231-9991,AQS
2005-02-12,49,Unknown,Georgia Station,13-231-9991,AQS
2005-02-13,48,Unknown,Georgia Station,13-231-9991,AQS
2005-02-14,39,Unknown,Georgia Station,13-231-9991,AQS
2005-02-15,35,Unknown,Georgia Station,13-231-9991,AQS
2005-02-16,32,Unknown,Georgia Station,13-231-9991,AQS
2005-02-17,36,Unknown,Georgia Station,13-231-9991,AQS
2005-02-18,39,Unknown,Georgia Station,13-231-9991,AQS
2005-02-19,46,Unknown,Georgia Station,13-231-9991,AQS
2005-02-20,44,Unknown,Georgia Station,13-231-9991,AQS
2005-02-21,33,Unknown,Georgia Station,13-231-9991,AQS
2005-02-22,34,Unknown,Georgia Station,13-231-9991,AQS
2005-02-23,45,Unknown,Georgia Station,13-231-9991,AQS
2005-02-24,33,Unknown,Georgia Station,13-231-9991,AQS
2005-02-25,31,Unknown,Georgia Station,13-231-9991,AQS
2005-02-26,34,Unknown,Georgia Station,13-231-9991,AQS
2005-02-27,31,Unknown,Georgia Station,13-231-9991,AQS
2005-02-28,31,Unknown,Georgia Station,13-231-9991,AQS
2005-03-01,37,Unknown,Douglasville,13-097-0004,AQS
2005-03-02,41,Unknown,Douglasville,13-097-0004,AQS
2005-03-03,43,Unknown,Dawsonville,13-085-0001,AQS
2005-03-04,47,Unknown,Dawsonville,13-085-0001,AQS
2005-03-05,49,Unknown,Newnan,13-077-0002,AQS
2005-03-06,43,Unknown,Douglasville,13-097-0004,AQS
2005-03-07,46,Unknown,Georgia Station,13-231-9991,AQS
2005-03-08,37,Unknown,Douglasville,13-097-0004,AQS
2005-03-09,34,Unknown,Dawsonville,13-085-0001,AQS
2005-03-10,39,Unknown,Georgia Station,13-231-9991,AQS
2005-03-11,42,Unknown,Douglasville,13-097-0004,AQS
2005-03-12,61,Unknown,Newnan,13-077-0002,AQS
2005-03-13,87,Unknown,Dawsonville,13-085-0001,AQS
2005-03-14,42,Unknown,"Yorkville, King Farm",13-223-0003,AQS
2005-03-15,40,Unknown,DOT STORAGE FACILITY,13-113-0001,AQS
2005-03-16,34,Unknown,Georgia Station,13-231-9991,AQS
2005-03-17,37,Unknown,Dawsonville,13-085-0001,AQS
2005-03-18,47,Unknown,Dawsonville,13-085-0001,AQS
2005-03-19,45,Unknown,Dawsonville,13-085-0001,AQS
2005-03-20,54,Unknown,Dawsonville,13-085-0001,AQS
2005-03-21,46,Unknown,Georgia Station,13-231-9991,AQS
2005-03-22,36,Unknown,Dawsonville,13-085-0001,AQS
2005-03-23,45,Unknown,Georgia Station,13-231-9991,AQS
2005-03-24,49,Unknown,Georgia Station,13-231-9991,AQS
2005-03-25,108,Unknown,Conyers,13-247-0001,AQS
2005-03-26,122,Unknown,"Yorkville, King Farm",13-223-0003,AQS
2005-03-27,36,Unknown,Georgia Station,13-231-9991,AQS
2005-03-28,35,Unknown,Dawsonville,13-085-0001,AQS
2005-03-29,64,Unknown,Dawsonville,13-085-0001,AQS
2005-03-30,80,Unknown,Dawsonville,13-085-0001,AQS
2005-03-31,41,Unknown,"Yorkville, King Farm",13-223-0003,AQS
2005-04-01,40,Unknown,Georgia Station,13-231-9991,AQS
2005-04-02,47,Unknown,Newnan,13-077-0002,AQS
2005-04-03,74,Unknown,Douglasville,13-097-0004,AQS
2005-04-04,93,Unknown,DOT STORAGE FACILITY,13-113-0001,AQS
2005-04-05,80,Unknown,Dawsonville,13-085-0001,AQS
2005-04-06,74,Unknown,Dawsonville,13-085-0001,AQS
2005-04-07,44,Unknown,Dawsonville,13-085-0001,AQS
2005-04-08,51,Unknown,Douglasville,13-097-0004,AQS
2005-04-09,58,Unknown,"Yorkville, King Farm",13-223-0003,AQS
2005-04-10,80,Unknown,Kennesaw,13-067-0003,AQS
2005-04-11,90,Unknown,DOT STORAGE FACILITY,13-113-0001,AQS
2005-04-12,51,Unknown,DOT STORAGE FACILITY,13-113-0001,AQS
2005-04-13,47,Unknown,Douglasville,13-097-0004,AQS
2005-04-14,58,Unknown,Dawsonville,13-085-0001,AQS
2005-04-15,87,Unknown,Georgia Station,13-231-9991,AQS
2005-04-16,84,Unknown,Georgia Station,13-231-9991,AQS
2005-04-17,108,Unknown,Douglasville,13-097-0004,AQS
2005-04-18,147,Unknown,Dawsonville,13-085-0001,AQS
2005-04-19,159,Unknown,Dawsonville,13-085-0001,AQS
2005-04-20,119,Unknown,Dawsonville,13-085-0001,AQS
2005-04-21,58,Unknown,Dawsonville,13-085-0001,AQS
2005-04-22,37,Unknown,"Yorkville, King Farm",13-223-0003,AQS
2005-04-23,44,Unknown,Douglasville,13-097-0004,AQS
2005-04-24,51,Unknown,Douglasville,13-097-0004,AQS
2005-04-25,64,Unknown,Dawsonville,13-085-0001,AQS
2005-04-26,36,Unknown,Georgia Station,13-231-9991,AQS
2005-04-27,54,Unknown,Douglasville,13-097-0004,AQS
2005-04-28,71,Unknown,DOT STORAGE FACILITY,13-113-0001,AQS
2005-04-29,67,Unknown,Georgia Station,13-231-9991,AQS
2005-04-30,42,Unknown,"Yorkville, King Farm",13-223-0003,AQS
2005-05-01,54,Unknown,Newnan,13-077-0002,AQS
2005-05-02,54,Unknown,Newnan,13-077-0002,AQS
2005-05-03,50,Unknown,Newnan,13-077-0002,AQS
2005-05-04,74,Unknown,Gwinnett,13-135-0002,AQS
2005-05-05,45,Unknown,Conyers,13-247-0001,AQS
2005-05-06,71,Unknown,Douglasville,13-097-0004,AQS
2005-05-07,129,Unknown,Douglasville,13-097-0004,AQS
2005-05-08,151,Unknown,United Avenue,13-121-0055,AQS
2005-05-09,140,Unknown,Gwinnett,13-135-0002,AQS
2005-05-10,77,Unknown,McDonough,13-151-0002,AQS
2005-05-11,133,Unknown,DOT STORAGE FACILITY,13-113-0001,AQS
2005-05-12,197,Unknown,Douglasville,13-097-0004,AQS
2005-05-13,129,Unknown,Kennesaw,13-067-0003,AQS
2005-05-14,87,Unknown,Gwinnett,13-135-0002,AQS
2005-05-15,44,Unknown,Newnan,13-077-0002,AQS
2005-05-16,108,Unknown,McDonough,13-151-0002,AQS
2005-05-17,147,Unknown,Gwinnett,13-135-0002,AQS
2005-05-18,140,Unknown,"Yorkville, King Farm",13-223-0003,AQS
2005-05-19,122,Unknown,Dawsonville,13-085-0001,AQS
2005-05-20,43,Unknown,Dawsonville,13-085-0001,AQS
2005-05-21,50,Unknown,Douglasville,13-097-0004,AQS
2005-05-22,61,Unknown,Gwinnett,13-135-0002,AQS
2005-05-23,97,Unknown,Tucker-Idlewood Road,13-089-3001,AQS
2005-05-24,100,Unknown,Conyers,13-247-0001,AQS
2005-05-25,77,Unknown,Georgia Station,13-231-9991,AQS
2005-05-26,108,Unknown,McDonough,13-151-0002,AQS
2005-05-27,140,Unknown,Conyers,13-247-0001,AQS
2005-05-28,119,Unknown,Conyers,13-247-0001,AQS
2005-05-29,41,Unknown,Georgia Station,13-231-9991,AQS
2005-05-30,35,Unknown,Georgia Station,13-231-9991,AQS
2005-05-31,36,Unknown,Dawsonville,13-085-0001,AQS
2005-06-01,40,Unknown,Dawsonville,13-085-0001,AQS
2005-06-02,32,Unknown,Georgia Station,13-231-9991,AQS
2005-06-03,34,Unknown,"Yorkville, King Farm",13-223-0003,AQS
2005-06-04,71,Unknown,Kennesaw,13-067-0003,AQS
2005-06-05,41,Unknown,United Avenue,13-121-0055,AQS
2005-06-06,77,Unknown,Kennesaw,13-067-0003,AQS
2005-06-07,80,Unknown,Gwinnett,13-135-0002,AQS
2005-06-08,105,Unknown,Kennesaw,13-067-0003,AQS
2005-06-09,67,Unknown,United Avenue,13-121-0055,AQS
2005-06-10,24,Unknown,"Yorkville, King Farm",13-223-0003,AQS
2005-06-11,30,Unknown,Kennesaw,13-067-0003,AQS
2005-06-12,23,Unknown,Kennesaw,13-067-0003,AQS
2005-06-13,93,Unknown,Conyers,13-247-0001,AQS
2005-06-14,129,Unknown,Gwinnett,13-135-0002,AQS
2005-06-15,126,Unknown,Conyers,13-247-0001,AQS
2005-06-16,108,Unknown,Conyers,13-247-0001,AQS
2005-06-17,122,Unknown,Tucker-Idlewood Road,13-089-3001,AQS
2005-06-18,177,Unknown,Conyers,13-247-0001,AQS
2005-06-19,93,Unknown,Douglasville,13-097-0004,AQS
2005-06-20,115,Unknown,Douglasville,13-097-0004,AQS
2005-06-21,67,Unknown,Gwinnett,13-135-0002,AQS
2005-06-22,159,Unknown,McDonough,13-151-0002,AQS
2005-06-23,187,Unknown,Douglasville,13-097-0004,AQS
2005-06-24,150,Unknown,Douglasville,13-097-0004,AQS
2005-06-25,140,Unknown,Douglasville,13-097-0004,AQS
2005-06-26,48,Unknown,Douglasville,13-097-0004,AQS
2005-06-27,47,Unknown,Kennesaw,13-067-0003,AQS
2005-06-28,44,Unknown,"Yorkville, King Farm",13-223-0003,AQS
2005-06-29,87,Unknown,Kennesaw,13-067-0003,AQS
2005-06-30,156,Unknown,Conyers,13-247-0001,AQS
2005-07-01,108,Unknown,Gwinnett,13-135-0002,AQS
2005-07-02,122,Unknown,United Avenue,13-121-0055,AQS
2005-07-03,50,Unknown,Douglasville,13-097-0004,AQS
2005-07-04,46,Unknown,Kennesaw,13-067-0003,AQS
2005-07-05,41,Unknown,Gwinnett,13-135-0002,AQS
2005-07-06,37,Unknown,Georgia Station,13-231-9991,AQS
2005-07-07,32,Unknown,Douglasville,13-097-0004,AQS
2005-07-08,156,Unknown,McDonough,13-151-0002,AQS
2005-07-09,87,Unknown,Douglasville,13-097-0004,AQS
2005-07-10,16,Unknown,"Yorkville, King Farm",13-223-0003,AQS
2005-07-11,25,Unknown,"Yorkville, King Farm",13-223-0003,AQS
2005-07-12,33,Unknown,Gwinnett,13-135-0002,AQS
2005-07-13,42,Unknown,Dawsonville,13-085-0001,AQS
2005-07-14,77,Unknown,Gwinnett,13-135-0002,AQS
2005-07-15,35,Unknown,Dawsonville,13-085-0001,AQS
2005-07-16,28,Unknown,Gwinnett,13-135-0002,AQS
2005-07-17,38,Unknown,Gwinnett,13-135-0002,AQS
2005-07-18,84,Unknown,Gwinnett,13-135-0002,AQS
2005-07-19,44,Unknown,Kennesaw,13-067-0003,AQS
2005-07-20,74,Unknown,Tucker-Idlewood Road,13-089-3001,AQS
2005-07-21,74,Unknown,Kennesaw,13-067-0003,AQS
2005-07-22,108,Unknown,McDonough,13-151-0002,AQS
2005-07-23,140,Unknown,Newnan,13-077-0002,AQS
2005-07-24,147,Unknown,United Avenue,13-121-0055,AQS
2005-07-25,209,Unknown,United Avenue,13-121-0055,AQS
2005-07-26,205,Unknown,McDonough,13-151-0002,AQS
2005-07-27,164,Unknown,Conyers,13-247-0001,AQS
2005-07-28,87,Unknown,Tucker-Idlewood Road,13-089-3001,AQS
2005-07-29,50,Unknown,Douglasville,13-097-0004,AQS
2005-07-30,38,Unknown,Douglasville,13-097-0004,AQS
2005-07-31,47,Unknown,Douglasville,13-097-0004,AQS
2005-08-01,44,Unknown,"Yorkville, King Farm",13-223-0003,AQS
2005-08-02,112,Unknown,Douglasville,13-097-0004,AQS
2005-08-03,159,Unknown,Douglasville,13-097-0004,AQS
2005-08-04,151,Unknown,Douglasville,13-097-0004,AQS
2005-08-05,97,Unknown,Douglasville,13-097-0004,AQS
2005-08-06,58,Unknown,Douglasville,13-097-0004,AQS
2005-08-07,31,Unknown,Douglasville,13-097-0004,AQS
2005-08-08,45,Unknown,"Yorkville, King Farm",13-223-0003,AQS
2005-08-09,46,Unknown,"Yorkville, King Farm",13-223-0003,AQS
2005-08-10,43,Unknown,DOT STORAGE FACILITY,13-113-0001,AQS
2005-08-11,112,Unknown,Douglasville,13-097-0004,AQS
2005-08-12,84,Unknown,McDonough,13-151-0002,AQS
2005-08-13,93,Unknown,Tucker-Idlewood Road,13-089-3001,AQS
2005-08-14,93,Unknown,McDonough,13-151-0002,AQS
2005-08-15,122,Unknown,Newnan,13-077-0002,AQS
2005-08-16,87,Unknown,Kennesaw,13-067-0003,AQS
2005-08-17,112,Unknown,Tucker-Idlewood Road,13-089-3001,AQS
2005-08-18,87,Unknown,Gwinnett,13-135-0002,AQS
2005-08-19,67,Unknown,Conyers,13-247-0001,AQS
2005-08-20,126,Unknown,McDonough,13-151-0002,AQS
2005-08-21,93,Unknown,McDonough,13-151-0002,AQS
2005-08-22,129,Unknown,McDonough,13-151-0002,AQS
2005-08-23,74,Unknown,South DeKalb,13-089-0002,AQS
2005-08-24,93,Unknown,"Yorkville, King Farm",13-223-0003,AQS
2005-08-25,49,Unknown,"Yorkville, King Farm",13-223-0003,AQS
2005-08-26,156,Unknown,Douglasville,13-097-0004,AQS
2005-08-27,100,Unknown,Douglasville,13-097-0004,AQS
2005-08-28,38,Unknown,"Yorkville, King Farm",13-223-0003,AQS
2005-08-29,26,Unknown,Dawsonville,13-085-0001,AQS
2005-08-30,34,Unknown,Dawsonville,13-085-0001,AQS
2005-08-31,97,Unknown,McDonough,13-151-0002,AQS
2005-09-01,133,Unknown,DOT STORAGE FACILITY,13-113-0001,AQS
2005-09-02,136,Unknown,DOT STORAGE FACILITY,13-113-0001,AQS
2005-09-03,129,Unknown,Douglasville,13-097-0004,AQS
2005-09-04,119,Unknown,Douglasville,13-097-0004,AQS
2005-09-05,74,Unknown,Douglasville,13-097-0004,AQS
2005-09-06,50,Unknown,Douglasville,13-097-0004,AQS
2005-09-07,71,Unknown,Douglasville,13-097-0004,AQS
2005-09-08,77,Unknown,Newnan,13-077-0002,AQS
2005-09-09,119,Unknown,Newnan,13-077-0002,AQS
2005-09-10,164,Unknown,Douglasville,13-097-0004,AQS
2005-09-11,119,Unknown,Douglasville,13-097-0004,AQS
2005-09-12,150,Unknown,Georgia Station,13-231-9991,AQS
2005-09-13,147,Unknown,McDonough,13-151-0002,AQS
2005-09-14,136,Unknown,McDonough,13-151-0002,AQS
2005-09-15,126,Unknown,McDonough,13-151-0002,AQS
2005-09-16,84,Unknown,McDonough,13-151-0002,AQS
2005-09-17,49,Unknown,Tucker-Idlewood Road,13-089-3001,AQS
2005-09-18,100,Unknown,Conyers,13-247-0001,AQS
2005-09-19,154,Unknown,DOT STORAGE FACILITY,13-113-0001,AQS
2005-09-20,154,Unknown,Kennesaw,13-067-0003,AQS
2005-09-21,143,Unknown,"Yorkville, King Farm",13-223-0003,AQS
2005-09-22,41,Unknown,"Yorkville, King Farm",13-223-0003,AQS
2005-09-23,43,Unknown,"Yorkville, King Farm",13-223-0003,AQS
2005-09-24,46,Unknown,"Yorkville, King Farm",13-223-0003,AQS
2005-09-25,29,Unknown,Kennesaw,13-067-0003,AQS
2005-09-26,22,Unknown,Georgia Station,13-231-9991,AQS
2005-09-27,48,Unknown,Douglasville,13-097-0004,AQS
2005-09-28,41,Unknown,"Yorkville, King Farm",13-223-0003,AQS
2005-09-29,42,Unknown,Conyers,13-247-0001,AQS
2005-09-30,84,Unknown,"Yorkville, King Farm",13-223-0003,AQS
2005-10-01,58,Unknown,"Yorkville, King Farm",13-223-0003,AQS
2005-10-02,44,Unknown,"Yorkville, King Farm",13-223-0003,AQS
2005-10-03,101,Unknown,Douglasville,13-097-0004,AQS
2005-10-04,47,Unknown,"Yorkville, King Farm",13-223-0003,AQS
2005-10-05,34,Unknown,"Yorkville, King Farm",13-223-0003,AQS
2005-10-06,20,Unknown,Dawsonville,13-085-0001,AQS
2005-10-07,15,Unknown,Dawsonville,13-085-0001,AQS
2005-10-08,24,Unknown,Dawsonville,13-085-0001,AQS
2005-10-09,19,Unknown,DOT STORAGE FACILITY,13-113-0001,AQS
2005-10-10,24,Unknown,Newnan,13-077-0002,AQS
2005-10-11,42,Unknown,Douglasville,13-097-0004,AQS
2005-10-12,29,Unknown,Dawsonville,13-085-0001,AQS
2005-10-13,44,Unknown,"Yorkville, King Farm",13-223-0003,AQS
2005-10-14,49,Unknown,"Yorkville, King Farm",13-223-0003,AQS
2005-10-15,64,Unknown,Douglasville,13-097-0004,AQS
2005-10-16,50,Unknown,Georgia Station,13-231-9991,AQS
2005-10-17,54,Unknown,Douglasville,13-097-0004,AQS
2005-10-18,115,Unknown,Douglasville,13-097-0004,AQS
2005-10-19,115,Unknown,Georgia Station,13-231-9991,AQS
2005-10-20,87,Unknown,"Yorkville, King Farm",13-223-0003,AQS
2005-10-21,61,Unknown,"Yorkville, King Farm",13-223-0003,AQS
2005-10-22,36,Unknown,Georgia Station,13-231-9991,AQS
2005-10-23,41,Unknown,Douglasville,13-097-0004,AQS
2005-10-24,31,Unknown,Newnan,13-077-0002,AQS
2005-10-25,23,Unknown,"Yorkville, King Farm",13-223-0003,AQS
2005-10-26,32,Unknown,Dawsonville,13-085-0001,AQS
2005-10-27,32,Unknown,Dawsonville,13-085-0001,AQS
2005-10-28,39,Unknown,Dawsonville,13-085-0001,AQS
2005-10-29,47,Unknown,Georgia Station,13-231-9991,AQS
2005-10-30,61,Unknown,Georgia Station,13-231-9991,AQS
2005-10-31,46,Unknown,"Yorkville, King Farm",13-223-0003,AQS
2005-11-01,39,Unknown,Georgia Station,13-231-9991,AQS
2005-11-02,33,Unknown,Georgia Station,13-231-9991,AQS
2005-11-03,50,Unknown,Georgia Station,13-231-9991,AQS
2005-11-04,44,Unknown,Georgia Station,13-231-9991,AQS
2005-11-05,44,Unknown,Georgia Station,13-231-9991,AQS
2005-11-06,31,Unknown,Georgia Station,13-231-9991,AQS
2005-11-07,47,Unknown,Georgia Station,13-231-9991,AQS
2005-11-08,42,Unknown,Georgia Station,13-231-9991,AQS
2005-11-09,44,Unknown,Georgia Station,13-231-9991,AQS
2005-11-10,32,Unknown,Georgia Station,13-231-9991,AQS
2005-11-11,37,Unknown,Georgia Station,13-231-9991,AQS
2005-11-12,46,Unknown,Georgia Station,13-231-9991,AQS
2005-11-13,34,Unknown,Georgia Station,13-231-9991,AQS
2005-11-14,39,Unknown,Georgia Station,13-231-9991,AQS
2005-11-15,36,Unknown,Georgia Station,13-231-9991,AQS
2005-11-16,26,Unknown,Georgia Station,13-231-9991,AQS
2005-11-17,28,Unknown,Georgia Station,13-231-9991,AQS
2005-11-18,30,Unknown,Georgia Station,13-231-9991,AQS
2005-11-19,35,Unknown,Georgia Station,13-231-9991,AQS
2005-11-20,29,Unknown,Georgia Station,13-231-9991,AQS
2005-11-21,21,Unknown,Georgia Station,13-231-9991,AQS
2005-11-22,22,Unknown,Georgia Station,13-231-9991,AQS
2005-11-23,38,Unknown,Georgia Station,13-231-9991,AQS
2005-11-24,39,Unknown,Georgia Station,13-231-9991,AQS
2005-11-25,36,Unknown,Georgia Station,13-231-9991,AQS
2005-11-26,29,Unknown,Georgia Station,13-231-9991,AQS
2005-11-27,24,Unknown,Georgia Station,13-231-9991,AQS
2005-11-28,25,Unknown,Georgia Station,13-231-9991,AQS
2005-11-29,33,Unknown,Georgia Station,13-231-9991,AQS
2005-11-30,28,Unknown,Georgia Station,13-231-9991,AQS
2005-12-01,34,Unknown,Georgia Station,13-231-9991,AQS
2005-12-02,27,Unknown,Georgia Station,13-231-9991,AQS
2005-12-03,33,Unknown,Georgia Station,13-231-9991,AQS
2005-12-04,32,Unknown,Georgia Station,13-231-9991,AQS
2005-12-05,19,Unknown,Georgia Station,13-231-9991,AQS
2005-12-06,31,Unknown,Georgia Station,13-231-9991,AQS
2005-12-07,31,Unknown,Georgia Station,13-231-9991,AQS
2005-12-08,19,Unknown,Georgia Station,13-231-9991,AQS
2005-12-09,23,Unknown,Georgia Station,13-231-9991,AQS
2005-12-10,31,Unknown,Georgia Station,13-231-9991,AQS
2005-12-11,31,Unknown,Georgia Station,13-231-9991,AQS
2005-12-12,34,Unknown,Georgia Station,13-231-9991,AQS
2005-12-13,23,Unknown,Georgia Station,13-231-9991,AQS
2005-12-14,14,Unknown,Georgia Station,13-231-9991,AQS
2005-12-15,15,Unknown,Georgia Station,13-231-9991,AQS
2005-12-16,24,Unknown,Georgia Station,13-231-9991,AQS
2005-12-17,16,Unknown,Georgia Station,13-231-9991,AQS
2005-12-18,28,Unknown,Georgia Station,13-231-9991,AQS
2005-12-19,24,Unknown,Georgia Station,13-231-9991,AQS
2005-12-20,20,Unknown,Georgia Station,13-231-9991,AQS
2005-12-21,26,Unknown,Georgia Station,13-231-9991,AQS
2005-12-22,29,Unknown,Georgia Station,13-231-9991,AQS
2005-12-23,33,Unknown,Georgia Station,13-231-9991,AQS
2005-12-24,36,Unknown,Georgia Station,13-231-9991,AQS
2005-12-25,29,Unknown,Georgia Station,13-231-9991,AQS
2005-12-26,23,Unknown,Georgia Station,13-231-9991,AQS
2005-12-27,36,Unknown,Georgia Station,13-231-9991,AQS
2005-12-28,31,Unknown,Georgia Station,13-231-9991,AQS
2005-12-29,23,Unknown,Georgia Station,13-231-9991,AQS
2005-12-30,32,Unknown,Georgia Station,13-231-9991,AQS
2005-12-31,38,Unknown,Georgia Station,13-231-9991,AQS
2006-01-01,30,Unknown,Georgia Station,13-231-9991,AQS
2006-01-02,31,Unknown,Georgia Station,13-231-9991,AQS
2006-01-03,30,Unknown,Georgia Station,13-231-9991,AQS
2006-01-04,33,Unknown,Georgia Station,13-231-9991,AQS
2006-01-05,25,Unknown,Georgia Station,13-231-9991,AQS
2006-01-06,22,Unknown,Georgia Station,13-231-9991,AQS
2006-01-18,33,Unknown,Georgia Station,13-231-9991,AQS
2006-01-19,41,Unknown,Georgia Station,13-231-9991,AQS
2006-01-20,44,Unknown,Georgia Station,13-231-9991,AQS
2006-01-21,30,Unknown,Georgia Station,13-231-9991,AQS
2006-01-22,12,Unknown,Georgia Station,13-231-9991,AQS
2006-01-23,11,Unknown,Georgia Station,13-231-9991,AQS
2006-01-24,39,Unknown,Georgia Station,13-231-9991,AQS
2006-01-25,38,Unknown,Georgia Station,13-231-9991,AQS
2006-01-26,27,Unknown,Georgia Station,13-231-9991,AQS
2006-01-27,31,Unknown,Georgia Station,13-231-9991,AQS
2006-01-28,42,Unknown,Georgia Station,13-231-9991,AQS
2006-01-29,36,Unknown,Georgia Station,13-231-9991,AQS
2006-01-30,38,Unknown,Georgia Station,13-231-9991,AQS
2006-01-31,37,Unknown,Georgia Station,13-231-9991,AQS
2006-02-01,40,Unknown,Georgia Station,13-231-9991,AQS
2006-02-02,33,Unknown,Georgia Station,13-231-9991,AQS
2006-02-03,41,Unknown,Georgia Station,13-231-9991,AQS
2006-02-04,33,Unknown,Georgia Station,13-231-9991,AQS
2006-02-05,36,Unknown,Georgia Station,13-231-9991,AQS
2006-02-06,26,Unknown,Georgia Station,13-231-9991,AQS
2006-02-07,32,Unknown,Georgia Station,13-231-9991,AQS
2006-02-08,40,Unknown,Georgia Station,13-231-9991,AQS
2006-02-09,31,Unknown,Georgia Station,13-231-9991,AQS
2006-02-10,42,Unknown,Georgia Station,13-231-9991,AQS
2006-02-11,36,Unknown,Georgia Station,13-231-9991,AQS
2006-02-12,30,Unknown,Georgia Station,13-231-9991,AQS
2006-02-13,36,Unknown,Georgia Station,13-231-9991,AQS
2006-02-14,48,Unknown,Georgia Station,13-231-9991,AQS
2006-02-15,50,Unknown,Georgia Station,13-231-9991,AQS
2006-02-16,61,Unknown,Georgia Station,13-231-9991,AQS
2006-02-17,41,Unknown,Georgia Station,13-231-9991,AQS
2006-02-18,22,Unknown,Georgia Station,13-231-9991,AQS
2006-02-19,21,Unknown,Georgia Station,13-231-9991,AQS
2006-02-20,17,Unknown,Georgia Station,13-231-9991,AQS
2006-02-21,25,Unknown,Georgia Station,13-231-9991,AQS
2006-02-22,20,Unknown,Georgia Station,13-231-9991,AQS
2006-02-23,34,Unknown,Georgia Station,13-231-9991,AQS
2006-02-24,46,Unknown,Georgia Station,13-231-9991,AQS
2006-02-25,40,Unknown,Georgia Station,13-231-9991,AQS
2006-02-26,41,Unknown,Georgia Station,13-231-9991,AQS
2006-02-27,44,Unknown,Georgia Station,13-231-9991,AQS
2006-02-28,74,Unknown,Georgia Station,13-231-9991,AQS
2006-03-01,71,Unknown,Georgia Station,13-231-9991,AQS
2006-03-02,46,Unknown,"Yorkville, King Farm",13-223-0003,AQS
2006-03-03,43,Unknown,Newnan,13-077-0002,AQS
2006-03-04,47,Unknown,Newnan,13-077-0002,AQS
2006-03-05,67,Unknown,Georgia Station,13-231-9991,AQS
2006-03-06,64,Unknown,Georgia Station,13-231-9991,AQS
2006-03-07,41,Unknown,Dawsonville,13-085-0001,AQS
2006-03-08,84,Unknown,Georgia Station,13-231-9991,AQS
2006-03-09,58,Unknown,Dawsonville,13-085-0001,AQS
2006-03-10,49,Unknown,Dawsonville,13-085-0001,AQS
2006-03-11,40,Unknown,Dawsonville,13-085-0001,AQS
2006-03-12,42,Unknown,Dawsonville,13-085-0001,AQS
2006-03-13,33,Unknown,DOT STORAGE FACILITY,13-113-0001,AQS
2006-03-14,49,Unknown,Georgia Station,13-231-9991,AQS
2006-03-15,61,Unknown,Dawsonville,13-085-0001,AQS
2006-03-16,74,Unknown,"Yorkville, King Farm",13-223-0003,AQS
2006-03-17,67,Unknown,Georgia Station,13-231-9991,AQS
2006-03-18,54,Unknown,Georgia Station,13-231-9991,AQS
2006-03-19,58,Unknown,Dawsonville,13-085-0001,AQS
2006-03-20,40,Unknown,Georgia Station,13-231-9991,AQS
2006-03-21,44,Unknown,Georgia Station,13-231-9991,AQS
2006-03-22,42,Unknown,Dawsonville,13-085-0001,AQS
2006-03-23,38,Unknown,Georgia Station,13-231-9991,AQS
2006-03-24,45,Unknown,Georgia Station,13-231-9991,AQS
2006-03-25,44,Unknown,Georgia Station,13-231-9991,AQS
2006-03-26,45,Unknown,Newnan,13-077-0002,AQS
2006-03-27,71,Unknown,Georgia Station,13-231-9991,AQS
2006-03-28,49,Unknown,Georgia Station,13-231-9991,AQS
2006-03-29,80,Unknown,Douglasville,13-097-0004,AQS
2006-03-30,87,Unknown,Dawsonville,13-085-0001,AQS
2006-03-31,84,Unknown,Dawsonville,13-085-0001,AQS
2006-04-01,54,Unknown,Dawsonville,13-085-0001,AQS
2006-04-02,47,Unknown,Dawsonville,13-085-0001,AQS
2006-04-03,54,Unknown,Georgia Station,13-231-9991,AQS
2006-04-04,64,Unknown,Georgia Station,13-231-9991,AQS
2006-04-05,80,Unknown,Douglasville,13-097-0004,AQS
2006-04-06,112,Unknown,Georgia Station,13-231-9991,AQS
2006-04-07,71,Unknown,Georgia Station,13-231-9991,AQS
2006-04-08,48,Unknown,Dawsonville,13-085-0001,AQS
2006-04-09,61,Unknown,Georgia Station,13-231-9991,AQS
2006-04-10,87,Unknown,Dawsonville,13-085-0001,AQS
2006-04-11,100,Unknown,Dawsonville,13-085-0001,AQS
2006-04-12,58,Unknown,South DeKalb,13-089-0002,AQS
2006-04-13,101,Unknown,Georgia Station,13-231-9991,AQS
2006-04-14,105,Unknown,Douglasville,13-097-0004,AQS
2006-04-15,80,Unknown,Douglasville,13-097-0004,AQS
2006-04-16,50,Unknown,Dawsonville,13-085-0001,AQS
2006-04-17,71,Unknown,Dawsonville,13-085-0001,AQS
2006-04-18,90,Unknown,"Yorkville, King Farm",13-223-0003,AQS
2006-04-19,46,Unknown,Georgia Station,13-231-9991,AQS
2006-04-20,100,Unknown,Georgia Station,13-231-9991,AQS
2006-04-21,44,Unknown,Georgia Station,13-231-9991,AQS
2006-04-22,49,Unknown,Douglasville,13-097-0004,AQS
2006-04-23,112,Unknown,Gwinnett,13-135-0002,AQS
2006-04-24,133,Unknown,Gwinnett,13-135-0002,AQS
2006-04-25,105,Unknown,Dawsonville,13-085-0001,AQS
2006-04-26,36,Unknown,Georgia Station,13-231-9991,AQS
2006-04-27,74,Unknown,Douglasville,13-097-0004,AQS
2006-04-28,112,Unknown,Kennesaw,13-067-0003,AQS
2006-04-29,80,Unknown,Georgia Station,13-231-9991,AQS
2006-04-30,49,Unknown,Georgia Station,13-231-9991,AQS
2006-05-01,84,Unknown,Kennesaw,13-067-0003,AQS
2006-05-02,100,Unknown,Conyers,13-247-0001,AQS
2006-05-03,64,Unknown,Georgia Station,13-231-9991,AQS
2006-05-04,61,Unknown,Georgia Station,13-231-9991,AQS
2006-05-05,43,Unknown,Georgia Station,13-231-9991,AQS
2006-05-06,77,Unknown,McDonough,13-151-0002,AQS
2006-05-07,40,Unknown,Douglasville,13-097-0004,AQS
2006-05-08,35,Unknown,"Yorkville, King Farm",13-223-0003,AQS
2006-05-09,41,Unknown,Georgia Station,13-231-9991,AQS
2006-05-10,41,Unknown,Georgia Station,13-231-9991,AQS
2006-05-11,58,Unknown,Georgia Station,13-231-9991,AQS
2006-05-12,61,Unknown,Douglasville,13-097-0004,AQS
2006-05-13,74,Unknown,Dawsonville,13-085-0001,AQS
2006-05-14,48,Unknown,Georgia Station,13-231-9991,AQS
2006-05-15,41,Unknown,Georgia Station,13-231-9991,AQS
2006-05-16,54,Unknown,Georgia Station,13-231-9991,AQS
2006-05-17,51,Unknown,Georgia Station,13-231-9991,AQS
2006-05-18,74,Unknown,Douglasville,13-097-0004,AQS
2006-05-19,77,Unknown,Douglasville,13-097-0004,AQS
2006-05-20,108,Unknown,Gwinnett,13-135-0002,AQS
2006-05-21,64,Unknown,Conyers,13-247-0001,AQS
2006-05-22,101,Unknown,McDonough,13-151-0002,AQS
2006-05-23,119,Unknown,Conyers,13-247-0001,AQS
2006-05-24,166,Unknown,Conyers,13-247-0001,AQS
2006-05-25,101,Unknown,Conyers,13-247-0001,AQS
2006-05-26,49,Unknown,Conyers,13-247-0001,AQS
2006-05-27,71,Unknown,Tucker-Idlewood Road,13-089-3001,AQS
2006-05-28,126,Unknown,Newnan,13-077-0002,AQS
2006-05-29,140,Unknown,Douglasville,13-097-0004,AQS
2006-05-30,200,Unknown,Douglasville,13-097-0004,AQS
2006-05-31,177,Unknown,"Yorkville, King Farm",13-223-0003,AQS
2006-06-01,119,Unknown,Kennesaw,13-067-0003,AQS
2006-06-02,50,Unknown,Tucker-Idlewood Road,13-089-3001,AQS
2006-06-03,84,Unknown,Georgia Station,13-231-9991,AQS
2006-06-04,119,Unknown,McDonough,13-151-0002,AQS
2006-06-05,115,Unknown,Georgia Station,13-231-9991,AQS
2006-06-06,150,Unknown,Georgia Station,13-231-9991,AQS
2006-06-07,126,Unknown,Tucker-Idlewood Road,13-089-3001,AQS
2006-06-08,122,Unknown,Conyers,13-247-0001,AQS
2006-06-09,166,Unknown,Georgia Station,13-231-9991,AQS
2006-06-10,187,Unknown,Conyers,13-247-0001,AQS
2006-06-11,147,Unknown,Gwinnett,13-135-0002,AQS
2006-06-12,71,Unknown,Dawsonville,13-085-0001,AQS
2006-06-13,39,Unknown,Gwinnett,13-135-0002,AQS
2006-06-14,140,Unknown,Conyers,13-247-0001,AQS
2006-06-15,195,Unknown,DOT STORAGE FACILITY,13-113-0001,AQS
2006-06-16,169,Unknown,Kennesaw,13-067-0003,AQS
2006-06-17,133,Unknown,Kennesaw,13-067-0003,AQS
2006-06-18,129,Unknown,Kennesaw,13-067-0003,AQS
2006-06-19,119,Unknown,Gwinnett,13-135-0002,AQS
2006-06-20,174,Unknown,Conyers,13-247-0001,AQS
2006-06-21,203,Unknown,Conyers,13-247-0001,AQS
2006-06-22,203,Unknown,Gwinnett,13-135-0002,AQS
2006-06-23,217,Unknown,South DeKalb,13-089-0002,AQS
2006-06-24,133,Unknown,United Avenue,13-121-0055,AQS
2006-06-25,38,Unknown,Georgia Station,13-231-9991,AQS
2006-06-26,47,Unknown,"Yorkville, King Farm",13-223-0003,AQS
2006-06-27,100,Unknown,McDonough,13-151-0002,AQS
2006-06-28,136,Unknown,Gwinnett,13-135-0002,AQS
2006-06-29,156,Unknown,Georgia Station,13-231-9991,AQS
2006-06-30,179,Unknown,Georgia Station,13-231-9991,AQS
2006-07-01,192,Unknown,DOT STORAGE FACILITY,13-113-0001,AQS
2006-07-02,174,Unknown,Douglasville,13-097-0004,AQS
2006-07-03,177,Unknown,Gwinnett,13-135-0002,AQS
2006-07-04,108,Unknown,Gwinnett,13-135-0002,AQS
2006-07-05,161,Unknown,Gwinnett,13-135-0002,AQS
2006-07-06,49,Unknown,"Yorkville, King Farm",13-223-0003,AQS
2006-07-07,101,Unknown,"Yorkville, King Farm",13-223-0003,AQS
2006-07-08,150,Unknown,Kennesaw,13-067-0003,AQS
2006-07-09,93,Unknown,Dawsonville,13-085-0001,AQS
2006-07-10,100,Unknown,Conyers,13-247-0001,AQS
2006-07-11,166,Unknown,Gwinnett,13-135-0002,AQS
2006-07-12,129,Unknown,Dawsonville,13-085-0001,AQS
2006-07-13,105,Unknown,Gwinnett,13-135-0002,AQS
2006-07-14,87,Unknown,Gwinnett,13-135-0002,AQS
2006-07-15,50,Unknown,Dawsonville,13-085-0001,AQS
2006-07-16,122,Unknown,South DeKalb,13-089-0002,AQS
2006-07-17,177,Unknown,Douglasville,13-097-0004,AQS
2006-07-18,201,Unknown,United Avenue,13-121-0055,AQS
2006-07-19,203,Unknown,Douglasville,13-097-0004,AQS
2006-07-20,203,Unknown,Kennesaw,13-067-0003,AQS
2006-07-21,206,Unknown,Gwinnett,13-135-0002,AQS
2006-07-22,140,Unknown,Gwinnett,13-135-0002,AQS
2006-07-23,71,Unknown,Gwinnett,13-135-0002,AQS
2006-07-24,74,Unknown,South DeKalb,13-089-0002,AQS
2006-07-25,87,Unknown,Gwinnett,13-135-0002,AQS
2006-07-26,50,Unknown,Gwinnett,13-135-0002,AQS
2006-07-27,108,Unknown,Gwinnett,13-135-0002,AQS
2006-07-28,64,Unknown,Gwinnett,13-135-0002,AQS
2006-07-29,45,Unknown,Tucker-Idlewood Road,13-089-3001,AQS
2006-07-30,67,Unknown,South DeKalb,13-089-0002,AQS
2006-07-31,126,Unknown,Conyers,13-247-0001,AQS
2006-08-01,151,Unknown,Conyers,13-247-0001,AQS
2006-08-02,129,Unknown,Conyers,13-247-0001,AQS
2006-08-03,87,Unknown,Tucker-Idlewood Road,13-089-3001,AQS
2006-08-04,147,Unknown,McDonough,13-151-0002,AQS
2006-08-05,147,Unknown,Douglasville,13-097-0004,AQS
2006-08-06,105,Unknown,Kennesaw,13-067-0003,AQS
2006-08-07,136,Unknown,South DeKalb,13-089-0002,AQS
2006-08-08,97,Unknown,Georgia Station,13-231-9991,AQS
2006-08-09,161,Unknown,United Avenue,13-121-0055,AQS
2006-08-10,122,Unknown,South DeKalb,13-089-0002,AQS
2006-08-11,112,Unknown,McDonough,13-151-0002,AQS
2006-08-12,47,Unknown,Georgia Station,13-231-9991,AQS
2006-08-13,49,Unknown,"Yorkville, King Farm",13-223-0003,AQS
2006-08-14,87,Unknown,Kennesaw,13-067-0003,AQS
2006-08-15,48,Unknown,Kennesaw,13-067-0003,AQS
2006-08-16,108,Unknown,Douglasville,13-097-0004,AQS
2006-08-17,126,Unknown,Kennesaw,13-067-0003,AQS
2006-08-18,174,Unknown,Douglasville,13-097-0004,AQS
2006-08-19,154,Unknown,Kennesaw,13-067-0003,AQS
2006-08-20,154,Unknown,McDonough,13-151-0002,AQS
2006-08-21,169,Unknown,South DeKalb,13-089-0002,AQS
2006-08-22,87,Unknown,McDonough,13-151-0002,AQS
2006-08-23,93,Unknown,Kennesaw,13-067-0003,AQS
2006-08-24,119,Unknown,"Yorkville, King Farm",13-223-0003,AQS
2006-08-25,100,Unknown,"Yorkville, King Farm",13-223-0003,AQS
2006-08-26,84,Unknown,Douglasville,13-097-0004,AQS
2006-08-27,61,Unknown,"Yorkville, King Farm",13-223-0003,AQS
2006-08-28,46,Unknown,Dawsonville,13-085-0001,AQS
2006-08-29,48,Unknown,Dawsonville,13-085-0001,AQS
2006-08-30,80,Unknown,United Avenue,13-121-0055,AQS
2006-08-31,46,Unknown,"Yorkville, King Farm",13-223-0003,AQS
2006-09-01,49,Unknown,Douglasville,13-097-0004,AQS
2006-09-02,64,Unknown,Kennesaw,13-067-0003,AQS
2006-09-03,51,Unknown,Douglasville,13-097-0004,AQS
2006-09-04,50,Unknown,Kennesaw,13-067-0003,AQS
2006-09-05,64,Unknown,Dawsonville,13-085-0001,AQS
2006-09-06,74,Unknown,Douglasville,13-097-0004,AQS
2006-09-07,61,Unknown,"Yorkville, King Farm",13-223-0003,AQS
2006-09-08,100,Unknown,"Yorkville, King Farm",13-223-0003,AQS
2006-09-09,87,Unknown,Kennesaw,13-067-0003,AQS
2006-09-10,84,Unknown,Georgia Station,13-231-9991,AQS
2006-09-11,97,Unknown,"Yorkville, King Farm",13-223-0003,AQS
2006-09-12,40,Unknown,Georgia Station,13-231-9991,AQS
2006-09-13,32,Unknown,Dawsonville,13-085-0001,AQS
2006-09-14,71,Unknown,Georgia Station,13-231-9991,AQS
2006-09-15,140,Unknown,Douglasville,13-097-0004,AQS
2006-09-16,133,Unknown,Douglasville,13-097-0004,AQS
2006-09-17,87,Unknown,Douglasville,13-097-0004,AQS
2006-09-18,41,Unknown,Dawsonville,13-085-0001,AQS
2006-09-19,44,Unknown,Douglasville,13-097-0004,AQS
2006-09-20,44,Unknown,Georgia Station,13-231-9991,AQS
2006-09-21,51,Unknown,Georgia Station,13-231-9991,AQS
2006-09-22,49,Unknown,Georgia Station,13-231-9991,AQS
2006-09-23,33,Unknown,McDonough,13-151-0002,AQS
2006-09-24,25,Unknown,"Yorkville, King Farm",13-223-0003,AQS
2006-09-25,42,Unknown,Georgia Station,13-231-9991,AQS
2006-09-26,64,Unknown,Georgia Station,13-231-9991,AQS
2006-09-27,64,Unknown,Georgia Station,13-231-9991,AQS
2006-09-28,77,Unknown,Douglasville,13-097-0004,AQS
2006-09-29,40,Unknown,Georgia Station,13-231-9991,AQS
2006-09-30,48,Unknown,Dawsonville,13-085-0001,AQS
2006-10-01,67,Unknown,Conyers,13-247-0001,AQS
2006-10-02,80,Unknown,"Yorkville, King Farm",13-223-0003,AQS
2006-10-03,80,Unknown,Dawsonville,13-085-0001,AQS
2006-10-04,84,Unknown,Dawsonville,13-085-0001,AQS
2006-10-05,101,Unknown,Conyers,13-247-0001,AQS
2006-10-06,40,Unknown,"Yorkville, King Farm",13-223-0003,AQS
2006-10-07,41,Unknown,Conyers,13-247-0001,AQS
2006-10-08,38,Unknown,Douglasville,13-097-0004,AQS
2006-10-09,47,Unknown,Georgia Station,13-231-9991,AQS
2006-10-10,64,Unknown,Georgia Station,13-231-9991,AQS
2006-10-11,48,Unknown,Georgia Station,13-231-9991,AQS
2006-10-12,41,Unknown,Georgia Station,13-231-9991,AQS
2006-10-13,35,Unknown,Douglasville,13-097-0004,AQS
2006-10-14,46,Unknown,Douglasville,13-097-0004,AQS
2006-10-15,54,Unknown,Georgia Station,13-231-9991,AQS
2006-10-16,37,Unknown,Georgia Station,13-231-9991,AQS
2006-10-17,34,Unknown,Georgia Station,13-231-9991,AQS
2006-10-18,32,Unknown,Georgia Station,13-231-9991,AQS
2006-10-19,37,Unknown,Georgia Station,13-231-9991,AQS
2006-10-20,25,Unknown,Georgia Station,13-231-9991,AQS
2006-10-21,42,Unknown,Georgia Station,13-231-9991,AQS
2006-10-22,36,Unknown,Douglasville,13-097-0004,AQS
2006-10-23,36,Unknown,Georgia Station,13-231-9991,AQS
2006-10-24,35,Unknown,Georgia Station,13-231-9991,AQS
2006-10-25,25,Unknown,"Yorkville, King Farm",13-223-0003,AQS
2006-10-26,36,Unknown,"Yorkville, King Farm",13-223-0003,AQS
2006-10-27,31,Unknown,"Yorkville, King Farm",13-223-0003,AQS
2006-10-28,36,Unknown,"Yorkville, King Farm",13-223-0003,AQS
2006-10-29,39,Unknown,Douglasville,13-097-0004,AQS
2006-10-30,43,Unknown,"Yorkville, King Farm",13-223-0003,AQS
2006-10-31,43,Unknown,Georgia Station,13-231-9991,AQS
2006-11-01,43,Unknown,Georgia Station,13-231-9991,AQS
2006-11-02,27,Unknown,Georgia Station,13-231-9991,AQS
2006-11-03,28,Unknown,Georgia Station,13-231-9991,AQS
2006-11-04,31,Unknown,Georgia Station,13-231-9991,AQS
2006-11-05,33,Unknown,Georgia Station,13-231-9991,AQS
2006-11-06,35,Unknown,Georgia Station,13-231-9991,AQS
2006-11-07,22,Unknown,Georgia Station,13-231-9991,AQS
2006-11-08,22,Unknown,Georgia Station,13-231-9991,AQS
2006-11-09,48,Unknown,Georgia Station,13-231-9991,AQS
2006-11-10,49,Unknown,Georgia Station,13-231-9991,AQS
2006-11-11,32,Unknown,Georgia Station,13-231-9991,AQS
2006-11-12,27,Unknown,Georgia Station,13-231-9991,AQS
2006-11-13,26,Unknown,Georgia Station,13-231-9991,AQS
2006-11-14,38,Unknown,Georgia Station,13-231-9991,AQS
2006-11-15,33,Unknown,Georgia Station,13-231-9991,AQS
2006-11-16,22,Unknown,Georgia Station,13-231-9991,AQS
2006-11-17,21,Unknown,Georgia Station,13-231-9991,AQS
2006-11-18,38,Unknown,Georgia Station,13-231-9991,AQS
2006-11-19,26,Unknown,Georgia Station,13-231-9991,AQS
2006-11-20,19,Unknown,Georgia Station,13-231-9991,AQS
2006-11-21,22,Unknown,Georgia Station,13-231-9991,AQS
2006-11-22,27,Unknown,Georgia Station,13-231-9991,AQS
2006-11-23,31,Unknown,Georgia Station,13-231-9991,AQS
2006-11-24,43,Unknown,Georgia Station,13-231-9991,AQS
2006-11-25,42,Unknown,Georgia Station,13-231-9991,AQS
2006-11-26,47,Unknown,Georgia Station,13-231-9991,AQS
2006-11-27,42,Unknown,Georgia Station,13-231-9991,AQS
2006-11-28,29,Unknown,Georgia Station,13-231-9991,AQS
2006-11-29,31,Unknown,Georgia Station,13-231-9991,AQS
2006-11-30,30,Unknown,Georgia Station,13-231-9991,AQS
2006-12-01,27,Unknown,Georgia Station,13-231-9991,AQS
2006-12-02,31,Unknown,Georgia Station,13-231-9991,AQS
2006-12-03,31,Unknown,Georgia Station,13-231-9991,AQS
2006-12-04,26,Unknown,Georgia Station,13-231-9991,AQS
2006-12-05,32,Unknown,Georgia Station,13-231-9991,AQS
2006-12-06,40,Unknown,Georgia Station,13-231-9991,AQS
2006-12-07,32,Unknown,Georgia Station,13-231-9991,AQS
2006-12-08,25,Unknown,Georgia Station,13-231-9991,AQS
2006-12-09,32,Unknown,Georgia Station,13-231-9991,AQS
2006-12-10,37,Unknown,Georgia Station,13-231-9991,AQS
2006-12-11,40,Unknown,Georgia Station,13-231-9991,AQS
2006-12-12,39,Unknown,Georgia Station,13-231-9991,AQS
2006-12-13,34,Unknown,Georgia Station,13-231-9991,AQS
2006-12-14,32,Unknown,Georgia Station,13-231-9991,AQS
2006-12-15,50,Unknown,Georgia Station,13-231-9991,AQS
2006-12-16,41,Unknown,Georgia Station,13-231-9991,AQS
2006-12-17,50,Unknown,Georgia Station,13-231-9991,AQS
2006-12-18,43,Unknown,Georgia Station,13-231-9991,AQS
2006-12-19,38,Unknown,Georgia Station,13-231-9991,AQS
2006-12-20,23,Unknown,Georgia Station,13-231-9991,AQS
2006-12-21,16,Unknown,Georgia Station,13-231-9991,AQS
2006-12-22,23,Unknown,Georgia Station,13-231-9991,AQS
2006-12-23,33,Unknown,Georgia Station,13-231-9991,AQS
2006-12-24,27,Unknown,Georgia Station,13-231-9991,AQS
2006-12-25,31,Unknown,Georgia Station,13-231-9991,AQS
2006-12-26,21,Unknown,Georgia Station,13-231-9991,AQS
2006-12-27,23,Unknown,Georgia Station,13-231-9991,AQS
2006-12-28,31,Unknown,Georgia Station,13-231-9991,AQS
2006-12-29,25,Unknown,Georgia Station,13-231-9991,AQS
2006-12-30,22,Unknown,Georgia Station,13-231-9991,AQS
2006-12-31,19,Unknown,Georgia Station,13-231-9991,AQS
2007-01-01,31,Unknown,Georgia Station,13-231-9991,AQS
2007-01-02,26,Unknown,Georgia Station,13-231-9991,AQS
2007-01-03,19,Unknown,Georgia Station,13-231-9991,AQS
2007-01-04,21,Unknown,Georgia Station,13-231-9991,AQS
2007-01-06,34,Unknown,Georgia Station,13-231-9991,AQS
2007-01-07,28,Unknown,Georgia Station,13-231-9991,AQS
2007-01-08,32,Unknown,Georgia Station,13-231-9991,AQS
2007-01-09,31,Unknown,Georgia Station,13-231-9991,AQS
2007-01-10,27,Unknown,Georgia Station,13-231-9991,AQS
2007-01-11,30,Unknown,Georgia Station,13-231-9991,AQS
2007-01-12,33,Unknown,Georgia Station,13-231-9991,AQS
2007-01-13,32,Unknown,Georgia Station,13-231-9991,AQS
2007-01-14,31,Unknown,Georgia Station,13-231-9991,AQS
2007-01-15,31,Unknown,Georgia Station,13-231-9991,AQS
2007-01-16,18,Unknown,Georgia Station,13-231-9991,AQS
2007-01-17,22,Unknown,Georgia Station,13-231-9991,AQS
2007-01-18,19,Unknown,Georgia Station,13-231-9991,AQS
2007-01-19,24,Unknown,Georgia Station,13-231-9991,AQS
2007-01-20,30,Unknown,Georgia Station,13-231-9991,AQS
2007-01-21,26,Unknown,Georgia Station,13-231-9991,AQS
2007-01-22,22,Unknown,Georgia Station,13-231-9991,AQS
2007-01-24,19,Unknown,Georgia Station,13-231-9991,AQS
2007-01-25,33,Unknown,Georgia Station,13-231-9991,AQS
2007-01-26,34,Unknown,Georgia Station,13-231-9991,AQS
2007-01-27,40,Unknown,Georgia Station,13-231-9991,AQS
2007-01-28,33,Unknown,Georgia Station,13-231-9991,AQS
2007-01-29,31,Unknown,Georgia Station,13-231-9991,AQS
2007-01-30,34,Unknown,Georgia Station,13-231-9991,AQS
2007-01-31,30,Unknown,Georgia Station,13-231-9991,AQS
2007-02-01,25,Unknown,Georgia Station,13-231-9991,AQS
2007-02-02,22,Unknown,Georgia Station,13-231-9991,AQS
2007-02-03,35,Unknown,Georgia Station,13-231-9991,AQS
2007-02-04,41,Unknown,Georgia Station,13-231-9991,AQS
2007-02-05,37,Unknown,Georgia Station,13-231-9991,AQS
2007-02-06,43,Unknown,Georgia Station,13-231-9991,AQS
2007-02-07,54,Unknown,Georgia Station,13-231-9991,AQS
2007-02-08,31,Unknown,Georgia Station,13-231-9991,AQS
2007-02-09,26,Unknown,Georgia Station,13-231-9991,AQS
2007-02-10,33,Unknown,Georgia Station,13-231-9991,AQS
2007-02-11,39,Unknown,Georgia Station,13-231-9991,AQS
2007-02-12,51,Unknown,Georgia Station,13-231-9991,AQS
2007-02-13,34,Unknown,Georgia Station,13-231-9991,AQS
2007-02-14,23,Unknown,Georgia Station,13-231-9991,AQS
2007-02-15,29,Unknown,Georgia Station,13-231-9991,AQS
2007-02-16,33,Unknown,Georgia Station,13-231-9991,AQS
2007-02-17,44,Unknown,Georgia Station,13-231-9991,AQS
2007-02-18,39,Unknown,Georgia Station,13-231-9991,AQS
2007-02-19,45,Unknown,Georgia Station,13-231-9991,AQS
2007-02-20,40,Unknown,Georgia Station,13-231-9991,AQS
2007-02-21,33,Unknown,Georgia Station,13-231-9991,AQS
2007-02-22,47,Unknown,Georgia Station,13-231-9991,AQS
2007-02-23,38,Unknown,Georgia Station,13-231-9991,AQS
2007-02-24,54,Unknown,Georgia Station,13-231-9991,AQS
2007-02-25,44,Unknown,Georgia Station,13-231-9991,AQS
2007-02-26,49,Unknown,Georgia Station,13-231-9991,AQS
2007-02-27,50,Unknown,Georgia Station,13-231-9991,AQS
2007-02-28,77,Unknown,Georgia Station,13-231-9991,AQS
2007-03-01,51,Unknown,Georgia Station,13-231-9991,AQS
2007-03-02,42,Unknown,Georgia Station,13-231-9991,AQS
2007-03-03,47,Unknown,Georgia Station,13-231-9991,AQS
2007-03-04,42,Unknown,Georgia Station,13-231-9991,AQS
2007-03-05,42,Unknown,Douglasville,13-097-0004,AQS
2007-03-06,50,Unknown,"Yorkville, King Farm",13-223-0003,AQS
2007-03-07,87,Unknown,"Yorkville, King Farm",13-223-0003,AQS
2007-03-08,133,Unknown,Dawsonville,13-085-0001,AQS
2007-03-09,51,Unknown,Dawsonville,13-085-0001,AQS
2007-03-10,77,Unknown,Dawsonville,13-085-0001,AQS
2007-03-11,93,Unknown,Georgia Station,13-231-9991,AQS
2007-03-12,108,Unknown,Georgia Station,13-231-9991,AQS
2007-03-13,80,Unknown,Georgia Station,13-231-9991,AQS
2007-03-14,77,Unknown,Georgia Station,13-231-9991,AQS
2007-03-15,50,Unknown,Georgia Station,13-231-9991,AQS
2007-03-16,31,Unknown,Georgia Station,13-231-9991,AQS
2007-03-17,41,Unknown,Georgia Station,13-231-9991,AQS
2007-03-18,44,Unknown,Dawsonville,13-085-0001,AQS
2007-03-19,80,Unknown,Georgia Station,13-231-9991,AQS
2007-03-20,84,Unknown,Georgia Station,13-231-9991,AQS
2007-03-21,84,Unknown,Dawsonville,13-085-0001,AQS
2007-03-22,49,Unknown,Dawsonville,13-085-0001,AQS
2007-03-23,80,Unknown,Dawsonville,13-085-0001,AQS
2007-03-24,101,Unknown,South DeKalb,13-089-0002,AQS
2007-03-25,115,Unknown,Georgia Station,13-231-9991,AQS
2007-03-26,77,Unknown,Dawsonville,13-085-0001,AQS
2007-03-27,61,Unknown,Dawsonville,13-085-0001,AQS
2007-03-28,61,Unknown,Dawsonville,13-085-0001,AQS
2007-03-29,74,Unknown,"Yorkville, King Farm",13-223-0003,AQS
2007-03-30,44,Unknown,Georgia Station,13-231-9991,AQS
2007-03-31,45,Unknown,Dawsonville,13-085-0001,AQS
2007-04-01,38,Unknown,Georgia Station,13-231-9991,AQS
2007-04-02,40,Unknown,Dawsonville,13-085-0001,AQS
2007-04-03,44,Unknown,Dawsonville,13-085-0001,AQS
2007-04-04,45,Unknown,Georgia Station,13-231-9991,AQS
2007-04-05,41,Unknown,Georgia Station,13-231-9991,AQS
2007-04-06,46,Unknown,Georgia Station,13-231-9991,AQS
2007-04-07,45,Unknown,Georgia Station,13-231-9991,AQS
2007-04-08,49,Unknown,Georgia Station,13-231-9991,AQS
2007-04-09,49,Unknown,Georgia Station,13-231-9991,AQS
2007-04-10,77,Unknown,Georgia Station,13-231-9991,AQS
2007-04-11,44,Unknown,"Yorkville, King Farm",13-223-0003,AQS
2007-04-12,50,Unknown,Georgia Station,13-231-9991,AQS
2007-04-13,67,Unknown,Georgia Station,13-231-9991,AQS
2007-04-14,48,Unknown,Dawsonville,13-085-0001,AQS
2007-04-15,43,Unknown,Dawsonville,13-085-0001,AQS
2007-04-16,67,Unknown,Gwinnett,13-135-0002,AQS
2007-04-17,84,Unknown,Douglasville,13-097-0004,AQS
2007-04-18,90,Unknown,Dawsonville,13-085-0001,AQS
2007-04-19,108,Unknown,Georgia Station,13-231-9991,AQS
2007-04-20,71,Unknown,"Yorkville, King Farm",13-223-0003,AQS
2007-04-21,93,Unknown,"Yorkville, King Farm",13-223-0003,AQS
2007-04-22,100,Unknown,Dawsonville,13-085-0001,AQS
2007-04-23,97,Unknown,Dawsonville,13-085-0001,AQS
2007-04-24,71,Unknown,Gwinnett,13-135-0002,AQS
2007-04-25,58,Unknown,Dawsonville,13-085-0001,AQS
2007-04-26,36,Unknown,Georgia Station,13-231-9991,AQS
2007-04-27,64,Unknown,Newnan,13-077-0002,AQS
2007-04-28,64,Unknown,Georgia Station,13-231-9991,AQS
2007-04-29,87,Unknown,McDonough,13-151-0002,AQS
2007-04-30,133,Unknown,United Avenue,13-121-0055,AQS
2007-05-01,164,Unknown,Gwinnett,13-135-0002,AQS
2007-05-02,126,Unknown,Gwinnett,13-135-0002,AQS
2007-05-03,100,Unknown,Gwinnett,13-135-0002,AQS
2007-05-04,44,Unknown,"Yorkville, King Farm",13-223-0003,AQS
2007-05-05,32,Unknown,Newnan,13-077-0002,AQS
2007-05-06,50,Unknown,United Avenue,13-121-0055,AQS
2007-05-07,71,Unknown,Georgia Station,13-231-9991,AQS
2007-05-08,93,Unknown,"Yorkville, King Farm",13-223-0003,AQS
2007-05-09,80,Unknown,"Yorkville, King Farm",13-223-0003,AQS
2007-05-10,108,Unknown,Douglasville,13-097-0004,AQS
2007-05-11,108,Unknown,United Avenue,13-121-0055,AQS
2007-05-12,77,Unknown,McDonough,13-151-0002,AQS
2007-05-13,122,Unknown,Newnan,13-077-0002,AQS
2007-05-14,90,Unknown,Georgia Station,13-231-9991,AQS
2007-05-15,101,Unknown,Dawsonville,13-085-0001,AQS
2007-05-16,47,Unknown,McDonough,13-151-0002,AQS
2007-05-17,77,Unknown,McDonough,13-151-0002,AQS
2007-05-18,87,Unknown,Conyers,13-247-0001,AQS
2007-05-19,101,Unknown,United Avenue,13-121-0055,AQS
2007-05-20,119,Unknown,McDonough,13-151-0002,AQS
2007-05-21,174,Unknown,United Avenue,13-121-0055,AQS
2007-05-22,154,Unknown,"Yorkville, King Farm",13-223-0003,AQS
2007-05-23,105,Unknown,"Yorkville, King Farm",13-223-0003,AQS
2007-05-24,80,Unknown,"Yorkville, King Farm",13-223-0003,AQS
2007-05-25,108,Unknown,"Yorkville, King Farm",13-223-0003,AQS
2007-05-26,140,Unknown,Kennesaw,13-067-0003,AQS
2007-05-27,97,Unknown,Kennesaw,13-067-0003,AQS
2007-05-28,64,Unknown,"Yorkville, King Farm",13-223-0003,AQS
2007-05-29,80,Unknown,"Yorkville, King Farm",13-223-0003,AQS
2007-05-30,90,Unknown,"Yorkville, King Farm",13-223-0003,AQS
2007-05-31,115,Unknown,Kennesaw,13-067-0003,AQS
2007-06-01,115,Unknown,Kennesaw,13-067-0003,AQS
2007-06-02,44,Unknown,Newnan,13-077-0002,AQS
2007-06-03,93,Unknown,Conyers,13-247-0001,AQS
2007-06-04,100,Unknown,Conyers,13-247-0001,AQS
2007-06-05,74,Unknown,Douglasville,13-097-0004,AQS
2007-06-06,151,Unknown,Gwinnett,13-135-0002,AQS
2007-06-07,48,Unknown,Dawsonville,13-085-0001,AQS
2007-06-08,29,Unknown,Dawsonville,13-085-0001,AQS
2007-06-09,84,Unknown,McDonough,13-151-0002,AQS
2007-06-10,151,Unknown,Newnan,13-077-0002,AQS
2007-06-11,112,Unknown,Douglasville,13-097-0004,AQS
2007-06-12,108,Unknown,"Yorkville, King Farm",13-223-0003,AQS
2007-06-13,151,Unknown,Douglasville,13-097-0004,AQS
2007-06-14,105,Unknown,Kennesaw,13-067-0003,AQS
2007-06-15,84,Unknown,Kennesaw,13-067-0003,AQS
2007-06-16,133,Unknown,Gwinnett,13-135-0002,AQS
2007-06-17,140,Unknown,Gwinnett,13-135-0002,AQS
2007-06-18,147,Unknown,Gwinnett,13-135-0002,AQS
2007-06-19,28,Unknown,Dawsonville,13-085-0001,AQS
2007-06-20,87,Unknown,Georgia Station,13-231-9991,AQS
2007-06-21,177,Unknown,Douglasville,13-097-0004,AQS
2007-06-22,207,Unknown,Conyers,13-247-0001,AQS
2007-06-23,197,Unknown,Conyers,13-247-0001,AQS
2007-06-24,159,Unknown,Gwinnett,13-135-0002,AQS
2007-06-25,87,Unknown,Douglasville,13-097-0004,AQS
2007-06-26,101,Unknown,Kennesaw,13-067-0003,AQS
2007-06-27,80,Unknown,Kennesaw,13-067-0003,AQS
2007-06-28,90,Unknown,Dawsonville,13-085-0001,AQS
2007-06-29,119,Unknown,Kennesaw,13-067-0003,AQS
2007-06-30,151,Unknown,McDonough,13-151-0002,AQS
2007-07-01,108,Unknown,DOT STORAGE FACILITY,13-113-0001,AQS
2007-07-02,80,Unknown,Douglasville,13-097-0004,AQS
2007-07-03,54,Unknown,"Yorkville, King Farm",13-223-0003,AQS
2007-07-04,90,Unknown,Kennesaw,13-067-0003,AQS
2007-07-05,190,Unknown,United Avenue,13-121-0055,AQS
2007-07-06,90,Unknown,Conyers,13-247-0001,AQS
2007-07-07,47,Unknown,Gwinnett,13-135-0002,AQS
2007-07-08,35,Unknown,Douglasville,13-097-0004,AQS
2007-07-09,67,Unknown,Gwinnett,13-135-0002,AQS
2007-07-10,36,Unknown,Conyers,13-247-0001,AQS
2007-07-11,39,Unknown,Newnan,13-077-0002,AQS
2007-07-12,133,Unknown,Conyers,13-247-0001,AQS
2007-07-13,126,Unknown,Conyers,13-247-0001,AQS
2007-07-14,77,Unknown,Kennesaw,13-067-0003,AQS
2007-07-15,34,Unknown,McDonough,13-151-0002,AQS
2007-07-16,80,Unknown,Gwinnett,13-135-0002,AQS
2007-07-17,43,Unknown,Gwinnett,13-135-0002,AQS
2007-07-18,49,Unknown,Conyers,13-247-0001,AQS
2007-07-19,43,Unknown,Gwinnett,13-135-0002,AQS
2007-07-20,38,Unknown,McDonough,13-151-0002,AQS
2007-07-21,133,Unknown,DOT STORAGE FACILITY,13-113-0001,AQS
2007-07-22,49,Unknown,Douglasville,13-097-0004,AQS
2007-07-23,71,Unknown,DOT STORAGE FACILITY,13-113-0001,AQS
2007-07-24,115,Unknown,Kennesaw,13-067-0003,AQS
2007-07-25,90,Unknown,Kennesaw,13-067-0003,AQS
2007-07-26,105,Unknown,United Avenue,13-121-0055,AQS
2007-07-27,97,Unknown,Conyers,13-247-0001,AQS
2007-07-28,50,Unknown,Douglasville,13-097-0004,AQS
2007-07-29,45,Unknown,United Avenue,13-121-0055,AQS
2007-07-30,112,Unknown,South DeKalb,13-089-0002,AQS
2007-07-31,119,Unknown,Douglasville,13-097-0004,AQS
2007-08-01,105,Unknown,Kennesaw,13-067-0003,AQS
2007-08-02,147,Unknown,"Yorkville, King Farm",13-223-0003,AQS
2007-08-03,140,Unknown,Douglasville,13-097-0004,AQS
2007-08-04,201,Unknown,McDonough,13-151-0002,AQS
2007-08-05,122,Unknown,DOT STORAGE FACILITY,13-113-0001,AQS
2007-08-06,147,Unknown,McDonough,13-151-0002,AQS
2007-08-07,192,Unknown,McDonough,13-151-0002,AQS
2007-08-08,150,Unknown,South DeKalb,13-089-0002,AQS
2007-08-09,133,Unknown,McDonough,13-151-0002,AQS
2007-08-10,161,Unknown,Conyers,13-247-0001,AQS
2007-08-11,169,Unknown,South DeKalb,13-089-0002,AQS
2007-08-12,93,Unknown,Douglasville,13-097-0004,AQS
2007-08-13,200,Unknown,McDonough,13-151-0002,AQS
2007-08-14,201,Unknown,Newnan,13-077-0002,AQS
2007-08-15,220,Unknown,South DeKalb,13-089-0002,AQS
2007-08-16,192,Unknown,South DeKalb,13-089-0002,AQS
2007-08-17,182,Unknown,McDonough,13-151-0002,AQS
2007-08-18,154,Unknown,"Yorkville, King Farm",13-223-0003,AQS
2007-08-19,115,Unknown,Kennesaw,13-067-0003,AQS
2007-08-20,71,Unknown,Gwinnett,13-135-0002,AQS
2007-08-21,71,Unknown,DOT STORAGE FACILITY,13-113-0001,AQS
2007-08-22,164,Unknown,McDonough,13-151-0002,AQS
2007-08-23,159,Unknown,Kennesaw,13-067-0003,AQS
2007-08-24,161,Unknown,Kennesaw,13-067-0003,AQS
2007-08-25,151,Unknown,South DeKalb,13-089-0002,AQS
2007-08-26,84,Unknown,DOT STORAGE FACILITY,13-113-0001,AQS
2007-08-27,147,Unknown,"Yorkville, King Farm",13-223-0003,AQS
2007-08-28,64,Unknown,"Yorkville, King Farm",13-223-0003,AQS
2007-08-29,40,Unknown,Douglasville,13-097-0004,AQS
2007-08-30,51,Unknown,McDonough,13-151-0002,AQS
2007-08-31,93,Unknown,Douglasville,13-097-0004,AQS
2007-09-01,84,Unknown,Kennesaw,13-067-0003,AQS
2007-09-02,61,Unknown,Kennesaw,13-067-0003,AQS
2007-09-03,115,Unknown,Douglasville,13-097-0004,AQS
2007-09-04,154,Unknown,Newnan,13-077-0002,AQS
2007-09-05,150,Unknown,Kennesaw,13-067-0003,AQS
2007-09-06,43,Unknown,"Yorkville, King Farm",13-223-0003,AQS
2007-09-07,61,Unknown,Kennesaw,13-067-0003,AQS
2007-09-08,108,Unknown,Kennesaw,13-067-0003,AQS
2007-09-09,119,Unknown,South DeKalb,13-089-0002,AQS
2007-09-10,147,Unknown,Gwinnett,13-135-0002,AQS
2007-09-11,46,Unknown,Dawsonville,13-085-0001,AQS
2007-09-12,51,Unknown,Kennesaw,13-067-0003,AQS
2007-09-13,46,Unknown,Dawsonville,13-085-0001,AQS
2007-09-14,27,Unknown,"Yorkville, King Farm",13-223-0003,AQS
2007-09-15,67,Unknown,McDonough,13-151-0002,AQS
2007-09-16,50,Unknown,Kennesaw,13-067-0003,AQS
2007-09-17,74,Unknown,Kennesaw,13-067-0003,AQS
2007-09-18,77,Unknown,Douglasville,13-097-0004,AQS
2007-09-19,90,Unknown,Newnan,13-077-0002,AQS
2007-09-20,38,Unknown,Douglasville,13-097-0004,AQS
2007-09-21,28,Unknown,Dawsonville,13-085-0001,AQS
2007-09-22,43,Unknown,"Yorkville, King Farm",13-223-0003,AQS
2007-09-23,42,Unknown,Kennesaw,13-067-0003,AQS
2007-09-24,58,Unknown,"Yorkville, King Farm",13-223-0003,AQS
2007-09-25,90,Unknown,"Yorkville, King Farm",13-223-0003,AQS
2007-09-26,100,Unknown,Kennesaw,13-067-0003,AQS
2007-09-27,44,Unknown,Gwinnett,13-135-0002,AQS
2007-09-28,80,Unknown,Georgia Station,13-231-9991,AQS
2007-09-29,93,Unknown,Douglasville,13-097-0004,AQS
2007-09-30,71,Unknown,"Yorkville, King Farm",13-223-0003,AQS
2007-10-01,80,Unknown,"Yorkville, King Farm",13-223-0003,AQS
2007-10-02,67,Unknown,"Yorkville, King Farm",13-223-0003,AQS
2007-10-03,33,Unknown,Gwinnett,13-135-0002,AQS
2007-10-04,25,Unknown,Dawsonville,13-085-0001,AQS
2007-10-05,26,Unknown,Gwinnett,13-135-0002,AQS
2007-10-06,36,Unknown,"Yorkville, King Farm",13-223-0003,AQS
2007-10-07,43,Unknown,Douglasville,13-097-0004,AQS
2007-10-08,41,Unknown,"Yorkville, King Farm",13-223-0003,AQS
2007-10-09,32,Unknown,"Yorkville, King Farm",13-223-0003,AQS
2007-10-10,47,Unknown,Georgia Station,13-231-9991,AQS
2007-10-11,31,Unknown,Newnan,13-077-0002,AQS
2007-10-12,41,Unknown,Douglasville,13-097-0004,AQS
2007-10-13,67,Unknown,Georgia Station,13-231-9991,AQS
2007-10-14,115,Unknown,"Yorkville, King Farm",13-223-0003,AQS
2007-10-15,87,Unknown,"Yorkville, King Farm",13-223-0003,AQS
2007-10-16,38,Unknown,Dawsonville,13-085-0001,AQS
2007-10-17,43,Unknown,"Yorkville, King Farm",13-223-0003,AQS
2007-10-18,23,Unknown,"Yorkville, King Farm",13-223-0003,AQS
2007-10-19,50,Unknown,"Yorkville, King Farm",13-223-0003,AQS
2007-10-20,46,Unknown,"Yorkville, King Farm",13-223-0003,AQS
2007-10-21,61,Unknown,"Yorkville, King Farm",13-223-0003,AQS
2007-10-22,33,Unknown,"Yorkville, King Farm",13-223-0003,AQS
2007-10-23,28,Unknown,"Yorkville, King Farm",13-223-0003,AQS
2007-10-24,26,Unknown,Conyers,13-247-0001,AQS
2007-10-25,31,Unknown,Dawsonville,13-085-0001,AQS
2007-10-26,36,Unknown,"Yorkville, King Farm",13-223-0003,AQS
2007-10-27,36,Unknown,Georgia Station,13-231-9991,AQS
2007-10-28,44,Unknown,Newnan,13-077-0002,AQS
2007-10-29,39,Unknown,Georgia Station,13-231-9991,AQS
2007-10-30,39,Unknown,Dawsonville,13-085-0001,AQS
2007-10-31,41,Unknown,Georgia Station,13-231-9991,AQS
2007-11-01,47,Unknown,Georgia Station,13-231-9991,AQS
2007-11-02,40,Unknown,Georgia Station,13-231-9991,AQS
2007-11-03,46,Unknown,Georgia Station,13-231-9991,AQS
2007-11-04,48,Unknown,Georgia Station,13-231-9991,AQS
2007-11-05,54,Unknown,Georgia Station,13-231-9991,AQS
2007-11-06,44,Unknown,Georgia Station,13-231-9991,AQS
2007-11-07,26,Unknown,Georgia Station,13-231-9991,AQS
2007-11-08,38,Unknown,Georgia Station,13-231-9991,AQS
2007-11-09,51,Unknown,Georgia Station,13-231-9991,AQS
2007-11-10,37,Unknown,Georgia Station,13-231-9991,AQS
2007-11-11,45,Unknown,Georgia Station,13-231-9991,AQS
2007-11-12,45,Unknown,Georgia Station,13-231-9991,AQS
2007-11-13,47,Unknown,Georgia Station,13-231-9991,AQS
2007-11-14,44,Unknown,Georgia Station,13-231-9991,AQS
2007-11-15,31,Unknown,Georgia Station,13-231-9991,AQS
2007-11-16,26,Unknown,Georgia Station,13-231-9991,AQS
2007-11-17,44,Unknown,Georgia Station,13-231-9991,AQS
2007-11-18,38,Unknown,Georgia Station,13-231-9991,AQS
2007-11-19,42,Unknown,Georgia Station,13-231-9991,AQS
2007-11-20,47,Unknown,Georgia Station,13-231-9991,AQS
2007-11-21,41,Unknown,Georgia Station,13-231-9991,AQS
2007-11-22,28,Unknown,Georgia Station,13-231-9991,AQS
2007-11-23,24,Unknown,Georgia Station,13-231-9991,AQS
2007-11-24,27,Unknown,Georgia Station,13-231-9991,AQS
2007-11-25,26,Unknown,Georgia Station,13-231-9991,AQS
2007-11-26,22,Unknown,Georgia Station,13-231-9991,AQS
2007-11-27,27,Unknown,Georgia Station,13-231-9991,AQS
2007-11-28,36,Unknown,Georgia Station,13-231-9991,AQS
2007-11-29,41,Unknown,Georgia Station,13-231-9991,AQS
2007-11-30,31,Unknown,Georgia Station,13-231-9991,AQS
2007-12-01,44,Unknown,Georgia Station,13-231-9991,AQS
2007-12-02,36,Unknown,Georgia Station,13-231-9991,AQS
2007-12-03,31,Unknown,Georgia Station,13-231-9991,AQS
2007-12-04,35,Unknown,Georgia Station,13-231-9991,AQS
2007-12-05,44,Unknown,Georgia Station,13-231-9991,AQS
2007-12-06,17,Unknown,Georgia Station,13-231-9991,AQS
2007-12-07,38,Unknown,Georgia Station,13-231-9991,AQS
2007-12-08,30,Unknown,Georgia Station,13-231-9991,AQS
2007-12-09,36,Unknown,Georgia Station,13-231-9991,AQS
2007-12-10,34,Unknown,Georgia Station,13-231-9991,AQS
2007-12-11,34,Unknown,Georgia Station,13-231-9991,AQS
2007-12-12,31,Unknown,Georgia Station,13-231-9991,AQS
2007-12-13,31,Unknown,Georgia Station,13-231-9991,AQS
2007-12-14,21,Unknown,Georgia Station,13-231-9991,AQS
2007-12-15,20,Unknown,Georgia Station,13-231-9991,AQS
2007-12-16,21,Unknown,Georgia Station,13-231-9991,AQS
2007-12-17,33,Unknown,Georgia Station,13-231-9991,AQS
2007-12-18,31,Unknown,Georgia Station,13-231-9991,AQS
2007-12-19,34,Unknown,Georgia Station,13-231-9991,AQS
2007-12-20,19,Unknown,Georgia Station,13-231-9991,AQS
2007-12-21,23,Unknown,Georgia Station,13-231-9991,AQS
2007-12-22,20,Unknown,Georgia Station,13-231-9991,AQS
2007-12-23,25,Unknown,Georgia Station,13-231-9991,AQS
2007-12-24,31,Unknown,Georgia Station,13-231-9991,AQS
2007-12-25,19,Unknown,Georgia Station,13-231-9991,AQS
2007-12-26,36,Unknown,Georgia Station,13-231-9991,AQS
2007-12-27,20,Unknown,Georgia Station,13-231-9991,AQS
2007-12-28,31,Unknown,Georgia Station,13-231-9991,AQS
2007-12-29,20,Unknown,Georgia Station,13-231-9991,AQS
2007-12-30,24,Unknown,Georgia Station,13-231-9991,AQS
2007-12-31,35,Unknown,Georgia Station,13-231-9991,AQS
2008-01-01,35,Unknown,Georgia Station,13-231-9991,AQS
2008-01-02,30,Unknown,Georgia Station,13-231-9991,AQS
2008-01-03,29,Unknown,Georgia Station,13-231-9991,AQS
2008-01-04,34,Unknown,Georgia Station,13-231-9991,AQS
2008-01-05,36,Unknown,Georgia Station,13-231-9991,AQS
2008-01-06,35,Unknown,Georgia Station,13-231-9991,AQS
2008-01-07,38,Unknown,Georgia Station,13-231-9991,AQS
2008-01-08,33,Unknown,Georgia Station,13-231-9991,AQS
2008-01-09,25,Unknown,Georgia Station,13-231-9991,AQS
2008-01-10,32,Unknown,Georgia Station,13-231-9991,AQS
2008-01-11,30,Unknown,Georgia Station,13-231-9991,AQS
2008-01-12,31,Unknown,Georgia Station,13-231-9991,AQS
2008-01-13,37,Unknown,Georgia Station,13-231-9991,AQS
2008-01-14,33,Unknown,Georgia Station,13-231-9991,AQS
2008-01-15,35,Unknown,Georgia Station,13-231-9991,AQS
2008-01-16,27,Unknown,Georgia Station,13-231-9991,AQS
2008-01-17,27,Unknown,Georgia Station,13-231-9991,AQS
2008-01-18,30,Unknown,Georgia Station,13-231-9991,AQS
2008-01-19,22,Unknown,Georgia Station,13-231-9991,AQS
2008-01-21,31,Unknown,Georgia Station,13-231-9991,AQS
2008-01-22,23,Unknown,Georgia Station,13-231-9991,AQS
2008-01-23,31,Unknown,Georgia Station,13-231-9991,AQS
2008-01-24,29,Unknown,Georgia Station,13-231-9991,AQS
2008-01-25,33,Unknown,Georgia Station,13-231-9991,AQS
2008-01-26,30,Unknown,Georgia Station,13-231-9991,AQS
2008-01-27,39,Unknown,Georgia Station,13-231-9991,AQS
2008-01-28,42,Unknown,Georgia Station,13-231-9991,AQS
2008-01-29,44,Unknown,Georgia Station,13-231-9991,AQS
2008-01-30,32,Unknown,Georgia Station,13-231-9991,AQS
2008-01-31,30,Unknown,Georgia Station,13-231-9991,AQS
2008-02-01,30,Unknown,Georgia Station,13-231-9991,AQS
2008-02-02,39,Unknown,Georgia Station,13-231-9991,AQS
2008-02-03,46,Unknown,Georgia Station,13-231-9991,AQS
2008-02-04,32,Unknown,Georgia Station,13-231-9991,AQS
2008-02-05,25,Unknown,Georgia Station,13-231-9991,AQS
2008-02-06,38,Unknown,Georgia Station,13-231-9991,AQS
2008-02-07,38,Unknown,Georgia Station,13-231-9991,AQS
2008-02-08,54,Unknown,Georgia Station,13-231-9991,AQS
2008-02-09,48,Unknown,Georgia Station,13-231-9991,AQS
2008-02-10,45,Unknown,Georgia Station,13-231-9991,AQS
2008-02-11,50,Unknown,Georgia Station,13-231-9991,AQS
2008-02-12,44,Unknown,Georgia Station,13-231-9991,AQS
2008-02-13,31,Unknown,Georgia Station,13-231-9991,AQS
2008-02-14,31,Unknown,Georgia Station,13-231-9991,AQS
2008-02-15,43,Unknown,Georgia Station,13-231-9991,AQS
2008-02-16,64,Unknown,Georgia Station,13-231-9991,AQS
2008-02-17,49,Unknown,Georgia Station,13-231-9991,AQS
2008-02-18,37,Unknown,Georgia Station,13-231-9991,AQS
2008-02-19,44,Unknown,Georgia Station,13-231-9991,AQS
2008-02-20,64,Unknown,Georgia Station,13-231-9991,AQS
2008-02-21,43,Unknown,Georgia Station,13-231-9991,AQS
2008-02-22,31,Unknown,Georgia Station,13-231-9991,AQS
2008-02-23,24,Unknown,Georgia Station,13-231-9991,AQS
2008-02-24,35,Unknown,Georgia Station,13-231-9991,AQS
2008-02-25,50,Unknown,Georgia Station,13-231-9991,AQS
2008-02-26,35,Unknown,Georgia Station,13-231-9991,AQS
2008-02-27,37,Unknown,Georgia Station,13-231-9991,AQS
2008-02-28,43,Unknown,Georgia Station,13-231-9991,AQS
2008-02-29,58,Unknown,Georgia Station,13-231-9991,AQS
2008-03-01,45,Unknown,Georgia Station,13-231-9991,AQS
2008-03-02,67,Unknown,Georgia Station,13-231-9991,AQS
2008-03-03,50,Unknown,Dawsonville,13-085-0001,AQS
2008-03-04,31,Unknown,Dawsonville,13-085-0001,AQS
2008-03-05,36,Unknown,Douglasville,13-097-0004,AQS
2008-03-06,45,Unknown,Conyers,13-247-0001,AQS
2008-03-07,35,Unknown,Dawsonville,13-085-0001,AQS
2008-03-08,42,Unknown,Georgia Station,13-231-9991,AQS
2008-03-09,47,Unknown,"Yorkville, King Farm",13-223-0003,AQS
2008-03-10,67,Unknown,Georgia Station,13-231-9991,AQS
2008-03-11,45,Unknown,Dawsonville,13-085-0001,AQS
2008-03-12,77,Unknown,Dawsonville,13-085-0001,AQS
2008-03-13,100,Unknown,Georgia Station,13-231-9991,AQS
2008-03-14,49,Unknown,"Yorkville, King Farm",13-223-0003,AQS
2008-03-15,45,Unknown,"Yorkville, King Farm",13-223-0003,AQS
2008-03-16,58,Unknown,Georgia Station,13-231-9991,AQS
2008-03-17,58,Unknown,Georgia Station,13-231-9991,AQS
2008-03-18,50,Unknown,Georgia Station,13-231-9991,AQS
2008-03-19,40,Unknown,"Yorkville, King Farm",13-223-0003,AQS
2008-03-20,46,Unknown,Dawsonville,13-085-0001,AQS
2008-03-21,80,Unknown,Georgia Station,13-231-9991,AQS
2008-03-22,93,Unknown,Georgia Station,13-231-9991,AQS
2008-03-23,46,Unknown,Georgia Station,13-231-9991,AQS
2008-03-24,44,Unknown,Conyers,13-247-0001,AQS
2008-03-25,74,Unknown,Georgia Station,13-231-9991,AQS
2008-03-26,101,Unknown,Dawsonville,13-085-0001,AQS
2008-03-27,71,Unknown,Dawsonville,13-085-0001,AQS
2008-03-28,36,Unknown,Georgia Station,13-231-9991,AQS
2008-03-29,37,Unknown,Georgia Station,13-231-9991,AQS
2008-03-30,37,Unknown,Dawsonville,13-085-0001,AQS
2008-03-31,31,Unknown,Dawsonville,13-085-0001,AQS
2008-04-01,36,Unknown,Dawsonville,13-085-0001,AQS
2008-04-02,46,Unknown,Georgia Station,13-231-9991,AQS
2008-04-03,38,Unknown,Dawsonville,13-085-0001,AQS
2008-04-04,27,Unknown,"Yorkville, King Farm",13-223-0003,AQS
2008-04-05,32,Unknown,Georgia Station,13-231-9991,AQS
2008-04-06,33,Unknown,Georgia Station,13-231-9991,AQS
2008-04-07,36,Unknown,Dawsonville,13-085-0001,AQS
2008-04-08,45,Unknown,"Yorkville, King Farm",13-223-0003,AQS
2008-04-09,67,Unknown,Dawsonville,13-085-0001,AQS
2008-04-10,67,Unknown,Dawsonville,13-085-0001,AQS
2008-04-11,46,Unknown,Dawsonville,13-085-0001,AQS
2008-04-12,50,Unknown,Dawsonville,13-085-0001,AQS
2008-04-13,49,Unknown,Georgia Station,13-231-9991,AQS
2008-04-14,33,Unknown,Dawsonville,13-085-0001,AQS
2008-04-15,48,Unknown,Dawsonville,13-085-0001,AQS
2008-04-16,87,Unknown,McDonough,13-151-0002,AQS
2008-04-17,133,Unknown,Dawsonville,13-085-0001,AQS
2008-04-18,105,Unknown,Dawsonville,13-085-0001,AQS
2008-04-19,61,Unknown,Georgia Station,13-231-9991,AQS
2008-04-20,71,Unknown,Conyers,13-247-0001,AQS
2008-04-21,97,Unknown,Georgia Station,13-231-9991,AQS
2008-04-22,108,Unknown,Douglasville,13-097-0004,AQS
2008-04-23,84,Unknown,"Yorkville, King Farm",13-223-0003,AQS
2008-04-24,49,Unknown,"Yorkville, King Farm",13-223-0003,AQS
2008-04-25,47,Unknown,Dawsonville,13-085-0001,AQS
2008-04-26,48,Unknown,Dawsonville,13-085-0001,AQS
2008-04-27,30,Unknown,Dawsonville,13-085-0001,AQS
2008-04-28,51,Unknown,Dawsonville,13-085-0001,AQS
2008-04-29,74,Unknown,Georgia Station,13-231-9991,AQS
2008-04-30,100,Unknown,Georgia Station,13-231-9991,AQS
2008-05-01,115,Unknown,Dawsonville,13-085-0001,AQS
2008-05-02,97,Unknown,Dawsonville,13-085-0001,AQS
2008-05-03,42,Unknown,"Yorkville, King Farm",13-223-0003,AQS
2008-05-04,80,Unknown,Gwinnett,13-135-0002,AQS
2008-05-05,105,Unknown,Conyers,13-247-0001,AQS
2008-05-06,133,Unknown,United Avenue,13-121-0055,AQS
2008-05-07,97,Unknown,Dawsonville,13-085-0001,AQS
2008-05-08,80,Unknown,Dawsonville,13-085-0001,AQS
2008-05-09,51,Unknown,"Yorkville, King Farm",13-223-0003,AQS
2008-05-10,77,Unknown,Conyers,13-247-0001,AQS
2008-05-11,47,Unknown,McDonough,13-151-0002,AQS
2008-05-12,58,Unknown,Conyers,13-247-0001,AQS
2008-05-13,90,Unknown,Gwinnett,13-135-0002,AQS
2008-05-14,67,Unknown,Georgia Station,13-231-9991,AQS
2008-05-15,38,Unknown,"Yorkville, King Farm",13-223-0003,AQS
2008-05-16,39,Unknown,Georgia Station,13-231-9991,AQS
2008-05-17,84,Unknown,Gwinnett,13-135-0002,AQS
2008-05-18,67,Unknown,Gwinnett,13-135-0002,AQS
2008-05-19,90,Unknown,Gwinnett,13-135-0002,AQS
2008-05-20,93,Unknown,Douglasville,13-097-0004,AQS
2008-05-21,64,Unknown,Georgia Station,13-231-9991,AQS
2008-05-22,122,Unknown,South DeKalb,13-089-0002,AQS
2008-05-23,67,Unknown,Gwinnett,13-135-0002,AQS
2008-05-24,67,Unknown,McDonough,13-151-0002,AQS
2008-05-25,108,Unknown,Kennesaw,13-067-0003,AQS
2008-05-26,77,Unknown,Dawsonville,13-085-0001,AQS
2008-05-27,100,Unknown,Gwinnett,13-135-0002,AQS
2008-05-28,50,Unknown,McDonough,13-151-0002,AQS
2008-05-29,45,Unknown,South DeKalb,13-089-0002,AQS
2008-05-30,61,Unknown,Gwinnett,13-135-0002,AQS
2008-05-31,51,Unknown,Dawsonville,13-085-0001,AQS
2008-06-01,67,Unknown,Georgia Station,13-231-9991,AQS
2008-06-02,97,Unknown,McDonough,13-151-0002,AQS
2008-06-03,147,Unknown,Gwinnett,13-135-0002,AQS
2008-06-04,87,Unknown,Gwinnett,13-135-0002,AQS
2008-06-05,67,Unknown,Gwinnett,13-135-0002,AQS
2008-06-06,100,Unknown,Gwinnett,13-135-0002,AQS
2008-06-07,133,Unknown,Gwinnett,13-135-0002,AQS
2008-06-08,156,Unknown,Gwinnett,13-135-0002,AQS
2008-06-09,93,Unknown,Kennesaw,13-067-0003,AQS
2008-06-10,80,Unknown,Gwinnett,13-135-0002,AQS
2008-06-11,97,Unknown,Kennesaw,13-067-0003,AQS
2008-06-12,100,Unknown,"Yorkville, King Farm",13-223-0003,AQS
2008-06-13,42,Unknown,Kennesaw,13-067-0003,AQS
2008-06-14,44,Unknown,United Avenue,13-121-0055,AQS
2008-06-15,90,Unknown,McDonough,13-151-0002,AQS
2008-06-16,159,Unknown,Conyers,13-247-0001,AQS
2008-06-17,140,Unknown,Conyers,13-247-0001,AQS
2008-06-18,150,Unknown,Conyers,13-247-0001,AQS
2008-06-19,159,Unknown,Georgia Station,13-231-9991,AQS
2008-06-20,203,Unknown,Conyers,13-247-0001,AQS
2008-06-21,105,Unknown,Dawsonville,13-085-0001,AQS
2008-06-22,105,Unknown,South DeKalb,13-089-0002,AQS
2008-06-23,101,Unknown,Conyers,13-247-0001,AQS
2008-06-24,151,Unknown,McDonough,13-151-0002,AQS
2008-06-25,172,Unknown,Conyers,13-247-0001,AQS
2008-06-26,84,Unknown,United Avenue,13-121-0055,AQS
2008-06-27,49,Unknown,"Yorkville, King Farm",13-223-0003,AQS
2008-06-28,41,Unknown,Dawsonville,13-085-0001,AQS
2008-06-29,35,Unknown,Douglasville,13-097-0004,AQS
2008-06-30,43,Unknown,Conyers,13-247-0001,AQS
2008-07-01,105,Unknown,McDonough,13-151-0002,AQS
2008-07-02,154,Unknown,South DeKalb,13-089-0002,AQS
2008-07-03,129,Unknown,Dawsonville,13-085-0001,AQS
2008-07-04,61,Unknown,Dawsonville,13-085-0001,AQS
2008-07-05,46,Unknown,Kennesaw,13-067-0003,AQS
2008-07-06,51,Unknown,Dawsonville,13-085-0001,AQS
2008-07-07,115,Unknown,Kennesaw,13-067-0003,AQS
2008-07-08,51,Unknown,Douglasville,13-097-0004,AQS
2008-07-09,48,Unknown,Dawsonville,13-085-0001,AQS
2008-07-10,37,Unknown,Douglasville,13-097-0004,AQS
2008-07-11,46,Unknown,McDonough,13-151-0002,AQS
2008-07-12,97,Unknown,South DeKalb,13-089-0002,AQS
2008-07-13,30,Unknown,McDonough,13-151-0002,AQS
2008-07-14,77,Unknown,Douglasville,13-097-0004,AQS
2008-07-15,133,Unknown,Douglasville,13-097-0004,AQS
2008-07-16,143,Unknown,Douglasville,13-097-0004,AQS
2008-07-17,150,Unknown,Douglasville,13-097-0004,AQS
2008-07-18,164,Unknown,Newnan,13-077-0002,AQS
2008-07-19,119,Unknown,Georgia Station,13-231-9991,AQS
2008-07-20,151,Unknown,McDonough,13-151-0002,AQS
2008-07-21,192,Unknown,McDonough,13-151-0002,AQS
2008-07-22,169,Unknown,Conyers,13-247-0001,AQS
2008-07-23,101,Unknown,Conyers,13-247-0001,AQS
2008-07-24,119,Unknown,Conyers,13-247-0001,AQS
2008-07-25,101,Unknown,Conyers,13-247-0001,AQS
2008-07-26,50,Unknown,Conyers,13-247-0001,AQS
2008-07-27,101,Unknown,McDonough,13-151-0002,AQS
2008-07-28,177,Unknown,United Avenue,13-121-0055,AQS
2008-07-29,90,Unknown,Gwinnett,13-135-0002,AQS
2008-07-30,47,Unknown,South DeKalb,13-089-0002,AQS
2008-07-31,42,Unknown,Douglasville,13-097-0004,AQS
2008-08-01,87,Unknown,Conyers,13-247-0001,AQS
2008-08-02,84,Unknown,Conyers,13-247-0001,AQS
2008-08-03,74,Unknown,South DeKalb,13-089-0002,AQS
2008-08-04,84,Unknown,Gwinnett,13-135-0002,AQS
2008-08-05,97,Unknown,Conyers,13-247-0001,AQS
2008-08-06,97,Unknown,Conyers,13-247-0001,AQS
2008-08-07,58,Unknown,Conyers,13-247-0001,AQS
2008-08-08,108,Unknown,McDonough,13-151-0002,AQS
2008-08-09,129,Unknown,Kennesaw,13-067-0003,AQS
2008-08-10,93,Unknown,Conyers,13-247-0001,AQS
2008-08-11,136,Unknown,McDonough,13-151-0002,AQS
2008-08-12,61,Unknown,United Avenue,13-121-0055,AQS
2008-08-13,74,Unknown,Douglasville,13-097-0004,AQS
2008-08-14,77,Unknown,Kennesaw,13-067-0003,AQS
2008-08-15,119,Unknown,Conyers,13-247-0001,AQS
2008-08-16,93,Unknown,United Avenue,13-121-0055,AQS
2008-08-17,108,Unknown,Douglasville,13-097-0004,AQS
2008-08-18,101,Unknown,"Yorkville, King Farm",13-223-0003,AQS
2008-08-19,147,Unknown,"Yorkville, King Farm",13-223-0003,AQS
2008-08-20,100,Unknown,"Yorkville, King Farm",13-223-0003,AQS
2008-08-21,58,Unknown,Dawsonville,13-085-0001,AQS
2008-08-22,45,Unknown,"Yorkville, King Farm",13-223-0003,AQS
2008-08-23,36,Unknown,Dawsonville,13-085-0001,AQS
2008-08-24,25,Unknown,Dawsonville,13-085-0001,AQS
2008-08-25,26,Unknown,Georgia Station,13-231-9991,AQS
2008-08-26,29,Unknown,Georgia Station,13-231-9991,AQS
2008-08-27,30,Unknown,Georgia Station,13-231-9991,AQS
2008-08-28,51,Unknown,McDonough,13-151-0002,AQS
2008-08-29,115,Unknown,Newnan,13-077-0002,AQS
2008-08-30,97,Unknown,Douglasville,13-097-0004,AQS
2008-08-31,31,Unknown,"Yorkville, King Farm",13-223-0003,AQS
2008-09-01,34,Unknown,Dawsonville,13-085-0001,AQS
2008-09-02,61,Unknown,"Yorkville, King Farm",13-223-0003,AQS
2008-09-03,97,Unknown,"Yorkville, King Farm",13-223-0003,AQS
2008-09-04,58,Unknown,Douglasville,13-097-0004,AQS
2008-09-05,80,Unknown,Newnan,13-077-0002,AQS
2008-09-06,43,Unknown,McDonough,13-151-0002,AQS
2008-09-07,71,Unknown,South DeKalb,13-089-0002,AQS
2008-09-08,61,Unknown,"Yorkville, King Farm",13-223-0003,AQS
2008-09-09,32,Unknown,United Avenue,13-121-0055,AQS
2008-09-10,43,Unknown,Kennesaw,13-067-0003,AQS
2008-09-11,22,Unknown,"Yorkville, King Farm",13-223-0003,AQS
2008-09-12,25,Unknown,Kennesaw,13-067-0003,AQS
2008-09-13,31,Unknown,Kennesaw,13-067-0003,AQS
2008-09-14,26,Unknown,Dawsonville,13-085-0001,AQS
2008-09-15,33,Unknown,Douglasville,13-097-0004,AQS
2008-09-16,47,Unknown,Georgia Station,13-231-9991,AQS
2008-09-17,27,Unknown,Dawsonville,13-085-0001,AQS
2008-09-18,48,Unknown,Kennesaw,13-067-0003,AQS
2008-09-19,71,Unknown,"Yorkville, King Farm",13-223-0003,AQS
2008-09-20,54,Unknown,Douglasville,13-097-0004,AQS
2008-09-21,42,Unknown,Douglasville,13-097-0004,AQS
2008-09-22,50,Unknown,Douglasville,13-097-0004,AQS
2008-09-23,77,Unknown,Douglasville,13-097-0004,AQS
2008-09-24,58,Unknown,Georgia Station,13-231-9991,AQS
2008-09-25,50,Unknown,Douglasville,13-097-0004,AQS
2008-09-26,58,Unknown,Georgia Station,13-231-9991,AQS
2008-09-27,41,Unknown,Georgia Station,13-231-9991,AQS
2008-09-28,47,Unknown,Georgia Station,13-231-9991,AQS
2008-09-29,67,Unknown,United Avenue,13-121-0055,AQS
2008-09-30,87,Unknown,Conyers,13-247-0001,AQS
2008-10-01,45,Unknown,Georgia Station,13-231-9991,AQS
2008-10-02,49,Unknown,Georgia Station,13-231-9991,AQS
2008-10-03,93,Unknown,Dawsonville,13-085-0001,AQS
2008-10-04,112,Unknown,Dawsonville,13-085-0001,AQS
2008-10-05,105,Unknown,Douglasville,13-097-0004,AQS
2008-10-06,67,Unknown,"Yorkville, King Farm",13-223-0003,AQS
2008-10-07,49,Unknown,Dawsonville,13-085-0001,AQS
2008-10-08,32,Unknown,Georgia Station,13-231-9991,AQS
2008-10-09,28,Unknown,"Yorkville, King Farm",13-223-0003,AQS
2008-10-10,31,Unknown,Dawsonville,13-085-0001,AQS
2008-10-11,42,Unknown,United Avenue,13-121-0055,AQS
2008-10-12,43,Unknown,Dawsonville,13-085-0001,AQS
2008-10-13,38,Unknown,Dawsonville,13-085-0001,AQS
2008-10-14,54,Unknown,Dawsonville,13-085-0001,AQS
2008-10-15,64,Unknown,Dawsonville,13-085-0001,AQS
2008-10-16,46,Unknown,McDonough,13-151-0002,AQS
2008-10-17,28,Unknown,Georgia Station,13-231-9991,AQS
2008-10-18,37,Unknown,Georgia Station,13-231-9991,AQS
2008-10-19,34,Unknown,Douglasville,13-097-0004,AQS
2008-10-20,42,Unknown,Georgia Station,13-231-9991,AQS
2008-10-21,48,Unknown,"Yorkville, King Farm",13-223-0003,AQS
2008-10-22,44,Unknown,Georgia Station,13-231-9991,AQS
2008-10-23,32,Unknown,Georgia Station,13-231-9991,AQS
2008-10-24,23,Unknown,"Yorkville, King Farm",13-223-0003,AQS
2008-10-25,39,Unknown,Georgia Station,13-231-9991,AQS
2008-10-26,40,Unknown,Dawsonville,13-085-0001,AQS
2008-10-27,33,Unknown,Douglasville,13-097-0004,AQS
2008-10-28,25,Unknown,Douglasville,13-097-0004,AQS
2008-10-29,34,Unknown,Douglasville,13-097-0004,AQS
2008-10-30,40,Unknown,Georgia Station,13-231-9991,AQS
2008-10-31,44,Unknown,Dawsonville,13-085-0001,AQS
2008-11-01,45,Unknown,Georgia Station,13-231-9991,AQS
2008-11-02,49,Unknown,Georgia Station,13-231-9991,AQS
2008-11-03,40,Unknown,Georgia Station,13-231-9991,AQS
2008-11-04,41,Unknown,Georgia Station,13-231-9991,AQS
2008-11-05,40,Unknown,Georgia Station,13-231-9991,AQS
2008-11-06,45,Unknown,Georgia Station,13-231-9991,AQS
2008-11-07,38,Unknown,Georgia Station,13-231-9991,AQS
2008-11-08,40,Unknown,Georgia Station,13-231-9991,AQS
2008-11-09,34,Unknown,Georgia Station,13-231-9991,AQS
2008-11-10,31,Unknown,Georgia Station,13-231-9991,AQS
2008-11-11,38,Unknown,Georgia Station,13-231-9991,AQS
2008-11-12,31,Unknown,Georgia Station,13-231-9991,AQS
2008-11-13,19,Unknown,Georgia Station,13-231-9991,AQS
2008-11-14,19,Unknown,Georgia Station,13-231-9991,AQS
2008-11-15,31,Unknown,Georgia Station,13-231-9991,AQS
2008-11-16,23,Unknown,Georgia Station,13-231-9991,AQS
2008-11-17,31,Unknown,Georgia Station,13-231-9991,AQS
2008-11-18,29,Unknown,Georgia Station,13-231-9991,AQS
2008-11-19,31,Unknown,Georgia Station,13-231-9991,AQS
2008-11-20,36,Unknown,Georgia Station,13-231-9991,AQS
2008-11-21,27,Unknown,Georgia Station,13-231-9991,AQS
2008-11-22,31,Unknown,Georgia Station,13-231-9991,AQS
2008-11-23,38,Unknown,Georgia Station,13-231-9991,AQS
2008-11-24,33,Unknown,Georgia Station,13-231-9991,AQS
2008-11-25,34,Unknown,Georgia Station,13-231-9991,AQS
2008-11-26,31,Unknown,Georgia Station,13-231-9991,AQS
2008-11-27,47,Unknown,Georgia Station,13-231-9991,AQS
2008-11-28,38,Unknown,Georgia Station,13-231-9991,AQS
2008-11-29,31,Unknown,Georgia Station,13-231-9991,AQS
2008-11-30,23,Unknown,Georgia Station,13-231-9991,AQS
2008-12-01,28,Unknown,Georgia Station,13-231-9991,AQS
2008-12-02,30,Unknown,Georgia Station,13-231-9991,AQS
2008-12-03,35,Unknown,Georgia Station,13-231-9991,AQS
2008-12-04,30,Unknown,Georgia Station,13-231-9991,AQS
2008-12-05,23,Unknown,Georgia Station,13-231-9991,AQS
2008-12-06,25,Unknown,Georgia Station,13-231-9991,AQS
2008-12-07,32,Unknown,Georgia Station,13-231-9991,AQS
2008-12-08,35,Unknown,Georgia Station,13-231-9991,AQS
2008-12-09,36,Unknown,Georgia Station,13-231-9991,AQS
2008-12-10,34,Unknown,Georgia Station,13-231-9991,AQS
2008-12-11,31,Unknown,Georgia Station,13-231-9991,AQS
2008-12-12,28,Unknown,Georgia Station,13-231-9991,AQS
2008-12-13,26,Unknown,Georgia Station,13-231-9991,AQS
2008-12-14,19,Unknown,Georgia Station,13-231-9991,AQS
2008-12-15,26,Unknown,Georgia Station,13-231-9991,AQS
2008-12-16,23,Unknown,Georgia Station,13-231-9991,AQS
2008-12-17,20,Unknown,Georgia Station,13-231-9991,AQS
2008-12-18,25,Unknown,Georgia Station,13-231-9991,AQS
2008-12-19,30,Unknown,Georgia Station,13-231-9991,AQS
2008-12-20,26,Unknown,Georgia Station,13-231-9991,AQS
2008-12-21,31,Unknown,Georgia Station,13-231-9991,AQS
2008-12-22,28,Unknown,Georgia Station,13-231-9991,AQS
2008-12-23,31,Unknown,Georgia Station,13-231-9991,AQS
2008-12-24,26,Unknown,Georgia Station,13-231-9991,AQS
2008-12-25,24,Unknown,Georgia Station,13-231-9991,AQS
2008-12-26,13,Unknown,Georgia Station,13-231-9991,AQS
2008-12-27,26,Unknown,Georgia Station,13-231-9991,AQS
2008-12-28,25,Unknown,Georgia Station,13-231-9991,AQS
2008-12-29,38,Unknown,Georgia Station,13-231-9991,AQS
2008-12-30,36,Unknown,Georgia Station,13-231-9991,AQS
2008-12-31,31,Unknown,Georgia Station,13-231-9991,AQS
2009-01-01,35,Unknown,Georgia Station,13-231-9991,AQS
2009-01-02,28,Unknown,Georgia Station,13-231-9991,AQS
2009-01-03,25,Unknown,Georgia Station,13-231-9991,AQS
2009-01-04,26,Unknown,Georgia Station,13-231-9991,AQS
2009-01-05,26,Unknown,Georgia Station,13-231-9991,AQS
2009-01-06,25,Unknown,Georgia Station,13-231-9991,AQS
2009-01-07,34,Unknown,Georgia Station,13-231-9991,AQS
2009-01-08,36,Unknown,Georgia Station,13-231-9991,AQS
2009-01-09,34,Unknown,Georgia Station,13-231-9991,AQS
2009-01-10,34,Unknown,Georgia Station,13-231-9991,AQS
2009-01-11,25,Unknown,Georgia Station,13-231-9991,AQS
2009-01-12,28,Unknown,Georgia Station,13-231-9991,AQS
2009-01-13,33,Unknown,Georgia Station,13-231-9991,AQS
2009-01-15,31,Unknown,Georgia Station,13-231-9991,AQS
2009-01-16,31,Unknown,Georgia Station,13-231-9991,AQS
2009-01-17,34,Unknown,Georgia Station,13-231-9991,AQS
2009-01-18,37,Unknown,Georgia Station,13-231-9991,AQS
2009-01-19,33,Unknown,Georgia Station,13-231-9991,AQS
2009-01-20,30,Unknown,Georgia Station,13-231-9991,AQS
2009-01-21,35,Unknown,Georgia Station,13-231-9991,AQS
2009-01-22,42,Unknown,Georgia Station,13-231-9991,AQS
2009-01-23,43,Unknown,Georgia Station,13-231-9991,AQS
2009-01-24,33,Unknown,Georgia Station,13-231-9991,AQS
2009-01-25,21,Unknown,Georgia Station,13-231-9991,AQS
2009-01-26,13,Unknown,Georgia Station,13-231-9991,AQS
2009-01-27,22,Unknown,Georgia Station,13-231-9991,AQS
2009-01-28,31,Unknown,Georgia Station,13-231-9991,AQS
2009-01-29,34,Unknown,Georgia Station,13-231-9991,AQS
2009-01-30,37,Unknown,Georgia Station,13-231-9991,AQS
2009-01-31,41,Unknown,Georgia Station,13-231-9991,AQS
2009-02-01,48,Unknown,Georgia Station,13-231-9991,AQS
2009-02-02,40,Unknown,Georgia Station,13-231-9991,AQS
2009-02-03,40,Unknown,Georgia Station,13-231-9991,AQS
2009-02-04,34,Unknown,Georgia Station,13-231-9991,AQS
2009-02-05,39,Unknown,Georgia Station,13-231-9991,AQS
2009-02-06,47,Unknown,Georgia Station,13-231-9991,AQS
2009-02-07,51,Unknown,Georgia Station,13-231-9991,AQS
2009-02-08,43,Unknown,Georgia Station,13-231-9991,AQS
2009-02-09,47,Unknown,Georgia Station,13-231-9991,AQS
2009-02-10,47,Unknown,Georgia Station,13-231-9991,AQS
2009-02-11,42,Unknown,Georgia Station,13-231-9991,AQS
2009-02-12,44,Unknown,Georgia Station,13-231-9991,AQS
2009-02-13,47,Unknown,Georgia Station,13-231-9991,AQS
2009-02-14,39,Unknown,Georgia Station,13-231-9991,AQS
2009-02-15,41,Unknown,Georgia Station,13-231-9991,AQS
2009-02-16,38,Unknown,Georgia Station,13-231-9991,AQS
2009-02-17,40,Unknown,Georgia Station,13-231-9991,AQS
2009-02-18,37,Unknown,Georgia Station,13-231-9991,AQS
2009-02-19,39,Unknown,Georgia Station,13-231-9991,AQS
2009-02-20,37,Unknown,Georgia Station,13-231-9991,AQS
2009-02-21,48,Unknown,Georgia Station,13-231-9991,AQS
2009-02-22,41,Unknown,Georgia Station,13-231-9991,AQS
2009-02-23,41,Unknown,Georgia Station,13-231-9991,AQS
2009-02-24,54,Unknown,Georgia Station,13-231-9991,AQS
2009-02-25,46,Unknown,Georgia Station,13-231-9991,AQS
2009-02-26,45,Unknown,Georgia Station,13-231-9991,AQS
2009-02-27,39,Unknown,Georgia Station,13-231-9991,AQS
2009-02-28,37,Unknown,Georgia Station,13-231-9991,AQS
2009-03-01,34,Unknown,Douglasville,13-097-0004,AQS
2009-03-02,38,Unknown,Dawsonville,13-085-0001,AQS
2009-03-03,39,Unknown,Dawsonville,13-085-0001,AQS
2009-03-04,45,Unknown,Georgia Station,13-231-9991,AQS
2009-03-05,74,Unknown,"Yorkville, King Farm",13-223-0003,AQS
2009-03-06,44,Unknown,Dawsonville,13-085-0001,AQS
2009-03-07,44,Unknown,Dawsonville,13-085-0001,AQS
2009-03-08,37,Unknown,Dawsonville,13-085-0001,AQS
2009-03-09,43,Unknown,Dawsonville,13-085-0001,AQS
2009-03-10,51,Unknown,Dawsonville,13-085-0001,AQS
2009-03-11,43,Unknown,Dawsonville,13-085-0001,AQS
2009-03-12,50,Unknown,Georgia Station,13-231-9991,AQS
2009-03-13,36,Unknown,Georgia Station,13-231-9991,AQS
2009-03-14,19,Unknown,Dawsonville,13-085-0001,AQS
2009-03-15,16,Unknown,Dawsonville,13-085-0001,AQS
2009-03-16,19,Unknown,Dawsonville,13-085-0001,AQS
2009-03-17,44,Unknown,Dawsonville,13-085-0001,AQS
2009-03-18,47,Unknown,Dawsonville,13-085-0001,AQS
2009-03-19,64,Unknown,Gwinnett,13-135-0002,AQS
2009-03-20,51,Unknown,Dawsonville,13-085-0001,AQS
2009-03-21,77,Unknown,Georgia Station,13-231-9991,AQS
2009-03-22,77,Unknown,Dawsonville,13-085-0001,AQS
2009-03-23,90,Unknown,Dawsonville,13-085-0001,AQS
2009-03-24,46,Unknown,Dawsonville,13-085-0001,AQS
2009-03-25,41,Unknown,Georgia Station,13-231-9991,AQS
2009-03-26,35,Unknown,Georgia Station,13-231-9991,AQS
2009-03-27,37,Unknown,Georgia Station,13-231-9991,AQS
2009-03-28,35,Unknown,"Yorkville, King Farm",13-223-0003,AQS
2009-03-29,35,Unknown,"Yorkville, King Farm",13-223-0003,AQS
2009-03-30,58,Unknown,Georgia Station,13-231-9991,AQS
2009-03-31,41,Unknown,Georgia Station,13-231-9991,AQS
2009-04-01,42,Unknown,"Yorkville, King Farm",13-223-0003,AQS
2009-04-02,46,Unknown,"Yorkville, King Farm",13-223-0003,AQS
2009-04-03,45,Unknown,Dawsonville,13-085-0001,AQS
2009-04-04,67,Unknown,Newnan,13-077-0002,AQS
2009-04-05,50,Unknown,Dawsonville,13-085-0001,AQS
2009-04-06,35,Unknown,Georgia Station,13-231-9991,AQS
2009-04-07,43,Unknown,Douglasville,13-097-0004,AQS
2009-04-08,87,Unknown,Dawsonville,13-085-0001,AQS
2009-04-09,101,Unknown,Dawsonville,13-085-0001,AQS
2009-04-10,44,Unknown,"Yorkville, King Farm",13-223-0003,AQS
2009-04-11,45,Unknown,Georgia Station,13-231-9991,AQS
2009-04-12,61,Unknown,"Yorkville, King Farm",13-223-0003,AQS
2009-04-13,44,Unknown,Georgia Station,13-231-9991,AQS
2009-04-14,42,Unknown,Georgia Station,13-231-9991,AQS
2009-04-15,44,Unknown,Georgia Station,13-231-9991,AQS
2009-04-16,50,Unknown,"Yorkville, King Farm",13-223-0003,AQS
2009-04-17,84,Unknown,Dawsonville,13-085-0001,AQS
2009-04-18,97,Unknown,Dawsonville,13-085-0001,AQS
2009-04-19,40,Unknown,"Yorkville, King Farm",13-223-0003,AQS
2009-04-20,46,Unknown,Georgia Station,13-231-9991,AQS
2009-04-21,64,Unknown,Dawsonville,13-085-0001,AQS
2009-04-22,64,Unknown,Douglasville,13-097-0004,AQS
2009-04-23,93,Unknown,Dawsonville,13-085-0001,AQS
2009-04-24,90,Unknown,Dawsonville,13-085-0001,AQS
2009-04-25,87,Unknown,Conyers,13-247-0001,AQS
2009-04-26,48,Unknown,Kennesaw,13-067-0003,AQS
2009-04-27,47,Unknown,Kennesaw,13-067-0003,AQS
2009-04-28,58,Unknown,Kennesaw,13-067-0003,AQS
2009-04-29,58,Unknown,Kennesaw,13-067-0003,AQS
2009-04-30,45,Unknown,Dawsonville,13-085-0001,AQS
2009-05-01,40,Unknown,Dawsonville,13-085-0001,AQS
2009-05-02,29,Unknown,Georgia Station,13-231-9991,AQS
2009-05-03,33,Unknown,Georgia Station,13-231-9991,AQS
2009-05-04,34,Unknown,Georgia Station,13-231-9991,AQS
2009-05-05,44,Unknown,United Avenue,13-121-0055,AQS
2009-05-06,31,Unknown,"Yorkville, King Farm",13-223-0003,AQS
2009-05-07,42,Unknown,Gwinnett,13-135-0002,AQS
2009-05-08,27,Unknown,Dawsonville,13-085-0001,AQS
2009-05-09,39,Unknown,"Yorkville, King Farm",13-223-0003,AQS
2009-05-10,45,Unknown,Gwinnett,13-135-0002,AQS
2009-05-11,44,Unknown,McDonough,13-151-0002,AQS
2009-05-12,50,Unknown,"Yorkville, King Farm",13-223-0003,AQS
2009-05-13,41,Unknown,Georgia Station,13-231-9991,AQS
2009-05-14,50,Unknown,South DeKalb,13-089-0002,AQS
2009-05-15,54,Unknown,Kennesaw,13-067-0003,AQS
2009-05-16,37,Unknown,Georgia Station,13-231-9991,AQS
2009-05-17,33,Unknown,Gwinnett,13-135-0002,AQS
2009-05-18,46,Unknown,Gwinnett,13-135-0002,AQS
2009-05-19,80,Unknown,United Avenue,13-121-0055,AQS
2009-05-20,54,Unknown,Dawsonville,13-085-0001,AQS
2009-05-21,44,Unknown,Dawsonville,13-085-0001,AQS
2009-05-22,29,Unknown,Dawsonville,13-085-0001,AQS
2009-05-23,25,Unknown,"Yorkville, King Farm",13-223-0003,AQS
2009-05-24,26,Unknown,Kennesaw,13-067-0003,AQS
2009-05-25,33,Unknown,Kennesaw,13-067-0003,AQS
2009-05-26,27,Unknown,Gwinnett,13-135-0002,AQS
2009-05-27,42,Unknown,Gwinnett,13-135-0002,AQS
2009-05-28,48,Unknown,Gwinnett,13-135-0002,AQS
2009-05-29,43,Unknown,Gwinnett,13-135-0002,AQS
2009-05-30,90,Unknown,McDonough,13-151-0002,AQS
2009-05-31,74,Unknown,McDonough,13-151-0002,AQS
2009-06-01,151,Unknown,United Avenue,13-121-0055,AQS
2009-06-02,164,Unknown,Kennesaw,13-067-0003,AQS
2009-06-03,74,Unknown,Kennesaw,13-067-0003,AQS
2009-06-04,28,Unknown,Gwinnett,13-135-0002,AQS
2009-06-05,48,Unknown,McDonough,13-151-0002,AQS
2009-06-06,48,Unknown,Douglasville,13-097-0004,AQS
2009-06-07,64,Unknown,Douglasville,13-097-0004,AQS
2009-06-08,87,Unknown,South DeKalb,13-089-0002,AQS
2009-06-09,136,Unknown,Conyers,13-247-0001,AQS
2009-06-10,51,Unknown,McDonough,13-151-0002,AQS
2009-06-11,36,Unknown,Gwinnett,13-135-0002,AQS
2009-06-12,49,Unknown,McDonough,13-151-0002,AQS
2009-06-13,42,Unknown,Gwinnett,13-135-0002,AQS
2009-06-14,45,Unknown,United Avenue,13-121-0055,AQS
2009-06-15,100,Unknown,McDonough,13-151-0002,AQS
2009-06-16,71,Unknown,Gwinnett,13-135-0002,AQS
2009-06-17,71,Unknown,South DeKalb,13-089-0002,AQS
2009-06-18,61,Unknown,McDonough,13-151-0002,AQS
2009-06-19,97,Unknown,McDonough,13-151-0002,AQS
2009-06-20,54,Unknown,Conyers,13-247-0001,AQS
2009-06-21,71,Unknown,McDonough,13-151-0002,AQS
2009-06-22,71,Unknown,McDonough,13-151-0002,AQS
2009-06-23,122,Unknown,South DeKalb,13-089-0002,AQS
2009-06-24,164,Unknown,United Avenue,13-121-0055,AQS
2009-06-25,147,Unknown,Gwinnett,13-135-0002,AQS
2009-06-26,154,Unknown,Conyers,13-247-0001,AQS
2009-06-27,84,Unknown,Conyers,13-247-0001,AQS
2009-06-28,101,Unknown,McDonough,13-151-0002,AQS
2009-06-29,119,Unknown,Conyers,13-247-0001,AQS
2009-06-30,97,Unknown,McDonough,13-151-0002,AQS
2009-07-01,87,Unknown,Newnan,13-077-0002,AQS
2009-07-02,77,Unknown,Georgia Station,13-231-9991,AQS
2009-07-03,90,Unknown,McDonough,13-151-0002,AQS
2009-07-04,105,Unknown,South DeKalb,13-089-0002,AQS
2009-07-05,38,Unknown,McDonough,13-151-0002,AQS
2009-07-06,45,Unknown,Conyers,13-247-0001,AQS
2009-07-07,50,Unknown,United Avenue,13-121-0055,AQS
2009-07-08,67,Unknown,"Yorkville, King Farm",13-223-0003,AQS
2009-07-09,93,Unknown,Douglasville,13-097-0004,AQS
2009-07-10,77,Unknown,"Yorkville, King Farm",13-223-0003,AQS
2009-07-11,74,Unknown,Gwinnett,13-135-0002,AQS
2009-07-12,54,Unknown,South DeKalb,13-089-0002,AQS
2009-07-13,47,Unknown,Conyers,13-247-0001,AQS
2009-07-14,101,Unknown,Douglasville,13-097-0004,AQS
2009-07-15,100,Unknown,United Avenue,13-121-0055,AQS
2009-07-16,51,Unknown,Conyers,13-247-0001,AQS
2009-07-17,48,Unknown,Conyers,13-247-0001,AQS
2009-07-18,49,Unknown,Conyers,13-247-0001,AQS
2009-07-19,46,Unknown,Conyers,13-247-0001,AQS
2009-07-20,64,Unknown,McDonough,13-151-0002,AQS
2009-07-21,172,Unknown,United Avenue,13-121-0055,AQS
2009-07-22,58,Unknown,Dawsonville,13-085-0001,AQS
2009-07-23,54,Unknown,Gwinnett,13-135-0002,AQS
2009-07-24,122,Unknown,McDonough,13-151-0002,AQS
2009-07-25,84,Unknown,Conyers,13-247-0001,AQS
2009-07-26,71,Unknown,Gwinnett,13-135-0002,AQS
2009-07-27,71,Unknown,Gwinnett,13-135-0002,AQS
2009-07-28,58,Unknown,Dawsonville,13-085-0001,AQS
2009-07-29,37,Unknown,Gwinnett,13-135-0002,AQS
2009-07-30,29,Unknown,Dawsonville,13-085-0001,AQS
2009-07-31,31,Unknown,Douglasville,13-097-0004,AQS
2009-08-01,51,Unknown,Gwinnett,13-135-0002,AQS
2009-08-02,30,Unknown,Kennesaw,13-067-0003,AQS
2009-08-03,54,Unknown,Gwinnett,13-135-0002,AQS
2009-08-04,77,Unknown,Conyers,13-247-0001,AQS
2009-08-05,67,Unknown,Gwinnett,13-135-0002,AQS
2009-08-06,136,Unknown,McDonough,13-151-0002,AQS
2009-08-07,156,Unknown,Kennesaw,13-067-0003,AQS
2009-08-08,119,Unknown,Kennesaw,13-067-0003,AQS
2009-08-09,112,Unknown,United Avenue,13-121-0055,AQS
2009-08-10,51,Unknown,Gwinnett,13-135-0002,AQS
2009-08-11,54,Unknown,Conyers,13-247-0001,AQS
2009-08-12,49,Unknown,Georgia Station,13-231-9991,AQS
2009-08-13,101,Unknown,Douglasville,13-097-0004,AQS
2009-08-14,97,Unknown,Douglasville,13-097-0004,AQS
2009-08-15,67,Unknown,"Yorkville, King Farm",13-223-0003,AQS
2009-08-16,27,Unknown,Kennesaw,13-067-0003,AQS
2009-08-17,24,Unknown,Gwinnett,13-135-0002,AQS
2009-08-18,25,Unknown,Dawsonville,13-085-0001,AQS
2009-08-19,32,Unknown,Kennesaw,13-067-0003,AQS
2009-08-20,28,Unknown,Gwinnett,13-135-0002,AQS
2009-08-21,35,Unknown,Gwinnett,13-135-0002,AQS
2009-08-22,44,Unknown,McDonough,13-151-0002,AQS
2009-08-23,47,Unknown,McDonough,13-151-0002,AQS
2009-08-24,105,Unknown,Douglasville,13-097-0004,AQS
2009-08-25,71,Unknown,"Yorkville, King Farm",13-223-0003,AQS
2009-08-26,47,Unknown,Dawsonville,13-085-0001,AQS
2009-08-27,28,Unknown,Gwinnett,13-135-0002,AQS
2009-08-28,38,Unknown,Georgia Station,13-231-9991,AQS
2009-08-29,43,Unknown,Gwinnett,13-135-0002,AQS
2009-08-30,33,Unknown,McDonough,13-151-0002,AQS
2009-08-31,45,Unknown,Douglasville,13-097-0004,AQS
2009-09-01,33,Unknown,United Avenue,13-121-0055,AQS
2009-09-02,67,Unknown,Douglasville,13-097-0004,AQS
2009-09-03,58,Unknown,United Avenue,13-121-0055,AQS
2009-09-04,93,Unknown,Douglasville,13-097-0004,AQS
2009-09-05,61,Unknown,Douglasville,13-097-0004,AQS
2009-09-06,67,Unknown,Douglasville,13-097-0004,AQS
2009-09-07,80,Unknown,Kennesaw,13-067-0003,AQS
2009-09-08,122,Unknown,United Avenue,13-121-0055,AQS
2009-09-09,77,Unknown,United Avenue,13-121-0055,AQS
2009-09-10,44,Unknown,Georgia Station,13-231-9991,AQS
2009-09-11,35,Unknown,Georgia Station,13-231-9991,AQS
2009-09-12,67,Unknown,Douglasville,13-097-0004,AQS
2009-09-13,50,Unknown,Douglasville,13-097-0004,AQS
2009-09-14,47,Unknown,Kennesaw,13-067-0003,AQS
2009-09-15,36,Unknown,Georgia Station,13-231-9991,AQS
2009-09-16,31,Unknown,Gwinnett,13-135-0002,AQS
2009-09-17,28,Unknown,Gwinnett,13-135-0002,AQS
2009-09-18,28,Unknown,"Yorkville, King Farm",13-223-0003,AQS
2009-09-19,31,Unknown,Georgia Station,13-231-9991,AQS
2009-09-20,29,Unknown,Georgia Station,13-231-9991,AQS
2009-09-21,22,Unknown,"Yorkville, King Farm",13-223-0003,AQS
2009-09-22,44,Unknown,"Yorkville, King Farm",13-223-0003,AQS
2009-09-23,38,Unknown,"Yorkville, King Farm",13-223-0003,AQS
2009-09-24,30,Unknown,Kennesaw,13-067-0003,AQS
2009-09-25,40,Unknown,Gwinnett,13-135-0002,AQS
2009-09-26,25,Unknown,Georgia Station,13-231-9991,AQS
2009-09-27,43,Unknown,Gwinnett,13-135-0002,AQS
2009-09-28,39,Unknown,Gwinnett,13-135-0002,AQS
2009-09-29,35,Unknown,Georgia Station,13-231-9991,AQS
2009-09-30,39,Unknown,Georgia Station,13-231-9991,AQS
2009-10-01,50,Unknown,Georgia Station,13-231-9991,AQS
2009-10-02,37,Unknown,"Yorkville, King Farm",13-223-0003,AQS
2009-10-03,45,Unknown,Gwinnett,13-135-0002,AQS
2009-10-04,38,Unknown,Georgia Station,13-231-9991,AQS
2009-10-05,37,Unknown,Gwinnett,13-135-0002,AQS
2009-10-06,23,Unknown,Dawsonville,13-085-0001,AQS
2009-10-07,35,Unknown,Gwinnett,13-135-0002,AQS
2009-10-08,44,Unknown,Georgia Station,13-231-9991,AQS
2009-10-09,24,Unknown,"Yorkville, King Farm",13-223-0003,AQS
2009-10-10,32,Unknown,Georgia Station,13-231-9991,AQS
2009-10-11,31,Unknown,Douglasville,13-097-0004,AQS
2009-10-12,24,Unknown,"Yorkville, King Farm",13-223-0003,AQS
2009-10-13,31,Unknown,Kennesaw,13-067-0003,AQS
2009-10-14,26,Unknown,Dawsonville,13-085-0001,AQS
2009-10-15,11,Unknown,Dawsonville,13-085-0001,AQS
2009-10-16,16,Unknown,Newnan,13-077-0002,AQS
2009-10-17,20,Unknown,Douglasville,13-097-0004,AQS
2009-10-18,35,Unknown,"Yorkville, King Farm",13-223-0003,AQS
2009-10-19,35,Unknown,"Yorkville, King Farm",13-223-0003,AQS
2009-10-20,43,Unknown,"Yorkville, King Farm",13-223-0003,AQS
2009-10-21,43,Unknown,Georgia Station,13-231-9991,AQS
2009-10-22,35,Unknown,Dawsonville,13-085-0001,AQS
2009-10-23,26,Unknown,"Yorkville, King Farm",13-223-0003,AQS
2009-10-24,20,Unknown,"Yorkville, King Farm",13-223-0003,AQS
2009-10-25,33,Unknown,Dawsonville,13-085-0001,AQS
2009-10-26,31,Unknown,Dawsonville,13-085-0001,AQS
2009-10-27,22,Unknown,Dawsonville,13-085-0001,AQS
2009-10-28,32,Unknown,Dawsonville,13-085-0001,AQS
2009-10-29,42,Unknown,Georgia Station,13-231-9991,AQS
2009-10-30,30,Unknown,"Yorkville, King Farm",13-223-0003,AQS
2009-10-31,33,Unknown,"Yorkville, King Farm",13-223-0003,AQS
2009-11-01,30,Unknown,Georgia Station,13-231-9991,AQS
2009-11-02,21,Unknown,Georgia Station,13-231-9991,AQS
2009-11-03,42,Unknown,Georgia Station,13-231-9991,AQS
2009-11-04,38,Unknown,Georgia Station,13-231-9991,AQS
2009-11-05,38,Unknown,Georgia Station,13-231-9991,AQS
2009-11-06,39,Unknown,Georgia Station,13-231-9991,AQS
2009-11-07,44,Unknown,Georgia Station,13-231-9991,AQS
2009-11-08,47,Unknown,Georgia Station,13-231-9991,AQS
2009-11-09,31,Unknown,Georgia Station,13-231-9991,AQS
2009-11-10,31,Unknown,Georgia Station,13-231-9991,AQS
2009-11-11,33,Unknown,Georgia Station,13-231-9991,AQS
2009-11-12,33,Unknown,Georgia Station,13-231-9991,AQS
2009-11-13,36,Unknown,Georgia Station,13-231-9991,AQS
2009-11-14,40,Unknown,Georgia Station,13-231-9991,AQS
2009-11-15,46,Unknown,Georgia Station,13-231-9991,AQS
2009-11-16,44,Unknown,Georgia Station,13-231-9991,AQS
2009-11-17,33,Unknown,Georgia Station,13-231-9991,AQS
2009-11-18,31,Unknown,Georgia Station,13-231-9991,AQS
2009-11-19,35,Unknown,Georgia Station,13-231-9991,AQS
2009-11-20,36,Unknown,Georgia Station,13-231-9991,AQS
2009-11-21,40,Unknown,Georgia Station,13-231-9991,AQS
2009-11-22,28,Unknown,Georgia Station,13-231-9991,AQS
2009-11-23,24,Unknown,Georgia Station,13-231-9991,AQS
2009-11-24,26,Unknown,Georgia Station,13-231-9991,AQS
2009-11-25,34,Unknown,Georgia Station,13-231-9991,AQS
2009-11-26,34,Unknown,Georgia Station,13-231-9991,AQS
2009-11-27,34,Unknown,Georgia Station,13-231-9991,AQS
2009-11-28,32,Unknown,Georgia Station,13-231-9991,AQS
2009-11-29,37,Unknown,Georgia Station,13-231-9991,AQS
2009-11-30,30,Unknown,Georgia Station,13-231-9991,AQS
2009-12-01,24,Unknown,Georgia Station,13-231-9991,AQS
2009-12-02,30,Unknown,Georgia Station,13-231-9991,AQS
2009-12-03,26,Unknown,Georgia Station,13-231-9991,AQS
2009-12-04,13,Unknown,Georgia Station,13-231-9991,AQS
2009-12-05,28,Unknown,Georgia Station,13-231-9991,AQS
2009-12-06,22,Unknown,Georgia Station,13-231-9991,AQS
2009-12-07,19,Unknown,Georgia Station,13-231-9991,AQS
2009-12-08,18,Unknown,Georgia Station,13-231-9991,AQS
2009-12-09,40,Unknown,Georgia Station,13-231-9991,AQS
2009-12-10,35,Unknown,Georgia Station,13-231-9991,AQS
2009-12-11,25,Unknown,Georgia Station,13-231-9991,AQS
2009-12-12,24,Unknown,Georgia Station,13-231-9991,AQS
2009-12-13,17,Unknown,Georgia Station,13-231-9991,AQS
2009-12-14,19,Unknown,Georgia Station,13-231-9991,AQS
2009-12-15,20,Unknown,Georgia Station,13-231-9991,AQS
2009-12-16,18,Unknown,Georgia Station,13-231-9991,AQS
2009-12-17,28,Unknown,Georgia Station,13-231-9991,AQS
2009-12-18,28,Unknown,Georgia Station,13-231-9991,AQS
2009-12-19,29,Unknown,Georgia Station,13-231-9991,AQS
2009-12-20,22,Unknown,Georgia Station,13-231-9991,AQS
2009-12-21,32,Unknown,Georgia Station,13-231-9991,AQS
2009-12-22,42,Unknown,Georgia Station,13-231-9991,AQS
2009-12-23,37,Unknown,Georgia Station,13-231-9991,AQS
2009-12-24,31,Unknown,Georgia Station,13-231-9991,AQS
2009-12-25,37,Unknown,Georgia Station,13-231-9991,AQS
2009-12-26,33,Unknown,Georgia Station,13-231-9991,AQS
2009-12-27,38,Unknown,Georgia Station,13-231-9991,AQS
2009-12-28,28,Unknown,Georgia Station,13-231-9991,AQS
2009-12-29,29,Unknown,Georgia Station,13-231-9991,AQS
2009-12-30,28,Unknown,Georgia Station,13-231-9991,AQS
2009-12-31,18,Unknown,Georgia Station,13-231-9991,AQS
2010-01-01,33,Unknown,Georgia Station,13-231-9991,AQS
2010-01-02,29,Unknown,South DeKalb,13-089-0002,AQS
2010-01-03,34,Unknown,Georgia Station,13-231-9991,AQS
2010-01-04,27,Unknown,Georgia Station,13-231-9991,AQS
2010-01-05,31,Unknown,Georgia Station,13-231-9991,AQS
2010-01-06,33,Unknown,Georgia Station,13-231-9991,AQS
2010-01-07,34,Unknown,Georgia Station,13-231-9991,AQS
2010-01-08,24,Unknown,South DeKalb,13-089-0002,AQS
2010-01-09,30,Unknown,Georgia Station,13-231-9991,AQS
2010-01-10,31,Unknown,Georgia Station,13-231-9991,AQS
2010-01-11,36,Unknown,Georgia Station,13-231-9991,AQS
2010-01-12,30,Unknown,Georgia Station,13-231-9991,AQS
2010-01-13,33,Unknown,Georgia Station,13-231-9991,AQS
2010-01-14,37,Unknown,Georgia Station,13-231-9991,AQS
2010-01-15,49,Unknown,Georgia Station,13-231-9991,AQS
2010-01-16,41,Unknown,Georgia Station,13-231-9991,AQS
2010-01-17,32,Unknown,Georgia Station,13-231-9991,AQS
2010-01-18,33,Unknown,Georgia Station,13-231-9991,AQS
2010-01-19,43,Unknown,Georgia Station,13-231-9991,AQS
2010-01-20,37,Unknown,Georgia Station,13-231-9991,AQS
2010-01-21,35,Unknown,Georgia Station,13-231-9991,AQS
2010-01-22,17,Unknown,Georgia Station,13-231-9991,AQS
2010-01-23,20,Unknown,Georgia Station,13-231-9991,AQS
2010-01-24,25,Unknown,South DeKalb,13-089-0002,AQS
2010-01-25,27,Unknown,South DeKalb,13-089-0002,AQS
2010-01-26,31,Unknown,South DeKalb,13-089-0002,AQS
2010-01-27,20,Unknown,South DeKalb,13-089-0002,AQS
2010-01-28,31,Unknown,South DeKalb,13-089-0002,AQS
2010-01-29,23,Unknown,South DeKalb,13-089-0002,AQS
2010-01-30,23,Unknown,Georgia Station,13-231-9991,AQS
2010-01-31,23,Unknown,Georgia Station,13-231-9991,AQS
2010-02-01,33,Unknown,Georgia Station,13-231-9991,AQS
2010-02-02,29,Unknown,Georgia Station,13-231-9991,AQS
2010-02-03,34,Unknown,Georgia Station,13-231-9991,AQS
2010-02-04,24,Unknown,Georgia Station,13-231-9991,AQS
2010-02-05,24,Unknown,Georgia Station,13-231-9991,AQS
2010-02-06,24,Unknown,Georgia Station,13-231-9991,AQS
2010-02-07,28,Unknown,Georgia Station,13-231-9991,AQS
2010-02-08,35,Unknown,Georgia Station,13-231-9991,AQS
2010-02-09,34,Unknown,Georgia Station,13-231-9991,AQS
2010-02-10,37,Unknown,Georgia Station,13-231-9991,AQS
2010-02-11,34,Unknown,Georgia Station,13-231-9991,AQS
2010-02-12,26,Unknown,Georgia Station,13-231-9991,AQS
2010-02-13,35,Unknown,Georgia Station,13-231-9991,AQS
2010-02-14,41,Unknown,Georgia Station,13-231-9991,AQS
2010-02-15,38,Unknown,Georgia Station,13-231-9991,AQS
2010-02-16,37,Unknown,Georgia Station,13-231-9991,AQS
2010-02-17,39,Unknown,Georgia Station,13-231-9991,AQS
2010-02-18,39,Unknown,Georgia Station,13-231-9991,AQS
2010-02-19,40,Unknown,Georgia Station,13-231-9991,AQS
2010-02-20,44,Unknown,Georgia Station,13-231-9991,AQS
2010-02-21,64,Unknown,Georgia Station,13-231-9991,AQS
2010-02-22,39,Unknown,Georgia Station,13-231-9991,AQS
2010-02-23,31,Unknown,Georgia Station,13-231-9991,AQS
2010-02-24,40,Unknown,Georgia Station,13-231-9991,AQS
2010-02-25,43,Unknown,Georgia Station,13-231-9991,AQS
2010-02-26,37,Unknown,South DeKalb,13-089-0002,AQS
2010-02-27,43,Unknown,Georgia Station,13-231-9991,AQS
2010-02-28,43,Unknown,Georgia Station,13-231-9991,AQS
2010-03-01,39,Unknown,Georgia Station,13-231-9991,AQS
2010-03-02,34,Unknown,Georgia Station,13-231-9991,AQS
2010-03-03,36,Unknown,Georgia Station,13-231-9991,AQS
2010-03-04,42,Unknown,Georgia Station,13-231-9991,AQS
2010-03-05,43,Unknown,Dawsonville,13-085-0001,AQS
2010-03-06,46,Unknown,Dawsonville,13-085-0001,AQS
2010-03-07,58,Unknown,Georgia Station,13-231-9991,AQS
2010-03-08,80,Unknown,Dawsonville,13-085-0001,AQS
2010-03-09,74,Unknown,Dawsonville,13-085-0001,AQS
2010-03-10,41,Unknown,"Yorkville, King Farm",13-223-0003,AQS
2010-03-11,39,Unknown,"Yorkville, King Farm",13-223-0003,AQS
2010-03-12,36,Unknown,Douglasville,13-097-0004,AQS
2010-03-13,34,Unknown,Georgia Station,13-231-9991,AQS
2010-03-14,31,Unknown,Georgia Station,13-231-9991,AQS
2010-03-15,37,Unknown,Georgia Station,13-231-9991,AQS
2010-03-16,39,Unknown,Dawsonville,13-085-0001,AQS
2010-03-17,33,Unknown,Georgia Station,13-231-9991,AQS
2010-03-18,47,Unknown,Dawsonville,13-085-0001,AQS
2010-03-19,74,Unknown,Georgia Station,13-231-9991,AQS
2010-03-20,84,Unknown,Dawsonville,13-085-0001,AQS
2010-03-21,50,Unknown,"Yorkville, King Farm",13-223-0003,AQS
2010-03-22,27,Unknown,Georgia Station,13-231-9991,AQS
2010-03-23,54,Unknown,Georgia Station,13-231-9991,AQS
2010-03-24,74,Unknown,Dawsonville,13-085-0001,AQS
2010-03-25,58,Unknown,Georgia Station,13-231-9991,AQS
2010-03-26,38,Unknown,Georgia Station,13-231-9991,AQS
2010-03-27,46,Unknown,Kennesaw,13-067-0003,AQS
2010-03-28,47,Unknown,Georgia Station,13-231-9991,AQS
2010-03-29,44,Unknown,"Yorkville, King Farm",13-223-0003,AQS
2010-03-30,49,Unknown,Douglasville,13-097-0004,AQS
2010-03-31,67,Unknown,Dawsonville,13-085-0001,AQS
2010-04-01,105,Unknown,Dawsonville,13-085-0001,AQS
2010-04-02,151,Unknown,Dawsonville,13-085-0001,AQS
2010-04-03,71,Unknown,Dawsonville,13-085-0001,AQS
2010-04-04,74,Unknown,Gwinnett,13-135-0002,AQS
2010-04-05,49,Unknown,Gwinnett,13-135-0002,AQS
2010-04-06,90,Unknown,Dawsonville,13-085-0001,AQS
2010-04-07,74,Unknown,Dawsonville,13-085-0001,AQS
2010-04-08,42,Unknown,Douglasville,13-097-0004,AQS
2010-04-09,54,Unknown,Georgia Station,13-231-9991,AQS
2010-04-10,71,Unknown,Dawsonville,13-085-0001,AQS
2010-04-11,105,Unknown,Douglasville,13-097-0004,AQS
2010-04-12,101,Unknown,Dawsonville,13-085-0001,AQS
2010-04-13,112,Unknown,Dawsonville,13-085-0001,AQS
2010-04-14,108,Unknown,Dawsonville,13-085-0001,AQS
2010-04-15,93,Unknown,Georgia Station,13-231-9991,AQS
2010-04-16,100,Unknown,United Avenue,13-121-0055,AQS
2010-04-17,87,Unknown,Georgia Station,13-231-9991,AQS
2010-04-18,90,Unknown,Georgia Station,13-231-9991,AQS
2010-04-19,74,Unknown,Dawsonville,13-085-0001,AQS
2010-04-20,41,Unknown,Georgia Station,13-231-9991,AQS
2010-04-21,74,Unknown,Georgia Station,13-231-9991,AQS
2010-04-22,97,Unknown,Gwinnett,13-135-0002,AQS
2010-04-23,101,Unknown,Dawsonville,13-085-0001,AQS
2010-04-24,38,Unknown,Georgia Station,13-231-9991,AQS
2010-04-25,49,Unknown,Georgia Station,13-231-9991,AQS
2010-04-26,40,Unknown,Georgia Station,13-231-9991,AQS
2010-04-27,42,Unknown,Georgia Station,13-231-9991,AQS
2010-04-28,48,Unknown,Georgia Station,13-231-9991,AQS
2010-04-29,80,Unknown,Dawsonville,13-085-0001,AQS
2010-04-30,90,Unknown,Dawsonville,13-085-0001,AQS
2010-05-01,30,Unknown,"Yorkville, King Farm",13-223-0003,AQS
2010-05-02,24,Unknown,Dawsonville,13-085-0001,AQS
2010-05-03,37,Unknown,Kennesaw,13-067-0003,AQS
2010-05-04,80,Unknown,Georgia Station,13-231-9991,AQS
2010-05-05,119,Unknown,Kennesaw,13-067-0003,AQS
2010-05-06,150,Unknown,Conyers,13-247-0001,AQS
2010-05-07,143,Unknown,Dawsonville,13-085-0001,AQS
2010-05-08,51,Unknown,Conyers,13-247-0001,AQS
2010-05-09,46,Unknown,McDonough,13-151-0002,AQS
2010-05-10,44,Unknown,Georgia Station,13-231-9991,AQS
2010-05-11,41,Unknown,Georgia Station,13-231-9991,AQS
2010-05-12,42,Unknown,Dawsonville,13-085-0001,AQS
2010-05-13,49,Unknown,Gwinnett,13-135-0002,AQS
2010-05-14,67,Unknown,United Avenue,13-121-0055,AQS
2010-05-15,48,Unknown,Gwinnett,13-135-0002,AQS
2010-05-16,35,Unknown,Kennesaw,13-067-0003,AQS
2010-05-17,39,Unknown,Newnan,13-077-0002,AQS
2010-05-18,48,Unknown,Conyers,13-247-0001,AQS
2010-05-19,61,Unknown,Conyers,13-247-0001,AQS
2010-05-20,105,Unknown,Kennesaw,13-067-0003,AQS
2010-05-21,43,Unknown,Georgia Station,13-231-9991,AQS
2010-05-22,44,Unknown,United Avenue,13-121-0055,AQS
2010-05-23,87,Unknown,Georgia Station,13-231-9991,AQS
2010-05-24,84,Unknown,Douglasville,13-097-0004,AQS
2010-05-25,37,Unknown,"Yorkville, King Farm",13-223-0003,AQS
2010-05-26,50,Unknown,Georgia Station,13-231-9991,AQS
2010-05-27,74,Unknown,South DeKalb,13-089-0002,AQS
2010-05-28,93,Unknown,Douglasville,13-097-0004,AQS
2010-05-29,43,Unknown,"Yorkville, King Farm",13-223-0003,AQS
2010-05-30,36,Unknown,"Yorkville, King Farm",13-223-0003,AQS
2010-05-31,41,Unknown,Kennesaw,13-067-0003,AQS
2010-06-01,67,Unknown,United Avenue,13-121-0055,AQS
2010-06-02,54,Unknown,Gwinnett,13-135-0002,AQS
2010-06-03,74,Unknown,South DeKalb,13-089-0002,AQS
2010-06-04,31,Unknown,Dawsonville,13-085-0001,AQS
2010-06-05,36,Unknown,Dawsonville,13-085-0001,AQS
2010-06-06,36,Unknown,McDonough,13-151-0002,AQS
2010-06-07,97,Unknown,McDonough,13-151-0002,AQS
2010-06-08,87,Unknown,United Avenue,13-121-0055,AQS
2010-06-09,47,Unknown,South DeKalb,13-089-0002,AQS
2010-06-10,43,Unknown,McDonough,13-151-0002,AQS
2010-06-11,67,Unknown,United Avenue,13-121-0055,AQS
2010-06-12,48,Unknown,South DeKalb,13-089-0002,AQS
2010-06-13,44,Unknown,Conyers,13-247-0001,AQS
2010-06-14,64,Unknown,Conyers,13-247-0001,AQS
2010-06-15,108,Unknown,Conyers,13-247-0001,AQS
2010-06-16,90,Unknown,McDonough,13-151-0002,AQS
2010-06-17,100,Unknown,McDonough,13-151-0002,AQS
2010-06-18,126,Unknown,United Avenue,13-121-0055,AQS
2010-06-19,90,Unknown,United Avenue,13-121-0055,AQS
2010-06-20,61,Unknown,McDonough,13-151-0002,AQS
2010-06-21,129,Unknown,Douglasville,13-097-0004,AQS
2010-06-22,143,Unknown,Kennesaw,13-067-0003,AQS
2010-06-23,101,Unknown,Conyers,13-247-0001,AQS
2010-06-24,51,Unknown,Conyers,13-247-0001,AQS
2010-06-25,58,Unknown,Conyers,13-247-0001,AQS
2010-06-26,80,Unknown,Conyers,13-247-0001,AQS
2010-06-27,54,Unknown,Conyers,13-247-0001,AQS
2010-06-28,44,Unknown,South DeKalb,13-089-0002,AQS
2010-06-29,51,Unknown,South DeKalb,13-089-0002,AQS
2010-06-30,54,Unknown,United Avenue,13-121-0055,AQS
2010-07-01,97,Unknown,Douglasville,13-097-0004,AQS
2010-07-02,54,Unknown,Georgia Station,13-231-9991,AQS
2010-07-03,93,Unknown,"Yorkville, King Farm",13-223-0003,AQS
2010-07-04,97,Unknown,"Yorkville, King Farm",13-223-0003,AQS
2010-07-05,74,Unknown,"Yorkville, King Farm",13-223-0003,AQS
2010-07-06,101,Unknown,"Yorkville, King Farm",13-223-0003,AQS
2010-07-07,182,Unknown,South DeKalb,13-089-0002,AQS
2010-07-08,166,Unknown,Georgia Station,13-231-9991,AQS
2010-07-09,115,Unknown,Conyers,13-247-0001,AQS
2010-07-10,47,Unknown,Kennesaw,13-067-0003,AQS
2010-07-11,84,Unknown,South DeKalb,13-089-0002,AQS
2010-07-12,35,Unknown,Kennesaw,13-067-0003,AQS
2010-07-13,41,Unknown,Gwinnett,13-135-0002,AQS
2010-07-14,80,Unknown,McDonough,13-151-0002,AQS
2010-07-15,147,Unknown,United Avenue,13-121-0055,AQS
2010-07-16,80,Unknown,Dawsonville,13-085-0001,AQS
2010-07-17,33,Unknown,Gwinnett,13-135-0002,AQS
2010-07-18,26,Unknown,Gwinnett,13-135-0002,AQS
2010-07-19,40,Unknown,Gwinnett,13-135-0002,AQS
2010-07-20,41,Unknown,Gwinnett,13-135-0002,AQS
2010-07-21,44,Unknown,Gwinnett,13-135-0002,AQS
2010-07-22,84,Unknown,Conyers,13-247-0001,AQS
2010-07-23,74,Unknown,South DeKalb,13-089-0002,AQS
2010-07-24,71,Unknown,Kennesaw,13-067-0003,AQS
2010-07-25,42,Unknown,Gwinnett,13-135-0002,AQS
2010-07-26,84,Unknown,United Avenue,13-121-0055,AQS
2010-07-27,54,Unknown,Conyers,13-247-0001,AQS
2010-07-28,42,Unknown,Conyers,13-247-0001,AQS
2010-07-29,100,Unknown,McDonough,13-151-0002,AQS
2010-07-30,143,Unknown,McDonough,13-151-0002,AQS
2010-07-31,100,Unknown,Georgia Station,13-231-9991,AQS
2010-08-01,84,Unknown,United Avenue,13-121-0055,AQS
2010-08-02,64,Unknown,"Yorkville, King Farm",13-223-0003,AQS
2010-08-03,115,Unknown,Kennesaw,13-067-0003,AQS
2010-08-04,150,Unknown,Kennesaw,13-067-0003,AQS
2010-08-05,97,Unknown,Gwinnett,13-135-0002,AQS
2010-08-06,71,Unknown,Gwinnett,13-135-0002,AQS
2010-08-07,64,Unknown,"Yorkville, King Farm",13-223-0003,AQS
2010-08-08,93,Unknown,Douglasville,13-097-0004,AQS
2010-08-09,119,Unknown,Kennesaw,13-067-0003,AQS
2010-08-10,122,Unknown,Kennesaw,13-067-0003,AQS
2010-08-11,129,Unknown,Kennesaw,13-067-0003,AQS
2010-08-12,101,Unknown,United Avenue,13-121-0055,AQS
2010-08-13,49,Unknown,Dawsonville,13-085-0001,AQS
2010-08-14,33,Unknown,"Yorkville, King Farm",13-223-0003,AQS
2010-08-15,42,Unknown,Douglasville,13-097-0004,AQS
2010-08-16,50,Unknown,"Yorkville, King Farm",13-223-0003,AQS
2010-08-17,33,Unknown,Gwinnett,13-135-0002,AQS
2010-08-18,36,Unknown,Gwinnett,13-135-0002,AQS
2010-08-19,36,Unknown,"Yorkville, King Farm",13-223-0003,AQS
2010-08-20,41,Unknown,Douglasville,13-097-0004,AQS
2010-08-21,51,Unknown,McDonough,13-151-0002,AQS
2010-08-22,61,Unknown,McDonough,13-151-0002,AQS
2010-08-23,87,Unknown,Douglasville,13-097-0004,AQS
2010-08-24,151,Unknown,United Avenue,13-121-0055,AQS
2010-08-25,100,Unknown,Kennesaw,13-067-0003,AQS
2010-08-26,71,Unknown,"Yorkville, King Farm",13-223-0003,AQS
2010-08-27,87,Unknown,"Yorkville, King Farm",13-223-0003,AQS
2010-08-28,45,Unknown,"Yorkville, King Farm",13-223-0003,AQS
2010-08-29,44,Unknown,Kennesaw,13-067-0003,AQS
2010-08-30,54,Unknown,"Yorkville, King Farm",13-223-0003,AQS
2010-08-31,90,Unknown,"Yorkville, King Farm",13-223-0003,AQS
2010-09-01,156,Unknown,Kennesaw,13-067-0003,AQS
2010-09-02,105,Unknown,Douglasville,13-097-0004,AQS
2010-09-03,90,Unknown,Conyers,13-247-0001,AQS
2010-09-04,77,Unknown,McDonough,13-151-0002,AQS
2010-09-05,97,Unknown,Newnan,13-077-0002,AQS
2010-09-06,112,Unknown,Kennesaw,13-067-0003,AQS
2010-09-07,115,Unknown,Kennesaw,13-067-0003,AQS
2010-09-08,64,Unknown,Conyers,13-247-0001,AQS
2010-09-09,67,Unknown,Conyers,13-247-0001,AQS
2010-09-10,122,Unknown,United Avenue,13-121-0055,AQS
2010-09-11,49,Unknown,Gwinnett,13-135-0002,AQS
2010-09-12,51,Unknown,McDonough,13-151-0002,AQS
2010-09-13,87,Unknown,Douglasville,13-097-0004,AQS
2010-09-14,133,Unknown,United Avenue,13-121-0055,AQS
2010-09-15,129,Unknown,Kennesaw,13-067-0003,AQS
2010-09-16,61,Unknown,Gwinnett,13-135-0002,AQS
2010-09-17,126,Unknown,McDonough,13-151-0002,AQS
2010-09-18,119,Unknown,Douglasville,13-097-0004,AQS
2010-09-19,93,Unknown,United Avenue,13-121-0055,AQS
2010-09-20,159,Unknown,McDonough,13-151-0002,AQS
2010-09-21,126,Unknown,Kennesaw,13-067-0003,AQS
2010-09-22,122,Unknown,Kennesaw,13-067-0003,AQS
2010-09-23,87,Unknown,Kennesaw,13-067-0003,AQS
2010-09-24,49,Unknown,Dawsonville,13-085-0001,AQS
2010-09-25,54,Unknown,Conyers,13-247-0001,AQS
2010-09-26,29,Unknown,"Yorkville, King Farm",13-223-0003,AQS
2010-09-27,38,Unknown,Georgia Station,13-231-9991,AQS
2010-09-28,49,Unknown,Georgia Station,13-231-9991,AQS
2010-09-29,48,Unknown,"Yorkville, King Farm",13-223-0003,AQS
2010-09-30,50,Unknown,"Yorkville, King Farm",13-223-0003,AQS
2010-10-01,80,Unknown,Georgia Station,13-231-9991,AQS
2010-10-02,64,Unknown,United Avenue,13-121-0055,AQS
2010-10-03,41,Unknown,Georgia Station,13-231-9991,AQS
2010-10-04,36,Unknown,Georgia Station,13-231-9991,AQS
2010-10-05,40,Unknown,Newnan,13-077-0002,AQS
2010-10-06,48,Unknown,"Yorkville, King Farm",13-223-0003,AQS
2010-10-07,64,Unknown,Dawsonville,13-085-0001,AQS
2010-10-08,90,Unknown,United Avenue,13-121-0055,AQS
2010-10-09,101,Unknown,Conyers,13-247-0001,AQS
2010-10-10,105,Unknown,Conyers,13-247-0001,AQS
2010-10-11,84,Unknown,Georgia Station,13-231-9991,AQS
2010-10-12,58,Unknown,Dawsonville,13-085-0001,AQS
2010-10-13,54,Unknown,Georgia Station,13-231-9991,AQS
2010-10-14,45,Unknown,Georgia Station,13-231-9991,AQS
2010-10-15,54,Unknown,Georgia Station,13-231-9991,AQS
2010-10-16,54,Unknown,Georgia Station,13-231-9991,AQS
2010-10-17,67,Unknown,Georgia Station,13-231-9991,AQS
2010-10-18,64,Unknown,Douglasville,13-097-0004,AQS
2010-10-19,105,Unknown,Georgia Station,13-231-9991,AQS
2010-10-20,50,Unknown,Georgia Station,13-231-9991,AQS
2010-10-21,64,Unknown,Georgia Station,13-231-9991,AQS
2010-10-22,49,Unknown,Georgia Station,13-231-9991,AQS
2010-10-23,74,Unknown,Georgia Station,13-231-9991,AQS
2010-10-24,46,Unknown,"Yorkville, King Farm",13-223-0003,AQS
2010-10-25,29,Unknown,"Yorkville, King Farm",13-223-0003,AQS
2010-10-26,21,Unknown,Georgia Station,13-231-9991,AQS
2010-10-27,19,Unknown,Georgia Station,13-231-9991,AQS
2010-10-28,37,Unknown,"Yorkville, King Farm",13-223-0003,AQS
2010-10-29,35,Unknown,"Yorkville, King Farm",13-223-0003,AQS
2010-10-30,44,Unknown,Dawsonville,13-085-0001,AQS
2010-10-31,50,Unknown,Douglasville,13-097-0004,AQS
2010-11-01,44,Unknown,South DeKalb,13-089-0002,AQS
2010-11-02,28,Unknown,South DeKalb,13-089-0002,AQS
2010-11-03,14,Unknown,South DeKalb,13-089-0002,AQS
2010-11-04,31,Unknown,Georgia Station,13-231-9991,AQS
2010-11-05,30,Unknown,Georgia Station,13-231-9991,AQS
2010-11-06,32,Unknown,Georgia Station,13-231-9991,AQS
2010-11-07,33,Unknown,Georgia Station,13-231-9991,AQS
2010-11-08,38,Unknown,Georgia Station,13-231-9991,AQS
2010-11-09,40,Unknown,Georgia Station,13-231-9991,AQS
2010-11-10,46,Unknown,Georgia Station,13-231-9991,AQS
2010-11-11,61,Unknown,Georgia Station,13-231-9991,AQS
2010-11-12,47,Unknown,Georgia Station,13-231-9991,AQS
2010-11-13,48,Unknown,Georgia Station,13-231-9991,AQS
2010-11-14,46,Unknown,Georgia Station,13-231-9991,AQS
2010-11-15,33,Unknown,Georgia Station,13-231-9991,AQS
2010-11-16,35,Unknown,Georgia Station,13-231-9991,AQS
2010-11-17,38,Unknown,Georgia Station,13-231-9991,AQS
2010-11-18,38,Unknown,Georgia Station,13-231-9991,AQS
2010-11-19,47,Unknown,Georgia Station,13-231-9991,AQS
2010-11-20,44,Unknown,Georgia Station,13-231-9991,AQS
2010-11-21,43,Unknown,Georgia Station,13-231-9991,AQS
2010-11-22,37,Unknown,Georgia Station,13-231-9991,AQS
2010-11-23,31,Unknown,Georgia Station,13-231-9991,AQS
2010-11-24,19,Unknown,Georgia Station,13-231-9991,AQS
2010-11-25,33,Unknown,Georgia Station,13-231-9991,AQS
2010-11-26,30,Unknown,Georgia Station,13-231-9991,AQS
2010-11-27,34,Unknown,Georgia Station,13-231-9991,AQS
2010-11-28,32,Unknown,Georgia Station,13-231-9991,AQS
2010-11-29,27,Unknown,Georgia Station,13-231-9991,AQS
2010-11-30,31,Unknown,Georgia Station,13-231-9991,AQS
2010-12-01,33,Unknown,Georgia Station,13-231-9991,AQS
2010-12-02,36,Unknown,Georgia Station,13-231-9991,AQS
2010-12-03,44,Unknown,Georgia Station,13-231-9991,AQS
2010-12-04,41,Unknown,Georgia Station,13-231-9991,AQS
2010-12-05,33,Unknown,Georgia Station,13-231-9991,AQS
2010-12-06,35,Unknown,Georgia Station,13-231-9991,AQS
2010-12-07,34,Unknown,Georgia Station,13-231-9991,AQS
2010-12-08,24,Unknown,Georgia Station,13-231-9991,AQS
2010-12-09,32,Unknown,Georgia Station,13-231-9991,AQS
2010-12-10,37,Unknown,Georgia Station,13-231-9991,AQS
2010-12-11,39,Unknown,Georgia Station,13-231-9991,AQS
2010-12-12,31,Unknown,Georgia Station,13-231-9991,AQS
2010-12-13,32,Unknown,Georgia Station,13-231-9991,AQS
2010-12-14,33,Unknown,Georgia Station,13-231-9991,AQS
2010-12-15,29,Unknown,Georgia Station,13-231-9991,AQS
2010-12-16,32,Unknown,Georgia Station,13-231-9991,AQS
2010-12-17,23,Unknown,Georgia Station,13-231-9991,AQS
2010-12-18,16,Unknown,Georgia Station,13-231-9991,AQS
2010-12-19,33,Unknown,Georgia Station,13-231-9991,AQS
2010-12-20,35,Unknown,Georgia Station,13-231-9991,AQS
2010-12-21,35,Unknown,Georgia Station,13-231-9991,AQS
2010-12-22,19,Unknown,South DeKalb,13-089-0002,AQS
2010-12-23,20,Unknown,South DeKalb,13-089-0002,AQS
2010-12-24,35,Unknown,Georgia Station,13-231-9991,AQS
2010-12-25,26,Unknown,Georgia Station,13-231-9991,AQS
2010-12-26,31,Unknown,Georgia Station,13-231-9991,AQS
2010-12-27,35,Unknown,Georgia Station,13-231-9991,AQS
2010-12-28,37,Unknown,Georgia Station,13-231-9991,AQS
2010-12-29,34,Unknown,Georgia Station,13-231-9991,AQS
2010-12-30,31,Unknown,Georgia Station,13-231-9991,AQS
2010-12-31,41,Unknown,Georgia Station,13-231-9991,AQS
2011-01-01,31,Unknown,Georgia Station,13-231-9991,AQS
2011-01-02,28,Unknown,South DeKalb,13-089-0002,AQS
2011-01-03,23,Unknown,South DeKalb,13-089-0002,AQS
2011-01-04,41,Unknown,Georgia Station,13-231-9991,AQS
2011-01-05,33,Unknown,Georgia Station,13-231-9991,AQS
2011-01-06,38,Unknown,Georgia Station,13-231-9991,AQS
2011-01-07,41,Unknown,Georgia Station,13-231-9991,AQS
2011-01-08,38,Unknown,Georgia Station,13-231-9991,AQS
2011-01-09,31,Unknown,Georgia Station,13-231-9991,AQS
2011-01-10,32,Unknown,Georgia Station,13-231-9991,AQS
2011-01-11,29,Unknown,Georgia Station,13-231-9991,AQS
2011-01-12,33,Unknown,Georgia Station,13-231-9991,AQS
2011-01-13,34,Unknown,Georgia Station,13-231-9991,AQS
2011-01-14,38,Unknown,Georgia Station,13-231-9991,AQS
2011-01-15,37,Unknown,Georgia Station,13-231-9991,AQS
2011-01-16,40,Unknown,Georgia Station,13-231-9991,AQS
2011-01-17,27,Unknown,Georgia Station,13-231-9991,AQS
2011-01-18,17,Unknown,Georgia Station,13-231-9991,AQS
2011-01-19,23,Unknown,Georgia Station,13-231-9991,AQS
2011-01-20,18,Unknown,Georgia Station,13-231-9991,AQS
2011-01-21,37,Unknown,Georgia Station,13-231-9991,AQS
2011-01-22,29,Unknown,South DeKalb,13-089-0002,AQS
2011-01-23,25,Unknown,South DeKalb,13-089-0002,AQS
2011-01-24,44,Unknown,Georgia Station,13-231-9991,AQS
2011-01-25,28,Unknown,Georgia Station,13-231-9991,AQS
2011-01-26,31,Unknown,Georgia Station,13-231-9991,AQS
2011-01-27,40,Unknown,Georgia Station,13-231-9991,AQS
2011-01-28,37,Unknown,Georgia Station,13-231-9991,AQS
2011-01-29,46,Unknown,Georgia Station,13-231-9991,AQS
2011-01-30,46,Unknown,South DeKalb,13-089-0002,AQS
2011-01-31,13,Unknown,South DeKalb,13-089-0002,AQS
2011-02-01,31,Unknown,Georgia Station,13-231-9991,AQS
2011-02-02,31,Unknown,Georgia Station,13-231-9991,AQS
2011-02-03,27,Unknown,Georgia Station,13-231-9991,AQS
2011-02-04,24,Unknown,Georgia Station,13-231-9991,AQS
2011-02-05,29,Unknown,Georgia Station,13-231-9991,AQS
2011-02-06,40,Unknown,Georgia Station,13-231-9991,AQS
2011-02-07,35,Unknown,Georgia Station,13-231-9991,AQS
2011-02-08,35,Unknown,Georgia Station,13-231-9991,AQS
2011-02-09,33,Unknown,Georgia Station,13-231-9991,AQS
2011-02-10,29,Unknown,Georgia Station,13-231-9991,AQS
2011-02-11,39,Unknown,Georgia Station,13-231-9991,AQS
2011-02-12,43,Unknown,Georgia Station,13-231-9991,AQS
2011-02-13,47,Unknown,Georgia Station,13-231-9991,AQS
2011-02-14,67,Unknown,Georgia Station,13-231-9991,AQS
2011-02-15,48,Unknown,Georgia Station,13-231-9991,AQS
2011-02-16,42,Unknown,South DeKalb,13-089-0002,AQS
2011-02-17,71,Unknown,South DeKalb,13-089-0002,AQS
2011-02-18,44,Unknown,Georgia Station,13-231-9991,AQS
2011-02-19,42,Unknown,Georgia Station,13-231-9991,AQS
2011-02-20,43,Unknown,Georgia Station,13-231-9991,AQS
2011-02-21,36,Unknown,Georgia Station,13-231-9991,AQS
2011-02-22,49,Unknown,Georgia Station,13-231-9991,AQS
2011-02-23,48,Unknown,Georgia Station,13-231-9991,AQS
2011-02-24,43,Unknown,South DeKalb,13-089-0002,AQS
2011-02-25,41,Unknown,Georgia Station,13-231-9991,AQS
2011-02-26,51,Unknown,Georgia Station,13-231-9991,AQS
2011-02-27,40,Unknown,Georgia Station,13-231-9991,AQS
2011-02-28,31,Unknown,Georgia Station,13-231-9991,AQS
2011-03-01,44,Unknown,Dawsonville,13-085-0001,AQS
2011-03-02,48,Unknown,Dawsonville,13-085-0001,AQS
2011-03-03,71,Unknown,Georgia Station,13-231-9991,AQS
2011-03-04,45,Unknown,"Yorkville, King Farm",13-223-0003,AQS
2011-03-05,34,Unknown,"Yorkville, King Farm",13-223-0003,AQS
2011-03-06,32,Unknown,Georgia Station,13-231-9991,AQS
2011-03-07,36,Unknown,Dawsonville,13-085-0001,AQS
2011-03-08,45,Unknown,Georgia Station,13-231-9991,AQS
2011-03-09,37,Unknown,Georgia Station,13-231-9991,AQS
2011-03-10,36,Unknown,Georgia Station,13-231-9991,AQS
2011-03-11,45,Unknown,Georgia Station,13-231-9991,AQS
2011-03-12,74,Unknown,Dawsonville,13-085-0001,AQS
2011-03-13,64,Unknown,Conyers,13-247-0001,AQS
2011-03-14,48,Unknown,Georgia Station,13-231-9991,AQS
2011-03-15,34,Unknown,"Yorkville, King Farm",13-223-0003,AQS
2011-03-16,40,Unknown,Georgia Station,13-231-9991,AQS
2011-03-17,54,Unknown,Georgia Station,13-231-9991,AQS
2011-03-18,71,Unknown,Conyers,13-247-0001,AQS
2011-03-19,77,Unknown,Conyers,13-247-0001,AQS
2011-03-20,44,Unknown,Dawsonville,13-085-0001,AQS
2011-03-21,71,Unknown,"Yorkville, King Farm",13-223-0003,AQS
2011-03-22,74,Unknown,Conyers,13-247-0001,AQS
2011-03-23,44,Unknown,Dawsonville,13-085-0001,AQS
2011-03-24,42,Unknown,Georgia Station,13-231-9991,AQS
2011-03-25,44,Unknown,"Yorkville, King Farm",13-223-0003,AQS
2011-03-26,30,Unknown,McDonough,13-151-0002,AQS
2011-03-27,26,Unknown,Kennesaw,13-067-0003,AQS
2011-03-28,29,Unknown,Conyers,13-247-0001,AQS
2011-03-29,36,Unknown,Dawsonville,13-085-0001,AQS
2011-03-30,26,Unknown,Dawsonville,13-085-0001,AQS
2011-03-31,37,Unknown,Dawsonville,13-085-0001,AQS
2011-04-01,44,Unknown,Dawsonville,13-085-0001,AQS
2011-04-02,51,Unknown,Conyers,13-247-0001,AQS
2011-04-03,58,Unknown,Dawsonville,13-085-0001,AQS
2011-04-04,44,Unknown,"Yorkville, King Farm",13-223-0003,AQS
2011-04-05,47,Unknown,Dawsonville,13-085-0001,AQS
2011-04-06,58,Unknown,Dawsonville,13-085-0001,AQS
2011-04-07,74,Unknown,Dawsonville,13-085-0001,AQS
2011-04-08,31,Unknown,Dawsonville,13-085-0001,AQS
2011-04-09,40,Unknown,Conyers,13-247-0001,AQS
2011-04-10,44,Unknown,Dawsonville,13-085-0001,AQS
2011-04-11,39,Unknown,"Yorkville, King Farm",13-223-0003,AQS
2011-04-12,49,Unknown,Conyers,13-247-0001,AQS
2011-04-13,71,Unknown,Douglasville,13-097-0004,AQS
2011-04-14,100,Unknown,"Yorkville, King Farm",13-223-0003,AQS
2011-04-15,48,Unknown,"Yorkville, King Farm",13-223-0003,AQS
2011-04-16,44,Unknown,United Avenue,13-121-0055,AQS
2011-04-17,67,Unknown,Conyers,13-247-0001,AQS
2011-04-18,77,Unknown,Dawsonville,13-085-0001,AQS
2011-04-19,84,Unknown,Conyers,13-247-0001,AQS
2011-04-20,43,Unknown,Dawsonville,13-085-0001,AQS
2011-04-21,49,Unknown,Conyers,13-247-0001,AQS
2011-04-22,39,Unknown,"Yorkville, King Farm",13-223-0003,AQS
2011-04-23,39,Unknown,Dawsonville,13-085-0001,AQS
2011-04-24,54,Unknown,Dawsonville,13-085-0001,AQS
2011-04-25,38,Unknown,Conyers,13-247-0001,AQS
2011-04-26,33,Unknown,Dawsonville,13-085-0001,AQS
2011-04-27,37,Unknown,"Yorkville, King Farm",13-223-0003,AQS
2011-04-28,48,Unknown,Conyers,13-247-0001,AQS
2011-04-29,74,Unknown,Conyers,13-247-0001,AQS
2011-04-30,97,Unknown,Kennesaw,13-067-0003,AQS
2011-05-01,100,Unknown,Kennesaw,13-067-0003,AQS
2011-05-02,49,Unknown,United Avenue,13-121-0055,AQS
2011-05-03,39,Unknown,Dawsonville,13-085-0001,AQS
2011-05-04,51,Unknown,Conyers,13-247-0001,AQS
2011-05-05,49,Unknown,Georgia Station,13-231-9991,AQS
2011-05-06,77,Unknown,Conyers,13-247-0001,AQS
2011-05-07,93,Unknown,Conyers,13-247-0001,AQS
2011-05-08,87,Unknown,Conyers,13-247-0001,AQS
2011-05-09,147,Unknown,United Avenue,13-121-0055,AQS
2011-05-10,97,Unknown,Conyers,13-247-0001,AQS
2011-05-11,115,Unknown,Conyers,13-247-0001,AQS
2011-05-12,150,Unknown,Gwinnett,13-135-0002,AQS
2011-05-13,49,Unknown,Gwinnett,13-135-0002,AQS
2011-05-14,47,Unknown,Conyers,13-247-0001,AQS
2011-05-15,25,Unknown,Conyers,13-247-0001,AQS
2011-05-16,24,Unknown,"Yorkville, King Farm",13-223-0003,AQS
2011-05-17,37,Unknown,"Yorkville, King Farm",13-223-0003,AQS
2011-05-18,42,Unknown,Conyers,13-247-0001,AQS
2011-05-19,105,Unknown,Conyers,13-247-0001,AQS
2011-05-20,136,Unknown,Gwinnett,13-135-0002,AQS
2011-05-21,119,Unknown,Gwinnett,13-135-0002,AQS
2011-05-22,71,Unknown,Conyers,13-247-0001,AQS
2011-05-23,54,Unknown,Gwinnett,13-135-0002,AQS
2011-05-24,48,Unknown,Gwinnett,13-135-0002,AQS
2011-05-25,93,Unknown,Dawsonville,13-085-0001,AQS
2011-05-26,43,Unknown,Dawsonville,13-085-0001,AQS
2011-05-27,54,Unknown,Gwinnett,13-135-0002,AQS
2011-05-28,136,Unknown,United Avenue,13-121-0055,AQS
2011-05-29,80,Unknown,Kennesaw,13-067-0003,AQS
2011-05-30,58,Unknown,Kennesaw,13-067-0003,AQS
2011-05-31,129,Unknown,McDonough,13-151-0002,AQS
2011-06-01,112,Unknown,Georgia Station,13-231-9991,AQS
2011-06-02,166,Unknown,United Avenue,13-121-0055,AQS
2011-06-03,147,Unknown,McDonough,13-151-0002,AQS
2011-06-04,129,Unknown,United Avenue,13-121-0055,AQS
2011-06-05,105,Unknown,McDonough,13-151-0002,AQS
2011-06-06,140,Unknown,Douglasville,13-097-0004,AQS
2011-06-07,126,Unknown,Kennesaw,13-067-0003,AQS
2011-06-08,140,Unknown,Gwinnett,13-135-0002,AQS
2011-06-09,108,Unknown,Conyers,13-247-0001,AQS
2011-06-10,147,Unknown,United Avenue,13-121-0055,AQS
2011-06-11,122,Unknown,Kennesaw,13-067-0003,AQS
2011-06-12,108,Unknown,Conyers,13-247-0001,AQS
2011-06-13,129,Unknown,Conyers,13-247-0001,AQS
2011-06-14,129,Unknown,McDonough,13-151-0002,AQS
2011-06-15,126,Unknown,United Avenue,13-121-0055,AQS
2011-06-16,90,Unknown,Conyers,13-247-0001,AQS
2011-06-17,90,Unknown,Conyers,13-247-0001,AQS
2011-06-18,36,Unknown,Conyers,13-247-0001,AQS
2011-06-19,36,Unknown,Gwinnett,13-135-0002,AQS
2011-06-20,58,Unknown,Gwinnett,13-135-0002,AQS
2011-06-21,42,Unknown,Gwinnett,13-135-0002,AQS
2011-06-22,38,Unknown,Gwinnett,13-135-0002,AQS
2011-06-23,31,Unknown,Conyers,13-247-0001,AQS
2011-06-24,54,Unknown,Conyers,13-247-0001,AQS
2011-06-25,119,Unknown,Conyers,13-247-0001,AQS
2011-06-26,90,Unknown,Conyers,13-247-0001,AQS
2011-06-27,61,Unknown,Conyers,13-247-0001,AQS
2011-06-28,90,Unknown,Conyers,13-247-0001,AQS
2011-06-29,112,Unknown,McDonough,13-151-0002,AQS
2011-06-30,115,Unknown,Douglasville,13-097-0004,AQS
2011-07-01,151,Unknown,United Avenue,13-121-0055,AQS
2011-07-02,172,Unknown,South DeKalb,13-089-0002,AQS
2011-07-03,115,Unknown,United Avenue,13-121-0055,AQS
2011-07-04,51,Unknown,South DeKalb,13-089-0002,AQS
2011-07-05,122,Unknown,Conyers,13-247-0001,AQS
2011-07-06,90,Unknown,McDonough,13-151-0002,AQS
2011-07-07,156,Unknown,Gwinnett,13-135-0002,AQS
2011-07-08,93,Unknown,Conyers,13-247-0001,AQS
2011-07-09,74,Unknown,Gwinnett,13-135-0002,AQS
2011-07-10,84,Unknown,Douglasville,13-097-0004,AQS
2011-07-11,100,Unknown,United Avenue,13-121-0055,AQS
2011-07-12,74,Unknown,McDonough,13-151-0002,AQS
2011-07-13,140,Unknown,McDonough,13-151-0002,AQS
2011-07-14,115,Unknown,"Yorkville, King Farm",13-223-0003,AQS
2011-07-15,35,Unknown,"Yorkville, King Farm",13-223-0003,AQS
2011-07-16,42,Unknown,"Yorkville, King Farm",13-223-0003,AQS
2011-07-17,46,Unknown,"Yorkville, King Farm",13-223-0003,AQS
2011-07-18,122,Unknown,United Avenue,13-121-0055,AQS
2011-07-19,115,Unknown,McDonough,13-151-0002,AQS
2011-07-20,74,Unknown,Conyers,13-247-0001,AQS
2011-07-21,101,Unknown,Gwinnett,13-135-0002,AQS
2011-07-22,105,Unknown,Gwinnett,13-135-0002,AQS
2011-07-23,44,Unknown,Dawsonville,13-085-0001,AQS
2011-07-24,39,Unknown,Gwinnett,13-135-0002,AQS
2011-07-25,37,Unknown,Conyers,13-247-0001,AQS
2011-07-26,105,Unknown,Georgia Station,13-231-9991,AQS
2011-07-27,108,Unknown,"Yorkville, King Farm",13-223-0003,AQS
2011-07-28,54,Unknown,Dawsonville,13-085-0001,AQS
2011-07-29,44,Unknown,Conyers,13-247-0001,AQS
2011-07-30,40,Unknown,Conyers,13-247-0001,AQS
2011-07-31,54,Unknown,McDonough,13-151-0002,AQS
2011-08-01,119,Unknown,Douglasville,13-097-0004,AQS
2011-08-02,119,Unknown,Conyers,13-247-0001,AQS
2011-08-03,140,Unknown,Conyers,13-247-0001,AQS
2011-08-04,58,Unknown,Georgia Station,13-231-9991,AQS
2011-08-05,133,Unknown,United Avenue,13-121-0055,AQS
2011-08-06,80,Unknown,United Avenue,13-121-0055,AQS
2011-08-07,50,Unknown,Gwinnett,13-135-0002,AQS
2011-08-08,64,Unknown,Conyers,13-247-0001,AQS
2011-08-09,58,Unknown,Conyers,13-247-0001,AQS
2011-08-10,147,Unknown,Conyers,13-247-0001,AQS
2011-08-11,119,Unknown,Conyers,13-247-0001,AQS
2011-08-12,140,Unknown,McDonough,13-151-0002,AQS
2011-08-13,100,Unknown,United Avenue,13-121-0055,AQS
2011-08-14,74,Unknown,Conyers,13-247-0001,AQS
2011-08-15,100,Unknown,McDonough,13-151-0002,AQS
2011-08-16,119,Unknown,Kennesaw,13-067-0003,AQS
2011-08-17,122,Unknown,Kennesaw,13-067-0003,AQS
2011-08-18,100,Unknown,Gwinnett,13-135-0002,AQS
2011-08-19,136,Unknown,Conyers,13-247-0001,AQS
2011-08-20,105,Unknown,Kennesaw,13-067-0003,AQS
2011-08-21,100,Unknown,Gwinnett,13-135-0002,AQS
2011-08-22,112,Unknown,McDonough,13-151-0002,AQS
2011-08-23,115,Unknown,Douglasville,13-097-0004,AQS
2011-08-24,129,Unknown,Kennesaw,13-067-0003,AQS
2011-08-25,126,Unknown,United Avenue,13-121-0055,AQS
2011-08-26,150,Unknown,Georgia Station,13-231-9991,AQS
2011-08-27,105,Unknown,McDonough,13-151-0002,AQS
2011-08-28,119,Unknown,McDonough,13-151-0002,AQS
2011-08-29,136,Unknown,Georgia Station,13-231-9991,AQS
2011-08-30,119,Unknown,"Yorkville, King Farm",13-223-0003,AQS
2011-08-31,97,Unknown,"Yorkville, King Farm",13-223-0003,AQS
2011-09-01,136,Unknown,Douglasville,13-097-0004,AQS
2011-09-02,154,Unknown,"Yorkville, King Farm",13-223-0003,AQS
2011-09-03,140,Unknown,"Yorkville, King Farm",13-223-0003,AQS
2011-09-04,42,Unknown,Dawsonville,13-085-0001,AQS
2011-09-05,30,Unknown,Conyers,13-247-0001,AQS
2011-09-06,30,Unknown,Conyers,13-247-0001,AQS
2011-09-07,21,Unknown,Newnan,13-077-0002,AQS
2011-09-08,35,Unknown,Conyers,13-247-0001,AQS
2011-09-09,51,Unknown,Conyers,13-247-0001,AQS
2011-09-10,112,Unknown,Conyers,13-247-0001,AQS
2011-09-11,101,Unknown,Conyers,13-247-0001,AQS
2011-09-12,101,Unknown,Conyers,13-247-0001,AQS
2011-09-13,115,Unknown,McDonough,13-151-0002,AQS
2011-09-14,129,Unknown,Kennesaw,13-067-0003,AQS
2011-09-15,77,Unknown,Conyers,13-247-0001,AQS
2011-09-16,34,Unknown,Conyers,13-247-0001,AQS
2011-09-17,50,Unknown,Douglasville,13-097-0004,AQS
2011-09-18,40,Unknown,"Yorkville, King Farm",13-223-0003,AQS
2011-09-19,43,Unknown,Georgia Station,13-231-9991,AQS
2011-09-20,34,Unknown,"Yorkville, King Farm",13-223-0003,AQS
2011-09-21,37,Unknown,Gwinnett,13-135-0002,AQS
2011-09-22,30,Unknown,Douglasville,13-097-0004,AQS
2011-09-23,39,Unknown,Conyers,13-247-0001,AQS
2011-09-24,64,Unknown,Conyers,13-247-0001,AQS
2011-09-25,48,Unknown,Gwinnett,13-135-0002,AQS
2011-09-26,54,Unknown,Dawsonville,13-085-0001,AQS
2011-09-27,46,Unknown,Conyers,13-247-0001,AQS
2011-09-28,46,Unknown,Dawsonville,13-085-0001,AQS
2011-09-29,61,Unknown,Conyers,13-247-0001,AQS
2011-09-30,44,Unknown,Conyers,13-247-0001,AQS
2011-10-01,36,Unknown,Newnan,13-077-0002,AQS
2011-10-02,39,Unknown,Conyers,13-247-0001,AQS
2011-10-03,46,Unknown,Newnan,13-077-0002,AQS
2011-10-04,67,Unknown,Georgia Station,13-231-9991,AQS
2011-10-05,90,Unknown,Douglasville,13-097-0004,AQS
2011-10-06,74,Unknown,"Yorkville, King Farm",13-223-0003,AQS
2011-10-07,67,Unknown,"Yorkville, King Farm",13-223-0003,AQS
2011-10-08,44,Unknown,Kennesaw,13-067-0003,AQS
2011-10-09,43,Unknown,"Yorkville, King Farm",13-223-0003,AQS
2011-10-10,37,Unknown,Dawsonville,13-085-0001,AQS
2011-10-11,37,Unknown,Dawsonville,13-085-0001,AQS
2011-10-12,29,Unknown,Conyers,13-247-0001,AQS
2011-10-13,36,Unknown,"Yorkville, King Farm",13-223-0003,AQS
2011-10-14,42,Unknown,Georgia Station,13-231-9991,AQS
2011-10-15,49,Unknown,Newnan,13-077-0002,AQS
2011-10-16,42,Unknown,Dawsonville,13-085-0001,AQS
2011-10-17,64,Unknown,"Yorkville, King Farm",13-223-0003,AQS
2011-10-18,43,Unknown,"Yorkville, King Farm",13-223-0003,AQS
2011-10-19,28,Unknown,Newnan,13-077-0002,AQS
2011-10-20,22,Unknown,Newnan,13-077-0002,AQS
2011-10-21,36,Unknown,Newnan,13-077-0002,AQS
2011-10-22,40,Unknown,Georgia Station,13-231-9991,AQS
2011-10-23,44,Unknown,Newnan,13-077-0002,AQS
2011-10-24,50,Unknown,Georgia Station,13-231-9991,AQS
2011-10-25,67,Unknown,Georgia Station,13-231-9991,AQS
2011-10-26,61,Unknown,Georgia Station,13-231-9991,AQS
2011-10-27,51,Unknown,"Yorkville, King Farm",13-223-0003,AQS
2011-10-28,43,Unknown,Georgia Station,13-231-9991,AQS
2011-10-29,38,Unknown,Newnan,13-077-0002,AQS
2011-10-30,39,Unknown,Conyers,13-247-0001,AQS
2011-10-31,43,Unknown,Georgia Station,13-231-9991,AQS
2011-11-01,44,Unknown,Georgia Station,13-231-9991,AQS
2011-11-02,44,Unknown,Georgia Station,13-231-9991,AQS
2011-11-03,40,Unknown,Georgia Station,13-231-9991,AQS
2011-11-04,31,Unknown,Georgia Station,13-231-9991,AQS
2011-11-05,35,Unknown,Georgia Station,13-231-9991,AQS
2011-11-06,30,Unknown,South DeKalb,13-089-0002,AQS
2011-11-07,35,Unknown,Georgia Station,13-231-9991,AQS
2011-11-08,38,Unknown,Georgia Station,13-231-9991,AQS
2011-11-09,37,Unknown,Georgia Station,13-231-9991,AQS
2011-11-10,34,Unknown,Georgia Station,13-231-9991,AQS
2011-11-11,36,Unknown,Georgia Station,13-231-9991,AQS
2011-11-12,42,Unknown,Georgia Station,13-231-9991,AQS
2011-11-13,39,Unknown,Georgia Station,13-231-9991,AQS
2011-11-14,35,Unknown,Georgia Station,13-231-9991,AQS
2011-11-15,28,Unknown,Georgia Station,13-231-9991,AQS
2011-11-16,19,Unknown,Georgia Station,13-231-9991,AQS
2011-11-17,30,Unknown,Georgia Station,13-231-9991,AQS
2011-11-18,32,Unknown,Georgia Station,13-231-9991,AQS
2011-11-19,30,Unknown,Georgia Station,13-231-9991,AQS
2011-11-20,23,Unknown,Georgia Station,13-231-9991,AQS
2011-11-21,28,Unknown,Georgia Station,13-231-9991,AQS
2011-11-22,28,Unknown,Georgia Station,13-231-9991,AQS
2011-11-23,19,Unknown,Georgia Station,13-231-9991,AQS
2011-11-24,37,Unknown,Georgia Station,13-231-9991,AQS
2011-11-25,39,Unknown,Georgia Station,13-231-9991,AQS
2011-11-26,32,Unknown,Georgia Station,13-231-9991,AQS
2011-11-27,35,Unknown,Georgia Station,13-231-9991,AQS
2011-11-28,28,Unknown,Georgia Station,13-231-9991,AQS
2011-11-29,16,Unknown,Georgia Station,13-231-9991,AQS
2011-11-30,20,Unknown,Georgia Station,13-231-9991,AQS
2011-12-01,31,Unknown,Georgia Station,13-231-9991,AQS
2011-12-02,35,Unknown,Georgia Station,13-231-9991,AQS
2011-12-03,41,Unknown,Georgia Station,13-231-9991,AQS
2011-12-04,30,Unknown,Georgia Station,13-231-9991,AQS
2011-12-05,31,Unknown,South DeKalb,13-089-0002,AQS
2011-12-06,29,Unknown,Georgia Station,13-231-9991,AQS
2011-12-07,19,Unknown,Georgia Station,13-231-9991,AQS
2011-12-08,27,Unknown,Georgia Station,13-231-9991,AQS
2011-12-09,33,Unknown,Georgia Station,13-231-9991,AQS
2011-12-10,28,Unknown,Georgia Station,13-231-9991,AQS
2011-12-11,31,Unknown,Georgia Station,13-231-9991,AQS
2011-12-12,26,Unknown,Georgia Station,13-231-9991,AQS
2011-12-13,30,Unknown,Georgia Station,13-231-9991,AQS
2011-12-14,36,Unknown,Georgia Station,13-231-9991,AQS
2011-12-15,35,Unknown,South DeKalb,13-089-0002,AQS
2011-12-16,30,Unknown,South DeKalb,13-089-0002,AQS
2011-12-17,22,Unknown,South DeKalb,13-089-0002,AQS
2011-12-18,22,Unknown,South DeKalb,13-089-0002,AQS
2011-12-19,26,Unknown,South DeKalb,13-089-0002,AQS
2011-12-20,18,Unknown,South DeKalb,13-089-0002,AQS
2011-12-21,20,Unknown,South DeKalb,13-089-0002,AQS
2011-12-22,18,Unknown,South DeKalb,13-089-0002,AQS
2011-12-23,19,Unknown,South DeKalb,13-089-0002,AQS
2011-12-24,19,Unknown,South DeKalb,13-089-0002,AQS
2011-12-25,4,Unknown,South DeKalb,13-089-0002,AQS
2011-12-26,24,Unknown,South DeKalb,13-089-0002,AQS
2011-12-27,22,Unknown,South DeKalb,13-089-0002,AQS
2011-12-28,22,Unknown,South DeKalb,13-089-0002,AQS
2011-12-29,27,Unknown,South DeKalb,13-089-0002,AQS
2011-12-30,31,Unknown,South DeKalb,13-089-0002,AQS
2011-12-31,30,Unknown,South DeKalb,13-089-0002,AQS
2012-01-01,25,Unknown,South DeKalb,13-089-0002,AQS
2012-01-02,31,Unknown,South DeKalb,13-089-0002,AQS
2012-01-03,21,Unknown,South DeKalb,13-089-0002,AQS
2012-01-04,23,Unknown,South DeKalb,13-089-0002,AQS
2012-01-05,24,Unknown,South DeKalb,13-089-0002,AQS
2012-01-06,29,Unknown,South DeKalb,13-089-0002,AQS
2012-01-07,27,Unknown,South DeKalb,13-089-0002,AQS
2012-01-08,13,Unknown,South DeKalb,13-089-0002,AQS
2012-01-09,19,Unknown,South DeKalb,13-089-0002,AQS
2012-01-10,27,Unknown,Georgia Station,13-231-9991,AQS
2012-01-11,29,Unknown,Georgia Station,13-231-9991,AQS
2012-01-12,35,Unknown,Georgia Station,13-231-9991,AQS
2012-01-13,29,Unknown,Georgia Station,13-231-9991,AQS
2012-01-14,37,Unknown,Georgia Station,13-231-9991,AQS
2012-01-15,36,Unknown,Georgia Station,13-231-9991,AQS
2012-01-16,36,Unknown,Georgia Station,13-231-9991,AQS
2012-01-17,36,Unknown,Georgia Station,13-231-9991,AQS
2012-01-18,29,Unknown,Georgia Station,13-231-9991,AQS
2012-01-19,37,Unknown,Georgia Station,13-231-9991,AQS
2012-01-20,35,Unknown,Georgia Station,13-231-9991,AQS
2012-01-21,27,Unknown,Georgia Station,13-231-9991,AQS
2012-01-22,19,Unknown,Georgia Station,13-231-9991,AQS
2012-01-23,26,Unknown,Georgia Station,13-231-9991,AQS
2012-01-24,33,Unknown,Georgia Station,13-231-9991,AQS
2012-01-25,32,Unknown,Georgia Station,13-231-9991,AQS
2012-01-26,29,Unknown,Georgia Station,13-231-9991,AQS
2012-01-27,32,Unknown,Georgia Station,13-231-9991,AQS
2012-01-28,40,Unknown,Georgia Station,13-231-9991,AQS
2012-01-29,37,Unknown,Georgia Station,13-231-9991,AQS
2012-01-30,42,Unknown,Georgia Station,13-231-9991,AQS
2012-01-31,44,Unknown,Georgia Station,13-231-9991,AQS
2012-02-01,36,Unknown,Georgia Station,13-231-9991,AQS
2012-02-02,41,Unknown,Georgia Station,13-231-9991,AQS
2012-02-03,39,Unknown,Georgia Station,13-231-9991,AQS
2012-02-04,38,Unknown,Georgia Station,13-231-9991,AQS
2012-02-05,34,Unknown,Georgia Station,13-231-9991,AQS
2012-02-06,19,Unknown,Georgia Station,13-231-9991,AQS
2012-02-07,36,Unknown,Georgia Station,13-231-9991,AQS
2012-02-08,43,Unknown,Georgia Station,13-231-9991,AQS
2012-02-09,36,Unknown,Georgia Station,13-231-9991,AQS
2012-02-10,31,Unknown,Georgia Station,13-231-9991,AQS
2012-02-11,32,Unknown,Georgia Station,13-231-9991,AQS
2012-02-12,34,Unknown,Georgia Station,13-231-9991,AQS
2012-02-13,49,Unknown,Georgia Station,13-231-9991,AQS
2012-02-14,39,Unknown,Georgia Station,13-231-9991,AQS
2012-02-15,32,Unknown,Georgia Station,13-231-9991,AQS
2012-02-16,22,Unknown,Georgia Station,13-231-9991,AQS
2012-02-17,36,Unknown,Georgia Station,13-231-9991,AQS
2012-02-18,43,Unknown,Georgia Station,13-231-9991,AQS
2012-02-19,42,Unknown,Georgia Station,13-231-9991,AQS
2012-02-20,35,Unknown,Georgia Station,13-231-9991,AQS
2012-02-21,41,Unknown,Georgia Station,13-231-9991,AQS
2012-02-22,40,Unknown,Georgia Station,13-231-9991,AQS
2012-02-23,33,Unknown,Georgia Station,13-231-9991,AQS
2012-02-24,35,Unknown,Georgia Station,13-231-9991,AQS
2012-02-25,42,Unknown,Georgia Station,13-231-9991,AQS
2012-02-26,46,Unknown,Georgia Station,13-231-9991,AQS
2012-02-27,31,Unknown,Georgia Station,13-231-9991,AQS
2012-02-28,26,Unknown,South DeKalb,13-089-0002,AQS
2012-02-29,25,Unknown,Georgia Station,13-231-9991,AQS
2012-03-01,45,Unknown,Dawsonville,13-085-0001,AQS
2012-03-02,31,Unknown,Douglasville,13-097-0004,AQS
2012-03-03,38,Unknown,Dawsonville,13-085-0001,AQS
2012-03-04,43,Unknown,Newnan,13-077-0002,AQS
2012-03-05,44,Unknown,Newnan,13-077-0002,AQS
2012-03-06,48,Unknown,Georgia Station,13-231-9991,AQS
2012-03-07,42,Unknown,"Yorkville, King Farm",13-223-0003,AQS
2012-03-08,40,Unknown,Dawsonville,13-085-0001,AQS
2012-03-09,40,Unknown,Dawsonville,13-085-0001,AQS
2012-03-10,48,Unknown,Dawsonville,13-085-0001,AQS
2012-03-11,45,Unknown,Dawsonville,13-085-0001,AQS
2012-03-12,37,Unknown,Georgia Station,13-231-9991,AQS
2012-03-13,35,Unknown,Dawsonville,13-085-0001,AQS
2012-03-14,43,Unknown,Dawsonville,13-085-0001,AQS
2012-03-15,44,Unknown,Conyers,13-247-0001,AQS
2012-03-16,43,Unknown,Georgia Station,13-231-9991,AQS
2012-03-17,47,Unknown,Georgia Station,13-231-9991,AQS
2012-03-18,58,Unknown,Gwinnett,13-135-0002,AQS
2012-03-19,64,Unknown,Dawsonville,13-085-0001,AQS
2012-03-20,47,Unknown,Dawsonville,13-085-0001,AQS
2012-03-21,39,Unknown,Georgia Station,13-231-9991,AQS
2012-03-22,40,Unknown,Georgia Station,13-231-9991,AQS
2012-03-23,30,Unknown,Dawsonville,13-085-0001,AQS
2012-03-24,58,Unknown,Georgia Station,13-231-9991,AQS
2012-03-25,54,Unknown,Georgia Station,13-231-9991,AQS
2012-03-26,90,Unknown,Georgia Station,13-231-9991,AQS
2012-03-27,77,Unknown,"Yorkville, King Farm",13-223-0003,AQS
2012-03-28,71,Unknown,Dawsonville,13-085-0001,AQS
2012-03-29,77,Unknown,Dawsonville,13-085-0001,AQS
2012-03-30,50,Unknown,Dawsonville,13-085-0001,AQS
2012-03-31,42,Unknown,Douglasville,13-097-0004,AQS
2012-04-01,48,Unknown,Dawsonville,13-085-0001,AQS
2012-04-02,46,Unknown,Conyers,13-247-0001,AQS
2012-04-03,64,Unknown,United Avenue,13-121-0055,AQS
2012-04-04,54,Unknown,"Yorkville, King Farm",13-223-0003,AQS
2012-04-05,44,Unknown,Dawsonville,13-085-0001,AQS
2012-04-06,41,Unknown,Gwinnett,13-135-0002,AQS
2012-04-07,71,Unknown,Conyers,13-247-0001,AQS
2012-04-08,67,Unknown,Conyers,13-247-0001,AQS
2012-04-09,87,Unknown,Georgia Station,13-231-9991,AQS
2012-04-10,67,Unknown,Douglasville,13-097-0004,AQS
2012-04-11,67,Unknown,Douglasville,13-097-0004,AQS
2012-04-12,51,Unknown,Georgia Station,13-231-9991,AQS
2012-04-13,97,Unknown,Gwinnett,13-135-0002,AQS
2012-04-14,84,Unknown,Kennesaw,13-067-0003,AQS
2012-04-15,45,Unknown,Dawsonville,13-085-0001,AQS
2012-04-16,42,Unknown,Georgia Station,13-231-9991,AQS
2012-04-17,46,Unknown,Georgia Station,13-231-9991,AQS
2012-04-18,30,Unknown,Georgia Station,13-231-9991,AQS
2012-04-19,34,Unknown,Conyers,13-247-0001,AQS
2012-04-20,27,Unknown,"Yorkville, King Farm",13-223-0003,AQS
2012-04-21,47,Unknown,United Avenue,13-121-0055,AQS
2012-04-22,47,Unknown,Georgia Station,13-231-9991,AQS
2012-04-23,47,Unknown,Douglasville,13-097-0004,AQS
2012-04-24,51,Unknown,Georgia Station,13-231-9991,AQS
2012-04-25,93,Unknown,Dawsonville,13-085-0001,AQS
2012-04-26,61,Unknown,"Yorkville, King Farm",13-223-0003,AQS
2012-04-27,51,Unknown,Gwinnett,13-135-0002,AQS
2012-04-28,54,Unknown,Gwinnett,13-135-0002,AQS
2012-04-29,84,Unknown,Gwinnett,13-135-0002,AQS
2012-04-30,87,Unknown,Gwinnett,13-135-0002,AQS
2012-05-01,61,Unknown,Dawsonville,13-085-0001,AQS
2012-05-02,64,Unknown,Kennesaw,13-067-0003,AQS
2012-05-03,42,Unknown,Kennesaw,13-067-0003,AQS
2012-05-04,45,Unknown,Gwinnett,13-135-0002,AQS
2012-05-05,48,Unknown,United Avenue,13-121-0055,AQS
2012-05-06,64,Unknown,Douglasville,13-097-0004,AQS
2012-05-07,45,Unknown,Kennesaw,13-067-0003,AQS
2012-05-08,46,Unknown,Gwinnett,13-135-0002,AQS
2012-05-09,42,Unknown,Douglasville,13-097-0004,AQS
2012-05-10,64,Unknown,Douglasville,13-097-0004,AQS
2012-05-11,87,Unknown,"Yorkville, King Farm",13-223-0003,AQS
2012-05-12,58,Unknown,Kennesaw,13-067-0003,AQS
2012-05-13,43,Unknown,"Yorkville, King Farm",13-223-0003,AQS
2012-05-14,44,Unknown,Gwinnett,13-135-0002,AQS
2012-05-15,51,Unknown,Gwinnett,13-135-0002,AQS
2012-05-16,74,Unknown,Conyers,13-247-0001,AQS
2012-05-17,90,Unknown,Douglasville,13-097-0004,AQS
2012-05-18,93,Unknown,Douglasville,13-097-0004,AQS
2012-05-19,100,Unknown,Douglasville,13-097-0004,AQS
2012-05-20,100,Unknown,Georgia Station,13-231-9991,AQS
2012-05-21,108,Unknown,Conyers,13-247-0001,AQS
2012-05-22,64,Unknown,Conyers,13-247-0001,AQS
2012-05-23,97,Unknown,Conyers,13-247-0001,AQS
2012-05-24,122,Unknown,United Avenue,13-121-0055,AQS
2012-05-25,154,Unknown,United Avenue,13-121-0055,AQS
2012-05-26,112,Unknown,Georgia Station,13-231-9991,AQS
2012-05-27,46,Unknown,Douglasville,13-097-0004,AQS
2012-05-28,71,Unknown,United Avenue,13-121-0055,AQS
2012-05-29,44,Unknown,Douglasville,13-097-0004,AQS
2012-05-30,97,Unknown,Georgia Station,13-231-9991,AQS
2012-05-31,87,Unknown,Conyers,13-247-0001,AQS
2012-06-01,46,Unknown,"Yorkville, King Farm",13-223-0003,AQS
2012-06-02,54,Unknown,Conyers,13-247-0001,AQS
2012-06-03,61,Unknown,Georgia Station,13-231-9991,AQS
2012-06-04,46,Unknown,Conyers,13-247-0001,AQS
2012-06-05,40,Unknown,Douglasville,13-097-0004,AQS
2012-06-06,67,Unknown,United Avenue,13-121-0055,AQS
2012-06-07,93,Unknown,Douglasville,13-097-0004,AQS
2012-06-08,93,Unknown,"Yorkville, King Farm",13-223-0003,AQS
2012-06-09,71,Unknown,"Yorkville, King Farm",13-223-0003,AQS
2012-06-10,29,Unknown,Kennesaw,13-067-0003,AQS
2012-06-11,31,Unknown,Georgia Station,13-231-9991,AQS
2012-06-12,71,Unknown,Conyers,13-247-0001,AQS
2012-06-13,100,Unknown,United Avenue,13-121-0055,AQS
2012-06-14,71,Unknown,Douglasville,13-097-0004,AQS
2012-06-15,90,Unknown,"Yorkville, King Farm",13-223-0003,AQS
2012-06-16,61,Unknown,Douglasville,13-097-0004,AQS
2012-06-17,115,Unknown,Kennesaw,13-067-0003,AQS
2012-06-18,84,Unknown,Kennesaw,13-067-0003,AQS
2012-06-19,93,Unknown,"Yorkville, King Farm",13-223-0003,AQS
2012-06-20,71,Unknown,"Yorkville, King Farm",13-223-0003,AQS
2012-06-21,119,Unknown,Kennesaw,13-067-0003,AQS
2012-06-22,147,Unknown,United Avenue,13-121-0055,AQS
2012-06-23,101,Unknown,Kennesaw,13-067-0003,AQS
2012-06-24,50,Unknown,Douglasville,13-097-0004,AQS
2012-06-25,74,Unknown,Douglasville,13-097-0004,AQS
2012-06-26,108,Unknown,Douglasville,13-097-0004,AQS
2012-06-27,187,Unknown,Georgia Station,13-231-9991,AQS
2012-06-28,179,Unknown,Conyers,13-247-0001,AQS
2012-06-29,218,Unknown,McDonough,13-151-0002,AQS
2012-06-30,166,Unknown,McDonough,13-151-0002,AQS
2012-07-01,129,Unknown,McDonough,13-151-0002,AQS
2012-07-02,112,Unknown,Conyers,13-247-0001,AQS
2012-07-03,156,Unknown,McDonough,13-151-0002,AQS
2012-07-04,71,Unknown,Conyers,13-247-0001,AQS
2012-07-05,129,Unknown,McDonough,13-151-0002,AQS
2012-07-06,159,Unknown,McDonough,13-151-0002,AQS
2012-07-07,119,Unknown,Gwinnett,13-135-0002,AQS
2012-07-08,51,Unknown,Gwinnett,13-135-0002,AQS
2012-07-09,93,Unknown,Conyers,13-247-0001,AQS
2012-07-10,93,Unknown,Gwinnett,13-135-0002,AQS
2012-07-11,74,Unknown,Gwinnett,13-135-0002,AQS
2012-07-12,35,Unknown,Kennesaw,13-067-0003,AQS
2012-07-13,31,Unknown,Kennesaw,13-067-0003,AQS
2012-07-14,35,Unknown,Kennesaw,13-067-0003,AQS
2012-07-15,31,Unknown,Kennesaw,13-067-0003,AQS
2012-07-16,48,Unknown,Conyers,13-247-0001,AQS
2012-07-17,43,Unknown,Georgia Station,13-231-9991,AQS
2012-07-18,71,Unknown,Conyers,13-247-0001,AQS
2012-07-19,77,Unknown,Gwinnett,13-135-0002,AQS
2012-07-20,36,Unknown,Dawsonville,13-085-0001,AQS
2012-07-21,32,Unknown,United Avenue,13-121-0055,AQS
2012-07-22,39,Unknown,Gwinnett,13-135-0002,AQS
2012-07-23,74,Unknown,South DeKalb,13-089-0002,AQS
2012-07-24,47,Unknown,Conyers,13-247-0001,AQS
2012-07-25,61,Unknown,McDonough,13-151-0002,AQS
2012-07-26,71,Unknown,Conyers,13-247-0001,AQS
2012-07-27,42,Unknown,Conyers,13-247-0001,AQS
2012-07-28,101,Unknown,Conyers,13-247-0001,AQS
2012-07-29,97,Unknown,McDonough,13-151-0002,AQS
2012-07-30,154,Unknown,McDonough,13-151-0002,AQS
2012-07-31,58,Unknown,South DeKalb,13-089-0002,AQS
2012-08-01,126,Unknown,Conyers,13-247-0001,AQS
2012-08-02,108,Unknown,Conyers,13-247-0001,AQS
2012-08-03,58,Unknown,Dawsonville,13-085-0001,AQS
2012-08-04,38,Unknown,Douglasville,13-097-0004,AQS
2012-08-05,33,Unknown,"Yorkville, King Farm",13-223-0003,AQS
2012-08-06,41,Unknown,"Yorkville, King Farm",13-223-0003,AQS
2012-08-07,31,Unknown,Kennesaw,13-067-0003,AQS
2012-08-08,77,Unknown,South DeKalb,13-089-0002,AQS
2012-08-09,38,Unknown,United Avenue,13-121-0055,AQS
2012-08-10,54,Unknown,Gwinnett,13-135-0002,AQS
2012-08-11,51,Unknown,United Avenue,13-121-0055,AQS
2012-08-12,97,Unknown,Conyers,13-247-0001,AQS
2012-08-13,97,Unknown,Conyers,13-247-0001,AQS
2012-08-14,43,Unknown,South DeKalb,13-089-0002,AQS
2012-08-15,67,Unknown,Conyers,13-247-0001,AQS
2012-08-16,154,Unknown,McDonough,13-151-0002,AQS
2012-08-17,84,Unknown,Conyers,13-247-0001,AQS
2012-08-18,54,Unknown,Conyers,13-247-0001,AQS
2012-08-19,43,Unknown,Conyers,13-247-0001,AQS
2012-08-20,90,Unknown,United Avenue,13-121-0055,AQS
2012-08-21,100,Unknown,United Avenue,13-121-0055,AQS
2012-08-22,74,Unknown,Douglasville,13-097-0004,AQS
2012-08-23,71,Unknown,Douglasville,13-097-0004,AQS
2012-08-24,64,Unknown,Douglasville,13-097-0004,AQS
2012-08-25,108,Unknown,Kennesaw,13-067-0003,AQS
2012-08-26,87,Unknown,"Yorkville, King Farm",13-223-0003,AQS
2012-08-27,93,Unknown,Douglasville,13-097-0004,AQS
2012-08-28,18,Unknown,Dawsonville,13-085-0001,AQS
2012-08-29,43,Unknown,Kennesaw,13-067-0003,AQS
2012-08-30,20,Unknown,Georgia Station,13-231-9991,AQS
2012-08-31,43,Unknown,Kennesaw,13-067-0003,AQS
2012-09-01,35,Unknown,Conyers,13-247-0001,AQS
2012-09-02,28,Unknown,United Avenue,13-121-0055,AQS
2012-09-03,37,Unknown,Gwinnett,13-135-0002,AQS
2012-09-04,33,Unknown,Conyers,13-247-0001,AQS
2012-09-05,37,Unknown,Dawsonville,13-085-0001,AQS
2012-09-06,37,Unknown,Conyers,13-247-0001,AQS
2012-09-07,136,Unknown,United Avenue,13-121-0055,AQS
2012-09-08,36,Unknown,"Yorkville, King Farm",13-223-0003,AQS
2012-09-09,49,Unknown,McDonough,13-151-0002,AQS
2012-09-10,64,Unknown,"Yorkville, King Farm",13-223-0003,AQS
2012-09-11,50,Unknown,"Yorkville, King Farm",13-223-0003,AQS
2012-09-12,58,Unknown,"Yorkville, King Farm",13-223-0003,AQS
2012-09-13,67,Unknown,"Yorkville, King Farm",13-223-0003,AQS
2012-09-14,50,Unknown,United Avenue,13-121-0055,AQS
2012-09-15,67,Unknown,United Avenue,13-121-0055,AQS
2012-09-16,42,Unknown,Gwinnett,13-135-0002,AQS
2012-09-17,29,Unknown,Georgia Station,13-231-9991,AQS
2012-09-18,31,Unknown,Kennesaw,13-067-0003,AQS
2012-09-19,48,Unknown,United Avenue,13-121-0055,AQS
2012-09-20,44,Unknown,"Yorkville, King Farm",13-223-0003,AQS
2012-09-21,49,Unknown,Gwinnett,13-135-0002,AQS
2012-09-22,58,Unknown,Douglasville,13-097-0004,AQS
2012-09-23,51,Unknown,Conyers,13-247-0001,AQS
2012-09-24,50,Unknown,Newnan,13-077-0002,AQS
2012-09-25,71,Unknown,Kennesaw,13-067-0003,AQS
2012-09-26,97,Unknown,United Avenue,13-121-0055,AQS
2012-09-27,93,Unknown,Conyers,13-247-0001,AQS
2012-09-28,41,Unknown,Kennesaw,13-067-0003,AQS
2012-09-29,44,Unknown,McDonough,13-151-0002,AQS
2012-09-30,30,Unknown,"Yorkville, King Farm",13-223-0003,AQS
2012-10-01,25,Unknown,Georgia Station,13-231-9991,AQS
2012-10-02,28,Unknown,Georgia Station,13-231-9991,AQS
2012-10-03,33,Unknown,Conyers,13-247-0001,AQS
2012-10-04,77,Unknown,Georgia Station,13-231-9991,AQS
2012-10-05,77,Unknown,United Avenue,13-121-0055,AQS
2012-10-06,54,Unknown,Conyers,13-247-0001,AQS
2012-10-07,31,Unknown,Georgia Station,13-231-9991,AQS
2012-10-08,20,Unknown,Dawsonville,13-085-0001,AQS
2012-10-09,33,Unknown,Dawsonville,13-085-0001,AQS
2012-10-10,37,Unknown,Conyers,13-247-0001,AQS
2012-10-11,41,Unknown,Dawsonville,13-085-0001,AQS
2012-10-12,41,Unknown,Georgia Station,13-231-9991,AQS
2012-10-13,50,Unknown,Georgia Station,13-231-9991,AQS
2012-10-14,34,Unknown,Georgia Station,13-231-9991,AQS
2012-10-15,37,Unknown,Georgia Station,13-231-9991,AQS
2012-10-16,38,Unknown,Douglasville,13-097-0004,AQS
2012-10-17,46,Unknown,"Yorkville, King Farm",13-223-0003,AQS
2012-10-18,40,Unknown,"Yorkville, King Farm",13-223-0003,AQS
2012-10-19,44,Unknown,Georgia Station,13-231-9991,AQS
2012-10-20,38,Unknown,Georgia Station,13-231-9991,AQS
2012-10-21,46,Unknown,Douglasville,13-097-0004,AQS
2012-10-22,61,Unknown,"Yorkville, King Farm",13-223-0003,AQS
2012-10-23,51,Unknown,Georgia Station,13-231-9991,AQS
2012-10-24,48,Unknown,"Yorkville, King Farm",13-223-0003,AQS
2012-10-25,41,Unknown,"Yorkville, King Farm",13-223-0003,AQS
2012-10-26,42,Unknown,"Yorkville, King Farm",13-223-0003,AQS
2012-10-27,26,Unknown,Georgia Station,13-231-9991,AQS
2012-10-28,29,Unknown,"Yorkville, King Farm",13-223-0003,AQS
2012-10-29,36,Unknown,Georgia Station,13-231-9991,AQS
2012-10-30,36,Unknown,Georgia Station,13-231-9991,AQS
2012-10-31,44,Unknown,Georgia Station,13-231-9991,AQS
2012-11-01,43,Unknown,Georgia Station,13-231-9991,AQS
2012-11-02,61,Unknown,Georgia Station,13-231-9991,AQS
2012-11-03,58,Unknown,Georgia Station,13-231-9991,AQS
2012-11-04,41,Unknown,Georgia Station,13-231-9991,AQS
2012-11-05,38,Unknown,Georgia Station,13-231-9991,AQS
2012-11-06,27,Unknown,Georgia Station,13-231-9991,AQS
2012-11-07,25,Unknown,Georgia Station,13-231-9991,AQS
2012-11-08,36,Unknown,Georgia Station,13-231-9991,AQS
2012-11-09,43,Unknown,Georgia Station,13-231-9991,AQS
2012-11-10,46,Unknown,Georgia Station,13-231-9991,AQS
2012-11-11,41,Unknown,Georgia Station,13-231-9991,AQS
2012-11-12,34,Unknown,Georgia Station,13-231-9991,AQS
2012-11-13,27,Unknown,Georgia Station,13-231-9991,AQS
2012-11-14,26,Unknown,Georgia Station,13-231-9991,AQS
2012-11-15,19,Unknown,Georgia Station,13-231-9991,AQS
2012-11-16,34,Unknown,Georgia Station,13-231-9991,AQS
2012-11-17,35,Unknown,Georgia Station,13-231-9991,AQS
2012-11-18,36,Unknown,Georgia Station,13-231-9991,AQS
2012-11-19,25,Unknown,Georgia Station,13-231-9991,AQS
2012-11-20,43,Unknown,Georgia Station,13-231-9991,AQS
2012-11-21,43,Unknown,Georgia Station,13-231-9991,AQS
2012-11-22,48,Unknown,Georgia Station,13-231-9991,AQS
2012-11-23,54,Unknown,Georgia Station,13-231-9991,AQS
2012-11-24,34,Unknown,Georgia Station,13-231-9991,AQS
2012-11-25,40,Unknown,Georgia Station,13-231-9991,AQS
2012-11-26,44,Unknown,Georgia Station,13-231-9991,AQS
2012-11-27,33,Unknown,Georgia Station,13-231-9991,AQS
2012-11-28,29,Unknown,Georgia Station,13-231-9991,AQS
2012-11-29,40,Unknown,Georgia Station,13-231-9991,AQS
2012-11-30,41,Unknown,Georgia Station,13-231-9991,AQS
2012-12-01,40,Unknown,Georgia Station,13-231-9991,AQS
2012-12-02,39,Unknown,Georgia Station,13-231-9991,AQS
2012-12-03,39,Unknown,Georgia Station,13-231-9991,AQS
2012-12-04,37,Unknown,Georgia Station,13-231-9991,AQS
2012-12-05,34,Unknown,Georgia Station,13-231-9991,AQS
2012-12-06,31,Unknown,Georgia Station,13-231-9991,AQS
2012-12-07,27,Unknown,Georgia Station,13-231-9991,AQS
2012-12-08,31,Unknown,Georgia Station,13-231-9991,AQS
2012-12-09,36,Unknown,Georgia Station,13-231-9991,AQS
2012-12-10,31,Unknown,Georgia Station,13-231-9991,AQS
2012-12-11,19,Unknown,Georgia Station,13-231-9991,AQS
2012-12-12,15,Unknown,Georgia Station,13-231-9991,AQS
2012-12-13,30,Unknown,Georgia Station,13-231-9991,AQS
2012-12-14,31,Unknown,Georgia Station,13-231-9991,AQS
2012-12-15,31,Unknown,Georgia Station,13-231-9991,AQS
2012-12-16,27,Unknown,Georgia Station,13-231-9991,AQS
2012-12-17,29,Unknown,Georgia Station,13-231-9991,AQS
2012-12-18,37,Unknown,Georgia Station,13-231-9991,AQS
2012-12-19,44,Unknown,Georgia Station,13-231-9991,AQS
2012-12-20,34,Unknown,Georgia Station,13-231-9991,AQS
2012-12-21,37,Unknown,Georgia Station,13-231-9991,AQS
2012-12-22,41,Unknown,Georgia Station,13-231-9991,AQS
2012-12-23,37,Unknown,Georgia Station,13-231-9991,AQS
2012-12-24,32,Unknown,Georgia Station,13-231-9991,AQS
2012-12-25,28,Unknown,Georgia Station,13-231-9991,AQS
2012-12-26,31,Unknown,Georgia Station,13-231-9991,AQS
2012-12-27,31,Unknown,Georgia Station,13-231-9991,AQS
2012-12-28,25,Unknown,Georgia Station,13-231-9991,AQS
2012-12-29,27,Unknown,Georgia Station,13-231-9991,AQS
2012-12-30,35,Unknown,Georgia Station,13-231-9991,AQS
2012-12-31,34,Unknown,Georgia Station,13-231-9991,AQS
2013-01-01,32,Unknown,Georgia Station,13-231-9991,AQS
2013-01-02,22,Unknown,Georgia Station,13-231-9991,AQS
2013-01-03,21,Unknown,Georgia Station,13-231-9991,AQS
2013-01-04,22,Unknown,South DeKalb,13-089-0002,AQS
2013-01-05,35,Unknown,Georgia Station,13-231-9991,AQS
2013-01-06,36,Unknown,Georgia Station,13-231-9991,AQS
2013-01-07,37,Unknown,Georgia Station,13-231-9991,AQS
2013-01-08,31,Unknown,Georgia Station,13-231-9991,AQS
2013-01-09,27,Unknown,Georgia Station,13-231-9991,AQS
2013-01-10,25,Unknown,South DeKalb,13-089-0002,AQS
2013-01-11,22,Unknown,Georgia Station,13-231-9991,AQS
2013-01-12,26,Unknown,Georgia Station,13-231-9991,AQS
2013-01-13,23,Unknown,Georgia Station,13-231-9991,AQS
2013-01-14,24,Unknown,Georgia Station,13-231-9991,AQS
2013-01-15,23,Unknown,Georgia Station,13-231-9991,AQS
2013-01-16,21,Unknown,Georgia Station,13-231-9991,AQS
2013-01-17,24,Unknown,Georgia Station,13-231-9991,AQS
2013-01-18,35,Unknown,Georgia Station,13-231-9991,AQS
2013-01-19,41,Unknown,Georgia Station,13-231-9991,AQS
2013-01-20,46,Unknown,Georgia Station,13-231-9991,AQS
2013-01-21,43,Unknown,Georgia Station,13-231-9991,AQS
2013-01-22,37,Unknown,Georgia Station,13-231-9991,AQS
2013-01-23,42,Unknown,Georgia Station,13-231-9991,AQS
2013-01-24,43,Unknown,Georgia Station,13-231-9991,AQS
2013-01-25,32,Unknown,Georgia Station,13-231-9991,AQS
2013-01-26,32,Unknown,Georgia Station,13-231-9991,AQS
2013-01-27,33,Unknown,Georgia Station,13-231-9991,AQS
2013-01-28,35,Unknown,Georgia Station,13-231-9991,AQS
2013-01-29,38,Unknown,Georgia Station,13-231-9991,AQS
2013-01-30,36,Unknown,Georgia Station,13-231-9991,AQS
2013-01-31,37,Unknown,Georgia Station,13-231-9991,AQS
2013-02-01,39,Unknown,Georgia Station,13-231-9991,AQS
2013-02-02,43,Unknown,Georgia Station,13-231-9991,AQS
2013-02-03,43,Unknown,Georgia Station,13-231-9991,AQS
2013-02-04,37,Unknown,Georgia Station,13-231-9991,AQS
2013-02-05,45,Unknown,Georgia Station,13-231-9991,AQS
2013-02-06,49,Unknown,Georgia Station,13-231-9991,AQS
2013-02-07,37,Unknown,Georgia Station,13-231-9991,AQS
2013-02-08,29,Unknown,Georgia Station,13-231-9991,AQS
2013-02-09,32,Unknown,Georgia Station,13-231-9991,AQS
2013-02-10,41,Unknown,Georgia Station,13-231-9991,AQS
2013-02-11,32,Unknown,Georgia Station,13-231-9991,AQS
2013-02-12,31,Unknown,Georgia Station,13-231-9991,AQS
2013-02-13,31,Unknown,Georgia Station,13-231-9991,AQS
2013-02-14,37,Unknown,Georgia Station,13-231-9991,AQS
2013-02-15,44,Unknown,Georgia Station,13-231-9991,AQS
2013-02-16,40,Unknown,Georgia Station,13-231-9991,AQS
2013-02-17,42,Unknown,Georgia Station,13-231-9991,AQS
2013-02-18,45,Unknown,Georgia Station,13-231-9991,AQS
2013-02-19,41,Unknown,Georgia Station,13-231-9991,AQS
2013-02-20,43,Unknown,Georgia Station,13-231-9991,AQS
2013-02-21,49,Unknown,Georgia Station,13-231-9991,AQS
2013-02-22,37,Unknown,Georgia Station,13-231-9991,AQS
2013-02-23,21,Unknown,Georgia Station,13-231-9991,AQS
2013-02-24,47,Unknown,Georgia Station,13-231-9991,AQS
2013-02-25,32,Unknown,Georgia Station,13-231-9991,AQS
2013-02-26,41,Unknown,Georgia Station,13-231-9991,AQS
2013-02-27,46,Unknown,Georgia Station,13-231-9991,AQS
2013-02-28,44,Unknown,Georgia Station,13-231-9991,AQS
2013-03-01,40,Unknown,Georgia Station,13-231-9991,AQS
2013-03-02,34,Unknown,Dawsonville,13-085-0001,AQS
2013-03-03,41,Unknown,Douglasville,13-097-0004,AQS
2013-03-04,44,Unknown,Dawsonville,13-085-0001,AQS
2013-03-05,42,Unknown,Georgia Station,13-231-9991,AQS
2013-03-06,43,Unknown,Georgia Station,13-231-9991,AQS
2013-03-07,44,Unknown,Georgia Station,13-231-9991,AQS
2013-03-08,45,Unknown,Georgia Station,13-231-9991,AQS
2013-03-09,64,Unknown,Georgia Station,13-231-9991,AQS
2013-03-10,48,Unknown,Dawsonville,13-085-0001,AQS
2013-03-11,40,Unknown,Georgia Station,13-231-9991,AQS
2013-03-12,44,Unknown,Georgia Station,13-231-9991,AQS
2013-03-13,48,Unknown,Georgia Station,13-231-9991,AQS
2013-03-14,48,Unknown,Georgia Station,13-231-9991,AQS
2013-03-15,105,Unknown,Dawsonville,13-085-0001,AQS
2013-03-16,80,Unknown,Dawsonville,13-085-0001,AQS
2013-03-17,47,Unknown,Dawsonville,13-085-0001,AQS
2013-03-18,32,Unknown,"Yorkville, King Farm",13-223-0003,AQS
2013-03-19,44,Unknown,Dawsonville,13-085-0001,AQS
2013-03-20,47,Unknown,Douglasville,13-097-0004,AQS
2013-03-21,49,Unknown,Georgia Station,13-231-9991,AQS
2013-03-22,41,Unknown,Georgia Station,13-231-9991,AQS
2013-03-23,41,Unknown,Conyers,13-247-0001,AQS
2013-03-24,42,Unknown,Douglasville,13-097-0004,AQS
2013-03-25,46,Unknown,Georgia Station,13-231-9991,AQS
2013-03-26,39,Unknown,Georgia Station,13-231-9991,AQS
2013-03-27,49,Unknown,Georgia Station,13-231-9991,AQS
2013-03-28,71,Unknown,Georgia Station,13-231-9991,AQS
2013-03-29,87,Unknown,Georgia Station,13-231-9991,AQS
2013-03-30,74,Unknown,Dawsonville,13-085-0001,AQS
2013-03-31,46,Unknown,Georgia Station,13-231-9991,AQS
2013-04-01,49,Unknown,Georgia Station,13-231-9991,AQS
2013-04-02,61,Unknown,Georgia Station,13-231-9991,AQS
2013-04-03,50,Unknown,Dawsonville,13-085-0001,AQS
2013-04-04,46,Unknown,Georgia Station,13-231-9991,AQS
2013-04-05,51,Unknown,Douglasville,13-097-0004,AQS
2013-04-06,80,Unknown,Dawsonville,13-085-0001,AQS
2013-04-07,61,Unknown,Dawsonville,13-085-0001,AQS
2013-04-08,50,Unknown,Dawsonville,13-085-0001,AQS
2013-04-09,74,Unknown,Dawsonville,13-085-0001,AQS
2013-04-10,77,Unknown,Dawsonville,13-085-0001,AQS
2013-04-11,33,Unknown,"Yorkville, King Farm",13-223-0003,AQS
2013-04-12,45,Unknown,Dawsonville,13-085-0001,AQS
2013-04-13,54,Unknown,McDonough,13-151-0002,AQS
2013-04-14,39,Unknown,"Yorkville, King Farm",13-223-0003,AQS
2013-04-15,45,Unknown,Kennesaw,13-067-0003,AQS
2013-04-16,43,Unknown,Kennesaw,13-067-0003,AQS
2013-04-17,49,Unknown,Dawsonville,13-085-0001,AQS
2013-04-18,38,Unknown,"Yorkville, King Farm",13-223-0003,AQS
2013-04-19,31,Unknown,Dawsonville,13-085-0001,AQS
2013-04-20,48,Unknown,Georgia Station,13-231-9991,AQS
2013-04-21,48,Unknown,Georgia Station,13-231-9991,AQS
2013-04-22,49,Unknown,Dawsonville,13-085-0001,AQS
2013-04-23,51,Unknown,Dawsonville,13-085-0001,AQS
2013-04-24,41,Unknown,Georgia Station,13-231-9991,AQS
2013-04-25,67,Unknown,Georgia Station,13-231-9991,AQS
2013-04-26,61,Unknown,Dawsonville,13-085-0001,AQS
2013-04-27,51,Unknown,Georgia Station,13-231-9991,AQS
2013-04-28,37,Unknown,"Yorkville, King Farm",13-223-0003,AQS
2013-04-29,44,Unknown,Dawsonville,13-085-0001,AQS
2013-04-30,47,Unknown,Kennesaw,13-067-0003,AQS
2013-05-01,40,Unknown,Kennesaw,13-067-0003,AQS
2013-05-02,33,Unknown,Georgia Station,13-231-9991,AQS
2013-05-03,33,Unknown,Georgia Station,13-231-9991,AQS
2013-05-04,34,Unknown,Georgia Station,13-231-9991,AQS
2013-05-05,44,Unknown,McDonough,13-151-0002,AQS
2013-05-06,33,Unknown,Georgia Station,13-231-9991,AQS
2013-05-07,38,Unknown,Gwinnett,13-135-0002,AQS
2013-05-08,46,Unknown,Conyers,13-247-0001,AQS
2013-05-09,50,Unknown,Conyers,13-247-0001,AQS
2013-05-10,44,Unknown,Dawsonville,13-085-0001,AQS
2013-05-11,40,Unknown,Gwinnett,13-135-0002,AQS
2013-05-12,51,Unknown,Gwinnett,13-135-0002,AQS
2013-05-13,61,Unknown,Georgia Station,13-231-9991,AQS
2013-05-14,77,Unknown,Gwinnett,13-135-0002,AQS
2013-05-15,108,Unknown,Conyers,13-247-0001,AQS
2013-05-16,97,Unknown,Gwinnett,13-135-0002,AQS
2013-05-17,61,Unknown,Dawsonville,13-085-0001,AQS
2013-05-18,35,Unknown,Gwinnett,13-135-0002,AQS
2013-05-19,35,Unknown,"Yorkville, King Farm",13-223-0003,AQS
2013-05-20,48,Unknown,Gwinnett,13-135-0002,AQS
2013-05-21,58,Unknown,Gwinnett,13-135-0002,AQS
2013-05-22,44,Unknown,Gwinnett,13-135-0002,AQS
2013-05-23,54,Unknown,Conyers,13-247-0001,AQS
2013-05-24,49,Unknown,Georgia Station,13-231-9991,AQS
2013-05-25,64,Unknown,Gwinnett,13-135-0002,AQS
2013-05-26,108,Unknown,Conyers,13-247-0001,AQS
2013-05-27,51,Unknown,Kennesaw,13-067-0003,AQS
2013-05-28,67,Unknown,Kennesaw,13-067-0003,AQS
2013-05-29,50,Unknown,"Yorkville, King Farm",13-223-0003,AQS
2013-05-30,36,Unknown,"Yorkville, King Farm",13-223-0003,AQS
2013-05-31,44,Unknown,Kennesaw,13-067-0003,AQS
2013-06-01,30,Unknown,Gwinnett,13-135-0002,AQS
2013-06-02,26,Unknown,"Yorkville, King Farm",13-223-0003,AQS
2013-06-03,44,Unknown,McDonough,13-151-0002,AQS
2013-06-04,71,Unknown,United Avenue,13-121-0055,AQS
2013-06-05,36,Unknown,"Yorkville, King Farm",13-223-0003,AQS
2013-06-06,32,Unknown,Kennesaw,13-067-0003,AQS
2013-06-07,44,Unknown,Gwinnett,13-135-0002,AQS
2013-06-08,61,Unknown,Gwinnett,13-135-0002,AQS
2013-06-09,26,Unknown,Kennesaw,13-067-0003,AQS
2013-06-10,37,Unknown,Dawsonville,13-085-0001,AQS
2013-06-11,49,Unknown,Conyers,13-247-0001,AQS
2013-06-12,101,Unknown,Conyers,13-247-0001,AQS
2013-06-13,44,Unknown,McDonough,13-151-0002,AQS
2013-06-14,126,Unknown,Georgia Station,13-231-9991,AQS
2013-06-15,108,Unknown,Kennesaw,13-067-0003,AQS
2013-06-16,47,Unknown,Kennesaw,13-067-0003,AQS
2013-06-17,39,Unknown,Gwinnett,13-135-0002,AQS
2013-06-18,32,Unknown,Gwinnett,13-135-0002,AQS
2013-06-19,48,Unknown,Georgia Station,13-231-9991,AQS
2013-06-20,74,Unknown,"Yorkville, King Farm",13-223-0003,AQS
2013-06-21,87,Unknown,"Yorkville, King Farm",13-223-0003,AQS
2013-06-22,101,Unknown,Douglasville,13-097-0004,AQS
2013-06-23,42,Unknown,Kennesaw,13-067-0003,AQS
2013-06-24,30,Unknown,Gwinnett,13-135-0002,AQS
2013-06-25,41,Unknown,Conyers,13-247-0001,AQS
2013-06-26,31,Unknown,Gwinnett,13-135-0002,AQS
2013-06-27,38,Unknown,Gwinnett,13-135-0002,AQS
2013-06-28,54,Unknown,Gwinnett,13-135-0002,AQS
2013-06-29,47,Unknown,Gwinnett,13-135-0002,AQS
2013-06-30,48,Unknown,Kennesaw,13-067-0003,AQS
2013-07-01,36,Unknown,Kennesaw,13-067-0003,AQS
2013-07-02,43,Unknown,Kennesaw,13-067-0003,AQS
2013-07-03,25,Unknown,"Yorkville, King Farm",13-223-0003,AQS
2013-07-04,19,Unknown,Kennesaw,13-067-0003,AQS
2013-07-05,21,Unknown,Kennesaw,13-067-0003,AQS
2013-07-06,20,Unknown,Kennesaw,13-067-0003,AQS
2013-07-07,21,Unknown,Gwinnett,13-135-0002,AQS
2013-07-08,40,Unknown,Gwinnett,13-135-0002,AQS
2013-07-09,33,Unknown,Conyers,13-247-0001,AQS
2013-07-10,43,Unknown,McDonough,13-151-0002,AQS
2013-07-11,40,Unknown,Kennesaw,13-067-0003,AQS
2013-07-12,47,Unknown,United Avenue,13-121-0055,AQS
2013-07-13,30,Unknown,Kennesaw,13-067-0003,AQS
2013-07-14,29,Unknown,"Yorkville, King Farm",13-223-0003,AQS
2013-07-15,31,Unknown,"Yorkville, King Farm",13-223-0003,AQS
2013-07-16,40,Unknown,"Yorkville, King Farm",13-223-0003,AQS
2013-07-17,84,Unknown,United Avenue,13-121-0055,AQS
2013-07-18,108,Unknown,Kennesaw,13-067-0003,AQS
2013-07-19,74,Unknown,United Avenue,13-121-0055,AQS
2013-07-20,34,Unknown,Kennesaw,13-067-0003,AQS
2013-07-21,33,Unknown,Gwinnett,13-135-0002,AQS
2013-07-22,31,Unknown,Gwinnett,13-135-0002,AQS
2013-07-23,40,Unknown,United Avenue,13-121-0055,AQS
2013-07-24,54,Unknown,McDonough,13-151-0002,AQS
2013-07-25,115,Unknown,United Avenue,13-121-0055,AQS
2013-07-26,50,Unknown,Kennesaw,13-067-0003,AQS
2013-07-27,41,Unknown,Gwinnett,13-135-0002,AQS
2013-07-28,45,Unknown,United Avenue,13-121-0055,AQS
2013-07-29,74,Unknown,Conyers,13-247-0001,AQS
2013-07-30,177,Unknown,United Avenue,13-121-0055,AQS
2013-07-31,28,Unknown,Dawsonville,13-085-0001,AQS
2013-08-01,49,Unknown,McDonough,13-151-0002,AQS
2013-08-02,74,Unknown,United Avenue,13-121-0055,AQS
2013-08-03,49,Unknown,Gwinnett,13-135-0002,AQS
2013-08-04,49,Unknown,McDonough,13-151-0002,AQS
2013-08-05,47,Unknown,United Avenue,13-121-0055,AQS
2013-08-06,71,Unknown,United Avenue,13-121-0055,AQS
2013-08-07,35,Unknown,Kennesaw,13-067-0003,AQS
2013-08-08,31,Unknown,McDonough,13-151-0002,AQS
2013-08-09,39,Unknown,Gwinnett,13-135-0002,AQS
2013-08-10,35,Unknown,Gwinnett,13-135-0002,AQS
2013-08-11,40,Unknown,Gwinnett,13-135-0002,AQS
2013-08-12,32,Unknown,Conyers,13-247-0001,AQS
2013-08-13,41,Unknown,Conyers,13-247-0001,AQS
2013-08-14,36,Unknown,"Yorkville, King Farm",13-223-0003,AQS
2013-08-15,38,Unknown,"Yorkville, King Farm",13-223-0003,AQS
2013-08-16,31,Unknown,Kennesaw,13-067-0003,AQS
2013-08-17,32,Unknown,Kennesaw,13-067-0003,AQS
2013-08-18,23,Unknown,"Yorkville, King Farm",13-223-0003,AQS
2013-08-19,28,Unknown,Kennesaw,13-067-0003,AQS
2013-08-20,24,Unknown,"Yorkville, King Farm",13-223-0003,AQS
2013-08-21,30,Unknown,Kennesaw,13-067-0003,AQS
2013-08-22,39,Unknown,United Avenue,13-121-0055,AQS
2013-08-23,47,Unknown,McDonough,13-151-0002,AQS
2013-08-24,46,Unknown,"Yorkville, King Farm",13-223-0003,AQS
2013-08-25,44,Unknown,"Yorkville, King Farm",13-223-0003,AQS
2013-08-26,64,Unknown,Douglasville,13-097-0004,AQS
2013-08-27,97,Unknown,McDonough,13-151-0002,AQS
2013-08-28,84,Unknown,United Avenue,13-121-0055,AQS
2013-08-29,105,Unknown,McDonough,13-151-0002,AQS
2013-08-30,58,Unknown,Douglasville,13-097-0004,AQS
2013-08-31,50,Unknown,Kennesaw,13-067-0003,AQS
2013-09-01,35,Unknown,McDonough,13-151-0002,AQS
2013-09-02,47,Unknown,McDonough,13-151-0002,AQS
2013-09-03,61,Unknown,Conyers,13-247-0001,AQS
2013-09-04,105,Unknown,Conyers,13-247-0001,AQS
2013-09-05,133,Unknown,United Avenue,13-121-0055,AQS
2013-09-06,97,Unknown,Douglasville,13-097-0004,AQS
2013-09-07,93,Unknown,United Avenue,13-121-0055,AQS
2013-09-08,93,Unknown,McDonough,13-151-0002,AQS
2013-09-09,64,Unknown,"Yorkville, King Farm",13-223-0003,AQS
2013-09-10,54,Unknown,"Yorkville, King Farm",13-223-0003,AQS
2013-09-11,71,Unknown,Douglasville,13-097-0004,AQS
2013-09-12,80,Unknown,McDonough,13-151-0002,AQS
2013-09-13,58,Unknown,Conyers,13-247-0001,AQS
2013-09-14,48,Unknown,Douglasville,13-097-0004,AQS
2013-09-15,46,Unknown,Kennesaw,13-067-0003,AQS
2013-09-16,90,Unknown,McDonough,13-151-0002,AQS
2013-09-17,45,Unknown,"Yorkville, King Farm",13-223-0003,AQS
2013-09-18,44,Unknown,"Yorkville, King Farm",13-223-0003,AQS
2013-09-19,97,Unknown,United Avenue,13-121-0055,AQS
2013-09-20,71,Unknown,Dawsonville,13-085-0001,AQS
2013-09-21,27,Unknown,"Yorkville, King Farm",13-223-0003,AQS
2013-09-22,41,Unknown,United Avenue,13-121-0055,AQS
2013-09-23,44,Unknown,Kennesaw,13-067-0003,AQS
2013-09-24,31,Unknown,Georgia Station,13-231-9991,AQS
2013-09-25,28,Unknown,Gwinnett,13-135-0002,AQS
2013-09-26,42,Unknown,United Avenue,13-121-0055,AQS
2013-09-27,51,Unknown,Douglasville,13-097-0004,AQS
2013-09-28,44,Unknown,"Yorkville, King Farm",13-223-0003,AQS
2013-09-29,41,Unknown,Douglasville,13-097-0004,AQS
2013-09-30,43,Unknown,Kennesaw,13-067-0003,AQS
2013-10-01,43,Unknown,Conyers,13-247-0001,AQS
2013-10-02,48,Unknown,United Avenue,13-121-0055,AQS
2013-10-03,51,Unknown,United Avenue,13-121-0055,AQS
2013-10-04,61,Unknown,Kennesaw,13-067-0003,AQS
2013-10-05,67,Unknown,Kennesaw,13-067-0003,AQS
2013-10-06,36,Unknown,United Avenue,13-121-0055,AQS
2013-10-07,34,Unknown,Georgia Station,13-231-9991,AQS
2013-10-08,34,Unknown,Kennesaw,13-067-0003,AQS
2013-10-09,39,Unknown,United Avenue,13-121-0055,AQS
2013-10-10,43,Unknown,Kennesaw,13-067-0003,AQS
2013-10-11,46,Unknown,United Avenue,13-121-0055,AQS
2013-10-12,46,Unknown,United Avenue,13-121-0055,AQS
2013-10-13,41,Unknown,United Avenue,13-121-0055,AQS
2013-10-14,26,Unknown,"Yorkville, King Farm",13-223-0003,AQS
2013-10-15,24,Unknown,Georgia Station,13-231-9991,AQS
2013-10-16,38,Unknown,Conyers,13-247-0001,AQS
2013-10-17,25,Unknown,Georgia Station,13-231-9991,AQS
2013-10-18,35,Unknown,McDonough,13-151-0002,AQS
2013-10-19,27,Unknown,McDonough,13-151-0002,AQS
2013-10-20,35,Unknown,Dawsonville,13-085-0001,AQS
2013-10-21,36,Unknown,"Yorkville, King Farm",13-223-0003,AQS
2013-10-22,42,Unknown,Dawsonville,13-085-0001,AQS
2013-10-23,33,Unknown,Georgia Station,13-231-9991,AQS
2013-10-24,34,Unknown,Georgia Station,13-231-9991,AQS
2013-10-25,32,Unknown,Dawsonville,13-085-0001,AQS
2013-10-26,36,Unknown,Georgia Station,13-231-9991,AQS
2013-10-27,41,Unknown,McDonough,13-151-0002,AQS
2013-10-28,31,Unknown,"Yorkville, King Farm",13-223-0003,AQS
2013-10-29,43,Unknown,Conyers,13-247-0001,AQS
2013-10-30,44,Unknown,Dawsonville,13-085-0001,AQS
2013-10-31,36,Unknown,Conyers,13-247-0001,AQS
2013-11-01,27,Unknown,Georgia Station,13-231-9991,AQS
2013-11-02,35,Unknown,Georgia Station,13-231-9991,AQS
2013-11-03,34,Unknown,Georgia Station,13-231-9991,AQS
2013-11-04,33,Unknown,Georgia Station,13-231-9991,AQS
2013-11-05,35,Unknown,Georgia Station,13-231-9991,AQS
2013-11-06,28,Unknown,South DeKalb,13-089-0002,AQS
2013-11-07,27,Unknown,Georgia Station,13-231-9991,AQS
2013-11-08,31,Unknown,Georgia Station,13-231-9991,AQS
2013-11-09,35,Unknown,Georgia Station,13-231-9991,AQS
2013-11-10,41,Unknown,Georgia Station,13-231-9991,AQS
2013-11-11,40,Unknown,Georgia Station,13-231-9991,AQS
2013-11-12,30,Unknown,Georgia Station,13-231-9991,AQS
2013-11-13,30,Unknown,Georgia Station,13-231-9991,AQS
2013-11-14,36,Unknown,Georgia Station,13-231-9991,AQS
2013-11-15,31,Unknown,Georgia Station,13-231-9991,AQS
2013-11-16,24,Unknown,Georgia Station,13-231-9991,AQS
2013-11-17,20,Unknown,Georgia Station,13-231-9991,AQS
2013-11-18,37,Unknown,Georgia Station,13-231-9991,AQS
2013-11-19,35,Unknown,Georgia Station,13-231-9991,AQS
2013-11-20,28,Unknown,Georgia Station,13-231-9991,AQS
2013-11-21,24,Unknown,Georgia Station,13-231-9991,AQS
2013-11-22,22,Unknown,Georgia Station,13-231-9991,AQS
2013-11-23,23,Unknown,Georgia Station,13-231-9991,AQS
2013-11-24,29,Unknown,Georgia Station,13-231-9991,AQS
2013-11-25,30,Unknown,Georgia Station,13-231-9991,AQS
2013-11-26,23,Unknown,Georgia Station,13-231-9991,AQS
2013-11-27,23,Unknown,Georgia Station,13-231-9991,AQS
2013-11-28,25,Unknown,Georgia Station,13-231-9991,AQS
2013-11-29,34,Unknown,Georgia Station,13-231-9991,AQS
2013-11-30,31,Unknown,Georgia Station,13-231-9991,AQS
2013-12-01,31,Unknown,Georgia Station,13-231-9991,AQS
2013-12-02,22,Unknown,Georgia Station,13-231-9991,AQS
2013-12-03,23,Unknown,Georgia Station,13-231-9991,AQS
2013-12-04,22,Unknown,Georgia Station,13-231-9991,AQS
2013-12-05,19,Unknown,Georgia Station,13-231-9991,AQS
2013-12-06,20,Unknown,Georgia Station,13-231-9991,AQS
2013-12-07,8,Unknown,South DeKalb,13-089-0002,AQS
2013-12-08,13,Unknown,South DeKalb,13-089-0002,AQS
2013-12-09,7,Unknown,South DeKalb,13-089-0002,AQS
2013-12-10,29,Unknown,Georgia Station,13-231-9991,AQS
2013-12-11,26,Unknown,Georgia Station,13-231-9991,AQS
2013-12-12,31,Unknown,Georgia Station,13-231-9991,AQS
2013-12-13,32,Unknown,Georgia Station,13-231-9991,AQS
2013-12-14,25,Unknown,Georgia Station,13-231-9991,AQS
2013-12-15,25,Unknown,Georgia Station,13-231-9991,AQS
2013-12-16,30,Unknown,Georgia Station,13-231-9991,AQS
2013-12-17,34,Unknown,Georgia Station,13-231-9991,AQS
2013-12-18,36,Unknown,Georgia Station,13-231-9991,AQS
2013-12-19,41,Unknown,Georgia Station,13-231-9991,AQS
2013-12-20,35,Unknown,Georgia Station,13-231-9991,AQS
2013-12-21,25,Unknown,Georgia Station,13-231-9991,AQS
2013-12-22,29,Unknown,Georgia Station,13-231-9991,AQS
2013-12-23,31,Unknown,Georgia Station,13-231-9991,AQS
2013-12-24,31,Unknown,Georgia Station,13-231-9991,AQS
2013-12-25,30,Unknown,Georgia Station,13-231-9991,AQS
2013-12-26,31,Unknown,Georgia Station,13-231-9991,AQS
2013-12-27,30,Unknown,Georgia Station,13-231-9991,AQS
2013-12-28,31,Unknown,Georgia Station,13-231-9991,AQS
2013-12-29,29,Unknown,Georgia Station,13-231-9991,AQS
2013-12-30,21,Unknown,Georgia Station,13-231-9991,AQS
2013-12-31,24,Unknown,Georgia Station,13-231-9991,AQS
2014-01-01,19,Unknown,South DeKalb,13-089-0002,AQS
2014-01-02,27,Unknown,Georgia Station,13-231-9991,AQS
2014-01-03,31,Unknown,Georgia Station,13-231-9991,AQS
2014-01-04,28,Unknown,Georgia Station,13-231-9991,AQS
2014-01-05,20,Unknown,Georgia Station,13-231-9991,AQS
2014-01-06,33,Unknown,Georgia Station,13-231-9991,AQS
2014-01-07,30,Unknown,Georgia Station,13-231-9991,AQS
2014-01-08,32,Unknown,Georgia Station,13-231-9991,AQS
2014-01-09,29,Unknown,Georgia Station,13-231-9991,AQS
2014-01-10,22,Unknown,Georgia Station,13-231-9991,AQS
2014-01-11,33,Unknown,Georgia Station,13-231-9991,AQS
2014-01-12,34,Unknown,Georgia Station,13-231-9991,AQS
2014-01-13,34,Unknown,Georgia Station,13-231-9991,AQS
2014-01-14,35,Unknown,Georgia Station,13-231-9991,AQS
2014-01-15,31,Unknown,Georgia Station,13-231-9991,AQS
2014-01-16,32,Unknown,Georgia Station,13-231-9991,AQS
2014-01-17,35,Unknown,Georgia Station,13-231-9991,AQS
2014-01-18,34,Unknown,Georgia Station,13-231-9991,AQS
2014-01-19,33,Unknown,Georgia Station,13-231-9991,AQS
2014-01-20,39,Unknown,Georgia Station,13-231-9991,AQS
2014-01-21,28,Unknown,South DeKalb,13-089-0002,AQS
2014-01-22,33,Unknown,Georgia Station,13-231-9991,AQS
2014-01-23,33,Unknown,Georgia Station,13-231-9991,AQS
2014-01-24,27,Unknown,Georgia Station,13-231-9991,AQS
2014-01-25,35,Unknown,Georgia Station,13-231-9991,AQS
2014-01-26,35,Unknown,Georgia Station,13-231-9991,AQS
2014-01-27,42,Unknown,Georgia Station,13-231-9991,AQS
2014-01-28,23,Unknown,South DeKalb,13-089-0002,AQS
2014-01-29,31,Unknown,Georgia Station,13-231-9991,AQS
2014-01-30,33,Unknown,South DeKalb,13-089-0002,AQS
2014-01-31,41,Unknown,Georgia Station,13-231-9991,AQS
2014-02-01,33,Unknown,Georgia Station,13-231-9991,AQS
2014-02-02,30,Unknown,Georgia Station,13-231-9991,AQS
2014-02-03,23,Unknown,Georgia Station,13-231-9991,AQS
2014-02-04,13,Unknown,South DeKalb,13-089-0002,AQS
2014-02-05,28,Unknown,Georgia Station,13-231-9991,AQS
2014-02-06,28,Unknown,Georgia Station,13-231-9991,AQS
2014-02-07,37,Unknown,Georgia Station,13-231-9991,AQS
2014-02-08,42,Unknown,Georgia Station,13-231-9991,AQS
2014-02-09,43,Unknown,Georgia Station,13-231-9991,AQS
2014-02-10,24,Unknown,Georgia Station,13-231-9991,AQS
2014-02-11,25,Unknown,Georgia Station,13-231-9991,AQS
2014-02-12,29,Unknown,South DeKalb,13-089-0002,AQS
2014-02-13,33,Unknown,South DeKalb,13-089-0002,AQS
2014-02-14,38,Unknown,South DeKalb,13-089-0002,AQS
2014-02-15,41,Unknown,Georgia Station,13-231-9991,AQS
2014-02-16,44,Unknown,Georgia Station,13-231-9991,AQS
2014-02-17,49,Unknown,Georgia Station,13-231-9991,AQS
2014-02-18,39,Unknown,Georgia Station,13-231-9991,AQS
2014-02-19,39,Unknown,Georgia Station,13-231-9991,AQS
2014-02-20,34,Unknown,Georgia Station,13-231-9991,AQS
2014-02-21,40,Unknown,Georgia Station,13-231-9991,AQS
2014-02-22,40,Unknown,Georgia Station,13-231-9991,AQS
2014-02-23,43,Unknown,South DeKalb,13-089-0002,AQS
2014-02-24,43,Unknown,Georgia Station,13-231-9991,AQS
2014-02-25,42,Unknown,Georgia Station,13-231-9991,AQS
2014-02-26,33,Unknown,Georgia Station,13-231-9991,AQS
2014-02-27,41,Unknown,Georgia Station,13-231-9991,AQS
2014-02-28,41,Unknown,South DeKalb,13-089-0002,AQS
2014-03-01,49,Unknown,Georgia Station,13-231-9991,AQS
2014-03-02,64,Unknown,Georgia Station,13-231-9991,AQS
2014-03-03,38,Unknown,Georgia Station,13-231-9991,AQS
2014-03-04,35,Unknown,Dawsonville,13-085-0001,AQS
2014-03-05,37,Unknown,Georgia Station,13-231-9991,AQS
2014-03-06,31,Unknown,Dawsonville,13-085-0001,AQS
2014-03-07,40,Unknown,Georgia Station,13-231-9991,AQS
2014-03-08,51,Unknown,Douglasville,13-097-0004,AQS
2014-03-09,61,Unknown,Georgia Station,13-231-9991,AQS
2014-03-10,58,Unknown,Dawsonville,13-085-0001,AQS
2014-03-11,77,Unknown,Georgia Station,13-231-9991,AQS
2014-03-12,42,Unknown,Douglasville,13-097-0004,AQS
2014-03-13,48,Unknown,Douglasville,13-097-0004,AQS
2014-03-14,74,Unknown,Georgia Station,13-231-9991,AQS
2014-03-15,54,Unknown,Douglasville,13-097-0004,AQS
2014-03-16,39,Unknown,Douglasville,13-097-0004,AQS
2014-03-17,35,Unknown,Georgia Station,13-231-9991,AQS
2014-03-18,31,Unknown,Dawsonville,13-085-0001,AQS
2014-03-19,36,Unknown,Douglasville,13-097-0004,AQS
2014-03-20,47,Unknown,Douglasville,13-097-0004,AQS
2014-03-21,80,Unknown,Georgia Station,13-231-9991,AQS
2014-03-22,93,Unknown,Conyers,13-247-0001,AQS
2014-03-23,44,Unknown,Georgia Station,13-231-9991,AQS
2014-03-24,46,Unknown,Georgia Station,13-231-9991,AQS
2014-03-25,43,Unknown,Douglasville,13-097-0004,AQS
2014-03-26,47,Unknown,Dawsonville,13-085-0001,AQS
2014-03-27,80,Unknown,Dawsonville,13-085-0001,AQS
2014-03-28,37,Unknown,"Yorkville, King Farm",13-223-0003,AQS
2014-03-29,38,Unknown,Douglasville,13-097-0004,AQS
2014-03-30,44,Unknown,Dawsonville,13-085-0001,AQS
2014-03-31,51,Unknown,Georgia Station,13-231-9991,AQS
2014-04-01,77,Unknown,Georgia Station,13-231-9991,AQS
2014-04-02,71,Unknown,Dawsonville,13-085-0001,AQS
2014-04-03,49,Unknown,Georgia Station,13-231-9991,AQS
2014-04-04,46,Unknown,Georgia Station,13-231-9991,AQS
2014-04-05,50,Unknown,Georgia Station,13-231-9991,AQS
2014-04-06,42,Unknown,Dawsonville,13-085-0001,AQS
2014-04-07,38,Unknown,Douglasville,13-097-0004,AQS
2014-04-08,51,Unknown,Douglasville,13-097-0004,AQS
2014-04-09,54,Unknown,Douglasville,13-097-0004,AQS
2014-04-10,71,Unknown,Dawsonville,13-085-0001,AQS
2014-04-11,77,Unknown,Dawsonville,13-085-0001,AQS
2014-04-12,87,Unknown,Dawsonville,13-085-0001,AQS
2014-04-13,50,Unknown,Dawsonville,13-085-0001,AQS
2014-04-14,34,Unknown,Douglasville,13-097-0004,AQS
2014-04-15,39,Unknown,Douglasville,13-097-0004,AQS
2014-04-16,46,Unknown,Dawsonville,13-085-0001,AQS
2014-04-17,51,Unknown,Dawsonville,13-085-0001,AQS
2014-04-18,46,Unknown,Dawsonville,13-085-0001,AQS
2014-04-19,49,Unknown,Douglasville,13-097-0004,AQS
2014-04-20,80,Unknown,Douglasville,13-097-0004,AQS
2014-04-21,97,Unknown,Conyers,13-247-0001,AQS
2014-04-22,44,Unknown,Georgia Station,13-231-9991,AQS
2014-04-23,84,Unknown,Georgia Station,13-231-9991,AQS
2014-04-24,93,Unknown,Dawsonville,13-085-0001,AQS
2014-04-25,51,Unknown,Conyers,13-247-0001,AQS
2014-04-26,74,Unknown,Georgia Station,13-231-9991,AQS
2014-04-27,51,Unknown,Dawsonville,13-085-0001,AQS
2014-04-28,27,Unknown,Dawsonville,13-085-0001,AQS
2014-04-29,35,Unknown,Douglasville,13-097-0004,AQS
2014-04-30,45,Unknown,Georgia Station,13-231-9991,AQS
2014-05-01,43,Unknown,Douglasville,13-097-0004,AQS
2014-05-02,64,Unknown,Conyers,13-247-0001,AQS
2014-05-03,67,Unknown,Conyers,13-247-0001,AQS
2014-05-04,84,Unknown,Conyers,13-247-0001,AQS
2014-05-05,84,Unknown,Conyers,13-247-0001,AQS
2014-05-06,105,Unknown,Gwinnett,13-135-0002,AQS
2014-05-07,101,Unknown,Dawsonville,13-085-0001,AQS
2014-05-08,100,Unknown,Dawsonville,13-085-0001,AQS
2014-05-09,39,Unknown,Conyers,13-247-0001,AQS
2014-05-10,34,Unknown,Georgia Station,13-231-9991,AQS
2014-05-11,47,Unknown,Gwinnett,13-135-0002,AQS
2014-05-12,48,Unknown,Dawsonville,13-085-0001,AQS
2014-05-13,54,Unknown,Conyers,13-247-0001,AQS
2014-05-14,34,Unknown,Conyers,13-247-0001,AQS
2014-05-15,34,Unknown,Douglasville,13-097-0004,AQS
2014-05-16,58,Unknown,Douglasville,13-097-0004,AQS
2014-05-17,49,Unknown,United Avenue,13-121-0055,AQS
2014-05-18,45,Unknown,Georgia Station,13-231-9991,AQS
2014-05-19,47,Unknown,Douglasville,13-097-0004,AQS
2014-05-20,58,Unknown,Dawsonville,13-085-0001,AQS
2014-05-21,71,Unknown,Douglasville,13-097-0004,AQS
2014-05-22,64,Unknown,Conyers,13-247-0001,AQS
2014-05-23,84,Unknown,Conyers,13-247-0001,AQS
2014-05-24,74,Unknown,McDonough,13-151-0002,AQS
2014-05-25,71,Unknown,South DeKalb,13-089-0002,AQS
2014-05-26,45,Unknown,South DeKalb,13-089-0002,AQS
2014-05-27,71,Unknown,Gwinnett,13-135-0002,AQS
2014-05-28,49,Unknown,Dawsonville,13-085-0001,AQS
2014-05-29,39,Unknown,Gwinnett,13-135-0002,AQS
2014-05-30,47,Unknown,Douglasville,13-097-0004,AQS
2014-05-31,71,Unknown,Douglasville,13-097-0004,AQS
2014-06-01,41,Unknown,Douglasville,13-097-0004,AQS
2014-06-02,49,Unknown,Douglasville,13-097-0004,AQS
2014-06-03,48,Unknown,Conyers,13-247-0001,AQS
2014-06-04,42,Unknown,Conyers,13-247-0001,AQS
2014-06-05,50,Unknown,Conyers,13-247-0001,AQS
2014-06-06,36,Unknown,United Avenue,13-121-0055,AQS
2014-06-07,74,Unknown,McDonough,13-151-0002,AQS
2014-06-08,37,Unknown,Gwinnett,13-135-0002,AQS
2014-06-09,44,Unknown,Gwinnett,13-135-0002,AQS
2014-06-10,29,Unknown,Dawsonville,13-085-0001,AQS
2014-06-11,38,Unknown,Georgia Station,13-231-9991,AQS
2014-06-12,43,Unknown,Conyers,13-247-0001,AQS
2014-06-13,38,Unknown,Gwinnett,13-135-0002,AQS
2014-06-14,87,Unknown,Conyers,13-247-0001,AQS
2014-06-15,54,Unknown,United Avenue,13-121-0055,AQS
2014-06-16,136,Unknown,Conyers,13-247-0001,AQS
2014-06-17,108,Unknown,United Avenue,13-121-0055,AQS
2014-06-18,108,Unknown,United Avenue,13-121-0055,AQS
2014-06-19,129,Unknown,Conyers,13-247-0001,AQS
2014-06-20,67,Unknown,McDonough,13-151-0002,AQS
2014-06-21,44,Unknown,Conyers,13-247-0001,AQS
2014-06-22,67,Unknown,McDonough,13-151-0002,AQS
2014-06-23,58,Unknown,United Avenue,13-121-0055,AQS
2014-06-24,40,Unknown,Gwinnett,13-135-0002,AQS
2014-06-25,49,Unknown,Conyers,13-247-0001,AQS
2014-06-26,44,Unknown,Conyers,13-247-0001,AQS
2014-06-27,48,Unknown,Conyers,13-247-0001,AQS
2014-06-28,35,Unknown,McDonough,13-151-0002,AQS
2014-06-29,44,Unknown,United Avenue,13-121-0055,AQS
2014-06-30,31,Unknown,Gwinnett,13-135-0002,AQS
2014-07-01,61,Unknown,Conyers,13-247-0001,AQS
2014-07-02,122,Unknown,McDonough,13-151-0002,AQS
2014-07-03,74,Unknown,Conyers,13-247-0001,AQS
2014-07-04,54,Unknown,Georgia Station,13-231-9991,AQS
2014-07-05,49,Unknown,Douglasville,13-097-0004,AQS
2014-07-06,50,Unknown,Douglasville,13-097-0004,AQS
2014-07-07,54,Unknown,Gwinnett,13-135-0002,AQS
2014-07-08,44,Unknown,Georgia Station,13-231-9991,AQS
2014-07-09,51,Unknown,Gwinnett,13-135-0002,AQS
2014-07-10,48,Unknown,Gwinnett,13-135-0002,AQS
2014-07-11,54,Unknown,Douglasville,13-097-0004,AQS
2014-07-12,47,Unknown,"Yorkville, King Farm",13-223-0003,AQS
2014-07-13,64,Unknown,United Avenue,13-121-0055,AQS
2014-07-14,43,Unknown,Georgia Station,13-231-9991,AQS
2014-07-15,47,Unknown,Conyers,13-247-0001,AQS
2014-07-16,77,Unknown,McDonough,13-151-0002,AQS
2014-07-17,126,Unknown,Douglasville,13-097-0004,AQS
2014-07-18,51,Unknown,Georgia Station,13-231-9991,AQS
2014-07-19,34,Unknown,Gwinnett,13-135-0002,AQS
2014-07-20,24,Unknown,Dawsonville,13-085-0001,AQS
2014-07-21,34,Unknown,United Avenue,13-121-0055,AQS
2014-07-22,36,Unknown,"Yorkville, King Farm",13-223-0003,AQS
2014-07-23,46,Unknown,United Avenue,13-121-0055,AQS
2014-07-24,38,Unknown,Gwinnett,13-135-0002,AQS
2014-07-25,61,Unknown,Conyers,13-247-0001,AQS
2014-07-26,80,Unknown,Gwinnett,13-135-0002,AQS
2014-07-27,41,Unknown,Newnan,13-077-0002,AQS
2014-07-28,45,Unknown,Georgia Station,13-231-9991,AQS
2014-07-29,51,Unknown,Conyers,13-247-0001,AQS
2014-07-30,108,Unknown,Newnan,13-077-0002,AQS
2014-07-31,61,Unknown,Newnan,13-077-0002,AQS
2014-08-01,46,Unknown,Douglasville,13-097-0004,AQS
2014-08-02,51,Unknown,Douglasville,13-097-0004,AQS
2014-08-03,67,Unknown,Newnan,13-077-0002,AQS
2014-08-04,93,Unknown,Newnan,13-077-0002,AQS
2014-08-05,112,Unknown,McDonough,13-151-0002,AQS
2014-08-06,122,Unknown,Conyers,13-247-0001,AQS
2014-08-07,150,Unknown,Conyers,13-247-0001,AQS
2014-08-08,44,Unknown,United Avenue,13-121-0055,AQS
2014-08-09,47,Unknown,South DeKalb,13-089-0002,AQS
2014-08-10,35,Unknown,Kennesaw,13-067-0003,AQS
2014-08-11,36,Unknown,Gwinnett,13-135-0002,AQS
2014-08-12,46,Unknown,Gwinnett,13-135-0002,AQS
2014-08-13,74,Unknown,Conyers,13-247-0001,AQS
2014-08-14,108,Unknown,Douglasville,13-097-0004,AQS
2014-08-15,159,Unknown,McDonough,13-151-0002,AQS
2014-08-16,87,Unknown,Conyers,13-247-0001,AQS
2014-08-17,42,Unknown,Gwinnett,13-135-0002,AQS
2014-08-18,35,Unknown,Conyers,13-247-0001,AQS
2014-08-19,37,Unknown,Newnan,13-077-0002,AQS
2014-08-20,39,Unknown,Conyers,13-247-0001,AQS
2014-08-21,50,Unknown,McDonough,13-151-0002,AQS
2014-08-22,58,Unknown,McDonough,13-151-0002,AQS
2014-08-23,46,Unknown,McDonough,13-151-0002,AQS
2014-08-24,41,Unknown,Douglasville,13-097-0004,AQS
2014-08-25,44,Unknown,Douglasville,13-097-0004,AQS
2014-08-26,61,Unknown,United Avenue,13-121-0055,AQS
2014-08-27,108,Unknown,Georgia Station,13-231-9991,AQS
2014-08-28,108,Unknown,Kennesaw,13-067-0003,AQS
2014-08-29,119,Unknown,Kennesaw,13-067-0003,AQS
2014-08-30,45,Unknown,Kennesaw,13-067-0003,AQS
2014-08-31,31,Unknown,Gwinnett,13-135-0002,AQS
2014-09-01,34,Unknown,Gwinnett,13-135-0002,AQS
2014-09-02,41,Unknown,Conyers,13-247-0001,AQS
2014-09-03,41,Unknown,Gwinnett,13-135-0002,AQS
2014-09-04,41,Unknown,Douglasville,13-097-0004,AQS
2014-09-05,43,Unknown,Douglasville,13-097-0004,AQS
2014-09-06,44,Unknown,Kennesaw,13-067-0003,AQS
2014-09-07,44,Unknown,Newnan,13-077-0002,AQS
2014-09-08,39,Unknown,Douglasville,13-097-0004,AQS
2014-09-09,58,Unknown,Kennesaw,13-067-0003,AQS
2014-09-10,37,Unknown,Kennesaw,13-067-0003,AQS
2014-09-11,36,Unknown,Gwinnett,13-135-0002,AQS
2014-09-12,45,Unknown,Gwinnett,13-135-0002,AQS
2014-09-13,41,Unknown,McDonough,13-151-0002,AQS
2014-09-14,28,Unknown,Newnan,13-077-0002,AQS
2014-09-15,25,Unknown,United Avenue,13-121-0055,AQS
2014-09-16,45,Unknown,Conyers,13-247-0001,AQS
2014-09-17,51,Unknown,Conyers,13-247-0001,AQS
2014-09-18,74,Unknown,United Avenue,13-121-0055,AQS
2014-09-19,46,Unknown,"Yorkville, King Farm",13-223-0003,AQS
2014-09-20,45,Unknown,Douglasville,13-097-0004,AQS
2014-09-21,50,Unknown,Conyers,13-247-0001,AQS
2014-09-22,43,Unknown,Georgia Station,13-231-9991,AQS
2014-09-23,41,Unknown,Douglasville,13-097-0004,AQS
2014-09-24,47,Unknown,Newnan,13-077-0002,AQS
2014-09-25,39,Unknown,"Yorkville, King Farm",13-223-0003,AQS
2014-09-26,26,Unknown,"Yorkville, King Farm",13-223-0003,AQS
2014-09-27,33,Unknown,"Yorkville, King Farm",13-223-0003,AQS
2014-09-28,31,Unknown,Kennesaw,13-067-0003,AQS
2014-09-29,24,Unknown,Gwinnett,13-135-0002,AQS
2014-09-30,43,Unknown,Douglasville,13-097-0004,AQS
2014-10-01,51,Unknown,Kennesaw,13-067-0003,AQS
2014-10-02,43,Unknown,Conyers,13-247-0001,AQS
2014-10-03,37,Unknown,"Yorkville, King Farm",13-223-0003,AQS
2014-10-04,31,Unknown,Newnan,13-077-0002,AQS
2014-10-05,37,Unknown,Conyers,13-247-0001,AQS
2014-10-06,47,Unknown,Georgia Station,13-231-9991,AQS
2014-10-07,47,Unknown,Georgia Station,13-231-9991,AQS
2014-10-08,42,Unknown,Conyers,13-247-0001,AQS
2014-10-09,47,Unknown,Gwinnett,13-135-0002,AQS
2014-10-10,44,Unknown,Georgia Station,13-231-9991,AQS
2014-10-11,30,Unknown,Georgia Station,13-231-9991,AQS
2014-10-12,35,Unknown,Conyers,13-247-0001,AQS
2014-10-13,34,Unknown,Georgia Station,13-231-9991,AQS
2014-10-14,27,Unknown,"Yorkville, King Farm",13-223-0003,AQS
2014-10-15,33,Unknown,Georgia Station,13-231-9991,AQS
2014-10-16,34,Unknown,Georgia Station,13-231-9991,AQS
2014-10-17,47,Unknown,Dawsonville,13-085-0001,AQS
2014-10-18,42,Unknown,Georgia Station,13-231-9991,AQS
2014-10-19,34,Unknown,Newnan,13-077-0002,AQS
2014-10-20,40,Unknown,Dawsonville,13-085-0001,AQS
2014-10-21,44,Unknown,Georgia Station,13-231-9991,AQS
2014-10-22,33,Unknown,Newnan,13-077-0002,AQS
2014-10-23,34,Unknown,Georgia Station,13-231-9991,AQS
2014-10-24,44,Unknown,Georgia Station,13-231-9991,AQS
2014-10-25,45,Unknown,Georgia Station,13-231-9991,AQS
2014-10-26,45,Unknown,McDonough,13-151-0002,AQS
2014-10-27,64,Unknown,Gwinnett,13-135-0002,AQS
2014-10-28,44,Unknown,Dawsonville,13-085-0001,AQS
2014-10-29,31,Unknown,Georgia Station,13-231-9991,AQS
2014-10-30,40,Unknown,Georgia Station,13-231-9991,AQS
2014-10-31,35,Unknown,Georgia Station,13-231-9991,AQS
2014-11-01,24,Unknown,Georgia Station,13-231-9991,AQS
2014-11-02,36,Unknown,Georgia Station,13-231-9991,AQS
2014-11-03,43,Unknown,Georgia Station,13-231-9991,AQS
2014-11-04,44,Unknown,Georgia Station,13-231-9991,AQS
2014-11-05,38,Unknown,Georgia Station,13-231-9991,AQS
2014-11-06,38,Unknown,Georgia Station,13-231-9991,AQS
2014-11-07,33,Unknown,Georgia Station,13-231-9991,AQS
2014-11-08,32,Unknown,Georgia Station,13-231-9991,AQS
2014-11-09,41,Unknown,Georgia Station,13-231-9991,AQS
2014-11-10,47,Unknown,Georgia Station,13-231-9991,AQS
2014-11-11,45,Unknown,Georgia Station,13-231-9991,AQS
2014-11-12,32,Unknown,Georgia Station,13-231-9991,AQS
2014-11-13,17,Unknown,Georgia Station,13-231-9991,AQS
2014-11-14,25,Unknown,Georgia Station,13-231-9991,AQS
2014-11-15,28,Unknown,Georgia Station,13-231-9991,AQS
2014-11-16,27,Unknown,Georgia Station,13-231-9991,AQS
2014-11-17,30,Unknown,Georgia Station,13-231-9991,AQS
2014-11-18,34,Unknown,Georgia Station,13-231-9991,AQS
2014-11-19,40,Unknown,Georgia Station,13-231-9991,AQS
2014-11-20,45,Unknown,Georgia Station,13-231-9991,AQS
2014-11-21,43,Unknown,Georgia Station,13-231-9991,AQS
2014-11-22,39,Unknown,Georgia Station,13-231-9991,AQS
2014-11-23,33,Unknown,Georgia Station,13-231-9991,AQS
2014-11-24,35,Unknown,Georgia Station,13-231-9991,AQS
2014-11-25,27,Unknown,Georgia Station,13-231-9991,AQS
2014-11-26,36,Unknown,Georgia Station,13-231-9991,AQS
2014-11-27,31,Unknown,Georgia Station,13-231-9991,AQS
2014-11-28,34,Unknown,Georgia Station,13-231-9991,AQS
2014-11-29,35,Unknown,Georgia Station,13-231-9991,AQS
2014-11-30,37,Unknown,Georgia Station,13-231-9991,AQS
2014-12-01,34,Unknown,Georgia Station,13-231-9991,AQS
2014-12-02,36,Unknown,Georgia Station,13-231-9991,AQS
2014-12-03,31,Unknown,Georgia Station,13-231-9991,AQS
2014-12-04,31,Unknown,Georgia Station,13-231-9991,AQS
2014-12-05,21,Unknown,Georgia Station,13-231-9991,AQS
2014-12-06,22,Unknown,Georgia Station,13-231-9991,AQS
2014-12-07,31,Unknown,Georgia Station,13-231-9991,AQS
2014-12-08,31,Unknown,Georgia Station,13-231-9991,AQS
2014-12-09,31,Unknown,Georgia Station,13-231-9991,AQS
2014-12-10,20,Unknown,Georgia Station,13-231-9991,AQS
2014-12-11,31,Unknown,Georgia Station,13-231-9991,AQS
2014-12-12,37,Unknown,Georgia Station,13-231-9991,AQS
2014-12-13,37,Unknown,Georgia Station,13-231-9991,AQS
2014-12-14,30,Unknown,Georgia Station,13-231-9991,AQS
2014-12-15,36,Unknown,Georgia Station,13-231-9991,AQS
2014-12-16,33,Unknown,Georgia Station,13-231-9991,AQS
2014-12-17,23,Unknown,Georgia Station,13-231-9991,AQS
2014-12-18,20,Unknown,Georgia Station,13-231-9991,AQS
2014-12-19,29,Unknown,Georgia Station,13-231-9991,AQS
2014-12-20,20,Unknown,Georgia Station,13-231-9991,AQS
2014-12-21,22,Unknown,Georgia Station,13-231-9991,AQS
2014-12-22,19,Unknown,Georgia Station,13-231-9991,AQS
2014-12-23,27,Unknown,Georgia Station,13-231-9991,AQS
2014-12-24,25,Unknown,Georgia Station,13-231-9991,AQS
2014-12-25,26,Unknown,Georgia Station,13-231-9991,AQS
2014-12-26,33,Unknown,Georgia Station,13-231-9991,AQS
2014-12-27,31,Unknown,Georgia Station,13-231-9991,AQS
2014-12-28,25,Unknown,Georgia Station,13-231-9991,AQS
2014-12-29,29,Unknown,Georgia Station,13-231-9991,AQS
2014-12-30,16,Unknown,Georgia Station,13-231-9991,AQS
2014-12-31,21,Unknown,Georgia Station,13-231-9991,AQS
2015-01-01,31,Unknown,Georgia Station,13-231-9991,AQS
2015-01-02,18,Unknown,South DeKalb,13-089-0002,AQS
2015-01-03,20,Unknown,Georgia Station,13-231-9991,AQS
2015-01-04,29,Unknown,Georgia Station,13-231-9991,AQS
2015-01-05,29,Unknown,Georgia Station,13-231-9991,AQS
2015-01-06,32,Unknown,Georgia Station,13-231-9991,AQS
2015-01-07,30,Unknown,Georgia Station,13-231-9991,AQS
2015-01-08,30,Unknown,Georgia Station,13-231-9991,AQS
2015-01-09,31,Unknown,Georgia Station,13-231-9991,AQS
2015-01-10,34,Unknown,Georgia Station,13-231-9991,AQS
2015-01-11,33,Unknown,Georgia Station,13-231-9991,AQS
2015-01-12,19,Unknown,Georgia Station,13-231-9991,AQS
2015-01-13,14,Unknown,Georgia Station,13-231-9991,AQS
2015-01-14,12,Unknown,Georgia Station,13-231-9991,AQS
2015-01-15,14,Unknown,Georgia Station,13-231-9991,AQS
2015-01-16,32,Unknown,Georgia Station,13-231-9991,AQS
2015-01-17,37,Unknown,Georgia Station,13-231-9991,AQS
2015-01-18,40,Unknown,Georgia Station,13-231-9991,AQS
2015-01-19,44,Unknown,Georgia Station,13-231-9991,AQS
2015-01-20,58,Unknown,Georgia Station,13-231-9991,AQS
2015-01-21,43,Unknown,Georgia Station,13-231-9991,AQS
2015-01-22,34,Unknown,Georgia Station,13-231-9991,AQS
2015-01-23,31,Unknown,Georgia Station,13-231-9991,AQS
2015-01-24,34,Unknown,Georgia Station,13-231-9991,AQS
2015-01-25,40,Unknown,Georgia Station,13-231-9991,AQS
2015-01-26,27,Unknown,Georgia Station,13-231-9991,AQS
2015-01-27,31,Unknown,Georgia Station,13-231-9991,AQS
2015-01-28,30,Unknown,Georgia Station,13-231-9991,AQS
2015-01-29,40,Unknown,Georgia Station,13-231-9991,AQS
2015-01-30,31,Unknown,Georgia Station,13-231-9991,AQS
2015-01-31,42,Unknown,Georgia Station,13-231-9991,AQS
2015-02-01,34,Unknown,Georgia Station,13-231-9991,AQS
2015-02-02,28,Unknown,Georgia Station,13-231-9991,AQS
2015-02-03,34,Unknown,Georgia Station,13-231-9991,AQS
2015-02-04,32,Unknown,Georgia Station,13-231-9991,AQS
2015-02-05,34,Unknown,Georgia Station,13-231-9991,AQS
2015-02-06,44,Unknown,Georgia Station,13-231-9991,AQS
2015-02-07,49,Unknown,Georgia Station,13-231-9991,AQS
2015-02-08,43,Unknown,Georgia Station,13-231-9991,AQS
2015-02-09,34,Unknown,Georgia Station,13-231-9991,AQS
2015-02-10,28,Unknown,Georgia Station,13-231-9991,AQS
2015-02-11,38,Unknown,Georgia Station,13-231-9991,AQS
2015-02-12,35,Unknown,Georgia Station,13-231-9991,AQS
2015-02-13,39,Unknown,Georgia Station,13-231-9991,AQS
2015-02-14,45,Unknown,Georgia Station,13-231-9991,AQS
2015-02-15,39,Unknown,Georgia Station,13-231-9991,AQS
2015-02-16,34,Unknown,Georgia Station,13-231-9991,AQS
2015-02-17,35,Unknown,Georgia Station,13-231-9991,AQS
2015-02-18,38,Unknown,Georgia Station,13-231-9991,AQS
2015-02-19,37,Unknown,Georgia Station,13-231-9991,AQS
2015-02-20,34,Unknown,Georgia Station,13-231-9991,AQS
2015-02-21,44,Unknown,Georgia Station,13-231-9991,AQS
2015-02-22,31,Unknown,Georgia Station,13-231-9991,AQS
2015-02-23,31,Unknown,Georgia Station,13-231-9991,AQS
2015-02-24,20,Unknown,Georgia Station,13-231-9991,AQS
2015-02-25,20,Unknown,Georgia Station,13-231-9991,AQS
2015-02-26,35,Unknown,Georgia Station,13-231-9991,AQS
2015-02-27,40,Unknown,Georgia Station,13-231-9991,AQS
2015-02-28,44,Unknown,Georgia Station,13-231-9991,AQS
2015-03-01,34,Unknown,Georgia Station,13-231-9991,AQS
2015-03-02,31,Unknown,Dawsonville,13-085-0001,AQS
2015-03-03,27,Unknown,Dawsonville,13-085-0001,AQS
2015-03-04,25,Unknown,Georgia Station,13-231-9991,AQS
2015-03-05,36,Unknown,"Yorkville, King Farm",13-223-0003,AQS
2015-03-06,38,Unknown,Dawsonville,13-085-0001,AQS
2015-03-07,49,Unknown,Georgia Station,13-231-9991,AQS
2015-03-08,54,Unknown,Georgia Station,13-231-9991,AQS
2015-03-09,51,Unknown,Dawsonville,13-085-0001,AQS
2015-03-10,34,Unknown,Georgia Station,13-231-9991,AQS
2015-03-11,25,Unknown,"Yorkville, King Farm",13-223-0003,AQS
2015-03-12,42,Unknown,Dawsonville,13-085-0001,AQS
2015-03-13,42,Unknown,Dawsonville,13-085-0001,AQS
2015-03-14,30,Unknown,Georgia Station,13-231-9991,AQS
2015-03-15,46,Unknown,Georgia Station,13-231-9991,AQS
2015-03-16,54,Unknown,Georgia Station,13-231-9991,AQS
2015-03-17,47,Unknown,Dawsonville,13-085-0001,AQS
2015-03-18,61,Unknown,McDonough,13-151-0002,AQS
2015-03-19,37,Unknown,Dawsonville,13-085-0001,AQS
2015-03-20,29,Unknown,Dawsonville,13-085-0001,AQS
2015-03-21,44,Unknown,Gwinnett,13-135-0002,AQS
2015-03-22,40,Unknown,"Yorkville, King Farm",13-223-0003,AQS
2015-03-23,45,Unknown,Dawsonville,13-085-0001,AQS
2015-03-24,48,Unknown,Dawsonville,13-085-0001,AQS
2015-03-25,40,Unknown,"Yorkville, King Farm",13-223-0003,AQS
2015-03-26,46,Unknown,Dawsonville,13-085-0001,AQS
2015-03-27,40,Unknown,Georgia Station,13-231-9991,AQS
2015-03-28,45,Unknown,Georgia Station,13-231-9991,AQS
2015-03-29,54,Unknown,Dawsonville,13-085-0001,AQS
2015-03-30,44,Unknown,Georgia Station,13-231-9991,AQS
2015-03-31,47,Unknown,Dawsonville,13-085-0001,AQS
2015-04-01,67,Unknown,Conyers,13-247-0001,AQS
2015-04-02,39,Unknown,Dawsonville,13-085-0001,AQS
2015-04-03,44,Unknown,Dawsonville,13-085-0001,AQS
2015-04-04,44,Unknown,Georgia Station,13-231-9991,AQS
2015-04-05,46,Unknown,Georgia Station,13-231-9991,AQS
2015-04-06,38,Unknown,Georgia Station,13-231-9991,AQS
2015-04-07,39,Unknown,Dawsonville,13-085-0001,AQS
2015-04-08,46,Unknown,Dawsonville,13-085-0001,AQS
2015-04-09,44,Unknown,Georgia Station,13-231-9991,AQS
2015-04-10,35,Unknown,Dawsonville,13-085-0001,AQS
2015-04-11,58,Unknown,McDonough,13-151-0002,AQS
2015-04-12,44,Unknown,Dawsonville,13-085-0001,AQS
2015-04-13,30,Unknown,Kennesaw,13-067-0003,AQS
2015-04-14,38,Unknown,Dawsonville,13-085-0001,AQS
2015-04-15,31,Unknown,Douglasville,13-097-0004,AQS
2015-04-16,32,Unknown,Dawsonville,13-085-0001,AQS
2015-04-17,21,Unknown,Dawsonville,13-085-0001,AQS
2015-04-18,31,Unknown,Dawsonville,13-085-0001,AQS
2015-04-19,32,Unknown,Georgia Station,13-231-9991,AQS
2015-04-20,50,Unknown,"Yorkville, King Farm",13-223-0003,AQS
2015-04-21,46,Unknown,Dawsonville,13-085-0001,AQS
2015-04-22,58,Unknown,Georgia Station,13-231-9991,AQS
2015-04-23,47,Unknown,Georgia Station,13-231-9991,AQS
2015-04-24,93,Unknown,Dawsonville,13-085-0001,AQS
2015-04-25,35,Unknown,Georgia Station,13-231-9991,AQS
2015-04-26,47,Unknown,Georgia Station,13-231-9991,AQS
2015-04-27,50,Unknown,United Avenue,13-121-0055,AQS
2015-04-28,51,Unknown,Dawsonville,13-085-0001,AQS
2015-04-29,43,Unknown,Douglasville,13-097-0004,AQS
2015-04-30,61,Unknown,United Avenue,13-121-0055,AQS
2015-05-01,58,Unknown,Georgia Station,13-231-9991,AQS
2015-05-02,87,Unknown,Gwinnett,13-135-0002,AQS
2015-05-03,100,Unknown,Dawsonville,13-085-0001,AQS
2015-05-04,101,Unknown,Dawsonville,13-085-0001,AQS
2015-05-05,67,Unknown,"Yorkville, King Farm",13-223-0003,AQS
2015-05-06,90,Unknown,"Yorkville, King Farm",13-223-0003,AQS
2015-05-07,112,Unknown,Douglasville,13-097-0004,AQS
2015-05-08,161,Unknown,Georgia Station,13-231-9991,AQS
2015-05-09,100,Unknown,Douglasville,13-097-0004,AQS
2015-05-10,90,Unknown,United Avenue,13-121-0055,AQS
2015-05-11,61,Unknown,Gwinnett,13-135-0002,AQS
2015-05-12,47,Unknown,Gwinnett,13-135-0002,AQS
2015-05-13,147,Unknown,McDonough,13-151-0002,AQS
2015-05-14,84,Unknown,Kennesaw,13-067-0003,AQS
2015-05-15,54,Unknown,Kennesaw,13-067-0003,AQS
2015-05-16,61,Unknown,Kennesaw,13-067-0003,AQS
2015-05-17,44,Unknown,McDonough,13-151-0002,AQS
2015-05-18,31,Unknown,United Avenue,13-121-0055,AQS
2015-05-19,45,Unknown,Conyers,13-247-0001,AQS
2015-05-20,80,Unknown,Conyers,13-247-0001,AQS
2015-05-21,46,Unknown,Conyers,13-247-0001,AQS
2015-05-22,84,Unknown,United Avenue,13-121-0055,AQS
2015-05-23,84,Unknown,"Yorkville, King Farm",13-223-0003,AQS
2015-05-24,46,Unknown,Georgia Station,13-231-9991,AQS
2015-05-25,38,Unknown,Kennesaw,13-067-0003,AQS
2015-05-26,29,Unknown,Georgia Station,13-231-9991,AQS
2015-05-27,44,Unknown,Dawsonville,13-085-0001,AQS
2015-05-28,31,Unknown,Kennesaw,13-067-0003,AQS
2015-05-29,42,Unknown,Georgia Station,13-231-9991,AQS
2015-05-30,44,Unknown,Kennesaw,13-067-0003,AQS
2015-05-31,31,Unknown,Kennesaw,13-067-0003,AQS
2015-06-01,39,Unknown,Dawsonville,13-085-0001,AQS
2015-06-02,61,Unknown,Conyers,13-247-0001,AQS
2015-06-03,44,Unknown,"Yorkville, King Farm",13-223-0003,AQS
2015-06-04,44,Unknown,Kennesaw,13-067-0003,AQS
2015-06-05,105,Unknown,United Avenue,13-121-0055,AQS
2015-06-06,90,Unknown,Georgia Station,13-231-9991,AQS
2015-06-07,87,Unknown,Kennesaw,13-067-0003,AQS
2015-06-08,49,Unknown,Gwinnett,13-135-0002,AQS
2015-06-09,43,Unknown,Gwinnett,13-135-0002,AQS
2015-06-10,90,Unknown,Kennesaw,13-067-0003,AQS
2015-06-11,54,Unknown,Gwinnett,13-135-0002,AQS
2015-06-12,38,Unknown,Gwinnett,13-135-0002,AQS
2015-06-13,42,Unknown,Conyers,13-247-0001,AQS
2015-06-14,42,Unknown,Gwinnett,13-135-0002,AQS
2015-06-15,77,Unknown,South DeKalb,13-089-0002,AQS
2015-06-16,74,Unknown,Conyers,13-247-0001,AQS
2015-06-17,90,Unknown,Gwinnett,13-135-0002,AQS
2015-06-18,48,Unknown,South DeKalb,13-089-0002,AQS
2015-06-19,43,Unknown,Gwinnett,13-135-0002,AQS
2015-06-20,34,Unknown,Dawsonville,13-085-0001,AQS
2015-06-21,41,Unknown,Conyers,13-247-0001,AQS
2015-06-22,80,Unknown,McDonough,13-151-0002,AQS
2015-06-23,39,Unknown,Conyers,13-247-0001,AQS
2015-06-24,64,Unknown,Gwinnett,13-135-0002,AQS
2015-06-25,87,Unknown,Conyers,13-247-0001,AQS
2015-06-26,61,Unknown,Gwinnett,13-135-0002,AQS
2015-06-27,32,Unknown,Dawsonville,13-085-0001,AQS
2015-06-28,61,Unknown,Conyers,13-247-0001,AQS
2015-06-29,74,Unknown,Conyers,13-247-0001,AQS
2015-06-30,48,Unknown,Gwinnett,13-135-0002,AQS
2015-07-01,45,Unknown,Gwinnett,13-135-0002,AQS
2015-07-02,30,Unknown,Gwinnett,13-135-0002,AQS
2015-07-03,31,Unknown,Dawsonville,13-085-0001,AQS
2015-07-04,33,Unknown,Dawsonville,13-085-0001,AQS
2015-07-05,38,Unknown,United Avenue,13-121-0055,AQS
2015-07-06,45,Unknown,Gwinnett,13-135-0002,AQS
2015-07-07,37,Unknown,Gwinnett,13-135-0002,AQS
2015-07-08,34,Unknown,United Avenue,13-121-0055,AQS
2015-07-09,54,Unknown,Conyers,13-247-0001,AQS
2015-07-10,84,Unknown,Conyers,13-247-0001,AQS
2015-07-11,44,Unknown,McDonough,13-151-0002,AQS
2015-07-12,43,Unknown,United Avenue,13-121-0055,AQS
2015-07-13,58,Unknown,Conyers,13-247-0001,AQS
2015-07-14,43,Unknown,Conyers,13-247-0001,AQS
2015-07-15,50,Unknown,Conyers,13-247-0001,AQS
2015-07-16,100,Unknown,United Avenue,13-121-0055,AQS
2015-07-17,119,Unknown,United Avenue,13-121-0055,AQS
2015-07-18,122,Unknown,United Avenue,13-121-0055,AQS
2015-07-19,40,Unknown,McDonough,13-151-0002,AQS
2015-07-20,54,Unknown,Conyers,13-247-0001,AQS
2015-07-21,43,Unknown,Gwinnett,13-135-0002,AQS
2015-07-22,108,Unknown,Conyers,13-247-0001,AQS
2015-07-23,39,Unknown,Conyers,13-247-0001,AQS
2015-07-24,51,Unknown,McDonough,13-151-0002,AQS
2015-07-25,49,Unknown,Kennesaw,13-067-0003,AQS
2015-07-26,100,Unknown,United Avenue,13-121-0055,AQS
2015-07-27,105,Unknown,United Avenue,13-121-0055,AQS
2015-07-28,112,Unknown,McDonough,13-151-0002,AQS
2015-07-29,93,Unknown,Georgia Station,13-231-9991,AQS
2015-07-30,101,Unknown,United Avenue,13-121-0055,AQS
2015-07-31,87,Unknown,Douglasville,13-097-0004,AQS
2015-08-01,74,Unknown,Douglasville,13-097-0004,AQS
2015-08-02,90,Unknown,Douglasville,13-097-0004,AQS
2015-08-03,143,Unknown,United Avenue,13-121-0055,AQS
2015-08-04,172,Unknown,United Avenue,13-121-0055,AQS
2015-08-05,129,Unknown,Gwinnett,13-135-0002,AQS
2015-08-06,44,Unknown,Conyers,13-247-0001,AQS
2015-08-07,49,Unknown,Conyers,13-247-0001,AQS
2015-08-08,100,Unknown,Douglasville,13-097-0004,AQS
2015-08-09,54,Unknown,Kennesaw,13-067-0003,AQS
2015-08-10,48,Unknown,Gwinnett,13-135-0002,AQS
2015-08-11,58,Unknown,Conyers,13-247-0001,AQS
2015-08-12,77,Unknown,McDonough,13-151-0002,AQS
2015-08-13,54,Unknown,"Yorkville, King Farm",13-223-0003,AQS
2015-08-14,61,Unknown,Kennesaw,13-067-0003,AQS
2015-08-15,80,Unknown,Douglasville,13-097-0004,AQS
2015-08-16,48,Unknown,Kennesaw,13-067-0003,AQS
2015-08-17,29,Unknown,United Avenue,13-121-0055,AQS
2015-08-18,25,Unknown,"Yorkville, King Farm",13-223-0003,AQS
2015-08-19,28,Unknown,Gwinnett,13-135-0002,AQS
2015-08-20,33,Unknown,United Avenue,13-121-0055,AQS
2015-08-21,54,Unknown,McDonough,13-151-0002,AQS
2015-08-22,97,Unknown,United Avenue,13-121-0055,AQS
2015-08-23,39,Unknown,Conyers,13-247-0001,AQS
2015-08-24,58,Unknown,McDonough,13-151-0002,AQS
2015-08-25,84,Unknown,Conyers,13-247-0001,AQS
2015-08-26,101,Unknown,Newnan,13-077-0002,AQS
2015-08-27,64,Unknown,"Yorkville, King Farm",13-223-0003,AQS
2015-08-28,46,Unknown,Kennesaw,13-067-0003,AQS
2015-08-29,44,Unknown,Kennesaw,13-067-0003,AQS
2015-08-30,41,Unknown,Kennesaw,13-067-0003,AQS
2015-08-31,39,Unknown,Gwinnett,13-135-0002,AQS
2015-09-01,90,Unknown,United Avenue,13-121-0055,AQS
2015-09-02,101,Unknown,United Avenue,13-121-0055,AQS
2015-09-03,47,Unknown,McDonough,13-151-0002,AQS
2015-09-04,93,Unknown,United Avenue,13-121-0055,AQS
2015-09-05,80,Unknown,Douglasville,13-097-0004,AQS
2015-09-06,40,Unknown,Douglasville,13-097-0004,AQS
2015-09-07,34,Unknown,Douglasville,13-097-0004,AQS
2015-09-08,35,Unknown,"Yorkville, King Farm",13-223-0003,AQS
2015-09-09,31,Unknown,Kennesaw,13-067-0003,AQS
2015-09-10,37,Unknown,Conyers,13-247-0001,AQS
2015-09-11,46,Unknown,United Avenue,13-121-0055,AQS
2015-09-12,36,Unknown,United Avenue,13-121-0055,AQS
2015-09-13,39,Unknown,Georgia Station,13-231-9991,AQS
2015-09-14,48,Unknown,"Yorkville, King Farm",13-223-0003,AQS
2015-09-15,58,Unknown,"Yorkville, King Farm",13-223-0003,AQS
2015-09-16,61,Unknown,"Yorkville, King Farm",13-223-0003,AQS
2015-09-17,100,Unknown,Douglasville,13-097-0004,AQS
2015-09-18,67,Unknown,Douglasville,13-097-0004,AQS
2015-09-19,97,Unknown,United Avenue,13-121-0055,AQS
2015-09-20,80,Unknown,McDonough,13-151-0002,AQS
2015-09-21,33,Unknown,Georgia Station,13-231-9991,AQS
2015-09-22,38,Unknown,"Yorkville, King Farm",13-223-0003,AQS
2015-09-23,40,Unknown,Douglasville,13-097-0004,AQS
2015-09-24,44,Unknown,Douglasville,13-097-0004,AQS
2015-09-25,31,Unknown,United Avenue,13-121-0055,AQS
2015-09-26,26,Unknown,Georgia Station,13-231-9991,AQS
2015-09-27,22,Unknown,Kennesaw,13-067-0003,AQS
2015-09-28,15,Unknown,Dawsonville,13-085-0001,AQS
2015-09-29,20,Unknown,"Yorkville, King Farm",13-223-0003,AQS
2015-09-30,33,Unknown,Conyers,13-247-0001,AQS
2015-10-01,20,Unknown,Dawsonville,13-085-0001,AQS
2015-10-02,15,Unknown,"Yorkville, King Farm",13-223-0003,AQS
2015-10-03,20,Unknown,Dawsonville,13-085-0001,AQS
2015-10-04,24,Unknown,Dawsonville,13-085-0001,AQS
2015-10-05,23,Unknown,Dawsonville,13-085-0001,AQS
2015-10-06,37,Unknown,Georgia Station,13-231-9991,AQS
2015-10-07,67,Unknown,United Avenue,13-121-0055,AQS
2015-10-08,47,Unknown,Douglasville,13-097-0004,AQS
2015-10-09,35,Unknown,Dawsonville,13-085-0001,AQS
2015-10-10,32,Unknown,Georgia Station,13-231-9991,AQS
2015-10-11,32,Unknown,Douglasville,13-097-0004,AQS
2015-10-12,43,Unknown,Dawsonville,13-085-0001,AQS
2015-10-13,43,Unknown,Newnan,13-077-0002,AQS
2015-10-14,42,Unknown,Georgia Station,13-231-9991,AQS
2015-10-15,49,Unknown,Georgia Station,13-231-9991,AQS
2015-10-16,50,Unknown,Georgia Station,13-231-9991,AQS
2015-10-17,42,Unknown,Georgia Station,13-231-9991,AQS
2015-10-18,39,Unknown,Georgia Station,13-231-9991,AQS
2015-10-19,39,Unknown,Dawsonville,13-085-0001,AQS
2015-10-20,45,Unknown,Dawsonville,13-085-0001,AQS
2015-10-21,45,Unknown,Dawsonville,13-085-0001,AQS
2015-10-22,43,Unknown,Dawsonville,13-085-0001,AQS
2015-10-23,43,Unknown,Dawsonville,13-085-0001,AQS
2015-10-24,35,Unknown,Kennesaw,13-067-0003,AQS
2015-10-25,30,Unknown,Dawsonville,13-085-0001,AQS
2015-10-26,28,Unknown,Georgia Station,13-231-9991,AQS
2015-10-27,22,Unknown,Dawsonville,13-085-0001,AQS
2015-10-28,26,Unknown,Georgia Station,13-231-9991,AQS
2015-10-29,34,Unknown,Georgia Station,13-231-9991,AQS
2015-10-30,35,Unknown,Dawsonville,13-085-0001,AQS
2015-10-31,29,Unknown,Dawsonville,13-085-0001,AQS
2015-11-01,20,Unknown,Georgia Station,13-231-9991,AQS
2015-11-02,16,Unknown,Georgia Station,13-231-9991,AQS
2015-11-03,13,Unknown,Georgia Station,13-231-9991,AQS
2015-11-04,9,Unknown,Georgia Station,13-231-9991,AQS
2015-11-05,6,Unknown,Georgia Station,13-231-9991,AQS
2015-11-06,21,Unknown,Georgia Station,13-231-9991,AQS
2015-11-07,29,Unknown,Georgia Station,13-231-9991,AQS
2015-11-08,27,Unknown,Georgia Station,13-231-9991,AQS
2015-11-09,26,Unknown,Georgia Station,13-231-9991,AQS
2015-11-10,24,Unknown,Georgia Station,13-231-9991,AQS
2015-11-11,38,Unknown,Georgia Station,13-231-9991,AQS
2015-11-12,33,Unknown,Georgia Station,13-231-9991,AQS
2015-11-13,37,Unknown,Georgia Station,13-231-9991,AQS
2015-11-14,37,Unknown,Georgia Station,13-231-9991,AQS
2015-11-15,34,Unknown,Georgia Station,13-231-9991,AQS
2015-11-16,38,Unknown,Georgia Station,13-231-9991,AQS
2015-11-17,35,Unknown,Georgia Station,13-231-9991,AQS
2015-11-18,30,Unknown,Georgia Station,13-231-9991,AQS
2015-11-19,37,Unknown,Georgia Station,13-231-9991,AQS
2015-11-20,35,Unknown,Georgia Station,13-231-9991,AQS
2015-11-21,27,Unknown,Georgia Station,13-231-9991,AQS
2015-11-22,33,Unknown,Georgia Station,13-231-9991,AQS
2015-11-23,35,Unknown,Georgia Station,13-231-9991,AQS
2015-11-24,34,Unknown,Georgia Station,13-231-9991,AQS
2015-11-25,34,Unknown,Georgia Station,13-231-9991,AQS
2015-11-26,36,Unknown,Georgia Station,13-231-9991,AQS
2015-11-27,34,Unknown,Georgia Station,13-231-9991,AQS
2015-11-28,34,Unknown,Georgia Station,13-231-9991,AQS
2015-11-29,34,Unknown,Georgia Station,13-231-9991,AQS
2015-11-30,31,Unknown,Georgia Station,13-231-9991,AQS
2015-12-01,32,Unknown,Georgia Station,13-231-9991,AQS
2015-12-02,30,Unknown,Georgia Station,13-231-9991,AQS
2015-12-03,22,Unknown,Georgia Station,13-231-9991,AQS
2015-12-04,31,Unknown,Georgia Station,13-231-9991,AQS
2015-12-05,36,Unknown,Georgia Station,13-231-9991,AQS
2015-12-06,34,Unknown,Georgia Station,13-231-9991,AQS
2015-12-07,39,Unknown,Georgia Station,13-231-9991,AQS
2015-12-08,42,Unknown,Georgia Station,13-231-9991,AQS
2015-12-09,44,Unknown,Georgia Station,13-231-9991,AQS
2015-12-10,41,Unknown,Georgia Station,13-231-9991,AQS
2015-12-11,28,Unknown,Georgia Station,13-231-9991,AQS
2015-12-12,37,Unknown,Georgia Station,13-231-9991,AQS
2015-12-13,32,Unknown,Georgia Station,13-231-9991,AQS
2015-12-14,33,Unknown,Georgia Station,13-231-9991,AQS
2015-12-15,34,Unknown,Georgia Station,13-231-9991,AQS
2015-12-16,36,Unknown,Georgia Station,13-231-9991,AQS
2015-12-17,24,Unknown,Georgia Station,13-231-9991,AQS
2015-12-18,30,Unknown,Georgia Station,13-231-9991,AQS
2015-12-19,34,Unknown,Georgia Station,13-231-9991,AQS
2015-12-20,31,Unknown,Georgia Station,13-231-9991,AQS
2015-12-21,28,Unknown,Georgia Station,13-231-9991,AQS
2015-12-22,11,Unknown,South DeKalb,13-089-0002,AQS
2015-12-23,28,Unknown,Georgia Station,13-231-9991,AQS
2015-12-24,25,Unknown,Georgia Station,13-231-9991,AQS
2015-12-25,22,Unknown,South DeKalb,13-089-0002,AQS
2015-12-26,19,Unknown,South DeKalb,13-089-0002,AQS
2015-12-27,19,Unknown,South DeKalb,13-089-0002,AQS
2015-12-28,20,Unknown,South DeKalb,13-089-0002,AQS
2015-12-29,26,Unknown,South DeKalb,13-089-0002,AQS
2015-12-30,6,Unknown,South DeKalb,13-089-0002,AQS
2015-12-31,11,Unknown,South DeKalb,13-089-0002,AQS
2016-01-01,20,Unknown,South DeKalb,13-089-0002,AQS
2016-01-02,22,Unknown,South DeKalb,13-089-0002,AQS
2016-01-03,26,Unknown,South DeKalb,13-089-0002,AQS
2016-01-04,24,Unknown,South DeKalb,13-089-0002,AQS
2016-01-05,31,Unknown,Georgia Station,13-231-9991,AQS
2016-01-06,29,Unknown,Georgia Station,13-231-9991,AQS
2016-01-07,31,Unknown,Georgia Station,13-231-9991,AQS
2016-01-08,23,Unknown,Georgia Station,13-231-9991,AQS
2016-01-09,23,Unknown,Georgia Station,13-231-9991,AQS
2016-01-10,28,Unknown,Georgia Station,13-231-9991,AQS
2016-01-11,31,Unknown,Georgia Station,13-231-9991,AQS
2016-01-12,35,Unknown,Georgia Station,13-231-9991,AQS
2016-01-13,35,Unknown,Georgia Station,13-231-9991,AQS
2016-01-14,40,Unknown,Georgia Station,13-231-9991,AQS
2016-01-15,29,Unknown,Georgia Station,13-231-9991,AQS
2016-01-16,33,Unknown,Georgia Station,13-231-9991,AQS
2016-01-17,31,Unknown,Georgia Station,13-231-9991,AQS
2016-01-18,34,Unknown,Georgia Station,13-231-9991,AQS
2016-01-19,34,Unknown,Georgia Station,13-231-9991,AQS
2016-01-20,30,Unknown,Georgia Station,13-231-9991,AQS
2016-01-21,23,Unknown,Georgia Station,13-231-9991,AQS
2016-01-22,24,Unknown,Georgia Station,13-231-9991,AQS
2016-01-23,31,Unknown,Georgia Station,13-231-9991,AQS
2016-01-24,36,Unknown,Georgia Station,13-231-9991,AQS
2016-01-25,41,Unknown,Georgia Station,13-231-9991,AQS
2016-01-26,17,Unknown,South DeKalb,13-089-0002,AQS
2016-01-27,6,Unknown,South DeKalb,13-089-0002,AQS
2016-01-28,11,Unknown,South DeKalb,13-089-0002,AQS
2016-01-29,29,Unknown,South DeKalb,13-089-0002,AQS
2016-01-30,41,Unknown,South DeKalb,13-089-0002,AQS
2016-01-31,41,Unknown,Georgia Station,13-231-9991,AQS
2016-02-01,36,Unknown,Georgia Station,13-231-9991,AQS
2016-02-02,36,Unknown,Georgia Station,13-231-9991,AQS
2016-02-03,31,Unknown,Georgia Station,13-231-9991,AQS
2016-02-04,35,Unknown,Georgia Station,13-231-9991,AQS
2016-02-05,35,Unknown,Georgia Station,13-231-9991,AQS
2016-02-06,40,Unknown,Georgia Station,13-231-9991,AQS
2016-02-07,43,Unknown,Georgia Station,13-231-9991,AQS
2016-02-08,39,Unknown,Georgia Station,13-231-9991,AQS
2016-02-09,31,Unknown,Georgia Station,13-231-9991,AQS
2016-02-10,38,Unknown,Georgia Station,13-231-9991,AQS
2016-02-11,46,Unknown,Georgia Station,13-231-9991,AQS
2016-02-12,50,Unknown,Georgia Station,13-231-9991,AQS
2016-02-13,39,Unknown,Georgia Station,13-231-9991,AQS
2016-02-14,42,Unknown,Georgia Station,13-231-9991,AQS
2016-02-15,37,Unknown,Georgia Station,13-231-9991,AQS
2016-02-16,39,Unknown,Georgia Station,13-231-9991,AQS
2016-02-17,34,Unknown,Georgia Station,13-231-9991,AQS
2016-02-18,32,Unknown,South DeKalb,13-089-0002,AQS
2016-02-19,41,Unknown,South DeKalb,13-089-0002,AQS
2016-02-20,30,Unknown,South DeKalb,13-089-0002,AQS
2016-02-21,25,Unknown,South DeKalb,13-089-0002,AQS
2016-02-22,15,Unknown,South DeKalb,13-089-0002,AQS
2016-02-23,21,Unknown,South DeKalb,13-089-0002,AQS
2016-02-25,38,Unknown,Georgia Station,13-231-9991,AQS
2016-02-26,37,Unknown,Georgia Station,13-231-9991,AQS
2016-02-27,43,Unknown,Georgia Station,13-231-9991,AQS
2016-02-28,49,Unknown,Georgia Station,13-231-9991,AQS
2016-02-29,44,Unknown,Georgia Station,13-231-9991,AQS
2016-03-01,44,Unknown,Dawsonville,13-085-0001,AQS
2016-03-02,38,Unknown,Georgia Station,13-231-9991,AQS
2016-03-03,30,Unknown,Georgia Station,13-231-9991,AQS
2016-03-04,37,Unknown,Dawsonville,13-085-0001,AQS
2016-03-05,44,Unknown,Dawsonville,13-085-0001,AQS
2016-03-06,44,Unknown,Georgia Station,13-231-9991,AQS
2016-03-07,48,Unknown,Georgia Station,13-231-9991,AQS
2016-03-08,50,Unknown,Dawsonville,13-085-0001,AQS
2016-03-09,44,Unknown,Dawsonville,13-085-0001,AQS
2016-03-10,43,Unknown,Dawsonville,13-085-0001,AQS
2016-03-11,36,Unknown,Dawsonville,13-085-0001,AQS
2016-03-12,45,Unknown,Dawsonville,13-085-0001,AQS
2016-03-13,41,Unknown,Dawsonville,13-085-0001,AQS
2016-03-14,42,Unknown,Dawsonville,13-085-0001,AQS
2016-03-15,64,Unknown,Dawsonville,13-085-0001,AQS
2016-03-16,50,Unknown,Georgia Station,13-231-9991,AQS
2016-03-17,64,Unknown,Georgia Station,13-231-9991,AQS
2016-03-18,61,Unknown,Dawsonville,13-085-0001,AQS
2016-03-19,42,Unknown,Conyers,13-247-0001,AQS
2016-03-20,40,Unknown,McDonough,13-151-0002,AQS
2016-03-21,42,Unknown,Georgia Station,13-231-9991,AQS
2016-03-22,50,Unknown,Dawsonville,13-085-0001,AQS
2016-03-23,54,Unknown,Georgia Station,13-231-9991,AQS
2016-03-24,44,Unknown,Dawsonville,13-085-0001,AQS
2016-03-25,45,Unknown,Dawsonville,13-085-0001,AQS
2016-03-26,31,Unknown,Dawsonville,13-085-0001,AQS
2016-03-27,27,Unknown,"Yorkville, King Farm",13-223-0003,AQS
2016-03-28,44,Unknown,Georgia Station,13-231-9991,AQS
2016-03-29,51,Unknown,Georgia Station,13-231-9991,AQS
2016-03-30,54,Unknown,Georgia Station,13-231-9991,AQS
2016-03-31,37,Unknown,"Yorkville, King Farm",13-223-0003,AQS
2016-04-01,34,Unknown,Dawsonville,13-085-0001,AQS
2016-04-02,44,Unknown,Georgia Station,13-231-9991,AQS
2016-04-03,48,Unknown,Georgia Station,13-231-9991,AQS
2016-04-04,51,Unknown,Newnan,13-077-0002,AQS
2016-04-05,47,Unknown,Georgia Station,13-231-9991,AQS
2016-04-06,44,Unknown,Dawsonville,13-085-0001,AQS
2016-04-07,42,Unknown,Georgia Station,13-231-9991,AQS
2016-04-08,39,Unknown,Newnan,13-077-0002,AQS
2016-04-09,46,Unknown,Georgia Station,13-231-9991,AQS
2016-04-10,44,Unknown,Georgia Station,13-231-9991,AQS
2016-04-11,44,Unknown,Dawsonville,13-085-0001,AQS
2016-04-12,42,Unknown,Conyers,13-247-0001,AQS
2016-04-13,44,Unknown,Dawsonville,13-085-0001,AQS
2016-04-14,49,Unknown,Dawsonville,13-085-0001,AQS
2016-04-15,51,Unknown,Dawsonville,13-085-0001,AQS
2016-04-16,51,Unknown,Dawsonville,13-085-0001,AQS
2016-04-17,77,Unknown,"Yorkville, King Farm",13-223-0003,AQS
2016-04-18,87,Unknown,"Yorkville, King Farm",13-223-0003,AQS
2016-04-19,100,Unknown,South DeKalb,13-089-0002,AQS
2016-04-20,97,Unknown,Dawsonville,13-085-0001,AQS
2016-04-21,50,Unknown,Dawsonville,13-085-0001,AQS
2016-04-22,40,Unknown,Dawsonville,13-085-0001,AQS
2016-04-23,51,Unknown,Georgia Station,13-231-9991,AQS
2016-04-24,80,Unknown,Kennesaw,13-067-0003,AQS
2016-04-25,67,Unknown,Dawsonville,13-085-0001,AQS
2016-04-26,58,Unknown,Gwinnett,13-135-0002,AQS
2016-04-27,48,Unknown,Dawsonville,13-085-0001,AQS
2016-04-28,51,Unknown,Dawsonville,13-085-0001,AQS
2016-04-29,126,Unknown,United Avenue,13-121-0055,AQS
2016-04-30,45,Unknown,Kennesaw,13-067-0003,AQS
2016-05-01,34,Unknown,Georgia Station,13-231-9991,AQS
2016-05-02,43,Unknown,Dawsonville,13-085-0001,AQS
2016-05-03,41,Unknown,Conyers,13-247-0001,AQS
2016-05-04,47,Unknown,Conyers,13-247-0001,AQS
2016-05-05,44,Unknown,Georgia Station,13-231-9991,AQS
2016-05-06,47,Unknown,Georgia Station,13-231-9991,AQS
2016-05-07,67,Unknown,Conyers,13-247-0001,AQS
2016-05-08,71,Unknown,Conyers,13-247-0001,AQS
2016-05-09,80,Unknown,Dawsonville,13-085-0001,AQS
2016-05-10,58,Unknown,Dawsonville,13-085-0001,AQS
2016-05-11,64,Unknown,Gwinnett,13-135-0002,AQS
2016-05-12,46,Unknown,Gwinnett,13-135-0002,AQS
2016-05-13,64,Unknown,Conyers,13-247-0001,AQS
2016-05-14,61,Unknown,Conyers,13-247-0001,AQS
2016-05-15,54,Unknown,McDonough,13-151-0002,AQS
2016-05-16,71,Unknown,Kennesaw,13-067-0003,AQS
2016-05-17,47,Unknown,"Yorkville, King Farm",13-223-0003,AQS
2016-05-18,50,Unknown,Gwinnett,13-135-0002,AQS
2016-05-19,42,Unknown,"Yorkville, King Farm",13-223-0003,AQS
2016-05-20,24,Unknown,Newnan,13-077-0002,AQS
2016-05-21,42,Unknown,Newnan,13-077-0002,AQS
2016-05-22,58,Unknown,Georgia Station,13-231-9991,AQS
2016-05-23,112,Unknown,McDonough,13-151-0002,AQS
2016-05-24,140,Unknown,Conyers,13-247-0001,AQS
2016-05-25,126,Unknown,Dawsonville,13-085-0001,AQS
2016-05-26,126,Unknown,Gwinnett,13-135-0002,AQS
2016-05-27,87,Unknown,Kennesaw,13-067-0003,AQS
2016-05-28,101,Unknown,Douglasville,13-097-0004,AQS
2016-05-29,61,Unknown,Kennesaw,13-067-0003,AQS
2016-05-30,87,Unknown,McDonough,13-151-0002,AQS
2016-05-31,101,Unknown,United Avenue,13-121-0055,AQS
2016-06-01,100,Unknown,Kennesaw,13-067-0003,AQS
2016-06-02,50,Unknown,United Avenue,13-121-0055,AQS
2016-06-03,71,Unknown,Gwinnett,13-135-0002,AQS
2016-06-04,35,Unknown,Dawsonville,13-085-0001,AQS
2016-06-05,29,Unknown,Gwinnett,13-135-0002,AQS
2016-06-06,32,Unknown,Gwinnett,13-135-0002,AQS
2016-06-07,71,Unknown,McDonough,13-151-0002,AQS
2016-06-08,126,Unknown,McDonough,13-151-0002,AQS
2016-06-09,154,Unknown,Newnan,13-077-0002,AQS
2016-06-10,200,Unknown,Kennesaw,13-067-0003,AQS
2016-06-11,140,Unknown,Gwinnett,13-135-0002,AQS
2016-06-12,47,Unknown,McDonough,13-151-0002,AQS
2016-06-13,159,Unknown,McDonough,13-151-0002,AQS
2016-06-14,74,Unknown,South DeKalb,13-089-0002,AQS
2016-06-15,37,Unknown,Douglasville,13-097-0004,AQS
2016-06-16,87,Unknown,Conyers,13-247-0001,AQS
2016-06-17,49,Unknown,McDonough,13-151-0002,AQS
2016-06-18,43,Unknown,"Yorkville, King Farm",13-223-0003,AQS
2016-06-19,49,Unknown,"Yorkville, King Farm",13-223-0003,AQS
2016-06-20,100,Unknown,United Avenue,13-121-0055,AQS
2016-06-21,108,Unknown,Conyers,13-247-0001,AQS
2016-06-22,51,Unknown,Conyers,13-247-0001,AQS
2016-06-23,64,Unknown,Conyers,13-247-0001,AQS
2016-06-24,77,Unknown,Gwinnett,13-135-0002,AQS
2016-06-25,105,Unknown,McDonough,13-151-0002,AQS
2016-06-26,50,Unknown,Conyers,13-247-0001,AQS
2016-06-27,133,Unknown,Gwinnett,13-135-0002,AQS
2016-06-28,80,Unknown,McDonough,13-151-0002,AQS
2016-06-29,147,Unknown,McDonough,13-151-0002,AQS
2016-06-30,150,Unknown,United Avenue,13-121-0055,AQS
2016-07-01,122,Unknown,Conyers,13-247-0001,AQS
2016-07-02,108,Unknown,Conyers,13-247-0001,AQS
2016-07-03,58,Unknown,South DeKalb,13-089-0002,AQS
2016-07-04,39,Unknown,Dawsonville,13-085-0001,AQS
2016-07-05,29,Unknown,Dawsonville,13-085-0001,AQS
2016-07-06,31,Unknown,Dawsonville,13-085-0001,AQS
2016-07-07,32,Unknown,Dawsonville,13-085-0001,AQS
2016-07-08,40,Unknown,Conyers,13-247-0001,AQS
2016-07-09,44,Unknown,Conyers,13-247-0001,AQS
2016-07-10,64,Unknown,McDonough,13-151-0002,AQS
2016-07-11,50,Unknown,Gwinnett,13-135-0002,AQS
2016-07-12,47,Unknown,Gwinnett,13-135-0002,AQS
2016-07-13,77,Unknown,Conyers,13-247-0001,AQS
2016-07-14,51,Unknown,Conyers,13-247-0001,AQS
2016-07-15,50,Unknown,Conyers,13-247-0001,AQS
2016-07-16,43,Unknown,United Avenue,13-121-0055,AQS
2016-07-17,45,Unknown,Gwinnett,13-135-0002,AQS
2016-07-18,49,Unknown,Conyers,13-247-0001,AQS
2016-07-19,71,Unknown,South DeKalb,13-089-0002,AQS
2016-07-20,119,Unknown,Kennesaw,13-067-0003,AQS
2016-07-21,74,Unknown,Kennesaw,13-067-0003,AQS
2016-07-22,80,Unknown,United Avenue,13-121-0055,AQS
2016-07-23,46,Unknown,United Avenue,13-121-0055,AQS
2016-07-24,42,Unknown,United Avenue,13-121-0055,AQS
2016-07-25,105,Unknown,United Avenue,13-121-0055,AQS
2016-07-26,67,Unknown,Gwinnett,13-135-0002,AQS
2016-07-27,41,Unknown,Gwinnett,13-135-0002,AQS
2016-07-28,32,Unknown,Dawsonville,13-085-0001,AQS
2016-07-29,39,Unknown,Douglasville,13-097-0004,AQS
2016-07-30,39,Unknown,Conyers,13-247-0001,AQS
2016-07-31,48,Unknown,South DeKalb,13-089-0002,AQS
2016-08-01,77,Unknown,Gwinnett,13-135-0002,AQS
2016-08-02,44,Unknown,Conyers,13-247-0001,AQS
2016-08-03,101,Unknown,McDonough,13-151-0002,AQS
2016-08-04,71,Unknown,Douglasville,13-097-0004,AQS
2016-08-05,80,Unknown,United Avenue,13-121-0055,AQS
2016-08-06,97,Unknown,McDonough,13-151-0002,AQS
2016-08-07,47,Unknown,Kennesaw,13-067-0003,AQS
2016-08-08,46,Unknown,"Yorkville, King Farm",13-223-0003,AQS
2016-08-09,36,Unknown,Kennesaw,13-067-0003,AQS
2016-08-10,32,Unknown,"Yorkville, King Farm",13-223-0003,AQS
2016-08-11,33,Unknown,Kennesaw,13-067-0003,AQS
2016-08-12,31,Unknown,Kennesaw,13-067-0003,AQS
2016-08-13,39,Unknown,Dawsonville,13-085-0001,AQS
2016-08-14,31,Unknown,Dawsonville,13-085-0001,AQS
2016-08-15,37,Unknown,United Avenue,13-121-0055,AQS
2016-08-16,38,Unknown,Kennesaw,13-067-0003,AQS
2016-08-17,74,Unknown,Gwinnett,13-135-0002,AQS
2016-08-18,51,Unknown,Conyers,13-247-0001,AQS
2016-08-19,42,Unknown,Gwinnett,13-135-0002,AQS
2016-08-20,31,Unknown,Gwinnett,13-135-0002,AQS
2016-08-21,21,Unknown,Georgia Station,13-231-9991,AQS
2016-08-22,80,Unknown,McDonough,13-151-0002,AQS
2016-08-23,115,Unknown,United Avenue,13-121-0055,AQS
2016-08-24,37,Unknown,Kennesaw,13-067-0003,AQS
2016-08-25,93,Unknown,United Avenue,13-121-0055,AQS
2016-08-26,84,Unknown,Douglasville,13-097-0004,AQS
2016-08-27,46,Unknown,Douglasville,13-097-0004,AQS
2016-08-28,50,Unknown,Douglasville,13-097-0004,AQS
2016-08-29,58,Unknown,Douglasville,13-097-0004,AQS
2016-08-30,61,Unknown,"Yorkville, King Farm",13-223-0003,AQS
2016-08-31,100,Unknown,Douglasville,13-097-0004,AQS
2016-09-01,80,Unknown,Kennesaw,13-067-0003,AQS
2016-09-02,44,Unknown,"Yorkville, King Farm",13-223-0003,AQS
2016-09-03,49,Unknown,Kennesaw,13-067-0003,AQS
2016-09-04,50,Unknown,"Yorkville, King Farm",13-223-0003,AQS
2016-09-05,64,Unknown,Douglasville,13-097-0004,AQS
2016-09-06,97,Unknown,McDonough,13-151-0002,AQS
2016-09-07,112,Unknown,United Avenue,13-121-0055,AQS
2016-09-08,105,Unknown,Conyers,13-247-0001,AQS
2016-09-09,93,Unknown,Conyers,13-247-0001,AQS
2016-09-10,54,Unknown,Gwinnett,13-135-0002,AQS
2016-09-11,51,Unknown,Conyers,13-247-0001,AQS
2016-09-12,61,Unknown,"Yorkville, King Farm",13-223-0003,AQS
2016-09-13,67,Unknown,"Yorkville, King Farm",13-223-0003,AQS
2016-09-14,47,Unknown,Douglasville,13-097-0004,AQS
2016-09-15,101,Unknown,Douglasville,13-097-0004,AQS
2016-09-16,77,Unknown,"Yorkville, King Farm",13-223-0003,AQS
2016-09-17,44,Unknown,Kennesaw,13-067-0003,AQS
2016-09-18,22,Unknown,"Yorkville, King Farm",13-223-0003,AQS
2016-09-19,45,Unknown,McDonough,13-151-0002,AQS
2016-09-20,50,Unknown,Newnan,13-077-0002,AQS
2016-09-21,90,Unknown,Georgia Station,13-231-9991,AQS
2016-09-22,58,Unknown,Douglasville,13-097-0004,AQS
2016-09-23,74,Unknown,Georgia Station,13-231-9991,AQS
2016-09-24,74,Unknown,South DeKalb,13-089-0002,AQS
2016-09-25,101,Unknown,Douglasville,13-097-0004,AQS
2016-09-26,80,Unknown,Kennesaw,13-067-0003,AQS
2016-09-27,43,Unknown,Dawsonville,13-085-0001,AQS
2016-09-28,54,Unknown,Dawsonville,13-085-0001,AQS
2016-09-29,44,Unknown,Conyers,13-247-0001,AQS
2016-09-30,44,Unknown,Conyers,13-247-0001,AQS
2016-10-01,64,Unknown,Conyers,13-247-0001,AQS
2016-10-02,74,Unknown,Conyers,13-247-0001,AQS
2016-10-03,101,Unknown,Douglasville,13-097-0004,AQS
2016-10-04,74,Unknown,"Yorkville, King Farm",13-223-0003,AQS
2016-10-05,67,Unknown,Douglasville,13-097-0004,AQS
2016-10-06,50,Unknown,"Yorkville, King Farm",13-223-0003,AQS
2016-10-07,32,Unknown,Georgia Station,13-231-9991,AQS
2016-10-08,44,Unknown,Newnan,13-077-0002,AQS
2016-10-09,51,Unknown,Georgia Station,13-231-9991,AQS
2016-10-10,50,Unknown,"Yorkville, King Farm",13-223-0003,AQS
2016-10-11,51,Unknown,"Yorkville, King Farm",13-223-0003,AQS
2016-10-12,74,Unknown,Douglasville,13-097-0004,AQS
2016-10-13,112,Unknown,Georgia Station,13-231-9991,AQS
2016-10-14,71,Unknown,Georgia Station,13-231-9991,AQS
2016-10-15,46,Unknown,"Yorkville, King Farm",13-223-0003,AQS
2016-10-16,47,Unknown,Kennesaw,13-067-0003,AQS
2016-10-17,47,Unknown,Dawsonville,13-085-0001,AQS
2016-10-18,43,Unknown,Gwinnett,13-135-0002,AQS
2016-10-19,43,Unknown,United Avenue,13-121-0055,AQS
2016-10-20,49,Unknown,Gwinnett,13-135-0002,AQS
2016-10-21,34,Unknown,Newnan,13-077-0002,AQS
2016-10-22,37,Unknown,Newnan,13-077-0002,AQS
2016-10-23,45,Unknown,Conyers,13-247-0001,AQS
2016-10-24,50,Unknown,Georgia Station,13-231-9991,AQS
2016-10-25,80,Unknown,"Yorkville, King Farm",13-223-0003,AQS
2016-10-26,54,Unknown,Georgia Station,13-231-9991,AQS
2016-10-27,46,Unknown,Dawsonville,13-085-0001,AQS
2016-10-28,67,Unknown,Georgia Station,13-231-9991,AQS
2016-10-29,77,Unknown,Douglasville,13-097-0004,AQS
2016-10-30,50,Unknown,Conyers,13-247-0001,AQS
2016-10-31,67,Unknown,Douglasville,13-097-0004,AQS
2016-11-01,58,Unknown,Georgia Station,13-231-9991,AQS
2016-11-02,39,Unknown,Georgia Station,13-231-9991,AQS
2016-11-03,42,Unknown,Georgia Station,13-231-9991,AQS
2016-11-04,44,Unknown,Georgia Station,13-231-9991,AQS
2016-11-05,42,Unknown,Georgia Station,13-231-9991,AQS
2016-11-06,45,Unknown,Georgia Station,13-231-9991,AQS
2016-11-07,44,Unknown,Georgia Station,13-231-9991,AQS
2016-11-08,37,Unknown,Georgia Station,13-231-9991,AQS
2016-11-09,43,Unknown,Georgia Station,13-231-9991,AQS
2016-11-10,43,Unknown,Georgia Station,13-231-9991,AQS
2016-11-11,43,Unknown,Georgia Station,13-231-9991,AQS
2016-11-12,33,Unknown,Georgia Station,13-231-9991,AQS
2016-11-13,34,Unknown,Georgia Station,13-231-9991,AQS
2016-11-14,50,Unknown,Georgia Station,13-231-9991,AQS
2016-11-15,47,Unknown,Georgia Station,13-231-9991,AQS
2016-11-16,47,Unknown,Georgia Station,13-231-9991,AQS
2016-11-17,48,Unknown,Georgia Station,13-231-9991,AQS
2016-11-18,51,Unknown,Georgia Station,13-231-9991,AQS
2016-11-19,41,Unknown,Georgia Station,13-231-9991,AQS
2016-11-20,39,Unknown,Georgia Station,13-231-9991,AQS
2016-11-21,37,Unknown,Georgia Station,13-231-9991,AQS
2016-11-22,43,Unknown,Georgia Station,13-231-9991,AQS
2016-11-23,44,Unknown,Georgia Station,13-231-9991,AQS
2016-11-24,40,Unknown,Georgia Station,13-231-9991,AQS
2016-11-25,37,Unknown,Georgia Station,13-231-9991,AQS
2016-11-26,33,Unknown,Georgia Station,13-231-9991,AQS
2016-11-27,37,Unknown,Georgia Station,13-231-9991,AQS
2016-11-28,39,Unknown,Georgia Station,13-231-9991,AQS
2016-11-29,34,Unknown,Georgia Station,13-231-9991,AQS
2016-11-30,28,Unknown,Georgia Station,13-231-9991,AQS
2016-12-01,33,Unknown,Georgia Station,13-231-9991,AQS
2016-12-02,35,Unknown,Georgia Station,13-231-9991,AQS
2016-12-03,25,Unknown,Georgia Station,13-231-9991,AQS
2016-12-04,20,Unknown,Georgia Station,13-231-9991,AQS
2016-12-05,16,Unknown,Georgia Station,13-231-9991,AQS
2016-12-06,20,Unknown,Georgia Station,13-231-9991,AQS
2016-12-07,24,Unknown,Georgia Station,13-231-9991,AQS
2016-12-08,30,Unknown,Georgia Station,13-231-9991,AQS
2016-12-09,27,Unknown,Georgia Station,13-231-9991,AQS
2016-12-10,30,Unknown,Georgia Station,13-231-9991,AQS
2016-12-11,26,Unknown,Georgia Station,13-231-9991,AQS
2016-12-12,28,Unknown,Georgia Station,13-231-9991,AQS
2016-12-13,15,Unknown,Georgia Station,13-231-9991,AQS
2016-12-14,23,Unknown,Georgia Station,13-231-9991,AQS
2016-12-15,31,Unknown,Georgia Station,13-231-9991,AQS
2016-12-16,29,Unknown,Georgia Station,13-231-9991,AQS
2016-12-17,26,Unknown,Georgia Station,13-231-9991,AQS
2016-12-18,31,Unknown,Georgia Station,13-231-9991,AQS
2016-12-19,13,Unknown,Georgia Station,13-231-9991,AQS
2016-12-20,18,Unknown,Georgia Station,13-231-9991,AQS
2016-12-21,31,Unknown,Georgia Station,13-231-9991,AQS
2016-12-22,37,Unknown,Georgia Station,13-231-9991,AQS
2016-12-23,38,Unknown,Georgia Station,13-231-9991,AQS
2016-12-24,32,Unknown,South DeKalb,13-089-0002,AQS
2016-12-25,31,Unknown,Georgia Station,13-231-9991,AQS
2016-12-26,23,Unknown,Georgia Station,13-231-9991,AQS
2016-12-27,23,Unknown,Georgia Station,13-231-9991,AQS
2016-12-28,28,Unknown,Georgia Station,13-231-9991,AQS
2016-12-29,38,Unknown,Georgia Station,13-231-9991,AQS
2016-12-30,35,Unknown,Georgia Station,13-231-9991,AQS
2016-12-31,19,Unknown,South DeKalb,13-089-0002,AQS
2017-01-01,24,Unknown,Georgia Station,13-231-9991,AQS
2017-01-02,22,Unknown,Georgia Station,13-231-9991,AQS
2017-01-03,30,Unknown,Georgia Station,13-231-9991,AQS
2017-01-04,23,Unknown,Georgia Station,13-231-9991,AQS
2017-01-05,29,Unknown,Georgia Station,13-231-9991,AQS
2017-01-06,19,Unknown,Georgia Station,13-231-9991,AQS
2017-01-07,31,Unknown,Georgia Station,13-231-9991,AQS
2017-01-08,33,Unknown,Georgia Station,13-231-9991,AQS
2017-01-09,35,Unknown,Georgia Station,13-231-9991,AQS
2017-01-10,38,Unknown,Georgia Station,13-231-9991,AQS
2017-01-11,38,Unknown,Georgia Station,13-231-9991,AQS
2017-01-12,39,Unknown,Georgia Station,13-231-9991,AQS
2017-01-13,37,Unknown,Georgia Station,13-231-9991,AQS
2017-01-14,38,Unknown,Georgia Station,13-231-9991,AQS
2017-01-15,38,Unknown,Georgia Station,13-231-9991,AQS
2017-01-16,32,Unknown,Georgia Station,13-231-9991,AQS
2017-01-17,34,Unknown,Georgia Station,13-231-9991,AQS
2017-01-18,28,Unknown,Georgia Station,13-231-9991,AQS
2017-01-19,31,Unknown,Georgia Station,13-231-9991,AQS
2017-01-20,29,Unknown,Georgia Station,13-231-9991,AQS
2017-01-21,29,Unknown,Georgia Station,13-231-9991,AQS
2017-01-22,40,Unknown,Georgia Station,13-231-9991,AQS
2017-01-23,39,Unknown,Georgia Station,13-231-9991,AQS
2017-01-24,35,Unknown,Georgia Station,13-231-9991,AQS
2017-01-25,44,Unknown,Georgia Station,13-231-9991,AQS
2017-01-26,39,Unknown,Georgia Station,13-231-9991,AQS
2017-01-27,31,Unknown,Georgia Station,13-231-9991,AQS
2017-01-28,40,Unknown,Georgia Station,13-231-9991,AQS
2017-01-29,39,Unknown,Georgia Station,13-231-9991,AQS
2017-01-30,42,Unknown,Georgia Station,13-231-9991,AQS
2017-01-31,49,Unknown,Georgia Station,13-231-9991,AQS
2017-02-01,44,Unknown,Georgia Station,13-231-9991,AQS
2017-02-02,37,Unknown,Georgia Station,13-231-9991,AQS
2017-02-03,34,Unknown,Georgia Station,13-231-9991,AQS
2017-02-04,41,Unknown,Georgia Station,13-231-9991,AQS
2017-02-05,31,Unknown,Georgia Station,13-231-9991,AQS
2017-02-06,40,Unknown,Georgia Station,13-231-9991,AQS
2017-02-07,36,Unknown,Georgia Station,13-231-9991,AQS
2017-02-08,27,Unknown,Georgia Station,13-231-9991,AQS
2017-02-09,37,Unknown,Georgia Station,13-231-9991,AQS
2017-02-10,41,Unknown,Georgia Station,13-231-9991,AQS
2017-02-11,38,Unknown,Georgia Station,13-231-9991,AQS
2017-02-12,34,Unknown,Georgia Station,13-231-9991,AQS
2017-02-13,41,Unknown,Georgia Station,13-231-9991,AQS
2017-02-14,61,Unknown,Georgia Station,13-231-9991,AQS
2017-02-15,42,Unknown,Georgia Station,13-231-9991,AQS
2017-02-16,43,Unknown,Georgia Station,13-231-9991,AQS
2017-02-17,45,Unknown,Georgia Station,13-231-9991,AQS
2017-02-18,39,Unknown,Georgia Station,13-231-9991,AQS
2017-02-19,43,Unknown,Georgia Station,13-231-9991,AQS
2017-02-20,47,Unknown,Georgia Station,13-231-9991,AQS
2017-02-21,42,Unknown,Georgia Station,13-231-9991,AQS
2017-02-22,41,Unknown,Georgia Station,13-231-9991,AQS
2017-02-23,40,Unknown,Georgia Station,13-231-9991,AQS
2017-02-24,41,Unknown,Georgia Station,13-231-9991,AQS
2017-02-25,43,Unknown,Georgia Station,13-231-9991,AQS
2017-02-26,44,Unknown,Georgia Station,13-231-9991,AQS
2017-02-27,39,Unknown,Georgia Station,13-231-9991,AQS
2017-02-28,32,Unknown,South DeKalb,13-089-0002,AQS
2017-03-01,36,Unknown,Dawsonville,13-085-0001,AQS
2017-03-02,42,Unknown,Georgia Station,13-231-9991,AQS
2017-03-03,44,Unknown,Douglasville,13-097-0004,AQS
2017-03-04,47,Unknown,Dawsonville,13-085-0001,AQS
2017-03-05,61,Unknown,Dawsonville,13-085-0001,AQS
2017-03-06,48,Unknown,Dawsonville,13-085-0001,AQS
2017-03-07,43,Unknown,Georgia Station,13-231-9991,AQS
2017-03-08,46,Unknown,Georgia Station,13-231-9991,AQS
2017-03-09,51,Unknown,Dawsonville,13-085-0001,AQS
2017-03-10,44,Unknown,United Avenue,13-121-0055,AQS
2017-03-11,43,Unknown,Georgia Station,13-231-9991,AQS
2017-03-12,34,Unknown,United Avenue,13-121-0055,AQS
2017-03-13,35,Unknown,Dawsonville,13-085-0001,AQS
2017-03-14,36,Unknown,Dawsonville,13-085-0001,AQS
2017-03-15,41,Unknown,Dawsonville,13-085-0001,AQS
2017-03-16,45,Unknown,Dawsonville,13-085-0001,AQS
2017-03-17,54,Unknown,Georgia Station,13-231-9991,AQS
2017-03-18,44,Unknown,Dawsonville,13-085-0001,AQS
2017-03-19,41,Unknown,Georgia Station,13-231-9991,AQS
2017-03-20,48,Unknown,Georgia Station,13-231-9991,AQS
2017-03-21,54,Unknown,United Avenue,13-121-0055,AQS
2017-03-22,42,Unknown,Dawsonville,13-085-0001,AQS
2017-03-23,47,Unknown,United Avenue,13-121-0055,AQS
2017-03-24,49,Unknown,United Avenue,13-121-0055,AQS
2017-03-25,44,Unknown,Dawsonville,13-085-0001,AQS
2017-03-26,44,Unknown,Dawsonville,13-085-0001,AQS
2017-03-27,40,Unknown,Georgia Station,13-231-9991,AQS
2017-03-28,42,Unknown,Dawsonville,13-085-0001,AQS
2017-03-29,71,Unknown,United Avenue,13-121-0055,AQS
2017-03-30,44,Unknown,Dawsonville,13-085-0001,AQS
2017-03-31,46,Unknown,McDonough,13-151-0002,AQS
2017-04-01,58,Unknown,Conyers,13-247-0001,AQS
2017-04-02,61,Unknown,Georgia Station,13-231-9991,AQS
2017-04-03,39,Unknown,Georgia Station,13-231-9991,AQS
2017-04-04,51,Unknown,Dawsonville,13-085-0001,AQS
2017-04-05,36,Unknown,Douglasville,13-097-0004,AQS
2017-04-06,42,Unknown,Georgia Station,13-231-9991,AQS
2017-04-07,45,Unknown,Georgia Station,13-231-9991,AQS
2017-04-08,67,Unknown,Georgia Station,13-231-9991,AQS
2017-04-09,84,Unknown,Dawsonville,13-085-0001,AQS
2017-04-10,101,Unknown,Dawsonville,13-085-0001,AQS
2017-04-11,93,Unknown,Dawsonville,13-085-0001,AQS
2017-04-12,67,Unknown,Georgia Station,13-231-9991,AQS
2017-04-13,87,Unknown,Douglasville,13-097-0004,AQS
2017-04-14,61,Unknown,United Avenue,13-121-0055,AQS
2017-04-15,49,Unknown,United Avenue,13-121-0055,AQS
2017-04-16,54,Unknown,Dawsonville,13-085-0001,AQS
2017-04-17,40,Unknown,Dawsonville,13-085-0001,AQS
2017-04-18,43,Unknown,Douglasville,13-097-0004,AQS
2017-04-19,41,Unknown,Douglasville,13-097-0004,AQS
2017-04-20,58,Unknown,Dawsonville,13-085-0001,AQS
2017-04-21,48,Unknown,Gwinnett,13-135-0002,AQS
2017-04-22,45,Unknown,Gwinnett,13-135-0002,AQS
2017-04-23,34,Unknown,United Avenue,13-121-0055,AQS
2017-04-24,23,Unknown,Dawsonville,13-085-0001,AQS
2017-04-25,44,Unknown,Conyers,13-247-0001,AQS
2017-04-26,74,Unknown,Dawsonville,13-085-0001,AQS
2017-04-27,34,Unknown,Kennesaw,13-067-0003,AQS
2017-04-28,32,Unknown,Dawsonville,13-085-0001,AQS
2017-04-29,37,Unknown,Kennesaw,13-067-0003,AQS
2017-04-30,35,Unknown,United Avenue,13-121-0055,AQS
2017-05-01,47,Unknown,Dawsonville,13-085-0001,AQS
2017-05-02,51,Unknown,Conyers,13-247-0001,AQS
2017-05-03,64,Unknown,United Avenue,13-121-0055,AQS
2017-05-04,36,Unknown,Kennesaw,13-067-0003,AQS
2017-05-05,34,Unknown,United Avenue,13-121-0055,AQS
2017-05-06,49,Unknown,United Avenue,13-121-0055,AQS
2017-05-07,48,Unknown,McDonough,13-151-0002,AQS
2017-05-08,80,Unknown,McDonough,13-151-0002,AQS
2017-05-09,90,Unknown,Douglasville,13-097-0004,AQS
2017-05-10,97,Unknown,Conyers,13-247-0001,AQS
2017-05-11,61,Unknown,Gwinnett,13-135-0002,AQS
2017-05-12,42,Unknown,Georgia Station,13-231-9991,AQS
2017-05-13,47,Unknown,McDonough,13-151-0002,AQS
2017-05-14,71,Unknown,United Avenue,13-121-0055,AQS
2017-05-15,143,Unknown,South DeKalb,13-089-0002,AQS
2017-05-16,112,Unknown,Dawsonville,13-085-0001,AQS
2017-05-17,47,Unknown,United Avenue,13-121-0055,AQS
2017-05-18,42,Unknown,United Avenue,13-121-0055,AQS
2017-05-19,71,Unknown,United Avenue,13-121-0055,AQS
2017-05-20,38,Unknown,Kennesaw,13-067-0003,AQS
2017-05-21,34,Unknown,Conyers,13-247-0001,AQS
2017-05-22,32,Unknown,Kennesaw,13-067-0003,AQS
2017-05-23,31,Unknown,Kennesaw,13-067-0003,AQS
2017-05-24,40,Unknown,Georgia Station,13-231-9991,AQS
2017-05-25,38,Unknown,Conyers,13-247-0001,AQS
2017-05-26,51,Unknown,Conyers,13-247-0001,AQS
2017-05-27,47,Unknown,Gwinnett,13-135-0002,AQS
2017-05-28,41,Unknown,Douglasville,13-097-0004,AQS
2017-05-29,39,Unknown,Conyers,13-247-0001,AQS
2017-05-30,34,Unknown,McDonough,13-151-0002,AQS
2017-05-31,39,Unknown,Gwinnett,13-135-0002,AQS
2017-06-01,48,Unknown,United Avenue,13-121-0055,AQS
2017-06-02,97,Unknown,United Avenue,13-121-0055,AQS
2017-06-03,97,Unknown,Kennesaw,13-067-0003,AQS
2017-06-04,31,Unknown,Kennesaw,13-067-0003,AQS
2017-06-05,21,Unknown,Conyers,13-247-0001,AQS
2017-06-06,29,Unknown,Conyers,13-247-0001,AQS
2017-06-07,49,Unknown,Douglasville,13-097-0004,AQS
2017-06-08,61,Unknown,United Avenue,13-121-0055,AQS
2017-06-09,80,Unknown,Gwinnett,13-135-0002,AQS
2017-06-10,58,Unknown,Kennesaw,13-067-0003,AQS
2017-06-11,40,Unknown,Kennesaw,13-067-0003,AQS
2017-06-12,40,Unknown,Kennesaw,13-067-0003,AQS
2017-06-13,67,Unknown,United Avenue,13-121-0055,AQS
2017-06-14,93,Unknown,United Avenue,13-121-0055,AQS
2017-06-15,67,Unknown,Conyers,13-247-0001,AQS
2017-06-16,74,Unknown,Conyers,13-247-0001,AQS
2017-06-17,47,Unknown,Dawsonville,13-085-0001,AQS
2017-06-18,31,Unknown,Dawsonville,13-085-0001,AQS
2017-06-19,32,Unknown,Gwinnett,13-135-0002,AQS
2017-06-20,30,Unknown,Kennesaw,13-067-0003,AQS
2017-06-21,21,Unknown,Kennesaw,13-067-0003,AQS
2017-06-22,17,Unknown,McDonough,13-151-0002,AQS
2017-06-23,24,Unknown,Dawsonville,13-085-0001,AQS
2017-06-24,31,Unknown,Gwinnett,13-135-0002,AQS
2017-06-25,40,Unknown,McDonough,13-151-0002,AQS
2017-06-26,58,Unknown,United Avenue,13-121-0055,AQS
2017-06-27,61,Unknown,McDonough,13-151-0002,AQS
2017-06-28,77,Unknown,Douglasville,13-097-0004,AQS
2017-06-29,35,Unknown,Kennesaw,13-067-0003,AQS
2017-06-30,17,Unknown,Georgia Station,13-231-9991,AQS
2017-07-01,25,Unknown,Douglasville,13-097-0004,AQS
2017-07-02,37,Unknown,McDonough,13-151-0002,AQS
2017-07-03,31,Unknown,Newnan,13-077-0002,AQS
2017-07-04,25,Unknown,Georgia Station,13-231-9991,AQS
2017-07-05,28,Unknown,South DeKalb,13-089-0002,AQS
2017-07-06,31,Unknown,South DeKalb,13-089-0002,AQS
2017-07-07,38,Unknown,Gwinnett,13-135-0002,AQS
2017-07-08,45,Unknown,Gwinnett,13-135-0002,AQS
2017-07-09,48,Unknown,United Avenue,13-121-0055,AQS
2017-07-10,90,Unknown,United Avenue,13-121-0055,AQS
2017-07-11,41,Unknown,Dawsonville,13-085-0001,AQS
2017-07-12,58,Unknown,Gwinnett,13-135-0002,AQS
2017-07-13,50,Unknown,United Avenue,13-121-0055,AQS
2017-07-14,44,Unknown,Gwinnett,13-135-0002,AQS
2017-07-15,40,Unknown,Gwinnett,13-135-0002,AQS
2017-07-16,46,Unknown,Gwinnett,13-135-0002,AQS
2017-07-17,67,Unknown,United Avenue,13-121-0055,AQS
2017-07-18,61,Unknown,United Avenue,13-121-0055,AQS
2017-07-19,129,Unknown,McDonough,13-151-0002,AQS
2017-07-20,90,Unknown,McDonough,13-151-0002,AQS
2017-07-21,122,Unknown,United Avenue,13-121-0055,AQS
2017-07-22,71,Unknown,Gwinnett,13-135-0002,AQS
2017-07-23,42,Unknown,Conyers,13-247-0001,AQS
2017-07-24,45,Unknown,Conyers,13-247-0001,AQS
2017-07-25,58,Unknown,United Avenue,13-121-0055,AQS
2017-07-26,108,Unknown,United Avenue,13-121-0055,AQS
2017-07-27,84,Unknown,Gwinnett,13-135-0002,AQS
2017-07-28,28,Unknown,Conyers,13-247-0001,AQS
2017-07-29,49,Unknown,McDonough,13-151-0002,AQS
2017-07-30,44,Unknown,Douglasville,13-097-0004,AQS
2017-07-31,54,Unknown,Newnan,13-077-0002,AQS
2017-08-01,150,Unknown,Douglasville,13-097-0004,AQS
2017-08-02,84,Unknown,Kennesaw,13-067-0003,AQS
2017-08-03,77,Unknown,Kennesaw,13-067-0003,AQS
2017-08-04,50,Unknown,Gwinnett,13-135-0002,AQS
2017-08-05,61,Unknown,Conyers,13-247-0001,AQS
2017-08-06,33,Unknown,Kennesaw,13-067-0003,AQS
2017-08-07,21,Unknown,Kennesaw,13-067-0003,AQS
2017-08-08,33,Unknown,Kennesaw,13-067-0003,AQS
2017-08-09,30,Unknown,Kennesaw,13-067-0003,AQS
2017-08-10,27,Unknown,United Avenue,13-121-0055,AQS
2017-08-11,43,Unknown,Gwinnett,13-135-0002,AQS
2017-08-12,39,Unknown,Gwinnett,13-135-0002,AQS
2017-08-13,44,Unknown,United Avenue,13-121-0055,AQS
2017-08-14,50,Unknown,South DeKalb,13-089-0002,AQS
2017-08-15,35,Unknown,Gwinnett,13-135-0002,AQS
2017-08-16,45,Unknown,Conyers,13-247-0001,AQS
2017-08-17,37,Unknown,Conyers,13-247-0001,AQS
2017-08-18,44,Unknown,United Avenue,13-121-0055,AQS
2017-08-19,119,Unknown,McDonough,13-151-0002,AQS
2017-08-20,119,Unknown,United Avenue,13-121-0055,AQS
2017-08-21,71,Unknown,Douglasville,13-097-0004,AQS
2017-08-22,84,Unknown,Gwinnett,13-135-0002,AQS
2017-08-23,54,Unknown,Conyers,13-247-0001,AQS
2017-08-24,119,Unknown,Georgia Station,13-231-9991,AQS
2017-08-25,84,Unknown,Douglasville,13-097-0004,AQS
2017-08-26,58,Unknown,Douglasville,13-097-0004,AQS
2017-08-27,45,Unknown,Douglasville,13-097-0004,AQS
2017-08-28,49,Unknown,Georgia Station,13-231-9991,AQS
2017-08-29,49,Unknown,Douglasville,13-097-0004,AQS
2017-08-30,26,Unknown,Georgia Station,13-231-9991,AQS
2017-08-31,24,Unknown,United Avenue,13-121-0055,AQS
2017-09-01,37,Unknown,Georgia Station,13-231-9991,AQS
2017-09-02,44,Unknown,United Avenue,13-121-0055,AQS
2017-09-03,49,Unknown,Conyers,13-247-0001,AQS
2017-09-04,46,Unknown,Gwinnett,13-135-0002,AQS
2017-09-05,46,Unknown,Gwinnett,13-135-0002,AQS
2017-09-06,39,Unknown,United Avenue,13-121-0055,AQS
2017-09-07,54,Unknown,Georgia Station,13-231-9991,AQS
2017-09-08,93,Unknown,Douglasville,13-097-0004,AQS
2017-09-09,45,Unknown,Douglasville,13-097-0004,AQS
2017-09-10,39,Unknown,Georgia Station,13-231-9991,AQS
2017-09-11,29,Unknown,Kennesaw,13-067-0003,AQS
2017-09-12,19,Unknown,Kennesaw,13-067-0003,AQS
2017-09-13,43,Unknown,United Avenue,13-121-0055,AQS
2017-09-14,44,Unknown,Georgia Station,13-231-9991,AQS
2017-09-15,87,Unknown,United Avenue,13-121-0055,AQS
2017-09-16,51,Unknown,Douglasville,13-097-0004,AQS
2017-09-17,54,Unknown,United Avenue,13-121-0055,AQS
2017-09-18,58,Unknown,United Avenue,13-121-0055,AQS
2017-09-19,84,Unknown,South DeKalb,13-089-0002,AQS
2017-09-20,84,Unknown,McDonough,13-151-0002,AQS
2017-09-21,80,Unknown,United Avenue,13-121-0055,AQS
2017-09-22,71,Unknown,Douglasville,13-097-0004,AQS
2017-09-23,74,Unknown,Douglasville,13-097-0004,AQS
2017-09-24,45,Unknown,Douglasville,13-097-0004,AQS
2017-09-25,71,Unknown,Douglasville,13-097-0004,AQS
2017-09-26,87,Unknown,Georgia Station,13-231-9991,AQS
2017-09-27,58,Unknown,McDonough,13-151-0002,AQS
2017-09-28,105,Unknown,United Avenue,13-121-0055,AQS
2017-09-29,90,Unknown,Gwinnett,13-135-0002,AQS
2017-09-30,54,Unknown,Douglasville,13-097-0004,AQS
2017-10-01,37,Unknown,Douglasville,13-097-0004,AQS
2017-10-02,43,Unknown,Kennesaw,13-067-0003,AQS
2017-10-03,44,Unknown,Kennesaw,13-067-0003,AQS
2017-10-04,46,Unknown,Douglasville,13-097-0004,AQS
2017-10-05,47,Unknown,Douglasville,13-097-0004,AQS
2017-10-06,39,Unknown,Kennesaw,13-067-0003,AQS
2017-10-07,25,Unknown,Georgia Station,13-231-9991,AQS
2017-10-08,20,Unknown,Georgia Station,13-231-9991,AQS
2017-10-09,22,Unknown,Georgia Station,13-231-9991,AQS
2017-10-10,30,Unknown,Dawsonville,13-085-0001,AQS
2017-10-11,33,Unknown,United Avenue,13-121-0055,AQS
2017-10-12,61,Unknown,Conyers,13-247-0001,AQS
2017-10-13,31,Unknown,Georgia Station,13-231-9991,AQS
2017-10-14,29,Unknown,Kennesaw,13-067-0003,AQS
2017-10-15,28,Unknown,Georgia Station,13-231-9991,AQS
2017-10-16,32,Unknown,Georgia Station,13-231-9991,AQS
2017-10-17,38,Unknown,United Avenue,13-121-0055,AQS
2017-10-18,43,Unknown,Georgia Station,13-231-9991,AQS
2017-10-19,48,Unknown,Georgia Station,13-231-9991,AQS
2017-10-20,49,Unknown,Georgia Station,13-231-9991,AQS
2017-10-21,43,Unknown,Dawsonville,13-085-0001,AQS
2017-10-22,33,Unknown,Georgia Station,13-231-9991,AQS
2017-10-23,37,Unknown,Georgia Station,13-231-9991,AQS
2017-10-24,39,Unknown,Georgia Station,13-231-9991,AQS
2017-10-25,39,Unknown,Georgia Station,13-231-9991,AQS
2017-10-26,42,Unknown,Georgia Station,13-231-9991,AQS
2017-10-27,44,Unknown,Georgia Station,13-231-9991,AQS
2017-10-28,34,Unknown,Georgia Station,13-231-9991,AQS
2017-10-29,24,Unknown,Dawsonville,13-085-0001,AQS
2017-10-30,41,Unknown,Georgia Station,13-231-9991,AQS
2017-10-31,49,Unknown,Georgia Station,13-231-9991,AQS
2017-11-01,47,Unknown,Georgia Station,13-231-9991,AQS
2017-11-02,44,Unknown,Georgia Station,13-231-9991,AQS
2017-11-03,37,Unknown,Georgia Station,13-231-9991,AQS
2017-11-04,32,Unknown,Georgia Station,13-231-9991,AQS
2017-11-05,32,Unknown,Georgia Station,13-231-9991,AQS
2017-11-06,34,Unknown,Georgia Station,13-231-9991,AQS
2017-11-07,33,Unknown,Georgia Station,13-231-9991,AQS
2017-11-08,18,Unknown,Georgia Station,13-231-9991,AQS
2017-11-09,9,Unknown,Georgia Station,13-231-9991,AQS
2017-11-10,36,Unknown,Georgia Station,13-231-9991,AQS
2017-11-11,29,Unknown,Georgia Station,13-231-9991,AQS
2017-11-12,26,Unknown,Georgia Station,13-231-9991,AQS
2017-11-13,32,Unknown,Georgia Station,13-231-9991,AQS
2017-11-14,34,Unknown,Georgia Station,13-231-9991,AQS
2017-11-15,36,Unknown,Georgia Station,13-231-9991,AQS
2017-11-16,40,Unknown,Georgia Station,13-231-9991,AQS
2017-11-17,46,Unknown,Georgia Station,13-231-9991,AQS
2017-11-18,39,Unknown,Georgia Station,13-231-9991,AQS
2017-11-19,32,Unknown,Georgia Station,13-231-9991,AQS
2017-11-20,32,Unknown,Georgia Station,13-231-9991,AQS
2017-11-21,34,Unknown,Georgia Station,13-231-9991,AQS
2017-11-22,39,Unknown,Georgia Station,13-231-9991,AQS
2017-11-23,32,Unknown,Georgia Station,13-231-9991,AQS
2017-11-24,41,Unknown,Georgia Station,13-231-9991,AQS
2017-11-25,35,Unknown,Georgia Station,13-231-9991,AQS
2017-11-26,41,Unknown,Georgia Station,13-231-9991,AQS
2017-11-27,45,Unknown,Georgia Station,13-231-9991,AQS
2017-11-28,44,Unknown,Georgia Station,13-231-9991,AQS
2017-11-29,29,Unknown,Georgia Station,13-231-9991,AQS
2017-11-30,31,Unknown,Georgia Station,13-231-9991,AQS
2017-12-01,29,Unknown,Georgia Station,13-231-9991,AQS
2017-12-02,38,Unknown,Georgia Station,13-231-9991,AQS
2017-12-03,42,Unknown,Georgia Station,13-231-9991,AQS
2017-12-04,43,Unknown,Georgia Station,13-231-9991,AQS
2017-12-05,38,Unknown,Georgia Station,13-231-9991,AQS
2017-12-06,25,Unknown,Georgia Station,13-231-9991,AQS
2017-12-07,22,Unknown,Georgia Station,13-231-9991,AQS
2017-12-08,20,Unknown,Georgia Station,13-231-9991,AQS
2017-12-09,32,Unknown,Georgia Station,13-231-9991,AQS
2017-12-10,33,Unknown,Georgia Station,13-231-9991,AQS
2017-12-11,42,Unknown,Georgia Station,13-231-9991,AQS
2017-12-12,32,Unknown,Georgia Station,13-231-9991,AQS
2017-12-13,39,Unknown,Georgia Station,13-231-9991,AQS
2017-12-14,32,Unknown,Georgia Station,13-231-9991,AQS
2017-12-15,25,Unknown,Georgia Station,13-231-9991,AQS
2017-12-16,35,Unknown,Georgia Station,13-231-9991,AQS
2017-12-17,31,Unknown,Georgia Station,13-231-9991,AQS
2017-12-18,27,Unknown,Georgia Station,13-231-9991,AQS
2017-12-19,27,Unknown,Georgia Station,13-231-9991,AQS
2017-12-20,20,Unknown,Georgia Station,13-231-9991,AQS
2017-12-21,20,Unknown,Georgia Station,13-231-9991,AQS
2017-12-22,23,Unknown,Georgia Station,13-231-9991,AQS
2017-12-23,24,Unknown,Georgia Station,13-231-9991,AQS
2017-12-24,25,Unknown,Georgia Station,13-231-9991,AQS
2017-12-25,33,Unknown,Georgia Station,13-231-9991,AQS
2017-12-26,33,Unknown,Georgia Station,13-231-9991,AQS
2017-12-27,22,Unknown,Georgia Station,13-231-9991,AQS
2017-12-28,30,Unknown,Georgia Station,13-231-9991,AQS
2017-12-29,32,Unknown,Georgia Station,13-231-9991,AQS
2017-12-30,38,Unknown,Georgia Station,13-231-9991,AQS
2017-12-31,19,Unknown,South DeKalb,13-089-0002,AQS
2018-01-01,23,Unknown,South DeKalb,13-089-0002,AQS
2018-01-02,31,Unknown,Georgia Station,13-231-9991,AQS
2018-01-03,31,Unknown,Georgia Station,13-231-9991,AQS
2018-01-04,35,Unknown,Georgia Station,13-231-9991,AQS
2018-01-05,36,Unknown,Georgia Station,13-231-9991,AQS
2018-01-06,36,Unknown,Georgia Station,13-231-9991,AQS
2018-01-07,34,Unknown,Georgia Station,13-231-9991,AQS
2018-01-08,29,Unknown,Georgia Station,13-231-9991,AQS
2018-01-09,33,Unknown,Georgia Station,13-231-9991,AQS
2018-01-10,32,Unknown,South DeKalb,13-089-0002,AQS
2018-01-11,25,Unknown,Georgia Station,13-231-9991,AQS
2018-01-12,39,Unknown,Georgia Station,13-231-9991,AQS
2018-01-13,31,Unknown,Georgia Station,13-231-9991,AQS
2018-01-14,31,Unknown,Georgia Station,13-231-9991,AQS
2018-01-15,35,Unknown,Georgia Station,13-231-9991,AQS
2018-01-16,36,Unknown,Georgia Station,13-231-9991,AQS
2018-01-17,31,Unknown,Georgia Station,13-231-9991,AQS
2018-01-18,33,Unknown,Georgia Station,13-231-9991,AQS
2018-01-19,37,Unknown,Georgia Station,13-231-9991,AQS
2018-01-20,38,Unknown,Georgia Station,13-231-9991,AQS
2018-01-21,42,Unknown,Georgia Station,13-231-9991,AQS
2018-01-22,39,Unknown,Georgia Station,13-231-9991,AQS
2018-01-23,36,Unknown,Georgia Station,13-231-9991,AQS
2018-01-24,35,Unknown,Georgia Station,13-231-9991,AQS
2018-01-25,34,Unknown,Georgia Station,13-231-9991,AQS
2018-01-26,39,Unknown,Georgia Station,13-231-9991,AQS
2018-01-27,31,Unknown,Georgia Station,13-231-9991,AQS
2018-01-28,26,Unknown,Georgia Station,13-231-9991,AQS
2018-01-29,38,Unknown,Georgia Station,13-231-9991,AQS
2018-01-30,32,Unknown,Georgia Station,13-231-9991,AQS
2018-01-31,39,Unknown,Georgia Station,13-231-9991,AQS
2018-02-01,37,Unknown,Georgia Station,13-231-9991,AQS
2018-02-02,34,Unknown,Georgia Station,13-231-9991,AQS
2018-02-03,35,Unknown,South DeKalb,13-089-0002,AQS
2018-02-04,29,Unknown,Georgia Station,13-231-9991,AQS
2018-02-05,31,Unknown,Georgia Station,13-231-9991,AQS
2018-02-06,41,Unknown,Georgia Station,13-231-9991,AQS
2018-02-07,31,Unknown,Georgia Station,13-231-9991,AQS
2018-02-08,33,Unknown,Georgia Station,13-231-9991,AQS
2018-02-09,34,Unknown,South DeKalb,13-089-0002,AQS
2018-02-10,22,Unknown,South DeKalb,13-089-0002,AQS
2018-02-11,23,Unknown,Georgia Station,13-231-9991,AQS
2018-02-12,20,Unknown,Georgia Station,13-231-9991,AQS
2018-02-13,26,Unknown,South DeKalb,13-089-0002,AQS
2018-02-14,19,Unknown,Georgia Station,13-231-9991,AQS
2018-02-15,28,Unknown,Georgia Station,13-231-9991,AQS
2018-02-16,27,Unknown,Georgia Station,13-231-9991,AQS
2018-02-17,30,Unknown,Georgia Station,13-231-9991,AQS
2018-02-18,26,Unknown,South DeKalb,13-089-0002,AQS
2018-02-19,35,Unknown,Georgia Station,13-231-9991,AQS
2018-02-20,24,Unknown,South DeKalb,13-089-0002,AQS
2018-02-21,24,Unknown,Georgia Station,13-231-9991,AQS
2018-02-22,29,Unknown,Georgia Station,13-231-9991,AQS
2018-02-23,32,Unknown,South DeKalb,13-089-0002,AQS
2018-02-24,37,Unknown,Georgia Station,13-231-9991,AQS
2018-02-25,30,Unknown,Georgia Station,13-231-9991,AQS
2018-02-26,35,Unknown,Georgia Station,13-231-9991,AQS
2018-02-27,41,Unknown,South DeKalb,13-089-0002,AQS
2018-02-28,29,Unknown,Georgia Station,13-231-9991,AQS
2018-03-01,37,Unknown,Dawsonville,13-085-0001,AQS
2018-03-02,44,Unknown,Dawsonville,13-085-0001,AQS
2018-03-03,43,Unknown,Dawsonville,13-085-0001,AQS
2018-03-04,48,Unknown,Douglasville,13-097-0004,AQS
2018-03-05,44,Unknown,Dawsonville,13-085-0001,AQS
2018-03-06,38,Unknown,Georgia Station,13-231-9991,AQS
2018-03-07,38,Unknown,United Avenue,13-121-0055,AQS
2018-03-08,43,Unknown,Georgia Station,13-231-9991,AQS
2018-03-09,51,Unknown,Georgia Station,13-231-9991,AQS
2018-03-10,47,Unknown,United Avenue,13-121-0055,AQS
2018-03-11,35,Unknown,Georgia Station,13-231-9991,AQS
2018-03-12,43,Unknown,Dawsonville,13-085-0001,AQS
2018-03-13,45,Unknown,Georgia Station,13-231-9991,AQS
2018-03-14,46,Unknown,United Avenue,13-121-0055,AQS
2018-03-15,61,Unknown,United Avenue,13-121-0055,AQS
2018-03-16,74,Unknown,United Avenue,13-121-0055,AQS
2018-03-17,41,Unknown,Dawsonville,13-085-0001,AQS
2018-03-18,49,Unknown,United Avenue,13-121-0055,AQS
2018-03-19,34,Unknown,Georgia Station,13-231-9991,AQS
2018-03-20,43,Unknown,Georgia Station,13-231-9991,AQS
2018-03-21,44,Unknown,Georgia Station,13-231-9991,AQS
2018-03-22,46,Unknown,Georgia Station,13-231-9991,AQS
2018-03-23,47,Unknown,Dawsonville,13-085-0001,AQS
2018-03-24,58,Unknown,Georgia Station,13-231-9991,AQS
2018-03-25,38,Unknown,Dawsonville,13-085-0001,AQS
2018-03-26,42,Unknown,Dawsonville,13-085-0001,AQS
2018-03-27,40,Unknown,Dawsonville,13-085-0001,AQS
2018-03-28,47,Unknown,Conyers,13-247-0001,AQS
2018-03-29,42,Unknown,Dawsonville,13-085-0001,AQS
2018-03-30,41,Unknown,Dawsonville,13-085-0001,AQS
2018-03-31,48,Unknown,Georgia Station,13-231-9991,AQS
2018-04-01,51,Unknown,Dawsonville,13-085-0001,AQS
2018-04-02,64,Unknown,Dawsonville,13-085-0001,AQS
2018-04-03,36,Unknown,Dawsonville,13-085-0001,AQS
2018-04-04,43,Unknown,Conyers,13-247-0001,AQS
2018-04-05,50,Unknown,Dawsonville,13-085-0001,AQS
2018-04-06,67,Unknown,Dawsonville,13-085-0001,AQS
2018-04-07,37,Unknown,Kennesaw,13-067-0003,AQS
2018-04-08,39,Unknown,Douglasville,13-097-0004,AQS
2018-04-09,31,Unknown,Kennesaw,13-067-0003,AQS
2018-04-10,45,Unknown,United Avenue,13-121-0055,AQS
2018-04-11,45,Unknown,Conyers,13-247-0001,AQS
2018-04-12,80,Unknown,Dawsonville,13-085-0001,AQS
2018-04-13,67,Unknown,Dawsonville,13-085-0001,AQS
2018-04-14,44,Unknown,Dawsonville,13-085-0001,AQS
2018-04-15,33,Unknown,Kennesaw,13-067-0003,AQS
2018-04-16,39,Unknown,Kennesaw,13-067-0003,AQS
2018-04-17,77,Unknown,Dawsonville,13-085-0001,AQS
2018-04-18,64,Unknown,Dawsonville,13-085-0001,AQS
2018-04-19,47,Unknown,McDonough,13-151-0002,AQS
2018-04-20,58,Unknown,Douglasville,13-097-0004,AQS
2018-04-21,71,Unknown,Kennesaw,13-067-0003,AQS
2018-04-22,41,Unknown,Dawsonville,13-085-0001,AQS
2018-04-23,34,Unknown,United Avenue,13-121-0055,AQS
2018-04-24,39,Unknown,Dawsonville,13-085-0001,AQS
2018-04-25,35,Unknown,United Avenue,13-121-0055,AQS
2018-04-26,29,Unknown,McDonough,13-151-0002,AQS
2018-04-27,64,Unknown,Conyers,13-247-0001,AQS
2018-04-28,64,Unknown,United Avenue,13-121-0055,AQS
2018-04-29,64,Unknown,McDonough,13-151-0002,AQS
2018-04-30,84,Unknown,Dawsonville,13-085-0001,AQS
2018-05-01,105,Unknown,Dawsonville,13-085-0001,AQS
2018-05-02,108,Unknown,Dawsonville,13-085-0001,AQS
2018-05-03,93,Unknown,Dawsonville,13-085-0001,AQS
2018-05-04,67,Unknown,Conyers,13-247-0001,AQS
2018-05-05,44,Unknown,Dawsonville,13-085-0001,AQS
2018-05-06,61,Unknown,United Avenue,13-121-0055,AQS
2018-05-07,77,Unknown,McDonough,13-151-0002,AQS
2018-05-08,61,Unknown,Kennesaw,13-067-0003,AQS
2018-05-09,97,Unknown,United Avenue,13-121-0055,AQS
2018-05-10,71,Unknown,United Avenue,13-121-0055,AQS
2018-05-11,97,Unknown,Conyers,13-247-0001,AQS
2018-05-12,112,Unknown,Conyers,13-247-0001,AQS
2018-05-13,115,Unknown,McDonough,13-151-0002,AQS
2018-05-14,100,Unknown,United Avenue,13-121-0055,AQS
2018-05-15,31,Unknown,Kennesaw,13-067-0003,AQS
2018-05-16,32,Unknown,Kennesaw,13-067-0003,AQS
2018-05-17,34,Unknown,United Avenue,13-121-0055,AQS
2018-05-18,48,Unknown,Kennesaw,13-067-0003,AQS
2018-05-19,51,Unknown,Gwinnett,13-135-0002,AQS
2018-05-20,49,Unknown,United Avenue,13-121-0055,AQS
2018-05-21,39,Unknown,Kennesaw,13-067-0003,AQS
2018-05-22,32,Unknown,Kennesaw,13-067-0003,AQS
2018-05-23,35,Unknown,United Avenue,13-121-0055,AQS
2018-05-24,48,Unknown,Douglasville,13-097-0004,AQS
2018-05-25,38,Unknown,Kennesaw,13-067-0003,AQS
2018-05-26,36,Unknown,Dawsonville,13-085-0001,AQS
2018-05-27,30,Unknown,Kennesaw,13-067-0003,AQS
2018-05-28,22,Unknown,Kennesaw,13-067-0003,AQS
2018-05-29,24,Unknown,Kennesaw,13-067-0003,AQS
2018-05-30,38,Unknown,United Avenue,13-121-0055,AQS
2018-05-31,46,Unknown,Gwinnett,13-135-0002,AQS
2018-06-01,37,Unknown,Conyers,13-247-0001,AQS
2018-06-02,43,Unknown,United Avenue,13-121-0055,AQS
2018-06-03,54,Unknown,Conyers,13-247-0001,AQS
2018-06-04,101,Unknown,McDonough,13-151-0002,AQS
2018-06-05,84,Unknown,United Avenue,13-121-0055,AQS
2018-06-06,105,Unknown,United Avenue,13-121-0055,AQS
2018-06-07,133,Unknown,United Avenue,13-121-0055,AQS
2018-06-08,84,Unknown,Douglasville,13-097-0004,AQS
2018-06-09,97,Unknown,United Avenue,13-121-0055,AQS
2018-06-10,67,Unknown,Conyers,13-247-0001,AQS
2018-06-11,47,Unknown,United Avenue,13-121-0055,AQS
2018-06-12,49,Unknown,Douglasville,13-097-0004,AQS
2018-06-13,37,Unknown,Gwinnett,13-135-0002,AQS
2018-06-14,54,Unknown,United Avenue,13-121-0055,AQS
2018-06-15,90,Unknown,United Avenue,13-121-0055,AQS
2018-06-16,64,Unknown,Kennesaw,13-067-0003,AQS
2018-06-17,43,Unknown,United Avenue,13-121-0055,AQS
2018-06-18,71,Unknown,McDonough,13-151-0002,AQS
2018-06-19,77,Unknown,McDonough,13-151-0002,AQS
2018-06-20,44,Unknown,McDonough,13-151-0002,AQS
2018-06-21,31,Unknown,Gwinnett,13-135-0002,AQS
2018-06-22,45,Unknown,Gwinnett,13-135-0002,AQS
2018-06-23,38,Unknown,United Avenue,13-121-0055,AQS
2018-06-24,29,Unknown,United Avenue,13-121-0055,AQS
2018-06-25,31,Unknown,Conyers,13-247-0001,AQS
2018-06-26,61,Unknown,Conyers,13-247-0001,AQS
2018-06-27,40,Unknown,Conyers,13-247-0001,AQS
2018-06-28,33,Unknown,Georgia Station,13-231-9991,AQS
2018-06-29,71,Unknown,United Avenue,13-121-0055,AQS
2018-06-30,44,Unknown,Douglasville,13-097-0004,AQS
2018-07-01,34,Unknown,Kennesaw,13-067-0003,AQS
2018-07-02,43,Unknown,Kennesaw,13-067-0003,AQS
2018-07-03,40,Unknown,Douglasville,13-097-0004,AQS
2018-07-04,42,Unknown,Douglasville,13-097-0004,AQS
2018-07-05,32,Unknown,Douglasville,13-097-0004,AQS
2018-07-06,50,Unknown,United Avenue,13-121-0055,AQS
2018-07-07,39,Unknown,Kennesaw,13-067-0003,AQS
2018-07-08,44,Unknown,Kennesaw,13-067-0003,AQS
2018-07-09,129,Unknown,United Avenue,13-121-0055,AQS
2018-07-10,97,Unknown,McDonough,13-151-0002,AQS
2018-07-11,90,Unknown,United Avenue,13-121-0055,AQS
2018-07-12,100,Unknown,Conyers,13-247-0001,AQS
2018-07-13,77,Unknown,Kennesaw,13-067-0003,AQS
2018-07-14,43,Unknown,Kennesaw,13-067-0003,AQS
2018-07-15,45,Unknown,Douglasville,13-097-0004,AQS
2018-07-16,43,Unknown,United Avenue,13-121-0055,AQS
2018-07-17,64,Unknown,Conyers,13-247-0001,AQS
2018-07-18,77,Unknown,McDonough,13-151-0002,AQS
2018-07-19,46,Unknown,Douglasville,13-097-0004,AQS
2018-07-20,49,Unknown,Kennesaw,13-067-0003,AQS
2018-07-21,47,Unknown,Kennesaw,13-067-0003,AQS
2018-07-22,47,Unknown,United Avenue,13-121-0055,AQS
2018-07-23,48,Unknown,United Avenue,13-121-0055,AQS
2018-07-24,46,Unknown,United Avenue,13-121-0055,AQS
2018-07-25,80,Unknown,McDonough,13-151-0002,AQS
2018-07-26,105,Unknown,McDonough,13-151-0002,AQS
2018-07-27,90,Unknown,Conyers,13-247-0001,AQS
2018-07-28,84,Unknown,McDonough,13-151-0002,AQS
2018-07-29,74,Unknown,United Avenue,13-121-0055,AQS
2018-07-30,67,Unknown,Kennesaw,13-067-0003,AQS
2018-07-31,34,Unknown,Gwinnett,13-135-0002,AQS
2018-08-01,25,Unknown,Kennesaw,13-067-0003,AQS
2018-08-02,25,Unknown,Kennesaw,13-067-0003,AQS
2018-08-03,44,Unknown,United Avenue,13-121-0055,AQS
2018-08-04,47,Unknown,Kennesaw,13-067-0003,AQS
2018-08-05,43,Unknown,United Avenue,13-121-0055,AQS
2018-08-06,77,Unknown,McDonough,13-151-0002,AQS
2018-08-07,40,Unknown,Gwinnett,13-135-0002,AQS
2018-08-08,44,Unknown,Gwinnett,13-135-0002,AQS
2018-08-09,36,Unknown,Gwinnett,13-135-0002,AQS
2018-08-10,38,Unknown,United Avenue,13-121-0055,AQS
2018-08-11,43,Unknown,McDonough,13-151-0002,AQS
2018-08-12,48,Unknown,McDonough,13-151-0002,AQS
2018-08-13,58,Unknown,Conyers,13-247-0001,AQS
2018-08-14,71,Unknown,Conyers,13-247-0001,AQS
2018-08-15,112,Unknown,United Avenue,13-121-0055,AQS
2018-08-16,87,Unknown,Gwinnett,13-135-0002,AQS
2018-08-17,30,Unknown,Dawsonville,13-085-0001,AQS
2018-08-18,30,Unknown,United Avenue,13-121-0055,AQS
2018-08-19,31,Unknown,Dawsonville,13-085-0001,AQS
2018-08-20,28,Unknown,United Avenue,13-121-0055,AQS
2018-08-21,31,Unknown,Kennesaw,13-067-0003,AQS
2018-08-22,44,Unknown,McDonough,13-151-0002,AQS
2018-08-23,74,Unknown,Douglasville,13-097-0004,AQS
2018-08-24,54,Unknown,Kennesaw,13-067-0003,AQS
2018-08-25,80,Unknown,Douglasville,13-097-0004,AQS
2018-08-26,58,Unknown,Douglasville,13-097-0004,AQS
2018-08-27,71,Unknown,Kennesaw,13-067-0003,AQS
2018-08-28,64,Unknown,Kennesaw,13-067-0003,AQS
2018-08-29,43,Unknown,Gwinnett,13-135-0002,AQS
2018-08-30,49,Unknown,Kennesaw,13-067-0003,AQS
2018-08-31,48,Unknown,Dawsonville,13-085-0001,AQS
2018-09-01,36,Unknown,Kennesaw,13-067-0003,AQS
2018-09-02,24,Unknown,Kennesaw,13-067-0003,AQS
2018-09-03,27,Unknown,Kennesaw,13-067-0003,AQS
2018-09-04,31,Unknown,Kennesaw,13-067-0003,AQS
2018-09-05,33,Unknown,Kennesaw,13-067-0003,AQS
2018-09-06,34,Unknown,Kennesaw,13-067-0003,AQS
2018-09-07,51,Unknown,Douglasville,13-097-0004,AQS
2018-09-08,38,Unknown,Kennesaw,13-067-0003,AQS
2018-09-09,30,Unknown,Gwinnett,13-135-0002,AQS
2018-09-10,33,Unknown,United Avenue,13-121-0055,AQS
2018-09-11,40,Unknown,Kennesaw,13-067-0003,AQS
2018-09-12,45,Unknown,Douglasville,13-097-0004,AQS
2018-09-13,41,Unknown,Douglasville,13-097-0004,AQS
2018-09-14,48,Unknown,McDonough,13-151-0002,AQS
2018-09-15,31,Unknown,Georgia Station,13-231-9991,AQS
2018-09-16,22,Unknown,Georgia Station,13-231-9991,AQS
2018-09-17,33,Unknown,Conyers,13-247-0001,AQS
2018-09-18,46,Unknown,McDonough,13-151-0002,AQS
2018-09-19,74,Unknown,United Avenue,13-121-0055,AQS
2018-09-20,84,Unknown,Kennesaw,13-067-0003,AQS
2018-09-21,67,Unknown,Kennesaw,13-067-0003,AQS
2018-09-22,48,Unknown,Kennesaw,13-067-0003,AQS
2018-09-23,47,Unknown,Kennesaw,13-067-0003,AQS
2018-09-24,31,Unknown,Georgia Station,13-231-9991,AQS
2018-09-25,33,Unknown,Kennesaw,13-067-0003,AQS
2018-09-26,29,Unknown,Georgia Station,13-231-9991,AQS
2018-09-27,20,Unknown,Georgia Station,13-231-9991,AQS
2018-09-28,27,Unknown,Dawsonville,13-085-0001,AQS
2018-09-29,42,Unknown,United Avenue,13-121-0055,AQS
2018-09-30,25,Unknown,Kennesaw,13-067-0003,AQS
2018-10-01,45,Unknown,Kennesaw,13-067-0003,AQS
2018-10-02,61,Unknown,Douglasville,13-097-0004,AQS
2018-10-03,67,Unknown,United Avenue,13-121-0055,AQS
2018-10-04,74,Unknown,McDonough,13-151-0002,AQS
2018-10-05,80,Unknown,Conyers,13-247-0001,AQS
2018-10-06,49,Unknown,United Avenue,13-121-0055,AQS
2018-10-07,38,Unknown,Kennesaw,13-067-0003,AQS
2018-10-08,33,Unknown,Georgia Station,13-231-9991,AQS
2018-10-09,31,Unknown,Georgia Station,13-231-9991,AQS
2018-10-10,16,Unknown,Kennesaw,13-067-0003,AQS
2018-10-11,34,Unknown,United Avenue,13-121-0055,AQS
2018-10-12,38,Unknown,Georgia Station,13-231-9991,AQS
2018-10-13,42,Unknown,McDonough,13-151-0002,AQS
2018-10-14,44,Unknown,Kennesaw,13-067-0003,AQS
2018-10-15,31,Unknown,Dawsonville,13-085-0001,AQS
2018-10-16,31,Unknown,United Avenue,13-121-0055,AQS
2018-10-17,31,Unknown,Dawsonville,13-085-0001,AQS
2018-10-18,41,Unknown,Douglasville,13-097-0004,AQS
2018-10-19,39,Unknown,Dawsonville,13-085-0001,AQS
2018-10-20,31,Unknown,Dawsonville,13-085-0001,AQS
2018-10-21,35,Unknown,Georgia Station,13-231-9991,AQS
2018-10-22,37,Unknown,Georgia Station,13-231-9991,AQS
2018-10-23,36,Unknown,Dawsonville,13-085-0001,AQS
2018-10-24,44,Unknown,Dawsonville,13-085-0001,AQS
2018-10-25,29,Unknown,Dawsonville,13-085-0001,AQS
2018-10-26,23,Unknown,Dawsonville,13-085-0001,AQS
2018-10-27,29,Unknown,McDonough,13-151-0002,AQS
2018-10-28,36,Unknown,Dawsonville,13-085-0001,AQS
2018-10-29,37,Unknown,Georgia Station,13-231-9991,AQS
2018-10-30,38,Unknown,Georgia Station,13-231-9991,AQS
2018-10-31,45,Unknown,Dawsonville,13-085-0001,AQS
2018-11-01,31,Unknown,Georgia Station,13-231-9991,AQS
2018-11-02,23,Unknown,Georgia Station,13-231-9991,AQS
2018-11-03,32,Unknown,Georgia Station,13-231-9991,AQS
2018-11-04,30,Unknown,Georgia Station,13-231-9991,AQS
2018-11-05,13,Unknown,Georgia Station,13-231-9991,AQS
2018-11-06,33,Unknown,Georgia Station,13-231-9991,AQS
2018-11-07,23,Unknown,Georgia Station,13-231-9991,AQS
2018-11-08,15,Unknown,Georgia Station,13-231-9991,AQS
2018-11-09,19,Unknown,South DeKalb,13-089-0002,AQS
2018-11-10,31,Unknown,Georgia Station,13-231-9991,AQS
2018-11-11,29,Unknown,South DeKalb,13-089-0002,AQS
2018-11-12,22,Unknown,Georgia Station,13-231-9991,AQS
2018-11-13,10,Unknown,Georgia Station,13-231-9991,AQS
2018-11-14,17,Unknown,Georgia Station,13-231-9991,AQS
2018-11-15,22,Unknown,Georgia Station,13-231-9991,AQS
2018-11-16,34,Unknown,Georgia Station,13-231-9991,AQS
2018-11-17,39,Unknown,Georgia Station,13-231-9991,AQS
2018-11-18,35,Unknown,Georgia Station,13-231-9991,AQS
2018-11-19,42,Unknown,Georgia Station,13-231-9991,AQS
2018-11-20,31,Unknown,Georgia Station,13-231-9991,AQS
2018-11-21,27,Unknown,Georgia Station,13-231-9991,AQS
2018-11-22,31,Unknown,Georgia Station,13-231-9991,AQS
2018-11-23,24,Unknown,Georgia Station,13-231-9991,AQS
2018-11-24,19,Unknown,Georgia Station,13-231-9991,AQS
2018-11-25,16,Unknown,South DeKalb,13-089-0002,AQS
2018-11-26,19,Unknown,Georgia Station,13-231-9991,AQS
2018-11-27,32,Unknown,Georgia Station,13-231-9991,AQS
2018-11-28,32,Unknown,Georgia Station,13-231-9991,AQS
2018-11-29,38,Unknown,Georgia Station,13-231-9991,AQS
2018-11-30,36,Unknown,Georgia Station,13-231-9991,AQS
2018-12-01,34,Unknown,Georgia Station,13-231-9991,AQS
2018-12-02,33,Unknown,Georgia Station,13-231-9991,AQS
2018-12-03,36,Unknown,Georgia Station,13-231-9991,AQS
2018-12-04,24,Unknown,Georgia Station,13-231-9991,AQS
2018-12-05,29,Unknown,Georgia Station,13-231-9991,AQS
2018-12-06,27,Unknown,Georgia Station,13-231-9991,AQS
2018-12-07,19,Unknown,Georgia Station,13-231-9991,AQS
2018-12-08,25,Unknown,Georgia Station,13-231-9991,AQS
2018-12-09,23,Unknown,Georgia Station,13-231-9991,AQS
2018-12-10,20,Unknown,Georgia Station,13-231-9991,AQS
2018-12-11,31,Unknown,Georgia Station,13-231-9991,AQS
2018-12-12,31,Unknown,Georgia Station,13-231-9991,AQS
2018-12-13,27,Unknown,Georgia Station,13-231-9991,AQS
2018-12-14,21,Unknown,Georgia Station,13-231-9991,AQS
2018-12-15,26,Unknown,Georgia Station,13-231-9991,AQS
2018-12-16,27,Unknown,Georgia Station,13-231-9991,AQS
2018-12-17,33,Unknown,Georgia Station,13-231-9991,AQS
2018-12-18,35,Unknown,Georgia Station,13-231-9991,AQS
2018-12-19,35,Unknown,Georgia Station,13-231-9991,AQS
2018-12-20,19,Unknown,Georgia Station,13-231-9991,AQS
2018-12-21,18,Unknown,Georgia Station,13-231-9991,AQS
2018-12-22,27,Unknown,Georgia Station,13-231-9991,AQS
2018-12-23,35,Unknown,Georgia Station,13-231-9991,AQS
2018-12-24,30,Unknown,Georgia Station,13-231-9991,AQS
2018-12-25,34,Unknown,Georgia Station,13-231-9991,AQS
2018-12-26,34,Unknown,Georgia Station,13-231-9991,AQS
2018-12-27,30,Unknown,Georgia Station,13-231-9991,AQS
2018-12-28,28,Unknown,Georgia Station,13-231-9991,AQS
2018-12-29,30,Unknown,Georgia Station,13-231-9991,AQS
2018-12-30,20,Unknown,Georgia Station,13-231-9991,AQS
2018-12-31,25,Unknown,Georgia Station,13-231-9991,AQS
2019-01-01,20,Unknown,Georgia Station,13-231-9991,AQS
2019-01-02,25,Unknown,Georgia Station,13-231-9991,AQS
2019-01-03,14,Unknown,Georgia Station,13-231-9991,AQS
2019-01-04,30,Unknown,Georgia Station,13-231-9991,AQS
2019-01-05,35,Unknown,Georgia Station,13-231-9991,AQS
2019-01-06,34,Unknown,Georgia Station,13-231-9991,AQS
2019-01-07,35,Unknown,Georgia Station,13-231-9991,AQS
2019-01-08,31,Unknown,Georgia Station,13-231-9991,AQS
2019-01-09,36,Unknown,Georgia Station,13-231-9991,AQS
2019-01-10,29,Unknown,Georgia Station,13-231-9991,AQS
2019-01-11,35,Unknown,Georgia Station,13-231-9991,AQS
2019-01-12,24,Unknown,Georgia Station,13-231-9991,AQS
2019-01-13,17,Unknown,South DeKalb,13-089-0002,AQS
2019-01-14,26,Unknown,Georgia Station,13-231-9991,AQS
2019-01-15,30,Unknown,Georgia Station,13-231-9991,AQS
2019-01-16,31,Unknown,Georgia Station,13-231-9991,AQS
2019-01-17,26,Unknown,Georgia Station,13-231-9991,AQS
2019-01-18,22,Unknown,Georgia Station,13-231-9991,AQS
2019-01-19,31,Unknown,Georgia Station,13-231-9991,AQS
2019-01-20,35,Unknown,Georgia Station,13-231-9991,AQS
2019-01-21,31,Unknown,Georgia Station,13-231-9991,AQS
2019-01-22,32,Unknown,Georgia Station,13-231-9991,AQS
2019-01-23,35,Unknown,Georgia Station,13-231-9991,AQS
2019-01-24,27,Unknown,Georgia Station,13-231-9991,AQS
2019-01-25,34,Unknown,Georgia Station,13-231-9991,AQS
2019-01-26,37,Unknown,Georgia Station,13-231-9991,AQS
2019-01-27,36,Unknown,Georgia Station,13-231-9991,AQS
2019-01-28,44,Unknown,Georgia Station,13-231-9991,AQS
2019-01-29,41,Unknown,Georgia Station,13-231-9991,AQS
2019-01-30,36,Unknown,Georgia Station,13-231-9991,AQS
2019-01-31,42,Unknown,Georgia Station,13-231-9991,AQS
2019-02-01,40,Unknown,Georgia Station,13-231-9991,AQS
2019-02-02,36,Unknown,South DeKalb,13-089-0002,AQS
2019-02-03,39,Unknown,Georgia Station,13-231-9991,AQS
2019-02-04,34,Unknown,Georgia Station,13-231-9991,AQS
2019-02-05,24,Unknown,Georgia Station,13-231-9991,AQS
2019-02-06,18,Unknown,Georgia Station,13-231-9991,AQS
2019-02-07,39,Unknown,Georgia Station,13-231-9991,AQS
2019-02-08,35,Unknown,Georgia Station,13-231-9991,AQS
2019-02-09,36,Unknown,Georgia Station,13-231-9991,AQS
2019-02-10,31,Unknown,South DeKalb,13-089-0002,AQS
2019-02-11,19,Unknown,Georgia Station,13-231-9991,AQS
2019-02-12,32,Unknown,Georgia Station,13-231-9991,AQS
2019-02-13,40,Unknown,Georgia Station,13-231-9991,AQS
2019-02-14,39,Unknown,Georgia Station,13-231-9991,AQS
2019-02-15,36,Unknown,Georgia Station,13-231-9991,AQS
2019-02-16,33,Unknown,Georgia Station,13-231-9991,AQS
2019-02-17,19,Unknown,South DeKalb,13-089-0002,AQS
2019-02-18,36,Unknown,Georgia Station,13-231-9991,AQS
2019-02-19,27,Unknown,South DeKalb,13-089-0002,AQS
2019-02-20,23,Unknown,South DeKalb,13-089-0002,AQS
2019-02-21,15,Unknown,Georgia Station,13-231-9991,AQS
2019-02-22,22,Unknown,Georgia Station,13-231-9991,AQS
2019-02-23,18,Unknown,South DeKalb,13-089-0002,AQS
2019-02-24,41,Unknown,Georgia Station,13-231-9991,AQS
2019-02-25,39,Unknown,South DeKalb,13-089-0002,AQS
2019-02-26,41,Unknown,Georgia Station,13-231-9991,AQS
2019-02-27,17,Unknown,South DeKalb,13-089-0002,AQS
2019-02-28,23,Unknown,Georgia Station,13-231-9991,AQS
2019-03-01,26,Unknown,Georgia Station,13-231-9991,AQS
2019-03-02,31,Unknown,Dawsonville,13-085-0001,AQS
2019-03-03,25,Unknown,Dawsonville,13-085-0001,AQS
2019-03-04,37,Unknown,Georgia Station,13-231-9991,AQS
2019-03-05,43,Unknown,Georgia Station,13-231-9991,AQS
2019-03-06,44,Unknown,Georgia Station,13-231-9991,AQS
2019-03-07,61,Unknown,Georgia Station,13-231-9991,AQS
2019-03-08,47,Unknown,Georgia Station,13-231-9991,AQS
2019-03-09,40,Unknown,United Avenue,13-121-0055,AQS
2019-03-10,41,Unknown,United Avenue,13-121-0055,AQS
2019-03-11,31,Unknown,Dawsonville,13-085-0001,AQS
2019-03-12,50,Unknown,Georgia Station,13-231-9991,AQS
2019-03-13,50,Unknown,United Avenue,13-121-0055,AQS
2019-03-14,41,Unknown,Georgia Station,13-231-9991,AQS
2019-03-15,38,Unknown,Kennesaw,13-067-0003,AQS
2019-03-16,43,Unknown,Dawsonville,13-085-0001,AQS
2019-03-17,47,Unknown,United Avenue,13-121-0055,AQS
2019-03-18,48,Unknown,Georgia Station,13-231-9991,AQS
2019-03-19,50,Unknown,Georgia Station,13-231-9991,AQS
2019-03-20,74,Unknown,Georgia Station,13-231-9991,AQS
2019-03-21,49,Unknown,Georgia Station,13-231-9991,AQS
2019-03-22,51,Unknown,Georgia Station,13-231-9991,AQS
2019-03-23,84,Unknown,Georgia Station,13-231-9991,AQS
2019-03-24,93,Unknown,Dawsonville,13-085-0001,AQS
2019-03-25,48,Unknown,Georgia Station,13-231-9991,AQS
2019-03-26,38,Unknown,Dawsonville,13-085-0001,AQS
2019-03-27,47,Unknown,United Avenue,13-121-0055,AQS
2019-03-28,67,Unknown,Georgia Station,13-231-9991,AQS
2019-03-29,67,Unknown,Dawsonville,13-085-0001,AQS
2019-03-30,50,Unknown,Dawsonville,13-085-0001,AQS
2019-03-31,41,Unknown,Dawsonville,13-085-0001,AQS
2019-04-01,47,Unknown,Georgia Station,13-231-9991,AQS
2019-04-02,51,Unknown,United Avenue,13-121-0055,AQS
2019-04-03,71,Unknown,Georgia Station,13-231-9991,AQS
2019-04-04,61,Unknown,United Avenue,13-121-0055,AQS
2019-04-05,40,Unknown,Georgia Station,13-231-9991,AQS
2019-04-06,42,Unknown,Dawsonville,13-085-0001,AQS
2019-04-07,43,Unknown,Dawsonville,13-085-0001,AQS
2019-04-08,23,Unknown,Georgia Station,13-231-9991,AQS
2019-04-09,37,Unknown,Gwinnett,13-135-0002,AQS
2019-04-10,67,Unknown,Kennesaw,13-067-0003,AQS
2019-04-11,44,Unknown,Kennesaw,13-067-0003,AQS
2019-04-12,47,Unknown,Dawsonville,13-085-0001,AQS
2019-04-13,36,Unknown,Dawsonville,13-085-0001,AQS
2019-04-14,38,Unknown,United Avenue,13-121-0055,AQS
2019-04-15,46,Unknown,United Avenue,13-121-0055,AQS
2019-04-16,64,Unknown,Dawsonville,13-085-0001,AQS
2019-04-17,126,Unknown,Dawsonville,13-085-0001,AQS
2019-04-18,49,Unknown,Dawsonville,13-085-0001,AQS
2019-04-19,35,Unknown,Georgia Station,13-231-9991,AQS
2019-04-20,31,Unknown,United Avenue,13-121-0055,AQS
2019-04-21,47,Unknown,United Avenue,13-121-0055,AQS
2019-04-22,61,Unknown,United Avenue,13-121-0055,AQS
2019-04-23,54,Unknown,Gwinnett,13-135-0002,AQS
2019-04-24,61,Unknown,Gwinnett,13-135-0002,AQS
2019-04-25,44,Unknown,Georgia Station,13-231-9991,AQS
2019-04-26,54,Unknown,United Avenue,13-121-0055,AQS
2019-04-27,87,Unknown,Gwinnett,13-135-0002,AQS
2019-04-28,58,Unknown,United Avenue,13-121-0055,AQS
2019-04-29,58,Unknown,United Avenue,13-121-0055,AQS
2019-04-30,77,Unknown,United Avenue,13-121-0055,AQS
2019-05-01,35,Unknown,United Avenue,13-121-0055,AQS
2019-05-02,54,Unknown,Kennesaw,13-067-0003,AQS
2019-05-03,37,Unknown,Gwinnett,13-135-0002,AQS
2019-05-04,30,Unknown,Gwinnett,13-135-0002,AQS
2019-05-05,37,Unknown,United Avenue,13-121-0055,AQS
2019-05-06,80,Unknown,Georgia Station,13-231-9991,AQS
2019-05-07,87,Unknown,Douglasville,13-097-0004,AQS
2019-05-08,46,Unknown,Kennesaw,13-067-0003,AQS
2019-05-09,43,Unknown,United Avenue,13-121-0055,AQS
2019-05-10,45,Unknown,Gwinnett,13-135-0002,AQS
2019-05-11,30,Unknown,Georgia Station,13-231-9991,AQS
2019-05-12,35,Unknown,Georgia Station,13-231-9991,AQS
2019-05-13,43,Unknown,Conyers,13-247-0001,AQS
2019-05-14,49,Unknown,McDonough,13-151-0002,AQS
2019-05-15,100,Unknown,United Avenue,13-121-0055,AQS
2019-05-16,71,Unknown,Gwinnett,13-135-0002,AQS
2019-05-17,97,Unknown,Conyers,13-247-0001,AQS
2019-05-18,90,Unknown,Gwinnett,13-135-0002,AQS
2019-05-19,54,Unknown,Dawsonville,13-085-0001,AQS
2019-05-20,50,Unknown,Conyers,13-247-0001,AQS
2019-05-21,74,Unknown,Dawsonville,13-085-0001,AQS
2019-05-22,61,Unknown,Gwinnett,13-135-0002,AQS
2019-05-23,90,Unknown,Kennesaw,13-067-0003,AQS
2019-05-24,64,Unknown,Conyers,13-247-0001,AQS
2019-05-25,58,Unknown,Conyers,13-247-0001,AQS
2019-05-26,49,Unknown,Conyers,13-247-0001,AQS
2019-05-27,49,Unknown,Conyers,13-247-0001,AQS
2019-05-28,50,Unknown,Gwinnett,13-135-0002,AQS
2019-05-29,51,Unknown,South DeKalb,13-089-0002,AQS
2019-05-30,51,Unknown,Gwinnett,13-135-0002,AQS
2019-05-31,49,Unknown,Gwinnett,13-135-0002,AQS
2019-06-01,90,Unknown,Conyers,13-247-0001,AQS
2019-06-02,74,Unknown,United Avenue,13-121-0055,AQS
2019-06-03,129,Unknown,McDonough,13-151-0002,AQS
2019-06-04,105,Unknown,Douglasville,13-097-0004,AQS
2019-06-05,47,Unknown,United Avenue,13-121-0055,AQS
2019-06-06,31,Unknown,Gwinnett,13-135-0002,AQS
2019-06-07,33,Unknown,United Avenue,13-121-0055,AQS
2019-06-08,32,Unknown,Gwinnett,13-135-0002,AQS
2019-06-09,31,Unknown,Kennesaw,13-067-0003,AQS
2019-06-10,35,Unknown,United Avenue,13-121-0055,AQS
2019-06-11,47,Unknown,United Avenue,13-121-0055,AQS
2019-06-12,35,Unknown,Kennesaw,13-067-0003,AQS
2019-06-13,48,Unknown,Georgia Station,13-231-9991,AQS
2019-06-14,136,Unknown,United Avenue,13-121-0055,AQS
2019-06-15,58,Unknown,Dawsonville,13-085-0001,AQS
2019-06-16,41,Unknown,Gwinnett,13-135-0002,AQS
2019-06-17,44,Unknown,Gwinnett,13-135-0002,AQS
2019-06-18,27,Unknown,Gwinnett,13-135-0002,AQS
2019-06-19,40,Unknown,Gwinnett,13-135-0002,AQS
2019-06-20,46,Unknown,United Avenue,13-121-0055,AQS
2019-06-21,74,Unknown,Conyers,13-247-0001,AQS
2019-06-22,33,Unknown,Gwinnett,13-135-0002,AQS
2019-06-23,33,Unknown,Gwinnett,13-135-0002,AQS
2019-06-24,26,Unknown,Gwinnett,13-135-0002,AQS
2019-06-25,54,Unknown,Conyers,13-247-0001,AQS
2019-06-26,51,Unknown,United Avenue,13-121-0055,AQS
2019-06-27,93,Unknown,Douglasville,13-097-0004,AQS
2019-06-28,61,Unknown,Kennesaw,13-067-0003,AQS
2019-06-29,40,Unknown,Gwinnett,13-135-0002,AQS
2019-06-30,47,Unknown,United Avenue,13-121-0055,AQS
2019-07-01,77,Unknown,United Avenue,13-121-0055,AQS
2019-07-02,115,Unknown,McDonough,13-151-0002,AQS
2019-07-03,74,Unknown,McDonough,13-151-0002,AQS
2019-07-04,48,Unknown,United Avenue,13-121-0055,AQS
2019-07-05,61,Unknown,United Avenue,13-121-0055,AQS
2019-07-06,44,Unknown,McDonough,13-151-0002,AQS
2019-07-07,36,Unknown,Gwinnett,13-135-0002,AQS
2019-07-08,50,Unknown,McDonough,13-151-0002,AQS
2019-07-09,51,Unknown,Douglasville,13-097-0004,AQS
2019-07-10,47,Unknown,Douglasville,13-097-0004,AQS
2019-07-11,41,Unknown,Dawsonville,13-085-0001,AQS
2019-07-12,44,Unknown,Gwinnett,13-135-0002,AQS
2019-07-13,22,Unknown,Gwinnett,13-135-0002,AQS
2019-07-14,29,Unknown,United Avenue,13-121-0055,AQS
2019-07-15,45,Unknown,Gwinnett,13-135-0002,AQS
2019-07-16,41,Unknown,Gwinnett,13-135-0002,AQS
2019-07-17,30,Unknown,Gwinnett,13-135-0002,AQS
2019-07-18,36,Unknown,Gwinnett,13-135-0002,AQS
2019-07-19,31,Unknown,Gwinnett,13-135-0002,AQS
2019-07-20,36,Unknown,Gwinnett,13-135-0002,AQS
2019-07-21,38,Unknown,Gwinnett,13-135-0002,AQS
2019-07-22,37,Unknown,United Avenue,13-121-0055,AQS
2019-07-23,33,Unknown,United Avenue,13-121-0055,AQS
2019-07-24,58,Unknown,Georgia Station,13-231-9991,AQS
2019-07-25,64,Unknown,Douglasville,13-097-0004,AQS
2019-07-26,87,Unknown,Douglasville,13-097-0004,AQS
2019-07-27,84,Unknown,Douglasville,13-097-0004,AQS
2019-07-28,93,Unknown,United Avenue,13-121-0055,AQS
2019-07-29,84,Unknown,United Avenue,13-121-0055,AQS
2019-07-30,77,Unknown,South DeKalb,13-089-0002,AQS
2019-07-31,97,Unknown,Gwinnett,13-135-0002,AQS
2019-08-01,71,Unknown,United Avenue,13-121-0055,AQS
2019-08-02,48,Unknown,Douglasville,13-097-0004,AQS
2019-08-03,44,Unknown,Douglasville,13-097-0004,AQS
2019-08-04,44,Unknown,United Avenue,13-121-0055,AQS
2019-08-05,67,Unknown,United Avenue,13-121-0055,AQS
2019-08-06,74,Unknown,McDonough,13-151-0002,AQS
2019-08-07,64,Unknown,Conyers,13-247-0001,AQS
2019-08-08,61,Unknown,Conyers,13-247-0001,AQS
2019-08-09,105,Unknown,Conyers,13-247-0001,AQS
2019-08-10,46,Unknown,Conyers,13-247-0001,AQS
2019-08-11,44,Unknown,Gwinnett,13-135-0002,AQS
2019-08-12,100,Unknown,Kennesaw,13-067-0003,AQS
2019-08-13,64,Unknown,Conyers,13-247-0001,AQS
2019-08-14,112,Unknown,McDonough,13-151-0002,AQS
2019-08-15,80,Unknown,Georgia Station,13-231-9991,AQS
2019-08-16,122,Unknown,McDonough,13-151-0002,AQS
2019-08-17,150,Unknown,McDonough,13-151-0002,AQS
2019-08-18,84,Unknown,United Avenue,13-121-0055,AQS
2019-08-19,48,Unknown,Douglasville,13-097-0004,AQS
2019-08-20,80,Unknown,Douglasville,13-097-0004,AQS
2019-08-21,45,Unknown,Gwinnett,13-135-0002,AQS
2019-08-22,44,Unknown,Gwinnett,13-135-0002,AQS
2019-08-23,37,Unknown,Gwinnett,13-135-0002,AQS
2019-08-24,43,Unknown,United Avenue,13-121-0055,AQS
2019-08-25,31,Unknown,Kennesaw,13-067-0003,AQS
2019-08-26,33,Unknown,Georgia Station,13-231-9991,AQS
2019-08-27,28,Unknown,United Avenue,13-121-0055,AQS
2019-08-28,50,Unknown,Georgia Station,13-231-9991,AQS
2019-08-29,100,Unknown,South DeKalb,13-089-0002,AQS
2019-08-30,97,Unknown,Douglasville,13-097-0004,AQS
2019-08-31,49,Unknown,Douglasville,13-097-0004,AQS
2019-09-01,40,Unknown,Gwinnett,13-135-0002,AQS
2019-09-02,42,Unknown,United Avenue,13-121-0055,AQS
2019-09-03,71,Unknown,Douglasville,13-097-0004,AQS
2019-09-04,74,Unknown,Georgia Station,13-231-9991,AQS
2019-09-05,84,Unknown,McDonough,13-151-0002,AQS
2019-09-06,80,Unknown,Conyers,13-247-0001,AQS
2019-09-07,74,Unknown,Conyers,13-247-0001,AQS
2019-09-08,100,Unknown,United Avenue,13-121-0055,AQS
2019-09-09,172,Unknown,United Avenue,13-121-0055,AQS
2019-09-10,74,Unknown,Kennesaw,13-067-0003,AQS
2019-09-11,100,Unknown,Kennesaw,13-067-0003,AQS
2019-09-12,108,Unknown,Douglasville,13-097-0004,AQS
2019-09-13,119,Unknown,Kennesaw,13-067-0003,AQS
2019-09-14,46,Unknown,Douglasville,13-097-0004,AQS
2019-09-15,47,Unknown,United Avenue,13-121-0055,AQS
2019-09-16,119,Unknown,Georgia Station,13-231-9991,AQS
2019-09-17,108,Unknown,Conyers,13-247-0001,AQS
2019-09-18,49,Unknown,Douglasville,13-097-0004,AQS
2019-09-19,48,Unknown,Douglasville,13-097-0004,AQS
2019-09-20,58,Unknown,Douglasville,13-097-0004,AQS
2019-09-21,51,Unknown,Kennesaw,13-067-0003,AQS
2019-09-22,61,Unknown,Kennesaw,13-067-0003,AQS
2019-09-23,77,Unknown,McDonough,13-151-0002,AQS
2019-09-24,67,Unknown,Conyers,13-247-0001,AQS
2019-09-25,97,Unknown,Conyers,13-247-0001,AQS
2019-09-26,67,Unknown,Conyers,13-247-0001,AQS
2019-09-27,84,Unknown,Kennesaw,13-067-0003,AQS
2019-09-28,61,Unknown,Douglasville,13-097-0004,AQS
2019-09-29,47,Unknown,Kennesaw,13-067-0003,AQS
2019-09-30,115,Unknown,United Avenue,13-121-0055,AQS
2019-10-01,101,Unknown,Douglasville,13-097-0004,AQS
2019-10-02,100,Unknown,United Avenue,13-121-0055,AQS
2019-10-03,147,Unknown,Georgia Station,13-231-9991,AQS
2019-10-04,129,Unknown,Georgia Station,13-231-9991,AQS
2019-10-05,41,Unknown,Georgia Station,13-231-9991,AQS
2019-10-06,37,Unknown,Georgia Station,13-231-9991,AQS
2019-10-07,40,Unknown,United Avenue,13-121-0055,AQS
2019-10-08,42,Unknown,Georgia Station,13-231-9991,AQS
2019-10-09,32,Unknown,Georgia Station,13-231-9991,AQS
2019-10-10,44,Unknown,Georgia Station,13-231-9991,AQS
2019-10-11,58,Unknown,Kennesaw,13-067-0003,AQS
2019-10-12,44,Unknown,Conyers,13-247-0001,AQS
2019-10-13,20,Unknown,Georgia Station,13-231-9991,AQS
2019-10-14,39,Unknown,Georgia Station,13-231-9991,AQS
2019-10-15,27,Unknown,Conyers,13-247-0001,AQS
2019-10-16,31,Unknown,Kennesaw,13-067-0003,AQS
2019-10-17,39,Unknown,Georgia Station,13-231-9991,AQS
2019-10-18,35,Unknown,United Avenue,13-121-0055,AQS
2019-10-19,32,Unknown,Georgia Station,13-231-9991,AQS
2019-10-20,30,Unknown,Conyers,13-247-0001,AQS
2019-10-21,30,Unknown,Conyers,13-247-0001,AQS
2019-10-22,38,Unknown,Georgia Station,13-231-9991,AQS
2019-10-23,40,Unknown,Georgia Station,13-231-9991,AQS
2019-10-24,41,Unknown,Georgia Station,13-231-9991,AQS
2019-10-25,31,Unknown,United Avenue,13-121-0055,AQS
2019-10-26,29,Unknown,Georgia Station,13-231-9991,AQS
2019-10-27,31,Unknown,United Avenue,13-121-0055,AQS
2019-10-28,36,Unknown,Dawsonville,13-085-0001,AQS
2019-10-29,30,Unknown,Kennesaw,13-067-0003,AQS
2019-10-30,18,Unknown,Georgia Station,13-231-9991,AQS
2019-10-31,23,Unknown,Georgia Station,13-231-9991,AQS
2019-11-01,27,Unknown,Georgia Station,13-231-9991,AQS
2019-11-02,34,Unknown,Georgia Station,13-231-9991,AQS
2019-11-03,39,Unknown,Georgia Station,13-231-9991,AQS
2019-11-04,32,Unknown,Georgia Station,13-231-9991,AQS
2019-11-05,26,Unknown,Georgia Station,13-231-9991,AQS
2019-11-06,42,Unknown,Georgia Station,13-231-9991,AQS
2019-11-07,29,Unknown,Georgia Station,13-231-9991,AQS
2019-11-08,21,Unknown,Georgia Station,13-231-9991,AQS
2019-11-09,34,Unknown,Georgia Station,13-231-9991,AQS
2019-11-10,37,Unknown,Georgia Station,13-231-9991,AQS
2019-11-11,38,Unknown,Georgia Station,13-231-9991,AQS
2019-11-12,26,Unknown,Georgia Station,13-231-9991,AQS
2019-11-13,35,Unknown,Georgia Station,13-231-9991,AQS
2019-11-14,28,Unknown,Georgia Station,13-231-9991,AQS
2019-11-15,24,Unknown,Georgia Station,13-231-9991,AQS
2019-11-16,37,Unknown,Georgia Station,13-231-9991,AQS
2019-11-17,37,Unknown,Georgia Station,13-231-9991,AQS
2019-11-18,41,Unknown,Georgia Station,13-231-9991,AQS
2019-11-19,38,Unknown,Georgia Station,13-231-9991,AQS
2019-11-20,38,Unknown,Georgia Station,13-231-9991,AQS
2019-11-21,41,Unknown,Georgia Station,13-231-9991,AQS
2019-11-22,41,Unknown,Georgia Station,13-231-9991,AQS
2019-11-23,31,Unknown,Georgia Station,13-231-9991,AQS
2019-11-24,28,Unknown,Georgia Station,13-231-9991,AQS
2019-11-25,35,Unknown,Georgia Station,13-231-9991,AQS
2019-11-26,38,Unknown,Georgia Station,13-231-9991,AQS
2019-11-27,36,Unknown,Georgia Station,13-231-9991,AQS
2019-11-28,38,Unknown,Georgia Station,13-231-9991,AQS
2019-11-29,37,Unknown,Georgia Station,13-231-9991,AQS
2019-11-30,39,Unknown,Georgia Station,13-231-9991,AQS
2019-12-01,38,Unknown,Georgia Station,13-231-9991,AQS
2019-12-02,26,Unknown,Georgia Station,13-231-9991,AQS
2019-12-03,27,Unknown,Georgia Station,13-231-9991,AQS
2019-12-04,40,Unknown,Georgia Station,13-231-9991,AQS
2019-12-05,37,Unknown,Georgia Station,13-231-9991,AQS
2019-12-06,32,Unknown,Georgia Station,13-231-9991,AQS
2019-12-07,34,Unknown,Georgia Station,13-231-9991,AQS
2019-12-08,34,Unknown,Georgia Station,13-231-9991,AQS
2019-12-09,31,Unknown,Georgia Station,13-231-9991,AQS
2019-12-10,33,Unknown,Georgia Station,13-231-9991,AQS
2019-12-11,31,Unknown,Georgia Station,13-231-9991,AQS
2019-12-12,32,Unknown,Georgia Station,13-231-9991,AQS
2019-12-13,25,Unknown,Georgia Station,13-231-9991,AQS
2019-12-14,31,Unknown,Georgia Station,13-231-9991,AQS
2019-12-15,31,Unknown,Georgia Station,13-231-9991,AQS
2019-12-16,35,Unknown,Georgia Station,13-231-9991,AQS
2019-12-17,29,Unknown,Georgia Station,13-231-9991,AQS
2019-12-18,34,Unknown,Georgia Station,13-231-9991,AQS
2019-12-19,33,Unknown,Georgia Station,13-231-9991,AQS
2019-12-20,36,Unknown,Georgia Station,13-231-9991,AQS
2019-12-21,32,Unknown,Georgia Station,13-231-9991,AQS
2019-12-22,34,Unknown,Georgia Station,13-231-9991,AQS
2019-12-23,31,Unknown,Georgia Station,13-231-9991,AQS
2019-12-24,35,Unknown,Georgia Station,13-231-9991,AQS
2019-12-25,35,Unknown,Georgia Station,13-231-9991,AQS
2019-12-26,34,Unknown,Georgia Station,13-231-9991,AQS
2019-12-27,28,Unknown,Georgia Station,13-231-9991,AQS
2019-12-28,26,Unknown,South DeKalb,13-089-0002,AQS
2019-12-29,26,Unknown,Georgia Station,13-231-9991,AQS
2019-12-30,36,Unknown,Georgia Station,13-231-9991,AQS
2019-12-31,38,Unknown,Georgia Station,13-231-9991,AQS
2020-01-01,38,Unknown,Georgia Station,13-231-9991,AQS
2020-01-02,31,Unknown,Georgia Station,13-231-9991,AQS
2020-01-03,31,Unknown,Georgia Station,13-231-9991,AQS
2020-01-04,35,Unknown,Georgia Station,13-231-9991,AQS
2020-01-05,32,Unknown,Georgia Station,13-231-9991,AQS
2020-01-06,42,Unknown,Georgia Station,13-231-9991,AQS
2020-01-07,39,Unknown,Georgia Station,13-231-9991,AQS
2020-01-08,40,Unknown,Georgia Station,13-231-9991,AQS
2020-01-09,41,Unknown,Georgia Station,13-231-9991,AQS
2020-01-10,31,Unknown,Georgia Station,13-231-9991,AQS
2020-01-11,29,Unknown,Georgia Station,13-231-9991,AQS
2020-01-12,31,Unknown,Georgia Station,13-231-9991,AQS
2020-01-13,16,Unknown,South DeKalb,13-089-0002,AQS
2020-01-14,15,Unknown,South DeKalb,13-089-0002,AQS
2020-01-15,16,Unknown,South DeKalb,13-089-0002,AQS
2020-01-16,33,Unknown,Georgia Station,13-231-9991,AQS
2020-01-17,35,Unknown,Georgia Station,13-231-9991,AQS
2020-01-18,31,Unknown,Georgia Station,13-231-9991,AQS
2020-01-19,34,Unknown,Georgia Station,13-231-9991,AQS
2020-01-20,29,Unknown,Georgia Station,13-231-9991,AQS
2020-01-21,28,Unknown,Georgia Station,13-231-9991,AQS
2020-01-22,36,Unknown,Georgia Station,13-231-9991,AQS
2020-01-23,30,Unknown,South DeKalb,13-089-0002,AQS
2020-01-24,31,Unknown,Georgia Station,13-231-9991,AQS
2020-01-25,25,Unknown,Georgia Station,13-231-9991,AQS
2020-01-26,30,Unknown,Georgia Station,13-231-9991,AQS
2020-01-27,31,Unknown,Georgia Station,13-231-9991,AQS
2020-01-28,38,Unknown,Georgia Station,13-231-9991,AQS
2020-01-29,27,Unknown,Georgia Station,13-231-9991,AQS
2020-01-30,37,Unknown,Georgia Station,13-231-9991,AQS
2020-01-31,27,Unknown,Georgia Station,13-231-9991,AQS
2020-02-01,24,Unknown,Georgia Station,13-231-9991,AQS
2020-02-02,36,Unknown,Georgia Station,13-231-9991,AQS
2020-02-03,42,Unknown,Georgia Station,13-231-9991,AQS
2020-02-04,41,Unknown,Georgia Station,13-231-9991,AQS
2020-02-05,31,Unknown,Georgia Station,13-231-9991,AQS
2020-02-06,24,Unknown,Georgia Station,13-231-9991,AQS
2020-02-07,29,Unknown,Georgia Station,13-231-9991,AQS
2020-02-08,28,Unknown,Georgia Station,13-231-9991,AQS
2020-02-09,33,Unknown,Georgia Station,13-231-9991,AQS
2020-02-10,23,Unknown,Georgia Station,13-231-9991,AQS
2020-02-11,22,Unknown,Georgia Station,13-231-9991,AQS
2020-02-12,20,Unknown,Georgia Station,13-231-9991,AQS
2020-02-13,29,Unknown,Georgia Station,13-231-9991,AQS
2020-02-14,35,Unknown,Georgia Station,13-231-9991,AQS
2020-02-15,39,Unknown,Georgia Station,13-231-9991,AQS
2020-02-16,28,Unknown,Georgia Station,13-231-9991,AQS
2020-02-17,24,Unknown,South DeKalb,13-089-0002,AQS
2020-02-18,22,Unknown,Georgia Station,13-231-9991,AQS
2020-02-19,27,Unknown,Georgia Station,13-231-9991,AQS
2020-02-20,29,Unknown,Georgia Station,13-231-9991,AQS
2020-02-21,29,Unknown,South DeKalb,13-089-0002,AQS
2020-02-22,41,Unknown,Georgia Station,13-231-9991,AQS
2020-02-23,39,Unknown,Georgia Station,13-231-9991,AQS
2020-02-24,27,Unknown,Georgia Station,13-231-9991,AQS
2020-02-25,33,Unknown,Georgia Station,13-231-9991,AQS
2020-02-26,31,Unknown,Georgia Station,13-231-9991,AQS
2020-02-27,37,Unknown,Georgia Station,13-231-9991,AQS
2020-02-28,43,Unknown,Georgia Station,13-231-9991,AQS
2020-02-29,41,Unknown,Georgia Station,13-231-9991,AQS
2020-03-01,45,Unknown,Georgia Station,13-231-9991,AQS
2020-03-02,40,Unknown,Georgia Station,13-231-9991,AQS
2020-03-03,33,Unknown,Georgia Station,13-231-9991,AQS
2020-03-04,34,Unknown,Georgia Station,13-231-9991,AQS
2020-03-05,38,Unknown,Georgia Station,13-231-9991,AQS
2020-03-06,39,Unknown,Georgia Station,13-231-9991,AQS
2020-03-07,40,Unknown,United Avenue,13-121-0055,AQS
2020-03-08,44,Unknown,Georgia Station,13-231-9991,AQS
2020-03-09,41,Unknown,Dawsonville,13-085-0001,AQS
2020-03-10,37,Unknown,Georgia Station,13-231-9991,AQS
2020-03-11,35,Unknown,Dawsonville,13-085-0001,AQS
2020-03-12,34,Unknown,Georgia Station,13-231-9991,AQS
2020-03-13,28,Unknown,United Avenue,13-121-0055,AQS
2020-03-14,39,Unknown,Georgia Station,13-231-9991,AQS
2020-03-15,32,Unknown,Georgia Station,13-231-9991,AQS
2020-03-16,26,Unknown,Georgia Station,13-231-9991,AQS
2020-03-17,28,Unknown,Dawsonville,13-085-0001,AQS
2020-03-18,33,Unknown,Georgia Station,13-231-9991,AQS
2020-03-19,37,Unknown,Georgia Station,13-231-9991,AQS
2020-03-20,34,Unknown,United Avenue,13-121-0055,AQS
2020-03-21,36,Unknown,Conyers,13-247-0001,AQS
2020-03-22,25,Unknown,Dawsonville,13-085-0001,AQS
2020-03-23,19,Unknown,Dawsonville,13-085-0001,AQS
2020-03-24,25,Unknown,Georgia Station,13-231-9991,AQS
2020-03-25,41,Unknown,Georgia Station,13-231-9991,AQS
2020-03-26,44,Unknown,Dawsonville,13-085-0001,AQS
2020-03-27,51,Unknown,Dawsonville,13-085-0001,AQS
2020-03-28,33,Unknown,Dawsonville,13-085-0001,AQS
2020-03-29,46,Unknown,United Avenue,13-121-0055,AQS
2020-03-30,49,Unknown,United Avenue,13-121-0055,AQS
2020-03-31,35,Unknown,Dawsonville,13-085-0001,AQS
2020-04-01,40,Unknown,Georgia Station,13-231-9991,AQS
2020-04-02,44,Unknown,United Avenue,13-121-0055,AQS
2020-04-03,51,Unknown,McDonough,13-151-0002,AQS
2020-04-04,51,Unknown,Douglasville,13-097-0004,AQS
2020-04-05,61,Unknown,United Avenue,13-121-0055,AQS
2020-04-06,54,Unknown,United Avenue,13-121-0055,AQS
2020-04-07,40,Unknown,Dawsonville,13-085-0001,AQS
2020-04-08,31,Unknown,Dawsonville,13-085-0001,AQS
2020-04-09,43,Unknown,Dawsonville,13-085-0001,AQS
2020-04-10,44,Unknown,United Avenue,13-121-0055,AQS
2020-04-11,50,Unknown,United Avenue,13-121-0055,AQS
2020-04-12,35,Unknown,Georgia Station,13-231-9991,AQS
2020-04-13,42,Unknown,Georgia Station,13-231-9991,AQS
2020-04-14,41,Unknown,United Avenue,13-121-0055,AQS
2020-04-15,46,Unknown,United Avenue,13-121-0055,AQS
2020-04-16,58,Unknown,Georgia Station,13-231-9991,AQS
2020-04-17,54,Unknown,Dawsonville,13-085-0001,AQS
2020-04-18,44,Unknown,McDonough,13-151-0002,AQS
2020-04-19,31,Unknown,Dawsonville,13-085-0001,AQS
2020-04-20,44,Unknown,United Avenue,13-121-0055,AQS
2020-04-21,44,Unknown,Dawsonville,13-085-0001,AQS
2020-04-22,46,Unknown,United Avenue,13-121-0055,AQS
2020-04-23,34,Unknown,Georgia Station,13-231-9991,AQS
2020-04-24,34,Unknown,United Avenue,13-121-0055,AQS
2020-04-25,42,Unknown,United Avenue,13-121-0055,AQS
2020-04-26,42,Unknown,Georgia Station,13-231-9991,AQS
2020-04-27,45,Unknown,United Avenue,13-121-0055,AQS
2020-04-28,64,Unknown,Dawsonville,13-085-0001,AQS
2020-04-29,40,Unknown,Georgia Station,13-231-9991,AQS
2020-04-30,33,Unknown,Douglasville,13-097-0004,AQS
2020-05-01,49,Unknown,United Avenue,13-121-0055,AQS
2020-05-02,101,Unknown,Gwinnett,13-135-0002,AQS
2020-05-03,58,Unknown,Dawsonville,13-085-0001,AQS
2020-05-04,58,Unknown,Conyers,13-247-0001,AQS
2020-05-05,41,Unknown,United Avenue,13-121-0055,AQS
2020-05-06,43,Unknown,Georgia Station,13-231-9991,AQS
2020-05-07,49,Unknown,United Avenue,13-121-0055,AQS
2020-05-08,39,Unknown,McDonough,13-151-0002,AQS
2020-05-09,46,Unknown,McDonough,13-151-0002,AQS
2020-05-10,50,Unknown,Gwinnett,13-135-0002,AQS
2020-05-11,44,Unknown,Gwinnett,13-135-0002,AQS
2020-05-12,61,Unknown,United Avenue,13-121-0055,AQS
2020-05-13,50,Unknown,McDonough,13-151-0002,AQS
2020-05-14,44,Unknown,Kennesaw,13-067-0003,AQS
2020-05-15,48,Unknown,Kennesaw,13-067-0003,AQS
2020-05-16,42,Unknown,Kennesaw,13-067-0003,AQS
2020-05-17,35,Unknown,Kennesaw,13-067-0003,AQS
2020-05-18,31,Unknown,Kennesaw,13-067-0003,AQS
2020-05-19,38,Unknown,Conyers,13-247-0001,AQS
2020-05-20,23,Unknown,Kennesaw,13-067-0003,AQS
2020-05-21,38,Unknown,Kennesaw,13-067-0003,AQS
2020-05-22,42,Unknown,United Avenue,13-121-0055,AQS
2020-05-23,37,Unknown,Conyers,13-247-0001,AQS
2020-05-24,41,Unknown,United Avenue,13-121-0055,AQS
2020-05-25,31,Unknown,Kennesaw,13-067-0003,AQS
2020-05-26,30,Unknown,Kennesaw,13-067-0003,AQS
2020-05-27,29,Unknown,Douglasville,13-097-0004,AQS
2020-05-28,36,Unknown,United Avenue,13-121-0055,AQS
2020-05-29,43,Unknown,Gwinnett,13-135-0002,AQS
2020-05-30,46,Unknown,Conyers,13-247-0001,AQS
2020-05-31,45,Unknown,United Avenue,13-121-0055,AQS
2020-06-01,40,Unknown,Kennesaw,13-067-0003,AQS
2020-06-02,49,Unknown,Gwinnett,13-135-0002,AQS
2020-06-03,48,Unknown,United Avenue,13-121-0055,AQS
2020-06-04,44,Unknown,Gwinnett,13-135-0002,AQS
2020-06-05,30,Unknown,Gwinnett,13-135-0002,AQS
2020-06-06,44,Unknown,Kennesaw,13-067-0003,AQS
2020-06-07,32,Unknown,Kennesaw,13-067-0003,AQS
2020-06-08,22,Unknown,Kennesaw,13-067-0003,AQS
2020-06-09,21,Unknown,United Avenue,13-121-0055,AQS
2020-06-10,20,Unknown,Douglasville,13-097-0004,AQS
2020-06-11,74,Unknown,Conyers,13-247-0001,AQS
2020-06-12,46,Unknown,United Avenue,13-121-0055,AQS
2020-06-13,64,Unknown,Douglasville,13-097-0004,AQS
2020-06-14,46,Unknown,Douglasville,13-097-0004,AQS
2020-06-15,44,Unknown,Kennesaw,13-067-0003,AQS
2020-06-16,38,Unknown,Douglasville,13-097-0004,AQS
2020-06-17,38,Unknown,McDonough,13-151-0002,AQS
2020-06-18,44,Unknown,Conyers,13-247-0001,AQS
2020-06-19,54,Unknown,Gwinnett,13-135-0002,AQS
2020-06-20,90,Unknown,McDonough,13-151-0002,AQS
2020-06-21,44,Unknown,Gwinnett,13-135-0002,AQS
2020-06-22,39,Unknown,Gwinnett,13-135-0002,AQS
2020-06-23,31,Unknown,Douglasville,13-097-0004,AQS
2020-06-24,32,Unknown,Gwinnett,13-135-0002,AQS
2020-06-25,29,Unknown,Gwinnett,13-135-0002,AQS
2020-06-26,29,Unknown,Conyers,13-247-0001,AQS
2020-06-27,22,Unknown,Gwinnett,13-135-0002,AQS
2020-06-28,22,Unknown,United Avenue,13-121-0055,AQS
2020-06-29,33,Unknown,Conyers,13-247-0001,AQS
2020-06-30,35,Unknown,Conyers,13-247-0001,AQS
2020-07-01,38,Unknown,McDonough,13-151-0002,AQS
2020-07-02,46,Unknown,United Avenue,13-121-0055,AQS
2020-07-03,77,Unknown,Douglasville,13-097-0004,AQS
2020-07-04,45,Unknown,Douglasville,13-097-0004,AQS
2020-07-05,37,Unknown,Kennesaw,13-067-0003,AQS
2020-07-06,31,Unknown,Douglasville,13-097-0004,AQS
2020-07-07,34,Unknown,Georgia Station,13-231-9991,AQS
2020-07-08,42,Unknown,United Avenue,13-121-0055,AQS
2020-07-09,44,Unknown,United Avenue,13-121-0055,AQS
2020-07-10,44,Unknown,Conyers,13-247-0001,AQS
2020-07-11,58,Unknown,McDonough,13-151-0002,AQS
2020-07-12,61,Unknown,McDonough,13-151-0002,AQS
2020-07-13,61,Unknown,Conyers,13-247-0001,AQS
2020-07-14,93,Unknown,Gwinnett,13-135-0002,AQS
2020-07-15,49,Unknown,United Avenue,13-121-0055,AQS
2020-07-16,84,Unknown,United Avenue,13-121-0055,AQS
2020-07-17,77,Unknown,Kennesaw,13-067-0003,AQS
2020-07-18,74,Unknown,United Avenue,13-121-0055,AQS
2020-07-19,54,Unknown,Gwinnett,13-135-0002,AQS
2020-07-20,87,Unknown,Gwinnett,13-135-0002,AQS
2020-07-21,50,Unknown,Gwinnett,13-135-0002,AQS
2020-07-22,44,Unknown,United Avenue,13-121-0055,AQS
2020-07-23,49,Unknown,Kennesaw,13-067-0003,AQS
2020-07-24,36,Unknown,Kennesaw,13-067-0003,AQS
2020-07-25,33,Unknown,Douglasville,13-097-0004,AQS
2020-07-26,45,Unknown,United Avenue,13-121-0055,AQS
2020-07-27,50,Unknown,Gwinnett,13-135-0002,AQS
2020-07-28,40,Unknown,Gwinnett,13-135-0002,AQS
2020-07-29,33,Unknown,Gwinnett,13-135-0002,AQS
2020-07-30,26,Unknown,Gwinnett,13-135-0002,AQS
2020-07-31,33,Unknown,Gwinnett,13-135-0002,AQS
2020-08-01,31,Unknown,Dawsonville,13-085-0001,AQS
2020-08-02,38,Unknown,South DeKalb,13-089-0002,AQS
2020-08-03,31,Unknown,Kennesaw,13-067-0003,AQS
2020-08-04,48,Unknown,Gwinnett,13-135-0002,AQS
2020-08-05,61,Unknown,Kennesaw,13-067-0003,AQS
2020-08-06,54,Unknown,Kennesaw,13-067-0003,AQS
2020-08-07,80,Unknown,United Avenue,13-121-0055,AQS
2020-08-08,74,Unknown,Gwinnett,13-135-0002,AQS
2020-08-09,50,Unknown,Gwinnett,13-135-0002,AQS
2020-08-10,44,Unknown,Conyers,13-247-0001,AQS
2020-08-11,64,Unknown,Conyers,13-247-0001,AQS
2020-08-12,50,Unknown,Conyers,13-247-0001,AQS
2020-08-13,93,Unknown,Gwinnett,13-135-0002,AQS
2020-08-14,42,Unknown,Dawsonville,13-085-0001,AQS
2020-08-15,31,Unknown,United Avenue,13-121-0055,AQS
2020-08-16,47,Unknown,Georgia Station,13-231-9991,AQS
2020-08-17,49,Unknown,United Avenue,13-121-0055,AQS
2020-08-18,54,Unknown,Douglasville,13-097-0004,AQS
2020-08-19,54,Unknown,Kennesaw,13-067-0003,AQS
2020-08-20,38,Unknown,Douglasville,13-097-0004,AQS
2020-08-21,31,Unknown,Kennesaw,13-067-0003,AQS
2020-08-22,35,Unknown,Kennesaw,13-067-0003,AQS
2020-08-23,31,Unknown,Kennesaw,13-067-0003,AQS
2020-08-24,23,Unknown,Douglasville,13-097-0004,AQS
2020-08-25,19,Unknown,Georgia Station,13-231-9991,AQS
2020-08-26,27,Unknown,United Avenue,13-121-0055,AQS
2020-08-27,29,Unknown,Kennesaw,13-067-0003,AQS
2020-08-28,20,Unknown,Georgia Station,13-231-9991,AQS
2020-08-29,29,Unknown,Kennesaw,13-067-0003,AQS
2020-08-30,37,Unknown,McDonough,13-151-0002,AQS
2020-08-31,33,Unknown,United Avenue,13-121-0055,AQS
2020-09-01,39,Unknown,Gwinnett,13-135-0002,AQS
2020-09-02,29,Unknown,Gwinnett,13-135-0002,AQS
2020-09-03,30,Unknown,Conyers,13-247-0001,AQS
2020-09-04,36,Unknown,Conyers,13-247-0001,AQS
2020-09-05,49,Unknown,Georgia Station,13-231-9991,AQS
2020-09-06,46,Unknown,Douglasville,13-097-0004,AQS
2020-09-07,49,Unknown,Douglasville,13-097-0004,AQS
2020-09-08,54,Unknown,Douglasville,13-097-0004,AQS
2020-09-09,31,Unknown,Douglasville,13-097-0004,AQS
2020-09-10,30,Unknown,Douglasville,13-097-0004,AQS
2020-09-11,38,Unknown,Douglasville,13-097-0004,AQS
2020-09-12,28,Unknown,Georgia Station,13-231-9991,AQS
2020-09-13,28,Unknown,Douglasville,13-097-0004,AQS
2020-09-14,31,Unknown,Douglasville,13-097-0004,AQS
2020-09-15,31,Unknown,Kennesaw,13-067-0003,AQS
2020-09-16,28,Unknown,Kennesaw,13-067-0003,AQS
2020-09-17,23,Unknown,Kennesaw,13-067-0003,AQS
2020-09-18,31,Unknown,Georgia Station,13-231-9991,AQS
2020-09-19,31,Unknown,Kennesaw,13-067-0003,AQS
2020-09-20,35,Unknown,Kennesaw,13-067-0003,AQS
2020-09-21,41,Unknown,Kennesaw,13-067-0003,AQS
2020-09-22,40,Unknown,Kennesaw,13-067-0003,AQS
2020-09-23,44,Unknown,United Avenue,13-121-0055,AQS
2020-09-24,25,Unknown,Georgia Station,13-231-9991,AQS
2020-09-25,22,Unknown,Georgia Station,13-231-9991,AQS
2020-09-26,28,Unknown,United Avenue,13-121-0055,AQS
2020-09-27,26,Unknown,Kennesaw,13-067-0003,AQS
2020-09-28,32,Unknown,United Avenue,13-121-0055,AQS
2020-09-29,21,Unknown,Douglasville,13-097-0004,AQS
2020-09-30,34,Unknown,Douglasville,13-097-0004,AQS
2020-10-01,42,Unknown,Georgia Station,13-231-9991,AQS
2020-10-02,38,Unknown,Georgia Station,13-231-9991,AQS
2020-10-03,41,Unknown,Kennesaw,13-067-0003,AQS
2020-10-04,38,Unknown,Kennesaw,13-067-0003,AQS
2020-10-05,43,Unknown,Douglasville,13-097-0004,AQS
2020-10-06,46,Unknown,Kennesaw,13-067-0003,AQS
2020-10-07,45,Unknown,Gwinnett,13-135-0002,AQS
2020-10-08,48,Unknown,McDonough,13-151-0002,AQS
2020-10-09,25,Unknown,Dawsonville,13-085-0001,AQS
2020-10-10,19,Unknown,Georgia Station,13-231-9991,AQS
2020-10-11,19,Unknown,Georgia Station,13-231-9991,AQS
2020-10-12,21,Unknown,Georgia Station,13-231-9991,AQS
2020-10-13,39,Unknown,Georgia Station,13-231-9991,AQS
2020-10-14,44,Unknown,Georgia Station,13-231-9991,AQS
2020-10-15,39,Unknown,Georgia Station,13-231-9991,AQS
2020-10-16,38,Unknown,Georgia Station,13-231-9991,AQS
2020-10-17,35,Unknown,Kennesaw,13-067-0003,AQS
2020-10-18,37,Unknown,Kennesaw,13-067-0003,AQS
2020-10-19,38,Unknown,Kennesaw,13-067-0003,AQS
2020-10-20,40,Unknown,Kennesaw,13-067-0003,AQS
2020-10-21,31,Unknown,Kennesaw,13-067-0003,AQS
2020-10-22,31,Unknown,Dawsonville,13-085-0001,AQS
2020-10-23,33,Unknown,Kennesaw,13-067-0003,AQS
2020-10-24,25,Unknown,Dawsonville,13-085-0001,AQS
2020-10-25,25,Unknown,Georgia Station,13-231-9991,AQS
2020-10-26,11,Unknown,Dawsonville,13-085-0001,AQS
2020-10-27,23,Unknown,Dawsonville,13-085-0001,AQS
2020-10-28,20,Unknown,Georgia Station,13-231-9991,AQS
2020-10-29,31,Unknown,Georgia Station,13-231-9991,AQS
2020-10-30,31,Unknown,Georgia Station,13-231-9991,AQS
2020-10-31,31,Unknown,Kennesaw,13-067-0003,AQS
2020-11-01,35,Unknown,Georgia Station,13-231-9991,AQS
2020-11-02,33,Unknown,Georgia Station,13-231-9991,AQS
2020-11-03,37,Unknown,Georgia Station,13-231-9991,AQS
2020-11-04,44,Unknown,Georgia Station,13-231-9991,AQS
2020-11-05,42,Unknown,Georgia Station,13-231-9991,AQS
2020-11-06,39,Unknown,Georgia Station,13-231-9991,AQS
2020-11-07,25,Unknown,Georgia Station,13-231-9991,AQS
2020-11-08,26,Unknown,Georgia Station,13-231-9991,AQS
2020-11-09,28,Unknown,Georgia Station,13-231-9991,AQS
2020-11-10,21,Unknown,Georgia Station,13-231-9991,AQS
2020-11-11,17,Unknown,Georgia Station,13-231-9991,AQS
2020-11-12,22,Unknown,Georgia Station,13-231-9991,AQS
2020-11-13,40,Unknown,Georgia Station,13-231-9991,AQS
2020-11-14,42,Unknown,Georgia Station,13-231-9991,AQS
2020-11-15,31,Unknown,Georgia Station,13-231-9991,AQS
2020-11-16,34,Unknown,Georgia Station,13-231-9991,AQS
2020-11-17,37,Unknown,Georgia Station,13-231-9991,AQS
2020-11-18,35,Unknown,Georgia Station,13-231-9991,AQS
2020-11-19,37,Unknown,Georgia Station,13-231-9991,AQS
2020-11-20,37,Unknown,Georgia Station,13-231-9991,AQS
2020-11-21,40,Unknown,Georgia Station,13-231-9991,AQS
2020-11-22,31,Unknown,Georgia Station,13-231-9991,AQS
2020-11-23,31,Unknown,Georgia Station,13-231-9991,AQS
2020-11-24,37,Unknown,Georgia Station,13-231-9991,AQS
2020-11-25,35,Unknown,Georgia Station,13-231-9991,AQS
2020-11-26,27,Unknown,Georgia Station,13-231-9991,AQS
2020-11-27,36,Unknown,Georgia Station,13-231-9991,AQS
2020-11-28,31,Unknown,Georgia Station,13-231-9991,AQS
2020-11-29,25,Unknown,Georgia Station,13-231-9991,AQS
2020-11-30,32,Unknown,Georgia Station,13-231-9991,AQS
2020-12-01,30,Unknown,Georgia Station,13-231-9991,AQS
2020-12-02,33,Unknown,Georgia Station,13-231-9991,AQS
2020-12-03,34,Unknown,Georgia Station,13-231-9991,AQS
2020-12-04,28,Unknown,Georgia Station,13-231-9991,AQS
2020-12-05,32,Unknown,Georgia Station,13-231-9991,AQS
2020-12-06,31,Unknown,Georgia Station,13-231-9991,AQS
2020-12-07,26,Unknown,Georgia Station,13-231-9991,AQS
2020-12-08,32,Unknown,Georgia Station,13-231-9991,AQS
2020-12-09,38,Unknown,Georgia Station,13-231-9991,AQS
2020-12-10,44,Unknown,Georgia Station,13-231-9991,AQS
2020-12-11,48,Unknown,Georgia Station,13-231-9991,AQS
2020-12-12,42,Unknown,Georgia Station,13-231-9991,AQS
2020-12-13,32,Unknown,Georgia Station,13-231-9991,AQS
2020-12-14,34,Unknown,Georgia Station,13-231-9991,AQS
2020-12-15,25,Unknown,Georgia Station,13-231-9991,AQS
2020-12-16,21,Unknown,Georgia Station,13-231-9991,AQS
2020-12-17,21,Unknown,Georgia Station,13-231-9991,AQS
2020-12-18,27,Unknown,Georgia Station,13-231-9991,AQS
2020-12-19,32,Unknown,Georgia Station,13-231-9991,AQS
2020-12-20,29,Unknown,Georgia Station,13-231-9991,AQS
2020-12-21,34,Unknown,Georgia Station,13-231-9991,AQS
2020-12-22,37,Unknown,Georgia Station,13-231-9991,AQS
2020-12-23,39,Unknown,Georgia Station,13-231-9991,AQS
2020-12-24,35,Unknown,Georgia Station,13-231-9991,AQS
2020-12-25,35,Unknown,Georgia Station,13-231-9991,AQS
2020-12-26,36,Unknown,Georgia Station,13-231-9991,AQS
2020-12-27,37,Unknown,Georgia Station,13-231-9991,AQS
2020-12-28,37,Unknown,Georgia Station,13-231-9991,AQS
2020-12-29,36,Unknown,Georgia Station,13-231-9991,AQS
2020-12-30,30,Unknown,Georgia Station,13-231-9991,AQS
2020-12-31,13,Unknown,Georgia Station,13-231-9991,AQS
2021-01-01,28,Unknown,Georgia Station,13-231-9991,AQS
2021-01-02,24,Unknown,Georgia Station,13-231-9991,AQS
2021-01-03,30,Unknown,Georgia Station,13-231-9991,AQS
2021-01-04,39,Unknown,Georgia Station,13-231-9991,AQS
2021-01-05,36,Unknown,Georgia Station,13-231-9991,AQS
2021-01-06,31,Unknown,Georgia Station,13-231-9991,AQS
2021-01-07,24,Unknown,Georgia Station,13-231-9991,AQS
2021-01-08,22,Unknown,Georgia Station,13-231-9991,AQS
2021-01-09,24,Unknown,Georgia Station,13-231-9991,AQS
2021-01-10,29,Unknown,Georgia Station,13-231-9991,AQS
2021-01-11,23,Unknown,Georgia Station,13-231-9991,AQS
2021-01-12,26,Unknown,Georgia Station,13-231-9991,AQS
2021-01-13,31,Unknown,Georgia Station,13-231-9991,AQS
2021-01-14,44,Unknown,Georgia Station,13-231-9991,AQS
2021-01-15,38,Unknown,Georgia Station,13-231-9991,AQS
2021-01-16,30,Unknown,Georgia Station,13-231-9991,AQS
2021-01-17,34,Unknown,Georgia Station,13-231-9991,AQS
2021-01-18,40,Unknown,Georgia Station,13-231-9991,AQS
2021-01-19,43,Unknown,Georgia Station,13-231-9991,AQS
2021-01-20,38,Unknown,Georgia Station,13-231-9991,AQS
2021-01-21,31,Unknown,Georgia Station,13-231-9991,AQS
2021-01-22,27,Unknown,Georgia Station,13-231-9991,AQS
2021-01-23,38,Unknown,Georgia Station,13-231-9991,AQS
2021-01-24,34,Unknown,Georgia Station,13-231-9991,AQS
2021-01-25,30,Unknown,Georgia Station,13-231-9991,AQS
2021-01-26,30,Unknown,Georgia Station,13-231-9991,AQS
2021-01-27,34,Unknown,Georgia Station,13-231-9991,AQS
2021-01-28,35,Unknown,Georgia Station,13-231-9991,AQS
2021-01-29,23,Unknown,South DeKalb,13-089-0002,AQS
2021-01-30,38,Unknown,Georgia Station,13-231-9991,AQS
2021-01-31,31,Unknown,Georgia Station,13-231-9991,AQS
2021-02-01,36,Unknown,Georgia Station,13-231-9991,AQS
2021-02-02,39,Unknown,Georgia Station,13-231-9991,AQS
2021-02-03,37,Unknown,Georgia Station,13-231-9991,AQS
2021-02-04,38,Unknown,Georgia Station,13-231-9991,AQS
2021-02-05,35,Unknown,Georgia Station,13-231-9991,AQS
2021-02-06,31,Unknown,Georgia Station,13-231-9991,AQS
2021-02-07,36,Unknown,Georgia Station,13-231-9991,AQS
2021-02-08,38,Unknown,Georgia Station,13-231-9991,AQS
2021-02-09,32,Unknown,Georgia Station,13-231-9991,AQS
2021-02-10,37,Unknown,South DeKalb,13-089-0002,AQS
2021-02-11,18,Unknown,Georgia Station,13-231-9991,AQS
2021-02-12,16,Unknown,Georgia Station,13-231-9991,AQS
2021-02-13,19,Unknown,South DeKalb,13-089-0002,AQS
2021-02-14,21,Unknown,Georgia Station,13-231-9991,AQS
2021-02-15,17,Unknown,Georgia Station,13-231-9991,AQS
2021-02-16,26,Unknown,Georgia Station,13-231-9991,AQS
2021-02-17,29,Unknown,South DeKalb,13-089-0002,AQS
2021-02-18,19,Unknown,Georgia Station,13-231-9991,AQS
2021-02-19,36,Unknown,Georgia Station,13-231-9991,AQS
2021-02-20,41,Unknown,Georgia Station,13-231-9991,AQS
2021-02-21,43,Unknown,Georgia Station,13-231-9991,AQS
2021-02-22,39,Unknown,Georgia Station,13-231-9991,AQS
2021-02-23,45,Unknown,Georgia Station,13-231-9991,AQS
2021-02-24,54,Unknown,Georgia Station,13-231-9991,AQS
2021-02-25,54,Unknown,Georgia Station,13-231-9991,AQS
2021-02-26,37,Unknown,Georgia Station,13-231-9991,AQS
2021-02-27,28,Unknown,Georgia Station,13-231-9991,AQS
2021-02-28,22,Unknown,Georgia Station,13-231-9991,AQS
2021-03-01,31,Unknown,Georgia Station,13-231-9991,AQS
2021-03-02,30,Unknown,Dawsonville,13-085-0001,AQS
2021-03-03,44,Unknown,Douglasville,13-097-0004,AQS
2021-03-04,49,Unknown,Douglasville,13-097-0004,AQS
2021-03-05,44,Unknown,Dawsonville,13-085-0001,AQS
2021-03-06,44,Unknown,Dawsonville,13-085-0001,AQS
2021-03-07,47,Unknown,Georgia Station,13-231-9991,AQS
2021-03-08,50,Unknown,Georgia Station,13-231-9991,AQS
2021-03-09,71,Unknown,Dawsonville,13-085-0001,AQS
2021-03-10,71,Unknown,Dawsonville,13-085-0001,AQS
2021-03-11,61,Unknown,Georgia Station,13-231-9991,AQS
2021-03-12,71,Unknown,Georgia Station,13-231-9991,AQS
2021-03-13,45,Unknown,Georgia Station,13-231-9991,AQS
2021-03-14,58,Unknown,United Avenue,13-121-0055,AQS
2021-03-15,43,Unknown,Dawsonville,13-085-0001,AQS
2021-03-16,32,Unknown,Dawsonville,13-085-0001,AQS
2021-03-17,23,Unknown,Georgia Station,13-231-9991,AQS
2021-03-18,39,Unknown,Dawsonville,13-085-0001,AQS
2021-03-19,37,Unknown,Douglasville,13-097-0004,AQS
2021-03-20,46,Unknown,Douglasville,13-097-0004,AQS
2021-03-21,43,Unknown,Douglasville,13-097-0004,AQS
2021-03-22,46,Unknown,Douglasville,13-097-0004,AQS
2021-03-23,42,Unknown,Dawsonville,13-085-0001,AQS
2021-03-24,39,Unknown,Dawsonville,13-085-0001,AQS
2021-03-25,28,Unknown,Georgia Station,13-231-9991,AQS
2021-03-26,43,Unknown,Dawsonville,13-085-0001,AQS
2021-03-27,26,Unknown,Georgia Station,13-231-9991,AQS
2021-03-28,36,Unknown,Dawsonville,13-085-0001,AQS
2021-03-29,47,Unknown,Dawsonville,13-085-0001,AQS
2021-03-30,44,Unknown,Dawsonville,13-085-0001,AQS
2021-03-31,36,Unknown,Dawsonville,13-085-0001,AQS
2021-04-01,44,Unknown,Georgia Station,13-231-9991,AQS
2021-04-02,44,Unknown,McDonough,13-151-0002,AQS
2021-04-03,54,Unknown,Dawsonville,13-085-0001,AQS
2021-04-04,64,Unknown,Conyers,13-247-0001,AQS
2021-04-05,77,Unknown,Conyers,13-247-0001,AQS
2021-04-06,80,Unknown,Gwinnett,13-135-0002,AQS
2021-04-07,71,Unknown,Georgia Station,13-231-9991,AQS
2021-04-08,38,Unknown,Georgia Station,13-231-9991,AQS
2021-04-09,42,Unknown,Dawsonville,13-085-0001,AQS
2021-04-10,33,Unknown,Douglasville,13-097-0004,AQS
2021-04-11,44,Unknown,Dawsonville,13-085-0001,AQS
2021-04-12,74,Unknown,Douglasville,13-097-0004,AQS
2021-04-13,90,Unknown,Gwinnett,13-135-0002,AQS
2021-04-14,50,Unknown,Dawsonville,13-085-0001,AQS
2021-04-15,45,Unknown,Conyers,13-247-0001,AQS
2021-04-16,44,Unknown,Douglasville,13-097-0004,AQS
2021-04-17,47,Unknown,Douglasville,13-097-0004,AQS
2021-04-18,48,Unknown,Conyers,13-247-0001,AQS
2021-04-19,48,Unknown,McDonough,13-151-0002,AQS
2021-04-20,67,Unknown,Dawsonville,13-085-0001,AQS
2021-04-21,41,Unknown,McDonough,13-151-0002,AQS
2021-04-22,47,Unknown,Dawsonville,13-085-0001,AQS
2021-04-23,67,Unknown,McDonough,13-151-0002,AQS
2021-04-24,34,Unknown,Georgia Station,13-231-9991,AQS
2021-04-25,45,Unknown,McDonough,13-151-0002,AQS
2021-04-26,49,Unknown,Kennesaw,13-067-0003,AQS
2021-04-27,61,Unknown,Dawsonville,13-085-0001,AQS
2021-04-28,58,Unknown,Dawsonville,13-085-0001,AQS
2021-04-29,36,Unknown,Conyers,13-247-0001,AQS
2021-04-30,47,Unknown,McDonough,13-151-0002,AQS
2021-05-01,84,Unknown,Douglasville,13-097-0004,AQS
2021-05-02,47,Unknown,McDonough,13-151-0002,AQS
2021-05-03,30,Unknown,Georgia Station,13-231-9991,AQS
2021-05-04,35,Unknown,Douglasville,13-097-0004,AQS
2021-05-05,38,Unknown,Conyers,13-247-0001,AQS
2021-05-06,48,Unknown,McDonough,13-151-0002,AQS
2021-05-07,48,Unknown,McDonough,13-151-0002,AQS
2021-05-08,48,Unknown,Conyers,13-247-0001,AQS
2021-05-09,51,Unknown,Dawsonville,13-085-0001,AQS
2021-05-10,41,Unknown,Douglasville,13-097-0004,AQS
2021-05-11,39,Unknown,United Avenue,13-121-0055,AQS
2021-05-12,31,Unknown,Gwinnett,13-135-0002,AQS
2021-05-13,40,Unknown,Douglasville,13-097-0004,AQS
2021-05-14,51,Unknown,Douglasville,13-097-0004,AQS
2021-05-15,71,Unknown,Gwinnett,13-135-0002,AQS
2021-05-16,71,Unknown,Gwinnett,13-135-0002,AQS
2021-05-17,58,Unknown,United Avenue,13-121-0055,AQS
2021-05-18,41,Unknown,Douglasville,13-097-0004,AQS
2021-05-19,44,Unknown,Douglasville,13-097-0004,AQS
2021-05-20,46,Unknown,Douglasville,13-097-0004,AQS
2021-05-21,64,Unknown,Douglasville,13-097-0004,AQS
2021-05-22,100,Unknown,Douglasville,13-097-0004,AQS
2021-05-23,97,Unknown,McDonough,13-151-0002,AQS
2021-05-24,133,Unknown,United Avenue,13-121-0055,AQS
2021-05-25,87,Unknown,United Avenue,13-121-0055,AQS
2021-05-26,61,Unknown,Gwinnett,13-135-0002,AQS
2021-05-27,48,Unknown,Gwinnett,13-135-0002,AQS
2021-05-28,38,Unknown,United Avenue,13-121-0055,AQS
2021-05-29,36,Unknown,McDonough,13-151-0002,AQS
2021-05-30,42,Unknown,McDonough,13-151-0002,AQS
2021-05-31,42,Unknown,Kennesaw,13-067-0003,AQS
2021-06-01,58,Unknown,Kennesaw,13-067-0003,AQS
2021-06-02,42,Unknown,United Avenue,13-121-0055,AQS
2021-06-03,50,Unknown,Gwinnett,13-135-0002,AQS
2021-06-04,61,Unknown,South DeKalb,13-089-0002,AQS
2021-06-05,50,Unknown,Kennesaw,13-067-0003,AQS
2021-06-06,30,Unknown,Kennesaw,13-067-0003,AQS
2021-06-07,23,Unknown,Dawsonville,13-085-0001,AQS
2021-06-08,31,Unknown,Dawsonville,13-085-0001,AQS
2021-06-09,29,Unknown,Gwinnett,13-135-0002,AQS
2021-06-10,29,Unknown,Gwinnett,13-135-0002,AQS
2021-06-11,28,Unknown,Douglasville,13-097-0004,AQS
2021-06-12,44,Unknown,United Avenue,13-121-0055,AQS
2021-06-13,37,Unknown,Douglasville,13-097-0004,AQS
2021-06-14,49,Unknown,Gwinnett,13-135-0002,AQS
2021-06-15,112,Unknown,McDonough,13-151-0002,AQS
2021-06-16,64,Unknown,United Avenue,13-121-0055,AQS
2021-06-17,100,Unknown,Douglasville,13-097-0004,AQS
2021-06-18,87,Unknown,Dawsonville,13-085-0001,AQS
2021-06-19,18,Unknown,Georgia Station,13-231-9991,AQS
2021-06-20,23,Unknown,Douglasville,13-097-0004,AQS
2021-06-21,28,Unknown,Dawsonville,13-085-0001,AQS
2021-06-22,37,Unknown,McDonough,13-151-0002,AQS
2021-06-23,101,Unknown,Douglasville,13-097-0004,AQS
2021-06-24,37,Unknown,Kennesaw,13-067-0003,AQS
2021-06-25,61,Unknown,Douglasville,13-097-0004,AQS
2021-06-26,36,Unknown,Kennesaw,13-067-0003,AQS
2021-06-27,22,Unknown,Kennesaw,13-067-0003,AQS
2021-06-28,41,Unknown,Douglasville,13-097-0004,AQS
2021-06-29,28,Unknown,Kennesaw,13-067-0003,AQS
2021-06-30,38,Unknown,Douglasville,13-097-0004,AQS
2021-07-01,36,Unknown,Dawsonville,13-085-0001,AQS
2021-07-02,32,Unknown,Kennesaw,13-067-0003,AQS
2021-07-03,48,Unknown,United Avenue,13-121-0055,AQS
2021-07-04,80,Unknown,Kennesaw,13-067-0003,AQS
2021-07-05,46,Unknown,Douglasville,13-097-0004,AQS
2021-07-06,45,Unknown,Kennesaw,13-067-0003,AQS
2021-07-07,25,Unknown,Kennesaw,13-067-0003,AQS
2021-07-08,28,Unknown,Douglasville,13-097-0004,AQS
2021-07-09,31,Unknown,McDonough,13-151-0002,AQS
2021-07-10,26,Unknown,McDonough,13-151-0002,AQS
2021-07-11,19,Unknown,Gwinnett,13-135-0002,AQS
2021-07-12,21,Unknown,Douglasville,13-097-0004,AQS
2021-07-13,31,Unknown,Dawsonville,13-085-0001,AQS
2021-07-14,34,Unknown,Gwinnett,13-135-0002,AQS
2021-07-15,45,Unknown,Conyers,13-247-0001,AQS
2021-07-16,45,Unknown,Gwinnett,13-135-0002,AQS
2021-07-17,32,Unknown,Gwinnett,13-135-0002,AQS
2021-07-18,31,Unknown,Gwinnett,13-135-0002,AQS
2021-07-19,21,Unknown,Gwinnett,13-135-0002,AQS
2021-07-20,29,Unknown,Conyers,13-247-0001,AQS
2021-07-21,37,Unknown,Conyers,13-247-0001,AQS
2021-07-22,64,Unknown,McDonough,13-151-0002,AQS
2021-07-23,87,Unknown,United Avenue,13-121-0055,AQS
2021-07-24,51,Unknown,Gwinnett,13-135-0002,AQS
2021-07-25,43,Unknown,Kennesaw,13-067-0003,AQS
2021-07-26,61,Unknown,Conyers,13-247-0001,AQS
2021-07-27,71,Unknown,United Avenue,13-121-0055,AQS
2021-07-28,77,Unknown,McDonough,13-151-0002,AQS
2021-07-29,84,Unknown,Gwinnett,13-135-0002,AQS
2021-07-30,58,Unknown,Conyers,13-247-0001,AQS
2021-07-31,67,Unknown,McDonough,13-151-0002,AQS
2021-08-01,51,Unknown,Gwinnett,13-135-0002,AQS
2021-08-02,93,Unknown,McDonough,13-151-0002,AQS
2021-08-03,64,Unknown,Douglasville,13-097-0004,AQS
2021-08-04,74,Unknown,Douglasville,13-097-0004,AQS
2021-08-05,84,Unknown,Douglasville,13-097-0004,AQS
2021-08-06,77,Unknown,Douglasville,13-097-0004,AQS
2021-08-07,47,Unknown,United Avenue,13-121-0055,AQS
2021-08-08,80,Unknown,United Avenue,13-121-0055,AQS
2021-08-09,84,Unknown,Gwinnett,13-135-0002,AQS
2021-08-10,67,Unknown,Gwinnett,13-135-0002,AQS
2021-08-11,39,Unknown,McDonough,13-151-0002,AQS
2021-08-12,115,Unknown,United Avenue,13-121-0055,AQS
2021-08-13,112,Unknown,South DeKalb,13-089-0002,AQS
2021-08-14,77,Unknown,McDonough,13-151-0002,AQS
2021-08-15,30,Unknown,Kennesaw,13-067-0003,AQS
2021-08-16,26,Unknown,Kennesaw,13-067-0003,AQS
2021-08-17,19,Unknown,Georgia Station,13-231-9991,AQS
2021-08-18,47,Unknown,South DeKalb,13-089-0002,AQS
2021-08-19,36,Unknown,Conyers,13-247-0001,AQS
2021-08-20,40,Unknown,Conyers,13-247-0001,AQS
2021-08-21,27,Unknown,Conyers,13-247-0001,AQS
2021-08-22,31,Unknown,Conyers,13-247-0001,AQS
2021-08-23,50,Unknown,Gwinnett,13-135-0002,AQS
2021-08-24,101,Unknown,Douglasville,13-097-0004,AQS
2021-08-25,74,Unknown,Douglasville,13-097-0004,AQS
2021-08-26,50,Unknown,Kennesaw,13-067-0003,AQS
2021-08-27,34,Unknown,Douglasville,13-097-0004,AQS
2021-08-28,31,Unknown,Douglasville,13-097-0004,AQS
2021-08-29,25,Unknown,Kennesaw,13-067-0003,AQS
2021-08-30,24,Unknown,Kennesaw,13-067-0003,AQS
2021-08-31,19,Unknown,Georgia Station,13-231-9991,AQS
2021-09-01,33,Unknown,Georgia Station,13-231-9991,AQS
2021-09-02,46,Unknown,Douglasville,13-097-0004,AQS
2021-09-03,61,Unknown,Douglasville,13-097-0004,AQS
2021-09-04,100,Unknown,Douglasville,13-097-0004,AQS
2021-09-05,49,Unknown,Conyers,13-247-0001,AQS
2021-09-06,32,Unknown,Kennesaw,13-067-0003,AQS
2021-09-07,35,Unknown,Douglasville,13-097-0004,AQS
2021-09-08,34,Unknown,Dawsonville,13-085-0001,AQS
2021-09-09,49,Unknown,Georgia Station,13-231-9991,AQS
2021-09-10,50,Unknown,Douglasville,13-097-0004,AQS
2021-09-11,71,Unknown,Kennesaw,13-067-0003,AQS
2021-09-12,42,Unknown,Kennesaw,13-067-0003,AQS
2021-09-13,54,Unknown,McDonough,13-151-0002,AQS
2021-09-14,77,Unknown,United Avenue,13-121-0055,AQS
2021-09-15,29,Unknown,Kennesaw,13-067-0003,AQS
2021-09-16,23,Unknown,Georgia Station,13-231-9991,AQS
2021-09-17,22,Unknown,Kennesaw,13-067-0003,AQS
2021-09-18,27,Unknown,Kennesaw,13-067-0003,AQS
2021-09-19,22,Unknown,Georgia Station,13-231-9991,AQS
2021-09-20,27,Unknown,Dawsonville,13-085-0001,AQS
2021-09-21,28,Unknown,Douglasville,13-097-0004,AQS
2021-09-22,33,Unknown,Kennesaw,13-067-0003,AQS
2021-09-23,43,Unknown,Georgia Station,13-231-9991,AQS
2021-09-24,51,Unknown,Douglasville,13-097-0004,AQS
2021-09-25,50,Unknown,McDonough,13-151-0002,AQS
2021-09-26,64,Unknown,McDonough,13-151-0002,AQS
2021-09-27,64,Unknown,South DeKalb,13-089-0002,AQS
2021-09-28,54,Unknown,Conyers,13-247-0001,AQS
2021-09-29,61,Unknown,McDonough,13-151-0002,AQS
2021-09-30,49,Unknown,Douglasville,13-097-0004,AQS
2021-10-01,54,Unknown,Kennesaw,13-067-0003,AQS
2021-10-02,42,Unknown,Kennesaw,13-067-0003,AQS
2021-10-03,30,Unknown,Georgia Station,13-231-9991,AQS
2021-10-04,24,Unknown,Georgia Station,13-231-9991,AQS
2021-10-05,30,Unknown,Georgia Station,13-231-9991,AQS
2021-10-06,26,Unknown,Georgia Station,13-231-9991,AQS
2021-10-07,23,Unknown,Kennesaw,13-067-0003,AQS
2021-10-08,43,Unknown,Georgia Station,13-231-9991,AQS
2021-10-09,45,Unknown,Georgia Station,13-231-9991,AQS
2021-10-10,39,Unknown,Douglasville,13-097-0004,AQS
2021-10-11,33,Unknown,Kennesaw,13-067-0003,AQS
2021-10-12,29,Unknown,Georgia Station,13-231-9991,AQS
2021-10-13,44,Unknown,Douglasville,13-097-0004,AQS
2021-10-14,46,Unknown,Gwinnett,13-135-0002,AQS
2021-10-15,44,Unknown,United Avenue,13-121-0055,AQS
2021-10-16,35,Unknown,McDonough,13-151-0002,AQS
2021-10-17,38,Unknown,Georgia Station,13-231-9991,AQS
2021-10-18,41,Unknown,Douglasville,13-097-0004,AQS
2021-10-19,44,Unknown,Dawsonville,13-085-0001,AQS
2021-10-20,45,Unknown,United Avenue,13-121-0055,AQS
2021-10-21,35,Unknown,Georgia Station,13-231-9991,AQS
2021-10-22,42,Unknown,United Avenue,13-121-0055,AQS
2021-10-23,41,Unknown,United Avenue,13-121-0055,AQS
2021-10-24,42,Unknown,Kennesaw,13-067-0003,AQS
2021-10-25,29,Unknown,Douglasville,13-097-0004,AQS
2021-10-26,29,Unknown,Douglasville,13-097-0004,AQS
2021-10-27,35,Unknown,Georgia Station,13-231-9991,AQS
2021-10-28,31,Unknown,Georgia Station,13-231-9991,AQS
2021-10-29,23,Unknown,Georgia Station,13-231-9991,AQS
2021-10-30,19,Unknown,Georgia Station,13-231-9991,AQS
2021-10-31,29,Unknown,Georgia Station,13-231-9991,AQS
2021-11-01,34,Unknown,Georgia Station,13-231-9991,AQS
2021-11-02,36,Unknown,Georgia Station,13-231-9991,AQS
2021-11-03,29,Unknown,Georgia Station,13-231-9991,AQS
2021-11-04,24,Unknown,Georgia Station,13-231-9991,AQS
2021-11-05,30,Unknown,Georgia Station,13-231-9991,AQS
2021-11-06,36,Unknown,Georgia Station,13-231-9991,AQS
2021-11-07,41,Unknown,Georgia Station,13-231-9991,AQS
2021-11-08,44,Unknown,Georgia Station,13-231-9991,AQS
2021-11-09,50,Unknown,Georgia Station,13-231-9991,AQS
2021-11-10,44,Unknown,Georgia Station,13-231-9991,AQS
2021-11-11,39,Unknown,Georgia Station,13-231-9991,AQS
2021-11-12,40,Unknown,Georgia Station,13-231-9991,AQS
2021-11-13,33,Unknown,Georgia Station,13-231-9991,AQS
2021-11-14,33,Unknown,Georgia Station,13-231-9991,AQS
2021-11-15,37,Unknown,Georgia Station,13-231-9991,AQS
2021-11-16,49,Unknown,Georgia Station,13-231-9991,AQS
2021-11-17,43,Unknown,Georgia Station,13-231-9991,AQS
2021-11-18,37,Unknown,Georgia Station,13-231-9991,AQS
2021-11-19,33,Unknown,Georgia Station,13-231-9991,AQS
2021-11-20,36,Unknown,Georgia Station,13-231-9991,AQS
2021-11-21,34,Unknown,Georgia Station,13-231-9991,AQS
2021-11-22,36,Unknown,Georgia Station,13-231-9991,AQS
2021-11-23,34,Unknown,Georgia Station,13-231-9991,AQS
2021-11-24,40,Unknown,Georgia Station,13-231-9991,AQS
2021-11-25,40,Unknown,Georgia Station,13-231-9991,AQS
2021-11-26,32,Unknown,Georgia Station,13-231-9991,AQS
2021-11-27,36,Unknown,Georgia Station,13-231-9991,AQS
2021-11-28,28,Unknown,Georgia Station,13-231-9991,AQS
2021-11-29,37,Unknown,Georgia Station,13-231-9991,AQS
2021-11-30,41,Unknown,Georgia Station,13-231-9991,AQS
2021-12-01,44,Unknown,Georgia Station,13-231-9991,AQS
2021-12-02,44,Unknown,Georgia Station,13-231-9991,AQS
2021-12-03,46,Unknown,Georgia Station,13-231-9991,AQS
2021-12-04,44,Unknown,Georgia Station,13-231-9991,AQS
2021-12-05,39,Unknown,Georgia Station,13-231-9991,AQS
2021-12-06,31,Unknown,Georgia Station,13-231-9991,AQS
2021-12-07,19,Unknown,Georgia Station,13-231-9991,AQS
2021-12-08,18,Unknown,Georgia Station,13-231-9991,AQS
2021-12-09,25,Unknown,Georgia Station,13-231-9991,AQS
2021-12-10,15,Unknown,Georgia Station,13-231-9991,AQS
2021-12-11,26,Unknown,Georgia Station,13-231-9991,AQS
2021-12-12,31,Unknown,Georgia Station,13-231-9991,AQS
2021-12-13,35,Unknown,Georgia Station,13-231-9991,AQS
2021-12-14,37,Unknown,Georgia Station,13-231-9991,AQS
2021-12-15,32,Unknown,Georgia Station,13-231-9991,AQS
2021-12-16,28,Unknown,Georgia Station,13-231-9991,AQS
2021-12-17,20,Unknown,Georgia Station,13-231-9991,AQS
2021-12-18,26,Unknown,Georgia Station,13-231-9991,AQS
2021-12-19,24,Unknown,Georgia Station,13-231-9991,AQS
2021-12-20,26,Unknown,Georgia Station,13-231-9991,AQS
2021-12-21,25,Unknown,Georgia Station,13-231-9991,AQS
2021-12-22,37,Unknown,Georgia Station,13-231-9991,AQS
2021-12-23,37,Unknown,Georgia Station,13-231-9991,AQS
2021-12-24,44,Unknown,Georgia Station,13-231-9991,AQS
2021-12-25,38,Unknown,Georgia Station,13-231-9991,AQS
2021-12-26,30,Unknown,Georgia Station,13-231-9991,AQS
2021-12-27,32,Unknown,Georgia Station,13-231-9991,AQS
2021-12-28,30,Unknown,Georgia Station,13-231-9991,AQS
2021-12-29,29,Unknown,Georgia Station,13-231-9991,AQS
2021-12-30,25,Unknown,Georgia Station,13-231-9991,AQS
2021-12-31,20,Unknown,Georgia Station,13-231-9991,AQS
2022-01-01,25,Unknown,Georgia Station,13-231-9991,AQS
2022-01-02,34,Unknown,Georgia Station,13-231-9991,AQS
2022-01-03,30,Unknown,Georgia Station,13-231-9991,AQS
2022-01-04,30,Unknown,South DeKalb,13-089-0002,AQS
2022-01-05,42,Unknown,Georgia Station,13-231-9991,AQS
2022-01-06,38,Unknown,Georgia Station,13-231-9991,AQS
2022-01-07,31,Unknown,Georgia Station,13-231-9991,AQS
2022-01-08,32,Unknown,Georgia Station,13-231-9991,AQS
2022-01-09,31,Unknown,Georgia Station,13-231-9991,AQS
2022-01-10,38,Unknown,Georgia Station,13-231-9991,AQS
2022-01-11,39,Unknown,Georgia Station,13-231-9991,AQS
2022-01-12,42,Unknown,Georgia Station,13-231-9991,AQS
2022-01-13,43,Unknown,Georgia Station,13-231-9991,AQS
2022-01-14,38,Unknown,Georgia Station,13-231-9991,AQS
2022-01-15,25,Unknown,Georgia Station,13-231-9991,AQS
2022-01-16,29,Unknown,Georgia Station,13-231-9991,AQS
2022-01-17,31,Unknown,Georgia Station,13-231-9991,AQS
2022-01-18,34,Unknown,Georgia Station,13-231-9991,AQS
2022-01-19,40,Unknown,Georgia Station,13-231-9991,AQS
2022-01-20,37,Unknown,Georgia Station,13-231-9991,AQS
2022-01-21,10,Unknown,South DeKalb,13-089-0002,AQS
2022-01-22,29,Unknown,Georgia Station,13-231-9991,AQS
2022-01-23,36,Unknown,Georgia Station,13-231-9991,AQS
2022-01-24,40,Unknown,Georgia Station,13-231-9991,AQS
2022-01-25,37,Unknown,Georgia Station,13-231-9991,AQS
2022-01-26,29,Unknown,Georgia Station,13-231-9991,AQS
2022-01-27,35,Unknown,Georgia Station,13-231-9991,AQS
2022-01-28,32,Unknown,Georgia Station,13-231-9991,AQS
2022-01-29,32,Unknown,South DeKalb,13-089-0002,AQS
2022-01-30,38,Unknown,South DeKalb,13-089-0002,AQS
2022-01-31,28,Unknown,South DeKalb,13-089-0002,AQS
2022-02-01,40,Unknown,South DeKalb,13-089-0002,AQS
2022-02-02,33,Unknown,South DeKalb,13-089-0002,AQS
2022-02-03,24,Unknown,South DeKalb,13-089-0002,AQS
2022-02-04,23,Unknown,South DeKalb,13-089-0002,AQS
2022-02-05,34,Unknown,South DeKalb,13-089-0002,AQS
2022-02-06,37,Unknown,South DeKalb,13-089-0002,AQS
2022-02-07,28,Unknown,South DeKalb,13-089-0002,AQS
2022-02-08,33,Unknown,South DeKalb,13-089-0002,AQS
2022-02-09,41,Unknown,Georgia Station,13-231-9991,AQS
2022-02-10,45,Unknown,Georgia Station,13-231-9991,AQS
2022-02-11,61,Unknown,Georgia Station,13-231-9991,AQS
2022-02-12,64,Unknown,Georgia Station,13-231-9991,AQS
2022-02-13,35,Unknown,Georgia Station,13-231-9991,AQS
2022-02-14,41,Unknown,Georgia Station,13-231-9991,AQS
2022-02-15,48,Unknown,Georgia Station,13-231-9991,AQS
2022-02-16,40,Unknown,Georgia Station,13-231-9991,AQS
2022-02-17,31,Unknown,Georgia Station,13-231-9991,AQS
2022-02-18,29,Unknown,Georgia Station,13-231-9991,AQS
2022-02-19,39,Unknown,Georgia Station,13-231-9991,AQS
2022-02-20,40,Unknown,Georgia Station,13-231-9991,AQS
2022-02-21,30,Unknown,Georgia Station,13-231-9991,AQS
2022-02-22,36,Unknown,Georgia Station,13-231-9991,AQS
2022-02-23,33,Unknown,Georgia Station,13-231-9991,AQS
2022-02-24,28,Unknown,South DeKalb,13-089-0002,AQS
2022-02-25,29,Unknown,Georgia Station,13-231-9991,AQS
2022-02-26,31,Unknown,Georgia Station,13-231-9991,AQS
2022-02-27,19,Unknown,Georgia Station,13-231-9991,AQS
2022-02-28,41,Unknown,Georgia Station,13-231-9991,AQS
2022-03-01,48,Unknown,McDonough,13-151-0002,AQS
2022-03-02,58,Unknown,Douglasville,13-097-0004,AQS
2022-03-03,80,Unknown,Douglasville,13-097-0004,AQS
2022-03-04,100,Unknown,Georgia Station,13-231-9991,AQS
2022-03-05,64,Unknown,McDonough,13-151-0002,AQS
2022-03-06,39,Unknown,Dawsonville,13-085-0001,AQS
2022-03-07,30,Unknown,Dawsonville,13-085-0001,AQS
2022-03-08,24,Unknown,Dawsonville,13-085-0001,AQS
2022-03-09,30,Unknown,Douglasville,13-097-0004,AQS
2022-03-10,38,Unknown,Douglasville,13-097-0004,AQS
2022-03-11,26,Unknown,Dawsonville,13-085-0001,AQS
2022-03-12,42,Unknown,McDonough,13-151-0002,AQS
2022-03-13,44,Unknown,Dawsonville,13-085-0001,AQS
2022-03-14,46,Unknown,Dawsonville,13-085-0001,AQS
2022-03-15,40,Unknown,Dawsonville,13-085-0001,AQS
2022-03-16,35,Unknown,Georgia Station,13-231-9991,AQS
2022-03-17,44,Unknown,Dawsonville,13-085-0001,AQS
2022-03-18,36,Unknown,Georgia Station,13-231-9991,AQS
2022-03-19,40,Unknown,McDonough,13-151-0002,AQS
2022-03-20,46,Unknown,McDonough,13-151-0002,AQS
2022-03-21,51,Unknown,McDonough,13-151-0002,AQS
2022-03-22,50,Unknown,United Avenue,13-121-0055,AQS
2022-03-23,38,Unknown,Douglasville,13-097-0004,AQS
2022-03-24,47,Unknown,Douglasville,13-097-0004,AQS
2022-03-25,45,Unknown,Georgia Station,13-231-9991,AQS
2022-03-26,45,Unknown,McDonough,13-151-0002,AQS
2022-03-27,47,Unknown,McDonough,13-151-0002,AQS
2022-03-28,48,Unknown,McDonough,13-151-0002,AQS
2022-03-29,64,Unknown,Conyers,13-247-0001,AQS
2022-03-30,64,Unknown,McDonough,13-151-0002,AQS
2022-03-31,42,Unknown,McDonough,13-151-0002,AQS
2022-04-01,44,Unknown,McDonough,13-151-0002,AQS
2022-04-02,43,Unknown,Douglasville,13-097-0004,AQS
2022-04-03,51,Unknown,McDonough,13-151-0002,AQS
2022-04-04,64,Unknown,Dawsonville,13-085-0001,AQS
2022-04-05,36,Unknown,McDonough,13-151-0002,AQS
2022-04-06,30,Unknown,Douglasville,13-097-0004,AQS
2022-04-07,47,Unknown,McDonough,13-151-0002,AQS
2022-04-08,40,Unknown,McDonough,13-151-0002,AQS
2022-04-09,40,Unknown,Douglasville,13-097-0004,AQS
2022-04-10,49,Unknown,Dawsonville,13-085-0001,AQS
2022-04-11,45,Unknown,McDonough,13-151-0002,AQS
2022-04-12,49,Unknown,Dawsonville,13-085-0001,AQS
2022-04-13,41,Unknown,Dawsonville,13-085-0001,AQS
2022-04-14,45,Unknown,United Avenue,13-121-0055,AQS
2022-04-15,49,Unknown,McDonough,13-151-0002,AQS
2022-04-16,32,Unknown,McDonough,13-151-0002,AQS
2022-04-17,44,Unknown,Gwinnett,13-135-0002,AQS
2022-04-18,37,Unknown,Dawsonville,13-085-0001,AQS
2022-04-19,47,Unknown,McDonough,13-151-0002,AQS
2022-04-20,48,Unknown,Douglasville,13-097-0004,AQS
2022-04-21,47,Unknown,Dawsonville,13-085-0001,AQS
2022-04-22,50,Unknown,Kennesaw,13-067-0003,AQS
2022-04-23,46,Unknown,McDonough,13-151-0002,AQS
2022-04-24,44,Unknown,Dawsonville,13-085-0001,AQS
2022-04-25,46,Unknown,Dawsonville,13-085-0001,AQS
2022-04-26,33,Unknown,Dawsonville,13-085-0001,AQS
2022-04-27,71,Unknown,United Avenue,13-121-0055,AQS
2022-04-28,80,Unknown,Kennesaw,13-067-0003,AQS
2022-04-29,87,Unknown,McDonough,13-151-0002,AQS
2022-04-30,45,Unknown,Dawsonville,13-085-0001,AQS
2022-05-01,32,Unknown,Dawsonville,13-085-0001,AQS
2022-05-02,51,Unknown,Dawsonville,13-085-0001,AQS
2022-05-03,38,Unknown,McDonough,13-151-0002,AQS
2022-05-04,41,Unknown,Conyers,13-247-0001,AQS
2022-05-05,67,Unknown,Gwinnett,13-135-0002,AQS
2022-05-06,45,Unknown,McDonough,13-151-0002,AQS
2022-05-07,36,Unknown,McDonough,13-151-0002,AQS
2022-05-08,31,Unknown,Dawsonville,13-085-0001,AQS
2022-05-09,47,Unknown,Douglasville,13-097-0004,AQS
2022-05-10,87,Unknown,Douglasville,13-097-0004,AQS
2022-05-11,101,Unknown,McDonough,13-151-0002,AQS
2022-05-12,54,Unknown,Douglasville,13-097-0004,AQS
2022-05-13,39,Unknown,Douglasville,13-097-0004,AQS
2022-05-14,50,Unknown,United Avenue,13-121-0055,AQS
2022-05-15,44,Unknown,United Avenue,13-121-0055,AQS
2022-05-16,67,Unknown,Conyers,13-247-0001,AQS
2022-05-17,101,Unknown,United Avenue,13-121-0055,AQS
2022-05-18,136,Unknown,Dawsonville,13-085-0001,AQS
2022-05-19,50,Unknown,Gwinnett,13-135-0002,AQS
2022-05-20,46,Unknown,Dawsonville,13-085-0001,AQS
2022-05-21,33,Unknown,United Avenue,13-121-0055,AQS
2022-05-22,39,Unknown,Dawsonville,13-085-0001,AQS
2022-05-23,27,Unknown,McDonough,13-151-0002,AQS
2022-05-24,37,Unknown,Gwinnett,13-135-0002,AQS
2022-05-25,26,Unknown,McDonough,13-151-0002,AQS
2022-05-26,24,Unknown,Georgia Station,13-231-9991,AQS
2022-05-27,46,Unknown,United Avenue,13-121-0055,AQS
2022-05-28,54,Unknown,McDonough,13-151-0002,AQS
2022-05-29,48,Unknown,Kennesaw,13-067-0003,AQS
2022-05-30,45,Unknown,Douglasville,13-097-0004,AQS
2022-05-31,54,Unknown,Douglasville,13-097-0004,AQS
2022-06-01,84,Unknown,United Avenue,13-121-0055,AQS
2022-06-02,50,Unknown,Conyers,13-247-0001,AQS
2022-06-03,61,Unknown,McDonough,13-151-0002,AQS
2022-06-04,50,Unknown,Douglasville,13-097-0004,AQS
2022-06-05,77,Unknown,Douglasville,13-097-0004,AQS
2022-06-06,39,Unknown,Kennesaw,13-067-0003,AQS
2022-06-07,39,Unknown,United Avenue,13-121-0055,AQS
2022-06-08,36,Unknown,United Avenue,13-121-0055,AQS
2022-06-09,45,Unknown,United Avenue,13-121-0055,AQS
2022-06-10,71,Unknown,United Avenue,13-121-0055,AQS
2022-06-11,80,Unknown,Conyers,13-247-0001,AQS
2022-06-12,46,Unknown,Gwinnett,13-135-0002,AQS
2022-06-13,51,Unknown,Conyers,13-247-0001,AQS
2022-06-14,45,Unknown,United Avenue,13-121-0055,AQS
2022-06-15,64,Unknown,Georgia Station,13-231-9991,AQS
2022-06-16,133,Unknown,Douglasville,13-097-0004,AQS
2022-06-17,84,Unknown,Conyers,13-247-0001,AQS
2022-06-18,71,Unknown,McDonough,13-151-0002,AQS
2022-06-19,54,Unknown,Douglasville,13-097-0004,AQS
2022-06-20,169,Unknown,United Avenue,13-121-0055,AQS
2022-06-21,105,Unknown,McDonough,13-151-0002,AQS
2022-06-22,101,Unknown,McDonough,13-151-0002,AQS
2022-06-23,97,Unknown,McDonough,13-151-0002,AQS
2022-06-24,80,Unknown,Douglasville,13-097-0004,AQS
2022-06-25,47,Unknown,Kennesaw,13-067-0003,AQS
2022-06-26,51,Unknown,United Avenue,13-121-0055,AQS
2022-06-27,46,Unknown,United Avenue,13-121-0055,AQS
2022-06-28,44,Unknown,Douglasville,13-097-0004,AQS
2022-06-29,47,Unknown,Douglasville,13-097-0004,AQS
2022-06-30,51,Unknown,Douglasville,13-097-0004,AQS
2022-07-01,39,Unknown,Kennesaw,13-067-0003,AQS
2022-07-02,54,Unknown,Conyers,13-247-0001,AQS
2022-07-03,37,Unknown,McDonough,13-151-0002,AQS
2022-07-04,45,Unknown,United Avenue,13-121-0055,AQS
2022-07-05,80,Unknown,United Avenue,13-121-0055,AQS
2022-07-06,45,Unknown,Gwinnett,13-135-0002,AQS
2022-07-07,40,Unknown,Conyers,13-247-0001,AQS
2022-07-08,43,Unknown,Conyers,13-247-0001,AQS
2022-07-09,40,Unknown,Gwinnett,13-135-0002,AQS
2022-07-10,43,Unknown,Conyers,13-247-0001,AQS
2022-07-11,36,Unknown,Kennesaw,13-067-0003,AQS
2022-07-12,48,Unknown,Kennesaw,13-067-0003,AQS
2022-07-13,42,Unknown,Gwinnett,13-135-0002,AQS
2022-07-14,74,Unknown,McDonough,13-151-0002,AQS
2022-07-15,77,Unknown,United Avenue,13-121-0055,AQS
2022-07-16,58,Unknown,Kennesaw,13-067-0003,AQS
2022-07-17,35,Unknown,Gwinnett,13-135-0002,AQS
2022-07-18,35,Unknown,Gwinnett,13-135-0002,AQS
2022-07-19,39,Unknown,Conyers,13-247-0001,AQS
2022-07-20,37,Unknown,Gwinnett,13-135-0002,AQS
2022-07-21,37,Unknown,Gwinnett,13-135-0002,AQS
2022-07-22,67,Unknown,Gwinnett,13-135-0002,AQS
2022-07-23,61,Unknown,Gwinnett,13-135-0002,AQS
2022-07-24,33,Unknown,South DeKalb,13-089-0002,AQS
2022-07-25,36,Unknown,Gwinnett,13-135-0002,AQS
2022-07-26,38,Unknown,Gwinnett,13-135-0002,AQS
2022-07-27,38,Unknown,Gwinnett,13-135-0002,AQS
2022-07-28,36,Unknown,United Avenue,13-121-0055,AQS
2022-07-29,35,Unknown,South DeKalb,13-089-0002,AQS
2022-07-30,38,Unknown,Gwinnett,13-135-0002,AQS
2022-07-31,25,Unknown,Gwinnett,13-135-0002,AQS
2022-08-01,28,Unknown,Georgia Station,13-231-9991,AQS
2022-08-02,41,Unknown,Conyers,13-247-0001,AQS
2022-08-03,48,Unknown,Kennesaw,13-067-0003,AQS
2022-08-04,45,Unknown,Kennesaw,13-067-0003,AQS
2022-08-05,46,Unknown,Kennesaw,13-067-0003,AQS
2022-08-06,37,Unknown,Kennesaw,13-067-0003,AQS
2022-08-07,43,Unknown,United Avenue,13-121-0055,AQS
2022-08-08,50,Unknown,South DeKalb,13-089-0002,AQS
2022-08-09,44,Unknown,United Avenue,13-121-0055,AQS
2022-08-10,37,Unknown,Gwinnett,13-135-0002,AQS
2022-08-11,37,Unknown,United Avenue,13-121-0055,AQS
2022-08-12,42,Unknown,United Avenue,13-121-0055,AQS
2022-08-13,43,Unknown,Douglasville,13-097-0004,AQS
2022-08-14,42,Unknown,Gwinnett,13-135-0002,AQS
2022-08-15,40,Unknown,Gwinnett,13-135-0002,AQS
2022-08-16,51,Unknown,United Avenue,13-121-0055,AQS
2022-08-17,42,Unknown,Kennesaw,13-067-0003,AQS
2022-08-18,42,Unknown,Kennesaw,13-067-0003,AQS
2022-08-19,28,Unknown,Douglasville,13-097-0004,AQS
2022-08-20,33,Unknown,Gwinnett,13-135-0002,AQS
2022-08-21,27,Unknown,Gwinnett,13-135-0002,AQS
2022-08-22,34,Unknown,Gwinnett,13-135-0002,AQS
2022-08-23,46,Unknown,United Avenue,13-121-0055,AQS
2022-08-24,37,Unknown,Gwinnett,13-135-0002,AQS
2022-08-25,29,Unknown,Dawsonville,13-085-0001,AQS
2022-08-26,44,Unknown,Conyers,13-247-0001,AQS
2022-08-27,49,Unknown,Douglasville,13-097-0004,AQS
2022-08-28,36,Unknown,Kennesaw,13-067-0003,AQS
2022-08-29,44,Unknown,Douglasville,13-097-0004,AQS
2022-08-30,38,Unknown,South DeKalb,13-089-0002,AQS
2022-08-31,64,Unknown,McDonough,13-151-0002,AQS
2022-09-01,105,Unknown,Kennesaw,13-067-0003,AQS
2022-09-02,42,Unknown,Douglasville,13-097-0004,AQS
2022-09-03,28,Unknown,Kennesaw,13-067-0003,AQS
2022-09-04,20,Unknown,Georgia Station,13-231-9991,AQS
2022-09-05,26,Unknown,Gwinnett,13-135-0002,AQS
2022-09-06,35,Unknown,Conyers,13-247-0001,AQS
2022-09-07,48,Unknown,McDonough,13-151-0002,AQS
2022-09-08,42,Unknown,Douglasville,13-097-0004,AQS
2022-09-09,33,Unknown,Kennesaw,13-067-0003,AQS
2022-09-10,24,Unknown,Dawsonville,13-085-0001,AQS
2022-09-11,30,Unknown,Georgia Station,13-231-9991,AQS
2022-09-12,36,Unknown,Conyers,13-247-0001,AQS
2022-09-13,49,Unknown,Georgia Station,13-231-9991,AQS
2022-09-14,54,Unknown,United Avenue,13-121-0055,AQS
2022-09-15,58,Unknown,Douglasville,13-097-0004,AQS
2022-09-16,58,Unknown,Douglasville,13-097-0004,AQS
2022-09-17,58,Unknown,Douglasville,13-097-0004,AQS
2022-09-18,47,Unknown,United Avenue,13-121-0055,AQS
2022-09-19,71,Unknown,Georgia Station,13-231-9991,AQS
2022-09-20,54,Unknown,McDonough,13-151-0002,AQS
2022-09-21,150,Unknown,United Avenue,13-121-0055,AQS
2022-09-22,54,Unknown,Conyers,13-247-0001,AQS
2022-09-23,64,Unknown,Douglasville,13-097-0004,AQS
2022-09-24,87,Unknown,Kennesaw,13-067-0003,AQS
2022-09-25,40,Unknown,Georgia Station,13-231-9991,AQS
2022-09-26,47,Unknown,Conyers,13-247-0001,AQS
2022-09-27,44,Unknown,Georgia Station,13-231-9991,AQS
2022-09-28,45,Unknown,Georgia Station,13-231-9991,AQS
2022-09-29,38,Unknown,Georgia Station,13-231-9991,AQS
2022-09-30,38,Unknown,Douglasville,13-097-0004,AQS
2022-10-01,37,Unknown,Georgia Station,13-231-9991,AQS
2022-10-02,35,Unknown,Georgia Station,13-231-9991,AQS
2022-10-03,35,Unknown,Douglasville,13-097-0004,AQS
2022-10-04,39,Unknown,Conyers,13-247-0001,AQS
2022-10-05,44,Unknown,Georgia Station,13-231-9991,AQS
2022-10-06,54,Unknown,Conyers,13-247-0001,AQS
2022-10-07,84,Unknown,Conyers,13-247-0001,AQS
2022-10-08,44,Unknown,Conyers,13-247-0001,AQS
2022-10-09,48,Unknown,Georgia Station,13-231-9991,AQS
2022-10-10,61,Unknown,United Avenue,13-121-0055,AQS
2022-10-11,44,Unknown,Georgia Station,13-231-9991,AQS
2022-10-12,30,Unknown,Georgia Station,13-231-9991,AQS
2022-10-13,38,Unknown,Georgia Station,13-231-9991,AQS
2022-10-14,41,Unknown,Dawsonville,13-085-0001,AQS
2022-10-15,42,Unknown,Dawsonville,13-085-0001,AQS
2022-10-16,42,Unknown,Gwinnett,13-135-0002,AQS
2022-10-17,42,Unknown,Georgia Station,13-231-9991,AQS
2022-10-18,31,Unknown,Georgia Station,13-231-9991,AQS
2022-10-19,31,Unknown,Dawsonville,13-085-0001,AQS
2022-10-20,38,Unknown,Douglasville,13-097-0004,AQS
2022-10-21,45,Unknown,Georgia Station,13-231-9991,AQS
2022-10-22,71,Unknown,Georgia Station,13-231-9991,AQS
2022-10-23,58,Unknown,Douglasville,13-097-0004,AQS
2022-10-24,46,Unknown,Dawsonville,13-085-0001,AQS
2022-10-25,48,Unknown,Conyers,13-247-0001,AQS
2022-10-26,29,Unknown,Georgia Station,13-231-9991,AQS
2022-10-27,38,Unknown,Douglasville,13-097-0004,AQS
2022-10-28,36,Unknown,Georgia Station,13-231-9991,AQS
2022-10-29,30,Unknown,Dawsonville,13-085-0001,AQS
2022-10-30,19,Unknown,Dawsonville,13-085-0001,AQS
2022-10-31,33,Unknown,Douglasville,13-097-0004,AQS
2022-11-01,39,Unknown,Georgia Station,13-231-9991,AQS
2022-11-02,40,Unknown,Georgia Station,13-231-9991,AQS
2022-11-03,39,Unknown,Georgia Station,13-231-9991,AQS
2022-11-04,40,Unknown,Georgia Station,13-231-9991,AQS
2022-11-05,33,Unknown,Georgia Station,13-231-9991,AQS
2022-11-06,31,Unknown,Georgia Station,13-231-9991,AQS
2022-11-07,34,Unknown,Georgia Station,13-231-9991,AQS
2022-11-08,41,Unknown,Georgia Station,13-231-9991,AQS
2022-11-09,38,Unknown,Georgia Station,13-231-9991,AQS
2022-11-10,33,Unknown,Georgia Station,13-231-9991,AQS
2022-11-11,22,Unknown,Georgia Station,13-231-9991,AQS
2022-11-12,27,Unknown,Georgia Station,13-231-9991,AQS
2022-11-13,25,Unknown,Georgia Station,13-231-9991,AQS
2022-11-14,28,Unknown,Georgia Station,13-231-9991,AQS
2022-11-15,20,Unknown,Georgia Station,13-231-9991,AQS
2022-11-16,30,Unknown,Georgia Station,13-231-9991,AQS
2022-11-17,34,Unknown,Georgia Station,13-231-9991,AQS
2022-11-18,33,Unknown,Georgia Station,13-231-9991,AQS
2022-11-19,37,Unknown,Georgia Station,13-231-9991,AQS
2022-11-20,31,Unknown,Georgia Station,13-231-9991,AQS
2022-11-21,42,Unknown,Georgia Station,13-231-9991,AQS
2022-11-22,34,Unknown,Georgia Station,13-231-9991,AQS
2022-11-23,42,Unknown,Georgia Station,13-231-9991,AQS
2022-11-24,35,Unknown,Georgia Station,13-231-9991,AQS
2022-11-25,28,Unknown,Georgia Station,13-231-9991,AQS
2022-11-26,29,Unknown,Georgia Station,13-231-9991,AQS
2022-11-27,34,Unknown,Georgia Station,13-231-9991,AQS
2022-11-28,34,Unknown,Georgia Station,13-231-9991,AQS
2022-11-29,41,Unknown,Georgia Station,13-231-9991,AQS
2022-11-30,32,Unknown,Georgia Station,13-231-9991,AQS
2022-12-01,30,Unknown,Georgia Station,13-231-9991,AQS
2022-12-02,33,Unknown,Georgia Station,13-231-9991,AQS
2022-12-03,29,Unknown,Georgia Station,13-231-9991,AQS
2022-12-04,22,Unknown,Georgia Station,13-231-9991,AQS
2022-12-05,11,Unknown,Georgia Station,13-231-9991,AQS
2022-12-06,8,Unknown,Georgia Station,13-231-9991,AQS
2022-12-07,23,Unknown,Georgia Station,13-231-9991,AQS
2022-12-08,29,Unknown,Georgia Station,13-231-9991,AQS
2022-12-09,20,Unknown,Georgia Station,13-231-9991,AQS
2022-12-10,18,Unknown,Georgia Station,13-231-9991,AQS
2022-12-11,18,Unknown,Georgia Station,13-231-9991,AQS
2022-12-12,15,Unknown,Georgia Station,13-231-9991,AQS
2022-12-13,24,Unknown,Georgia Station,13-231-9991,AQS
2022-12-14,23,Unknown,Georgia Station,13-231-9991,AQS
2022-12-15,34,Unknown,Georgia Station,13-231-9991,AQS
2022-12-16,33,Unknown,Georgia Station,13-231-9991,AQS
2022-12-17,28,Unknown,Georgia Station,13-231-9991,AQS
2022-12-18,35,Unknown,Georgia Station,13-231-9991,AQS
2022-12-19,32,Unknown,Georgia Station,13-231-9991,AQS
2022-12-20,28,Unknown,Georgia Station,13-231-9991,AQS
2022-12-21,30,Unknown,Georgia Station,13-231-9991,AQS
2022-12-22,20,Unknown,Georgia Station,13-231-9991,AQS
2022-12-23,31,Unknown,Georgia Station,13-231-9991,AQS
2022-12-24,31,Unknown,Georgia Station,13-231-9991,AQS
2022-12-25,35,Unknown,Georgia Station,13-231-9991,AQS
2022-12-26,37,Unknown,Georgia Station,13-231-9991,AQS
2022-12-27,40,Unknown,Georgia Station,13-231-9991,AQS
2022-12-28,43,Unknown,Georgia Station,13-231-9991,AQS
2022-12-29,42,Unknown,Georgia Station,13-231-9991,AQS
2022-12-30,40,Unknown,Georgia Station,13-231-9991,AQS
2022-12-31,26,Unknown,Georgia Station,13-231-9991,AQS
2023-01-01,30,Unknown,Georgia Station,13-231-9991,AQS
2023-01-02,23,Unknown,Georgia Station,13-231-9991,AQS
2023-01-03,25,Unknown,Georgia Station,13-231-9991,AQS
2023-01-04,36,Unknown,Georgia Station,13-231-9991,AQS
2023-01-05,37,Unknown,Georgia Station,13-231-9991,AQS
2023-01-06,38,Unknown,Georgia Station,13-231-9991,AQS
2023-01-07,33,Unknown,South DeKalb,13-089-0002,AQS
2023-01-08,40,Unknown,Georgia Station,13-231-9991,AQS
2023-01-09,34,Unknown,Georgia Station,13-231-9991,AQS
2023-01-10,39,Unknown,Georgia Station,13-231-9991,AQS
2023-01-11,37,Unknown,Georgia Station,13-231-9991,AQS
2023-01-12,27,Unknown,South DeKalb,13-089-0002,AQS
2023-01-13,26,Unknown,Georgia Station,13-231-9991,AQS
2023-01-14,32,Unknown,Georgia Station,13-231-9991,AQS
2023-01-15,36,Unknown,Georgia Station,13-231-9991,AQS
2023-01-16,38,Unknown,Georgia Station,13-231-9991,AQS
2023-01-17,35,Unknown,Georgia Station,13-231-9991,AQS
2023-01-18,31,Unknown,Georgia Station,13-231-9991,AQS
2023-01-19,42,Unknown,Georgia Station,13-231-9991,AQS
2023-01-20,35,Unknown,Georgia Station,13-231-9991,AQS
2023-01-21,25,Unknown,Georgia Station,13-231-9991,AQS
2023-01-22,22,Unknown,Georgia Station,13-231-9991,AQS
2023-01-23,32,Unknown,Georgia Station,13-231-9991,AQS
2023-01-24,33,Unknown,Georgia Station,13-231-9991,AQS
2023-01-25,37,Unknown,Georgia Station,13-231-9991,AQS
2023-01-26,35,Unknown,Georgia Station,13-231-9991,AQS
2023-01-27,37,Unknown,Georgia Station,13-231-9991,AQS
2023-01-28,41,Unknown,Georgia Station,13-231-9991,AQS
2023-01-29,37,Unknown,Georgia Station,13-231-9991,AQS
2023-01-30,28,Unknown,Georgia Station,13-231-9991,AQS
2023-01-31,23,Unknown,Georgia Station,13-231-9991,AQS
2023-02-01,26,Unknown,Georgia Station,13-231-9991,AQS
2023-02-02,28,Unknown,Georgia Station,13-231-9991,AQS
2023-02-03,36,Unknown,Georgia Station,13-231-9991,AQS
2023-02-04,36,Unknown,Georgia Station,13-231-9991,AQS
2023-02-05,38,Unknown,Georgia Station,13-231-9991,AQS
2023-02-06,44,Unknown,Georgia Station,13-231-9991,AQS
2023-02-07,47,Unknown,Georgia Station,13-231-9991,AQS
2023-02-08,42,Unknown,Georgia Station,13-231-9991,AQS
2023-02-09,34,Unknown,Georgia Station,13-231-9991,AQS
2023-02-10,33,Unknown,Georgia Station,13-231-9991,AQS
2023-02-11,36,Unknown,Georgia Station,13-231-9991,AQS
2023-02-12,33,Unknown,Georgia Station,13-231-9991,AQS
2023-02-13,43,Unknown,Georgia Station,13-231-9991,AQS
2023-02-14,54,Unknown,Georgia Station,13-231-9991,AQS
2023-02-15,41,Unknown,Georgia Station,13-231-9991,AQS
2023-02-16,39,Unknown,Georgia Station,13-231-9991,AQS
2023-02-17,31,Unknown,Georgia Station,13-231-9991,AQS
2023-02-18,39,Unknown,Georgia Station,13-231-9991,AQS
2023-02-19,44,Unknown,Georgia Station,13-231-9991,AQS
2023-02-20,44,Unknown,Georgia Station,13-231-9991,AQS
2023-02-21,31,Unknown,Georgia Station,13-231-9991,AQS
2023-02-22,36,Unknown,Georgia Station,13-231-9991,AQS
2023-02-23,31,Unknown,Georgia Station,13-231-9991,AQS
2023-02-24,30,Unknown,South DeKalb,13-089-0002,AQS
2023-02-25,32,Unknown,Georgia Station,13-231-9991,AQS
2023-02-26,27,Unknown,Georgia Station,13-231-9991,AQS
2023-02-27,29,Unknown,Georgia Station,13-231-9991,AQS
2023-02-28,58,Unknown,Georgia Station,13-231-9991,AQS
2023-03-01,35,Unknown,Dawsonville,13-085-0001,AQS
2023-03-02,28,Unknown,Douglasville,13-097-0004,AQS
2023-03-03,40,Unknown,Dawsonville,13-085-0001,AQS
2023-03-04,44,Unknown,Conyers,13-247-0001,AQS
2023-03-05,48,Unknown,Georgia Station,13-231-9991,AQS
2023-03-06,64,Unknown,Georgia Station,13-231-9991,AQS
2023-03-07,67,Unknown,Douglasville,13-097-0004,AQS
2023-03-08,47,Unknown,Georgia Station,13-231-9991,AQS
2023-03-09,42,Unknown,Georgia Station,13-231-9991,AQS
2023-03-10,40,Unknown,Gwinnett,13-135-0002,AQS
2023-03-11,43,Unknown,Gwinnett,13-135-0002,AQS
2023-03-12,33,Unknown,Georgia Station,13-231-9991,AQS
2023-03-13,40,Unknown,Georgia Station,13-231-9991,AQS
2023-03-14,41,Unknown,Georgia Station,13-231-9991,AQS
2023-03-15,54,Unknown,Douglasville,13-097-0004,AQS
2023-03-16,61,Unknown,Georgia Station,13-231-9991,AQS
2023-03-17,44,Unknown,Georgia Station,13-231-9991,AQS
2023-03-18,44,Unknown,Gwinnett,13-135-0002,AQS
2023-03-19,43,Unknown,Georgia Station,13-231-9991,AQS
2023-03-20,46,Unknown,Georgia Station,13-231-9991,AQS
2023-03-21,64,Unknown,Georgia Station,13-231-9991,AQS
2023-03-22,48,Unknown,Georgia Station,13-231-9991,AQS
2023-03-23,47,Unknown,Dawsonville,13-085-0001,AQS
2023-03-24,38,Unknown,Georgia Station,13-231-9991,AQS
2023-03-25,46,Unknown,Dawsonville,13-085-0001,AQS
2023-03-26,37,Unknown,Dawsonville,13-085-0001,AQS
2023-03-27,49,Unknown,Dawsonville,13-085-0001,AQS
2023-03-28,48,Unknown,Dawsonville,13-085-0001,AQS
2023-03-29,61,Unknown,Douglasville,13-097-0004,AQS
2023-03-30,90,Unknown,Dawsonville,13-085-0001,AQS
2023-03-31,58,Unknown,Georgia Station,13-231-9991,AQS
2023-04-01,48,Unknown,United Avenue,13-121-0055,AQS
2023-04-02,54,Unknown,United Avenue,13-121-0055,AQS
2023-04-03,35,Unknown,Georgia Station,13-231-9991,AQS
2023-04-04,32,Unknown,Dawsonville,13-085-0001,AQS
2023-04-05,38,Unknown,Dawsonville,13-085-0001,AQS
2023-04-06,38,Unknown,Dawsonville,13-085-0001,AQS
2023-04-07,37,Unknown,Dawsonville,13-085-0001,AQS
2023-04-08,39,Unknown,Dawsonville,13-085-0001,AQS
2023-04-09,48,Unknown,Gwinnett,13-135-0002,AQS
2023-04-10,54,Unknown,Gwinnett,13-135-0002,AQS
2023-04-11,64,Unknown,United Avenue,13-121-0055,AQS
2023-04-12,61,Unknown,Dawsonville,13-085-0001,AQS
2023-04-13,34,Unknown,Dawsonville,13-085-0001,AQS
2023-04-14,40,Unknown,Georgia Station,13-231-9991,AQS
2023-04-15,48,Unknown,United Avenue,13-121-0055,AQS
2023-04-16,44,Unknown,Gwinnett,13-135-0002,AQS
2023-04-17,51,Unknown,Georgia Station,13-231-9991,AQS
2023-04-18,71,Unknown,United Avenue,13-121-0055,AQS
2023-04-19,105,Unknown,Dawsonville,13-085-0001,AQS
2023-04-20,90,Unknown,Dawsonville,13-085-0001,AQS
2023-04-21,74,Unknown,Gwinnett,13-135-0002,AQS
2023-04-22,46,Unknown,United Avenue,13-121-0055,AQS
2023-04-23,47,Unknown,McDonough,13-151-0002,AQS
2023-04-24,50,Unknown,United Avenue,13-121-0055,AQS
2023-04-25,61,Unknown,United Avenue,13-121-0055,AQS
2023-04-26,38,Unknown,Gwinnett,13-135-0002,AQS
2023-04-27,26,Unknown,United Avenue,13-121-0055,AQS
2023-04-28,44,Unknown,Douglasville,13-097-0004,AQS
2023-04-29,46,Unknown,Gwinnett,13-135-0002,AQS
2023-04-30,45,Unknown,Georgia Station,13-231-9991,AQS
2023-05-01,48,Unknown,Georgia Station,13-231-9991,AQS
2023-05-02,50,Unknown,Gwinnett,13-135-0002,AQS
2023-05-03,49,Unknown,Gwinnett,13-135-0002,AQS
2023-05-04,58,Unknown,United Avenue,13-121-0055,AQS
2023-05-05,34,Unknown,Gwinnett,13-135-0002,AQS
2023-05-06,44,Unknown,Georgia Station,13-231-9991,AQS
2023-05-07,47,Unknown,Gwinnett,13-135-0002,AQS
2023-05-08,47,Unknown,Gwinnett,13-135-0002,AQS
2023-05-09,43,Unknown,Gwinnett,13-135-0002,AQS
2023-05-10,87,Unknown,Douglasville,13-097-0004,AQS
2023-05-11,48,Unknown,Georgia Station,13-231-9991,AQS
2023-05-12,36,Unknown,Dawsonville,13-085-0001,AQS
2023-05-13,58,Unknown,United Avenue,13-121-0055,AQS
2023-05-14,46,Unknown,United Avenue,13-121-0055,AQS
2023-05-15,51,Unknown,Douglasville,13-097-0004,AQS
2023-05-16,44,Unknown,Gwinnett,13-135-0002,AQS
2023-05-17,37,Unknown,United Avenue,13-121-0055,AQS
2023-05-18,42,Unknown,Georgia Station,13-231-9991,AQS
2023-05-19,44,Unknown,Douglasville,13-097-0004,AQS
2023-05-20,39,Unknown,Gwinnett,13-135-0002,AQS
2023-05-21,41,Unknown,Douglasville,13-097-0004,AQS
2023-05-22,43,Unknown,Kennesaw,13-067-0003,AQS
2023-05-23,48,Unknown,Gwinnett,13-135-0002,AQS
2023-05-24,64,Unknown,United Avenue,13-121-0055,AQS
2023-05-25,84,Unknown,Douglasville,13-097-0004,AQS
2023-05-26,90,Unknown,Douglasville,13-097-0004,AQS
2023-05-27,58,Unknown,Douglasville,13-097-0004,AQS
2023-05-28,50,Unknown,United Avenue,13-121-0055,AQS
2023-05-29,42,Unknown,Conyers,13-247-0001,AQS
2023-05-30,43,Unknown,Douglasville,13-097-0004,AQS
2023-05-31,44,Unknown,Douglasville,13-097-0004,AQS
2023-06-01,61,Unknown,Douglasville,13-097-0004,AQS
2023-06-02,49,Unknown,Douglasville,13-097-0004,AQS
2023-06-03,90,Unknown,Gwinnett,13-135-0002,AQS
2023-06-04,51,Unknown,Douglasville,13-097-0004,AQS
2023-06-05,87,Unknown,Gwinnett,13-135-0002,AQS
2023-06-06,101,Unknown,Douglasville,13-097-0004,AQS
2023-06-07,136,Unknown,Douglasville,13-097-0004,AQS
2023-06-08,97,Unknown,Conyers,13-247-0001,AQS
2023-06-09,133,Unknown,Georgia Station,13-231-9991,AQS
2023-06-10,133,Unknown,Gwinnett,13-135-0002,AQS
2023-06-11,46,Unknown,Georgia Station,13-231-9991,AQS
2023-06-12,48,Unknown,Georgia Station,13-231-9991,AQS
2023-06-13,61,Unknown,Gwinnett,13-135-0002,AQS
2023-06-14,32,Unknown,Gwinnett,13-135-0002,AQS
2023-06-15,46,Unknown,Gwinnett,13-135-0002,AQS
2023-06-16,64,Unknown,United Avenue,13-121-0055,AQS
2023-06-17,119,Unknown,United Avenue,13-121-0055,AQS
2023-06-18,93,Unknown,Gwinnett,13-135-0002,AQS
2023-06-19,29,Unknown,Dawsonville,13-085-0001,AQS
2023-06-20,50,Unknown,Gwinnett,13-135-0002,AQS
2023-06-21,40,Unknown,Georgia Station,13-231-9991,AQS
2023-06-22,34,Unknown,United Avenue,13-121-0055,AQS
2023-06-23,44,Unknown,Georgia Station,13-231-9991,AQS
2023-06-24,97,Unknown,United Avenue,13-121-0055,AQS
2023-06-25,64,Unknown,Gwinnett,13-135-0002,AQS
2023-06-26,46,Unknown,Douglasville,13-097-0004,AQS
2023-06-27,71,Unknown,Conyers,13-247-0001,AQS
2023-06-28,119,Unknown,McDonough,13-151-0002,AQS
2023-06-29,172,Unknown,United Avenue,13-121-0055,AQS
2023-06-30,49,Unknown,Georgia Station,13-231-9991,AQS
2023-07-01,77,Unknown,Conyers,13-247-0001,AQS
2023-07-02,43,Unknown,Gwinnett,13-135-0002,AQS
2023-07-03,44,Unknown,Gwinnett,13-135-0002,AQS
2023-07-04,44,Unknown,United Avenue,13-121-0055,AQS
2023-07-05,44,Unknown,United Avenue,13-121-0055,AQS
2023-07-06,49,Unknown,Conyers,13-247-0001,AQS
2023-07-07,49,Unknown,United Avenue,13-121-0055,AQS
2023-07-08,44,Unknown,Conyers,13-247-0001,AQS
2023-07-09,40,Unknown,United Avenue,13-121-0055,AQS
2023-07-10,46,Unknown,McDonough,13-151-0002,AQS
2023-07-11,64,Unknown,Gwinnett,13-135-0002,AQS
2023-07-12,80,Unknown,Gwinnett,13-135-0002,AQS
2023-07-13,44,Unknown,Gwinnett,13-135-0002,AQS
2023-07-14,48,Unknown,Conyers,13-247-0001,AQS
2023-07-15,38,Unknown,Gwinnett,13-135-0002,AQS
2023-07-16,51,Unknown,United Avenue,13-121-0055,AQS
2023-07-17,105,Unknown,McDonough,13-151-0002,AQS
2023-07-18,136,Unknown,Conyers,13-247-0001,AQS
2023-07-19,58,Unknown,United Avenue,13-121-0055,AQS
2023-07-20,44,Unknown,Gwinnett,13-135-0002,AQS
2023-07-21,43,Unknown,Gwinnett,13-135-0002,AQS
2023-07-22,41,Unknown,United Avenue,13-121-0055,AQS
2023-07-23,48,Unknown,United Avenue,13-121-0055,AQS
2023-07-24,93,Unknown,United Avenue,13-121-0055,AQS
2023-07-25,119,Unknown,Georgia Station,13-231-9991,AQS
2023-07-26,101,Unknown,United Avenue,13-121-0055,AQS
2023-07-27,129,Unknown,Douglasville,13-097-0004,AQS
2023-07-28,90,Unknown,United Avenue,13-121-0055,AQS
2023-07-29,71,Unknown,McDonough,13-151-0002,AQS
2023-07-30,47,Unknown,Conyers,13-247-0001,AQS
2023-07-31,84,Unknown,Georgia Station,13-231-9991,AQS
2023-08-01,77,Unknown,Georgia Station,13-231-9991,AQS
2023-08-02,46,Unknown,Kennesaw,13-067-0003,AQS
2023-08-03,41,Unknown,Georgia Station,13-231-9991,AQS
2023-08-04,47,Unknown,McDonough,13-151-0002,AQS
2023-08-05,54,Unknown,Georgia Station,13-231-9991,AQS
2023-08-06,35,Unknown,Georgia Station,13-231-9991,AQS
2023-08-07,34,Unknown,Gwinnett,13-135-0002,AQS
2023-08-08,41,Unknown,Gwinnett,13-135-0002,AQS
2023-08-09,58,Unknown,Gwinnett,13-135-0002,AQS
2023-08-10,45,Unknown,Gwinnett,13-135-0002,AQS
2023-08-11,44,Unknown,Gwinnett,13-135-0002,AQS
2023-08-12,42,Unknown,Gwinnett,13-135-0002,AQS
2023-08-13,44,Unknown,Conyers,13-247-0001,AQS
2023-08-14,40,Unknown,Gwinnett,13-135-0002,AQS
2023-08-15,38,Unknown,Conyers,13-247-0001,AQS
2023-08-16,74,Unknown,Conyers,13-247-0001,AQS
2023-08-17,48,Unknown,Gwinnett,13-135-0002,AQS
2023-08-18,80,Unknown,McDonough,13-151-0002,AQS
2023-08-19,84,Unknown,Douglasville,13-097-0004,AQS
2023-08-20,84,Unknown,Douglasville,13-097-0004,AQS
2023-08-21,119,Unknown,United Avenue,13-121-0055,AQS
2023-08-22,112,Unknown,Georgia Station,13-231-9991,AQS
2023-08-23,108,Unknown,Douglasville,13-097-0004,AQS
2023-08-24,156,Unknown,United Avenue,13-121-0055,AQS
2023-08-25,77,Unknown,McDonough,13-151-0002,AQS
2023-08-26,77,Unknown,Georgia Station,13-231-9991,AQS
2023-08-27,61,Unknown,United Avenue,13-121-0055,AQS
2023-08-28,42,Unknown,Kennesaw,13-067-0003,AQS
2023-08-29,48,Unknown,Douglasville,13-097-0004,AQS
2023-08-30,30,Unknown,Douglasville,13-097-0004,AQS
2023-08-31,61,Unknown,Kennesaw,13-067-0003,AQS
2023-09-01,41,Unknown,Kennesaw,13-067-0003,AQS
2023-09-02,48,Unknown,Douglasville,13-097-0004,AQS
2023-09-03,77,Unknown,Douglasville,13-097-0004,AQS
2023-09-04,100,Unknown,United Avenue,13-121-0055,AQS
2023-09-05,71,Unknown,McDonough,13-151-0002,AQS
2023-09-06,54,Unknown,McDonough,13-151-0002,AQS
2023-09-07,48,Unknown,Gwinnett,13-135-0002,AQS
2023-09-08,105,Unknown,Gwinnett,13-135-0002,AQS
2023-09-09,42,Unknown,Douglasville,13-097-0004,AQS
2023-09-10,46,Unknown,Douglasville,13-097-0004,AQS
2023-09-11,64,Unknown,United Avenue,13-121-0055,AQS
2023-09-12,44,Unknown,United Avenue,13-121-0055,AQS
2023-09-13,58,Unknown,McDonough,13-151-0002,AQS
2023-09-14,37,Unknown,Gwinnett,13-135-0002,AQS
2023-09-15,36,Unknown,Dawsonville,13-085-0001,AQS
2023-09-16,31,Unknown,Douglasville,13-097-0004,AQS
2023-09-17,44,Unknown,United Avenue,13-121-0055,AQS
2023-09-18,49,Unknown,McDonough,13-151-0002,AQS
2023-09-19,67,Unknown,Kennesaw,13-067-0003,AQS
2023-09-20,49,Unknown,Georgia Station,13-231-9991,AQS
2023-09-21,61,Unknown,Douglasville,13-097-0004,AQS
2023-09-22,58,Unknown,Douglasville,13-097-0004,AQS
2023-09-23,54,Unknown,United Avenue,13-121-0055,AQS
2023-09-24,50,Unknown,Georgia Station,13-231-9991,AQS
2023-09-25,84,Unknown,Conyers,13-247-0001,AQS
2023-09-26,50,Unknown,Douglasville,13-097-0004,AQS
2023-09-27,30,Unknown,United Avenue,13-121-0055,AQS
2023-09-28,34,Unknown,Douglasville,13-097-0004,AQS
2023-09-29,50,Unknown,United Avenue,13-121-0055,AQS
2023-09-30,51,Unknown,Douglasville,13-097-0004,AQS
2023-10-01,43,Unknown,Douglasville,13-097-0004,AQS
2023-10-02,47,Unknown,Douglasville,13-097-0004,AQS
2023-10-03,49,Unknown,Douglasville,13-097-0004,AQS
2023-10-04,48,Unknown,Douglasville,13-097-0004,AQS
2023-10-05,48,Unknown,Douglasville,13-097-0004,AQS
2023-10-06,42,Unknown,Georgia Station,13-231-9991,AQS
2023-10-07,35,Unknown,Georgia Station,13-231-9991,AQS
2023-10-08,35,Unknown,United Avenue,13-121-0055,AQS
2023-10-09,42,Unknown,Dawsonville,13-085-0001,AQS
2023-10-10,67,Unknown,Georgia Station,13-231-9991,AQS
2023-10-11,45,Unknown,Georgia Station,13-231-9991,AQS
2023-10-12,42,Unknown,Georgia Station,13-231-9991,AQS
2023-10-13,36,Unknown,Gwinnett,13-135-0002,AQS
2023-10-14,32,Unknown,Georgia Station,13-231-9991,AQS
2023-10-15,27,Unknown,Dawsonville,13-085-0001,AQS
2023-10-16,30,Unknown,Georgia Station,13-231-9991,AQS
2023-10-17,31,Unknown,Georgia Station,13-231-9991,AQS
2023-10-18,36,Unknown,Dawsonville,13-085-0001,AQS
2023-10-19,38,Unknown,Dawsonville,13-085-0001,AQS
2023-10-20,40,Unknown,Georgia Station,13-231-9991,AQS
2023-10-21,39,Unknown,United Avenue,13-121-0055,AQS
2023-10-22,41,Unknown,United Avenue,13-121-0055,AQS
2023-10-23,39,Unknown,Dawsonville,13-085-0001,AQS
2023-10-24,44,Unknown,Dawsonville,13-085-0001,AQS
2023-10-25,40,Unknown,Dawsonville,13-085-0001,AQS
2023-10-26,37,Unknown,Georgia Station,13-231-9991,AQS
2023-10-27,40,Unknown,Dawsonville,13-085-0001,AQS
2023-10-28,45,Unknown,United Avenue,13-121-0055,AQS
2023-10-29,39,Unknown,Dawsonville,13-085-0001,AQS
2023-10-30,36,Unknown,Georgia Station,13-231-9991,AQS
2023-10-31,34,Unknown,Douglasville,13-097-0004,AQS
2023-11-01,34,Unknown,Georgia Station,13-231-9991,AQS
2023-11-02,37,Unknown,Georgia Station,13-231-9991,AQS
2023-11-03,43,Unknown,Georgia Station,13-231-9991,AQS
2023-11-04,46,Unknown,Georgia Station,13-231-9991,AQS
2023-11-05,51,Unknown,Georgia Station,13-231-9991,AQS
2023-11-06,58,Unknown,Georgia Station,13-231-9991,AQS
2023-11-07,51,Unknown,Georgia Station,13-231-9991,AQS
2023-11-08,45,Unknown,Georgia Station,13-231-9991,AQS
2023-11-09,43,Unknown,Georgia Station,13-231-9991,AQS
2023-11-10,31,Unknown,Georgia Station,13-231-9991,AQS
2023-11-11,26,Unknown,Georgia Station,13-231-9991,AQS
2023-11-12,27,Unknown,Georgia Station,13-231-9991,AQS
2023-11-13,36,Unknown,Georgia Station,13-231-9991,AQS
2023-11-14,41,Unknown,Georgia Station,13-231-9991,AQS
2023-11-15,34,Unknown,Georgia Station,13-231-9991,AQS
2023-11-16,37,Unknown,Georgia Station,13-231-9991,AQS
2023-11-17,35,Unknown,Georgia Station,13-231-9991,AQS
2023-11-18,38,Unknown,Georgia Station,13-231-9991,AQS
2023-11-19,37,Unknown,Georgia Station,13-231-9991,AQS
2023-11-20,33,Unknown,Georgia Station,13-231-9991,AQS
2023-11-21,31,Unknown,Georgia Station,13-231-9991,AQS
2023-11-22,24,Unknown,Georgia Station,13-231-9991,AQS
2023-11-23,28,Unknown,Georgia Station,13-231-9991,AQS
2023-11-24,35,Unknown,Georgia Station,13-231-9991,AQS
2023-11-25,29,Unknown,Georgia Station,13-231-9991,AQS
2023-11-26,23,Unknown,Georgia Station,13-231-9991,AQS
2023-11-27,31,Unknown,Georgia Station,13-231-9991,AQS
2023-11-28,38,Unknown,Georgia Station,13-231-9991,AQS
2023-11-29,38,Unknown,Georgia Station,13-231-9991,AQS
2023-11-30,40,Unknown,Georgia Station,13-231-9991,AQS
2023-12-01,32,Unknown,Georgia Station,13-231-9991,AQS
2023-12-02,28,Unknown,Georgia Station,13-231-9991,AQS
2023-12-03,33,Unknown,Georgia Station,13-231-9991,AQS
2023-12-04,40,Unknown,Georgia Station,13-231-9991,AQS
2023-12-05,34,Unknown,Georgia Station,13-231-9991,AQS
2023-12-06,29,Unknown,Georgia Station,13-231-9991,AQS
2023-12-07,35,Unknown,Georgia Station,13-231-9991,AQS
2023-12-08,37,Unknown,Georgia Station,13-231-9991,AQS
2023-12-09,32,Unknown,Georgia Station,13-231-9991,AQS
2023-12-10,32,Unknown,Georgia Station,13-231-9991,AQS
2023-12-11,29,Unknown,Georgia Station,13-231-9991,AQS
2023-12-12,30,Unknown,Georgia Station,13-231-9991,AQS
2023-12-13,29,Unknown,Georgia Station,13-231-9991,AQS
2023-12-14,37,Unknown,Georgia Station,13-231-9991,AQS
2023-12-15,37,Unknown,Georgia Station,13-231-9991,AQS
2023-12-16,34,Unknown,Georgia Station,13-231-9991,AQS
2023-12-17,28,Unknown,Georgia Station,13-231-9991,AQS
2023-12-18,34,Unknown,Georgia Station,13-231-9991,AQS
2023-12-19,29,Unknown,Georgia Station,13-231-9991,AQS
2023-12-20,30,Unknown,Georgia Station,13-231-9991,AQS
2023-12-21,31,Unknown,South DeKalb,13-089-0002,AQS
2023-12-22,39,Unknown,Georgia Station,13-231-9991,AQS
2023-12-23,41,Unknown,Georgia Station,13-231-9991,AQS
2023-12-24,34,Unknown,Georgia Station,13-231-9991,AQS
2023-12-25,32,Unknown,Georgia Station,13-231-9991,AQS
2023-12-26,23,Unknown,Georgia Station,13-231-9991,AQS
2023-12-27,31,Unknown,Georgia Station,13-231-9991,AQS
2023-12-28,34,Unknown,Georgia Station,13-231-9991,AQS
2023-12-29,27,Unknown,Georgia Station,13-231-9991,AQS
2023-12-30,23,Unknown,Georgia Station,13-231-9991,AQS
2023-12-31,35,Unknown,Georgia Station,13-231-9991,AQS
2024-01-01,33,Unknown,Georgia Station,13-231-9991,AQS
2024-01-02,31,Unknown,Georgia Station,13-231-9991,AQS
2024-01-03,25,Unknown,Georgia Station,13-231-9991,AQS
2024-01-04,29,Unknown,Georgia Station,13-231-9991,AQS
2024-01-05,31,Unknown,Georgia Station,13-231-9991,AQS
2024-01-06,27,Unknown,South DeKalb,13-089-0002,AQS
2024-01-07,31,Unknown,Georgia Station,13-231-9991,AQS
2024-01-08,28,Unknown,Georgia Station,13-231-9991,AQS
2024-01-09,36,Unknown,Georgia Station,13-231-9991,AQS
2024-01-10,31,Unknown,Georgia Station,13-231-9991,AQS
2024-01-11,40,Unknown,Georgia Station,13-231-9991,AQS
2024-01-12,31,Unknown,Georgia Station,13-231-9991,AQS
2024-01-13,33,Unknown,Georgia Station,13-231-9991,AQS
2024-01-14,41,Unknown,Georgia Station,13-231-9991,AQS
2024-01-15,40,Unknown,Georgia Station,13-231-9991,AQS
2024-01-16,35,Unknown,Georgia Station,13-231-9991,AQS
2024-01-17,34,Unknown,Georgia Station,13-231-9991,AQS
2024-01-18,39,Unknown,Georgia Station,13-231-9991,AQS
2024-01-19,38,Unknown,Georgia Station,13-231-9991,AQS
2024-01-20,34,Unknown,Georgia Station,13-231-9991,AQS
2024-01-21,35,Unknown,Georgia Station,13-231-9991,AQS
2024-01-22,34,Unknown,Georgia Station,13-231-9991,AQS
2024-01-23,31,Unknown,Georgia Station,13-231-9991,AQS
2024-01-24,24,Unknown,Georgia Station,13-231-9991,AQS
2024-01-25,27,Unknown,Georgia Station,13-231-9991,AQS
2024-01-26,29,Unknown,Georgia Station,13-231-9991,AQS
2024-01-27,30,Unknown,Georgia Station,13-231-9991,AQS
2024-01-28,31,Unknown,Georgia Station,13-231-9991,AQS
2024-01-29,31,Unknown,Georgia Station,13-231-9991,AQS
2024-01-30,38,Unknown,Georgia Station,13-231-9991,AQS
2024-01-31,31,Unknown,Georgia Station,13-231-9991,AQS
2024-02-01,34,Unknown,Georgia Station,13-231-9991,AQS
2024-02-02,44,Unknown,Georgia Station,13-231-9991,AQS
2024-02-03,40,Unknown,Georgia Station,13-231-9991,AQS
2024-02-04,32,Unknown,Georgia Station,13-231-9991,AQS
2024-02-05,33,Unknown,Georgia Station,13-231-9991,AQS
2024-02-06,38,Unknown,Georgia Station,13-231-9991,AQS
2024-02-07,42,Unknown,Georgia Station,13-231-9991,AQS
2024-02-08,44,Unknown,Georgia Station,13-231-9991,AQS
2024-02-09,39,Unknown,Georgia Station,13-231-9991,AQS
2024-02-10,34,Unknown,Georgia Station,13-231-9991,AQS
2024-02-11,37,Unknown,Georgia Station,13-231-9991,AQS
2024-02-12,39,Unknown,Georgia Station,13-231-9991,AQS
2024-02-13,29,Unknown,South DeKalb,13-089-0002,AQS
2024-02-14,41,Unknown,Georgia Station,13-231-9991,AQS
2024-02-15,45,Unknown,Georgia Station,13-231-9991,AQS
2024-02-16,49,Unknown,Georgia Station,13-231-9991,AQS
2024-02-17,34,Unknown,Georgia Station,13-231-9991,AQS
2024-02-18,36,Unknown,Georgia Station,13-231-9991,AQS
2024-02-19,44,Unknown,Georgia Station,13-231-9991,AQS
2024-02-20,48,Unknown,Georgia Station,13-231-9991,AQS
2024-02-21,71,Unknown,Georgia Station,13-231-9991,AQS
2024-02-22,80,Unknown,Georgia Station,13-231-9991,AQS
2024-02-23,43,Unknown,Georgia Station,13-231-9991,AQS
2024-02-24,43,Unknown,Georgia Station,13-231-9991,AQS
2024-02-25,43,Unknown,Georgia Station,13-231-9991,AQS
2024-02-26,71,Unknown,Georgia Station,13-231-9991,AQS
2024-02-27,44,Unknown,Georgia Station,13-231-9991,AQS
2024-02-28,42,Unknown,Georgia Station,13-231-9991,AQS
2024-02-29,34,Unknown,Georgia Station,13-231-9991,AQS
2024-03-01,31,Unknown,Georgia Station,13-231-9991,AQS
2024-03-02,30,Unknown,Dawsonville,13-085-0001,AQS
2024-03-03,31,Unknown,Dawsonville,13-085-0001,AQS
2024-03-04,36,Unknown,Dawsonville,13-085-0001,AQS
2024-03-05,32,Unknown,Dawsonville,13-085-0001,AQS
2024-03-06,34,Unknown,Dawsonville,13-085-0001,AQS
2024-03-07,43,Unknown,Dawsonville,13-085-0001,AQS
2024-03-08,34,Unknown,Georgia Station,13-231-9991,AQS
2024-03-09,32,Unknown,Georgia Station,13-231-9991,AQS
2024-03-10,43,Unknown,McDonough,13-151-0002,AQS
2024-03-11,47,Unknown,Georgia Station,13-231-9991,AQS
2024-03-12,49,Unknown,Georgia Station,13-231-9991,AQS
2024-03-13,67,Unknown,Dawsonville,13-085-0001,AQS
2024-03-14,74,Unknown,Dawsonville,13-085-0001,AQS
2024-03-15,38,Unknown,Georgia Station,13-231-9991,AQS
2024-03-16,39,Unknown,Conyers,13-247-0001,AQS
2024-03-17,40,Unknown,Gwinnett,13-135-0002,AQS
2024-03-18,43,Unknown,Georgia Station,13-231-9991,AQS
2024-03-19,45,Unknown,Dawsonville,13-085-0001,AQS
2024-03-20,64,Unknown,Dawsonville,13-085-0001,AQS
2024-03-21,74,Unknown,Gwinnett,13-135-0002,AQS
2024-03-22,48,Unknown,Georgia Station,13-231-9991,AQS
2024-03-23,47,Unknown,Georgia Station,13-231-9991,AQS
2024-03-24,49,Unknown,Dawsonville,13-085-0001,AQS
2024-03-25,46,Unknown,Dawsonville,13-085-0001,AQS
2024-03-26,39,Unknown,Georgia Station,13-231-9991,AQS
2024-03-27,44,Unknown,Georgia Station,13-231-9991,AQS
2024-03-28,46,Unknown,Georgia Station,13-231-9991,AQS
2024-03-29,51,Unknown,Georgia Station,13-231-9991,AQS
2024-03-30,61,Unknown,Dawsonville,13-085-0001,AQS
2024-03-31,46,Unknown,Dawsonville,13-085-0001,AQS
2024-04-01,40,Unknown,Georgia Station,13-231-9991,AQS
2024-04-02,40,Unknown,Dawsonville,13-085-0001,AQS
2024-04-03,44,Unknown,Douglasville,13-097-0004,AQS
2024-04-04,48,Unknown,Georgia Station,13-231-9991,AQS
2024-04-05,46,Unknown,Georgia Station,13-231-9991,AQS
2024-04-06,50,Unknown,Douglasville,13-097-0004,AQS
2024-04-07,61,Unknown,Georgia Station,13-231-9991,AQS
2024-04-08,58,Unknown,Dawsonville,13-085-0001,AQS
2024-04-09,35,Unknown,Dawsonville,13-085-0001,AQS
2024-04-10,41,Unknown,Georgia Station,13-231-9991,AQS
2024-04-11,39,Unknown,Georgia Station,13-231-9991,AQS
2024-04-12,46,Unknown,Douglasville,13-097-0004,AQS
2024-04-13,51,Unknown,Georgia Station,13-231-9991,AQS
2024-04-14,71,Unknown,Dawsonville,13-085-0001,AQS
2024-04-15,74,Unknown,Dawsonville,13-085-0001,AQS
2024-04-16,71,Unknown,Dawsonville,13-085-0001,AQS
2024-04-17,51,Unknown,Georgia Station,13-231-9991,AQS
2024-04-18,61,Unknown,Gwinnett,13-135-0002,AQS
2024-04-19,40,Unknown,Conyers,13-247-0001,AQS
2024-04-20,38,Unknown,Conyers,13-247-0001,AQS
2024-04-21,34,Unknown,Georgia Station,13-231-9991,AQS
2024-04-22,44,Unknown,Douglasville,13-097-0004,AQS
2024-04-23,54,Unknown,Dawsonville,13-085-0001,AQS
2024-04-24,54,Unknown,Georgia Station,13-231-9991,AQS
2024-04-25,93,Unknown,Gwinnett,13-135-0002,AQS
2024-04-26,71,Unknown,Georgia Station,13-231-9991,AQS
2024-04-27,45,Unknown,Georgia Station,13-231-9991,AQS
2024-04-28,47,Unknown,Georgia Station,13-231-9991,AQS
2024-04-29,43,Unknown,Georgia Station,13-231-9991,AQS
2024-04-30,44,Unknown,Gwinnett,13-135-0002,AQS
2024-05-01,90,Unknown,McDonough,13-151-0002,AQS
2024-05-02,50,Unknown,Kennesaw,13-067-0003,AQS
2024-05-03,42,Unknown,United Avenue,13-121-0055,AQS
2024-05-04,38,Unknown,United Avenue,13-121-0055,AQS
2024-05-05,43,Unknown,United Avenue,13-121-0055,AQS
2024-05-06,44,Unknown,Gwinnett,13-135-0002,AQS
2024-05-07,31,Unknown,Dawsonville,13-085-0001,AQS
2024-05-08,29,Unknown,Dawsonville,13-085-0001,AQS
2024-05-09,40,Unknown,Georgia Station,13-231-9991,AQS
2024-05-10,45,Unknown,Georgia Station,13-231-9991,AQS
2024-05-11,49,Unknown,McDonough,13-151-0002,AQS
2024-05-12,64,Unknown,McDonough,13-151-0002,AQS
2024-05-13,35,Unknown,Georgia Station,13-231-9991,AQS
2024-05-14,41,Unknown,Georgia Station,13-231-9991,AQS
2024-05-15,46,Unknown,Georgia Station,13-231-9991,AQS
2024-05-16,58,Unknown,Conyers,13-247-0001,AQS
2024-05-17,37,Unknown,Georgia Station,13-231-9991,AQS
2024-05-18,36,Unknown,Georgia Station,13-231-9991,AQS
2024-05-19,39,Unknown,United Avenue,13-121-0055,AQS
2024-05-20,74,Unknown,Douglasville,13-097-0004,AQS
2024-05-21,77,Unknown,Douglasville,13-097-0004,AQS
2024-05-22,54,Unknown,Dawsonville,13-085-0001,AQS
2024-05-23,49,Unknown,Gwinnett,13-135-0002,AQS
2024-05-24,43,Unknown,United Avenue,13-121-0055,AQS
2024-05-25,51,Unknown,Gwinnett,13-135-0002,AQS
2024-05-26,34,Unknown,Gwinnett,13-135-0002,AQS
2024-05-27,43,Unknown,Douglasville,13-097-0004,AQS
2024-05-28,50,Unknown,Georgia Station,13-231-9991,AQS
2024-05-29,67,Unknown,Georgia Station,13-231-9991,AQS
2024-05-30,74,Unknown,Conyers,13-247-0001,AQS
2024-05-31,64,Unknown,Douglasville,13-097-0004,AQS
2024-06-01,47,Unknown,Georgia Station,13-231-9991,AQS
2024-06-02,43,Unknown,Georgia Station,13-231-9991,AQS
2024-06-03,49,Unknown,Dawsonville,13-085-0001,AQS
2024-06-04,32,Unknown,United Avenue,13-121-0055,AQS
2024-06-05,39,Unknown,Dawsonville,13-085-0001,AQS
2024-06-06,42,Unknown,Gwinnett,13-135-0002,AQS
2024-06-07,90,Unknown,McDonough,13-151-0002,AQS
2024-06-08,93,Unknown,Douglasville,13-097-0004,AQS
2024-06-09,49,Unknown,Gwinnett,13-135-0002,AQS
2024-06-10,93,Unknown,McDonough,13-151-0002,AQS
2024-06-11,115,Unknown,McDonough,13-151-0002,AQS
2024-06-12,84,Unknown,Douglasville,13-097-0004,AQS
2024-06-13,97,Unknown,Douglasville,13-097-0004,AQS
2024-06-14,133,Unknown,McDonough,13-151-0002,AQS
2024-06-15,97,Unknown,United Avenue,13-121-0055,AQS
2024-06-16,48,Unknown,Kennesaw,13-067-0003,AQS
2024-06-17,54,Unknown,Georgia Station,13-231-9991,AQS
2024-06-18,47,Unknown,Georgia Station,13-231-9991,AQS
2024-06-19,45,Unknown,Georgia Station,13-231-9991,AQS
2024-06-20,46,Unknown,Douglasville,13-097-0004,AQS
2024-06-21,64,Unknown,Douglasville,13-097-0004,AQS
2024-06-22,74,Unknown,Douglasville,13-097-0004,AQS
2024-06-23,49,Unknown,Conyers,13-247-0001,AQS
2024-06-24,101,Unknown,McDonough,13-151-0002,AQS
2024-06-25,133,Unknown,Douglasville,13-097-0004,AQS
2024-06-26,161,Unknown,Gwinnett,13-135-0002,AQS
2024-06-27,44,Unknown,South DeKalb,13-089-0002,AQS
2024-06-28,37,Unknown,Kennesaw,13-067-0003,AQS
2024-06-29,31,Unknown,Kennesaw,13-067-0003,AQS
2024-06-30,51,Unknown,McDonough,13-151-0002,AQS
2024-07-01,80,Unknown,Georgia Station,13-231-9991,AQS
2024-07-02,49,Unknown,Kennesaw,13-067-0003,AQS
2024-07-03,44,Unknown,Kennesaw,13-067-0003,AQS
2024-07-04,43,Unknown,United Avenue,13-121-0055,AQS
2024-07-05,30,Unknown,Gwinnett,13-135-0002,AQS
2024-07-06,42,Unknown,Georgia Station,13-231-9991,AQS
2024-07-07,51,Unknown,Kennesaw,13-067-0003,AQS
2024-07-08,50,Unknown,Kennesaw,13-067-0003,AQS
2024-07-09,36,Unknown,Dawsonville,13-085-0001,AQS
2024-07-10,44,Unknown,McDonough,13-151-0002,AQS
2024-07-11,126,Unknown,Georgia Station,13-231-9991,AQS
2024-07-12,115,Unknown,Georgia Station,13-231-9991,AQS
2024-07-13,133,Unknown,South DeKalb,13-089-0002,AQS
2024-07-14,108,Unknown,South DeKalb,13-089-0002,AQS
2024-07-15,51,Unknown,South DeKalb,13-089-0002,AQS
2024-07-16,42,Unknown,Conyers,13-247-0001,AQS
2024-07-17,37,Unknown,Conyers,13-247-0001,AQS
2024-07-18,35,Unknown,Gwinnett,13-135-0002,AQS
2024-07-19,38,Unknown,South DeKalb,13-089-0002,AQS
2024-07-20,31,Unknown,Gwinnett,13-135-0002,AQS
2024-07-21,31,Unknown,Georgia Station,13-231-9991,AQS
2024-07-22,43,Unknown,Gwinnett,13-135-0002,AQS
2024-07-23,40,Unknown,Gwinnett,13-135-0002,AQS
2024-07-24,43,Unknown,United Avenue,13-121-0055,AQS
2024-07-25,27,Unknown,Conyers,13-247-0001,AQS
2024-07-26,46,Unknown,McDonough,13-151-0002,AQS
2024-07-27,38,Unknown,Douglasville,13-097-0004,AQS
2024-07-28,26,Unknown,Gwinnett,13-135-0002,AQS
2024-07-29,26,Unknown,Kennesaw,13-067-0003,AQS
2024-07-30,32,Unknown,Gwinnett,13-135-0002,AQS
2024-07-31,37,Unknown,McDonough,13-151-0002,AQS
2024-08-01,39,Unknown,Conyers,13-247-0001,AQS
2024-08-02,40,Unknown,Gwinnett,13-135-0002,AQS
2024-08-03,47,Unknown,United Avenue,13-121-0055,AQS
2024-08-04,51,Unknown,Kennesaw,13-067-0003,AQS
2024-08-05,33,Unknown,Douglasville,13-097-0004,AQS
2024-08-06,44,Unknown,Georgia Station,13-231-9991,AQS
2024-08-07,84,Unknown,Georgia Station,13-231-9991,AQS
2024-08-08,45,Unknown,McDonough,13-151-0002,AQS
2024-08-09,77,Unknown,McDonough,13-151-0002,AQS
2024-08-10,93,Unknown,McDonough,13-151-0002,AQS
2024-08-11,71,Unknown,Conyers,13-247-0001,AQS
2024-08-12,126,Unknown,McDonough,13-151-0002,AQS
2024-08-13,122,Unknown,McDonough,13-151-0002,AQS
2024-08-14,54,Unknown,Georgia Station,13-231-9991,AQS
2024-08-15,51,Unknown,Kennesaw,13-067-0003,AQS
2024-08-16,50,Unknown,Dawsonville,13-085-0001,AQS
2024-08-17,47,Unknown,Conyers,13-247-0001,AQS
2024-08-18,39,Unknown,Gwinnett,13-135-0002,AQS
2024-08-19,50,Unknown,McDonough,13-151-0002,AQS
2024-08-20,58,Unknown,McDonough,13-151-0002,AQS
2024-08-21,61,Unknown,Douglasville,13-097-0004,AQS
2024-08-22,48,Unknown,Douglasville,13-097-0004,AQS
2024-08-23,71,Unknown,Douglasville,13-097-0004,AQS
2024-08-24,97,Unknown,Douglasville,13-097-0004,AQS
2024-08-25,74,Unknown,Douglasville,13-097-0004,AQS
2024-08-26,108,Unknown,Douglasville,13-097-0004,AQS
2024-08-27,100,Unknown,Douglasville,13-097-0004,AQS
2024-08-28,87,Unknown,Gwinnett,13-135-0002,AQS
2024-08-29,80,Unknown,Dawsonville,13-085-0001,AQS
2024-08-30,45,Unknown,United Avenue,13-121-0055,AQS
2024-08-31,41,Unknown,Kennesaw,13-067-0003,AQS
2024-09-01,37,Unknown,United Avenue,13-121-0055,AQS
2024-09-02,64,Unknown,Georgia Station,13-231-9991,AQS
2024-09-03,44,Unknown,Douglasville,13-097-0004,AQS
2024-09-04,67,Unknown,Douglasville,13-097-0004,AQS
2024-09-05,44,Unknown,Douglasville,13-097-0004,AQS
2024-09-06,39,Unknown,Gwinnett,13-135-0002,AQS
2024-09-07,67,Unknown,McDonough,13-151-0002,AQS
2024-09-08,49,Unknown,Douglasville,13-097-0004,AQS
2024-09-09,71,Unknown,Douglasville,13-097-0004,AQS
2024-09-10,58,Unknown,Douglasville,13-097-0004,AQS
2024-09-11,44,Unknown,Dawsonville,13-085-0001,AQS
2024-09-12,34,Unknown,Georgia Station,13-231-9991,AQS
2024-09-13,25,Unknown,Gwinnett,13-135-0002,AQS
2024-09-14,27,Unknown,Dawsonville,13-085-0001,AQS
2024-09-15,31,Unknown,Gwinnett,13-135-0002,AQS
2024-09-16,41,Unknown,Gwinnett,13-135-0002,AQS
2024-09-17,43,Unknown,Georgia Station,13-231-9991,AQS
2024-09-18,42,Unknown,Georgia Station,13-231-9991,AQS
2024-09-19,46,Unknown,Georgia Station,13-231-9991,AQS
2024-09-20,67,Unknown,Douglasville,13-097-0004,AQS
2024-09-21,100,Unknown,United Avenue,13-121-0055,AQS
2024-09-22,61,Unknown,McDonough,13-151-0002,AQS
2024-09-23,77,Unknown,Conyers,13-247-0001,AQS
2024-09-24,48,Unknown,Gwinnett,13-135-0002,AQS
2024-09-25,38,Unknown,Georgia Station,13-231-9991,AQS
2024-09-26,27,Unknown,Gwinnett,13-135-0002,AQS
2024-09-27,38,Unknown,Georgia Station,13-231-9991,AQS
2024-09-28,40,Unknown,Georgia Station,13-231-9991,AQS
2024-09-29,34,Unknown,Georgia Station,13-231-9991,AQS
2024-09-30,34,Unknown,Georgia Station,13-231-9991,AQS
2024-10-01,35,Unknown,Georgia Station,13-231-9991,AQS
2024-10-02,40,Unknown,Douglasville,13-097-0004,AQS
2024-10-03,39,Unknown,Georgia Station,13-231-9991,AQS
2024-10-04,33,Unknown,Kennesaw,13-067-0003,AQS
2024-10-05,47,Unknown,Douglasville,13-097-0004,AQS
2024-10-06,48,Unknown,Douglasville,13-097-0004,AQS
2024-10-07,74,Unknown,McDonough,13-151-0002,AQS
2024-10-08,77,Unknown,Douglasville,13-097-0004,AQS
2024-10-09,67,Unknown,Douglasville,13-097-0004,AQS
2024-10-10,49,Unknown,Georgia Station,13-231-9991,AQS
2024-10-11,46,Unknown,Douglasville,13-097-0004,AQS
2024-10-12,51,Unknown,McDonough,13-151-0002,AQS
2024-10-13,49,Unknown,Gwinnett,13-135-0002,AQS
2024-10-14,43,Unknown,Georgia Station,13-231-9991,AQS
2024-10-15,35,Unknown,Georgia Station,13-231-9991,AQS
2024-10-16,32,Unknown,Georgia Station,13-231-9991,AQS
2024-10-17,39,Unknown,Georgia Station,13-231-9991,AQS
2024-10-18,44,Unknown,Georgia Station,13-231-9991,AQS
2024-10-19,46,Unknown,Douglasville,13-097-0004,AQS
2024-10-20,50,Unknown,Georgia Station,13-231-9991,AQS
2024-10-21,49,Unknown,Georgia Station,13-231-9991,AQS
2024-10-22,45,Unknown,Dawsonville,13-085-0001,AQS
2024-10-23,44,Unknown,McDonough,13-151-0002,AQS
2024-10-24,58,Unknown,Georgia Station,13-231-9991,AQS
2024-10-25,67,Unknown,Georgia Station,13-231-9991,AQS
2024-10-26,48,Unknown,Gwinnett,13-135-0002,AQS
2024-10-27,36,Unknown,Douglasville,13-097-0004,AQS
2024-10-28,35,Unknown,Georgia Station,13-231-9991,AQS
2024-10-29,43,Unknown,Dawsonville,13-085-0001,AQS
2024-10-30,39,Unknown,Georgia Station,13-231-9991,AQS
2024-10-31,40,Unknown,Georgia Station,13-231-9991,AQS
2024-11-01,32,Unknown,Georgia Station,13-231-9991,AQS
2024-11-02,40,Unknown,Georgia Station,13-231-9991,AQS
2024-11-03,27,Unknown,Georgia Station,13-231-9991,AQS
2024-11-04,27,Unknown,Georgia Station,13-231-9991,AQS
2024-11-05,32,Unknown,Georgia Station,13-231-9991,AQS
2024-11-06,22,Unknown,Georgia Station,13-231-9991,AQS
2024-11-07,21,Unknown,Georgia Station,13-231-9991,AQS
2024-11-08,19,Unknown,South DeKalb,13-089-0002,AQS
2024-11-09,29,Unknown,Georgia Station,13-231-9991,AQS
2024-11-10,28,Unknown,South DeKalb,13-089-0002,AQS
2024-11-11,21,Unknown,Georgia Station,13-231-9991,AQS
2024-11-12,42,Unknown,Georgia Station,13-231-9991,AQS
2024-11-13,31,Unknown,Georgia Station,13-231-9991,AQS
2024-11-14,23,Unknown,Georgia Station,13-231-9991,AQS
2024-11-15,31,Unknown,Georgia Station,13-231-9991,AQS
2024-11-16,38,Unknown,Georgia Station,13-231-9991,AQS
2024-11-17,35,Unknown,Georgia Station,13-231-9991,AQS
2024-11-18,41,Unknown,Georgia Station,13-231-9991,AQS
2024-11-19,33,Unknown,Georgia Station,13-231-9991,AQS
2024-11-20,36,Unknown,Georgia Station,13-231-9991,AQS
2024-11-21,36,Unknown,Georgia Station,13-231-9991,AQS
2024-11-22,24,Unknown,Georgia Station,13-231-9991,AQS
2024-11-23,30,Unknown,Georgia Station,13-231-9991,AQS
2024-11-24,36,Unknown,Georgia Station,13-231-9991,AQS
2024-11-25,40,Unknown,Georgia Station,13-231-9991,AQS
2024-11-26,28,Unknown,Georgia Station,13-231-9991,AQS
2024-11-27,31,Unknown,Georgia Station,13-231-9991,AQS
2024-11-28,28,Unknown,Georgia Station,13-231-9991,AQS
2024-11-29,31,Unknown,Georgia Station,13-231-9991,AQS
2024-11-30,36,Unknown,Georgia Station,13-231-9991,AQS
2024-12-01,36,Unknown,Georgia Station,13-231-9991,AQS
2024-12-02,39,Unknown,Georgia Station,13-231-9991,AQS
2024-12-03,31,Unknown,Georgia Station,13-231-9991,AQS
2024-12-04,36,Unknown,Georgia Station,13-231-9991,AQS
2024-12-05,36,Unknown,Georgia Station,13-231-9991,AQS
2024-12-06,28,Unknown,Georgia Station,13-231-9991,AQS
2024-12-07,40,Unknown,Georgia Station,13-231-9991,AQS
2024-12-08,34,Unknown,Georgia Station,13-231-9991,AQS
2024-12-09,33,Unknown,Georgia Station,13-231-9991,AQS
2024-12-10,32,Unknown,Georgia Station,13-231-9991,AQS
2024-12-11,32,Unknown,Georgia Station,13-231-9991,AQS
2024-12-12,32,Unknown,Georgia Station,13-231-9991,AQS
2024-12-13,33,Unknown,Georgia Station,13-231-9991,AQS
2024-12-14,35,Unknown,Georgia Station,13-231-9991,AQS
2024-12-15,28,Unknown,Georgia Station,13-231-9991,AQS
2024-12-16,32,Unknown,Georgia Station,13-231-9991,AQS
2024-12-17,33,Unknown,Georgia Station,13-231-9991,AQS
2024-12-18,30,Unknown,Georgia Station,13-231-9991,AQS
2024-12-19,31,Unknown,Georgia Station,13-231-9991,AQS
2024-12-20,32,Unknown,Georgia Station,13-231-9991,AQS
2024-12-21,24,Unknown,Georgia Station,13-231-9991,AQS
2024-12-22,31,Unknown,Georgia Station,13-231-9991,AQS
2024-12-23,36,Unknown,Georgia Station,13-231-9991,AQS
2024-12-24,39,Unknown,Georgia Station,13-231-9991,AQS
2024-12-25,40,Unknown,Georgia Station,13-231-9991,AQS
2024-12-26,29,Unknown,Georgia Station,13-231-9991,AQS
2024-12-27,24,Unknown,Georgia Station,13-231-9991,AQS
2024-12-28,30,Unknown,Georgia Station,13-231-9991,AQS
2024-12-29,39,Unknown,Georgia Station,13-231-9991,AQS
2024-12-30,34,Unknown,Georgia Station,13-231-9991,AQS
2024-12-31,39,Unknown,Georgia Station,13-231-9991,AQS
2025-01-01,33,Unknown,Georgia Station,13-231-9991,AQS
2025-01-02,35,Unknown,Georgia Station,13-231-9991,AQS
2025-01-03,37,Unknown,Georgia Station,13-231-9991,AQS
2025-01-04,37,Unknown,Georgia Station,13-231-9991,AQS
2025-01-05,36,Unknown,Georgia Station,13-231-9991,AQS
2025-01-06,36,Unknown,Georgia Station,13-231-9991,AQS
2025-01-07,30,Unknown,Georgia Station,13-231-9991,AQS
2025-01-08,32,Unknown,Georgia Station,13-231-9991,AQS
2025-01-09,36,Unknown,Georgia Station,13-231-9991,AQS
2025-01-10,28,Unknown,Georgia Station,13-231-9991,AQS
2025-01-11,33,Unknown,Georgia Station,13-231-9991,AQS
2025-01-12,35,Unknown,Georgia Station,13-231-9991,AQS
2025-01-13,28,Unknown,South DeKalb,13-089-0002,AQS
2025-01-14,38,Unknown,Georgia Station,13-231-9991,AQS
2025-01-15,38,Unknown,Georgia Station,13-231-9991,AQS
2025-01-16,44,Unknown,Georgia Station,13-231-9991,AQS
2025-01-17,42,Unknown,Georgia Station,13-231-9991,AQS
2025-01-18,38,Unknown,Georgia Station,13-231-9991,AQS
2025-01-19,31,Unknown,Georgia Station,13-231-9991,AQS
2025-01-20,36,Unknown,Georgia Station,13-231-9991,AQS
2025-01-21,30,Unknown,Georgia Station,13-231-9991,AQS
2025-01-22,36,Unknown,Georgia Station,13-231-9991,AQS
2025-01-23,36,Unknown,Georgia Station,13-231-9991,AQS
2025-01-24,41,Unknown,Georgia Station,13-231-9991,AQS
2025-01-25,43,Unknown,Georgia Station,13-231-9991,AQS
2025-01-26,45,Unknown,Georgia Station,13-231-9991,AQS
2025-01-27,35,Unknown,Georgia Station,13-231-9991,AQS
2025-01-28,37,Unknown,Georgia Station,13-231-9991,AQS
2025-01-29,43,Unknown,Georgia Station,13-231-9991,AQS
2025-01-30,46,Unknown,Georgia Station,13-231-9991,AQS
2025-01-31,37,Unknown,Georgia Station,13-231-9991,AQS
2025-02-01,41,Unknown,Georgia Station,13-231-9991,AQS
2025-02-02,45,Unknown,Georgia Station,13-231-9991,AQS
2025-02-03,49,Unknown,Georgia Station,13-231-9991,AQS
2025-02-04,45,Unknown,Georgia Station,13-231-9991,AQS
2025-02-05,40,Unknown,Georgia Station,13-231-9991,AQS
2025-02-06,22,Unknown,Georgia Station,13-231-9991,AQS
2025-02-07,29,Unknown,Georgia Station,13-231-9991,AQS
2025-02-08,27,Unknown,Georgia Station,13-231-9991,AQS
2025-02-09,26,Unknown,Georgia Station,13-231-9991,AQS
2025-02-10,27,Unknown,Georgia Station,13-231-9991,AQS
2025-02-11,21,Unknown,South DeKalb,13-089-0002,AQS
2025-02-12,19,Unknown,Georgia Station,13-231-9991,AQS
2025-02-13,31,Unknown,Georgia Station,13-231-9991,AQS
2025-02-14,34,Unknown,Georgia Station,13-231-9991,AQS
2025-02-15,31,Unknown,Georgia Station,13-231-9991,AQS
2025-02-16,30,Unknown,South DeKalb,13-089-0002,AQS
2025-02-17,38,Unknown,Georgia Station,13-231-9991,AQS
2025-02-18,41,Unknown,Georgia Station,13-231-9991,AQS
2025-02-19,29,Unknown,Georgia Station,13-231-9991,AQS
2025-02-20,36,Unknown,Georgia Station,13-231-9991,AQS
2025-02-21,37,Unknown,Georgia Station,13-231-9991,AQS
2025-02-22,44,Unknown,Georgia Station,13-231-9991,AQS
2025-02-23,40,Unknown,Georgia Station,13-231-9991,AQS
2025-02-24,47,Unknown,Georgia Station,13-231-9991,AQS
2025-02-25,58,Unknown,Georgia Station,13-231-9991,AQS
2025-02-26,64,Unknown,Georgia Station,13-231-9991,AQS
2025-02-27,50,Unknown,Georgia Station,13-231-9991,AQS
2025-02-28,47,Unknown,Georgia Station,13-231-9991,AQS
2025-03-01,50,Unknown,Georgia Station,13-231-9991,AQS
2025-03-02,42,Unknown,Georgia Station,13-231-9991,AQS
2025-03-03,48,Unknown,Georgia Station,13-231-9991,AQS
2025-03-04,45,Unknown,Georgia Station,13-231-9991,AQS
2025-03-05,44,Unknown,Georgia Station,13-231-9991,AQS
2025-03-06,42,Unknown,Georgia Station,13-231-9991,AQS
2025-03-07,48,Unknown,Georgia Station,13-231-9991,AQS
2025-03-08,45,Unknown,Georgia Station,13-231-9991,AQS
2025-03-09,37,Unknown,Dawsonville,13-085-0001,AQS
2025-03-10,37,Unknown,Georgia Station,13-231-9991,AQS
2025-03-11,64,Unknown,Dawsonville,13-085-0001,AQS
2025-03-12,90,Unknown,Georgia Station,13-231-9991,AQS
2025-03-13,58,Unknown,Dawsonville,13-085-0001,AQS
2025-03-14,43,Unknown,Dawsonville,13-085-0001,AQS
2025-03-15,42,Unknown,United Avenue,13-121-0055,AQS
2025-03-16,44,Unknown,Georgia Station,13-231-9991,AQS
2025-03-17,43,Unknown,Georgia Station,13-231-9991,AQS
2025-03-18,71,Unknown,Georgia Station,13-231-9991,AQS
2025-03-19,48,Unknown,Dawsonville,13-085-0001,AQS
2025-03-20,39,Unknown,Georgia Station,13-231-9991,AQS
2025-03-21,51,Unknown,Georgia Station,13-231-9991,AQS
2025-03-22,67,Unknown,Georgia Station,13-231-9991,AQS
2025-03-23,77,Unknown,Georgia Station,13-231-9991,AQS
2025-03-24,43,Unknown,Dawsonville,13-085-0001,AQS
2025-03-25,46,Unknown,United Avenue,13-121-0055,AQS
2025-03-26,50,Unknown,Georgia Station,13-231-9991,AQS
2025-03-27,80,Unknown,Georgia Station,13-231-9991,AQS
2025-03-28,71,Unknown,Dawsonville,13-085-0001,AQS
2025-03-29,44,Unknown,United Avenue,13-121-0055,AQS
2025-03-30,32,Unknown,Georgia Station,13-231-9991,AQS
2025-03-31,36,Unknown,Georgia Station,13-231-9991,AQS
2025-04-01,44,Unknown,Dawsonville,13-085-0001,AQS
2025-04-02,32,Unknown,Georgia Station,13-231-9991,AQS
2025-04-03,35,Unknown,Georgia Station,13-231-9991,AQS
2025-04-04,39,Unknown,Dawsonville,13-085-0001,AQS
2025-04-05,41,Unknown,Dawsonville,13-085-0001,AQS
2025-04-06,32,Unknown,Georgia Station,13-231-9991,AQS
2025-04-07,29,Unknown,Georgia Station,13-231-9991,AQS
2025-04-08,48,Unknown,Georgia Station,13-231-9991,AQS
2025-04-09,50,Unknown,Georgia Station,13-231-9991,AQS
2025-04-10,61,Unknown,United Avenue,13-121-0055,AQS
2025-04-11,44,Unknown,Georgia Station,13-231-9991,AQS
2025-04-12,46,Unknown,Georgia Station,13-231-9991,AQS
2025-04-13,48,Unknown,Gwinnett,13-135-0002,AQS
2025-04-14,77,Unknown,Dawsonville,13-085-0001,AQS
2025-04-15,50,Unknown,Georgia Station,13-231-9991,AQS
2025-04-16,61,Unknown,Georgia Station,13-231-9991,AQS
2025-04-17,90,Unknown,Georgia Station,13-231-9991,AQS
2025-04-18,97,Unknown,Dawsonville,13-085-0001,AQS
2025-04-19,87,Unknown,Dawsonville,13-085-0001,AQS
2025-04-20,41,Unknown,United Avenue,13-121-0055,AQS
2025-04-21,58,Unknown,Dawsonville,13-085-0001,AQS
2025-04-22,40,Unknown,Georgia Station,13-231-9991,AQS
2025-04-23,44,Unknown,Dawsonville,13-085-0001,AQS
2025-04-24,36,Unknown,Georgia Station,13-231-9991,AQS
2025-04-25,39,Unknown,Georgia Station,13-231-9991,AQS
2025-04-26,44,Unknown,McDonough,13-151-0002,AQS
2025-04-27,45,Unknown,United Avenue,13-121-0055,AQS
2025-04-28,44,Unknown,Dawsonville,13-085-0001,AQS
2025-04-29,44,Unknown,United Avenue,13-121-0055,AQS
2025-04-30,49,Unknown,Gwinnett,13-135-0002,AQS
2025-05-01,44,Unknown,Georgia Station,13-231-9991,AQS
2025-05-02,43,Unknown,Georgia Station,13-231-9991,AQS
2025-05-03,33,Unknown,United Avenue,13-121-0055,AQS
2025-05-04,39,Unknown,Georgia Station,13-231-9991,AQS
2025-05-05,44,Unknown,United Avenue,13-121-0055,AQS
2025-05-06,58,Unknown,Gwinnett,13-135-0002,AQS
2025-05-07,41,Unknown,Georgia Station,13-231-9991,AQS
2025-05-08,71,Unknown,Gwinnett,13-135-0002,AQS
2025-05-09,74,Unknown,McDonough,13-151-0002,AQS
2025-05-10,32,Unknown,United Avenue,13-121-0055,AQS
2025-05-11,31,Unknown,Georgia Station,13-231-9991,AQS
2025-05-12,42,Unknown,Georgia Station,13-231-9991,AQS
2025-05-13,45,Unknown,Gwinnett,13-135-0002,AQS
2025-05-14,45,Unknown,United Avenue,13-121-0055,AQS
2025-05-15,43,Unknown,United Avenue,13-121-0055,AQS
2025-05-16,39,Unknown,Gwinnett,13-135-0002,AQS
2025-05-17,39,Unknown,Dawsonville,13-085-0001,AQS
2025-05-18,46,Unknown,Gwinnett,13-135-0002,AQS
2025-05-19,35,Unknown,Gwinnett,13-135-0002,AQS
2025-05-20,35,Unknown,Gwinnett,13-135-0002,AQS
2025-05-21,44,Unknown,Georgia Station,13-231-9991,AQS
2025-05-22,51,Unknown,Georgia Station,13-231-9991,AQS
2025-05-23,51,Unknown,Georgia Station,13-231-9991,AQS
2025-05-24,67,Unknown,Georgia Station,13-231-9991,AQS
2025-05-25,40,Unknown,United Avenue,13-121-0055,AQS
2025-05-26,38,Unknown,Kennesaw,13-067-0003,AQS
2025-05-27,21,Unknown,Georgia Station,13-231-9991,AQS
2025-05-28,33,Unknown,Georgia Station,13-231-9991,AQS
2025-05-29,28,Unknown,Georgia Station,13-231-9991,AQS
2025-05-30,40,Unknown,Gwinnett,13-135-0002,AQS
2025-05-31,54,Unknown,United Avenue,13-121-0055,AQS
2025-06-01,58,Unknown,United Avenue,13-121-0055,AQS
2025-06-02,97,Unknown,United Avenue,13-121-0055,AQS
2025-06-03,64,Unknown,Georgia Station,13-231-9991,AQS
2025-06-04,37,Unknown,Kennesaw,13-067-0003,AQS
2025-06-05,42,Unknown,United Avenue,13-121-0055,AQS
2025-06-06,45,Unknown,Conyers,13-247-0001,AQS
2025-06-07,37,Unknown,United Avenue,13-121-0055,AQS
2025-06-08,37,Unknown,United Avenue,13-121-0055,AQS
2025-06-09,34,Unknown,United Avenue,13-121-0055,AQS
2025-06-10,37,Unknown,United Avenue,13-121-0055,AQS
2025-06-11,54,Unknown,United Avenue,13-121-0055,AQS
2025-06-12,30,Unknown,Kennesaw,13-067-0003,AQS
2025-06-13,31,Unknown,Dawsonville,13-085-0001,AQS
2025-06-14,29,Unknown,Gwinnett,13-135-0002,AQS
2025-06-15,31,Unknown,United Avenue,13-121-0055,AQS
2025-06-16,41,Unknown,Gwinnett,13-135-0002,AQS
2025-06-17,29,Unknown,Gwinnett,13-135-0002,AQS
2025-06-18,23,Unknown,United Avenue,13-121-0055,AQS
2025-06-19,45,Unknown,United Avenue,13-121-0055,AQS
2025-06-20,58,Unknown,McDonough,13-151-0002,AQS
2025-06-21,51,Unknown,United Avenue,13-121-0055,AQS
2025-06-22,51,Unknown,United Avenue,13-121-0055,AQS
2025-06-23,50,Unknown,Gwinnett,13-135-0002,AQS
2025-06-24,112,Unknown,United Avenue,13-121-0055,AQS
2025-06-25,129,Unknown,United Avenue,13-121-0055,AQS
2025-06-26,67,Unknown,United Avenue,13-121-0055,AQS
2025-06-27,84,Unknown,United Avenue,13-121-0055,AQS
2025-06-28,58,Unknown,Gwinnett,13-135-0002,AQS
2025-06-29,41,Unknown,McDonough,13-151-0002,AQS
2025-06-30,50,Unknown,Conyers,13-247-0001,AQS
2025-07-01,41,Unknown,Gwinnett,13-135-0002,AQS
2025-07-02,74,Unknown,McDonough,13-151-0002,AQS
2025-07-03,90,Unknown,Georgia Station,13-231-9991,AQS
2025-07-04,54,Unknown,Douglasville,13-097-0004,AQS
2025-07-05,54,Unknown,Douglasville,13-097-0004,AQS
2025-07-06,67,Unknown,United Avenue,13-121-0055,AQS
2025-07-07,90,Unknown,Conyers,13-247-0001,AQS
2025-07-08,61,Unknown,Gwinnett,13-135-0002,AQS
2025-07-09,45,Unknown,United Avenue,13-121-0055,AQS
2025-07-10,34,Unknown,Gwinnett,13-135-0002,AQS
2025-07-11,43,Unknown,United Avenue,13-121-0055,AQS
2025-07-12,38,Unknown,United Avenue,13-121-0055,AQS
2025-07-13,31,Unknown,United Avenue,13-121-0055,AQS
2025-07-14,58,Unknown,McDonough,13-151-0002,AQS
2025-07-15,67,Unknown,United Avenue,13-121-0055,AQS
2025-07-16,42,Unknown,Kennesaw,13-067-0003,AQS
2025-07-17,39,Unknown,Dawsonville,13-085-0001,AQS
2025-07-18,39,Unknown,Dawsonville,13-085-0001,AQS
2025-07-19,30,Unknown,United Avenue,13-121-0055,AQS
2025-07-20,32,Unknown,Conyers,13-247-0001,AQS
2025-07-21,28,Unknown,McDonough,13-151-0002,AQS
2025-07-22,67,Unknown,Georgia Station,13-231-9991,AQS
2025-07-23,41,Unknown,Douglasville,13-097-0004,AQS
2025-07-24,41,Unknown,Douglasville,13-097-0004,AQS
2025-07-25,46,Unknown,Dawsonville,13-085-0001,AQS
2025-07-26,31,Unknown,United Avenue,13-121-0055,AQS
2025-07-27,36,Unknown,McDonough,13-151-0002,AQS
2025-07-28,44,Unknown,McDonough,13-151-0002,AQS
2025-07-29,93,Unknown,Georgia Station,13-231-9991,AQS
2025-07-30,54,Unknown,Kennesaw,13-067-0003,AQS
2025-07-31,46,Unknown,Gwinnett,13-135-0002,AQS
2025-08-01,47,Unknown,McDonough,13-151-0002,AQS
2025-08-02,34,Unknown,Georgia Station,13-231-9991,AQS
2025-08-03,31,Unknown,Georgia Station,13-231-9991,AQS
2025-08-04,27,Unknown,Georgia Station,13-231-9991,AQS
2025-08-05,26,Unknown,Gwinnett,13-135-0002,AQS
2025-08-06,48,Unknown,Douglasville,13-097-0004,AQS
2025-08-07,43,Unknown,Douglasville,13-097-0004,AQS
2025-08-08,35,Unknown,Douglasville,13-097-0004,AQS
2025-08-09,34,Unknown,Douglasville,13-097-0004,AQS
2025-08-10,26,Unknown,Douglasville,13-097-0004,AQS
2025-08-11,29,Unknown,Douglasville,13-097-0004,AQS
2025-08-12,25,Unknown,United Avenue,13-121-0055,AQS
2025-08-13,25,Unknown,Gwinnett,13-135-0002,AQS
2025-08-14,44,Unknown,United Avenue,13-121-0055,AQS
2025-08-15,48,Unknown,United Avenue,13-121-0055,AQS
2025-08-16,54,Unknown,United Avenue,13-121-0055,AQS
2025-08-17,49,Unknown,United Avenue,13-121-0055,AQS
2025-08-18,74,Unknown,Douglasville,13-097-0004,AQS
2025-08-19,48,Unknown,Douglasville,13-097-0004,AQS
2025-08-20,64,Unknown,United Avenue,13-121-0055,AQS
2025-08-21,64,Unknown,United Avenue,13-121-0055,AQS
2025-08-22,44,Unknown,Douglasville,13-097-0004,AQS
2025-08-23,28,Unknown,Georgia Station,13-231-9991,AQS
2025-08-24,39,Unknown,United Avenue,13-121-0055,AQS
2025-08-25,51,Unknown,McDonough,13-151-0002,AQS
2025-08-26,50,Unknown,McDonough,13-151-0002,AQS
2025-08-27,51,Unknown,Douglasville,13-097-0004,AQS
2025-08-28,67,Unknown,United Avenue,13-121-0055,AQS
2025-08-29,64,Unknown,Douglasville,13-097-0004,AQS
2025-08-30,47,Unknown,Douglasville,13-097-0004,AQS
2025-08-31,46,Unknown,Douglasville,13-097-0004,AQS
2025-09-01,44,Unknown,Douglasville,13-097-0004,AQS
2025-09-02,64,Unknown,Douglasville,13-097-0004,AQS
2025-09-03,54,Unknown,United Avenue,13-121-0055,AQS
2025-09-04,43,Unknown,United Avenue,13-121-0055,AQS
2025-09-05,49,Unknown,United Avenue,13-121-0055,AQS
2025-09-06,36,Unknown,Douglasville,13-097-0004,AQS
2025-09-07,44,Unknown,McDonough,13-151-0002,AQS
2025-09-08,43,Unknown,Douglasville,13-097-0004,AQS
2025-09-09,50,Unknown,Douglasville,13-097-0004,AQS
2025-09-10,105,Unknown,Georgia Station,13-231-9991,AQS
2025-09-11,108,Unknown,Georgia Station,13-231-9991,AQS
2025-09-12,97,Unknown,Douglasville,13-097-0004,AQS
2025-09-13,64,Unknown,Douglasville,13-097-0004,AQS
2025-09-14,58,Unknown,United Avenue,13-121-0055,AQS
2025-09-15,87,Unknown,Douglasville,13-097-0004,AQS
2025-09-16,100,Unknown,United Avenue,13-121-0055,AQS
2025-09-17,84,Unknown,United Avenue,13-121-0055,AQS
2025-09-18,105,Unknown,United Avenue,13-121-0055,AQS
2025-09-19,112,Unknown,United Avenue,13-121-0055,AQS
2025-09-20,97,Unknown,United Avenue,13-121-0055,AQS
2025-09-21,47,Unknown,Georgia Station,13-231-9991,AQS
2025-09-22,48,Unknown,Kennesaw,13-067-0003,AQS
2025-09-23,54,Unknown,Gwinnett,13-135-0002,AQS
2025-09-24,44,Unknown,United Avenue,13-121-0055,AQS
2025-09-25,30,Unknown,Georgia Station,13-231-9991,AQS
2025-09-26,33,Unknown,Gwinnett,13-135-0002,AQS
2025-09-27,44,Unknown,United Avenue,13-121-0055,AQS
2025-09-28,43,Unknown,Douglasville,13-097-0004,AQS
2025-09-29,38,Unknown,Douglasville,13-097-0004,AQS
2025-09-30,29,Unknown,United Avenue,13-121-0055,AQS
2025-10-01,47,Unknown,Douglasville,13-097-0004,AQS
2025-10-02,45,Unknown,Douglasville,13-097-0004,AQS
2025-10-03,42,Unknown,Douglasville,13-097-0004,AQS
2025-10-04,33,Unknown,Douglasville,13-097-0004,AQS
2025-10-05,26,Unknown,United Avenue,13-121-0055,AQS
2025-10-06,27,Unknown,Georgia Station,13-231-9991,AQS
2025-10-07,31,Unknown,Georgia Station,13-231-9991,AQS
2025-10-08,44,Unknown,Georgia Station,13-231-9991,AQS
2025-10-09,35,Unknown,United Avenue,13-121-0055,AQS
2025-10-10,42,Unknown,Douglasville,13-097-0004,AQS
2025-10-11,44,Unknown,Georgia Station,13-231-9991,AQS
2025-10-12,48,Unknown,Georgia Station,13-231-9991,AQS
2025-10-13,45,Unknown,United Avenue,13-121-0055,AQS
2025-10-14,58,Unknown,Georgia Station,13-231-9991,AQS
2025-10-15,71,Unknown,Georgia Station,13-231-9991,AQS
2025-10-16,61,Unknown,Douglasville,13-097-0004,AQS
2025-10-17,50,Unknown,Dawsonville,13-085-0001,AQS
2025-10-18,44,Unknown,Georgia Station,13-231-9991,AQS
2025-10-19,41,Unknown,Georgia Station,13-231-9991,AQS
2025-10-20,43,Unknown,Georgia Station,13-231-9991,AQS
2025-10-21,49,Unknown,Georgia Station,13-231-9991,AQS
2025-10-22,42,Unknown,Georgia Station,13-231-9991,AQS
2025-10-23,45,Unknown,Georgia Station,13-231-9991,AQS
2025-10-24,47,Unknown,Georgia Station,13-231-9991,AQS
2025-10-25,43,Unknown,United Avenue,13-121-0055,AQS
2025-10-26,34,Unknown,Georgia Station,13-231-9991,AQS
2025-10-27,26,Unknown,Dawsonville,13-085-0001,AQS
2025-10-28,27,Unknown,Gwinnett,13-135-0002,AQS
2025-10-29,21,Unknown,Georgia Station,13-231-9991,AQS
2025-10-30,26,Unknown,Georgia Station,13-231-9991,AQS
2025-10-31,37,Unknown,Georgia Station,13-231-9991,AQS
2025-11-01,40,Unknown,Georgia Station,13-231-9991,AQS
2025-11-02,37,Unknown,Georgia Station,13-231-9991,AQS
2025-11-03,35,Unknown,Georgia Station,13-231-9991,AQS
2025-11-04,39,Unknown,Georgia Station,13-231-9991,AQS
2025-11-05,46,Unknown,Georgia Station,13-231-9991,AQS
2025-11-06,74,Unknown,Georgia Station,13-231-9991,AQS
2025-11-07,40,Unknown,Dawsonville,13-085-0001,AirNow
2025-11-08,32,Unknown,Dawsonville,13-085-0001,AirNow
2025-11-09,37,Unknown,Georgia Station,13-231-9991,AQS
2025-11-10,29,Unknown,Georgia Station,13-231-9991,AQS
2025-11-11,31,Unknown,Georgia Station,13-231-9991,AQS
2025-11-12,44,Unknown,Georgia Station,13-231-9991,AQS
2025-11-13,46,Unknown,Georgia Station,13-231-9991,AQS
2025-11-14,47,Unknown,Georgia Station,13-231-9991,AQS
2025-11-15,44,Unknown,Georgia Station,13-231-9991,AQS
2025-11-16,37,Unknown,Georgia Station,13-231-9991,AQS
2025-11-17,39,Unknown,Georgia Station,13-231-9991,AQS
2025-11-18,44,Unknown,Georgia Station,13-231-9991,AQS
2025-11-19,32,Unknown,Georgia Station,13-231-9991,AQS
2025-11-20,31,Unknown,Georgia Station,13-231-9991,AQS
2025-11-21,35,Unknown,Georgia Station,13-231-9991,AQS
2025-11-22,27,Unknown,Georgia Station,13-231-9991,AQS
2025-11-23,37,Unknown,Georgia Station,13-231-9991,AQS
2025-11-24,39,Unknown,Georgia Station,13-231-9991,AQS
2025-11-25,32,Unknown,Georgia Station,13-231-9991,AQS
2025-11-26,33,Unknown,Georgia Station,13-231-9991,AQS
2025-11-27,35,Unknown,Georgia Station,13-231-9991,AQS
2025-11-28,34,Unknown,Georgia Station,13-231-9991,AQS
2025-11-29,35,Unknown,Georgia Station,13-231-9991,AQS
2025-11-30,29,Unknown,Georgia Station,13-231-9991,AQS
2025-12-01,19,Unknown,South DeKalb,13-089-0002,AQS
2025-12-02,26,Unknown,Georgia Station,13-231-9991,AirNow
2025-12-03,28,Unknown,Georgia Station,13-231-9991,AirNow
2025-12-04,21,Unknown,Georgia Station,13-231-9991,AirNow
2025-12-05,19,Unknown,Georgia Station,13-231-9991,AirNow
2025-12-06,17,Unknown,Georgia Station,13-231-9991,AirNow
2025-12-07,12,Unknown,Georgia Station,13-231-9991,AirNow
2025-12-08,20,Unknown,Georgia Station,13-231-9991,AirNow
2025-12-09,27,Unknown,Georgia Station,13-231-9991,AirNow
2025-12-10,35,Unknown,Georgia Station,13-231-9991,AirNow
2025-12-11,34,Unknown,Georgia Station,13-231-9991,AirNow
2025-12-12,45,Unknown,Georgia Station,13-231-9991,AirNow
2025-12-13,40,Unknown,Georgia Station,13-231-9991,AirNow
2025-12-14,35,Unknown,Georgia Station,13-231-9991,AirNow
2025-12-15,34,Unknown,Georgia Station,13-231-9991,AirNow
2025-12-16,40,Unknown,Georgia Station,13-231-9991,AirNow
2025-12-17,39,Unknown,Georgia Station,13-231-9991,AirNow
2025-12-18,31,Unknown,Georgia Station,13-231-9991,AirNow
2025-12-19,35,Unknown,Georgia Station,13-231-9991,AirNow
2025-12-20,37,Unknown,Georgia Station,13-231-9991,AirNow
2025-12-21,27,Unknown,Georgia Station,13-231-9991,AirNow
2025-12-22,38,Unknown,Georgia Station,13-231-9991,AirNow
2025-12-23,38,Unknown,Georgia Station,13-231-9991,AirNow
2025-12-24,36,Unknown,Georgia Station,13-231-9991,AirNow
2025-12-25,34,Unknown,Georgia Station,13-231-9991,AirNow
2025-12-26,31,Unknown,Georgia Station,13-231-9991,AirNow
2025-12-27,27,Unknown,Georgia Station,13-231-9991,AirNow
2025-12-28,25,Unknown,Georgia Station,13-231-9991,AirNow
2025-12-29,34,Unknown,Georgia Station,13-231-9991,AirNow
2025-12-30,31,Unknown,Georgia Station,13-231-9991,AirNow
2025-12-31,39,Unknown,Georgia Station,13-231-9991,AirNow
