Date,Nitrogen Dioxide AQI Value,Main Pollutant,Site Name,Site ID,Source
1990-01-01,105,Unknown,Hawthorne,06-037-5001,AQS
1990-01-02,68,Unknown,Hawthorne,06-037-5001,AQS
1990-01-03,79,Unknown,Hawthorne,06-037-5001,AQS
1990-01-04,105,Unknown,Not Available,06-037-2401,AQS
1990-01-05,112,Unknown,Not Available,06-037-1601,AQS
1990-01-06,112,Unknown,Not Available,06-037-2401,AQS
1990-01-07,100,Unknown,Azusa,06-037-0002,AQS
1990-01-08,116,Unknown,Azusa,06-037-0002,AQS
1990-01-09,133,Unknown,Not Available,06-037-1601,AQS
1990-01-10,120,Unknown,Not Available,06-037-1601,AQS
1990-01-11,131,Unknown,Not Available,06-037-1601,AQS
1990-01-12,112,Unknown,Not Available,06-037-1601,AQS
1990-01-13,38,Unknown,Azusa,06-037-0002,AQS
1990-01-14,47,Unknown,Not Available,06-037-1601,AQS
1990-01-15,68,Unknown,Azusa,06-037-0002,AQS
1990-01-16,57,Unknown,West Los Angeles,06-037-0113,AQS
1990-01-17,79,Unknown,Reseda,06-037-1201,AQS
1990-01-18,79,Unknown,Hawthorne,06-037-5001,AQS
1990-01-19,68,Unknown,Burbank,06-037-1002,AQS
1990-01-20,110,Unknown,La Habra,06-059-5001,AQS
1990-01-21,89,Unknown,Hawthorne,06-037-5001,AQS
1990-01-22,89,Unknown,Not Available,06-037-1601,AQS
1990-01-23,106,Unknown,Not Available,06-037-1601,AQS
1990-01-24,122,Unknown,Hawthorne,06-037-5001,AQS
1990-01-25,110,Unknown,Not Available,06-037-1601,AQS
1990-01-26,116,Unknown,Not Available,06-037-1601,AQS
1990-01-27,103,Unknown,Not Available,06-037-1601,AQS
1990-01-28,89,Unknown,Not Available,06-037-1601,AQS
1990-01-29,116,Unknown,Not Available,06-037-1601,AQS
1990-01-30,112,Unknown,Not Available,06-037-1601,AQS
1990-01-31,79,Unknown,Hawthorne,06-037-5001,AQS
1990-02-01,47,Unknown,West Los Angeles,06-037-0113,AQS
1990-02-02,79,Unknown,Not Available,06-037-1601,AQS
1990-02-03,89,Unknown,Azusa,06-037-0002,AQS
1990-02-04,68,Unknown,Not Available,06-037-1601,AQS
1990-02-05,89,Unknown,Not Available,06-037-1601,AQS
1990-02-06,112,Unknown,Not Available,06-037-1601,AQS
1990-02-07,105,Unknown,Not Available,06-037-1601,AQS
1990-02-08,100,Unknown,Not Available,06-037-1601,AQS
1990-02-09,89,Unknown,Azusa,06-037-0002,AQS
1990-02-10,108,Unknown,Not Available,06-037-2401,AQS
1990-02-11,116,Unknown,Not Available,06-037-2401,AQS
1990-02-12,57,Unknown,Azusa,06-037-0002,AQS
1990-02-13,57,Unknown,Not Available,06-037-1601,AQS
1990-02-14,57,Unknown,Not Available,06-037-1601,AQS
1990-02-15,89,Unknown,Not Available,06-037-1601,AQS
1990-02-16,89,Unknown,Hawthorne,06-037-5001,AQS
1990-02-17,47,Unknown,Not Available,06-037-1601,AQS
1990-02-18,47,Unknown,Not Available,06-037-1601,AQS
1990-02-19,68,Unknown,Not Available,06-037-1601,AQS
1990-02-20,105,Unknown,Pomona,06-037-1701,AQS
1990-02-21,116,Unknown,Long Beach (North),06-037-4002,AQS
1990-02-22,110,Unknown,Not Available,06-037-1601,AQS
1990-02-23,125,Unknown,Hawthorne,06-037-5001,AQS
1990-02-24,118,Unknown,Not Available,06-037-2401,AQS
1990-02-25,108,Unknown,Hawthorne,06-037-5001,AQS
1990-02-26,125,Unknown,Not Available,06-037-1601,AQS
1990-02-27,116,Unknown,Not Available,06-037-1601,AQS
1990-02-28,112,Unknown,Not Available,06-037-1601,AQS
1990-03-01,106,Unknown,Azusa,06-037-0002,AQS
1990-03-02,103,Unknown,Azusa,06-037-0002,AQS
1990-03-03,79,Unknown,Azusa,06-037-0002,AQS
1990-03-04,47,Unknown,Azusa,06-037-0002,AQS
1990-03-05,57,Unknown,Anaheim (1010 Harbor Blvd),06-059-0001,AQS
1990-03-06,79,Unknown,Azusa,06-037-0002,AQS
1990-03-07,106,Unknown,West Los Angeles,06-037-0113,AQS
1990-03-08,110,Unknown,Glendora,06-037-0016,AQS
1990-03-09,57,Unknown,Pasadena,06-037-2005,AQS
1990-03-10,57,Unknown,Anaheim (1010 Harbor Blvd),06-059-0001,AQS
1990-03-11,47,Unknown,Burbank,06-037-1002,AQS
1990-03-12,57,Unknown,Not Available,06-037-1601,AQS
1990-03-13,57,Unknown,Not Available,06-037-1601,AQS
1990-03-14,100,Unknown,Pomona,06-037-1701,AQS
1990-03-15,112,Unknown,Burbank,06-037-1002,AQS
1990-03-16,110,Unknown,Pomona,06-037-1701,AQS
1990-03-17,108,Unknown,Not Available,06-037-2401,AQS
1990-03-18,105,Unknown,Los Angeles-North Main Street,06-037-1103,AQS
1990-03-19,116,Unknown,Pomona,06-037-1701,AQS
1990-03-20,122,Unknown,Not Available,06-037-2401,AQS
1990-03-21,114,Unknown,Not Available,06-037-1601,AQS
1990-03-22,108,Unknown,Azusa,06-037-0002,AQS
1990-03-23,110,Unknown,Pomona,06-037-1701,AQS
1990-03-24,89,Unknown,Pomona,06-037-1701,AQS
1990-03-25,79,Unknown,Pomona,06-037-1701,AQS
1990-03-26,108,Unknown,Not Available,06-037-1601,AQS
1990-03-27,57,Unknown,Not Available,06-037-1601,AQS
1990-03-28,57,Unknown,Pomona,06-037-1701,AQS
1990-03-29,57,Unknown,Lynwood,06-037-1301,AQS
1990-03-30,68,Unknown,Pomona,06-037-1701,AQS
1990-03-31,68,Unknown,Not Available,06-037-1601,AQS
1990-04-01,57,Unknown,Not Available,06-037-1601,AQS
1990-04-02,106,Unknown,Pomona,06-037-1701,AQS
1990-04-03,103,Unknown,Burbank,06-037-1002,AQS
1990-04-04,79,Unknown,La Habra,06-059-5001,AQS
1990-04-05,57,Unknown,Azusa,06-037-0002,AQS
1990-04-06,79,Unknown,Azusa,06-037-0002,AQS
1990-04-07,57,Unknown,Azusa,06-037-0002,AQS
1990-04-08,47,Unknown,Pasadena,06-037-2005,AQS
1990-04-09,100,Unknown,Azusa,06-037-0002,AQS
1990-04-10,124,Unknown,La Habra,06-059-5001,AQS
1990-04-11,116,Unknown,Not Available,06-037-1601,AQS
1990-04-12,110,Unknown,Pomona,06-037-1701,AQS
1990-04-13,103,Unknown,Pomona,06-037-1701,AQS
1990-04-14,79,Unknown,Pomona,06-037-1701,AQS
1990-04-15,47,Unknown,Azusa,06-037-0002,AQS
1990-04-16,38,Unknown,Azusa,06-037-0002,AQS
1990-04-17,57,Unknown,Pomona,06-037-1701,AQS
1990-04-18,57,Unknown,Azusa,06-037-0002,AQS
1990-04-19,68,Unknown,Azusa,06-037-0002,AQS
1990-04-20,79,Unknown,Pomona,06-037-1701,AQS
1990-04-21,68,Unknown,Pomona,06-037-1701,AQS
1990-04-22,47,Unknown,Azusa,06-037-0002,AQS
1990-04-23,68,Unknown,Azusa,06-037-0002,AQS
1990-04-24,57,Unknown,Pomona,06-037-1701,AQS
1990-04-25,79,Unknown,Azusa,06-037-0002,AQS
1990-04-26,103,Unknown,West Los Angeles,06-037-0113,AQS
1990-04-27,106,Unknown,Burbank,06-037-1002,AQS
1990-04-28,57,Unknown,Not Available,06-037-6002,AQS
1990-04-29,38,Unknown,Pasadena,06-037-2005,AQS
1990-04-30,57,Unknown,Azusa,06-037-0002,AQS
1990-05-01,79,Unknown,Pomona,06-037-1701,AQS
1990-05-02,57,Unknown,Pomona,06-037-1701,AQS
1990-05-03,68,Unknown,Azusa,06-037-0002,AQS
1990-05-04,114,Unknown,Los Angeles-North Main Street,06-037-1103,AQS
1990-05-05,114,Unknown,Not Available,06-037-2401,AQS
1990-05-06,100,Unknown,West Los Angeles,06-037-0113,AQS
1990-05-07,79,Unknown,Pomona,06-037-1701,AQS
1990-05-08,47,Unknown,Azusa,06-037-0002,AQS
1990-05-09,57,Unknown,Pomona,06-037-1701,AQS
1990-05-10,38,Unknown,West Los Angeles,06-037-0113,AQS
1990-05-11,47,Unknown,West Los Angeles,06-037-0113,AQS
1990-05-12,57,Unknown,Azusa,06-037-0002,AQS
1990-05-13,57,Unknown,Burbank,06-037-1002,AQS
1990-05-14,47,Unknown,Burbank,06-037-1002,AQS
1990-05-15,57,Unknown,Pomona,06-037-1701,AQS
1990-05-16,103,Unknown,Los Angeles-North Main Street,06-037-1103,AQS
1990-05-17,68,Unknown,Pomona,06-037-1701,AQS
1990-05-18,79,Unknown,Azusa,06-037-0002,AQS
1990-05-19,57,Unknown,Not Available,06-037-6002,AQS
1990-05-20,38,Unknown,Burbank,06-037-1002,AQS
1990-05-21,68,Unknown,Burbank,06-037-1002,AQS
1990-05-22,100,Unknown,Pomona,06-037-1701,AQS
1990-05-23,89,Unknown,Azusa,06-037-0002,AQS
1990-05-24,68,Unknown,Burbank,06-037-1002,AQS
1990-05-25,100,Unknown,Pomona,06-037-1701,AQS
1990-05-26,68,Unknown,Reseda,06-037-1201,AQS
1990-05-27,57,Unknown,Pomona,06-037-1701,AQS
1990-05-28,38,Unknown,La Habra,06-059-5001,AQS
1990-05-29,57,Unknown,Pomona,06-037-1701,AQS
1990-05-30,57,Unknown,Pasadena,06-037-2005,AQS
1990-05-31,57,Unknown,Pasadena,06-037-2005,AQS
1990-06-01,79,Unknown,Pomona,06-037-1701,AQS
1990-06-02,105,Unknown,Lynwood,06-037-1301,AQS
1990-06-03,105,Unknown,Los Angeles-North Main Street,06-037-1103,AQS
1990-06-04,125,Unknown,Los Angeles-North Main Street,06-037-1103,AQS
1990-06-05,103,Unknown,Pomona,06-037-1701,AQS
1990-06-06,79,Unknown,Glendora,06-037-0016,AQS
1990-06-07,103,Unknown,Azusa,06-037-0002,AQS
1990-06-08,110,Unknown,Pomona,06-037-1701,AQS
1990-06-09,68,Unknown,Pomona,06-037-1701,AQS
1990-06-10,47,Unknown,Pasadena,06-037-2005,AQS
1990-06-11,68,Unknown,Los Angeles-North Main Street,06-037-1103,AQS
1990-06-12,57,Unknown,Pasadena,06-037-2005,AQS
1990-06-13,47,Unknown,Pomona,06-037-1701,AQS
1990-06-14,38,Unknown,Los Angeles-North Main Street,06-037-1103,AQS
1990-06-15,47,Unknown,Pomona,06-037-1701,AQS
1990-06-16,57,Unknown,Reseda,06-037-1201,AQS
1990-06-17,57,Unknown,Reseda,06-037-1201,AQS
1990-06-18,79,Unknown,Los Angeles-North Main Street,06-037-1103,AQS
1990-06-19,108,Unknown,Los Angeles-North Main Street,06-037-1103,AQS
1990-06-20,106,Unknown,Pomona,06-037-1701,AQS
1990-06-21,100,Unknown,Pasadena,06-037-2005,AQS
1990-06-22,100,Unknown,Los Angeles-North Main Street,06-037-1103,AQS
1990-06-23,108,Unknown,Pomona,06-037-1701,AQS
1990-06-24,100,Unknown,Pomona,06-037-1701,AQS
1990-06-25,118,Unknown,Los Angeles-North Main Street,06-037-1103,AQS
1990-06-26,127,Unknown,Los Angeles-North Main Street,06-037-1103,AQS
1990-06-27,110,Unknown,Not Available,06-037-2401,AQS
1990-06-28,105,Unknown,Los Angeles-North Main Street,06-037-1103,AQS
1990-06-29,79,Unknown,Reseda,06-037-1201,AQS
1990-06-30,103,Unknown,Los Angeles-North Main Street,06-037-1103,AQS
1990-07-01,89,Unknown,Pomona,06-037-1701,AQS
1990-07-02,79,Unknown,Azusa,06-037-0002,AQS
1990-07-03,89,Unknown,Pomona,06-037-1701,AQS
1990-07-04,79,Unknown,Los Angeles-North Main Street,06-037-1103,AQS
1990-07-05,103,Unknown,Los Angeles-North Main Street,06-037-1103,AQS
1990-07-06,100,Unknown,Los Angeles-North Main Street,06-037-1103,AQS
1990-07-07,47,Unknown,Glendora,06-037-0016,AQS
1990-07-08,47,Unknown,Pasadena,06-037-2005,AQS
1990-07-09,100,Unknown,Pasadena,06-037-2005,AQS
1990-07-10,127,Unknown,Los Angeles-North Main Street,06-037-1103,AQS
1990-07-11,110,Unknown,Los Angeles-North Main Street,06-037-1103,AQS
1990-07-12,100,Unknown,Pomona,06-037-1701,AQS
1990-07-13,106,Unknown,Lynwood,06-037-1301,AQS
1990-07-14,100,Unknown,Los Angeles-North Main Street,06-037-1103,AQS
1990-07-15,47,Unknown,Pomona,06-037-1701,AQS
1990-07-16,47,Unknown,Burbank,06-037-1002,AQS
1990-07-17,79,Unknown,Los Angeles-North Main Street,06-037-1103,AQS
1990-07-18,89,Unknown,Burbank,06-037-1002,AQS
1990-07-19,106,Unknown,Los Angeles-North Main Street,06-037-1103,AQS
1990-07-20,106,Unknown,Los Angeles-North Main Street,06-037-1103,AQS
1990-07-21,68,Unknown,Burbank,06-037-1002,AQS
1990-07-22,57,Unknown,Los Angeles-North Main Street,06-037-1103,AQS
1990-07-23,89,Unknown,Los Angeles-North Main Street,06-037-1103,AQS
1990-07-24,47,Unknown,Los Angeles-North Main Street,06-037-1103,AQS
1990-07-25,57,Unknown,Azusa,06-037-0002,AQS
1990-07-26,79,Unknown,Los Angeles-North Main Street,06-037-1103,AQS
1990-07-27,103,Unknown,Los Angeles-North Main Street,06-037-1103,AQS
1990-07-28,100,Unknown,Not Available,06-037-1601,AQS
1990-07-29,89,Unknown,Pomona,06-037-1701,AQS
1990-07-30,122,Unknown,Los Angeles-North Main Street,06-037-1103,AQS
1990-07-31,112,Unknown,Los Angeles-North Main Street,06-037-1103,AQS
1990-08-01,89,Unknown,Glendora,06-037-0016,AQS
1990-08-02,57,Unknown,Glendora,06-037-0016,AQS
1990-08-03,68,Unknown,Pomona,06-037-1701,AQS
1990-08-04,68,Unknown,Pomona,06-037-1701,AQS
1990-08-05,68,Unknown,Los Angeles-North Main Street,06-037-1103,AQS
1990-08-06,89,Unknown,Los Angeles-North Main Street,06-037-1103,AQS
1990-08-07,106,Unknown,Glendora,06-037-0016,AQS
1990-08-08,100,Unknown,Los Angeles-North Main Street,06-037-1103,AQS
1990-08-09,79,Unknown,Burbank,06-037-1002,AQS
1990-08-10,100,Unknown,Los Angeles-North Main Street,06-037-1103,AQS
1990-08-11,105,Unknown,Pomona,06-037-1701,AQS
1990-08-12,89,Unknown,Glendora,06-037-0016,AQS
1990-08-13,57,Unknown,Burbank,06-037-1002,AQS
1990-08-14,57,Unknown,Glendora,06-037-0016,AQS
1990-08-15,68,Unknown,Burbank,06-037-1002,AQS
1990-08-16,79,Unknown,Burbank,06-037-1002,AQS
1990-08-17,103,Unknown,Burbank,06-037-1002,AQS
1990-08-18,57,Unknown,Not Available,06-037-6002,AQS
1990-08-19,38,Unknown,Burbank,06-037-1002,AQS
1990-08-20,57,Unknown,Not Available,06-037-6002,AQS
1990-08-21,108,Unknown,Los Angeles-North Main Street,06-037-1103,AQS
1990-08-22,108,Unknown,Burbank,06-037-1002,AQS
1990-08-23,68,Unknown,Burbank,06-037-1002,AQS
1990-08-24,47,Unknown,Pomona,06-037-1701,AQS
1990-08-25,47,Unknown,Burbank,06-037-1002,AQS
1990-08-26,47,Unknown,Burbank,06-037-1002,AQS
1990-08-27,108,Unknown,Los Angeles-North Main Street,06-037-1103,AQS
1990-08-28,120,Unknown,Los Angeles-North Main Street,06-037-1103,AQS
1990-08-29,110,Unknown,Burbank,06-037-1002,AQS
1990-08-30,108,Unknown,Pomona,06-037-1701,AQS
1990-08-31,106,Unknown,Los Angeles-North Main Street,06-037-1103,AQS
1990-09-01,100,Unknown,Los Angeles-North Main Street,06-037-1103,AQS
1990-09-02,89,Unknown,Pomona,06-037-1701,AQS
1990-09-03,79,Unknown,Los Angeles-North Main Street,06-037-1103,AQS
1990-09-04,112,Unknown,Los Angeles-North Main Street,06-037-1103,AQS
1990-09-05,118,Unknown,Los Angeles-North Main Street,06-037-1103,AQS
1990-09-06,124,Unknown,Los Angeles-North Main Street,06-037-1103,AQS
1990-09-07,131,Unknown,Los Angeles-North Main Street,06-037-1103,AQS
1990-09-08,112,Unknown,Los Angeles-North Main Street,06-037-1103,AQS
1990-09-09,110,Unknown,Los Angeles-North Main Street,06-037-1103,AQS
1990-09-10,122,Unknown,Los Angeles-North Main Street,06-037-1103,AQS
1990-09-11,135,Unknown,Los Angeles-North Main Street,06-037-1103,AQS
1990-09-12,135,Unknown,Los Angeles-North Main Street,06-037-1103,AQS
1990-09-13,108,Unknown,Los Angeles-North Main Street,06-037-1103,AQS
1990-09-14,100,Unknown,Not Available,06-037-6002,AQS
1990-09-15,100,Unknown,Los Angeles-North Main Street,06-037-1103,AQS
1990-09-16,68,Unknown,Pomona,06-037-1701,AQS
1990-09-17,47,Unknown,Glendora,06-037-0016,AQS
1990-09-18,47,Unknown,Glendora,06-037-0016,AQS
1990-09-19,47,Unknown,Glendora,06-037-0016,AQS
1990-09-20,47,Unknown,Reseda,06-037-1201,AQS
1990-09-21,57,Unknown,Glendora,06-037-0016,AQS
1990-09-22,57,Unknown,West Los Angeles,06-037-0113,AQS
1990-09-23,47,Unknown,Glendora,06-037-0016,AQS
1990-09-24,79,Unknown,West Los Angeles,06-037-0113,AQS
1990-09-25,89,Unknown,Los Angeles-North Main Street,06-037-1103,AQS
1990-09-26,103,Unknown,Los Angeles-North Main Street,06-037-1103,AQS
1990-09-27,68,Unknown,Pomona,06-037-1701,AQS
1990-09-28,68,Unknown,Pomona,06-037-1701,AQS
1990-09-29,100,Unknown,Pomona,06-037-1701,AQS
1990-09-30,100,Unknown,Long Beach (North),06-037-4002,AQS
1990-10-01,68,Unknown,Glendora,06-037-0016,AQS
1990-10-02,68,Unknown,Glendora,06-037-0016,AQS
1990-10-03,103,Unknown,Los Angeles-North Main Street,06-037-1103,AQS
1990-10-04,114,Unknown,Long Beach (North),06-037-4002,AQS
1990-10-05,112,Unknown,Los Angeles-North Main Street,06-037-1103,AQS
1990-10-06,68,Unknown,Glendora,06-037-0016,AQS
1990-10-07,57,Unknown,Glendora,06-037-0016,AQS
1990-10-08,105,Unknown,West Los Angeles,06-037-0113,AQS
1990-10-09,106,Unknown,Burbank,06-037-1002,AQS
1990-10-10,114,Unknown,Not Available,06-037-2401,AQS
1990-10-11,112,Unknown,Pomona,06-037-1701,AQS
1990-10-12,127,Unknown,Los Angeles-North Main Street,06-037-1103,AQS
1990-10-13,108,Unknown,Pomona,06-037-1701,AQS
1990-10-14,79,Unknown,Reseda,06-037-1201,AQS
1990-10-15,100,Unknown,Glendora,06-037-0016,AQS
1990-10-16,103,Unknown,Not Available,06-037-6002,AQS
1990-10-17,89,Unknown,Los Angeles-North Main Street,06-037-1103,AQS
1990-10-18,100,Unknown,Not Available,06-037-1601,AQS
1990-10-19,68,Unknown,Glendora,06-037-0016,AQS
1990-10-20,89,Unknown,Pomona,06-037-1701,AQS
1990-10-21,89,Unknown,Pasadena,06-037-2005,AQS
1990-10-22,110,Unknown,Long Beach (North),06-037-4002,AQS
1990-10-23,122,Unknown,Pomona,06-037-1701,AQS
1990-10-24,125,Unknown,Not Available,06-037-2401,AQS
1990-10-25,125,Unknown,Not Available,06-037-2401,AQS
1990-10-26,133,Unknown,Long Beach (North),06-037-4002,AQS
1990-10-27,129,Unknown,Los Angeles-North Main Street,06-037-1103,AQS
1990-10-28,112,Unknown,Not Available,06-037-1601,AQS
1990-10-29,124,Unknown,Not Available,06-037-2401,AQS
1990-10-30,108,Unknown,Glendora,06-037-0016,AQS
1990-10-31,89,Unknown,Burbank,06-037-1002,AQS
1990-11-01,57,Unknown,Anaheim (1010 Harbor Blvd),06-059-0001,AQS
1990-11-02,79,Unknown,Lynwood,06-037-1301,AQS
1990-11-03,79,Unknown,Lynwood,06-037-1301,AQS
1990-11-04,100,Unknown,Pomona,06-037-1701,AQS
1990-11-05,108,Unknown,Long Beach (North),06-037-4002,AQS
1990-11-06,68,Unknown,Burbank,06-037-1002,AQS
1990-11-07,79,Unknown,Burbank,06-037-1002,AQS
1990-11-08,106,Unknown,Burbank,06-037-1002,AQS
1990-11-09,116,Unknown,Costa Mesa,06-059-1003,AQS
1990-11-10,112,Unknown,Costa Mesa,06-059-1003,AQS
1990-11-11,108,Unknown,Pomona,06-037-1701,AQS
1990-11-12,118,Unknown,Not Available,06-037-2401,AQS
1990-11-13,125,Unknown,Burbank,06-037-1002,AQS
1990-11-14,129,Unknown,Los Angeles-North Main Street,06-037-1103,AQS
1990-11-15,116,Unknown,West Los Angeles,06-037-0113,AQS
1990-11-16,120,Unknown,Los Angeles-North Main Street,06-037-1103,AQS
1990-11-17,79,Unknown,Pomona,06-037-1701,AQS
1990-11-18,100,Unknown,Pomona,06-037-1701,AQS
1990-11-19,79,Unknown,Glendora,06-037-0016,AQS
1990-11-20,68,Unknown,Long Beach (North),06-037-4002,AQS
1990-11-21,100,Unknown,Pomona,06-037-1701,AQS
1990-11-22,79,Unknown,Pomona,06-037-1701,AQS
1990-11-23,105,Unknown,Anaheim (1010 Harbor Blvd),06-059-0001,AQS
1990-11-24,100,Unknown,Not Available,06-037-6002,AQS
1990-11-25,89,Unknown,Burbank,06-037-1002,AQS
1990-11-26,57,Unknown,Anaheim (1010 Harbor Blvd),06-059-0001,AQS
1990-11-27,79,Unknown,Burbank,06-037-1002,AQS
1990-11-28,103,Unknown,Costa Mesa,06-059-1003,AQS
1990-11-29,105,Unknown,Burbank,06-037-1002,AQS
1990-11-30,110,Unknown,Not Available,06-037-1601,AQS
1990-12-01,112,Unknown,Anaheim (1010 Harbor Blvd),06-059-0001,AQS
1990-12-02,106,Unknown,Not Available,06-037-2401,AQS
1990-12-03,108,Unknown,Costa Mesa,06-059-1003,AQS
1990-12-04,108,Unknown,Costa Mesa,06-059-1003,AQS
1990-12-05,114,Unknown,Burbank,06-037-1002,AQS
1990-12-06,114,Unknown,Costa Mesa,06-059-1003,AQS
1990-12-07,114,Unknown,Costa Mesa,06-059-1003,AQS
1990-12-08,108,Unknown,Costa Mesa,06-059-1003,AQS
1990-12-09,106,Unknown,Lynwood,06-037-1301,AQS
1990-12-10,114,Unknown,Not Available,06-037-2401,AQS
1990-12-11,108,Unknown,Pasadena,06-037-2005,AQS
1990-12-12,89,Unknown,Glendora,06-037-0016,AQS
1990-12-13,89,Unknown,Lynwood,06-037-1301,AQS
1990-12-14,100,Unknown,Anaheim (1010 Harbor Blvd),06-059-0001,AQS
1990-12-15,89,Unknown,Hawthorne,06-037-5001,AQS
1990-12-16,57,Unknown,Lynwood,06-037-1301,AQS
1990-12-17,89,Unknown,Burbank,06-037-1002,AQS
1990-12-18,100,Unknown,Burbank,06-037-1002,AQS
1990-12-19,68,Unknown,Lynwood,06-037-1301,AQS
1990-12-20,57,Unknown,Lynwood,06-037-1301,AQS
1990-12-21,68,Unknown,Lynwood,06-037-1301,AQS
1990-12-22,68,Unknown,Lynwood,06-037-1301,AQS
1990-12-23,89,Unknown,Costa Mesa,06-059-1003,AQS
1990-12-24,68,Unknown,Los Angeles-North Main Street,06-037-1103,AQS
1990-12-25,79,Unknown,Anaheim (1010 Harbor Blvd),06-059-0001,AQS
1990-12-26,105,Unknown,Los Angeles-North Main Street,06-037-1103,AQS
1990-12-27,89,Unknown,Los Angeles-North Main Street,06-037-1103,AQS
1990-12-28,100,Unknown,Hawthorne,06-037-5001,AQS
1990-12-29,68,Unknown,Lynwood,06-037-1301,AQS
1990-12-30,79,Unknown,Lynwood,06-037-1301,AQS
1990-12-31,100,Unknown,La Habra,06-059-5001,AQS
1991-01-01,105,Unknown,Los Angeles-North Main Street,06-037-1103,AQS
1991-01-02,110,Unknown,Anaheim (1010 Harbor Blvd),06-059-0001,AQS
1991-01-03,105,Unknown,Anaheim (1010 Harbor Blvd),06-059-0001,AQS
1991-01-04,57,Unknown,Hawthorne,06-037-5001,AQS
1991-01-05,68,Unknown,Glendora,06-037-0016,AQS
1991-01-06,47,Unknown,Glendora,06-037-0016,AQS
1991-01-07,79,Unknown,Lynwood,06-037-1301,AQS
1991-01-08,105,Unknown,Glendora,06-037-0016,AQS
1991-01-09,68,Unknown,Glendora,06-037-0016,AQS
1991-01-10,110,Unknown,Burbank,06-037-1002,AQS
1991-01-11,112,Unknown,Anaheim (1010 Harbor Blvd),06-059-0001,AQS
1991-01-12,114,Unknown,Anaheim (1010 Harbor Blvd),06-059-0001,AQS
1991-01-13,110,Unknown,Long Beach (North),06-037-4002,AQS
1991-01-14,110,Unknown,Anaheim (1010 Harbor Blvd),06-059-0001,AQS
1991-01-15,114,Unknown,Los Angeles-North Main Street,06-037-1103,AQS
1991-01-16,68,Unknown,Lynwood,06-037-1301,AQS
1991-01-17,100,Unknown,Lynwood,06-037-1301,AQS
1991-01-18,103,Unknown,West Los Angeles,06-037-0113,AQS
1991-01-19,100,Unknown,Reseda,06-037-1201,AQS
1991-01-20,100,Unknown,Reseda,06-037-1201,AQS
1991-01-21,68,Unknown,Reseda,06-037-1201,AQS
1991-01-22,105,Unknown,Lynwood,06-037-1301,AQS
1991-01-23,105,Unknown,Reseda,06-037-1201,AQS
1991-01-24,103,Unknown,Azusa,06-037-0002,AQS
1991-01-25,106,Unknown,Anaheim (1010 Harbor Blvd),06-059-0001,AQS
1991-01-26,100,Unknown,Azusa,06-037-0002,AQS
1991-01-27,79,Unknown,Azusa,06-037-0002,AQS
1991-01-28,100,Unknown,Glendora,06-037-0016,AQS
1991-01-29,89,Unknown,Glendora,06-037-0016,AQS
1991-01-30,105,Unknown,Azusa,06-037-0002,AQS
1991-01-31,108,Unknown,Costa Mesa,06-059-1003,AQS
1991-02-01,108,Unknown,Anaheim (1010 Harbor Blvd),06-059-0001,AQS
1991-02-02,116,Unknown,Pasadena,06-037-2005,AQS
1991-02-03,110,Unknown,Reseda,06-037-1201,AQS
1991-02-04,122,Unknown,Lynwood,06-037-1301,AQS
1991-02-05,124,Unknown,Burbank,06-037-1002,AQS
1991-02-06,106,Unknown,Los Angeles-North Main Street,06-037-1103,AQS
1991-02-07,114,Unknown,Los Angeles-North Main Street,06-037-1103,AQS
1991-02-08,135,Unknown,Los Angeles-North Main Street,06-037-1103,AQS
1991-02-09,108,Unknown,Anaheim (1010 Harbor Blvd),06-059-0001,AQS
1991-02-10,105,Unknown,Anaheim (1010 Harbor Blvd),06-059-0001,AQS
1991-02-11,112,Unknown,Anaheim (1010 Harbor Blvd),06-059-0001,AQS
1991-02-12,105,Unknown,Anaheim (1010 Harbor Blvd),06-059-0001,AQS
1991-02-13,116,Unknown,Pasadena,06-037-2005,AQS
1991-02-14,129,Unknown,West Los Angeles,06-037-0113,AQS
1991-02-15,118,Unknown,Azusa,06-037-0002,AQS
1991-02-16,68,Unknown,West Los Angeles,06-037-0113,AQS
1991-02-17,47,Unknown,West Los Angeles,06-037-0113,AQS
1991-02-18,100,Unknown,Burbank,06-037-1002,AQS
1991-02-19,100,Unknown,Reseda,06-037-1201,AQS
1991-02-20,114,Unknown,Long Beach (North),06-037-4002,AQS
1991-02-21,124,Unknown,Lynwood,06-037-1301,AQS
1991-02-22,114,Unknown,Los Angeles-North Main Street,06-037-1103,AQS
1991-02-23,106,Unknown,Reseda,06-037-1201,AQS
1991-02-24,79,Unknown,Azusa,06-037-0002,AQS
1991-02-25,116,Unknown,Los Angeles-North Main Street,06-037-1103,AQS
1991-02-26,100,Unknown,Pomona,06-037-1701,AQS
1991-02-27,57,Unknown,Azusa,06-037-0002,AQS
1991-02-28,57,Unknown,Long Beach (North),06-037-4002,AQS
1991-03-01,57,Unknown,Los Angeles-North Main Street,06-037-1103,AQS
1991-03-02,47,Unknown,Azusa,06-037-0002,AQS
1991-03-03,68,Unknown,Azusa,06-037-0002,AQS
1991-03-04,112,Unknown,Long Beach (North),06-037-4002,AQS
1991-03-05,57,Unknown,Long Beach (North),06-037-4002,AQS
1991-03-06,68,Unknown,Long Beach (North),06-037-4002,AQS
1991-03-07,89,Unknown,Los Angeles-North Main Street,06-037-1103,AQS
1991-03-08,100,Unknown,Los Angeles-North Main Street,06-037-1103,AQS
1991-03-09,100,Unknown,Hawthorne,06-037-5001,AQS
1991-03-10,68,Unknown,Los Angeles-North Main Street,06-037-1103,AQS
1991-03-11,57,Unknown,Los Angeles-North Main Street,06-037-1103,AQS
1991-03-12,89,Unknown,Long Beach (North),06-037-4002,AQS
1991-03-13,68,Unknown,Los Angeles-North Main Street,06-037-1103,AQS
1991-03-14,47,Unknown,Azusa,06-037-0002,AQS
1991-03-15,57,Unknown,West Los Angeles,06-037-0113,AQS
1991-03-16,68,Unknown,West Los Angeles,06-037-0113,AQS
1991-03-17,68,Unknown,Los Angeles-North Main Street,06-037-1103,AQS
1991-03-18,68,Unknown,Los Angeles-North Main Street,06-037-1103,AQS
1991-03-19,47,Unknown,Los Angeles-North Main Street,06-037-1103,AQS
1991-03-20,47,Unknown,Los Angeles-North Main Street,06-037-1103,AQS
1991-03-21,68,Unknown,Los Angeles-North Main Street,06-037-1103,AQS
1991-03-22,57,Unknown,Los Angeles-North Main Street,06-037-1103,AQS
1991-03-23,57,Unknown,Glendora,06-037-0016,AQS
1991-03-24,68,Unknown,Los Angeles-North Main Street,06-037-1103,AQS
1991-03-25,57,Unknown,Los Angeles-North Main Street,06-037-1103,AQS
1991-03-26,47,Unknown,Long Beach (North),06-037-4002,AQS
1991-03-27,89,Unknown,Anaheim (1010 Harbor Blvd),06-059-0001,AQS
1991-03-28,100,Unknown,Los Angeles-North Main Street,06-037-1103,AQS
1991-03-29,68,Unknown,Azusa,06-037-0002,AQS
1991-03-30,100,Unknown,Los Angeles-North Main Street,06-037-1103,AQS
1991-03-31,89,Unknown,Pasadena,06-037-2005,AQS
1991-04-01,47,Unknown,Glendora,06-037-0016,AQS
1991-04-02,89,Unknown,West Los Angeles,06-037-0113,AQS
1991-04-03,108,Unknown,Long Beach (North),06-037-4002,AQS
1991-04-04,114,Unknown,Long Beach (North),06-037-4002,AQS
1991-04-05,114,Unknown,Reseda,06-037-1201,AQS
1991-04-06,105,Unknown,Burbank,06-037-1002,AQS
1991-04-07,57,Unknown,Pomona,06-037-1701,AQS
1991-04-08,100,Unknown,Pasadena,06-037-2005,AQS
1991-04-09,116,Unknown,Long Beach (North),06-037-4002,AQS
1991-04-10,89,Unknown,Pomona,06-037-1701,AQS
1991-04-11,68,Unknown,Long Beach (North),06-037-4002,AQS
1991-04-12,79,Unknown,Not Available,06-037-2401,AQS
1991-04-13,79,Unknown,Reseda,06-037-1201,AQS
1991-04-14,68,Unknown,Los Angeles-North Main Street,06-037-1103,AQS
1991-04-15,68,Unknown,Not Available,06-037-6002,AQS
1991-04-16,47,Unknown,Reseda,06-037-1201,AQS
1991-04-17,57,Unknown,Pomona,06-037-1701,AQS
1991-04-18,68,Unknown,Not Available,06-037-1601,AQS
1991-04-19,79,Unknown,Not Available,06-037-6002,AQS
1991-04-20,57,Unknown,Pomona,06-037-1701,AQS
1991-04-21,79,Unknown,La Habra,06-059-5001,AQS
1991-04-22,57,Unknown,Long Beach (North),06-037-4002,AQS
1991-04-23,57,Unknown,Long Beach (North),06-037-4002,AQS
1991-04-24,47,Unknown,Azusa,06-037-0002,AQS
1991-04-25,57,Unknown,Long Beach (North),06-037-4002,AQS
1991-04-26,68,Unknown,Pomona,06-037-1701,AQS
1991-04-27,68,Unknown,Anaheim (1010 Harbor Blvd),06-059-0001,AQS
1991-04-28,79,Unknown,La Habra,06-059-5001,AQS
1991-04-29,100,Unknown,Lynwood,06-037-1301,AQS
1991-04-30,103,Unknown,Los Angeles-North Main Street,06-037-1103,AQS
1991-05-01,57,Unknown,Not Available,06-037-1601,AQS
1991-05-02,57,Unknown,Long Beach (North),06-037-4002,AQS
1991-05-03,57,Unknown,Pomona,06-037-1701,AQS
1991-05-04,89,Unknown,Pomona,06-037-1701,AQS
1991-05-05,100,Unknown,Hawthorne,06-037-5001,AQS
1991-05-06,106,Unknown,Los Angeles-North Main Street,06-037-1103,AQS
1991-05-07,105,Unknown,Los Angeles-North Main Street,06-037-1103,AQS
1991-05-08,79,Unknown,Glendora,06-037-0016,AQS
1991-05-09,47,Unknown,Los Angeles-North Main Street,06-037-1103,AQS
1991-05-10,68,Unknown,Not Available,06-037-6002,AQS
1991-05-11,57,Unknown,Pomona,06-037-1701,AQS
1991-05-12,68,Unknown,Los Angeles-North Main Street,06-037-1103,AQS
1991-05-13,68,Unknown,Pasadena,06-037-2005,AQS
1991-05-14,57,Unknown,Pomona,06-037-1701,AQS
1991-05-15,100,Unknown,Reseda,06-037-1201,AQS
1991-05-16,100,Unknown,Los Angeles-North Main Street,06-037-1103,AQS
1991-05-17,57,Unknown,Los Angeles-North Main Street,06-037-1103,AQS
1991-05-18,57,Unknown,Pomona,06-037-1701,AQS
1991-05-19,57,Unknown,Pomona,06-037-1701,AQS
1991-05-20,68,Unknown,Reseda,06-037-1201,AQS
1991-05-21,57,Unknown,Pomona,06-037-1701,AQS
1991-05-22,68,Unknown,Pomona,06-037-1701,AQS
1991-05-23,89,Unknown,Pasadena,06-037-2005,AQS
1991-05-24,100,Unknown,Los Angeles-North Main Street,06-037-1103,AQS
1991-05-25,79,Unknown,Pomona,06-037-1701,AQS
1991-05-26,47,Unknown,Reseda,06-037-1201,AQS
1991-05-27,47,Unknown,Not Available,06-037-1601,AQS
1991-05-28,79,Unknown,Pomona,06-037-1701,AQS
1991-05-29,68,Unknown,Pomona,06-037-1701,AQS
1991-05-30,57,Unknown,Long Beach (North),06-037-4002,AQS
1991-05-31,57,Unknown,Pomona,06-037-1701,AQS
1991-06-01,89,Unknown,La Habra,06-059-5001,AQS
1991-06-02,57,Unknown,Los Angeles-North Main Street,06-037-1103,AQS
1991-06-03,100,Unknown,Pomona,06-037-1701,AQS
1991-06-04,100,Unknown,Los Angeles-North Main Street,06-037-1103,AQS
1991-06-05,68,Unknown,Reseda,06-037-1201,AQS
1991-06-06,79,Unknown,Los Angeles-North Main Street,06-037-1103,AQS
1991-06-07,103,Unknown,Pomona,06-037-1701,AQS
1991-06-08,79,Unknown,Pomona,06-037-1701,AQS
1991-06-09,89,Unknown,La Habra,06-059-5001,AQS
1991-06-10,103,Unknown,Pasadena,06-037-2005,AQS
1991-06-11,89,Unknown,Pomona,06-037-1701,AQS
1991-06-12,68,Unknown,Los Angeles-North Main Street,06-037-1103,AQS
1991-06-13,57,Unknown,Pomona,06-037-1701,AQS
1991-06-14,57,Unknown,Los Angeles-North Main Street,06-037-1103,AQS
1991-06-15,57,Unknown,Not Available,06-037-1601,AQS
1991-06-16,79,Unknown,Pomona,06-037-1701,AQS
1991-06-17,106,Unknown,Burbank,06-037-1002,AQS
1991-06-18,100,Unknown,Burbank,06-037-1002,AQS
1991-06-19,68,Unknown,Los Angeles-North Main Street,06-037-1103,AQS
1991-06-20,68,Unknown,Not Available,06-037-6002,AQS
1991-06-21,68,Unknown,Not Available,06-037-6002,AQS
1991-06-22,57,Unknown,Not Available,06-037-1601,AQS
1991-06-23,47,Unknown,Burbank,06-037-1002,AQS
1991-06-24,47,Unknown,Burbank,06-037-1002,AQS
1991-06-25,57,Unknown,Pomona,06-037-1701,AQS
1991-06-26,57,Unknown,Los Angeles-North Main Street,06-037-1103,AQS
1991-06-27,47,Unknown,Glendora,06-037-0016,AQS
1991-06-28,47,Unknown,Pomona,06-037-1701,AQS
1991-06-29,79,Unknown,Los Angeles-North Main Street,06-037-1103,AQS
1991-06-30,100,Unknown,Los Angeles-North Main Street,06-037-1103,AQS
1991-07-01,108,Unknown,Burbank,06-037-1002,AQS
1991-07-02,105,Unknown,Pomona,06-037-1701,AQS
1991-07-03,103,Unknown,Burbank,06-037-1002,AQS
1991-07-04,68,Unknown,Glendora,06-037-0016,AQS
1991-07-05,89,Unknown,Burbank,06-037-1002,AQS
1991-07-06,79,Unknown,Glendora,06-037-0016,AQS
1991-07-07,57,Unknown,Long Beach (North),06-037-4002,AQS
1991-07-08,89,Unknown,Pasadena,06-037-2005,AQS
1991-07-09,68,Unknown,Glendora,06-037-0016,AQS
1991-07-10,79,Unknown,Not Available,06-037-6002,AQS
1991-07-11,79,Unknown,Glendora,06-037-0016,AQS
1991-07-12,89,Unknown,Los Angeles-North Main Street,06-037-1103,AQS
1991-07-13,79,Unknown,Pomona,06-037-1701,AQS
1991-07-14,57,Unknown,Pomona,06-037-1701,AQS
1991-07-15,89,Unknown,Not Available,06-037-6002,AQS
1991-07-16,79,Unknown,Los Angeles-North Main Street,06-037-1103,AQS
1991-07-17,68,Unknown,Los Angeles-North Main Street,06-037-1103,AQS
1991-07-18,57,Unknown,Azusa,06-037-0002,AQS
1991-07-19,68,Unknown,Pomona,06-037-1701,AQS
1991-07-20,68,Unknown,Pomona,06-037-1701,AQS
1991-07-21,57,Unknown,Los Angeles-North Main Street,06-037-1103,AQS
1991-07-22,79,Unknown,Not Available,06-037-6002,AQS
1991-07-23,79,Unknown,Los Angeles-North Main Street,06-037-1103,AQS
1991-07-24,79,Unknown,Not Available,06-037-6002,AQS
1991-07-25,68,Unknown,Pomona,06-037-1701,AQS
1991-07-26,79,Unknown,Not Available,06-037-6002,AQS
1991-07-27,89,Unknown,Pomona,06-037-1701,AQS
1991-07-28,105,Unknown,Los Angeles-North Main Street,06-037-1103,AQS
1991-07-29,100,Unknown,Los Angeles-North Main Street,06-037-1103,AQS
1991-07-30,100,Unknown,Not Available,06-037-6002,AQS
1991-07-31,103,Unknown,Glendora,06-037-0016,AQS
1991-08-01,89,Unknown,Pasadena,06-037-2005,AQS
1991-08-02,100,Unknown,Burbank,06-037-1002,AQS
1991-08-03,68,Unknown,Glendora,06-037-0016,AQS
1991-08-04,47,Unknown,Glendora,06-037-0016,AQS
1991-08-05,57,Unknown,West Los Angeles,06-037-0113,AQS
1991-08-06,57,Unknown,Azusa,06-037-0002,AQS
1991-08-07,103,Unknown,Pomona,06-037-1701,AQS
1991-08-08,112,Unknown,Pasadena,06-037-2005,AQS
1991-08-09,110,Unknown,Burbank,06-037-1002,AQS
1991-08-10,89,Unknown,Burbank,06-037-1002,AQS
1991-08-11,79,Unknown,Burbank,06-037-1002,AQS
1991-08-12,105,Unknown,Lynwood,06-037-1301,AQS
1991-08-13,79,Unknown,Pomona,06-037-1701,AQS
1991-08-14,47,Unknown,Glendora,06-037-0016,AQS
1991-08-15,57,Unknown,Pomona,06-037-1701,AQS
1991-08-16,79,Unknown,Glendora,06-037-0016,AQS
1991-08-17,68,Unknown,Azusa,06-037-0002,AQS
1991-08-18,79,Unknown,Azusa,06-037-0002,AQS
1991-08-19,103,Unknown,Los Angeles-North Main Street,06-037-1103,AQS
1991-08-20,103,Unknown,Los Angeles-North Main Street,06-037-1103,AQS
1991-08-21,120,Unknown,Pasadena,06-037-2005,AQS
1991-08-22,105,Unknown,Burbank,06-037-1002,AQS
1991-08-23,110,Unknown,Los Angeles-North Main Street,06-037-1103,AQS
1991-08-24,79,Unknown,Burbank,06-037-1002,AQS
1991-08-25,68,Unknown,Burbank,06-037-1002,AQS
1991-08-26,79,Unknown,Azusa,06-037-0002,AQS
1991-08-27,79,Unknown,Not Available,06-037-1601,AQS
1991-08-28,105,Unknown,Pomona,06-037-1701,AQS
1991-08-29,106,Unknown,Pomona,06-037-1701,AQS
1991-08-30,116,Unknown,Los Angeles-North Main Street,06-037-1103,AQS
1991-08-31,106,Unknown,Pomona,06-037-1701,AQS
1991-09-01,89,Unknown,Pomona,06-037-1701,AQS
1991-09-02,79,Unknown,Glendora,06-037-0016,AQS
1991-09-03,110,Unknown,Los Angeles-North Main Street,06-037-1103,AQS
1991-09-04,105,Unknown,Pasadena,06-037-2005,AQS
1991-09-05,103,Unknown,Glendora,06-037-0016,AQS
1991-09-06,89,Unknown,Glendora,06-037-0016,AQS
1991-09-07,79,Unknown,Pomona,06-037-1701,AQS
1991-09-08,68,Unknown,Glendora,06-037-0016,AQS
1991-09-09,47,Unknown,Azusa,06-037-0002,AQS
1991-09-10,57,Unknown,Burbank,06-037-1002,AQS
1991-09-11,79,Unknown,Los Angeles-North Main Street,06-037-1103,AQS
1991-09-12,89,Unknown,Glendora,06-037-0016,AQS
1991-09-13,89,Unknown,Burbank,06-037-1002,AQS
1991-09-14,57,Unknown,Glendora,06-037-0016,AQS
1991-09-15,79,Unknown,Reseda,06-037-1201,AQS
1991-09-16,114,Unknown,Los Angeles-North Main Street,06-037-1103,AQS
1991-09-17,122,Unknown,Los Angeles-North Main Street,06-037-1103,AQS
1991-09-18,106,Unknown,Glendora,06-037-0016,AQS
1991-09-19,122,Unknown,Los Angeles-North Main Street,06-037-1103,AQS
1991-09-20,114,Unknown,Burbank,06-037-1002,AQS
1991-09-21,105,Unknown,Not Available,06-037-1601,AQS
1991-09-22,112,Unknown,Los Angeles-North Main Street,06-037-1103,AQS
1991-09-23,120,Unknown,Los Angeles-North Main Street,06-037-1103,AQS
1991-09-24,129,Unknown,Not Available,06-037-1601,AQS
1991-09-25,124,Unknown,Pasadena,06-037-2005,AQS
1991-09-26,116,Unknown,Los Angeles-North Main Street,06-037-1103,AQS
1991-09-27,116,Unknown,Los Angeles-North Main Street,06-037-1103,AQS
1991-09-28,118,Unknown,Los Angeles-North Main Street,06-037-1103,AQS
1991-09-29,100,Unknown,Glendora,06-037-0016,AQS
1991-09-30,106,Unknown,Not Available,06-037-1601,AQS
1991-10-01,135,Unknown,Long Beach (North),06-037-4002,AQS
1991-10-02,122,Unknown,Lynwood,06-037-1301,AQS
1991-10-03,112,Unknown,Not Available,06-037-1601,AQS
1991-10-04,108,Unknown,Burbank,06-037-1002,AQS
1991-10-05,100,Unknown,Glendora,06-037-0016,AQS
1991-10-06,105,Unknown,Pomona,06-037-1701,AQS
1991-10-07,135,Unknown,Los Angeles-North Main Street,06-037-1103,AQS
1991-10-08,137,Unknown,Burbank,06-037-1002,AQS
1991-10-09,129,Unknown,Los Angeles-North Main Street,06-037-1103,AQS
1991-10-10,120,Unknown,Long Beach (North),06-037-4002,AQS
1991-10-11,116,Unknown,Los Angeles-North Main Street,06-037-1103,AQS
1991-10-12,105,Unknown,Hawthorne,06-037-5001,AQS
1991-10-13,100,Unknown,Burbank,06-037-1002,AQS
1991-10-14,118,Unknown,Los Angeles-North Main Street,06-037-1103,AQS
1991-10-15,122,Unknown,Burbank,06-037-1002,AQS
1991-10-16,118,Unknown,Los Angeles-North Main Street,06-037-1103,AQS
1991-10-17,118,Unknown,Los Angeles-North Main Street,06-037-1103,AQS
1991-10-18,131,Unknown,Lynwood,06-037-1301,AQS
1991-10-19,142,Unknown,Los Angeles-North Main Street,06-037-1103,AQS
1991-10-20,110,Unknown,Pomona,06-037-1701,AQS
1991-10-21,57,Unknown,Glendora,06-037-0016,AQS
1991-10-22,57,Unknown,Pomona,06-037-1701,AQS
1991-10-23,57,Unknown,Long Beach (North),06-037-4002,AQS
1991-10-24,57,Unknown,Reseda,06-037-1201,AQS
1991-10-25,68,Unknown,Not Available,06-037-1601,AQS
1991-10-26,57,Unknown,Pomona,06-037-1701,AQS
1991-10-27,57,Unknown,Pomona,06-037-1701,AQS
1991-10-28,79,Unknown,Lynwood,06-037-1301,AQS
1991-10-29,103,Unknown,Not Available,06-037-1601,AQS
1991-10-30,120,Unknown,Lynwood,06-037-1301,AQS
1991-10-31,110,Unknown,Long Beach (North),06-037-4002,AQS
1991-11-01,108,Unknown,Long Beach (North),06-037-4002,AQS
1991-11-02,122,Unknown,Long Beach (North),06-037-4002,AQS
1991-11-03,118,Unknown,Los Angeles-North Main Street,06-037-1103,AQS
1991-11-04,114,Unknown,Pomona,06-037-1701,AQS
1991-11-05,122,Unknown,Hawthorne,06-037-5001,AQS
1991-11-06,127,Unknown,West Los Angeles,06-037-0113,AQS
1991-11-07,154,Unknown,Los Angeles-North Main Street,06-037-1103,AQS
1991-11-08,116,Unknown,Pasadena,06-037-2005,AQS
1991-11-09,100,Unknown,Glendora,06-037-0016,AQS
1991-11-10,89,Unknown,Azusa,06-037-0002,AQS
1991-11-11,116,Unknown,Anaheim (1010 Harbor Blvd),06-059-0001,AQS
1991-11-12,110,Unknown,Long Beach (North),06-037-4002,AQS
1991-11-13,103,Unknown,Burbank,06-037-1002,AQS
1991-11-14,79,Unknown,La Habra,06-059-5001,AQS
1991-11-15,68,Unknown,Glendora,06-037-0016,AQS
1991-11-16,79,Unknown,Glendora,06-037-0016,AQS
1991-11-17,68,Unknown,Burbank,06-037-1002,AQS
1991-11-18,79,Unknown,Los Angeles-North Main Street,06-037-1103,AQS
1991-11-19,108,Unknown,Los Angeles-North Main Street,06-037-1103,AQS
1991-11-20,103,Unknown,Anaheim (1010 Harbor Blvd),06-059-0001,AQS
1991-11-21,114,Unknown,Lynwood,06-037-1301,AQS
1991-11-22,118,Unknown,Not Available,06-037-2401,AQS
1991-11-23,105,Unknown,Lynwood,06-037-1301,AQS
1991-11-24,89,Unknown,Lynwood,06-037-1301,AQS
1991-11-25,129,Unknown,Azusa,06-037-0002,AQS
1991-11-26,125,Unknown,Pasadena,06-037-2005,AQS
1991-11-27,133,Unknown,Long Beach (North),06-037-4002,AQS
1991-11-28,103,Unknown,Long Beach (North),06-037-4002,AQS
1991-11-29,57,Unknown,Glendora,06-037-0016,AQS
1991-11-30,79,Unknown,Lynwood,06-037-1301,AQS
1991-12-01,68,Unknown,Pomona,06-037-1701,AQS
1991-12-02,79,Unknown,Burbank,06-037-1002,AQS
1991-12-03,103,Unknown,Azusa,06-037-0002,AQS
1991-12-04,112,Unknown,Anaheim (1010 Harbor Blvd),06-059-0001,AQS
1991-12-05,116,Unknown,Not Available,06-037-1601,AQS
1991-12-06,139,Unknown,Pasadena,06-037-2005,AQS
1991-12-07,106,Unknown,Pasadena,06-037-2005,AQS
1991-12-08,68,Unknown,Lynwood,06-037-1301,AQS
1991-12-09,89,Unknown,Lynwood,06-037-1301,AQS
1991-12-10,100,Unknown,Lynwood,06-037-1301,AQS
1991-12-11,79,Unknown,Not Available,06-037-6002,AQS
1991-12-12,105,Unknown,Azusa,06-037-0002,AQS
1991-12-13,114,Unknown,Lynwood,06-037-1301,AQS
1991-12-14,112,Unknown,Costa Mesa,06-059-1003,AQS
1991-12-15,103,Unknown,Lynwood,06-037-1301,AQS
1991-12-16,103,Unknown,West Los Angeles,06-037-0113,AQS
1991-12-17,103,Unknown,Lynwood,06-037-1301,AQS
1991-12-18,79,Unknown,Burbank,06-037-1002,AQS
1991-12-19,79,Unknown,Los Angeles-North Main Street,06-037-1103,AQS
1991-12-20,120,Unknown,Lynwood,06-037-1301,AQS
1991-12-21,103,Unknown,Lynwood,06-037-1301,AQS
1991-12-22,79,Unknown,Reseda,06-037-1201,AQS
1991-12-23,100,Unknown,Lynwood,06-037-1301,AQS
1991-12-24,106,Unknown,Long Beach (North),06-037-4002,AQS
1991-12-25,100,Unknown,Reseda,06-037-1201,AQS
1991-12-26,106,Unknown,Pasadena,06-037-2005,AQS
1991-12-27,100,Unknown,Los Angeles-North Main Street,06-037-1103,AQS
1991-12-28,47,Unknown,West Los Angeles,06-037-0113,AQS
1991-12-29,38,Unknown,West Los Angeles,06-037-0113,AQS
1991-12-30,47,Unknown,Azusa,06-037-0002,AQS
1991-12-31,103,Unknown,Los Angeles-North Main Street,06-037-1103,AQS
1992-01-01,105,Unknown,Lynwood,06-037-1301,AQS
1992-01-02,79,Unknown,Costa Mesa,06-059-1003,AQS
1992-01-03,57,Unknown,Los Angeles-North Main Street,06-037-1103,AQS
1992-01-04,68,Unknown,Burbank,06-037-1002,AQS
1992-01-05,47,Unknown,West Los Angeles,06-037-0113,AQS
1992-01-06,110,Unknown,Anaheim (1010 Harbor Blvd),06-059-0001,AQS
1992-01-07,57,Unknown,Long Beach (North),06-037-4002,AQS
1992-01-08,105,Unknown,Lynwood,06-037-1301,AQS
1992-01-09,106,Unknown,Long Beach (North),06-037-4002,AQS
1992-01-10,112,Unknown,Long Beach (North),06-037-4002,AQS
1992-01-11,105,Unknown,Azusa,06-037-0002,AQS
1992-01-12,68,Unknown,Lynwood,06-037-1301,AQS
1992-01-13,103,Unknown,Burbank,06-037-1002,AQS
1992-01-14,108,Unknown,Long Beach (North),06-037-4002,AQS
1992-01-15,110,Unknown,Long Beach (North),06-037-4002,AQS
1992-01-16,100,Unknown,Anaheim (1010 Harbor Blvd),06-059-0001,AQS
1992-01-17,106,Unknown,West Los Angeles,06-037-0113,AQS
1992-01-18,105,Unknown,Hawthorne,06-037-5001,AQS
1992-01-19,100,Unknown,Lynwood,06-037-1301,AQS
1992-01-20,79,Unknown,Long Beach (North),06-037-4002,AQS
1992-01-21,103,Unknown,Not Available,06-037-6002,AQS
1992-01-22,112,Unknown,Long Beach (North),06-037-4002,AQS
1992-01-23,114,Unknown,Anaheim (1010 Harbor Blvd),06-059-0001,AQS
1992-01-24,112,Unknown,Anaheim (1010 Harbor Blvd),06-059-0001,AQS
1992-01-25,118,Unknown,Anaheim (1010 Harbor Blvd),06-059-0001,AQS
1992-01-26,110,Unknown,Anaheim (1010 Harbor Blvd),06-059-0001,AQS
1992-01-27,124,Unknown,Pasadena,06-037-2005,AQS
1992-01-28,124,Unknown,Los Angeles-North Main Street,06-037-1103,AQS
1992-01-29,118,Unknown,Hawthorne,06-037-5001,AQS
1992-01-30,118,Unknown,Anaheim (1010 Harbor Blvd),06-059-0001,AQS
1992-01-31,108,Unknown,Not Available,06-037-2401,AQS
1992-02-01,105,Unknown,Long Beach (North),06-037-4002,AQS
1992-02-02,100,Unknown,Long Beach (North),06-037-4002,AQS
1992-02-03,116,Unknown,Lynwood,06-037-1301,AQS
1992-02-04,112,Unknown,Lancaster-Ponderosa St.,06-037-9002,AQS
1992-02-05,106,Unknown,Burbank,06-037-1002,AQS
1992-02-06,57,Unknown,Anaheim (1010 Harbor Blvd),06-059-0001,AQS
1992-02-07,57,Unknown,Burbank,06-037-1002,AQS
1992-02-08,68,Unknown,Burbank,06-037-1002,AQS
1992-02-09,68,Unknown,Burbank,06-037-1002,AQS
1992-02-10,57,Unknown,Burbank,06-037-1002,AQS
1992-02-11,57,Unknown,Burbank,06-037-1002,AQS
1992-02-12,47,Unknown,Glendora,06-037-0016,AQS
1992-02-13,57,Unknown,Burbank,06-037-1002,AQS
1992-02-14,68,Unknown,Burbank,06-037-1002,AQS
1992-02-15,57,Unknown,Burbank,06-037-1002,AQS
1992-02-16,47,Unknown,Burbank,06-037-1002,AQS
1992-02-17,57,Unknown,Azusa,06-037-0002,AQS
1992-02-18,89,Unknown,Burbank,06-037-1002,AQS
1992-02-19,103,Unknown,Burbank,06-037-1002,AQS
1992-02-20,79,Unknown,Burbank,06-037-1002,AQS
1992-02-21,103,Unknown,Burbank,06-037-1002,AQS
1992-02-22,118,Unknown,Pasadena,06-037-2005,AQS
1992-02-23,89,Unknown,Burbank,06-037-1002,AQS
1992-02-24,103,Unknown,Lynwood,06-037-1301,AQS
1992-02-25,112,Unknown,Not Available,06-037-1601,AQS
1992-02-26,108,Unknown,Lynwood,06-037-1301,AQS
1992-02-27,108,Unknown,Burbank,06-037-1002,AQS
1992-02-28,105,Unknown,Burbank,06-037-1002,AQS
1992-02-29,103,Unknown,Burbank,06-037-1002,AQS
1992-03-01,79,Unknown,Burbank,06-037-1002,AQS
1992-03-02,68,Unknown,Burbank,06-037-1002,AQS
1992-03-03,68,Unknown,Burbank,06-037-1002,AQS
1992-03-04,57,Unknown,Burbank,06-037-1002,AQS
1992-03-05,57,Unknown,Burbank,06-037-1002,AQS
1992-03-06,57,Unknown,Burbank,06-037-1002,AQS
1992-03-07,57,Unknown,Burbank,06-037-1002,AQS
1992-03-08,57,Unknown,Burbank,06-037-1002,AQS
1992-03-09,89,Unknown,Not Available,06-037-1601,AQS
1992-03-10,112,Unknown,Not Available,06-037-1601,AQS
1992-03-11,116,Unknown,Not Available,06-037-1601,AQS
1992-03-12,103,Unknown,Burbank,06-037-1002,AQS
1992-03-13,89,Unknown,Burbank,06-037-1002,AQS
1992-03-14,79,Unknown,Burbank,06-037-1002,AQS
1992-03-15,68,Unknown,Burbank,06-037-1002,AQS
1992-03-16,68,Unknown,Burbank,06-037-1002,AQS
1992-03-17,79,Unknown,Burbank,06-037-1002,AQS
1992-03-18,57,Unknown,Azusa,06-037-0002,AQS
1992-03-19,89,Unknown,Azusa,06-037-0002,AQS
1992-03-20,68,Unknown,Burbank,06-037-1002,AQS
1992-03-21,47,Unknown,Burbank,06-037-1002,AQS
1992-03-22,47,Unknown,Burbank,06-037-1002,AQS
1992-03-23,47,Unknown,Pomona,06-037-1701,AQS
1992-03-24,79,Unknown,Burbank,06-037-1002,AQS
1992-03-25,89,Unknown,Glendora,06-037-0016,AQS
1992-03-26,68,Unknown,Reseda,06-037-1201,AQS
1992-03-27,57,Unknown,Lynwood,06-037-1301,AQS
1992-03-28,47,Unknown,Reseda,06-037-1201,AQS
1992-03-29,38,Unknown,Azusa,06-037-0002,AQS
1992-03-30,47,Unknown,Glendora,06-037-0016,AQS
1992-03-31,57,Unknown,Azusa,06-037-0002,AQS
1992-04-01,89,Unknown,Long Beach (North),06-037-4002,AQS
1992-04-02,89,Unknown,Lynwood,06-037-1301,AQS
1992-04-03,89,Unknown,Pomona,06-037-1701,AQS
1992-04-04,68,Unknown,Burbank,06-037-1002,AQS
1992-04-05,57,Unknown,West Los Angeles,06-037-0113,AQS
1992-04-06,57,Unknown,La Habra,06-059-5001,AQS
1992-04-07,79,Unknown,Not Available,06-037-1601,AQS
1992-04-08,103,Unknown,Los Angeles-North Main Street,06-037-1103,AQS
1992-04-09,79,Unknown,Pomona,06-037-1701,AQS
1992-04-10,100,Unknown,Pomona,06-037-1701,AQS
1992-04-11,68,Unknown,Pomona,06-037-1701,AQS
1992-04-12,68,Unknown,Pomona,06-037-1701,AQS
1992-04-13,89,Unknown,Long Beach (North),06-037-4002,AQS
1992-04-14,47,Unknown,Azusa,06-037-0002,AQS
1992-04-15,57,Unknown,Azusa,06-037-0002,AQS
1992-04-16,68,Unknown,Pomona,06-037-1701,AQS
1992-04-17,89,Unknown,Los Angeles-North Main Street,06-037-1103,AQS
1992-04-18,103,Unknown,Pomona,06-037-1701,AQS
1992-04-19,79,Unknown,Azusa,06-037-0002,AQS
1992-04-20,79,Unknown,West Los Angeles,06-037-0113,AQS
1992-04-21,100,Unknown,West Los Angeles,06-037-0113,AQS
1992-04-22,68,Unknown,Reseda,06-037-1201,AQS
1992-04-23,105,Unknown,Burbank,06-037-1002,AQS
1992-04-24,114,Unknown,Lynwood,06-037-1301,AQS
1992-04-25,114,Unknown,Lynwood,06-037-1301,AQS
1992-04-26,103,Unknown,Burbank,06-037-1002,AQS
1992-04-27,108,Unknown,Lynwood,06-037-1301,AQS
1992-04-28,106,Unknown,Not Available,06-037-1601,AQS
1992-04-29,105,Unknown,Burbank,06-037-1002,AQS
1992-04-30,100,Unknown,Pomona,06-037-1701,AQS
1992-05-01,68,Unknown,Burbank,06-037-1002,AQS
1992-05-02,79,Unknown,Los Angeles-North Main Street,06-037-1103,AQS
1992-05-03,68,Unknown,Pomona,06-037-1701,AQS
1992-05-04,79,Unknown,Burbank,06-037-1002,AQS
1992-05-05,79,Unknown,Azusa,06-037-0002,AQS
1992-05-06,57,Unknown,Los Angeles-North Main Street,06-037-1103,AQS
1992-05-07,57,Unknown,Los Angeles-North Main Street,06-037-1103,AQS
1992-05-08,79,Unknown,Burbank,06-037-1002,AQS
1992-05-09,47,Unknown,Burbank,06-037-1002,AQS
1992-05-10,38,Unknown,Lynwood,06-037-1301,AQS
1992-05-11,57,Unknown,Azusa,06-037-0002,AQS
1992-05-12,89,Unknown,Los Angeles-North Main Street,06-037-1103,AQS
1992-05-13,68,Unknown,Pomona,06-037-1701,AQS
1992-05-14,57,Unknown,Los Angeles-North Main Street,06-037-1103,AQS
1992-05-15,57,Unknown,Burbank,06-037-1002,AQS
1992-05-16,57,Unknown,Azusa,06-037-0002,AQS
1992-05-17,57,Unknown,Azusa,06-037-0002,AQS
1992-05-18,89,Unknown,Los Angeles-North Main Street,06-037-1103,AQS
1992-05-19,47,Unknown,Azusa,06-037-0002,AQS
1992-05-20,47,Unknown,Los Angeles-North Main Street,06-037-1103,AQS
1992-05-21,47,Unknown,Los Angeles-North Main Street,06-037-1103,AQS
1992-05-22,57,Unknown,Burbank,06-037-1002,AQS
1992-05-23,57,Unknown,Azusa,06-037-0002,AQS
1992-05-24,38,Unknown,Azusa,06-037-0002,AQS
1992-05-25,57,Unknown,Azusa,06-037-0002,AQS
1992-05-26,68,Unknown,Los Angeles-North Main Street,06-037-1103,AQS
1992-05-27,57,Unknown,Burbank,06-037-1002,AQS
1992-05-28,47,Unknown,Azusa,06-037-0002,AQS
1992-05-29,57,Unknown,Azusa,06-037-0002,AQS
1992-05-30,57,Unknown,Not Available,06-037-6002,AQS
1992-05-31,47,Unknown,Azusa,06-037-0002,AQS
1992-06-01,89,Unknown,Los Angeles-North Main Street,06-037-1103,AQS
1992-06-02,79,Unknown,Burbank,06-037-1002,AQS
1992-06-03,79,Unknown,Azusa,06-037-0002,AQS
1992-06-04,79,Unknown,Pomona,06-037-1701,AQS
1992-06-05,47,Unknown,Azusa,06-037-0002,AQS
1992-06-06,47,Unknown,Reseda,06-037-1201,AQS
1992-06-07,47,Unknown,Burbank,06-037-1002,AQS
1992-06-08,68,Unknown,Pomona,06-037-1701,AQS
1992-06-09,79,Unknown,Azusa,06-037-0002,AQS
1992-06-10,57,Unknown,Azusa,06-037-0002,AQS
1992-06-11,47,Unknown,West Los Angeles,06-037-0113,AQS
1992-06-12,47,Unknown,Azusa,06-037-0002,AQS
1992-06-13,57,Unknown,Not Available,06-037-1601,AQS
1992-06-14,38,Unknown,Azusa,06-037-0002,AQS
1992-06-15,47,Unknown,Lynwood,06-037-1301,AQS
1992-06-16,79,Unknown,Burbank,06-037-1002,AQS
1992-06-17,103,Unknown,Burbank,06-037-1002,AQS
1992-06-18,68,Unknown,Azusa,06-037-0002,AQS
1992-06-19,79,Unknown,Azusa,06-037-0002,AQS
1992-06-20,57,Unknown,Azusa,06-037-0002,AQS
1992-06-21,68,Unknown,Azusa,06-037-0002,AQS
1992-06-22,106,Unknown,Pasadena,06-037-2005,AQS
1992-06-23,124,Unknown,Los Angeles-North Main Street,06-037-1103,AQS
1992-06-24,108,Unknown,Los Angeles-North Main Street,06-037-1103,AQS
1992-06-25,89,Unknown,Pomona,06-037-1701,AQS
1992-06-26,68,Unknown,Burbank,06-037-1002,AQS
1992-06-27,79,Unknown,Pomona,06-037-1701,AQS
1992-06-28,68,Unknown,Burbank,06-037-1002,AQS
1992-06-29,47,Unknown,Glendora,06-037-0016,AQS
1992-06-30,47,Unknown,Reseda,06-037-1201,AQS
1992-07-01,47,Unknown,Azusa,06-037-0002,AQS
1992-07-02,79,Unknown,Pomona,06-037-1701,AQS
1992-07-03,79,Unknown,Azusa,06-037-0002,AQS
1992-07-04,79,Unknown,Azusa,06-037-0002,AQS
1992-07-05,68,Unknown,Azusa,06-037-0002,AQS
1992-07-06,106,Unknown,Los Angeles-North Main Street,06-037-1103,AQS
1992-07-07,79,Unknown,Burbank,06-037-1002,AQS
1992-07-08,103,Unknown,Burbank,06-037-1002,AQS
1992-07-09,89,Unknown,Not Available,06-037-6002,AQS
1992-07-10,38,Unknown,Not Available,06-037-1601,AQS
1992-07-11,38,Unknown,Pomona,06-037-1701,AQS
1992-07-12,28,Unknown,Burbank,06-037-1002,AQS
1992-07-13,47,Unknown,Pomona,06-037-1701,AQS
1992-07-14,57,Unknown,Los Angeles-North Main Street,06-037-1103,AQS
1992-07-15,100,Unknown,Not Available,06-037-1601,AQS
1992-07-16,105,Unknown,Los Angeles-North Main Street,06-037-1103,AQS
1992-07-17,105,Unknown,Los Angeles-North Main Street,06-037-1103,AQS
1992-07-18,100,Unknown,Los Angeles-North Main Street,06-037-1103,AQS
1992-07-19,68,Unknown,Reseda,06-037-1201,AQS
1992-07-20,89,Unknown,Burbank,06-037-1002,AQS
1992-07-21,57,Unknown,Pomona,06-037-1701,AQS
1992-07-22,57,Unknown,Pomona,06-037-1701,AQS
1992-07-23,47,Unknown,Azusa,06-037-0002,AQS
1992-07-24,47,Unknown,Burbank,06-037-1002,AQS
1992-07-25,47,Unknown,Lynwood,06-037-1301,AQS
1992-07-26,57,Unknown,Glendora,06-037-0016,AQS
1992-07-27,79,Unknown,Pomona,06-037-1701,AQS
1992-07-28,100,Unknown,Pomona,06-037-1701,AQS
1992-07-29,89,Unknown,Glendora,06-037-0016,AQS
1992-07-30,103,Unknown,Burbank,06-037-1002,AQS
1992-07-31,108,Unknown,Pasadena,06-037-2005,AQS
1992-08-01,103,Unknown,Los Angeles-North Main Street,06-037-1103,AQS
1992-08-02,68,Unknown,Burbank,06-037-1002,AQS
1992-08-03,79,Unknown,Burbank,06-037-1002,AQS
1992-08-04,68,Unknown,Burbank,06-037-1002,AQS
1992-08-05,79,Unknown,Burbank,06-037-1002,AQS
1992-08-06,79,Unknown,Burbank,06-037-1002,AQS
1992-08-07,79,Unknown,Pomona,06-037-1701,AQS
1992-08-08,57,Unknown,Azusa,06-037-0002,AQS
1992-08-09,68,Unknown,Lynwood,06-037-1301,AQS
1992-08-10,105,Unknown,Los Angeles-North Main Street,06-037-1103,AQS
1992-08-11,79,Unknown,Burbank,06-037-1002,AQS
1992-08-12,106,Unknown,Los Angeles-North Main Street,06-037-1103,AQS
1992-08-13,116,Unknown,Not Available,06-037-1601,AQS
1992-08-14,100,Unknown,Burbank,06-037-1002,AQS
1992-08-15,100,Unknown,Los Angeles-North Main Street,06-037-1103,AQS
1992-08-16,100,Unknown,Pomona,06-037-1701,AQS
1992-08-17,112,Unknown,Los Angeles-North Main Street,06-037-1103,AQS
1992-08-18,110,Unknown,Los Angeles-North Main Street,06-037-1103,AQS
1992-08-19,110,Unknown,Los Angeles-North Main Street,06-037-1103,AQS
1992-08-20,116,Unknown,Burbank,06-037-1002,AQS
1992-08-21,105,Unknown,Burbank,06-037-1002,AQS
1992-08-22,57,Unknown,Pomona,06-037-1701,AQS
1992-08-23,79,Unknown,Lynwood,06-037-1301,AQS
1992-08-24,57,Unknown,West Los Angeles,06-037-0113,AQS
1992-08-25,79,Unknown,Not Available,06-037-2401,AQS
1992-08-26,103,Unknown,Not Available,06-037-2401,AQS
1992-08-27,112,Unknown,Los Angeles-North Main Street,06-037-1103,AQS
1992-08-28,110,Unknown,Los Angeles-North Main Street,06-037-1103,AQS
1992-08-29,79,Unknown,Glendora,06-037-0016,AQS
1992-08-30,38,Unknown,Glendora,06-037-0016,AQS
1992-08-31,47,Unknown,Burbank,06-037-1002,AQS
1992-09-01,68,Unknown,Pomona,06-037-1701,AQS
1992-09-02,79,Unknown,Burbank,06-037-1002,AQS
1992-09-03,89,Unknown,Burbank,06-037-1002,AQS
1992-09-04,68,Unknown,Burbank,06-037-1002,AQS
1992-09-05,105,Unknown,Hawthorne,06-037-5001,AQS
1992-09-06,57,Unknown,Burbank,06-037-1002,AQS
1992-09-07,68,Unknown,Pomona,06-037-1701,AQS
1992-09-08,108,Unknown,Pomona,06-037-1701,AQS
1992-09-09,100,Unknown,Burbank,06-037-1002,AQS
1992-09-10,100,Unknown,Pomona,06-037-1701,AQS
1992-09-11,105,Unknown,Burbank,06-037-1002,AQS
1992-09-12,116,Unknown,Pomona,06-037-1701,AQS
1992-09-13,68,Unknown,Pomona,06-037-1701,AQS
1992-09-14,100,Unknown,Burbank,06-037-1002,AQS
1992-09-15,105,Unknown,Glendora,06-037-0016,AQS
1992-09-16,105,Unknown,Glendora,06-037-0016,AQS
1992-09-17,120,Unknown,Los Angeles-North Main Street,06-037-1103,AQS
1992-09-18,105,Unknown,Pomona,06-037-1701,AQS
1992-09-19,110,Unknown,Lynwood,06-037-1301,AQS
1992-09-20,106,Unknown,Pomona,06-037-1701,AQS
1992-09-21,118,Unknown,Los Angeles-North Main Street,06-037-1103,AQS
1992-09-22,125,Unknown,Los Angeles-North Main Street,06-037-1103,AQS
1992-09-23,129,Unknown,Lynwood,06-037-1301,AQS
1992-09-24,125,Unknown,Los Angeles-North Main Street,06-037-1103,AQS
1992-09-25,106,Unknown,Glendora,06-037-0016,AQS
1992-09-26,106,Unknown,Burbank,06-037-1002,AQS
1992-09-27,110,Unknown,Lynwood,06-037-1301,AQS
1992-09-28,135,Unknown,Los Angeles-North Main Street,06-037-1103,AQS
1992-09-29,120,Unknown,Los Angeles-North Main Street,06-037-1103,AQS
1992-09-30,122,Unknown,Not Available,06-037-2401,AQS
1992-10-01,118,Unknown,Not Available,06-037-1601,AQS
1992-10-02,57,Unknown,Glendora,06-037-0016,AQS
1992-10-03,89,Unknown,Pomona,06-037-1701,AQS
1992-10-04,100,Unknown,Hawthorne,06-037-5001,AQS
1992-10-05,114,Unknown,Los Angeles-North Main Street,06-037-1103,AQS
1992-10-06,120,Unknown,Not Available,06-037-1601,AQS
1992-10-07,133,Unknown,Not Available,06-037-1601,AQS
1992-10-08,120,Unknown,Lynwood,06-037-1301,AQS
1992-10-09,114,Unknown,West Los Angeles,06-037-0113,AQS
1992-10-10,108,Unknown,Los Angeles-North Main Street,06-037-1103,AQS
1992-10-11,103,Unknown,Not Available,06-037-1601,AQS
1992-10-12,108,Unknown,Pomona,06-037-1701,AQS
1992-10-13,79,Unknown,Glendora,06-037-0016,AQS
1992-10-14,57,Unknown,Glendora,06-037-0016,AQS
1992-10-15,68,Unknown,Burbank,06-037-1002,AQS
1992-10-16,89,Unknown,Azusa,06-037-0002,AQS
1992-10-17,110,Unknown,Los Angeles-North Main Street,06-037-1103,AQS
1992-10-18,79,Unknown,Pomona,06-037-1701,AQS
1992-10-19,108,Unknown,Pomona,06-037-1701,AQS
1992-10-20,108,Unknown,Azusa,06-037-0002,AQS
1992-10-21,89,Unknown,Burbank,06-037-1002,AQS
1992-10-22,110,Unknown,Pomona,06-037-1701,AQS
1992-10-23,103,Unknown,Pomona,06-037-1701,AQS
1992-10-24,47,Unknown,Azusa,06-037-0002,AQS
1992-10-25,57,Unknown,Pomona,06-037-1701,AQS
1992-10-26,108,Unknown,Not Available,06-037-1601,AQS
1992-10-27,103,Unknown,Burbank,06-037-1002,AQS
1992-10-28,47,Unknown,Azusa,06-037-0002,AQS
1992-10-29,47,Unknown,Glendora,06-037-0016,AQS
1992-10-30,47,Unknown,Glendora,06-037-0016,AQS
1992-10-31,79,Unknown,Pomona,06-037-1701,AQS
1992-11-01,89,Unknown,Anaheim (1010 Harbor Blvd),06-059-0001,AQS
1992-11-02,110,Unknown,Long Beach (North),06-037-4002,AQS
1992-11-03,105,Unknown,West Los Angeles,06-037-0113,AQS
1992-11-04,89,Unknown,Lynwood,06-037-1301,AQS
1992-11-05,103,Unknown,La Habra,06-059-5001,AQS
1992-11-06,114,Unknown,Pomona,06-037-1701,AQS
1992-11-07,103,Unknown,Burbank,06-037-1002,AQS
1992-11-08,79,Unknown,Los Angeles-North Main Street,06-037-1103,AQS
1992-11-09,57,Unknown,Azusa,06-037-0002,AQS
1992-11-10,79,Unknown,Los Angeles-North Main Street,06-037-1103,AQS
1992-11-11,103,Unknown,Hawthorne,06-037-5001,AQS
1992-11-12,105,Unknown,Anaheim (1010 Harbor Blvd),06-059-0001,AQS
1992-11-13,122,Unknown,Anaheim (1010 Harbor Blvd),06-059-0001,AQS
1992-11-14,114,Unknown,Lynwood,06-037-1301,AQS
1992-11-15,108,Unknown,Azusa,06-037-0002,AQS
1992-11-16,114,Unknown,Los Angeles-North Main Street,06-037-1103,AQS
1992-11-17,89,Unknown,Burbank,06-037-1002,AQS
1992-11-18,89,Unknown,Pomona,06-037-1701,AQS
1992-11-19,105,Unknown,Pomona,06-037-1701,AQS
1992-11-20,57,Unknown,Azusa,06-037-0002,AQS
1992-11-21,79,Unknown,Burbank,06-037-1002,AQS
1992-11-22,79,Unknown,Azusa,06-037-0002,AQS
1992-11-23,79,Unknown,Lynwood,06-037-1301,AQS
1992-11-24,79,Unknown,Lynwood,06-037-1301,AQS
1992-11-25,79,Unknown,Lynwood,06-037-1301,AQS
1992-11-26,89,Unknown,Hawthorne,06-037-5001,AQS
1992-11-27,79,Unknown,Burbank,06-037-1002,AQS
1992-11-28,79,Unknown,Lynwood,06-037-1301,AQS
1992-11-29,89,Unknown,Lynwood,06-037-1301,AQS
1992-11-30,100,Unknown,Lynwood,06-037-1301,AQS
1992-12-01,118,Unknown,Not Available,06-037-1601,AQS
1992-12-02,106,Unknown,Not Available,06-037-1601,AQS
1992-12-03,68,Unknown,Pomona,06-037-1701,AQS
1992-12-04,57,Unknown,Pomona,06-037-1701,AQS
1992-12-05,57,Unknown,Burbank,06-037-1002,AQS
1992-12-06,57,Unknown,Burbank,06-037-1002,AQS
1992-12-07,57,Unknown,Costa Mesa,06-059-1003,AQS
1992-12-08,79,Unknown,Hawthorne,06-037-5001,AQS
1992-12-09,89,Unknown,Burbank,06-037-1002,AQS
1992-12-10,100,Unknown,Burbank,06-037-1002,AQS
1992-12-11,68,Unknown,Pomona,06-037-1701,AQS
1992-12-12,47,Unknown,Pomona,06-037-1701,AQS
1992-12-13,79,Unknown,Lynwood,06-037-1301,AQS
1992-12-14,89,Unknown,Lynwood,06-037-1301,AQS
1992-12-15,100,Unknown,Burbank,06-037-1002,AQS
1992-12-16,79,Unknown,Hawthorne,06-037-5001,AQS
1992-12-17,100,Unknown,Hawthorne,06-037-5001,AQS
1992-12-18,68,Unknown,Costa Mesa,06-059-1003,AQS
1992-12-19,89,Unknown,Costa Mesa,06-059-1003,AQS
1992-12-20,103,Unknown,Costa Mesa,06-059-1003,AQS
1992-12-21,89,Unknown,Pomona,06-037-1701,AQS
1992-12-22,105,Unknown,Burbank,06-037-1002,AQS
1992-12-23,122,Unknown,Lynwood,06-037-1301,AQS
1992-12-24,106,Unknown,Anaheim (1010 Harbor Blvd),06-059-0001,AQS
1992-12-25,103,Unknown,Anaheim (1010 Harbor Blvd),06-059-0001,AQS
1992-12-26,89,Unknown,Hawthorne,06-037-5001,AQS
1992-12-27,89,Unknown,Burbank,06-037-1002,AQS
1992-12-28,68,Unknown,Hawthorne,06-037-5001,AQS
1992-12-29,47,Unknown,West Los Angeles,06-037-0113,AQS
1992-12-30,68,Unknown,Lynwood,06-037-1301,AQS
1992-12-31,89,Unknown,Anaheim (1010 Harbor Blvd),06-059-0001,AQS
1993-01-01,89,Unknown,West Los Angeles,06-037-0113,AQS
1993-01-02,68,Unknown,Burbank,06-037-1002,AQS
1993-01-03,57,Unknown,Lynwood,06-037-1301,AQS
1993-01-04,89,Unknown,Burbank,06-037-1002,AQS
1993-01-05,89,Unknown,Burbank,06-037-1002,AQS
1993-01-06,47,Unknown,Long Beach (North),06-037-4002,AQS
1993-01-07,38,Unknown,Burbank,06-037-1002,AQS
1993-01-08,47,Unknown,Not Available,06-037-1601,AQS
1993-01-09,47,Unknown,Hawthorne,06-037-5001,AQS
1993-01-10,47,Unknown,Hawthorne,06-037-5001,AQS
1993-01-11,57,Unknown,Burbank,06-037-1002,AQS
1993-01-12,57,Unknown,Hawthorne,06-037-5001,AQS
1993-01-13,38,Unknown,Pomona,06-037-1701,AQS
1993-01-14,47,Unknown,Azusa,06-037-0002,AQS
1993-01-15,38,Unknown,Azusa,06-037-0002,AQS
1993-01-16,47,Unknown,Hawthorne,06-037-5001,AQS
1993-01-17,38,Unknown,Burbank,06-037-1002,AQS
1993-01-18,47,Unknown,Hawthorne,06-037-5001,AQS
1993-01-19,68,Unknown,Hawthorne,06-037-5001,AQS
1993-01-20,89,Unknown,Lynwood,06-037-1301,AQS
1993-01-21,105,Unknown,Burbank,06-037-1002,AQS
1993-01-22,114,Unknown,Burbank,06-037-1002,AQS
1993-01-23,103,Unknown,Hawthorne,06-037-5001,AQS
1993-01-24,103,Unknown,West Los Angeles,06-037-0113,AQS
1993-01-25,100,Unknown,Burbank,06-037-1002,AQS
1993-01-26,106,Unknown,Anaheim (1010 Harbor Blvd),06-059-0001,AQS
1993-01-27,114,Unknown,Lynwood,06-037-1301,AQS
1993-01-28,116,Unknown,Long Beach (North),06-037-4002,AQS
1993-01-29,108,Unknown,Burbank,06-037-1002,AQS
1993-01-30,79,Unknown,Reseda,06-037-1201,AQS
1993-01-31,57,Unknown,Pomona,06-037-1701,AQS
1993-02-01,100,Unknown,Long Beach (North),06-037-4002,AQS
1993-02-02,108,Unknown,Not Available,06-037-1601,AQS
1993-02-03,108,Unknown,Long Beach (North),06-037-4002,AQS
1993-02-04,108,Unknown,Long Beach (North),06-037-4002,AQS
1993-02-05,89,Unknown,Burbank,06-037-1002,AQS
1993-02-06,105,Unknown,La Habra,06-059-5001,AQS
1993-02-07,68,Unknown,Azusa,06-037-0002,AQS
1993-02-08,47,Unknown,Pomona,06-037-1701,AQS
1993-02-09,57,Unknown,Long Beach (North),06-037-4002,AQS
1993-02-10,57,Unknown,Not Available,06-037-1601,AQS
1993-02-11,57,Unknown,Azusa,06-037-0002,AQS
1993-02-12,68,Unknown,Azusa,06-037-0002,AQS
1993-02-13,79,Unknown,Pomona,06-037-1701,AQS
1993-02-14,57,Unknown,Los Angeles-North Main Street,06-037-1103,AQS
1993-02-15,47,Unknown,Azusa,06-037-0002,AQS
1993-02-16,57,Unknown,Hawthorne,06-037-5001,AQS
1993-02-17,57,Unknown,Not Available,06-037-1601,AQS
1993-02-18,57,Unknown,Hawthorne,06-037-5001,AQS
1993-02-19,38,Unknown,Azusa,06-037-0002,AQS
1993-02-20,47,Unknown,Lynwood,06-037-1301,AQS
1993-02-21,47,Unknown,Pomona,06-037-1701,AQS
1993-02-22,57,Unknown,Burbank,06-037-1002,AQS
1993-02-23,47,Unknown,Burbank,06-037-1002,AQS
1993-02-24,47,Unknown,Glendora,06-037-0016,AQS
1993-02-25,57,Unknown,Lynwood,06-037-1301,AQS
1993-02-26,57,Unknown,West Los Angeles,06-037-0113,AQS
1993-02-27,47,Unknown,Burbank,06-037-1002,AQS
1993-02-28,79,Unknown,West Los Angeles,06-037-0113,AQS
1993-03-01,89,Unknown,Lynwood,06-037-1301,AQS
1993-03-02,79,Unknown,Azusa,06-037-0002,AQS
1993-03-03,79,Unknown,Burbank,06-037-1002,AQS
1993-03-04,105,Unknown,Burbank,06-037-1002,AQS
1993-03-05,106,Unknown,Burbank,06-037-1002,AQS
1993-03-06,89,Unknown,Lynwood,06-037-1301,AQS
1993-03-07,100,Unknown,Not Available,06-037-1601,AQS
1993-03-08,112,Unknown,Not Available,06-037-1601,AQS
1993-03-09,110,Unknown,Not Available,06-037-1601,AQS
1993-03-10,105,Unknown,Burbank,06-037-1002,AQS
1993-03-11,105,Unknown,Burbank,06-037-1002,AQS
1993-03-12,106,Unknown,Long Beach (North),06-037-4002,AQS
1993-03-13,103,Unknown,Long Beach (North),06-037-4002,AQS
1993-03-14,68,Unknown,Burbank,06-037-1002,AQS
1993-03-15,57,Unknown,Azusa,06-037-0002,AQS
1993-03-16,105,Unknown,Pasadena,06-037-2005,AQS
1993-03-17,57,Unknown,Glendora,06-037-0016,AQS
1993-03-18,57,Unknown,Pomona,06-037-1701,AQS
1993-03-19,105,Unknown,Pomona,06-037-1701,AQS
1993-03-20,105,Unknown,Pomona,06-037-1701,AQS
1993-03-21,68,Unknown,Pomona,06-037-1701,AQS
1993-03-22,106,Unknown,Pomona,06-037-1701,AQS
1993-03-23,89,Unknown,Burbank,06-037-1002,AQS
1993-03-24,57,Unknown,Hawthorne,06-037-5001,AQS
1993-03-25,47,Unknown,La Habra,06-059-5001,AQS
1993-03-26,47,Unknown,Pomona,06-037-1701,AQS
1993-03-27,38,Unknown,Lynwood,06-037-1301,AQS
1993-03-28,47,Unknown,Lynwood,06-037-1301,AQS
1993-03-29,57,Unknown,Lynwood,06-037-1301,AQS
1993-03-30,89,Unknown,Pomona,06-037-1701,AQS
1993-03-31,105,Unknown,Lynwood,06-037-1301,AQS
1993-04-01,68,Unknown,Pomona,06-037-1701,AQS
1993-04-02,100,Unknown,Pomona,06-037-1701,AQS
1993-04-03,103,Unknown,Pomona,06-037-1701,AQS
1993-04-04,79,Unknown,Not Available,06-037-1601,AQS
1993-04-05,47,Unknown,West Los Angeles,06-037-0113,AQS
1993-04-06,57,Unknown,Burbank,06-037-1002,AQS
1993-04-07,89,Unknown,Pomona,06-037-1701,AQS
1993-04-08,106,Unknown,Hawthorne,06-037-5001,AQS
1993-04-09,100,Unknown,West Los Angeles,06-037-0113,AQS
1993-04-10,79,Unknown,Burbank,06-037-1002,AQS
1993-04-11,68,Unknown,Not Available,06-037-1601,AQS
1993-04-12,79,Unknown,Pomona,06-037-1701,AQS
1993-04-13,105,Unknown,Lynwood,06-037-1301,AQS
1993-04-14,68,Unknown,Burbank,06-037-1002,AQS
1993-04-15,89,Unknown,Pasadena,06-037-2005,AQS
1993-04-16,68,Unknown,Glendora,06-037-0016,AQS
1993-04-17,57,Unknown,Pasadena,06-037-2005,AQS
1993-04-18,47,Unknown,Not Available,06-037-1601,AQS
1993-04-19,103,Unknown,Burbank,06-037-1002,AQS
1993-04-20,105,Unknown,Not Available,06-037-2401,AQS
1993-04-21,108,Unknown,Hawthorne,06-037-5001,AQS
1993-04-22,57,Unknown,Burbank,06-037-1002,AQS
1993-04-23,47,Unknown,Pomona,06-037-1701,AQS
1993-04-24,68,Unknown,Pomona,06-037-1701,AQS
1993-04-25,89,Unknown,Pomona,06-037-1701,AQS
1993-04-26,106,Unknown,Pomona,06-037-1701,AQS
1993-04-27,68,Unknown,Not Available,06-037-6002,AQS
1993-04-28,57,Unknown,Burbank,06-037-1002,AQS
1993-04-29,106,Unknown,Burbank,06-037-1002,AQS
1993-04-30,79,Unknown,Burbank,06-037-1002,AQS
1993-05-01,103,Unknown,Pasadena,06-037-2005,AQS
1993-05-02,57,Unknown,Reseda,06-037-1201,AQS
1993-05-03,57,Unknown,Pasadena,06-037-2005,AQS
1993-05-04,47,Unknown,Burbank,06-037-1002,AQS
1993-05-05,47,Unknown,Burbank,06-037-1002,AQS
1993-05-06,89,Unknown,Pasadena,06-037-2005,AQS
1993-05-07,57,Unknown,Burbank,06-037-1002,AQS
1993-05-08,68,Unknown,Pomona,06-037-1701,AQS
1993-05-09,103,Unknown,Burbank,06-037-1002,AQS
1993-05-10,103,Unknown,Burbank,06-037-1002,AQS
1993-05-11,57,Unknown,Azusa,06-037-0002,AQS
1993-05-12,47,Unknown,Azusa,06-037-0002,AQS
1993-05-13,79,Unknown,Lynwood,06-037-1301,AQS
1993-05-14,106,Unknown,Los Angeles-North Main Street,06-037-1103,AQS
1993-05-15,103,Unknown,Azusa,06-037-0002,AQS
1993-05-16,47,Unknown,Azusa,06-037-0002,AQS
1993-05-17,57,Unknown,Burbank,06-037-1002,AQS
1993-05-18,89,Unknown,Los Angeles-North Main Street,06-037-1103,AQS
1993-05-19,79,Unknown,Los Angeles-North Main Street,06-037-1103,AQS
1993-05-20,47,Unknown,Azusa,06-037-0002,AQS
1993-05-21,57,Unknown,Pomona,06-037-1701,AQS
1993-05-22,57,Unknown,Pasadena,06-037-2005,AQS
1993-05-23,47,Unknown,Azusa,06-037-0002,AQS
1993-05-24,57,Unknown,Burbank,06-037-1002,AQS
1993-05-25,57,Unknown,Burbank,06-037-1002,AQS
1993-05-26,57,Unknown,Los Angeles-North Main Street,06-037-1103,AQS
1993-05-27,57,Unknown,Lynwood,06-037-1301,AQS
1993-05-28,47,Unknown,Not Available,06-037-1601,AQS
1993-05-29,47,Unknown,Lynwood,06-037-1301,AQS
1993-05-30,47,Unknown,Azusa,06-037-0002,AQS
1993-05-31,38,Unknown,Azusa,06-037-0002,AQS
1993-06-01,47,Unknown,Not Available,06-037-6002,AQS
1993-06-02,47,Unknown,Burbank,06-037-1002,AQS
1993-06-03,57,Unknown,Not Available,06-037-6002,AQS
1993-06-04,47,Unknown,Not Available,06-037-6002,AQS
1993-06-05,47,Unknown,Anaheim (1010 Harbor Blvd),06-059-0001,AQS
1993-06-06,38,Unknown,Not Available,06-037-1601,AQS
1993-06-07,57,Unknown,Pomona,06-037-1701,AQS
1993-06-08,79,Unknown,Los Angeles-North Main Street,06-037-1103,AQS
1993-06-09,105,Unknown,Los Angeles-North Main Street,06-037-1103,AQS
1993-06-10,100,Unknown,Reseda,06-037-1201,AQS
1993-06-11,79,Unknown,Burbank,06-037-1002,AQS
1993-06-12,68,Unknown,Burbank,06-037-1002,AQS
1993-06-13,68,Unknown,Burbank,06-037-1002,AQS
1993-06-14,89,Unknown,Los Angeles-North Main Street,06-037-1103,AQS
1993-06-15,105,Unknown,Burbank,06-037-1002,AQS
1993-06-16,103,Unknown,Pomona,06-037-1701,AQS
1993-06-17,79,Unknown,Not Available,06-037-6002,AQS
1993-06-18,79,Unknown,Pomona,06-037-1701,AQS
1993-06-19,68,Unknown,Pomona,06-037-1701,AQS
1993-06-20,57,Unknown,Glendora,06-037-0016,AQS
1993-06-21,57,Unknown,Pomona,06-037-1701,AQS
1993-06-22,57,Unknown,Burbank,06-037-1002,AQS
1993-06-23,89,Unknown,Pomona,06-037-1701,AQS
1993-06-24,103,Unknown,Burbank,06-037-1002,AQS
1993-06-25,105,Unknown,Burbank,06-037-1002,AQS
1993-06-26,68,Unknown,Pomona,06-037-1701,AQS
1993-06-27,57,Unknown,Glendora,06-037-0016,AQS
1993-06-28,105,Unknown,Reseda,06-037-1201,AQS
1993-06-29,106,Unknown,Reseda,06-037-1201,AQS
1993-06-30,100,Unknown,Pomona,06-037-1701,AQS
1993-07-01,79,Unknown,Not Available,06-037-6002,AQS
1993-07-02,57,Unknown,Burbank,06-037-1002,AQS
1993-07-03,38,Unknown,Azusa,06-037-0002,AQS
1993-07-04,28,Unknown,Azusa,06-037-0002,AQS
1993-07-05,38,Unknown,Azusa,06-037-0002,AQS
1993-07-06,57,Unknown,Glendora,06-037-0016,AQS
1993-07-07,57,Unknown,Glendora,06-037-0016,AQS
1993-07-08,57,Unknown,Glendora,06-037-0016,AQS
1993-07-09,68,Unknown,Glendora,06-037-0016,AQS
1993-07-10,57,Unknown,Glendora,06-037-0016,AQS
1993-07-11,57,Unknown,Pomona,06-037-1701,AQS
1993-07-12,57,Unknown,Glendora,06-037-0016,AQS
1993-07-13,47,Unknown,Azusa,06-037-0002,AQS
1993-07-14,68,Unknown,Not Available,06-037-6002,AQS
1993-07-15,68,Unknown,Not Available,06-037-6002,AQS
1993-07-16,57,Unknown,Pomona,06-037-1701,AQS
1993-07-17,57,Unknown,Azusa,06-037-0002,AQS
1993-07-18,57,Unknown,Glendora,06-037-0016,AQS
1993-07-19,57,Unknown,Glendora,06-037-0016,AQS
1993-07-20,57,Unknown,Azusa,06-037-0002,AQS
1993-07-21,57,Unknown,Azusa,06-037-0002,AQS
1993-07-22,68,Unknown,Not Available,06-037-6002,AQS
1993-07-23,57,Unknown,Not Available,06-037-6002,AQS
1993-07-24,38,Unknown,West Los Angeles,06-037-0113,AQS
1993-07-25,38,Unknown,Glendora,06-037-0016,AQS
1993-07-26,57,Unknown,Glendora,06-037-0016,AQS
1993-07-27,57,Unknown,Pomona,06-037-1701,AQS
1993-07-28,57,Unknown,Pomona,06-037-1701,AQS
1993-07-29,57,Unknown,Pomona,06-037-1701,AQS
1993-07-30,89,Unknown,Los Angeles-North Main Street,06-037-1103,AQS
1993-07-31,106,Unknown,Pomona,06-037-1701,AQS
1993-08-01,100,Unknown,Burbank,06-037-1002,AQS
1993-08-02,100,Unknown,Burbank,06-037-1002,AQS
1993-08-03,89,Unknown,Burbank,06-037-1002,AQS
1993-08-04,89,Unknown,Glendora,06-037-0016,AQS
1993-08-05,103,Unknown,Pomona,06-037-1701,AQS
1993-08-06,103,Unknown,Pomona,06-037-1701,AQS
1993-08-07,57,Unknown,Not Available,06-037-6002,AQS
1993-08-08,57,Unknown,Azusa,06-037-0002,AQS
1993-08-09,100,Unknown,Glendora,06-037-0016,AQS
1993-08-10,79,Unknown,Burbank,06-037-1002,AQS
1993-08-11,103,Unknown,Burbank,06-037-1002,AQS
1993-08-12,68,Unknown,Not Available,06-037-6002,AQS
1993-08-13,57,Unknown,Azusa,06-037-0002,AQS
1993-08-14,57,Unknown,Pomona,06-037-1701,AQS
1993-08-15,47,Unknown,Azusa,06-037-0002,AQS
1993-08-16,89,Unknown,Not Available,06-037-6002,AQS
1993-08-17,79,Unknown,Azusa,06-037-0002,AQS
1993-08-18,89,Unknown,Los Angeles-North Main Street,06-037-1103,AQS
1993-08-19,79,Unknown,Burbank,06-037-1002,AQS
1993-08-20,103,Unknown,Los Angeles-North Main Street,06-037-1103,AQS
1993-08-21,103,Unknown,Pomona,06-037-1701,AQS
1993-08-22,89,Unknown,Pomona,06-037-1701,AQS
1993-08-23,103,Unknown,Pomona,06-037-1701,AQS
1993-08-24,105,Unknown,Burbank,06-037-1002,AQS
1993-08-25,105,Unknown,Pomona,06-037-1701,AQS
1993-08-26,106,Unknown,Pomona,06-037-1701,AQS
1993-08-27,103,Unknown,Pasadena,06-037-2005,AQS
1993-08-28,79,Unknown,Burbank,06-037-1002,AQS
1993-08-29,57,Unknown,Burbank,06-037-1002,AQS
1993-08-30,68,Unknown,Azusa,06-037-0002,AQS
1993-08-31,100,Unknown,Pomona,06-037-1701,AQS
1993-09-01,100,Unknown,Burbank,06-037-1002,AQS
1993-09-02,79,Unknown,Azusa,06-037-0002,AQS
1993-09-03,103,Unknown,Azusa,06-037-0002,AQS
1993-09-04,100,Unknown,Glendora,06-037-0016,AQS
1993-09-05,68,Unknown,Pomona,06-037-1701,AQS
1993-09-06,57,Unknown,Azusa,06-037-0002,AQS
1993-09-07,108,Unknown,Not Available,06-037-2401,AQS
1993-09-08,108,Unknown,Azusa,06-037-0002,AQS
1993-09-09,114,Unknown,Burbank,06-037-1002,AQS
1993-09-10,118,Unknown,Pomona,06-037-1701,AQS
1993-09-11,108,Unknown,West Los Angeles,06-037-0113,AQS
1993-09-12,57,Unknown,Not Available,06-037-6002,AQS
1993-09-13,57,Unknown,Hawthorne,06-037-5001,AQS
1993-09-14,57,Unknown,Azusa,06-037-0002,AQS
1993-09-15,68,Unknown,Pomona,06-037-1701,AQS
1993-09-16,47,Unknown,Pomona,06-037-1701,AQS
1993-09-17,47,Unknown,Azusa,06-037-0002,AQS
1993-09-18,79,Unknown,Pomona,06-037-1701,AQS
1993-09-19,79,Unknown,Pomona,06-037-1701,AQS
1993-09-20,57,Unknown,Pomona,06-037-1701,AQS
1993-09-21,68,Unknown,Pomona,06-037-1701,AQS
1993-09-22,89,Unknown,Pomona,06-037-1701,AQS
1993-09-23,105,Unknown,Pomona,06-037-1701,AQS
1993-09-24,116,Unknown,Lynwood,06-037-1301,AQS
1993-09-25,112,Unknown,Not Available,06-037-1601,AQS
1993-09-26,108,Unknown,Not Available,06-037-2401,AQS
1993-09-27,131,Unknown,Not Available,06-037-1601,AQS
1993-09-28,120,Unknown,Anaheim (1010 Harbor Blvd),06-059-0001,AQS
1993-09-29,120,Unknown,Not Available,06-037-1601,AQS
1993-09-30,114,Unknown,Long Beach (North),06-037-4002,AQS
1993-10-01,114,Unknown,Pasadena,06-037-2005,AQS
1993-10-02,106,Unknown,Burbank,06-037-1002,AQS
1993-10-03,100,Unknown,Pomona,06-037-1701,AQS
1993-10-04,68,Unknown,Azusa,06-037-0002,AQS
1993-10-05,57,Unknown,Azusa,06-037-0002,AQS
1993-10-06,68,Unknown,Azusa,06-037-0002,AQS
1993-10-07,68,Unknown,Azusa,06-037-0002,AQS
1993-10-08,68,Unknown,Azusa,06-037-0002,AQS
1993-10-09,89,Unknown,Lancaster-Ponderosa St.,06-037-9002,AQS
1993-10-10,68,Unknown,Pomona,06-037-1701,AQS
1993-10-11,68,Unknown,Azusa,06-037-0002,AQS
1993-10-12,68,Unknown,Lynwood,06-037-1301,AQS
1993-10-13,100,Unknown,Azusa,06-037-0002,AQS
1993-10-14,89,Unknown,Burbank,06-037-1002,AQS
1993-10-15,47,Unknown,Azusa,06-037-0002,AQS
1993-10-16,38,Unknown,Azusa,06-037-0002,AQS
1993-10-17,38,Unknown,Burbank,06-037-1002,AQS
1993-10-18,68,Unknown,Azusa,06-037-0002,AQS
1993-10-19,103,Unknown,West Los Angeles,06-037-0113,AQS
1993-10-20,106,Unknown,Azusa,06-037-0002,AQS
1993-10-21,118,Unknown,Anaheim (1010 Harbor Blvd),06-059-0001,AQS
1993-10-22,120,Unknown,Long Beach (North),06-037-4002,AQS
1993-10-23,112,Unknown,Not Available,06-037-1601,AQS
1993-10-24,105,Unknown,Lynwood,06-037-1301,AQS
1993-10-25,112,Unknown,Azusa,06-037-0002,AQS
1993-10-26,124,Unknown,Not Available,06-037-1601,AQS
1993-10-27,100,Unknown,Lynwood,06-037-1301,AQS
1993-10-28,112,Unknown,Hawthorne,06-037-5001,AQS
1993-10-29,105,Unknown,Azusa,06-037-0002,AQS
1993-10-30,103,Unknown,Lynwood,06-037-1301,AQS
1993-10-31,103,Unknown,Azusa,06-037-0002,AQS
1993-11-01,108,Unknown,Pomona,06-037-1701,AQS
1993-11-02,103,Unknown,Los Angeles-North Main Street,06-037-1103,AQS
1993-11-03,108,Unknown,Anaheim (1010 Harbor Blvd),06-059-0001,AQS
1993-11-04,103,Unknown,Lynwood,06-037-1301,AQS
1993-11-05,105,Unknown,Azusa,06-037-0002,AQS
1993-11-06,110,Unknown,Pomona,06-037-1701,AQS
1993-11-07,100,Unknown,Not Available,06-037-6002,AQS
1993-11-08,103,Unknown,Pomona,06-037-1701,AQS
1993-11-09,120,Unknown,Pomona,06-037-1701,AQS
1993-11-10,103,Unknown,Pomona,06-037-1701,AQS
1993-11-11,47,Unknown,Burbank,06-037-1002,AQS
1993-11-12,47,Unknown,Lynwood,06-037-1301,AQS
1993-11-13,57,Unknown,Hawthorne,06-037-5001,AQS
1993-11-14,57,Unknown,Hawthorne,06-037-5001,AQS
1993-11-15,68,Unknown,Hawthorne,06-037-5001,AQS
1993-11-16,100,Unknown,Long Beach (North),06-037-4002,AQS
1993-11-17,105,Unknown,Azusa,06-037-0002,AQS
1993-11-18,110,Unknown,Not Available,06-037-1601,AQS
1993-11-19,108,Unknown,Not Available,06-037-1601,AQS
1993-11-20,100,Unknown,Not Available,06-037-1601,AQS
1993-11-21,100,Unknown,Lynwood,06-037-1301,AQS
1993-11-22,105,Unknown,Long Beach (North),06-037-4002,AQS
1993-11-23,57,Unknown,Pomona,06-037-1701,AQS
1993-11-24,89,Unknown,Not Available,06-037-1601,AQS
1993-11-25,79,Unknown,Not Available,06-037-1601,AQS
1993-11-26,79,Unknown,Not Available,06-037-1601,AQS
1993-11-27,89,Unknown,Costa Mesa,06-059-1003,AQS
1993-11-28,89,Unknown,Not Available,06-037-1601,AQS
1993-11-29,103,Unknown,Not Available,06-037-1601,AQS
1993-11-30,68,Unknown,Not Available,06-037-1601,AQS
1993-12-01,100,Unknown,Not Available,06-037-1601,AQS
1993-12-02,105,Unknown,Los Angeles-North Main Street,06-037-1103,AQS
1993-12-03,105,Unknown,Not Available,06-037-1601,AQS
1993-12-04,103,Unknown,Not Available,06-037-1601,AQS
1993-12-05,103,Unknown,West Los Angeles,06-037-0113,AQS
1993-12-06,100,Unknown,Azusa,06-037-0002,AQS
1993-12-07,103,Unknown,Azusa,06-037-0002,AQS
1993-12-08,108,Unknown,Not Available,06-037-1601,AQS
1993-12-09,100,Unknown,Not Available,06-037-1601,AQS
1993-12-10,112,Unknown,Glendora,06-037-0016,AQS
1993-12-11,79,Unknown,Glendora,06-037-0016,AQS
1993-12-12,57,Unknown,Hawthorne,06-037-5001,AQS
1993-12-13,100,Unknown,Not Available,06-037-1601,AQS
1993-12-14,100,Unknown,Hawthorne,06-037-5001,AQS
1993-12-15,79,Unknown,Long Beach (North),06-037-4002,AQS
1993-12-16,79,Unknown,Not Available,06-037-1601,AQS
1993-12-17,68,Unknown,Reseda,06-037-1201,AQS
1993-12-18,68,Unknown,Pasadena,06-037-2005,AQS
1993-12-19,57,Unknown,Not Available,06-037-1601,AQS
1993-12-20,68,Unknown,Hawthorne,06-037-5001,AQS
1993-12-21,105,Unknown,Burbank,06-037-1002,AQS
1993-12-22,108,Unknown,Hawthorne,06-037-5001,AQS
1993-12-23,108,Unknown,Hawthorne,06-037-5001,AQS
1993-12-24,89,Unknown,Lynwood,06-037-1301,AQS
1993-12-25,79,Unknown,Hawthorne,06-037-5001,AQS
1993-12-26,68,Unknown,Not Available,06-037-1601,AQS
1993-12-27,103,Unknown,Hawthorne,06-037-5001,AQS
1993-12-28,103,Unknown,Not Available,06-037-2401,AQS
1993-12-29,100,Unknown,Hawthorne,06-037-5001,AQS
1993-12-30,79,Unknown,Costa Mesa,06-059-1003,AQS
1993-12-31,103,Unknown,Pasadena,06-037-2005,AQS
1994-01-01,106,Unknown,West Los Angeles,06-037-0113,AQS
1994-01-02,114,Unknown,Anaheim (1010 Harbor Blvd),06-059-0001,AQS
1994-01-03,109,Unknown,Long Beach (North),06-037-4002,AQS
1994-01-04,117,Unknown,Pasadena,06-037-2005,AQS
1994-01-05,117,Unknown,Burbank,06-037-1002,AQS
1994-01-06,102,Unknown,Hawthorne,06-037-5001,AQS
1994-01-07,82,Unknown,Anaheim (1010 Harbor Blvd),06-059-0001,AQS
1994-01-08,90,Unknown,Anaheim (1010 Harbor Blvd),06-059-0001,AQS
1994-01-09,74,Unknown,Pomona,06-037-1701,AQS
1994-01-10,104,Unknown,Hawthorne,06-037-5001,AQS
1994-01-11,102,Unknown,Costa Mesa,06-059-1003,AQS
1994-01-12,105,Unknown,Hawthorne,06-037-5001,AQS
1994-01-13,122,Unknown,Hawthorne,06-037-5001,AQS
1994-01-14,106,Unknown,Long Beach (North),06-037-4002,AQS
1994-01-15,102,Unknown,Hawthorne,06-037-5001,AQS
1994-01-16,112,Unknown,Los Angeles-North Main Street,06-037-1103,AQS
1994-01-17,120,Unknown,Hawthorne,06-037-5001,AQS
1994-01-18,120,Unknown,Long Beach (North),06-037-4002,AQS
1994-01-19,116,Unknown,Los Angeles-North Main Street,06-037-1103,AQS
1994-01-20,121,Unknown,Los Angeles-North Main Street,06-037-1103,AQS
1994-01-21,129,Unknown,Not Available,06-037-1601,AQS
1994-01-22,117,Unknown,Anaheim (1010 Harbor Blvd),06-059-0001,AQS
1994-01-23,89,Unknown,Pomona,06-037-1701,AQS
1994-01-24,52,Unknown,Lynwood,06-037-1301,AQS
1994-01-25,57,Unknown,La Habra,06-059-5001,AQS
1994-01-26,58,Unknown,Pomona,06-037-1701,AQS
1994-01-27,60,Unknown,Lynwood,06-037-1301,AQS
1994-01-28,84,Unknown,Lynwood,06-037-1301,AQS
1994-01-29,85,Unknown,Lynwood,06-037-1301,AQS
1994-01-30,74,Unknown,Pasadena,06-037-2005,AQS
1994-01-31,64,Unknown,Lynwood,06-037-1301,AQS
1994-02-01,89,Unknown,Lynwood,06-037-1301,AQS
1994-02-02,72,Unknown,Pasadena,06-037-2005,AQS
1994-02-03,102,Unknown,Lynwood,06-037-1301,AQS
1994-02-04,48,Unknown,Not Available,06-037-6002,AQS
1994-02-05,54,Unknown,Lynwood,06-037-1301,AQS
1994-02-06,60,Unknown,Hawthorne,06-037-5001,AQS
1994-02-07,42,Unknown,Hawthorne,06-037-5001,AQS
1994-02-08,49,Unknown,Azusa,06-037-0002,AQS
1994-02-09,73,Unknown,Not Available,06-037-6002,AQS
1994-02-10,95,Unknown,Lynwood,06-037-1301,AQS
1994-02-11,57,Unknown,Costa Mesa,06-059-1003,AQS
1994-02-12,74,Unknown,Lynwood,06-037-1301,AQS
1994-02-13,76,Unknown,Anaheim (1010 Harbor Blvd),06-059-0001,AQS
1994-02-14,104,Unknown,Not Available,06-037-1601,AQS
1994-02-15,115,Unknown,Not Available,06-037-1601,AQS
1994-02-16,112,Unknown,West Los Angeles,06-037-0113,AQS
1994-02-17,70,Unknown,Azusa,06-037-0002,AQS
1994-02-18,55,Unknown,Not Available,06-037-1601,AQS
1994-02-19,42,Unknown,Hawthorne,06-037-5001,AQS
1994-02-20,44,Unknown,Pomona,06-037-1701,AQS
1994-02-21,52,Unknown,Not Available,06-037-6002,AQS
1994-02-22,66,Unknown,Pomona,06-037-1701,AQS
1994-02-23,93,Unknown,La Habra,06-059-5001,AQS
1994-02-24,106,Unknown,Azusa,06-037-0002,AQS
1994-02-25,110,Unknown,West Los Angeles,06-037-0113,AQS
1994-02-26,68,Unknown,Azusa,06-037-0002,AQS
1994-02-27,68,Unknown,Azusa,06-037-0002,AQS
1994-02-28,83,Unknown,Lynwood,06-037-1301,AQS
1994-03-01,102,Unknown,West Los Angeles,06-037-0113,AQS
1994-03-02,106,Unknown,Anaheim (1010 Harbor Blvd),06-059-0001,AQS
1994-03-03,110,Unknown,Burbank,06-037-1002,AQS
1994-03-04,103,Unknown,Burbank,06-037-1002,AQS
1994-03-05,61,Unknown,Lynwood,06-037-1301,AQS
1994-03-06,50,Unknown,Lynwood,06-037-1301,AQS
1994-03-07,58,Unknown,Burbank,06-037-1002,AQS
1994-03-08,58,Unknown,Lynwood,06-037-1301,AQS
1994-03-09,74,Unknown,Pomona,06-037-1701,AQS
1994-03-10,80,Unknown,Glendora,06-037-0016,AQS
1994-03-11,57,Unknown,Hawthorne,06-037-5001,AQS
1994-03-12,81,Unknown,Anaheim (1010 Harbor Blvd),06-059-0001,AQS
1994-03-13,89,Unknown,Lynwood,06-037-1301,AQS
1994-03-14,107,Unknown,Lynwood,06-037-1301,AQS
1994-03-15,98,Unknown,Lynwood,06-037-1301,AQS
1994-03-16,102,Unknown,Azusa,06-037-0002,AQS
1994-03-17,102,Unknown,Not Available,06-037-1601,AQS
1994-03-18,76,Unknown,Not Available,06-037-6002,AQS
1994-03-19,45,Unknown,Anaheim (1010 Harbor Blvd),06-059-0001,AQS
1994-03-20,52,Unknown,Lynwood,06-037-1301,AQS
1994-03-21,71,Unknown,Lynwood,06-037-1301,AQS
1994-03-22,49,Unknown,Lynwood,06-037-1301,AQS
1994-03-23,62,Unknown,Lynwood,06-037-1301,AQS
1994-03-24,49,Unknown,Reseda,06-037-1201,AQS
1994-03-25,51,Unknown,Lynwood,06-037-1301,AQS
1994-03-26,58,Unknown,Lynwood,06-037-1301,AQS
1994-03-27,62,Unknown,Lynwood,06-037-1301,AQS
1994-03-28,104,Unknown,Pomona,06-037-1701,AQS
1994-03-29,102,Unknown,Los Angeles-North Main Street,06-037-1103,AQS
1994-03-30,87,Unknown,Glendora,06-037-0016,AQS
1994-03-31,105,Unknown,Los Angeles-North Main Street,06-037-1103,AQS
1994-04-01,91,Unknown,Glendora,06-037-0016,AQS
1994-04-02,83,Unknown,Lynwood,06-037-1301,AQS
1994-04-03,71,Unknown,Lynwood,06-037-1301,AQS
1994-04-04,63,Unknown,Los Angeles-North Main Street,06-037-1103,AQS
1994-04-05,80,Unknown,Lynwood,06-037-1301,AQS
1994-04-06,68,Unknown,Reseda,06-037-1201,AQS
1994-04-07,51,Unknown,Burbank,06-037-1002,AQS
1994-04-08,42,Unknown,La Habra,06-059-5001,AQS
1994-04-09,46,Unknown,Lynwood,06-037-1301,AQS
1994-04-10,54,Unknown,La Habra,06-059-5001,AQS
1994-04-11,81,Unknown,Burbank,06-037-1002,AQS
1994-04-12,103,Unknown,Long Beach (North),06-037-4002,AQS
1994-04-13,102,Unknown,Burbank,06-037-1002,AQS
1994-04-14,60,Unknown,Lynwood,06-037-1301,AQS
1994-04-15,84,Unknown,Lynwood,06-037-1301,AQS
1994-04-16,102,Unknown,Pomona,06-037-1701,AQS
1994-04-17,94,Unknown,Glendora,06-037-0016,AQS
1994-04-18,107,Unknown,Pomona,06-037-1701,AQS
1994-04-19,114,Unknown,Reseda,06-037-1201,AQS
1994-04-20,107,Unknown,Reseda,06-037-1201,AQS
1994-04-21,82,Unknown,Reseda,06-037-1201,AQS
1994-04-22,62,Unknown,Burbank,06-037-1002,AQS
1994-04-23,52,Unknown,Not Available,06-037-6002,AQS
1994-04-24,48,Unknown,Lynwood,06-037-1301,AQS
1994-04-25,46,Unknown,Burbank,06-037-1002,AQS
1994-04-26,55,Unknown,Lynwood,06-037-1301,AQS
1994-04-27,53,Unknown,Lynwood,06-037-1301,AQS
1994-04-28,68,Unknown,Lynwood,06-037-1301,AQS
1994-04-29,72,Unknown,Burbank,06-037-1002,AQS
1994-04-30,63,Unknown,Lynwood,06-037-1301,AQS
1994-05-01,61,Unknown,Lynwood,06-037-1301,AQS
1994-05-02,86,Unknown,Not Available,06-037-6002,AQS
1994-05-03,80,Unknown,Burbank,06-037-1002,AQS
1994-05-04,82,Unknown,Pomona,06-037-1701,AQS
1994-05-05,57,Unknown,Los Angeles-North Main Street,06-037-1103,AQS
1994-05-06,42,Unknown,Lynwood,06-037-1301,AQS
1994-05-07,43,Unknown,Pasadena,06-037-2005,AQS
1994-05-08,49,Unknown,Not Available,06-037-6002,AQS
1994-05-09,62,Unknown,Los Angeles-North Main Street,06-037-1103,AQS
1994-05-10,81,Unknown,Burbank,06-037-1002,AQS
1994-05-11,69,Unknown,SITE IS LOCATED ONE HALF MILE EAST OF THE I-57/I-60 INTERCHANGE,06-037-0206,AQS
1994-05-12,68,Unknown,Pomona,06-037-1701,AQS
1994-05-13,64,Unknown,Pomona,06-037-1701,AQS
1994-05-14,58,Unknown,La Habra,06-059-5001,AQS
1994-05-15,57,Unknown,Lynwood,06-037-1301,AQS
1994-05-16,50,Unknown,Lynwood,06-037-1301,AQS
1994-05-17,44,Unknown,Lynwood,06-037-1301,AQS
1994-05-18,50,Unknown,SITE IS LOCATED ONE HALF MILE EAST OF THE I-57/I-60 INTERCHANGE,06-037-0206,AQS
1994-05-19,49,Unknown,Lynwood,06-037-1301,AQS
1994-05-20,66,Unknown,Lynwood,06-037-1301,AQS
1994-05-21,101,Unknown,Lynwood,06-037-1301,AQS
1994-05-22,57,Unknown,Pomona,06-037-1701,AQS
1994-05-23,68,Unknown,Pomona,06-037-1701,AQS
1994-05-24,65,Unknown,Reseda,06-037-1201,AQS
1994-05-25,64,Unknown,SITE IS LOCATED ONE HALF MILE EAST OF THE I-57/I-60 INTERCHANGE,06-037-0206,AQS
1994-05-26,60,Unknown,West Los Angeles,06-037-0113,AQS
1994-05-27,84,Unknown,Lynwood,06-037-1301,AQS
1994-05-28,103,Unknown,SITE IS LOCATED ONE HALF MILE EAST OF THE I-57/I-60 INTERCHANGE,06-037-0206,AQS
1994-05-29,98,Unknown,Pomona,06-037-1701,AQS
1994-05-30,93,Unknown,Pomona,06-037-1701,AQS
1994-05-31,53,Unknown,SITE IS LOCATED ONE HALF MILE EAST OF THE I-57/I-60 INTERCHANGE,06-037-0206,AQS
1994-06-01,103,Unknown,Los Angeles-North Main Street,06-037-1103,AQS
1994-06-02,105,Unknown,Los Angeles-North Main Street,06-037-1103,AQS
1994-06-03,105,Unknown,Burbank,06-037-1002,AQS
1994-06-04,90,Unknown,Pomona,06-037-1701,AQS
1994-06-05,54,Unknown,Reseda,06-037-1201,AQS
1994-06-06,51,Unknown,Pomona,06-037-1701,AQS
1994-06-07,76,Unknown,Reseda,06-037-1201,AQS
1994-06-08,102,Unknown,SITE IS LOCATED ONE HALF MILE EAST OF THE I-57/I-60 INTERCHANGE,06-037-0206,AQS
1994-06-09,103,Unknown,SITE IS LOCATED ONE HALF MILE EAST OF THE I-57/I-60 INTERCHANGE,06-037-0206,AQS
1994-06-10,104,Unknown,Burbank,06-037-1002,AQS
1994-06-11,63,Unknown,Not Available,06-037-6002,AQS
1994-06-12,55,Unknown,Lynwood,06-037-1301,AQS
1994-06-13,64,Unknown,SITE IS LOCATED ONE HALF MILE EAST OF THE I-57/I-60 INTERCHANGE,06-037-0206,AQS
1994-06-14,52,Unknown,SITE IS LOCATED ONE HALF MILE EAST OF THE I-57/I-60 INTERCHANGE,06-037-0206,AQS
1994-06-15,54,Unknown,Pasadena,06-037-2005,AQS
1994-06-16,61,Unknown,SITE IS LOCATED ONE HALF MILE EAST OF THE I-57/I-60 INTERCHANGE,06-037-0206,AQS
1994-06-17,102,Unknown,SITE IS LOCATED ONE HALF MILE EAST OF THE I-57/I-60 INTERCHANGE,06-037-0206,AQS
1994-06-18,101,Unknown,Pomona,06-037-1701,AQS
1994-06-19,77,Unknown,Pomona,06-037-1701,AQS
1994-06-20,103,Unknown,Los Angeles-North Main Street,06-037-1103,AQS
1994-06-21,95,Unknown,Pomona,06-037-1701,AQS
1994-06-22,111,Unknown,Los Angeles-North Main Street,06-037-1103,AQS
1994-06-23,113,Unknown,SITE IS LOCATED ONE HALF MILE EAST OF THE I-57/I-60 INTERCHANGE,06-037-0206,AQS
1994-06-24,115,Unknown,SITE IS LOCATED ONE HALF MILE EAST OF THE I-57/I-60 INTERCHANGE,06-037-0206,AQS
1994-06-25,110,Unknown,Lynwood,06-037-1301,AQS
1994-06-26,106,Unknown,Lynwood,06-037-1301,AQS
1994-06-27,102,Unknown,Burbank,06-037-1002,AQS
1994-06-28,86,Unknown,Burbank,06-037-1002,AQS
1994-06-29,105,Unknown,Burbank,06-037-1002,AQS
1994-06-30,83,Unknown,Not Available,06-037-6002,AQS
1994-07-01,90,Unknown,Lynwood,06-037-1301,AQS
1994-07-02,68,Unknown,Pomona,06-037-1701,AQS
1994-07-03,52,Unknown,Not Available,06-037-6002,AQS
1994-07-04,42,Unknown,Pasadena,06-037-2005,AQS
1994-07-05,45,Unknown,Not Available,06-037-6002,AQS
1994-07-06,57,Unknown,Los Angeles-North Main Street,06-037-1103,AQS
1994-07-07,81,Unknown,Pasadena,06-037-2005,AQS
1994-07-08,94,Unknown,Pomona,06-037-1701,AQS
1994-07-09,65,Unknown,Not Available,06-037-6002,AQS
1994-07-10,71,Unknown,Pomona,06-037-1701,AQS
1994-07-11,86,Unknown,Pomona,06-037-1701,AQS
1994-07-12,81,Unknown,Azusa,06-037-0002,AQS
1994-07-13,68,Unknown,Not Available,06-037-6002,AQS
1994-07-14,62,Unknown,Burbank,06-037-1002,AQS
1994-07-15,70,Unknown,Not Available,06-037-1601,AQS
1994-07-16,81,Unknown,Los Angeles-North Main Street,06-037-1103,AQS
1994-07-17,71,Unknown,Pomona,06-037-1701,AQS
1994-07-18,86,Unknown,Burbank,06-037-1002,AQS
1994-07-19,67,Unknown,Burbank,06-037-1002,AQS
1994-07-20,87,Unknown,Burbank,06-037-1002,AQS
1994-07-21,99,Unknown,Burbank,06-037-1002,AQS
1994-07-22,98,Unknown,Not Available,06-037-6002,AQS
1994-07-23,66,Unknown,Lynwood,06-037-1301,AQS
1994-07-24,96,Unknown,Los Angeles-North Main Street,06-037-1103,AQS
1994-07-25,111,Unknown,Los Angeles-North Main Street,06-037-1103,AQS
1994-07-26,110,Unknown,Los Angeles-North Main Street,06-037-1103,AQS
1994-07-27,105,Unknown,Pomona,06-037-1701,AQS
1994-07-28,103,Unknown,Los Angeles-North Main Street,06-037-1103,AQS
1994-07-29,89,Unknown,Burbank,06-037-1002,AQS
1994-07-30,61,Unknown,Not Available,06-037-6002,AQS
1994-07-31,55,Unknown,Pomona,06-037-1701,AQS
1994-08-01,102,Unknown,Los Angeles-North Main Street,06-037-1103,AQS
1994-08-02,104,Unknown,Burbank,06-037-1002,AQS
1994-08-03,110,Unknown,Los Angeles-North Main Street,06-037-1103,AQS
1994-08-04,111,Unknown,Los Angeles-North Main Street,06-037-1103,AQS
1994-08-05,123,Unknown,Los Angeles-North Main Street,06-037-1103,AQS
1994-08-06,107,Unknown,Burbank,06-037-1002,AQS
1994-08-07,58,Unknown,Burbank,06-037-1002,AQS
1994-08-08,106,Unknown,Burbank,06-037-1002,AQS
1994-08-09,108,Unknown,Not Available,06-037-1601,AQS
1994-08-10,113,Unknown,Burbank,06-037-1002,AQS
1994-08-11,119,Unknown,Los Angeles-North Main Street,06-037-1103,AQS
1994-08-12,105,Unknown,Burbank,06-037-1002,AQS
1994-08-13,83,Unknown,Azusa,06-037-0002,AQS
1994-08-14,73,Unknown,Azusa,06-037-0002,AQS
1994-08-15,112,Unknown,Los Angeles-North Main Street,06-037-1103,AQS
1994-08-16,103,Unknown,Los Angeles-North Main Street,06-037-1103,AQS
1994-08-17,76,Unknown,SITE IS LOCATED ONE HALF MILE EAST OF THE I-57/I-60 INTERCHANGE,06-037-0206,AQS
1994-08-18,62,Unknown,Not Available,06-037-6002,AQS
1994-08-19,77,Unknown,SITE IS LOCATED ONE HALF MILE EAST OF THE I-57/I-60 INTERCHANGE,06-037-0206,AQS
1994-08-20,70,Unknown,Burbank,06-037-1002,AQS
1994-08-21,51,Unknown,Not Available,06-037-6002,AQS
1994-08-22,67,Unknown,Burbank,06-037-1002,AQS
1994-08-23,99,Unknown,Los Angeles-North Main Street,06-037-1103,AQS
1994-08-24,107,Unknown,Los Angeles-North Main Street,06-037-1103,AQS
1994-08-25,113,Unknown,Los Angeles-North Main Street,06-037-1103,AQS
1994-08-26,114,Unknown,Burbank,06-037-1002,AQS
1994-08-27,71,Unknown,SITE IS LOCATED ONE HALF MILE EAST OF THE I-57/I-60 INTERCHANGE,06-037-0206,AQS
1994-08-28,100,Unknown,Los Angeles-North Main Street,06-037-1103,AQS
1994-08-29,102,Unknown,Burbank,06-037-1002,AQS
1994-08-30,79,Unknown,Burbank,06-037-1002,AQS
1994-08-31,67,Unknown,Lancaster-Ponderosa St.,06-037-9002,AQS
1994-09-01,64,Unknown,SITE IS LOCATED ONE HALF MILE EAST OF THE I-57/I-60 INTERCHANGE,06-037-0206,AQS
1994-09-02,84,Unknown,Los Angeles-North Main Street,06-037-1103,AQS
1994-09-03,103,Unknown,SITE IS LOCATED ONE HALF MILE EAST OF THE I-57/I-60 INTERCHANGE,06-037-0206,AQS
1994-09-04,76,Unknown,Azusa,06-037-0002,AQS
1994-09-05,101,Unknown,Los Angeles-North Main Street,06-037-1103,AQS
1994-09-06,117,Unknown,Los Angeles-North Main Street,06-037-1103,AQS
1994-09-07,111,Unknown,Los Angeles-North Main Street,06-037-1103,AQS
1994-09-08,115,Unknown,Los Angeles-North Main Street,06-037-1103,AQS
1994-09-09,123,Unknown,Los Angeles-North Main Street,06-037-1103,AQS
1994-09-10,79,Unknown,SITE IS LOCATED ONE HALF MILE EAST OF THE I-57/I-60 INTERCHANGE,06-037-0206,AQS
1994-09-11,55,Unknown,Not Available,06-037-6002,AQS
1994-09-12,45,Unknown,Not Available,06-037-6002,AQS
1994-09-13,51,Unknown,Not Available,06-037-6002,AQS
1994-09-14,103,Unknown,SITE IS LOCATED ONE HALF MILE EAST OF THE I-57/I-60 INTERCHANGE,06-037-0206,AQS
1994-09-15,112,Unknown,Lynwood,06-037-1301,AQS
1994-09-16,118,Unknown,Los Angeles-North Main Street,06-037-1103,AQS
1994-09-17,81,Unknown,Burbank,06-037-1002,AQS
1994-09-18,77,Unknown,SITE IS LOCATED ONE HALF MILE EAST OF THE I-57/I-60 INTERCHANGE,06-037-0206,AQS
1994-09-19,81,Unknown,SITE IS LOCATED ONE HALF MILE EAST OF THE I-57/I-60 INTERCHANGE,06-037-0206,AQS
1994-09-20,103,Unknown,SITE IS LOCATED ONE HALF MILE EAST OF THE I-57/I-60 INTERCHANGE,06-037-0206,AQS
1994-09-21,106,Unknown,SITE IS LOCATED ONE HALF MILE EAST OF THE I-57/I-60 INTERCHANGE,06-037-0206,AQS
1994-09-22,108,Unknown,Glendora,06-037-0016,AQS
1994-09-23,103,Unknown,Los Angeles-North Main Street,06-037-1103,AQS
1994-09-24,78,Unknown,Los Angeles-North Main Street,06-037-1103,AQS
1994-09-25,100,Unknown,Lynwood,06-037-1301,AQS
1994-09-26,119,Unknown,Glendora,06-037-0016,AQS
1994-09-27,115,Unknown,SITE IS LOCATED ONE HALF MILE EAST OF THE I-57/I-60 INTERCHANGE,06-037-0206,AQS
1994-09-28,116,Unknown,Lynwood,06-037-1301,AQS
1994-09-29,103,Unknown,Azusa,06-037-0002,AQS
1994-09-30,102,Unknown,SITE IS LOCATED ONE HALF MILE EAST OF THE I-57/I-60 INTERCHANGE,06-037-0206,AQS
1994-10-01,61,Unknown,SITE IS LOCATED ONE HALF MILE EAST OF THE I-57/I-60 INTERCHANGE,06-037-0206,AQS
1994-10-02,63,Unknown,Lancaster-Ponderosa St.,06-037-9002,AQS
1994-10-03,52,Unknown,Burbank,06-037-1002,AQS
1994-10-04,49,Unknown,SITE IS LOCATED ONE HALF MILE EAST OF THE I-57/I-60 INTERCHANGE,06-037-0206,AQS
1994-10-05,48,Unknown,Azusa,06-037-0002,AQS
1994-10-06,82,Unknown,SITE IS LOCATED ONE HALF MILE EAST OF THE I-57/I-60 INTERCHANGE,06-037-0206,AQS
1994-10-07,105,Unknown,SITE IS LOCATED ONE HALF MILE EAST OF THE I-57/I-60 INTERCHANGE,06-037-0206,AQS
1994-10-08,103,Unknown,Anaheim (1010 Harbor Blvd),06-059-0001,AQS
1994-10-09,89,Unknown,Hawthorne,06-037-5001,AQS
1994-10-10,107,Unknown,Burbank,06-037-1002,AQS
1994-10-11,109,Unknown,West Los Angeles,06-037-0113,AQS
1994-10-12,107,Unknown,Not Available,06-037-1601,AQS
1994-10-13,57,Unknown,SITE IS LOCATED ONE HALF MILE EAST OF THE I-57/I-60 INTERCHANGE,06-037-0206,AQS
1994-10-14,58,Unknown,SITE IS LOCATED ONE HALF MILE EAST OF THE I-57/I-60 INTERCHANGE,06-037-0206,AQS
1994-10-15,46,Unknown,SITE IS LOCATED ONE HALF MILE EAST OF THE I-57/I-60 INTERCHANGE,06-037-0206,AQS
1994-10-16,58,Unknown,Los Angeles-North Main Street,06-037-1103,AQS
1994-10-17,88,Unknown,Burbank,06-037-1002,AQS
1994-10-18,104,Unknown,Long Beach (North),06-037-4002,AQS
1994-10-19,104,Unknown,Los Angeles-North Main Street,06-037-1103,AQS
1994-10-20,106,Unknown,Lynwood,06-037-1301,AQS
1994-10-21,111,Unknown,Lynwood,06-037-1301,AQS
1994-10-22,114,Unknown,Los Angeles-North Main Street,06-037-1103,AQS
1994-10-23,118,Unknown,Los Angeles-North Main Street,06-037-1103,AQS
1994-10-24,105,Unknown,Burbank,06-037-1002,AQS
1994-10-25,78,Unknown,Burbank,06-037-1002,AQS
1994-10-26,104,Unknown,Glendora,06-037-0016,AQS
1994-10-27,120,Unknown,Los Angeles-North Main Street,06-037-1103,AQS
1994-10-28,106,Unknown,Glendora,06-037-0016,AQS
1994-10-29,89,Unknown,Los Angeles-North Main Street,06-037-1103,AQS
1994-10-30,106,Unknown,Pomona,06-037-1701,AQS
1994-10-31,118,Unknown,Hawthorne,06-037-5001,AQS
1994-11-01,108,Unknown,Burbank,06-037-1002,AQS
1994-11-02,55,Unknown,Hawthorne,06-037-5001,AQS
1994-11-03,57,Unknown,SITE IS LOCATED ONE HALF MILE EAST OF THE I-57/I-60 INTERCHANGE,06-037-0206,AQS
1994-11-04,74,Unknown,Costa Mesa,06-059-1003,AQS
1994-11-05,94,Unknown,Hawthorne,06-037-5001,AQS
1994-11-06,96,Unknown,Hawthorne,06-037-5001,AQS
1994-11-07,105,Unknown,SITE IS LOCATED ONE HALF MILE EAST OF THE I-57/I-60 INTERCHANGE,06-037-0206,AQS
1994-11-08,52,Unknown,Los Angeles-North Main Street,06-037-1103,AQS
1994-11-09,102,Unknown,Hawthorne,06-037-5001,AQS
1994-11-10,51,Unknown,Hawthorne,06-037-5001,AQS
1994-11-11,73,Unknown,SITE IS LOCATED ONE HALF MILE EAST OF THE I-57/I-60 INTERCHANGE,06-037-0206,AQS
1994-11-12,66,Unknown,Los Angeles-North Main Street,06-037-1103,AQS
1994-11-13,77,Unknown,SITE IS LOCATED ONE HALF MILE EAST OF THE I-57/I-60 INTERCHANGE,06-037-0206,AQS
1994-11-14,70,Unknown,Lynwood,06-037-1301,AQS
1994-11-15,89,Unknown,Pomona,06-037-1701,AQS
1994-11-16,61,Unknown,La Habra,06-059-5001,AQS
1994-11-17,68,Unknown,Hawthorne,06-037-5001,AQS
1994-11-18,47,Unknown,Anaheim (1010 Harbor Blvd),06-059-0001,AQS
1994-11-19,83,Unknown,Long Beach (North),06-037-4002,AQS
1994-11-20,73,Unknown,Los Angeles-North Main Street,06-037-1103,AQS
1994-11-21,103,Unknown,SITE IS LOCATED ONE HALF MILE EAST OF THE I-57/I-60 INTERCHANGE,06-037-0206,AQS
1994-11-22,107,Unknown,Los Angeles-North Main Street,06-037-1103,AQS
1994-11-23,87,Unknown,Anaheim (1010 Harbor Blvd),06-059-0001,AQS
1994-11-24,105,Unknown,Long Beach (North),06-037-4002,AQS
1994-11-25,67,Unknown,Not Available,06-037-1601,AQS
1994-11-26,47,Unknown,Lynwood,06-037-1301,AQS
1994-11-27,57,Unknown,SITE IS LOCATED ONE HALF MILE EAST OF THE I-57/I-60 INTERCHANGE,06-037-0206,AQS
1994-11-28,102,Unknown,Lynwood,06-037-1301,AQS
1994-11-29,99,Unknown,Anaheim (1010 Harbor Blvd),06-059-0001,AQS
1994-11-30,106,Unknown,Anaheim (1010 Harbor Blvd),06-059-0001,AQS
1994-12-01,102,Unknown,West Los Angeles,06-037-0113,AQS
1994-12-02,106,Unknown,Los Angeles-North Main Street,06-037-1103,AQS
1994-12-03,106,Unknown,Los Angeles-North Main Street,06-037-1103,AQS
1994-12-04,94,Unknown,Burbank,06-037-1002,AQS
1994-12-05,95,Unknown,Lynwood,06-037-1301,AQS
1994-12-06,61,Unknown,SITE IS LOCATED ONE HALF MILE EAST OF THE I-57/I-60 INTERCHANGE,06-037-0206,AQS
1994-12-07,56,Unknown,Lynwood,06-037-1301,AQS
1994-12-08,86,Unknown,Los Angeles-North Main Street,06-037-1103,AQS
1994-12-09,101,Unknown,La Habra,06-059-5001,AQS
1994-12-10,80,Unknown,Los Angeles-North Main Street,06-037-1103,AQS
1994-12-11,80,Unknown,Los Angeles-North Main Street,06-037-1103,AQS
1994-12-12,87,Unknown,Los Angeles-North Main Street,06-037-1103,AQS
1994-12-13,52,Unknown,SITE IS LOCATED ONE HALF MILE EAST OF THE I-57/I-60 INTERCHANGE,06-037-0206,AQS
1994-12-14,64,Unknown,SITE IS LOCATED ONE HALF MILE EAST OF THE I-57/I-60 INTERCHANGE,06-037-0206,AQS
1994-12-15,70,Unknown,SITE IS LOCATED ONE HALF MILE EAST OF THE I-57/I-60 INTERCHANGE,06-037-0206,AQS
1994-12-16,100,Unknown,Anaheim (1010 Harbor Blvd),06-059-0001,AQS
1994-12-17,105,Unknown,SITE IS LOCATED ONE HALF MILE EAST OF THE I-57/I-60 INTERCHANGE,06-037-0206,AQS
1994-12-18,101,Unknown,Los Angeles-North Main Street,06-037-1103,AQS
1994-12-19,120,Unknown,Lynwood,06-037-1301,AQS
1994-12-20,106,Unknown,Los Angeles-North Main Street,06-037-1103,AQS
1994-12-21,112,Unknown,Los Angeles-North Main Street,06-037-1103,AQS
1994-12-22,110,Unknown,Los Angeles-North Main Street,06-037-1103,AQS
1994-12-23,69,Unknown,Los Angeles-North Main Street,06-037-1103,AQS
1994-12-24,53,Unknown,Burbank,06-037-1002,AQS
1994-12-25,52,Unknown,Los Angeles-North Main Street,06-037-1103,AQS
1994-12-26,80,Unknown,Lynwood,06-037-1301,AQS
1994-12-27,70,Unknown,Burbank,06-037-1002,AQS
1994-12-28,47,Unknown,Burbank,06-037-1002,AQS
1994-12-29,62,Unknown,SITE IS LOCATED ONE HALF MILE EAST OF THE I-57/I-60 INTERCHANGE,06-037-0206,AQS
1994-12-30,65,Unknown,Lynwood,06-037-1301,AQS
1994-12-31,68,Unknown,SITE IS LOCATED ONE HALF MILE EAST OF THE I-57/I-60 INTERCHANGE,06-037-0206,AQS
1995-01-01,68,Unknown,La Habra,06-059-5001,AQS
1995-01-02,62,Unknown,Burbank,06-037-1002,AQS
1995-01-03,57,Unknown,SITE IS LOCATED ONE HALF MILE EAST OF THE I-57/I-60 INTERCHANGE,06-037-0206,AQS
1995-01-04,40,Unknown,Los Angeles-North Main Street,06-037-1103,AQS
1995-01-05,70,Unknown,Not Available,06-037-6002,AQS
1995-01-06,48,Unknown,Burbank,06-037-1002,AQS
1995-01-07,48,Unknown,Anaheim (1010 Harbor Blvd),06-059-0001,AQS
1995-01-08,32,Unknown,SITE IS LOCATED ONE HALF MILE EAST OF THE I-57/I-60 INTERCHANGE,06-037-0206,AQS
1995-01-09,40,Unknown,Hawthorne,06-037-5001,AQS
1995-01-10,38,Unknown,SITE IS LOCATED ONE HALF MILE EAST OF THE I-57/I-60 INTERCHANGE,06-037-0206,AQS
1995-01-11,47,Unknown,SITE IS LOCATED ONE HALF MILE EAST OF THE I-57/I-60 INTERCHANGE,06-037-0206,AQS
1995-01-12,50,Unknown,Los Angeles-North Main Street,06-037-1103,AQS
1995-01-13,55,Unknown,Los Angeles-North Main Street,06-037-1103,AQS
1995-01-14,42,Unknown,Los Angeles-North Main Street,06-037-1103,AQS
1995-01-15,44,Unknown,La Habra,06-059-5001,AQS
1995-01-16,46,Unknown,Hawthorne,06-037-5001,AQS
1995-01-17,61,Unknown,Pomona,06-037-1701,AQS
1995-01-18,86,Unknown,La Habra,06-059-5001,AQS
1995-01-19,85,Unknown,SITE IS LOCATED ONE HALF MILE EAST OF THE I-57/I-60 INTERCHANGE,06-037-0206,AQS
1995-01-20,68,Unknown,Lynwood,06-037-1301,AQS
1995-01-21,54,Unknown,Lynwood,06-037-1301,AQS
1995-01-22,54,Unknown,SITE IS LOCATED ONE HALF MILE EAST OF THE I-57/I-60 INTERCHANGE,06-037-0206,AQS
1995-01-23,42,Unknown,Lynwood,06-037-1301,AQS
1995-01-24,43,Unknown,Lynwood,06-037-1301,AQS
1995-01-25,41,Unknown,SITE IS LOCATED ONE HALF MILE EAST OF THE I-57/I-60 INTERCHANGE,06-037-0206,AQS
1995-01-26,61,Unknown,Lynwood,06-037-1301,AQS
1995-01-27,90,Unknown,Los Angeles-North Main Street,06-037-1103,AQS
1995-01-28,101,Unknown,Lynwood,06-037-1301,AQS
1995-01-29,102,Unknown,SITE IS LOCATED ONE HALF MILE EAST OF THE I-57/I-60 INTERCHANGE,06-037-0206,AQS
1995-01-30,87,Unknown,Anaheim (1010 Harbor Blvd),06-059-0001,AQS
1995-01-31,102,Unknown,Anaheim (1010 Harbor Blvd),06-059-0001,AQS
1995-02-01,120,Unknown,Lynwood,06-037-1301,AQS
1995-02-02,115,Unknown,West Los Angeles,06-037-0113,AQS
1995-02-03,117,Unknown,Costa Mesa,06-059-1003,AQS
1995-02-04,106,Unknown,SITE IS LOCATED ONE HALF MILE EAST OF THE I-57/I-60 INTERCHANGE,06-037-0206,AQS
1995-02-05,110,Unknown,Los Angeles-North Main Street,06-037-1103,AQS
1995-02-06,115,Unknown,Los Angeles-North Main Street,06-037-1103,AQS
1995-02-07,101,Unknown,SITE IS LOCATED ONE HALF MILE EAST OF THE I-57/I-60 INTERCHANGE,06-037-0206,AQS
1995-02-08,42,Unknown,West Los Angeles,06-037-0113,AQS
1995-02-09,64,Unknown,Lynwood,06-037-1301,AQS
1995-02-10,78,Unknown,Glendora,06-037-0016,AQS
1995-02-11,43,Unknown,Burbank,06-037-1002,AQS
1995-02-12,46,Unknown,Lynwood,06-037-1301,AQS
1995-02-13,47,Unknown,SITE IS LOCATED ONE HALF MILE EAST OF THE I-57/I-60 INTERCHANGE,06-037-0206,AQS
1995-02-14,47,Unknown,Long Beach (North),06-037-4002,AQS
1995-02-15,81,Unknown,SITE IS LOCATED ONE HALF MILE EAST OF THE I-57/I-60 INTERCHANGE,06-037-0206,AQS
1995-02-16,102,Unknown,SITE IS LOCATED ONE HALF MILE EAST OF THE I-57/I-60 INTERCHANGE,06-037-0206,AQS
1995-02-17,106,Unknown,Los Angeles-North Main Street,06-037-1103,AQS
1995-02-18,98,Unknown,SITE IS LOCATED ONE HALF MILE EAST OF THE I-57/I-60 INTERCHANGE,06-037-0206,AQS
1995-02-19,81,Unknown,Long Beach (North),06-037-4002,AQS
1995-02-20,82,Unknown,Costa Mesa,06-059-1003,AQS
1995-02-21,56,Unknown,Not Available,06-037-6002,AQS
1995-02-22,68,Unknown,SITE IS LOCATED ONE HALF MILE EAST OF THE I-57/I-60 INTERCHANGE,06-037-0206,AQS
1995-02-23,100,Unknown,Glendora,06-037-0016,AQS
1995-02-24,104,Unknown,SITE IS LOCATED ONE HALF MILE EAST OF THE I-57/I-60 INTERCHANGE,06-037-0206,AQS
1995-02-25,71,Unknown,SITE IS LOCATED ONE HALF MILE EAST OF THE I-57/I-60 INTERCHANGE,06-037-0206,AQS
1995-02-26,58,Unknown,Lynwood,06-037-1301,AQS
1995-02-27,61,Unknown,Lynwood,06-037-1301,AQS
1995-02-28,47,Unknown,Not Available,06-037-1601,AQS
1995-03-01,55,Unknown,SITE IS LOCATED ONE HALF MILE EAST OF THE I-57/I-60 INTERCHANGE,06-037-0206,AQS
1995-03-02,45,Unknown,La Habra,06-059-5001,AQS
1995-03-03,49,Unknown,SITE IS LOCATED ONE HALF MILE EAST OF THE I-57/I-60 INTERCHANGE,06-037-0206,AQS
1995-03-04,49,Unknown,SITE IS LOCATED ONE HALF MILE EAST OF THE I-57/I-60 INTERCHANGE,06-037-0206,AQS
1995-03-05,33,Unknown,SITE IS LOCATED ONE HALF MILE EAST OF THE I-57/I-60 INTERCHANGE,06-037-0206,AQS
1995-03-06,66,Unknown,Not Available,06-037-6002,AQS
1995-03-07,89,Unknown,Los Angeles-North Main Street,06-037-1103,AQS
1995-03-08,108,Unknown,Long Beach (North),06-037-4002,AQS
1995-03-09,102,Unknown,Los Angeles-North Main Street,06-037-1103,AQS
1995-03-10,65,Unknown,Pomona,06-037-1701,AQS
1995-03-11,47,Unknown,SITE IS LOCATED ONE HALF MILE EAST OF THE I-57/I-60 INTERCHANGE,06-037-0206,AQS
1995-03-12,51,Unknown,Pomona,06-037-1701,AQS
1995-03-13,77,Unknown,Pomona,06-037-1701,AQS
1995-03-14,97,Unknown,Costa Mesa,06-059-1003,AQS
1995-03-15,105,Unknown,Los Angeles-North Main Street,06-037-1103,AQS
1995-03-16,103,Unknown,SITE IS LOCATED ONE HALF MILE EAST OF THE I-57/I-60 INTERCHANGE,06-037-0206,AQS
1995-03-17,70,Unknown,Lynwood,06-037-1301,AQS
1995-03-18,67,Unknown,Pomona,06-037-1701,AQS
1995-03-19,58,Unknown,Lynwood,06-037-1301,AQS
1995-03-20,60,Unknown,SITE IS LOCATED ONE HALF MILE EAST OF THE I-57/I-60 INTERCHANGE,06-037-0206,AQS
1995-03-21,49,Unknown,SITE IS LOCATED ONE HALF MILE EAST OF THE I-57/I-60 INTERCHANGE,06-037-0206,AQS
1995-03-22,61,Unknown,Long Beach (North),06-037-4002,AQS
1995-03-23,54,Unknown,SITE IS LOCATED ONE HALF MILE EAST OF THE I-57/I-60 INTERCHANGE,06-037-0206,AQS
1995-03-24,53,Unknown,SITE IS LOCATED ONE HALF MILE EAST OF THE I-57/I-60 INTERCHANGE,06-037-0206,AQS
1995-03-25,67,Unknown,SITE IS LOCATED ONE HALF MILE EAST OF THE I-57/I-60 INTERCHANGE,06-037-0206,AQS
1995-03-26,74,Unknown,SITE IS LOCATED ONE HALF MILE EAST OF THE I-57/I-60 INTERCHANGE,06-037-0206,AQS
1995-03-27,103,Unknown,Burbank,06-037-1002,AQS
1995-03-28,85,Unknown,Lynwood,06-037-1301,AQS
1995-03-29,104,Unknown,SITE IS LOCATED ONE HALF MILE EAST OF THE I-57/I-60 INTERCHANGE,06-037-0206,AQS
1995-03-30,89,Unknown,Lynwood,06-037-1301,AQS
1995-03-31,93,Unknown,Anaheim (1010 Harbor Blvd),06-059-0001,AQS
1995-04-01,83,Unknown,SITE IS LOCATED ONE HALF MILE EAST OF THE I-57/I-60 INTERCHANGE,06-037-0206,AQS
1995-04-02,80,Unknown,Anaheim (1010 Harbor Blvd),06-059-0001,AQS
1995-04-03,112,Unknown,Los Angeles-North Main Street,06-037-1103,AQS
1995-04-04,103,Unknown,Lancaster-Ponderosa St.,06-037-9002,AQS
1995-04-05,108,Unknown,Lancaster-Ponderosa St.,06-037-9002,AQS
1995-04-06,71,Unknown,SITE IS LOCATED ONE HALF MILE EAST OF THE I-57/I-60 INTERCHANGE,06-037-0206,AQS
1995-04-07,52,Unknown,SITE IS LOCATED ONE HALF MILE EAST OF THE I-57/I-60 INTERCHANGE,06-037-0206,AQS
1995-04-08,45,Unknown,Pomona,06-037-1701,AQS
1995-04-09,53,Unknown,Anaheim (1010 Harbor Blvd),06-059-0001,AQS
1995-04-10,76,Unknown,Los Angeles-North Main Street,06-037-1103,AQS
1995-04-11,101,Unknown,Lynwood,06-037-1301,AQS
1995-04-12,108,Unknown,Lynwood,06-037-1301,AQS
1995-04-13,83,Unknown,Glendora,06-037-0016,AQS
1995-04-14,58,Unknown,Lynwood,06-037-1301,AQS
1995-04-15,54,Unknown,Hawthorne,06-037-5001,AQS
1995-04-16,47,Unknown,Anaheim (1010 Harbor Blvd),06-059-0001,AQS
1995-04-17,51,Unknown,Lynwood,06-037-1301,AQS
1995-04-18,49,Unknown,Not Available,06-037-1601,AQS
1995-04-19,58,Unknown,Long Beach (North),06-037-4002,AQS
1995-04-20,48,Unknown,Not Available,06-037-1601,AQS
1995-04-21,61,Unknown,Lynwood,06-037-1301,AQS
1995-04-22,78,Unknown,Lynwood,06-037-1301,AQS
1995-04-23,87,Unknown,Anaheim (1010 Harbor Blvd),06-059-0001,AQS
1995-04-24,95,Unknown,Long Beach (North),06-037-4002,AQS
1995-04-25,101,Unknown,Burbank,06-037-1002,AQS
1995-04-26,69,Unknown,Burbank,06-037-1002,AQS
1995-04-27,53,Unknown,Lynwood,06-037-1301,AQS
1995-04-28,39,Unknown,SITE IS LOCATED ONE HALF MILE EAST OF THE I-57/I-60 INTERCHANGE,06-037-0206,AQS
1995-04-29,42,Unknown,Azusa,06-037-0002,AQS
1995-04-30,50,Unknown,Burbank,06-037-1002,AQS
1995-05-01,48,Unknown,Not Available,06-037-1601,AQS
1995-05-02,42,Unknown,Pomona,06-037-1701,AQS
1995-05-03,48,Unknown,Not Available,06-037-6002,AQS
1995-05-04,41,Unknown,Los Angeles-North Main Street,06-037-1103,AQS
1995-05-05,45,Unknown,Lynwood,06-037-1301,AQS
1995-05-06,42,Unknown,Lynwood,06-037-1301,AQS
1995-05-07,41,Unknown,Los Angeles-North Main Street,06-037-1103,AQS
1995-05-08,49,Unknown,SITE IS LOCATED ONE HALF MILE EAST OF THE I-57/I-60 INTERCHANGE,06-037-0206,AQS
1995-05-09,68,Unknown,Los Angeles-North Main Street,06-037-1103,AQS
1995-05-10,56,Unknown,Lynwood,06-037-1301,AQS
1995-05-11,52,Unknown,Reseda,06-037-1201,AQS
1995-05-12,45,Unknown,Lynwood,06-037-1301,AQS
1995-05-13,34,Unknown,Not Available,06-037-1601,AQS
1995-05-14,39,Unknown,Lynwood,06-037-1301,AQS
1995-05-15,45,Unknown,Los Angeles-North Main Street,06-037-1103,AQS
1995-05-16,46,Unknown,Los Angeles-North Main Street,06-037-1103,AQS
1995-05-17,54,Unknown,Los Angeles-North Main Street,06-037-1103,AQS
1995-05-18,83,Unknown,Pomona,06-037-1701,AQS
1995-05-19,95,Unknown,Los Angeles-North Main Street,06-037-1103,AQS
1995-05-20,53,Unknown,Glendora,06-037-0016,AQS
1995-05-21,53,Unknown,Hawthorne,06-037-5001,AQS
1995-05-22,48,Unknown,Los Angeles-North Main Street,06-037-1103,AQS
1995-05-23,43,Unknown,Los Angeles-North Main Street,06-037-1103,AQS
1995-05-24,57,Unknown,Los Angeles-North Main Street,06-037-1103,AQS
1995-05-25,52,Unknown,Azusa,06-037-0002,AQS
1995-05-26,73,Unknown,Burbank,06-037-1002,AQS
1995-05-27,50,Unknown,Pomona,06-037-1701,AQS
1995-05-28,50,Unknown,Lynwood,06-037-1301,AQS
1995-05-29,65,Unknown,Burbank,06-037-1002,AQS
1995-05-30,95,Unknown,Los Angeles-North Main Street,06-037-1103,AQS
1995-05-31,106,Unknown,Reseda,06-037-1201,AQS
1995-06-01,49,Unknown,Lancaster-Ponderosa St.,06-037-9002,AQS
1995-06-02,46,Unknown,Pomona,06-037-1701,AQS
1995-06-03,48,Unknown,Pomona,06-037-1701,AQS
1995-06-04,49,Unknown,Azusa,06-037-0002,AQS
1995-06-05,64,Unknown,Los Angeles-North Main Street,06-037-1103,AQS
1995-06-06,50,Unknown,Hawthorne,06-037-5001,AQS
1995-06-07,41,Unknown,Pomona,06-037-1701,AQS
1995-06-08,40,Unknown,Azusa,06-037-0002,AQS
1995-06-09,84,Unknown,Los Angeles-North Main Street,06-037-1103,AQS
1995-06-10,100,Unknown,Los Angeles-North Main Street,06-037-1103,AQS
1995-06-11,101,Unknown,SITE IS LOCATED ONE HALF MILE EAST OF THE I-57/I-60 INTERCHANGE,06-037-0206,AQS
1995-06-12,103,Unknown,Burbank,06-037-1002,AQS
1995-06-13,86,Unknown,Los Angeles-North Main Street,06-037-1103,AQS
1995-06-14,62,Unknown,Not Available,06-037-6002,AQS
1995-06-15,43,Unknown,Reseda,06-037-1201,AQS
1995-06-16,35,Unknown,Hawthorne,06-037-5001,AQS
1995-06-17,48,Unknown,Pomona,06-037-1701,AQS
1995-06-18,66,Unknown,Lynwood,06-037-1301,AQS
1995-06-19,87,Unknown,Burbank,06-037-1002,AQS
1995-06-20,84,Unknown,Not Available,06-037-6002,AQS
1995-06-21,73,Unknown,Not Available,06-037-6002,AQS
1995-06-22,88,Unknown,Los Angeles-North Main Street,06-037-1103,AQS
1995-06-23,104,Unknown,Los Angeles-North Main Street,06-037-1103,AQS
1995-06-24,98,Unknown,Burbank,06-037-1002,AQS
1995-06-25,54,Unknown,Not Available,06-037-6002,AQS
1995-06-26,61,Unknown,Los Angeles-North Main Street,06-037-1103,AQS
1995-06-27,78,Unknown,Los Angeles-North Main Street,06-037-1103,AQS
1995-06-28,80,Unknown,Burbank,06-037-1002,AQS
1995-06-29,73,Unknown,Pomona,06-037-1701,AQS
1995-06-30,90,Unknown,Azusa,06-037-0002,AQS
1995-07-01,64,Unknown,Azusa,06-037-0002,AQS
1995-07-02,61,Unknown,Azusa,06-037-0002,AQS
1995-07-03,47,Unknown,Pomona,06-037-1701,AQS
1995-07-04,58,Unknown,Azusa,06-037-0002,AQS
1995-07-05,70,Unknown,Azusa,06-037-0002,AQS
1995-07-06,78,Unknown,Not Available,06-037-6002,AQS
1995-07-07,103,Unknown,Azusa,06-037-0002,AQS
1995-07-08,94,Unknown,Los Angeles-North Main Street,06-037-1103,AQS
1995-07-09,71,Unknown,Azusa,06-037-0002,AQS
1995-07-10,102,Unknown,Los Angeles-North Main Street,06-037-1103,AQS
1995-07-11,84,Unknown,Azusa,06-037-0002,AQS
1995-07-12,68,Unknown,Glendora,06-037-0016,AQS
1995-07-13,103,Unknown,Los Angeles-North Main Street,06-037-1103,AQS
1995-07-14,88,Unknown,SITE IS LOCATED ONE HALF MILE EAST OF THE I-57/I-60 INTERCHANGE,06-037-0206,AQS
1995-07-15,98,Unknown,Azusa,06-037-0002,AQS
1995-07-16,81,Unknown,Lynwood,06-037-1301,AQS
1995-07-17,91,Unknown,Los Angeles-North Main Street,06-037-1103,AQS
1995-07-18,105,Unknown,Los Angeles-North Main Street,06-037-1103,AQS
1995-07-19,86,Unknown,SITE IS LOCATED ONE HALF MILE EAST OF THE I-57/I-60 INTERCHANGE,06-037-0206,AQS
1995-07-20,110,Unknown,Los Angeles-North Main Street,06-037-1103,AQS
1995-07-21,104,Unknown,Los Angeles-North Main Street,06-037-1103,AQS
1995-07-22,56,Unknown,Not Available,06-037-1601,AQS
1995-07-23,71,Unknown,Pomona,06-037-1701,AQS
1995-07-24,73,Unknown,Pomona,06-037-1701,AQS
1995-07-25,77,Unknown,SITE IS LOCATED ONE HALF MILE EAST OF THE I-57/I-60 INTERCHANGE,06-037-0206,AQS
1995-07-26,108,Unknown,Not Available,06-037-1601,AQS
1995-07-27,113,Unknown,Not Available,06-037-1601,AQS
1995-07-28,115,Unknown,Not Available,06-037-1601,AQS
1995-07-29,93,Unknown,Pomona,06-037-1701,AQS
1995-07-30,73,Unknown,Los Angeles-North Main Street,06-037-1103,AQS
1995-07-31,102,Unknown,Los Angeles-North Main Street,06-037-1103,AQS
1995-08-01,88,Unknown,Azusa,06-037-0002,AQS
1995-08-02,101,Unknown,Glendora,06-037-0016,AQS
1995-08-03,104,Unknown,Pomona,06-037-1701,AQS
1995-08-04,102,Unknown,Los Angeles-North Main Street,06-037-1103,AQS
1995-08-05,102,Unknown,Pomona,06-037-1701,AQS
1995-08-06,94,Unknown,SITE IS LOCATED ONE HALF MILE EAST OF THE I-57/I-60 INTERCHANGE,06-037-0206,AQS
1995-08-07,101,Unknown,Azusa,06-037-0002,AQS
1995-08-08,98,Unknown,Pomona,06-037-1701,AQS
1995-08-09,90,Unknown,Los Angeles-North Main Street,06-037-1103,AQS
1995-08-10,81,Unknown,Azusa,06-037-0002,AQS
1995-08-11,116,Unknown,Los Angeles-North Main Street,06-037-1103,AQS
1995-08-12,107,Unknown,Los Angeles-North Main Street,06-037-1103,AQS
1995-08-13,98,Unknown,SITE IS LOCATED ONE HALF MILE EAST OF THE I-57/I-60 INTERCHANGE,06-037-0206,AQS
1995-08-14,105,Unknown,Los Angeles-North Main Street,06-037-1103,AQS
1995-08-15,104,Unknown,Not Available,06-037-6002,AQS
1995-08-16,96,Unknown,Reseda,06-037-1201,AQS
1995-08-17,103,Unknown,Reseda,06-037-1201,AQS
1995-08-18,93,Unknown,Los Angeles-North Main Street,06-037-1103,AQS
1995-08-19,107,Unknown,Los Angeles-North Main Street,06-037-1103,AQS
1995-08-20,60,Unknown,Glendora,06-037-0016,AQS
1995-08-21,82,Unknown,Glendora,06-037-0016,AQS
1995-08-22,96,Unknown,SITE IS LOCATED ONE HALF MILE EAST OF THE I-57/I-60 INTERCHANGE,06-037-0206,AQS
1995-08-23,83,Unknown,SITE IS LOCATED ONE HALF MILE EAST OF THE I-57/I-60 INTERCHANGE,06-037-0206,AQS
1995-08-24,108,Unknown,Los Angeles-North Main Street,06-037-1103,AQS
1995-08-25,112,Unknown,Los Angeles-North Main Street,06-037-1103,AQS
1995-08-26,113,Unknown,Los Angeles-North Main Street,06-037-1103,AQS
1995-08-27,106,Unknown,Los Angeles-North Main Street,06-037-1103,AQS
1995-08-28,111,Unknown,Los Angeles-North Main Street,06-037-1103,AQS
1995-08-29,116,Unknown,Los Angeles-North Main Street,06-037-1103,AQS
1995-08-30,116,Unknown,Los Angeles-North Main Street,06-037-1103,AQS
1995-08-31,120,Unknown,Not Available,06-037-1601,AQS
1995-09-01,127,Unknown,Los Angeles-North Main Street,06-037-1103,AQS
1995-09-02,119,Unknown,Los Angeles-North Main Street,06-037-1103,AQS
1995-09-03,105,Unknown,Los Angeles-North Main Street,06-037-1103,AQS
1995-09-04,71,Unknown,Burbank,06-037-1002,AQS
1995-09-05,117,Unknown,Lynwood,06-037-1301,AQS
1995-09-06,104,Unknown,Hawthorne,06-037-5001,AQS
1995-09-07,102,Unknown,Los Angeles-North Main Street,06-037-1103,AQS
1995-09-08,90,Unknown,Azusa,06-037-0002,AQS
1995-09-09,73,Unknown,Glendora,06-037-0016,AQS
1995-09-10,73,Unknown,Azusa,06-037-0002,AQS
1995-09-11,111,Unknown,Long Beach (North),06-037-4002,AQS
1995-09-12,112,Unknown,Los Angeles-North Main Street,06-037-1103,AQS
1995-09-13,110,Unknown,SITE IS LOCATED ONE HALF MILE EAST OF THE I-57/I-60 INTERCHANGE,06-037-0206,AQS
1995-09-14,106,Unknown,SITE IS LOCATED ONE HALF MILE EAST OF THE I-57/I-60 INTERCHANGE,06-037-0206,AQS
1995-09-15,112,Unknown,SITE IS LOCATED ONE HALF MILE EAST OF THE I-57/I-60 INTERCHANGE,06-037-0206,AQS
1995-09-16,57,Unknown,Not Available,06-037-6002,AQS
1995-09-17,76,Unknown,Pomona,06-037-1701,AQS
1995-09-18,103,Unknown,Not Available,06-037-6002,AQS
1995-09-19,103,Unknown,Los Angeles-North Main Street,06-037-1103,AQS
1995-09-20,102,Unknown,Los Angeles-North Main Street,06-037-1103,AQS
1995-09-21,97,Unknown,SITE IS LOCATED ONE HALF MILE EAST OF THE I-57/I-60 INTERCHANGE,06-037-0206,AQS
1995-09-22,102,Unknown,Los Angeles-North Main Street,06-037-1103,AQS
1995-09-23,102,Unknown,Glendora,06-037-0016,AQS
1995-09-24,74,Unknown,Pomona,06-037-1701,AQS
1995-09-25,89,Unknown,Azusa,06-037-0002,AQS
1995-09-26,45,Unknown,Azusa,06-037-0002,AQS
1995-09-27,55,Unknown,Burbank,06-037-1002,AQS
1995-09-28,52,Unknown,Long Beach (North),06-037-4002,AQS
1995-09-29,60,Unknown,Los Angeles-North Main Street,06-037-1103,AQS
1995-09-30,109,Unknown,Long Beach (North),06-037-4002,AQS
1995-10-01,102,Unknown,Los Angeles-North Main Street,06-037-1103,AQS
1995-10-02,107,Unknown,Long Beach (North),06-037-4002,AQS
1995-10-03,110,Unknown,Not Available,06-037-1601,AQS
1995-10-04,104,Unknown,Los Angeles-North Main Street,06-037-1103,AQS
1995-10-05,105,Unknown,Los Angeles-North Main Street,06-037-1103,AQS
1995-10-06,103,Unknown,Glendora,06-037-0016,AQS
1995-10-07,57,Unknown,Lancaster-Ponderosa St.,06-037-9002,AQS
1995-10-08,54,Unknown,Lancaster-Ponderosa St.,06-037-9002,AQS
1995-10-09,84,Unknown,Pomona,06-037-1701,AQS
1995-10-10,117,Unknown,Azusa,06-037-0002,AQS
1995-10-11,85,Unknown,Not Available,06-037-6002,AQS
1995-10-12,83,Unknown,SITE IS LOCATED ONE HALF MILE EAST OF THE I-57/I-60 INTERCHANGE,06-037-0206,AQS
1995-10-13,106,Unknown,SITE IS LOCATED ONE HALF MILE EAST OF THE I-57/I-60 INTERCHANGE,06-037-0206,AQS
1995-10-14,107,Unknown,Azusa,06-037-0002,AQS
1995-10-15,64,Unknown,Glendora,06-037-0016,AQS
1995-10-16,63,Unknown,Azusa,06-037-0002,AQS
1995-10-17,103,Unknown,Los Angeles-North Main Street,06-037-1103,AQS
1995-10-18,102,Unknown,Azusa,06-037-0002,AQS
1995-10-19,91,Unknown,Azusa,06-037-0002,AQS
1995-10-20,109,Unknown,Azusa,06-037-0002,AQS
1995-10-21,67,Unknown,Burbank,06-037-1002,AQS
1995-10-22,73,Unknown,Burbank,06-037-1002,AQS
1995-10-23,96,Unknown,Long Beach (North),06-037-4002,AQS
1995-10-24,106,Unknown,Long Beach (North),06-037-4002,AQS
1995-10-25,111,Unknown,Long Beach (North),06-037-4002,AQS
1995-10-26,112,Unknown,Long Beach (North),06-037-4002,AQS
1995-10-27,118,Unknown,Long Beach (North),06-037-4002,AQS
1995-10-28,110,Unknown,Not Available,06-037-6002,AQS
1995-10-29,73,Unknown,Not Available,06-037-6002,AQS
1995-10-30,60,Unknown,Not Available,06-037-6002,AQS
1995-10-31,63,Unknown,Glendora,06-037-0016,AQS
1995-11-01,50,Unknown,Glendora,06-037-0016,AQS
1995-11-02,84,Unknown,SITE IS LOCATED ONE HALF MILE EAST OF THE I-57/I-60 INTERCHANGE,06-037-0206,AQS
1995-11-03,98,Unknown,Azusa,06-037-0002,AQS
1995-11-04,97,Unknown,Pasadena,06-037-2005,AQS
1995-11-05,102,Unknown,Long Beach (North),06-037-4002,AQS
1995-11-06,71,Unknown,Long Beach (North),06-037-4002,AQS
1995-11-07,106,Unknown,Not Available,06-037-1601,AQS
1995-11-08,119,Unknown,Long Beach (North),06-037-4002,AQS
1995-11-09,103,Unknown,Glendora,06-037-0016,AQS
1995-11-10,77,Unknown,Azusa,06-037-0002,AQS
1995-11-11,109,Unknown,Long Beach (North),06-037-4002,AQS
1995-11-12,106,Unknown,Not Available,06-037-1601,AQS
1995-11-13,113,Unknown,Not Available,06-037-1601,AQS
1995-11-14,105,Unknown,Azusa,06-037-0002,AQS
1995-11-15,112,Unknown,Azusa,06-037-0002,AQS
1995-11-16,110,Unknown,Glendora,06-037-0016,AQS
1995-11-17,121,Unknown,Azusa,06-037-0002,AQS
1995-11-18,124,Unknown,Not Available,06-037-1601,AQS
1995-11-19,114,Unknown,Not Available,06-037-1601,AQS
1995-11-20,120,Unknown,West Los Angeles,06-037-0113,AQS
1995-11-21,114,Unknown,Azusa,06-037-0002,AQS
1995-11-22,115,Unknown,SITE IS LOCATED ONE HALF MILE EAST OF THE I-57/I-60 INTERCHANGE,06-037-0206,AQS
1995-11-23,121,Unknown,Not Available,06-037-1601,AQS
1995-11-24,121,Unknown,Pasadena,06-037-2005,AQS
1995-11-25,115,Unknown,Pasadena,06-037-2005,AQS
1995-11-26,105,Unknown,Glendora,06-037-0016,AQS
1995-11-27,97,Unknown,Lynwood,06-037-1301,AQS
1995-11-28,103,Unknown,Burbank,06-037-1002,AQS
1995-11-29,108,Unknown,Costa Mesa,06-059-1003,AQS
1995-11-30,109,Unknown,Pasadena,06-037-2005,AQS
1995-12-01,114,Unknown,Los Angeles-North Main Street,06-037-1103,AQS
1995-12-02,108,Unknown,Reseda,06-037-1201,AQS
1995-12-03,102,Unknown,Azusa,06-037-0002,AQS
1995-12-04,110,Unknown,Azusa,06-037-0002,AQS
1995-12-05,113,Unknown,Azusa,06-037-0002,AQS
1995-12-06,117,Unknown,SITE IS LOCATED ONE HALF MILE EAST OF THE I-57/I-60 INTERCHANGE,06-037-0206,AQS
1995-12-07,103,Unknown,Azusa,06-037-0002,AQS
1995-12-08,107,Unknown,Los Angeles-North Main Street,06-037-1103,AQS
1995-12-09,124,Unknown,Azusa,06-037-0002,AQS
1995-12-10,107,Unknown,SITE IS LOCATED ONE HALF MILE EAST OF THE I-57/I-60 INTERCHANGE,06-037-0206,AQS
1995-12-11,117,Unknown,Glendora,06-037-0016,AQS
1995-12-12,101,Unknown,SITE IS LOCATED ONE HALF MILE EAST OF THE I-57/I-60 INTERCHANGE,06-037-0206,AQS
1995-12-13,46,Unknown,SITE IS LOCATED ONE HALF MILE EAST OF THE I-57/I-60 INTERCHANGE,06-037-0206,AQS
1995-12-14,80,Unknown,SITE IS LOCATED ONE HALF MILE EAST OF THE I-57/I-60 INTERCHANGE,06-037-0206,AQS
1995-12-15,103,Unknown,SITE IS LOCATED ONE HALF MILE EAST OF THE I-57/I-60 INTERCHANGE,06-037-0206,AQS
1995-12-16,47,Unknown,SITE IS LOCATED ONE HALF MILE EAST OF THE I-57/I-60 INTERCHANGE,06-037-0206,AQS
1995-12-17,57,Unknown,Burbank,06-037-1002,AQS
1995-12-18,67,Unknown,Hawthorne,06-037-5001,AQS
1995-12-19,69,Unknown,SITE IS LOCATED ONE HALF MILE EAST OF THE I-57/I-60 INTERCHANGE,06-037-0206,AQS
1995-12-20,74,Unknown,SITE IS LOCATED ONE HALF MILE EAST OF THE I-57/I-60 INTERCHANGE,06-037-0206,AQS
1995-12-21,78,Unknown,Hawthorne,06-037-5001,AQS
1995-12-22,85,Unknown,Burbank,06-037-1002,AQS
1995-12-23,54,Unknown,SITE IS LOCATED ONE HALF MILE EAST OF THE I-57/I-60 INTERCHANGE,06-037-0206,AQS
1995-12-24,47,Unknown,Hawthorne,06-037-5001,AQS
1995-12-25,54,Unknown,SITE IS LOCATED ONE HALF MILE EAST OF THE I-57/I-60 INTERCHANGE,06-037-0206,AQS
1995-12-26,71,Unknown,SITE IS LOCATED ONE HALF MILE EAST OF THE I-57/I-60 INTERCHANGE,06-037-0206,AQS
1995-12-27,87,Unknown,Long Beach (North),06-037-4002,AQS
1995-12-28,83,Unknown,Pasadena,06-037-2005,AQS
1995-12-29,103,Unknown,Long Beach (North),06-037-4002,AQS
1995-12-30,82,Unknown,SITE IS LOCATED ONE HALF MILE EAST OF THE I-57/I-60 INTERCHANGE,06-037-0206,AQS
1995-12-31,77,Unknown,Glendora,06-037-0016,AQS
1996-01-01,70,Unknown,La Habra,06-059-5001,AQS
1996-01-02,102,Unknown,Lynwood,06-037-1301,AQS
1996-01-03,97,Unknown,Hawthorne,06-037-5001,AQS
1996-01-04,73,Unknown,SITE IS LOCATED ONE HALF MILE EAST OF THE I-57/I-60 INTERCHANGE,06-037-0206,AQS
1996-01-05,79,Unknown,SITE IS LOCATED ONE HALF MILE EAST OF THE I-57/I-60 INTERCHANGE,06-037-0206,AQS
1996-01-06,103,Unknown,SITE IS LOCATED ONE HALF MILE EAST OF THE I-57/I-60 INTERCHANGE,06-037-0206,AQS
1996-01-07,101,Unknown,SITE IS LOCATED ONE HALF MILE EAST OF THE I-57/I-60 INTERCHANGE,06-037-0206,AQS
1996-01-08,108,Unknown,Los Angeles-North Main Street,06-037-1103,AQS
1996-01-09,119,Unknown,Los Angeles-North Main Street,06-037-1103,AQS
1996-01-10,128,Unknown,Los Angeles-North Main Street,06-037-1103,AQS
1996-01-11,106,Unknown,Long Beach (North),06-037-4002,AQS
1996-01-12,102,Unknown,Anaheim (1010 Harbor Blvd),06-059-0001,AQS
1996-01-13,103,Unknown,Burbank,06-037-1002,AQS
1996-01-14,105,Unknown,Pasadena,06-037-2005,AQS
1996-01-15,110,Unknown,Azusa,06-037-0002,AQS
1996-01-16,64,Unknown,Azusa,06-037-0002,AQS
1996-01-17,55,Unknown,Pomona,06-037-1701,AQS
1996-01-18,69,Unknown,Glendora,06-037-0016,AQS
1996-01-19,57,Unknown,Pomona,06-037-1701,AQS
1996-01-20,82,Unknown,Anaheim (1010 Harbor Blvd),06-059-0001,AQS
1996-01-21,67,Unknown,West Los Angeles,06-037-0113,AQS
1996-01-22,57,Unknown,Pomona,06-037-1701,AQS
1996-01-23,68,Unknown,Pomona,06-037-1701,AQS
1996-01-24,102,Unknown,West Los Angeles,06-037-0113,AQS
1996-01-25,78,Unknown,West Los Angeles,06-037-0113,AQS
1996-01-26,80,Unknown,Long Beach (North),06-037-4002,AQS
1996-01-27,86,Unknown,West Los Angeles,06-037-0113,AQS
1996-01-28,57,Unknown,West Los Angeles,06-037-0113,AQS
1996-01-29,58,Unknown,West Los Angeles,06-037-0113,AQS
1996-01-30,101,Unknown,Reseda,06-037-1201,AQS
1996-01-31,46,Unknown,Not Available,06-037-1601,AQS
1996-02-01,63,Unknown,Not Available,06-037-1601,AQS
1996-02-02,48,Unknown,Azusa,06-037-0002,AQS
1996-02-03,48,Unknown,Azusa,06-037-0002,AQS
1996-02-04,76,Unknown,La Habra,06-059-5001,AQS
1996-02-05,76,Unknown,Not Available,06-037-1601,AQS
1996-02-06,103,Unknown,Pasadena,06-037-2005,AQS
1996-02-07,111,Unknown,Pasadena,06-037-2005,AQS
1996-02-08,100,Unknown,Not Available,06-037-1601,AQS
1996-02-09,67,Unknown,Azusa,06-037-0002,AQS
1996-02-10,54,Unknown,Azusa,06-037-0002,AQS
1996-02-11,68,Unknown,Azusa,06-037-0002,AQS
1996-02-12,68,Unknown,Los Angeles-North Main Street,06-037-1103,AQS
1996-02-13,69,Unknown,Hawthorne,06-037-5001,AQS
1996-02-14,106,Unknown,Azusa,06-037-0002,AQS
1996-02-15,106,Unknown,Pasadena,06-037-2005,AQS
1996-02-16,89,Unknown,Azusa,06-037-0002,AQS
1996-02-17,49,Unknown,Azusa,06-037-0002,AQS
1996-02-18,49,Unknown,Azusa,06-037-0002,AQS
1996-02-19,42,Unknown,Azusa,06-037-0002,AQS
1996-02-20,42,Unknown,Azusa,06-037-0002,AQS
1996-02-21,46,Unknown,Not Available,06-037-1601,AQS
1996-02-22,47,Unknown,SITE IS LOCATED ONE HALF MILE EAST OF THE I-57/I-60 INTERCHANGE,06-037-0206,AQS
1996-02-23,62,Unknown,Costa Mesa,06-059-1003,AQS
1996-02-24,54,Unknown,Not Available,06-037-1601,AQS
1996-02-25,45,Unknown,Azusa,06-037-0002,AQS
1996-02-26,55,Unknown,Not Available,06-037-1601,AQS
1996-02-27,52,Unknown,Reseda,06-037-1201,AQS
1996-02-28,54,Unknown,Long Beach (North),06-037-4002,AQS
1996-02-29,57,Unknown,SITE IS LOCATED ONE HALF MILE EAST OF THE I-57/I-60 INTERCHANGE,06-037-0206,AQS
1996-03-01,68,Unknown,Azusa,06-037-0002,AQS
1996-03-02,69,Unknown,Lynwood,06-037-1301,AQS
1996-03-03,82,Unknown,Reseda,06-037-1201,AQS
1996-03-04,47,Unknown,Azusa,06-037-0002,AQS
1996-03-05,69,Unknown,Reseda,06-037-1201,AQS
1996-03-06,101,Unknown,Reseda,06-037-1201,AQS
1996-03-07,74,Unknown,Not Available,06-037-1601,AQS
1996-03-08,103,Unknown,Not Available,06-037-1601,AQS
1996-03-09,95,Unknown,Not Available,06-037-1601,AQS
1996-03-10,72,Unknown,West Los Angeles,06-037-0113,AQS
1996-03-11,44,Unknown,Azusa,06-037-0002,AQS
1996-03-12,42,Unknown,Long Beach (North),06-037-4002,AQS
1996-03-13,54,Unknown,West Los Angeles,06-037-0113,AQS
1996-03-14,64,Unknown,Azusa,06-037-0002,AQS
1996-03-15,73,Unknown,Azusa,06-037-0002,AQS
1996-03-16,66,Unknown,Azusa,06-037-0002,AQS
1996-03-17,55,Unknown,Hawthorne,06-037-5001,AQS
1996-03-18,94,Unknown,Azusa,06-037-0002,AQS
1996-03-19,107,Unknown,Azusa,06-037-0002,AQS
1996-03-20,107,Unknown,Pasadena,06-037-2005,AQS
1996-03-21,73,Unknown,Azusa,06-037-0002,AQS
1996-03-22,46,Unknown,Azusa,06-037-0002,AQS
1996-03-23,48,Unknown,Not Available,06-037-1601,AQS
1996-03-24,50,Unknown,Lynwood,06-037-1301,AQS
1996-03-25,48,Unknown,Lynwood,06-037-1301,AQS
1996-03-26,58,Unknown,Hawthorne,06-037-5001,AQS
1996-03-27,85,Unknown,Reseda,06-037-1201,AQS
1996-03-28,62,Unknown,Reseda,06-037-1201,AQS
1996-03-29,56,Unknown,Pasadena,06-037-2005,AQS
1996-03-30,78,Unknown,Hawthorne,06-037-5001,AQS
1996-03-31,62,Unknown,Pomona,06-037-1701,AQS
1996-04-01,63,Unknown,Hawthorne,06-037-5001,AQS
1996-04-02,44,Unknown,Azusa,06-037-0002,AQS
1996-04-03,55,Unknown,Anaheim (1010 Harbor Blvd),06-059-0001,AQS
1996-04-04,77,Unknown,Long Beach (North),06-037-4002,AQS
1996-04-05,93,Unknown,Lynwood,06-037-1301,AQS
1996-04-06,81,Unknown,Anaheim (1010 Harbor Blvd),06-059-0001,AQS
1996-04-07,86,Unknown,Pomona,06-037-1701,AQS
1996-04-08,90,Unknown,Azusa,06-037-0002,AQS
1996-04-09,57,Unknown,Lancaster-Ponderosa St.,06-037-9002,AQS
1996-04-10,47,Unknown,Reseda,06-037-1201,AQS
1996-04-11,54,Unknown,Reseda,06-037-1201,AQS
1996-04-12,53,Unknown,West Los Angeles,06-037-0113,AQS
1996-04-13,61,Unknown,Pomona,06-037-1701,AQS
1996-04-14,102,Unknown,Lynwood,06-037-1301,AQS
1996-04-15,86,Unknown,West Los Angeles,06-037-0113,AQS
1996-04-16,64,Unknown,Pomona,06-037-1701,AQS
1996-04-17,37,Unknown,Lynwood,06-037-1301,AQS
1996-04-18,45,Unknown,Pomona,06-037-1701,AQS
1996-04-19,62,Unknown,Lancaster-Ponderosa St.,06-037-9002,AQS
1996-04-20,48,Unknown,Pomona,06-037-1701,AQS
1996-04-21,46,Unknown,Anaheim (1010 Harbor Blvd),06-059-0001,AQS
1996-04-22,85,Unknown,Lynwood,06-037-1301,AQS
1996-04-23,103,Unknown,Long Beach (North),06-037-4002,AQS
1996-04-24,102,Unknown,Not Available,06-037-1601,AQS
1996-04-25,87,Unknown,Reseda,06-037-1201,AQS
1996-04-26,103,Unknown,Pomona,06-037-1701,AQS
1996-04-27,45,Unknown,Pomona,06-037-1701,AQS
1996-04-28,70,Unknown,Azusa,06-037-0002,AQS
1996-04-29,95,Unknown,Hawthorne,06-037-5001,AQS
1996-04-30,102,Unknown,West Los Angeles,06-037-0113,AQS
1996-05-01,96,Unknown,Pomona,06-037-1701,AQS
1996-05-02,64,Unknown,Pomona,06-037-1701,AQS
1996-05-03,55,Unknown,Azusa,06-037-0002,AQS
1996-05-04,65,Unknown,West Los Angeles,06-037-0113,AQS
1996-05-05,57,Unknown,Reseda,06-037-1201,AQS
1996-05-06,73,Unknown,Azusa,06-037-0002,AQS
1996-05-07,57,Unknown,Azusa,06-037-0002,AQS
1996-05-08,66,Unknown,Pasadena,06-037-2005,AQS
1996-05-09,53,Unknown,Pomona,06-037-1701,AQS
1996-05-10,87,Unknown,Pomona,06-037-1701,AQS
1996-05-11,102,Unknown,Azusa,06-037-0002,AQS
1996-05-12,82,Unknown,Lynwood,06-037-1301,AQS
1996-05-13,67,Unknown,Azusa,06-037-0002,AQS
1996-05-14,44,Unknown,Azusa,06-037-0002,AQS
1996-05-15,33,Unknown,Azusa,06-037-0002,AQS
1996-05-16,33,Unknown,Azusa,06-037-0002,AQS
1996-05-17,42,Unknown,Azusa,06-037-0002,AQS
1996-05-18,36,Unknown,Azusa,06-037-0002,AQS
1996-05-19,42,Unknown,Reseda,06-037-1201,AQS
1996-05-20,58,Unknown,Pomona,06-037-1701,AQS
1996-05-21,61,Unknown,Pasadena,06-037-2005,AQS
1996-05-22,40,Unknown,Lynwood,06-037-1301,AQS
1996-05-23,56,Unknown,Pasadena,06-037-2005,AQS
1996-05-24,54,Unknown,Hawthorne,06-037-5001,AQS
1996-05-25,53,Unknown,Hawthorne,06-037-5001,AQS
1996-05-26,41,Unknown,Lynwood,06-037-1301,AQS
1996-05-27,42,Unknown,West Los Angeles,06-037-0113,AQS
1996-05-28,46,Unknown,Azusa,06-037-0002,AQS
1996-05-29,40,Unknown,Azusa,06-037-0002,AQS
1996-05-30,48,Unknown,Reseda,06-037-1201,AQS
1996-05-31,63,Unknown,Azusa,06-037-0002,AQS
1996-06-01,95,Unknown,Lynwood,06-037-1301,AQS
1996-06-02,88,Unknown,Lynwood,06-037-1301,AQS
1996-06-03,90,Unknown,La Habra,06-059-5001,AQS
1996-06-04,71,Unknown,Glendora,06-037-0016,AQS
1996-06-05,54,Unknown,Lancaster-Ponderosa St.,06-037-9002,AQS
1996-06-06,57,Unknown,Azusa,06-037-0002,AQS
1996-06-07,62,Unknown,Glendora,06-037-0016,AQS
1996-06-08,63,Unknown,Azusa,06-037-0002,AQS
1996-06-09,68,Unknown,Azusa,06-037-0002,AQS
1996-06-10,62,Unknown,Glendora,06-037-0016,AQS
1996-06-11,44,Unknown,Glendora,06-037-0016,AQS
1996-06-12,55,Unknown,Azusa,06-037-0002,AQS
1996-06-13,54,Unknown,Azusa,06-037-0002,AQS
1996-06-14,50,Unknown,Azusa,06-037-0002,AQS
1996-06-15,48,Unknown,Azusa,06-037-0002,AQS
1996-06-16,49,Unknown,Azusa,06-037-0002,AQS
1996-06-17,61,Unknown,Azusa,06-037-0002,AQS
1996-06-18,101,Unknown,Pomona,06-037-1701,AQS
1996-06-19,100,Unknown,Pomona,06-037-1701,AQS
1996-06-20,63,Unknown,Glendora,06-037-0016,AQS
1996-06-21,35,Unknown,Glendora,06-037-0016,AQS
1996-06-22,45,Unknown,Pomona,06-037-1701,AQS
1996-06-23,46,Unknown,Reseda,06-037-1201,AQS
1996-06-24,42,Unknown,Azusa,06-037-0002,AQS
1996-06-25,43,Unknown,Glendora,06-037-0016,AQS
1996-06-26,41,Unknown,Glendora,06-037-0016,AQS
1996-06-27,42,Unknown,Pasadena,06-037-2005,AQS
1996-06-28,58,Unknown,Pomona,06-037-1701,AQS
1996-06-29,103,Unknown,Hawthorne,06-037-5001,AQS
1996-06-30,65,Unknown,Pomona,06-037-1701,AQS
1996-07-01,110,Unknown,Not Available,06-037-1601,AQS
1996-07-02,106,Unknown,Pasadena,06-037-2005,AQS
1996-07-03,105,Unknown,Azusa,06-037-0002,AQS
1996-07-04,88,Unknown,Lynwood,06-037-1301,AQS
1996-07-05,86,Unknown,Azusa,06-037-0002,AQS
1996-07-06,77,Unknown,Pomona,06-037-1701,AQS
1996-07-07,53,Unknown,Azusa,06-037-0002,AQS
1996-07-08,68,Unknown,Pomona,06-037-1701,AQS
1996-07-09,61,Unknown,Azusa,06-037-0002,AQS
1996-07-10,73,Unknown,Pasadena,06-037-2005,AQS
1996-07-11,56,Unknown,Pomona,06-037-1701,AQS
1996-07-12,58,Unknown,Azusa,06-037-0002,AQS
1996-07-13,54,Unknown,Azusa,06-037-0002,AQS
1996-07-14,47,Unknown,Azusa,06-037-0002,AQS
1996-07-15,54,Unknown,Azusa,06-037-0002,AQS
1996-07-16,45,Unknown,Azusa,06-037-0002,AQS
1996-07-17,48,Unknown,Azusa,06-037-0002,AQS
1996-07-18,72,Unknown,Azusa,06-037-0002,AQS
1996-07-19,100,Unknown,Burbank,06-037-1002,AQS
1996-07-20,104,Unknown,Los Angeles-North Main Street,06-037-1103,AQS
1996-07-21,91,Unknown,Los Angeles-North Main Street,06-037-1103,AQS
1996-07-22,99,Unknown,Burbank,06-037-1002,AQS
1996-07-23,66,Unknown,Burbank,06-037-1002,AQS
1996-07-24,89,Unknown,Burbank,06-037-1002,AQS
1996-07-25,72,Unknown,Burbank,06-037-1002,AQS
1996-07-26,101,Unknown,Burbank,06-037-1002,AQS
1996-07-27,65,Unknown,Burbank,06-037-1002,AQS
1996-07-28,55,Unknown,Azusa,06-037-0002,AQS
1996-07-29,104,Unknown,Los Angeles-North Main Street,06-037-1103,AQS
1996-07-30,105,Unknown,Los Angeles-North Main Street,06-037-1103,AQS
1996-07-31,103,Unknown,Burbank,06-037-1002,AQS
1996-08-01,103,Unknown,Azusa,06-037-0002,AQS
1996-08-02,73,Unknown,Pomona,06-037-1701,AQS
1996-08-03,40,Unknown,Reseda,06-037-1201,AQS
1996-08-04,36,Unknown,Pomona,06-037-1701,AQS
1996-08-05,42,Unknown,Azusa,06-037-0002,AQS
1996-08-06,48,Unknown,Pomona,06-037-1701,AQS
1996-08-07,62,Unknown,Azusa,06-037-0002,AQS
1996-08-08,82,Unknown,Pomona,06-037-1701,AQS
1996-08-09,103,Unknown,Pomona,06-037-1701,AQS
1996-08-10,99,Unknown,Pomona,06-037-1701,AQS
1996-08-11,66,Unknown,Azusa,06-037-0002,AQS
1996-08-12,102,Unknown,Pomona,06-037-1701,AQS
1996-08-13,107,Unknown,Los Angeles-North Main Street,06-037-1103,AQS
1996-08-14,87,Unknown,Burbank,06-037-1002,AQS
1996-08-15,107,Unknown,Burbank,06-037-1002,AQS
1996-08-16,70,Unknown,Pomona,06-037-1701,AQS
1996-08-17,63,Unknown,Pomona,06-037-1701,AQS
1996-08-18,55,Unknown,Burbank,06-037-1002,AQS
1996-08-19,70,Unknown,Burbank,06-037-1002,AQS
1996-08-20,105,Unknown,Los Angeles-North Main Street,06-037-1103,AQS
1996-08-21,104,Unknown,Los Angeles-North Main Street,06-037-1103,AQS
1996-08-22,115,Unknown,Los Angeles-North Main Street,06-037-1103,AQS
1996-08-23,108,Unknown,Pomona,06-037-1701,AQS
1996-08-24,106,Unknown,Pomona,06-037-1701,AQS
1996-08-25,97,Unknown,Burbank,06-037-1002,AQS
1996-08-26,84,Unknown,Pomona,06-037-1701,AQS
1996-08-27,104,Unknown,Pomona,06-037-1701,AQS
1996-08-28,110,Unknown,Lynwood,06-037-1301,AQS
1996-08-29,110,Unknown,Los Angeles-North Main Street,06-037-1103,AQS
1996-08-30,103,Unknown,Glendora,06-037-0016,AQS
1996-08-31,76,Unknown,Los Angeles-North Main Street,06-037-1103,AQS
1996-09-01,42,Unknown,Burbank,06-037-1002,AQS
1996-09-02,43,Unknown,Azusa,06-037-0002,AQS
1996-09-03,66,Unknown,Burbank,06-037-1002,AQS
1996-09-04,70,Unknown,Burbank,06-037-1002,AQS
1996-09-05,73,Unknown,Los Angeles-North Main Street,06-037-1103,AQS
1996-09-06,101,Unknown,Los Angeles-North Main Street,06-037-1103,AQS
1996-09-07,99,Unknown,Los Angeles-North Main Street,06-037-1103,AQS
1996-09-08,66,Unknown,Los Angeles-North Main Street,06-037-1103,AQS
1996-09-09,103,Unknown,Los Angeles-North Main Street,06-037-1103,AQS
1996-09-10,103,Unknown,Not Available,06-037-1601,AQS
1996-09-11,96,Unknown,Pasadena,06-037-2005,AQS
1996-09-12,97,Unknown,Los Angeles-North Main Street,06-037-1103,AQS
1996-09-13,40,Unknown,Los Angeles-North Main Street,06-037-1103,AQS
1996-09-14,45,Unknown,Burbank,06-037-1002,AQS
1996-09-15,41,Unknown,Los Angeles-North Main Street,06-037-1103,AQS
1996-09-16,55,Unknown,Pomona,06-037-1701,AQS
1996-09-17,89,Unknown,Los Angeles-North Main Street,06-037-1103,AQS
1996-09-18,55,Unknown,Los Angeles-North Main Street,06-037-1103,AQS
1996-09-19,103,Unknown,Los Angeles-North Main Street,06-037-1103,AQS
1996-09-20,93,Unknown,Los Angeles-North Main Street,06-037-1103,AQS
1996-09-21,84,Unknown,Pomona,06-037-1701,AQS
1996-09-22,41,Unknown,Pomona,06-037-1701,AQS
1996-09-23,73,Unknown,Los Angeles-North Main Street,06-037-1103,AQS
1996-09-24,67,Unknown,Pomona,06-037-1701,AQS
1996-09-25,79,Unknown,Pomona,06-037-1701,AQS
1996-09-26,51,Unknown,Pomona,06-037-1701,AQS
1996-09-27,81,Unknown,Pomona,06-037-1701,AQS
1996-09-28,103,Unknown,Pomona,06-037-1701,AQS
1996-09-29,105,Unknown,Los Angeles-North Main Street,06-037-1103,AQS
1996-09-30,93,Unknown,Los Angeles-North Main Street,06-037-1103,AQS
1996-10-01,55,Unknown,Burbank,06-037-1002,AQS
1996-10-02,69,Unknown,Pomona,06-037-1701,AQS
1996-10-03,106,Unknown,Pomona,06-037-1701,AQS
1996-10-04,113,Unknown,Pomona,06-037-1701,AQS
1996-10-05,110,Unknown,Los Angeles-North Main Street,06-037-1103,AQS
1996-10-06,102,Unknown,Pomona,06-037-1701,AQS
1996-10-07,117,Unknown,Pomona,06-037-1701,AQS
1996-10-08,111,Unknown,Pasadena,06-037-2005,AQS
1996-10-09,113,Unknown,Pomona,06-037-1701,AQS
1996-10-10,122,Unknown,Los Angeles-North Main Street,06-037-1103,AQS
1996-10-11,109,Unknown,Los Angeles-North Main Street,06-037-1103,AQS
1996-10-12,105,Unknown,Pomona,06-037-1701,AQS
1996-10-13,76,Unknown,Los Angeles-North Main Street,06-037-1103,AQS
1996-10-14,90,Unknown,Pomona,06-037-1701,AQS
1996-10-15,106,Unknown,Pomona,06-037-1701,AQS
1996-10-16,68,Unknown,Lynwood,06-037-1301,AQS
1996-10-17,102,Unknown,Pomona,06-037-1701,AQS
1996-10-18,108,Unknown,Los Angeles-North Main Street,06-037-1103,AQS
1996-10-19,53,Unknown,Pomona,06-037-1701,AQS
1996-10-20,100,Unknown,Costa Mesa,06-059-1003,AQS
1996-10-21,82,Unknown,Los Angeles-North Main Street,06-037-1103,AQS
1996-10-22,79,Unknown,Costa Mesa,06-059-1003,AQS
1996-10-23,91,Unknown,Not Available,06-037-1601,AQS
1996-10-24,101,Unknown,Pomona,06-037-1701,AQS
1996-10-25,49,Unknown,La Habra,06-059-5001,AQS
1996-10-26,42,Unknown,Los Angeles-North Main Street,06-037-1103,AQS
1996-10-27,48,Unknown,Lynwood,06-037-1301,AQS
1996-10-28,57,Unknown,Costa Mesa,06-059-1003,AQS
1996-10-29,73,Unknown,Pomona,06-037-1701,AQS
1996-10-30,47,Unknown,Hawthorne,06-037-5001,AQS
1996-10-31,58,Unknown,Pomona,06-037-1701,AQS
1996-11-01,71,Unknown,Los Angeles-North Main Street,06-037-1103,AQS
1996-11-02,106,Unknown,Los Angeles-North Main Street,06-037-1103,AQS
1996-11-03,50,Unknown,Los Angeles-North Main Street,06-037-1103,AQS
1996-11-04,70,Unknown,Pomona,06-037-1701,AQS
1996-11-05,63,Unknown,Los Angeles-North Main Street,06-037-1103,AQS
1996-11-06,98,Unknown,Los Angeles-North Main Street,06-037-1103,AQS
1996-11-07,101,Unknown,Anaheim (1010 Harbor Blvd),06-059-0001,AQS
1996-11-08,101,Unknown,Burbank,06-037-1002,AQS
1996-11-09,96,Unknown,La Habra,06-059-5001,AQS
1996-11-10,96,Unknown,Not Available,06-037-1601,AQS
1996-11-11,111,Unknown,Long Beach (North),06-037-4002,AQS
1996-11-12,127,Unknown,Los Angeles-North Main Street,06-037-1103,AQS
1996-11-13,120,Unknown,Los Angeles-North Main Street,06-037-1103,AQS
1996-11-14,102,Unknown,Glendora,06-037-0016,AQS
1996-11-15,57,Unknown,Glendora,06-037-0016,AQS
1996-11-16,53,Unknown,Hawthorne,06-037-5001,AQS
1996-11-17,46,Unknown,Burbank,06-037-1002,AQS
1996-11-18,72,Unknown,Los Angeles-North Main Street,06-037-1103,AQS
1996-11-19,103,Unknown,Glendora,06-037-0016,AQS
1996-11-20,81,Unknown,Not Available,06-037-1601,AQS
1996-11-21,50,Unknown,Pomona,06-037-1701,AQS
1996-11-22,42,Unknown,Burbank,06-037-1002,AQS
1996-11-23,61,Unknown,Burbank,06-037-1002,AQS
1996-11-24,90,Unknown,La Habra,06-059-5001,AQS
1996-11-25,109,Unknown,Long Beach (North),06-037-4002,AQS
1996-11-26,107,Unknown,Lynwood,06-037-1301,AQS
1996-11-27,81,Unknown,Lynwood,06-037-1301,AQS
1996-11-28,66,Unknown,Hawthorne,06-037-5001,AQS
1996-11-29,38,Unknown,Anaheim (1010 Harbor Blvd),06-059-0001,AQS
1996-11-30,57,Unknown,Pomona,06-037-1701,AQS
1996-12-01,81,Unknown,Pomona,06-037-1701,AQS
1996-12-02,76,Unknown,Long Beach (North),06-037-4002,AQS
1996-12-03,90,Unknown,Long Beach (North),06-037-4002,AQS
1996-12-04,104,Unknown,Long Beach (North),06-037-4002,AQS
1996-12-05,98,Unknown,Not Available,06-037-1601,AQS
1996-12-06,44,Unknown,Lynwood,06-037-1301,AQS
1996-12-07,74,Unknown,La Habra,06-059-5001,AQS
1996-12-08,85,Unknown,Pomona,06-037-1701,AQS
1996-12-09,69,Unknown,Pomona,06-037-1701,AQS
1996-12-10,41,Unknown,Burbank,06-037-1002,AQS
1996-12-11,45,Unknown,Long Beach (North),06-037-4002,AQS
1996-12-12,46,Unknown,Pomona,06-037-1701,AQS
1996-12-13,81,Unknown,Los Angeles-North Main Street,06-037-1103,AQS
1996-12-14,102,Unknown,Los Angeles-North Main Street,06-037-1103,AQS
1996-12-15,100,Unknown,Lynwood,06-037-1301,AQS
1996-12-16,90,Unknown,Los Angeles-North Main Street,06-037-1103,AQS
1996-12-17,116,Unknown,Lynwood,06-037-1301,AQS
1996-12-18,98,Unknown,Lynwood,06-037-1301,AQS
1996-12-19,81,Unknown,Not Available,06-037-1601,AQS
1996-12-20,106,Unknown,Los Angeles-North Main Street,06-037-1103,AQS
1996-12-21,73,Unknown,Not Available,06-037-1601,AQS
1996-12-22,47,Unknown,Not Available,06-037-1601,AQS
1996-12-23,73,Unknown,Lynwood,06-037-1301,AQS
1996-12-24,85,Unknown,Anaheim (1010 Harbor Blvd),06-059-0001,AQS
1996-12-25,103,Unknown,Costa Mesa,06-059-1003,AQS
1996-12-26,63,Unknown,Lynwood,06-037-1301,AQS
1996-12-27,42,Unknown,Los Angeles-North Main Street,06-037-1103,AQS
1996-12-28,42,Unknown,Burbank,06-037-1002,AQS
1996-12-29,51,Unknown,Burbank,06-037-1002,AQS
1996-12-30,84,Unknown,Long Beach (North),06-037-4002,AQS
1996-12-31,89,Unknown,Los Angeles-North Main Street,06-037-1103,AQS
1997-01-01,95,Unknown,Lynwood,06-037-1301,AQS
1997-01-02,56,Unknown,West Los Angeles,06-037-0113,AQS
1997-01-03,45,Unknown,Burbank,06-037-1002,AQS
1997-01-04,41,Unknown,Burbank,06-037-1002,AQS
1997-01-05,38,Unknown,Los Angeles-North Main Street,06-037-1103,AQS
1997-01-06,50,Unknown,Long Beach (North),06-037-4002,AQS
1997-01-07,100,Unknown,Los Angeles-North Main Street,06-037-1103,AQS
1997-01-08,79,Unknown,Burbank,06-037-1002,AQS
1997-01-09,82,Unknown,Los Angeles-North Main Street,06-037-1103,AQS
1997-01-10,105,Unknown,Azusa,06-037-0002,AQS
1997-01-11,71,Unknown,Burbank,06-037-1002,AQS
1997-01-12,56,Unknown,Burbank,06-037-1002,AQS
1997-01-13,44,Unknown,Lynwood,06-037-1301,AQS
1997-01-14,49,Unknown,Hawthorne,06-037-5001,AQS
1997-01-15,47,Unknown,Hawthorne,06-037-5001,AQS
1997-01-16,53,Unknown,Lynwood,06-037-1301,AQS
1997-01-17,89,Unknown,Long Beach (North),06-037-4002,AQS
1997-01-18,68,Unknown,Long Beach (North),06-037-4002,AQS
1997-01-19,60,Unknown,Pomona,06-037-1701,AQS
1997-01-20,52,Unknown,Burbank,06-037-1002,AQS
1997-01-21,47,Unknown,Hawthorne,06-037-5001,AQS
1997-01-22,100,Unknown,Reseda,06-037-1201,AQS
1997-01-23,58,Unknown,Burbank,06-037-1002,AQS
1997-01-24,55,Unknown,Reseda,06-037-1201,AQS
1997-01-25,44,Unknown,Reseda,06-037-1201,AQS
1997-01-26,33,Unknown,Pomona,06-037-1701,AQS
1997-01-27,102,Unknown,Anaheim (1010 Harbor Blvd),06-059-0001,AQS
1997-01-28,87,Unknown,Costa Mesa,06-059-1003,AQS
1997-01-29,90,Unknown,Long Beach (North),06-037-4002,AQS
1997-01-30,94,Unknown,Long Beach (North),06-037-4002,AQS
1997-01-31,88,Unknown,Pomona,06-037-1701,AQS
1997-02-01,104,Unknown,Los Angeles-North Main Street,06-037-1103,AQS
1997-02-02,61,Unknown,West Los Angeles,06-037-0113,AQS
1997-02-03,97,Unknown,Pomona,06-037-1701,AQS
1997-02-04,83,Unknown,Pomona,06-037-1701,AQS
1997-02-05,65,Unknown,Pasadena,06-037-2005,AQS
1997-02-06,81,Unknown,Pasadena,06-037-2005,AQS
1997-02-07,74,Unknown,Anaheim (1010 Harbor Blvd),06-059-0001,AQS
1997-02-08,80,Unknown,Los Angeles-North Main Street,06-037-1103,AQS
1997-02-09,63,Unknown,Pomona,06-037-1701,AQS
1997-02-10,66,Unknown,West Los Angeles,06-037-0113,AQS
1997-02-11,73,Unknown,West Los Angeles,06-037-0113,AQS
1997-02-12,68,Unknown,Los Angeles-North Main Street,06-037-1103,AQS
1997-02-13,79,Unknown,Los Angeles-North Main Street,06-037-1103,AQS
1997-02-14,74,Unknown,Costa Mesa,06-059-1003,AQS
1997-02-15,67,Unknown,Costa Mesa,06-059-1003,AQS
1997-02-16,79,Unknown,Azusa,06-037-0002,AQS
1997-02-17,68,Unknown,Azusa,06-037-0002,AQS
1997-02-18,73,Unknown,Pomona,06-037-1701,AQS
1997-02-19,106,Unknown,Glendora,06-037-0016,AQS
1997-02-20,71,Unknown,Pomona,06-037-1701,AQS
1997-02-21,103,Unknown,Los Angeles-North Main Street,06-037-1103,AQS
1997-02-22,84,Unknown,Pomona,06-037-1701,AQS
1997-02-23,61,Unknown,Anaheim (1010 Harbor Blvd),06-059-0001,AQS
1997-02-24,51,Unknown,Lynwood,06-037-1301,AQS
1997-02-25,54,Unknown,Los Angeles-North Main Street,06-037-1103,AQS
1997-02-26,50,Unknown,Los Angeles-North Main Street,06-037-1103,AQS
1997-02-27,39,Unknown,Pasadena,06-037-2005,AQS
1997-02-28,44,Unknown,Anaheim (1010 Harbor Blvd),06-059-0001,AQS
1997-03-01,57,Unknown,Pomona,06-037-1701,AQS
1997-03-02,50,Unknown,Long Beach (North),06-037-4002,AQS
1997-03-03,66,Unknown,Los Angeles-North Main Street,06-037-1103,AQS
1997-03-04,86,Unknown,Pomona,06-037-1701,AQS
1997-03-05,67,Unknown,Los Angeles-North Main Street,06-037-1103,AQS
1997-03-06,100,Unknown,Long Beach (North),06-037-4002,AQS
1997-03-07,120,Unknown,Long Beach (North),06-037-4002,AQS
1997-03-08,99,Unknown,Pomona,06-037-1701,AQS
1997-03-09,106,Unknown,Anaheim (1010 Harbor Blvd),06-059-0001,AQS
1997-03-10,100,Unknown,Costa Mesa,06-059-1003,AQS
1997-03-11,96,Unknown,Not Available,06-037-1601,AQS
1997-03-12,103,Unknown,Los Angeles-North Main Street,06-037-1103,AQS
1997-03-13,106,Unknown,Los Angeles-North Main Street,06-037-1103,AQS
1997-03-14,108,Unknown,Pomona,06-037-1701,AQS
1997-03-15,77,Unknown,Pomona,06-037-1701,AQS
1997-03-16,50,Unknown,Lynwood,06-037-1301,AQS
1997-03-17,65,Unknown,Pomona,06-037-1701,AQS
1997-03-18,102,Unknown,Anaheim (1010 Harbor Blvd),06-059-0001,AQS
1997-03-19,106,Unknown,Anaheim (1010 Harbor Blvd),06-059-0001,AQS
1997-03-20,107,Unknown,Long Beach (North),06-037-4002,AQS
1997-03-21,107,Unknown,West Los Angeles,06-037-0113,AQS
1997-03-22,86,Unknown,Pomona,06-037-1701,AQS
1997-03-23,36,Unknown,Lynwood,06-037-1301,AQS
1997-03-24,60,Unknown,Pomona,06-037-1701,AQS
1997-03-25,102,Unknown,Lynwood,06-037-1301,AQS
1997-03-26,73,Unknown,Los Angeles-North Main Street,06-037-1103,AQS
1997-03-27,42,Unknown,Pomona,06-037-1701,AQS
1997-03-28,45,Unknown,Burbank,06-037-1002,AQS
1997-03-29,52,Unknown,La Habra,06-059-5001,AQS
1997-03-30,44,Unknown,Lynwood,06-037-1301,AQS
1997-03-31,49,Unknown,Lynwood,06-037-1301,AQS
1997-04-01,48,Unknown,La Habra,06-059-5001,AQS
1997-04-02,48,Unknown,Lynwood,06-037-1301,AQS
1997-04-03,68,Unknown,Lynwood,06-037-1301,AQS
1997-04-04,41,Unknown,Hawthorne,06-037-5001,AQS
1997-04-05,40,Unknown,Los Angeles-North Main Street,06-037-1103,AQS
1997-04-06,57,Unknown,Hawthorne,06-037-5001,AQS
1997-04-07,56,Unknown,Lynwood,06-037-1301,AQS
1997-04-08,53,Unknown,Pomona,06-037-1701,AQS
1997-04-09,55,Unknown,Lynwood,06-037-1301,AQS
1997-04-10,55,Unknown,West Los Angeles,06-037-0113,AQS
1997-04-11,51,Unknown,Pomona,06-037-1701,AQS
1997-04-12,56,Unknown,Pomona,06-037-1701,AQS
1997-04-13,65,Unknown,Pomona,06-037-1701,AQS
1997-04-14,72,Unknown,West Los Angeles,06-037-0113,AQS
1997-04-15,84,Unknown,Long Beach (North),06-037-4002,AQS
1997-04-16,91,Unknown,Los Angeles-North Main Street,06-037-1103,AQS
1997-04-17,84,Unknown,Pomona,06-037-1701,AQS
1997-04-18,56,Unknown,Lynwood,06-037-1301,AQS
1997-04-19,39,Unknown,Pomona,06-037-1701,AQS
1997-04-20,55,Unknown,Pomona,06-037-1701,AQS
1997-04-21,63,Unknown,Los Angeles-North Main Street,06-037-1103,AQS
1997-04-22,57,Unknown,Pomona,06-037-1701,AQS
1997-04-23,49,Unknown,Los Angeles-North Main Street,06-037-1103,AQS
1997-04-24,54,Unknown,Pomona,06-037-1701,AQS
1997-04-25,86,Unknown,Los Angeles-North Main Street,06-037-1103,AQS
1997-04-26,101,Unknown,Long Beach (North),06-037-4002,AQS
1997-04-27,79,Unknown,Los Angeles-North Main Street,06-037-1103,AQS
1997-04-28,47,Unknown,Los Angeles-North Main Street,06-037-1103,AQS
1997-04-29,64,Unknown,Pomona,06-037-1701,AQS
1997-04-30,58,Unknown,Los Angeles-North Main Street,06-037-1103,AQS
1997-05-01,55,Unknown,Los Angeles-North Main Street,06-037-1103,AQS
1997-05-02,83,Unknown,Pomona,06-037-1701,AQS
1997-05-03,96,Unknown,Pomona,06-037-1701,AQS
1997-05-04,97,Unknown,Pomona,06-037-1701,AQS
1997-05-05,103,Unknown,Los Angeles-North Main Street,06-037-1103,AQS
1997-05-06,94,Unknown,Pomona,06-037-1701,AQS
1997-05-07,101,Unknown,Pomona,06-037-1701,AQS
1997-05-08,80,Unknown,Los Angeles-North Main Street,06-037-1103,AQS
1997-05-09,95,Unknown,Los Angeles-North Main Street,06-037-1103,AQS
1997-05-10,66,Unknown,Pomona,06-037-1701,AQS
1997-05-11,47,Unknown,Burbank,06-037-1002,AQS
1997-05-12,60,Unknown,Pomona,06-037-1701,AQS
1997-05-13,63,Unknown,Pomona,06-037-1701,AQS
1997-05-14,74,Unknown,Pomona,06-037-1701,AQS
1997-05-15,89,Unknown,Reseda,06-037-1201,AQS
1997-05-16,84,Unknown,Los Angeles-North Main Street,06-037-1103,AQS
1997-05-17,68,Unknown,Pomona,06-037-1701,AQS
1997-05-18,50,Unknown,Pomona,06-037-1701,AQS
1997-05-19,47,Unknown,Pomona,06-037-1701,AQS
1997-05-20,63,Unknown,Pomona,06-037-1701,AQS
1997-05-21,57,Unknown,Pomona,06-037-1701,AQS
1997-05-22,52,Unknown,Pomona,06-037-1701,AQS
1997-05-23,50,Unknown,Los Angeles-North Main Street,06-037-1103,AQS
1997-05-24,30,Unknown,Burbank,06-037-1002,AQS
1997-05-25,46,Unknown,Pomona,06-037-1701,AQS
1997-05-26,60,Unknown,Pomona,06-037-1701,AQS
1997-05-27,103,Unknown,Los Angeles-North Main Street,06-037-1103,AQS
1997-05-28,101,Unknown,Los Angeles-North Main Street,06-037-1103,AQS
1997-05-29,81,Unknown,Pomona,06-037-1701,AQS
1997-05-30,86,Unknown,Los Angeles-North Main Street,06-037-1103,AQS
1997-05-31,49,Unknown,Los Angeles-North Main Street,06-037-1103,AQS
1997-06-01,41,Unknown,Pomona,06-037-1701,AQS
1997-06-02,46,Unknown,Burbank,06-037-1002,AQS
1997-06-03,43,Unknown,Pomona,06-037-1701,AQS
1997-06-04,43,Unknown,Burbank,06-037-1002,AQS
1997-06-05,42,Unknown,Los Angeles-North Main Street,06-037-1103,AQS
1997-06-06,43,Unknown,Burbank,06-037-1002,AQS
1997-06-07,32,Unknown,Pomona,06-037-1701,AQS
1997-06-08,32,Unknown,Lynwood,06-037-1301,AQS
1997-06-09,40,Unknown,Pomona,06-037-1701,AQS
1997-06-10,50,Unknown,Los Angeles-North Main Street,06-037-1103,AQS
1997-06-11,47,Unknown,Pasadena,06-037-2005,AQS
1997-06-12,42,Unknown,Pomona,06-037-1701,AQS
1997-06-13,31,Unknown,Hawthorne,06-037-5001,AQS
1997-06-14,44,Unknown,Pomona,06-037-1701,AQS
1997-06-15,42,Unknown,Pomona,06-037-1701,AQS
1997-06-16,68,Unknown,Pomona,06-037-1701,AQS
1997-06-17,65,Unknown,Los Angeles-North Main Street,06-037-1103,AQS
1997-06-18,66,Unknown,Pomona,06-037-1701,AQS
1997-06-19,68,Unknown,Pomona,06-037-1701,AQS
1997-06-20,60,Unknown,Pomona,06-037-1701,AQS
1997-06-21,40,Unknown,Los Angeles-North Main Street,06-037-1103,AQS
1997-06-22,46,Unknown,Los Angeles-North Main Street,06-037-1103,AQS
1997-06-23,48,Unknown,Burbank,06-037-1002,AQS
1997-06-24,55,Unknown,Los Angeles-North Main Street,06-037-1103,AQS
1997-06-25,60,Unknown,Burbank,06-037-1002,AQS
1997-06-26,55,Unknown,Pomona,06-037-1701,AQS
1997-06-27,55,Unknown,Pomona,06-037-1701,AQS
1997-06-28,62,Unknown,Pomona,06-037-1701,AQS
1997-06-29,52,Unknown,Pomona,06-037-1701,AQS
1997-06-30,45,Unknown,Reseda,06-037-1201,AQS
1997-07-01,101,Unknown,Pomona,06-037-1701,AQS
1997-07-02,105,Unknown,Pomona,06-037-1701,AQS
1997-07-03,109,Unknown,Los Angeles-North Main Street,06-037-1103,AQS
1997-07-04,90,Unknown,Pomona,06-037-1701,AQS
1997-07-05,82,Unknown,Pomona,06-037-1701,AQS
1997-07-06,72,Unknown,Pomona,06-037-1701,AQS
1997-07-07,52,Unknown,Burbank,06-037-1002,AQS
1997-07-08,51,Unknown,Azusa,06-037-0002,AQS
1997-07-09,57,Unknown,Los Angeles-North Main Street,06-037-1103,AQS
1997-07-10,45,Unknown,Burbank,06-037-1002,AQS
1997-07-11,39,Unknown,Burbank,06-037-1002,AQS
1997-07-12,41,Unknown,Burbank,06-037-1002,AQS
1997-07-13,42,Unknown,Pomona,06-037-1701,AQS
1997-07-14,60,Unknown,Los Angeles-North Main Street,06-037-1103,AQS
1997-07-15,89,Unknown,Reseda,06-037-1201,AQS
1997-07-16,102,Unknown,Pomona,06-037-1701,AQS
1997-07-17,68,Unknown,Los Angeles-North Main Street,06-037-1103,AQS
1997-07-18,51,Unknown,Pomona,06-037-1701,AQS
1997-07-19,37,Unknown,Glendora,06-037-0016,AQS
1997-07-20,42,Unknown,Lynwood,06-037-1301,AQS
1997-07-21,53,Unknown,Pomona,06-037-1701,AQS
1997-07-22,99,Unknown,Pomona,06-037-1701,AQS
1997-07-23,88,Unknown,Pomona,06-037-1701,AQS
1997-07-24,61,Unknown,Pomona,06-037-1701,AQS
1997-07-25,60,Unknown,Burbank,06-037-1002,AQS
1997-07-26,43,Unknown,Pasadena,06-037-2005,AQS
1997-07-27,41,Unknown,Burbank,06-037-1002,AQS
1997-07-28,53,Unknown,Pomona,06-037-1701,AQS
1997-07-29,45,Unknown,Pomona,06-037-1701,AQS
1997-07-30,70,Unknown,Los Angeles-North Main Street,06-037-1103,AQS
1997-07-31,100,Unknown,Los Angeles-North Main Street,06-037-1103,AQS
1997-08-01,106,Unknown,Long Beach (North),06-037-4002,AQS
1997-08-02,104,Unknown,Lynwood,06-037-1301,AQS
1997-08-03,78,Unknown,Burbank,06-037-1002,AQS
1997-08-04,103,Unknown,Pomona,06-037-1701,AQS
1997-08-05,115,Unknown,Los Angeles-North Main Street,06-037-1103,AQS
1997-08-06,101,Unknown,Reseda,06-037-1201,AQS
1997-08-07,78,Unknown,Pomona,06-037-1701,AQS
1997-08-08,77,Unknown,Pomona,06-037-1701,AQS
1997-08-09,34,Unknown,Glendora,06-037-0016,AQS
1997-08-10,32,Unknown,Burbank,06-037-1002,AQS
1997-08-11,45,Unknown,Burbank,06-037-1002,AQS
1997-08-12,48,Unknown,Pomona,06-037-1701,AQS
1997-08-13,93,Unknown,Pomona,06-037-1701,AQS
1997-08-14,68,Unknown,Pomona,06-037-1701,AQS
1997-08-15,58,Unknown,Burbank,06-037-1002,AQS
1997-08-16,40,Unknown,Burbank,06-037-1002,AQS
1997-08-17,45,Unknown,Pomona,06-037-1701,AQS
1997-08-18,83,Unknown,Burbank,06-037-1002,AQS
1997-08-19,82,Unknown,Pomona,06-037-1701,AQS
1997-08-20,45,Unknown,Pomona,06-037-1701,AQS
1997-08-21,101,Unknown,Burbank,06-037-1002,AQS
1997-08-22,101,Unknown,Burbank,06-037-1002,AQS
1997-08-23,89,Unknown,Pomona,06-037-1701,AQS
1997-08-24,57,Unknown,Pomona,06-037-1701,AQS
1997-08-25,67,Unknown,Pomona,06-037-1701,AQS
1997-08-26,81,Unknown,Pomona,06-037-1701,AQS
1997-08-27,101,Unknown,Pomona,06-037-1701,AQS
1997-08-28,86,Unknown,Pomona,06-037-1701,AQS
1997-08-29,93,Unknown,Pomona,06-037-1701,AQS
1997-08-30,70,Unknown,Pomona,06-037-1701,AQS
1997-08-31,73,Unknown,Pomona,06-037-1701,AQS
1997-09-01,87,Unknown,Los Angeles-North Main Street,06-037-1103,AQS
1997-09-02,102,Unknown,Burbank,06-037-1002,AQS
1997-09-03,109,Unknown,Los Angeles-North Main Street,06-037-1103,AQS
1997-09-04,103,Unknown,Lynwood,06-037-1301,AQS
1997-09-05,103,Unknown,Pomona,06-037-1701,AQS
1997-09-06,84,Unknown,Pomona,06-037-1701,AQS
1997-09-07,62,Unknown,Los Angeles-North Main Street,06-037-1103,AQS
1997-09-08,98,Unknown,Not Available,06-037-1601,AQS
1997-09-09,106,Unknown,Los Angeles-North Main Street,06-037-1103,AQS
1997-09-10,103,Unknown,Pomona,06-037-1701,AQS
1997-09-11,65,Unknown,Burbank,06-037-1002,AQS
1997-09-12,47,Unknown,Burbank,06-037-1002,AQS
1997-09-13,55,Unknown,Burbank,06-037-1002,AQS
1997-09-14,77,Unknown,Lynwood,06-037-1301,AQS
1997-09-15,81,Unknown,Los Angeles-North Main Street,06-037-1103,AQS
1997-09-16,103,Unknown,Long Beach (North),06-037-4002,AQS
1997-09-17,109,Unknown,Los Angeles-North Main Street,06-037-1103,AQS
1997-09-18,97,Unknown,Lynwood,06-037-1301,AQS
1997-09-19,74,Unknown,Pomona,06-037-1701,AQS
1997-09-20,63,Unknown,Pomona,06-037-1701,AQS
1997-09-21,80,Unknown,Burbank,06-037-1002,AQS
1997-09-22,104,Unknown,Burbank,06-037-1002,AQS
1997-09-23,118,Unknown,Los Angeles-North Main Street,06-037-1103,AQS
1997-09-24,109,Unknown,Hawthorne,06-037-5001,AQS
1997-09-25,64,Unknown,Hawthorne,06-037-5001,AQS
1997-09-26,57,Unknown,Burbank,06-037-1002,AQS
1997-09-27,96,Unknown,Burbank,06-037-1002,AQS
1997-09-28,103,Unknown,Lynwood,06-037-1301,AQS
1997-09-29,94,Unknown,Pomona,06-037-1701,AQS
1997-09-30,81,Unknown,Burbank,06-037-1002,AQS
1997-10-01,101,Unknown,Burbank,06-037-1002,AQS
1997-10-02,45,Unknown,Burbank,06-037-1002,AQS
1997-10-03,70,Unknown,Los Angeles-North Main Street,06-037-1103,AQS
1997-10-04,81,Unknown,Los Angeles-North Main Street,06-037-1103,AQS
1997-10-05,41,Unknown,Pomona,06-037-1701,AQS
1997-10-06,49,Unknown,Burbank,06-037-1002,AQS
1997-10-07,51,Unknown,Burbank,06-037-1002,AQS
1997-10-08,100,Unknown,Reseda,06-037-1201,AQS
1997-10-09,108,Unknown,Long Beach (North),06-037-4002,AQS
1997-10-10,55,Unknown,Burbank,06-037-1002,AQS
1997-10-11,42,Unknown,Pomona,06-037-1701,AQS
1997-10-12,60,Unknown,Pomona,06-037-1701,AQS
1997-10-13,97,Unknown,Hawthorne,06-037-5001,AQS
1997-10-14,110,Unknown,Burbank,06-037-1002,AQS
1997-10-15,120,Unknown,Burbank,06-037-1002,AQS
1997-10-16,104,Unknown,Pomona,06-037-1701,AQS
1997-10-17,110,Unknown,Long Beach (North),06-037-4002,AQS
1997-10-18,116,Unknown,Los Angeles-North Main Street,06-037-1103,AQS
1997-10-19,66,Unknown,Burbank,06-037-1002,AQS
1997-10-20,52,Unknown,Burbank,06-037-1002,AQS
1997-10-21,62,Unknown,Burbank,06-037-1002,AQS
1997-10-22,87,Unknown,Los Angeles-North Main Street,06-037-1103,AQS
1997-10-23,57,Unknown,Burbank,06-037-1002,AQS
1997-10-24,60,Unknown,Burbank,06-037-1002,AQS
1997-10-25,77,Unknown,Los Angeles-North Main Street,06-037-1103,AQS
1997-10-26,67,Unknown,Los Angeles-North Main Street,06-037-1103,AQS
1997-10-27,100,Unknown,Los Angeles-North Main Street,06-037-1103,AQS
1997-10-28,107,Unknown,Los Angeles-North Main Street,06-037-1103,AQS
1997-10-29,101,Unknown,Los Angeles-North Main Street,06-037-1103,AQS
1997-10-30,107,Unknown,Los Angeles-North Main Street,06-037-1103,AQS
1997-10-31,119,Unknown,Lynwood,06-037-1301,AQS
1997-11-01,110,Unknown,Los Angeles-North Main Street,06-037-1103,AQS
1997-11-02,107,Unknown,Pomona,06-037-1701,AQS
1997-11-03,101,Unknown,Los Angeles-North Main Street,06-037-1103,AQS
1997-11-04,108,Unknown,West Los Angeles,06-037-0113,AQS
1997-11-05,110,Unknown,Burbank,06-037-1002,AQS
1997-11-06,114,Unknown,Pasadena,06-037-2005,AQS
1997-11-07,74,Unknown,Burbank,06-037-1002,AQS
1997-11-08,58,Unknown,Burbank,06-037-1002,AQS
1997-11-09,57,Unknown,Hawthorne,06-037-5001,AQS
1997-11-10,47,Unknown,Lynwood,06-037-1301,AQS
1997-11-11,52,Unknown,Hawthorne,06-037-5001,AQS
1997-11-12,61,Unknown,Anaheim (1010 Harbor Blvd),06-059-0001,AQS
1997-11-13,52,Unknown,Los Angeles-North Main Street,06-037-1103,AQS
1997-11-14,70,Unknown,Burbank,06-037-1002,AQS
1997-11-15,53,Unknown,Burbank,06-037-1002,AQS
1997-11-16,47,Unknown,Lynwood,06-037-1301,AQS
1997-11-17,63,Unknown,Long Beach (North),06-037-4002,AQS
1997-11-18,79,Unknown,Burbank,06-037-1002,AQS
1997-11-19,90,Unknown,Los Angeles-North Main Street,06-037-1103,AQS
1997-11-20,62,Unknown,Burbank,06-037-1002,AQS
1997-11-21,102,Unknown,Long Beach (North),06-037-4002,AQS
1997-11-22,91,Unknown,Los Angeles-North Main Street,06-037-1103,AQS
1997-11-23,80,Unknown,Lynwood,06-037-1301,AQS
1997-11-24,102,Unknown,Lynwood,06-037-1301,AQS
1997-11-25,107,Unknown,Long Beach (North),06-037-4002,AQS
1997-11-26,101,Unknown,Los Angeles-North Main Street,06-037-1103,AQS
1997-11-27,56,Unknown,Los Angeles-North Main Street,06-037-1103,AQS
1997-11-28,74,Unknown,Los Angeles-North Main Street,06-037-1103,AQS
1997-11-29,68,Unknown,Long Beach (North),06-037-4002,AQS
1997-11-30,55,Unknown,Los Angeles-North Main Street,06-037-1103,AQS
1997-12-01,89,Unknown,Los Angeles-North Main Street,06-037-1103,AQS
1997-12-02,55,Unknown,Los Angeles-North Main Street,06-037-1103,AQS
1997-12-03,73,Unknown,Los Angeles-North Main Street,06-037-1103,AQS
1997-12-04,63,Unknown,Los Angeles-North Main Street,06-037-1103,AQS
1997-12-05,53,Unknown,Burbank,06-037-1002,AQS
1997-12-06,43,Unknown,Hawthorne,06-037-5001,AQS
1997-12-07,43,Unknown,Lynwood,06-037-1301,AQS
1997-12-08,60,Unknown,Lynwood,06-037-1301,AQS
1997-12-09,72,Unknown,Los Angeles-North Main Street,06-037-1103,AQS
1997-12-10,96,Unknown,Lynwood,06-037-1301,AQS
1997-12-11,80,Unknown,Lynwood,06-037-1301,AQS
1997-12-12,104,Unknown,Lynwood,06-037-1301,AQS
1997-12-13,73,Unknown,Lynwood,06-037-1301,AQS
1997-12-14,73,Unknown,Long Beach (North),06-037-4002,AQS
1997-12-15,85,Unknown,Lynwood,06-037-1301,AQS
1997-12-16,95,Unknown,Burbank,06-037-1002,AQS
1997-12-17,104,Unknown,Los Angeles-North Main Street,06-037-1103,AQS
1997-12-18,47,Unknown,Los Angeles-North Main Street,06-037-1103,AQS
1997-12-19,102,Unknown,Lynwood,06-037-1301,AQS
1997-12-20,70,Unknown,Los Angeles-North Main Street,06-037-1103,AQS
1997-12-21,55,Unknown,Burbank,06-037-1002,AQS
1997-12-22,74,Unknown,Los Angeles-North Main Street,06-037-1103,AQS
1997-12-23,88,Unknown,Burbank,06-037-1002,AQS
1997-12-24,73,Unknown,Long Beach (North),06-037-4002,AQS
1997-12-25,63,Unknown,Lynwood,06-037-1301,AQS
1997-12-26,72,Unknown,Lynwood,06-037-1301,AQS
1997-12-27,74,Unknown,Los Angeles-North Main Street,06-037-1103,AQS
1997-12-28,80,Unknown,Lynwood,06-037-1301,AQS
1997-12-29,102,Unknown,Long Beach (North),06-037-4002,AQS
1997-12-30,102,Unknown,Long Beach (North),06-037-4002,AQS
1997-12-31,103,Unknown,Hawthorne,06-037-5001,AQS
1998-01-01,97,Unknown,Los Angeles-North Main Street,06-037-1103,AQS
1998-01-02,56,Unknown,West Los Angeles,06-037-0113,AQS
1998-01-03,45,Unknown,Lynwood,06-037-1301,AQS
1998-01-04,43,Unknown,Hawthorne,06-037-5001,AQS
1998-01-05,67,Unknown,Los Angeles-North Main Street,06-037-1103,AQS
1998-01-06,66,Unknown,Anaheim (1010 Harbor Blvd),06-059-0001,AQS
1998-01-07,89,Unknown,West Los Angeles,06-037-0113,AQS
1998-01-08,71,Unknown,Los Angeles-North Main Street,06-037-1103,AQS
1998-01-09,50,Unknown,Burbank,06-037-1002,AQS
1998-01-10,51,Unknown,Anaheim (1010 Harbor Blvd),06-059-0001,AQS
1998-01-11,50,Unknown,Los Angeles-North Main Street,06-037-1103,AQS
1998-01-12,61,Unknown,Hawthorne,06-037-5001,AQS
1998-01-13,54,Unknown,La Habra,06-059-5001,AQS
1998-01-14,65,Unknown,Azusa,06-037-0002,AQS
1998-01-15,57,Unknown,Los Angeles-North Main Street,06-037-1103,AQS
1998-01-16,79,Unknown,Los Angeles-North Main Street,06-037-1103,AQS
1998-01-17,101,Unknown,Los Angeles-North Main Street,06-037-1103,AQS
1998-01-18,67,Unknown,Burbank,06-037-1002,AQS
1998-01-19,61,Unknown,Anaheim (1010 Harbor Blvd),06-059-0001,AQS
1998-01-20,50,Unknown,La Habra,06-059-5001,AQS
1998-01-21,60,Unknown,Burbank,06-037-1002,AQS
1998-01-22,72,Unknown,Long Beach (North),06-037-4002,AQS
1998-01-23,91,Unknown,Azusa,06-037-0002,AQS
1998-01-24,97,Unknown,Pasadena,06-037-2005,AQS
1998-01-25,101,Unknown,Los Angeles-North Main Street,06-037-1103,AQS
1998-01-26,108,Unknown,Pasadena,06-037-2005,AQS
1998-01-27,105,Unknown,Los Angeles-North Main Street,06-037-1103,AQS
1998-01-28,89,Unknown,Azusa,06-037-0002,AQS
1998-01-29,68,Unknown,Pasadena,06-037-2005,AQS
1998-01-30,72,Unknown,Pasadena,06-037-2005,AQS
1998-01-31,63,Unknown,Hawthorne,06-037-5001,AQS
1998-02-01,50,Unknown,Hawthorne,06-037-5001,AQS
1998-02-02,49,Unknown,Hawthorne,06-037-5001,AQS
1998-02-03,53,Unknown,Pasadena,06-037-2005,AQS
1998-02-04,49,Unknown,Not Available,06-037-1601,AQS
1998-02-05,54,Unknown,Pasadena,06-037-2005,AQS
1998-02-06,54,Unknown,Pasadena,06-037-2005,AQS
1998-02-07,52,Unknown,Hawthorne,06-037-5001,AQS
1998-02-08,45,Unknown,Hawthorne,06-037-5001,AQS
1998-02-09,52,Unknown,Pomona,06-037-1701,AQS
1998-02-10,60,Unknown,Pomona,06-037-1701,AQS
1998-02-11,65,Unknown,Hawthorne,06-037-5001,AQS
1998-02-12,73,Unknown,Pomona,06-037-1701,AQS
1998-02-13,69,Unknown,Pomona,06-037-1701,AQS
1998-02-14,50,Unknown,Pasadena,06-037-2005,AQS
1998-02-15,51,Unknown,Pasadena,06-037-2005,AQS
1998-02-16,52,Unknown,Pomona,06-037-1701,AQS
1998-02-17,47,Unknown,Hawthorne,06-037-5001,AQS
1998-02-18,63,Unknown,Pomona,06-037-1701,AQS
1998-02-19,58,Unknown,Hawthorne,06-037-5001,AQS
1998-02-20,53,Unknown,Hawthorne,06-037-5001,AQS
1998-02-21,51,Unknown,Hawthorne,06-037-5001,AQS
1998-02-22,42,Unknown,Hawthorne,06-037-5001,AQS
1998-02-23,45,Unknown,Hawthorne,06-037-5001,AQS
1998-02-24,53,Unknown,Hawthorne,06-037-5001,AQS
1998-02-25,50,Unknown,Lynwood,06-037-1301,AQS
1998-02-26,60,Unknown,Pomona,06-037-1701,AQS
1998-02-27,62,Unknown,Pomona,06-037-1701,AQS
1998-02-28,71,Unknown,Burbank,06-037-1002,AQS
1998-03-01,80,Unknown,Long Beach (North),06-037-4002,AQS
1998-03-02,67,Unknown,Burbank,06-037-1002,AQS
1998-03-03,57,Unknown,Hawthorne,06-037-5001,AQS
1998-03-04,67,Unknown,Hawthorne,06-037-5001,AQS
1998-03-05,49,Unknown,Hawthorne,06-037-5001,AQS
1998-03-06,45,Unknown,Los Angeles-North Main Street,06-037-1103,AQS
1998-03-07,54,Unknown,Hawthorne,06-037-5001,AQS
1998-03-08,57,Unknown,Lynwood,06-037-1301,AQS
1998-03-09,90,Unknown,Pomona,06-037-1701,AQS
1998-03-10,100,Unknown,Lynwood,06-037-1301,AQS
1998-03-11,79,Unknown,Anaheim (1010 Harbor Blvd),06-059-0001,AQS
1998-03-12,100,Unknown,Lynwood,06-037-1301,AQS
1998-03-13,56,Unknown,Pomona,06-037-1701,AQS
1998-03-14,60,Unknown,Los Angeles-North Main Street,06-037-1103,AQS
1998-03-15,54,Unknown,Hawthorne,06-037-5001,AQS
1998-03-16,51,Unknown,Los Angeles-North Main Street,06-037-1103,AQS
1998-03-17,54,Unknown,Long Beach (North),06-037-4002,AQS
1998-03-18,74,Unknown,Burbank,06-037-1002,AQS
1998-03-19,80,Unknown,Lynwood,06-037-1301,AQS
1998-03-20,74,Unknown,Pomona,06-037-1701,AQS
1998-03-21,55,Unknown,Pomona,06-037-1701,AQS
1998-03-22,74,Unknown,Long Beach (North),06-037-4002,AQS
1998-03-23,102,Unknown,Not Available,06-037-1601,AQS
1998-03-24,69,Unknown,Burbank,06-037-1002,AQS
1998-03-25,60,Unknown,Long Beach (North),06-037-4002,AQS
1998-03-26,56,Unknown,Reseda,06-037-1201,AQS
1998-03-27,48,Unknown,Pasadena,06-037-2005,AQS
1998-03-28,48,Unknown,Pasadena,06-037-2005,AQS
1998-03-29,48,Unknown,Pasadena,06-037-2005,AQS
1998-03-30,62,Unknown,Lynwood,06-037-1301,AQS
1998-03-31,61,Unknown,Hawthorne,06-037-5001,AQS
1998-04-01,53,Unknown,Pasadena,06-037-2005,AQS
1998-04-02,65,Unknown,Lynwood,06-037-1301,AQS
1998-04-03,67,Unknown,Lynwood,06-037-1301,AQS
1998-04-04,48,Unknown,Hawthorne,06-037-5001,AQS
1998-04-05,47,Unknown,Lynwood,06-037-1301,AQS
1998-04-06,54,Unknown,Lynwood,06-037-1301,AQS
1998-04-07,51,Unknown,Lynwood,06-037-1301,AQS
1998-04-08,58,Unknown,Lynwood,06-037-1301,AQS
1998-04-09,64,Unknown,Lynwood,06-037-1301,AQS
1998-04-10,72,Unknown,Los Angeles-North Main Street,06-037-1103,AQS
1998-04-11,52,Unknown,Hawthorne,06-037-5001,AQS
1998-04-12,45,Unknown,Lynwood,06-037-1301,AQS
1998-04-13,51,Unknown,Lynwood,06-037-1301,AQS
1998-04-14,53,Unknown,Los Angeles-North Main Street,06-037-1103,AQS
1998-04-15,65,Unknown,Burbank,06-037-1002,AQS
1998-04-16,62,Unknown,Lynwood,06-037-1301,AQS
1998-04-17,74,Unknown,Long Beach (North),06-037-4002,AQS
1998-04-18,78,Unknown,Lynwood,06-037-1301,AQS
1998-04-19,85,Unknown,Burbank,06-037-1002,AQS
1998-04-20,103,Unknown,Lynwood,06-037-1301,AQS
1998-04-21,105,Unknown,Lynwood,06-037-1301,AQS
1998-04-22,102,Unknown,Lynwood,06-037-1301,AQS
1998-04-23,71,Unknown,Hawthorne,06-037-5001,AQS
1998-04-24,71,Unknown,Hawthorne,06-037-5001,AQS
1998-04-25,45,Unknown,Los Angeles-North Main Street,06-037-1103,AQS
1998-04-26,66,Unknown,Burbank,06-037-1002,AQS
1998-04-27,95,Unknown,Lynwood,06-037-1301,AQS
1998-04-28,100,Unknown,Lynwood,06-037-1301,AQS
1998-04-29,107,Unknown,Pasadena,06-037-2005,AQS
1998-04-30,71,Unknown,Burbank,06-037-1002,AQS
1998-05-01,42,Unknown,Hawthorne,06-037-5001,AQS
1998-05-02,37,Unknown,Los Angeles-North Main Street,06-037-1103,AQS
1998-05-03,34,Unknown,Hawthorne,06-037-5001,AQS
1998-05-04,39,Unknown,Los Angeles-North Main Street,06-037-1103,AQS
1998-05-05,38,Unknown,Los Angeles-North Main Street,06-037-1103,AQS
1998-05-06,42,Unknown,Not Available,06-037-1601,AQS
1998-05-07,39,Unknown,Not Available,06-037-1601,AQS
1998-05-08,36,Unknown,Pomona,06-037-1701,AQS
1998-05-09,35,Unknown,Hawthorne,06-037-5001,AQS
1998-05-10,46,Unknown,Pomona,06-037-1701,AQS
1998-05-11,41,Unknown,Burbank,06-037-1002,AQS
1998-05-12,47,Unknown,Los Angeles-North Main Street,06-037-1103,AQS
1998-05-13,42,Unknown,West Los Angeles,06-037-0113,AQS
1998-05-14,48,Unknown,Burbank,06-037-1002,AQS
1998-05-15,51,Unknown,Pomona,06-037-1701,AQS
1998-05-16,47,Unknown,Burbank,06-037-1002,AQS
1998-05-17,52,Unknown,Pomona,06-037-1701,AQS
1998-05-18,84,Unknown,Not Available,06-037-1601,AQS
1998-05-19,69,Unknown,Burbank,06-037-1002,AQS
1998-05-20,52,Unknown,Burbank,06-037-1002,AQS
1998-05-21,50,Unknown,Los Angeles-North Main Street,06-037-1103,AQS
1998-05-22,52,Unknown,Burbank,06-037-1002,AQS
1998-05-23,49,Unknown,Azusa,06-037-0002,AQS
1998-05-24,48,Unknown,Los Angeles-North Main Street,06-037-1103,AQS
1998-05-25,47,Unknown,Burbank,06-037-1002,AQS
1998-05-26,42,Unknown,Burbank,06-037-1002,AQS
1998-05-27,46,Unknown,Pomona,06-037-1701,AQS
1998-05-28,56,Unknown,Los Angeles-North Main Street,06-037-1103,AQS
1998-05-29,45,Unknown,Not Available,06-037-1601,AQS
1998-05-30,49,Unknown,Pomona,06-037-1701,AQS
1998-05-31,54,Unknown,Burbank,06-037-1002,AQS
1998-06-01,73,Unknown,Los Angeles-North Main Street,06-037-1103,AQS
1998-06-02,48,Unknown,Burbank,06-037-1002,AQS
1998-06-03,34,Unknown,Burbank,06-037-1002,AQS
1998-06-04,48,Unknown,Burbank,06-037-1002,AQS
1998-06-05,63,Unknown,Los Angeles-North Main Street,06-037-1103,AQS
1998-06-06,41,Unknown,Burbank,06-037-1002,AQS
1998-06-07,33,Unknown,Los Angeles-North Main Street,06-037-1103,AQS
1998-06-08,36,Unknown,Burbank,06-037-1002,AQS
1998-06-09,44,Unknown,Pomona,06-037-1701,AQS
1998-06-10,49,Unknown,Pomona,06-037-1701,AQS
1998-06-11,39,Unknown,Pomona,06-037-1701,AQS
1998-06-12,38,Unknown,Burbank,06-037-1002,AQS
1998-06-13,44,Unknown,Pomona,06-037-1701,AQS
1998-06-14,49,Unknown,Pomona,06-037-1701,AQS
1998-06-15,57,Unknown,Pasadena,06-037-2005,AQS
1998-06-16,41,Unknown,Burbank,06-037-1002,AQS
1998-06-17,47,Unknown,Long Beach (North),06-037-4002,AQS
1998-06-18,79,Unknown,Burbank,06-037-1002,AQS
1998-06-19,56,Unknown,Pomona,06-037-1701,AQS
1998-06-20,40,Unknown,Burbank,06-037-1002,AQS
1998-06-21,54,Unknown,Pomona,06-037-1701,AQS
1998-06-22,68,Unknown,Burbank,06-037-1002,AQS
1998-06-23,49,Unknown,Pomona,06-037-1701,AQS
1998-06-24,66,Unknown,Burbank,06-037-1002,AQS
1998-06-25,54,Unknown,Pomona,06-037-1701,AQS
1998-06-26,61,Unknown,Azusa,06-037-0002,AQS
1998-06-27,71,Unknown,Pomona,06-037-1701,AQS
1998-06-28,60,Unknown,Pomona,06-037-1701,AQS
1998-06-29,88,Unknown,Burbank,06-037-1002,AQS
1998-06-30,69,Unknown,Pomona,06-037-1701,AQS
1998-07-01,67,Unknown,Burbank,06-037-1002,AQS
1998-07-02,53,Unknown,Azusa,06-037-0002,AQS
1998-07-03,45,Unknown,Burbank,06-037-1002,AQS
1998-07-04,49,Unknown,Pomona,06-037-1701,AQS
1998-07-05,64,Unknown,Reseda,06-037-1201,AQS
1998-07-06,98,Unknown,Los Angeles-North Main Street,06-037-1103,AQS
1998-07-07,84,Unknown,Pomona,06-037-1701,AQS
1998-07-08,67,Unknown,Pomona,06-037-1701,AQS
1998-07-09,80,Unknown,Pomona,06-037-1701,AQS
1998-07-10,84,Unknown,Los Angeles-North Main Street,06-037-1103,AQS
1998-07-11,101,Unknown,Pomona,06-037-1701,AQS
1998-07-12,79,Unknown,Pomona,06-037-1701,AQS
1998-07-13,71,Unknown,Burbank,06-037-1002,AQS
1998-07-14,100,Unknown,Pomona,06-037-1701,AQS
1998-07-15,105,Unknown,Pomona,06-037-1701,AQS
1998-07-16,111,Unknown,Pomona,06-037-1701,AQS
1998-07-17,105,Unknown,Pomona,06-037-1701,AQS
1998-07-18,97,Unknown,Not Available,06-037-1601,AQS
1998-07-19,61,Unknown,Burbank,06-037-1002,AQS
1998-07-20,70,Unknown,Los Angeles-North Main Street,06-037-1103,AQS
1998-07-21,53,Unknown,Pomona,06-037-1701,AQS
1998-07-22,43,Unknown,Burbank,06-037-1002,AQS
1998-07-23,49,Unknown,Burbank,06-037-1002,AQS
1998-07-24,60,Unknown,Pomona,06-037-1701,AQS
1998-07-25,65,Unknown,Pomona,06-037-1701,AQS
1998-07-26,81,Unknown,Pomona,06-037-1701,AQS
1998-07-27,102,Unknown,Burbank,06-037-1002,AQS
1998-07-28,96,Unknown,Burbank,06-037-1002,AQS
1998-07-29,69,Unknown,Burbank,06-037-1002,AQS
1998-07-30,54,Unknown,Pomona,06-037-1701,AQS
1998-07-31,78,Unknown,Los Angeles-North Main Street,06-037-1103,AQS
1998-08-01,84,Unknown,Pomona,06-037-1701,AQS
1998-08-02,94,Unknown,Pomona,06-037-1701,AQS
1998-08-03,110,Unknown,Pomona,06-037-1701,AQS
1998-08-04,107,Unknown,Pomona,06-037-1701,AQS
1998-08-05,96,Unknown,Pomona,06-037-1701,AQS
1998-08-06,100,Unknown,Pomona,06-037-1701,AQS
1998-08-07,98,Unknown,Los Angeles-North Main Street,06-037-1103,AQS
1998-08-08,98,Unknown,Pomona,06-037-1701,AQS
1998-08-09,76,Unknown,La Habra,06-059-5001,AQS
1998-08-10,104,Unknown,Azusa,06-037-0002,AQS
1998-08-11,83,Unknown,Pomona,06-037-1701,AQS
1998-08-12,95,Unknown,Los Angeles-North Main Street,06-037-1103,AQS
1998-08-13,94,Unknown,Pomona,06-037-1701,AQS
1998-08-14,102,Unknown,Azusa,06-037-0002,AQS
1998-08-15,55,Unknown,Burbank,06-037-1002,AQS
1998-08-16,39,Unknown,Burbank,06-037-1002,AQS
1998-08-17,53,Unknown,Pomona,06-037-1701,AQS
1998-08-18,76,Unknown,Burbank,06-037-1002,AQS
1998-08-19,91,Unknown,Pomona,06-037-1701,AQS
1998-08-20,93,Unknown,Los Angeles-North Main Street,06-037-1103,AQS
1998-08-21,104,Unknown,Pasadena,06-037-2005,AQS
1998-08-22,106,Unknown,Los Angeles-North Main Street,06-037-1103,AQS
1998-08-23,103,Unknown,Los Angeles-North Main Street,06-037-1103,AQS
1998-08-24,79,Unknown,Pomona,06-037-1701,AQS
1998-08-25,63,Unknown,Pomona,06-037-1701,AQS
1998-08-26,72,Unknown,Azusa,06-037-0002,AQS
1998-08-27,103,Unknown,Pomona,06-037-1701,AQS
1998-08-28,108,Unknown,Not Available,06-037-1601,AQS
1998-08-29,111,Unknown,Los Angeles-North Main Street,06-037-1103,AQS
1998-08-30,97,Unknown,Pomona,06-037-1701,AQS
1998-08-31,107,Unknown,Burbank,06-037-1002,AQS
1998-09-01,102,Unknown,West Los Angeles,06-037-0113,AQS
1998-09-02,97,Unknown,Pomona,06-037-1701,AQS
1998-09-03,90,Unknown,Long Beach (North),06-037-4002,AQS
1998-09-04,64,Unknown,Hawthorne,06-037-5001,AQS
1998-09-05,58,Unknown,Pomona,06-037-1701,AQS
1998-09-06,52,Unknown,Pomona,06-037-1701,AQS
1998-09-07,43,Unknown,Pomona,06-037-1701,AQS
1998-09-08,69,Unknown,Pomona,06-037-1701,AQS
1998-09-09,52,Unknown,Pomona,06-037-1701,AQS
1998-09-10,66,Unknown,Pomona,06-037-1701,AQS
1998-09-11,94,Unknown,Pomona,06-037-1701,AQS
1998-09-12,88,Unknown,Pomona,06-037-1701,AQS
1998-09-13,65,Unknown,Pomona,06-037-1701,AQS
1998-09-14,83,Unknown,Pomona,06-037-1701,AQS
1998-09-15,76,Unknown,Pomona,06-037-1701,AQS
1998-09-16,93,Unknown,Pomona,06-037-1701,AQS
1998-09-17,94,Unknown,Pomona,06-037-1701,AQS
1998-09-18,103,Unknown,Pomona,06-037-1701,AQS
1998-09-19,81,Unknown,Pomona,06-037-1701,AQS
1998-09-20,69,Unknown,Reseda,06-037-1201,AQS
1998-09-21,52,Unknown,Reseda,06-037-1201,AQS
1998-09-22,51,Unknown,Reseda,06-037-1201,AQS
1998-09-23,57,Unknown,Reseda,06-037-1201,AQS
1998-09-24,79,Unknown,Reseda,06-037-1201,AQS
1998-09-25,52,Unknown,Pomona,06-037-1701,AQS
1998-09-26,42,Unknown,West Los Angeles,06-037-0113,AQS
1998-09-27,41,Unknown,Hawthorne,06-037-5001,AQS
1998-09-28,56,Unknown,Lynwood,06-037-1301,AQS
1998-09-29,56,Unknown,Pomona,06-037-1701,AQS
1998-09-30,57,Unknown,Pomona,06-037-1701,AQS
1998-10-01,70,Unknown,Pomona,06-037-1701,AQS
1998-10-02,66,Unknown,Burbank,06-037-1002,AQS
1998-10-03,48,Unknown,Long Beach (North),06-037-4002,AQS
1998-10-04,63,Unknown,Pomona,06-037-1701,AQS
1998-10-05,90,Unknown,Long Beach (North),06-037-4002,AQS
1998-10-06,86,Unknown,West Los Angeles,06-037-0113,AQS
1998-10-07,103,Unknown,West Los Angeles,06-037-0113,AQS
1998-10-08,103,Unknown,Hawthorne,06-037-5001,AQS
1998-10-09,104,Unknown,Hawthorne,06-037-5001,AQS
1998-10-10,76,Unknown,Pomona,06-037-1701,AQS
1998-10-11,78,Unknown,Lynwood,06-037-1301,AQS
1998-10-12,106,Unknown,Not Available,06-037-1601,AQS
1998-10-13,82,Unknown,Pomona,06-037-1701,AQS
1998-10-14,68,Unknown,Lynwood,06-037-1301,AQS
1998-10-15,60,Unknown,Burbank,06-037-1002,AQS
1998-10-16,70,Unknown,Pomona,06-037-1701,AQS
1998-10-17,72,Unknown,Lynwood,06-037-1301,AQS
1998-10-18,71,Unknown,Pomona,06-037-1701,AQS
1998-10-19,97,Unknown,West Los Angeles,06-037-0113,AQS
1998-10-20,105,Unknown,Lynwood,06-037-1301,AQS
1998-10-21,77,Unknown,Burbank,06-037-1002,AQS
1998-10-22,105,Unknown,Los Angeles-North Main Street,06-037-1103,AQS
1998-10-23,105,Unknown,La Habra,06-059-5001,AQS
1998-10-24,113,Unknown,Los Angeles-North Main Street,06-037-1103,AQS
1998-10-25,43,Unknown,Pomona,06-037-1701,AQS
1998-10-26,58,Unknown,Lynwood,06-037-1301,AQS
1998-10-27,71,Unknown,Azusa,06-037-0002,AQS
1998-10-28,81,Unknown,Pomona,06-037-1701,AQS
1998-10-29,53,Unknown,Hawthorne,06-037-5001,AQS
1998-10-30,62,Unknown,Not Available,06-037-1601,AQS
1998-10-31,63,Unknown,Pomona,06-037-1701,AQS
1998-11-01,66,Unknown,Hawthorne,06-037-5001,AQS
1998-11-02,85,Unknown,Azusa,06-037-0002,AQS
1998-11-03,103,Unknown,Hawthorne,06-037-5001,AQS
1998-11-04,103,Unknown,Azusa,06-037-0002,AQS
1998-11-05,77,Unknown,Lynwood,06-037-1301,AQS
1998-11-06,67,Unknown,Long Beach (North),06-037-4002,AQS
1998-11-07,55,Unknown,Los Angeles-North Main Street,06-037-1103,AQS
1998-11-08,39,Unknown,Azusa,06-037-0002,AQS
1998-11-09,60,Unknown,Long Beach (North),06-037-4002,AQS
1998-11-10,78,Unknown,Long Beach (North),06-037-4002,AQS
1998-11-11,60,Unknown,Lynwood,06-037-1301,AQS
1998-11-12,87,Unknown,Long Beach (North),06-037-4002,AQS
1998-11-13,82,Unknown,Long Beach (North),06-037-4002,AQS
1998-11-14,104,Unknown,Azusa,06-037-0002,AQS
1998-11-15,103,Unknown,Burbank,06-037-1002,AQS
1998-11-16,106,Unknown,West Los Angeles,06-037-0113,AQS
1998-11-17,48,Unknown,Pomona,06-037-1701,AQS
1998-11-18,76,Unknown,Azusa,06-037-0002,AQS
1998-11-19,78,Unknown,Long Beach (North),06-037-4002,AQS
1998-11-20,78,Unknown,Costa Mesa,06-059-1003,AQS
1998-11-21,102,Unknown,Los Angeles-North Main Street,06-037-1103,AQS
1998-11-22,98,Unknown,Burbank,06-037-1002,AQS
1998-11-23,113,Unknown,Pasadena,06-037-2005,AQS
1998-11-24,86,Unknown,Pasadena,06-037-2005,AQS
1998-11-25,104,Unknown,Not Available,06-037-1601,AQS
1998-11-26,106,Unknown,Azusa,06-037-0002,AQS
1998-11-27,100,Unknown,Glendora,06-037-0016,AQS
1998-11-28,43,Unknown,Long Beach (North),06-037-4002,AQS
1998-11-29,51,Unknown,Long Beach (North),06-037-4002,AQS
1998-11-30,87,Unknown,Long Beach (North),06-037-4002,AQS
1998-12-01,69,Unknown,Azusa,06-037-0002,AQS
1998-12-02,81,Unknown,Lynwood,06-037-1301,AQS
1998-12-03,80,Unknown,Hawthorne,06-037-5001,AQS
1998-12-04,50,Unknown,Lynwood,06-037-1301,AQS
1998-12-05,72,Unknown,Lynwood,06-037-1301,AQS
1998-12-06,47,Unknown,Lynwood,06-037-1301,AQS
1998-12-07,73,Unknown,Long Beach (North),06-037-4002,AQS
1998-12-08,89,Unknown,Lynwood,06-037-1301,AQS
1998-12-09,112,Unknown,Lynwood,06-037-1301,AQS
1998-12-10,104,Unknown,Hawthorne,06-037-5001,AQS
1998-12-11,93,Unknown,Lynwood,06-037-1301,AQS
1998-12-12,109,Unknown,Long Beach (North),06-037-4002,AQS
1998-12-13,69,Unknown,Costa Mesa,06-059-1003,AQS
1998-12-14,55,Unknown,Long Beach (North),06-037-4002,AQS
1998-12-15,89,Unknown,Lynwood,06-037-1301,AQS
1998-12-16,105,Unknown,Long Beach (North),06-037-4002,AQS
1998-12-17,109,Unknown,Hawthorne,06-037-5001,AQS
1998-12-18,43,Unknown,Reseda,06-037-1201,AQS
1998-12-19,38,Unknown,Lynwood,06-037-1301,AQS
1998-12-20,38,Unknown,Long Beach (North),06-037-4002,AQS
1998-12-21,85,Unknown,Lynwood,06-037-1301,AQS
1998-12-22,89,Unknown,Lynwood,06-037-1301,AQS
1998-12-23,89,Unknown,Lynwood,06-037-1301,AQS
1998-12-24,90,Unknown,Lynwood,06-037-1301,AQS
1998-12-25,83,Unknown,Anaheim (1010 Harbor Blvd),06-059-0001,AQS
1998-12-26,104,Unknown,Lynwood,06-037-1301,AQS
1998-12-27,106,Unknown,Hawthorne,06-037-5001,AQS
1998-12-28,105,Unknown,Long Beach (North),06-037-4002,AQS
1998-12-29,112,Unknown,Pasadena,06-037-2005,AQS
1998-12-30,114,Unknown,Los Angeles-North Main Street,06-037-1103,AQS
1998-12-31,103,Unknown,Glendora,06-037-0016,AQS
1999-01-01,101,Unknown,Lynwood,06-037-1301,AQS
1999-01-02,104,Unknown,Anaheim (1010 Harbor Blvd),06-059-0001,AQS
1999-01-03,103,Unknown,Lynwood,06-037-1301,AQS
1999-01-04,106,Unknown,La Habra,06-059-5001,AQS
1999-01-05,107,Unknown,Burbank,06-037-1002,AQS
1999-01-06,110,Unknown,Lynwood,06-037-1301,AQS
1999-01-07,103,Unknown,Azusa,06-037-0002,AQS
1999-01-08,95,Unknown,Long Beach (North),06-037-4002,AQS
1999-01-09,81,Unknown,Los Angeles-North Main Street,06-037-1103,AQS
1999-01-10,90,Unknown,Anaheim (1010 Harbor Blvd),06-059-0001,AQS
1999-01-11,99,Unknown,Burbank,06-037-1002,AQS
1999-01-12,73,Unknown,Pomona,06-037-1701,AQS
1999-01-13,104,Unknown,Pasadena,06-037-2005,AQS
1999-01-14,105,Unknown,Costa Mesa,06-059-1003,AQS
1999-01-15,106,Unknown,Lynwood,06-037-1301,AQS
1999-01-16,85,Unknown,Azusa,06-037-0002,AQS
1999-01-17,60,Unknown,Lynwood,06-037-1301,AQS
1999-01-18,81,Unknown,Azusa,06-037-0002,AQS
1999-01-19,81,Unknown,Azusa,06-037-0002,AQS
1999-01-20,43,Unknown,Long Beach (North),06-037-4002,AQS
1999-01-21,50,Unknown,Long Beach (North),06-037-4002,AQS
1999-01-22,66,Unknown,Anaheim (1010 Harbor Blvd),06-059-0001,AQS
1999-01-23,102,Unknown,Pasadena,06-037-2005,AQS
1999-01-24,55,Unknown,Azusa,06-037-0002,AQS
1999-01-25,47,Unknown,Long Beach (North),06-037-4002,AQS
1999-01-26,44,Unknown,Long Beach (North),06-037-4002,AQS
1999-01-27,49,Unknown,Long Beach (North),06-037-4002,AQS
1999-01-28,69,Unknown,Long Beach (North),06-037-4002,AQS
1999-01-29,77,Unknown,Burbank,06-037-1002,AQS
1999-01-30,73,Unknown,West Los Angeles,06-037-0113,AQS
1999-01-31,52,Unknown,Lynwood,06-037-1301,AQS
1999-02-01,64,Unknown,Lynwood,06-037-1301,AQS
1999-02-02,67,Unknown,Azusa,06-037-0002,AQS
1999-02-03,103,Unknown,Azusa,06-037-0002,AQS
1999-02-04,96,Unknown,Not Available,06-037-1601,AQS
1999-02-05,48,Unknown,Pomona,06-037-1701,AQS
1999-02-06,47,Unknown,Pomona,06-037-1701,AQS
1999-02-07,49,Unknown,Pomona,06-037-1701,AQS
1999-02-08,41,Unknown,Pomona,06-037-1701,AQS
1999-02-09,42,Unknown,Pomona,06-037-1701,AQS
1999-02-10,50,Unknown,Pomona,06-037-1701,AQS
1999-02-11,72,Unknown,Hawthorne,06-037-5001,AQS
1999-02-12,88,Unknown,Costa Mesa,06-059-1003,AQS
1999-02-13,90,Unknown,Long Beach (North),06-037-4002,AQS
1999-02-14,79,Unknown,Pomona,06-037-1701,AQS
1999-02-15,65,Unknown,Pomona,06-037-1701,AQS
1999-02-16,72,Unknown,Azusa,06-037-0002,AQS
1999-02-17,82,Unknown,Azusa,06-037-0002,AQS
1999-02-18,88,Unknown,Azusa,06-037-0002,AQS
1999-02-19,64,Unknown,Pomona,06-037-1701,AQS
1999-02-20,95,Unknown,Anaheim (1010 Harbor Blvd),06-059-0001,AQS
1999-02-21,57,Unknown,Pomona,06-037-1701,AQS
1999-02-22,64,Unknown,Long Beach (North),06-037-4002,AQS
1999-02-23,87,Unknown,Azusa,06-037-0002,AQS
1999-02-24,103,Unknown,Azusa,06-037-0002,AQS
1999-02-25,67,Unknown,Glendora,06-037-0016,AQS
1999-02-26,69,Unknown,Pomona,06-037-1701,AQS
1999-02-27,89,Unknown,Azusa,06-037-0002,AQS
1999-02-28,100,Unknown,Pomona,06-037-1701,AQS
1999-03-01,106,Unknown,Los Angeles-North Main Street,06-037-1103,AQS
1999-03-02,103,Unknown,Hawthorne,06-037-5001,AQS
1999-03-03,94,Unknown,Pomona,06-037-1701,AQS
1999-03-04,49,Unknown,Lynwood,06-037-1301,AQS
1999-03-05,65,Unknown,Pomona,06-037-1701,AQS
1999-03-06,48,Unknown,Lynwood,06-037-1301,AQS
1999-03-07,48,Unknown,West Los Angeles,06-037-0113,AQS
1999-03-08,61,Unknown,Pomona,06-037-1701,AQS
1999-03-09,52,Unknown,Pomona,06-037-1701,AQS
1999-03-10,54,Unknown,Pomona,06-037-1701,AQS
1999-03-11,55,Unknown,Pomona,06-037-1701,AQS
1999-03-12,77,Unknown,Pomona,06-037-1701,AQS
1999-03-13,83,Unknown,West Los Angeles,06-037-0113,AQS
1999-03-14,65,Unknown,Pomona,06-037-1701,AQS
1999-03-15,51,Unknown,Pomona,06-037-1701,AQS
1999-03-16,60,Unknown,Pomona,06-037-1701,AQS
1999-03-17,50,Unknown,Pomona,06-037-1701,AQS
1999-03-18,55,Unknown,Pomona,06-037-1701,AQS
1999-03-19,68,Unknown,Burbank,06-037-1002,AQS
1999-03-20,58,Unknown,Glendora,06-037-0016,AQS
1999-03-21,58,Unknown,Glendora,06-037-0016,AQS
1999-03-22,61,Unknown,Pomona,06-037-1701,AQS
1999-03-23,58,Unknown,Glendora,06-037-0016,AQS
1999-03-24,58,Unknown,Glendora,06-037-0016,AQS
1999-03-25,65,Unknown,Hawthorne,06-037-5001,AQS
1999-03-26,64,Unknown,West Los Angeles,06-037-0113,AQS
1999-03-27,54,Unknown,Lynwood,06-037-1301,AQS
1999-03-28,62,Unknown,Pomona,06-037-1701,AQS
1999-03-29,98,Unknown,Pasadena,06-037-2005,AQS
1999-03-30,56,Unknown,Burbank,06-037-1002,AQS
1999-03-31,45,Unknown,Lynwood,06-037-1301,AQS
1999-04-01,55,Unknown,Hawthorne,06-037-5001,AQS
1999-04-02,61,Unknown,Pomona,06-037-1701,AQS
1999-04-03,48,Unknown,Lynwood,06-037-1301,AQS
1999-04-04,48,Unknown,Lynwood,06-037-1301,AQS
1999-04-05,50,Unknown,Pomona,06-037-1701,AQS
1999-04-06,48,Unknown,Lynwood,06-037-1301,AQS
1999-04-07,48,Unknown,Lynwood,06-037-1301,AQS
1999-04-08,40,Unknown,Long Beach (North),06-037-4002,AQS
1999-04-09,46,Unknown,Pomona,06-037-1701,AQS
1999-04-10,61,Unknown,Burbank,06-037-1002,AQS
1999-04-11,53,Unknown,Burbank,06-037-1002,AQS
1999-04-12,51,Unknown,Pomona,06-037-1701,AQS
1999-04-13,64,Unknown,Pomona,06-037-1701,AQS
1999-04-14,105,Unknown,Pomona,06-037-1701,AQS
1999-04-15,107,Unknown,Los Angeles-North Main Street,06-037-1103,AQS
1999-04-16,95,Unknown,Lynwood,06-037-1301,AQS
1999-04-17,103,Unknown,Anaheim (1010 Harbor Blvd),06-059-0001,AQS
1999-04-18,103,Unknown,Burbank,06-037-1002,AQS
1999-04-19,105,Unknown,Burbank,06-037-1002,AQS
1999-04-20,101,Unknown,Pomona,06-037-1701,AQS
1999-04-21,50,Unknown,Burbank,06-037-1002,AQS
1999-04-22,53,Unknown,Burbank,06-037-1002,AQS
1999-04-23,52,Unknown,Pomona,06-037-1701,AQS
1999-04-24,50,Unknown,Pomona,06-037-1701,AQS
1999-04-25,43,Unknown,Pomona,06-037-1701,AQS
1999-04-26,65,Unknown,Pomona,06-037-1701,AQS
1999-04-27,65,Unknown,Pomona,06-037-1701,AQS
1999-04-28,47,Unknown,Pomona,06-037-1701,AQS
1999-04-29,47,Unknown,Long Beach (North),06-037-4002,AQS
1999-04-30,49,Unknown,Burbank,06-037-1002,AQS
1999-05-01,52,Unknown,Pomona,06-037-1701,AQS
1999-05-02,45,Unknown,Pomona,06-037-1701,AQS
1999-05-03,45,Unknown,Burbank,06-037-1002,AQS
1999-05-04,66,Unknown,Burbank,06-037-1002,AQS
1999-05-05,81,Unknown,Burbank,06-037-1002,AQS
1999-05-06,102,Unknown,Lynwood,06-037-1301,AQS
1999-05-07,86,Unknown,Burbank,06-037-1002,AQS
1999-05-08,51,Unknown,Reseda,06-037-1201,AQS
1999-05-09,45,Unknown,West Los Angeles,06-037-0113,AQS
1999-05-10,54,Unknown,Burbank,06-037-1002,AQS
1999-05-11,62,Unknown,Burbank,06-037-1002,AQS
1999-05-12,67,Unknown,Burbank,06-037-1002,AQS
1999-05-13,46,Unknown,Lynwood,06-037-1301,AQS
1999-05-14,56,Unknown,Burbank,06-037-1002,AQS
1999-05-15,55,Unknown,West Los Angeles,06-037-0113,AQS
1999-05-16,53,Unknown,Burbank,06-037-1002,AQS
1999-05-17,82,Unknown,Lynwood,06-037-1301,AQS
1999-05-18,95,Unknown,Pomona,06-037-1701,AQS
1999-05-19,50,Unknown,Burbank,06-037-1002,AQS
1999-05-20,52,Unknown,Burbank,06-037-1002,AQS
1999-05-21,47,Unknown,Pomona,06-037-1701,AQS
1999-05-22,44,Unknown,Lynwood,06-037-1301,AQS
1999-05-23,55,Unknown,Pomona,06-037-1701,AQS
1999-05-24,90,Unknown,Pomona,06-037-1701,AQS
1999-05-25,60,Unknown,Pomona,06-037-1701,AQS
1999-05-26,54,Unknown,Burbank,06-037-1002,AQS
1999-05-27,66,Unknown,Pomona,06-037-1701,AQS
1999-05-28,64,Unknown,Pomona,06-037-1701,AQS
1999-05-29,34,Unknown,Pomona,06-037-1701,AQS
1999-05-30,37,Unknown,Pomona,06-037-1701,AQS
1999-05-31,49,Unknown,Pomona,06-037-1701,AQS
1999-06-01,93,Unknown,Not Available,06-037-1601,AQS
1999-06-02,55,Unknown,Not Available,06-037-1601,AQS
1999-06-03,35,Unknown,Pomona,06-037-1701,AQS
1999-06-04,42,Unknown,Burbank,06-037-1002,AQS
1999-06-05,50,Unknown,Pomona,06-037-1701,AQS
1999-06-06,50,Unknown,Pomona,06-037-1701,AQS
1999-06-07,54,Unknown,Pomona,06-037-1701,AQS
1999-06-08,53,Unknown,Burbank,06-037-1002,AQS
1999-06-09,51,Unknown,Burbank,06-037-1002,AQS
1999-06-10,55,Unknown,Burbank,06-037-1002,AQS
1999-06-11,71,Unknown,Pomona,06-037-1701,AQS
1999-06-12,66,Unknown,Pomona,06-037-1701,AQS
1999-06-13,64,Unknown,Pomona,06-037-1701,AQS
1999-06-14,101,Unknown,Azusa,06-037-0002,AQS
1999-06-15,87,Unknown,Pomona,06-037-1701,AQS
1999-06-16,72,Unknown,Pomona,06-037-1701,AQS
1999-06-17,77,Unknown,Azusa,06-037-0002,AQS
1999-06-18,93,Unknown,Pomona,06-037-1701,AQS
1999-06-19,73,Unknown,Pomona,06-037-1701,AQS
1999-06-20,48,Unknown,Pomona,06-037-1701,AQS
1999-06-21,47,Unknown,Pomona,06-037-1701,AQS
1999-06-22,64,Unknown,Pomona,06-037-1701,AQS
1999-06-23,84,Unknown,Pomona,06-037-1701,AQS
1999-06-24,99,Unknown,Pomona,06-037-1701,AQS
1999-06-25,66,Unknown,Pomona,06-037-1701,AQS
1999-06-26,55,Unknown,Pomona,06-037-1701,AQS
1999-06-27,47,Unknown,Azusa,06-037-0002,AQS
1999-06-28,69,Unknown,Pomona,06-037-1701,AQS
1999-06-29,82,Unknown,Pomona,06-037-1701,AQS
1999-06-30,79,Unknown,Pomona,06-037-1701,AQS
1999-07-01,63,Unknown,Pomona,06-037-1701,AQS
1999-07-02,52,Unknown,Los Angeles-North Main Street,06-037-1103,AQS
1999-07-03,52,Unknown,Los Angeles-North Main Street,06-037-1103,AQS
1999-07-04,53,Unknown,Pomona,06-037-1701,AQS
1999-07-05,68,Unknown,Azusa,06-037-0002,AQS
1999-07-06,86,Unknown,Pomona,06-037-1701,AQS
1999-07-07,72,Unknown,Pomona,06-037-1701,AQS
1999-07-08,79,Unknown,Pomona,06-037-1701,AQS
1999-07-09,95,Unknown,Pomona,06-037-1701,AQS
1999-07-10,68,Unknown,Azusa,06-037-0002,AQS
1999-07-11,85,Unknown,Pomona,06-037-1701,AQS
1999-07-12,101,Unknown,Pomona,06-037-1701,AQS
1999-07-13,87,Unknown,Pomona,06-037-1701,AQS
1999-07-14,84,Unknown,Pomona,06-037-1701,AQS
1999-07-15,68,Unknown,Azusa,06-037-0002,AQS
1999-07-16,70,Unknown,Pomona,06-037-1701,AQS
1999-07-17,68,Unknown,Azusa,06-037-0002,AQS
1999-07-18,68,Unknown,Azusa,06-037-0002,AQS
1999-07-19,68,Unknown,Azusa,06-037-0002,AQS
1999-07-20,78,Unknown,Pomona,06-037-1701,AQS
1999-07-21,78,Unknown,Pomona,06-037-1701,AQS
1999-07-22,83,Unknown,Los Angeles-North Main Street,06-037-1103,AQS
1999-07-23,103,Unknown,Pasadena,06-037-2005,AQS
1999-07-24,77,Unknown,Pomona,06-037-1701,AQS
1999-07-25,48,Unknown,Pomona,06-037-1701,AQS
1999-07-26,69,Unknown,Pomona,06-037-1701,AQS
1999-07-27,68,Unknown,Pomona,06-037-1701,AQS
1999-07-28,69,Unknown,Pomona,06-037-1701,AQS
1999-07-29,98,Unknown,Pomona,06-037-1701,AQS
1999-07-30,88,Unknown,Pomona,06-037-1701,AQS
1999-07-31,71,Unknown,Pomona,06-037-1701,AQS
1999-08-01,72,Unknown,Pomona,06-037-1701,AQS
1999-08-02,103,Unknown,Los Angeles-North Main Street,06-037-1103,AQS
1999-08-03,103,Unknown,Burbank,06-037-1002,AQS
1999-08-04,94,Unknown,Pomona,06-037-1701,AQS
1999-08-05,79,Unknown,Not Available,06-037-1601,AQS
1999-08-06,79,Unknown,Not Available,06-037-1601,AQS
1999-08-07,79,Unknown,Not Available,06-037-1601,AQS
1999-08-08,79,Unknown,Not Available,06-037-1601,AQS
1999-08-09,79,Unknown,Not Available,06-037-1601,AQS
1999-08-10,79,Unknown,Not Available,06-037-1601,AQS
1999-08-11,79,Unknown,Not Available,06-037-1601,AQS
1999-08-12,99,Unknown,Burbank,06-037-1002,AQS
1999-08-13,105,Unknown,Burbank,06-037-1002,AQS
1999-08-14,72,Unknown,Pomona,06-037-1701,AQS
1999-08-15,73,Unknown,Pomona,06-037-1701,AQS
1999-08-16,103,Unknown,Pomona,06-037-1701,AQS
1999-08-17,108,Unknown,Pasadena,06-037-2005,AQS
1999-08-18,101,Unknown,Burbank,06-037-1002,AQS
1999-08-19,104,Unknown,Burbank,06-037-1002,AQS
1999-08-20,102,Unknown,Pasadena,06-037-2005,AQS
1999-08-21,102,Unknown,Pomona,06-037-1701,AQS
1999-08-22,68,Unknown,Burbank,06-037-1002,AQS
1999-08-23,108,Unknown,Pomona,06-037-1701,AQS
1999-08-24,106,Unknown,Pomona,06-037-1701,AQS
1999-08-25,108,Unknown,Burbank,06-037-1002,AQS
1999-08-26,109,Unknown,Pomona,06-037-1701,AQS
1999-08-27,106,Unknown,Pomona,06-037-1701,AQS
1999-08-28,103,Unknown,Burbank,06-037-1002,AQS
1999-08-29,101,Unknown,Pomona,06-037-1701,AQS
1999-08-30,96,Unknown,Pomona,06-037-1701,AQS
1999-08-31,91,Unknown,Pomona,06-037-1701,AQS
1999-09-01,43,Unknown,Pomona,06-037-1701,AQS
1999-09-02,48,Unknown,Burbank,06-037-1002,AQS
1999-09-03,45,Unknown,Pomona,06-037-1701,AQS
1999-09-04,51,Unknown,Pomona,06-037-1701,AQS
1999-09-05,49,Unknown,Pomona,06-037-1701,AQS
1999-09-06,72,Unknown,Pomona,06-037-1701,AQS
1999-09-07,80,Unknown,Pomona,06-037-1701,AQS
1999-09-08,105,Unknown,Pasadena,06-037-2005,AQS
1999-09-09,101,Unknown,Los Angeles-North Main Street,06-037-1103,AQS
1999-09-10,97,Unknown,Pomona,06-037-1701,AQS
1999-09-11,97,Unknown,Pomona,06-037-1701,AQS
1999-09-12,97,Unknown,Pomona,06-037-1701,AQS
1999-09-13,101,Unknown,Pasadena,06-037-2005,AQS
1999-09-14,102,Unknown,Burbank,06-037-1002,AQS
1999-09-15,97,Unknown,Pomona,06-037-1701,AQS
1999-09-16,80,Unknown,Burbank,06-037-1002,AQS
1999-09-17,76,Unknown,Burbank,06-037-1002,AQS
1999-09-18,57,Unknown,Burbank,06-037-1002,AQS
1999-09-19,57,Unknown,Burbank,06-037-1002,AQS
1999-09-20,103,Unknown,Pomona,06-037-1701,AQS
1999-09-21,111,Unknown,Not Available,06-037-1601,AQS
1999-09-22,101,Unknown,Burbank,06-037-1002,AQS
1999-09-23,71,Unknown,Pomona,06-037-1701,AQS
1999-09-24,89,Unknown,Burbank,06-037-1002,AQS
1999-09-25,84,Unknown,Pomona,06-037-1701,AQS
1999-09-26,61,Unknown,Azusa,06-037-0002,AQS
1999-09-27,73,Unknown,Burbank,06-037-1002,AQS
1999-09-28,105,Unknown,Pomona,06-037-1701,AQS
1999-09-29,107,Unknown,West Los Angeles,06-037-0113,AQS
1999-09-30,105,Unknown,Burbank,06-037-1002,AQS
1999-10-01,102,Unknown,Not Available,06-037-1601,AQS
1999-10-02,77,Unknown,Pomona,06-037-1701,AQS
1999-10-03,74,Unknown,Pomona,06-037-1701,AQS
1999-10-04,104,Unknown,Pomona,06-037-1701,AQS
1999-10-05,104,Unknown,Pomona,06-037-1701,AQS
1999-10-06,51,Unknown,Pomona,06-037-1701,AQS
1999-10-07,101,Unknown,Burbank,06-037-1002,AQS
1999-10-08,103,Unknown,Hawthorne,06-037-5001,AQS
1999-10-09,105,Unknown,Pomona,06-037-1701,AQS
1999-10-10,107,Unknown,Long Beach (North),06-037-4002,AQS
1999-10-11,114,Unknown,Los Angeles-North Main Street,06-037-1103,AQS
1999-10-12,109,Unknown,Los Angeles-North Main Street,06-037-1103,AQS
1999-10-13,122,Unknown,Los Angeles-North Main Street,06-037-1103,AQS
1999-10-14,110,Unknown,Burbank,06-037-1002,AQS
1999-10-15,79,Unknown,Azusa,06-037-0002,AQS
1999-10-16,67,Unknown,Pomona,06-037-1701,AQS
1999-10-17,89,Unknown,Pomona,06-037-1701,AQS
1999-10-18,105,Unknown,Burbank,06-037-1002,AQS
1999-10-19,107,Unknown,Long Beach (North),06-037-4002,AQS
1999-10-20,111,Unknown,Burbank,06-037-1002,AQS
1999-10-21,102,Unknown,Burbank,06-037-1002,AQS
1999-10-22,109,Unknown,Los Angeles-North Main Street,06-037-1103,AQS
1999-10-23,116,Unknown,Lynwood,06-037-1301,AQS
1999-10-24,103,Unknown,Lynwood,06-037-1301,AQS
1999-10-25,106,Unknown,Long Beach (North),06-037-4002,AQS
1999-10-26,106,Unknown,Los Angeles-North Main Street,06-037-1103,AQS
1999-10-27,106,Unknown,Los Angeles-North Main Street,06-037-1103,AQS
1999-10-28,94,Unknown,Pomona,06-037-1701,AQS
1999-10-29,104,Unknown,Burbank,06-037-1002,AQS
1999-10-30,101,Unknown,Burbank,06-037-1002,AQS
1999-10-31,84,Unknown,Pomona,06-037-1701,AQS
1999-11-01,107,Unknown,Lynwood,06-037-1301,AQS
1999-11-02,111,Unknown,Azusa,06-037-0002,AQS
1999-11-03,113,Unknown,Pomona,06-037-1701,AQS
1999-11-04,105,Unknown,Burbank,06-037-1002,AQS
1999-11-05,102,Unknown,Burbank,06-037-1002,AQS
1999-11-06,99,Unknown,Pomona,06-037-1701,AQS
1999-11-07,47,Unknown,Not Available,06-037-1601,AQS
1999-11-08,47,Unknown,Burbank,06-037-1002,AQS
1999-11-09,72,Unknown,Burbank,06-037-1002,AQS
1999-11-10,103,Unknown,Azusa,06-037-0002,AQS
1999-11-11,106,Unknown,La Habra,06-059-5001,AQS
1999-11-12,113,Unknown,La Habra,06-059-5001,AQS
1999-11-13,108,Unknown,Pomona,06-037-1701,AQS
1999-11-14,110,Unknown,Pomona,06-037-1701,AQS
1999-11-15,110,Unknown,Pomona,06-037-1701,AQS
1999-11-16,110,Unknown,Pomona,06-037-1701,AQS
1999-11-17,110,Unknown,Pomona,06-037-1701,AQS
1999-11-18,52,Unknown,Burbank,06-037-1002,AQS
1999-11-19,74,Unknown,Pomona,06-037-1701,AQS
1999-11-20,61,Unknown,Burbank,06-037-1002,AQS
1999-11-21,44,Unknown,Lynwood,06-037-1301,AQS
1999-11-22,72,Unknown,Lynwood,06-037-1301,AQS
1999-11-23,70,Unknown,Pomona,06-037-1701,AQS
1999-11-24,106,Unknown,Burbank,06-037-1002,AQS
1999-11-25,68,Unknown,Pomona,06-037-1701,AQS
1999-11-26,98,Unknown,Burbank,06-037-1002,AQS
1999-11-27,88,Unknown,West Los Angeles,06-037-0113,AQS
1999-11-28,96,Unknown,Burbank,06-037-1002,AQS
1999-11-29,105,Unknown,Lynwood,06-037-1301,AQS
1999-11-30,106,Unknown,La Habra,06-059-5001,AQS
1999-12-01,60,Unknown,Pomona,06-037-1701,AQS
1999-12-02,100,Unknown,Pomona,06-037-1701,AQS
1999-12-03,76,Unknown,Burbank,06-037-1002,AQS
1999-12-04,81,Unknown,Hawthorne,06-037-5001,AQS
1999-12-05,60,Unknown,Pomona,06-037-1701,AQS
1999-12-06,95,Unknown,Pomona,06-037-1701,AQS
1999-12-07,102,Unknown,Los Angeles-North Main Street,06-037-1103,AQS
1999-12-08,72,Unknown,Lynwood,06-037-1301,AQS
1999-12-09,76,Unknown,Pomona,06-037-1701,AQS
1999-12-10,66,Unknown,Lynwood,06-037-1301,AQS
1999-12-11,72,Unknown,Lynwood,06-037-1301,AQS
1999-12-12,72,Unknown,Lynwood,06-037-1301,AQS
1999-12-13,94,Unknown,Hawthorne,06-037-5001,AQS
1999-12-14,102,Unknown,Pasadena,06-037-2005,AQS
1999-12-15,116,Unknown,Burbank,06-037-1002,AQS
1999-12-16,107,Unknown,Pasadena,06-037-2005,AQS
1999-12-17,106,Unknown,Long Beach (North),06-037-4002,AQS
1999-12-18,110,Unknown,Long Beach (North),06-037-4002,AQS
1999-12-19,106,Unknown,Hawthorne,06-037-5001,AQS
1999-12-20,107,Unknown,Burbank,06-037-1002,AQS
1999-12-21,103,Unknown,Los Angeles-North Main Street,06-037-1103,AQS
1999-12-22,73,Unknown,Los Angeles-North Main Street,06-037-1103,AQS
1999-12-23,103,Unknown,Hawthorne,06-037-5001,AQS
1999-12-24,82,Unknown,Lynwood,06-037-1301,AQS
1999-12-25,64,Unknown,Hawthorne,06-037-5001,AQS
1999-12-26,63,Unknown,Los Angeles-North Main Street,06-037-1103,AQS
1999-12-27,108,Unknown,Burbank,06-037-1002,AQS
1999-12-28,80,Unknown,Burbank,06-037-1002,AQS
1999-12-29,89,Unknown,Lynwood,06-037-1301,AQS
1999-12-30,103,Unknown,Burbank,06-037-1002,AQS
1999-12-31,66,Unknown,Pomona,06-037-1701,AQS
2000-01-01,43,Unknown,Hawthorne,06-037-5001,AQS
2000-01-02,43,Unknown,Long Beach (North),06-037-4002,AQS
2000-01-03,71,Unknown,Burbank,06-037-1002,AQS
2000-01-04,100,Unknown,Costa Mesa,06-059-1003,AQS
2000-01-05,109,Unknown,Burbank,06-037-1002,AQS
2000-01-06,102,Unknown,Los Angeles-North Main Street,06-037-1103,AQS
2000-01-07,105,Unknown,Burbank,06-037-1002,AQS
2000-01-08,83,Unknown,Hawthorne,06-037-5001,AQS
2000-01-09,96,Unknown,Azusa,06-037-0002,AQS
2000-01-10,101,Unknown,Not Available,06-037-1601,AQS
2000-01-11,103,Unknown,Pomona,06-037-1701,AQS
2000-01-12,95,Unknown,Pasadena,06-037-2005,AQS
2000-01-13,101,Unknown,Costa Mesa,06-059-1003,AQS
2000-01-14,106,Unknown,Long Beach (North),06-037-4002,AQS
2000-01-15,82,Unknown,Burbank,06-037-1002,AQS
2000-01-16,71,Unknown,Pomona,06-037-1701,AQS
2000-01-17,84,Unknown,Long Beach (North),06-037-4002,AQS
2000-01-18,72,Unknown,Pomona,06-037-1701,AQS
2000-01-19,81,Unknown,Pomona,06-037-1701,AQS
2000-01-20,62,Unknown,Azusa,06-037-0002,AQS
2000-01-21,52,Unknown,Pomona,06-037-1701,AQS
2000-01-22,54,Unknown,Pomona,06-037-1701,AQS
2000-01-23,77,Unknown,Lynwood,06-037-1301,AQS
2000-01-24,104,Unknown,Long Beach (North),06-037-4002,AQS
2000-01-25,42,Unknown,Lynwood,06-037-1301,AQS
2000-01-26,44,Unknown,Lynwood,06-037-1301,AQS
2000-01-27,74,Unknown,Azusa,06-037-0002,AQS
2000-01-28,90,Unknown,Los Angeles-North Main Street,06-037-1103,AQS
2000-01-29,81,Unknown,Los Angeles-North Main Street,06-037-1103,AQS
2000-01-30,42,Unknown,Burbank,06-037-1002,AQS
2000-01-31,47,Unknown,Burbank,06-037-1002,AQS
2000-02-01,68,Unknown,La Habra,06-059-5001,AQS
2000-02-02,63,Unknown,Long Beach (North),06-037-4002,AQS
2000-02-03,79,Unknown,Hawthorne,06-037-5001,AQS
2000-02-04,62,Unknown,Pomona,06-037-1701,AQS
2000-02-05,56,Unknown,Burbank,06-037-1002,AQS
2000-02-06,74,Unknown,Pomona,06-037-1701,AQS
2000-02-07,95,Unknown,Long Beach (North),06-037-4002,AQS
2000-02-08,102,Unknown,Azusa,06-037-0002,AQS
2000-02-09,77,Unknown,Pomona,06-037-1701,AQS
2000-02-10,70,Unknown,Los Angeles-North Main Street,06-037-1103,AQS
2000-02-11,49,Unknown,Los Angeles-North Main Street,06-037-1103,AQS
2000-02-12,37,Unknown,Los Angeles-North Main Street,06-037-1103,AQS
2000-02-13,35,Unknown,Los Angeles-North Main Street,06-037-1103,AQS
2000-02-14,32,Unknown,Azusa,06-037-0002,AQS
2000-02-15,49,Unknown,Azusa,06-037-0002,AQS
2000-02-16,43,Unknown,Long Beach (North),06-037-4002,AQS
2000-02-17,60,Unknown,Los Angeles-North Main Street,06-037-1103,AQS
2000-02-18,62,Unknown,Lynwood,06-037-1301,AQS
2000-02-19,62,Unknown,Burbank,06-037-1002,AQS
2000-02-20,45,Unknown,Los Angeles-North Main Street,06-037-1103,AQS
2000-02-21,43,Unknown,Hawthorne,06-037-5001,AQS
2000-02-22,46,Unknown,Hawthorne,06-037-5001,AQS
2000-02-23,43,Unknown,Hawthorne,06-037-5001,AQS
2000-02-24,64,Unknown,Lynwood,06-037-1301,AQS
2000-02-25,47,Unknown,Los Angeles-North Main Street,06-037-1103,AQS
2000-02-26,62,Unknown,Burbank,06-037-1002,AQS
2000-02-27,43,Unknown,Burbank,06-037-1002,AQS
2000-02-28,47,Unknown,Lynwood,06-037-1301,AQS
2000-02-29,61,Unknown,Long Beach (North),06-037-4002,AQS
2000-03-01,57,Unknown,Long Beach (North),06-037-4002,AQS
2000-03-02,78,Unknown,Lynwood,06-037-1301,AQS
2000-03-03,47,Unknown,Azusa,06-037-0002,AQS
2000-03-04,45,Unknown,Lynwood,06-037-1301,AQS
2000-03-05,40,Unknown,Burbank,06-037-1002,AQS
2000-03-06,48,Unknown,Hawthorne,06-037-5001,AQS
2000-03-07,47,Unknown,Burbank,06-037-1002,AQS
2000-03-08,47,Unknown,Costa Mesa,06-059-1003,AQS
2000-03-09,48,Unknown,Hawthorne,06-037-5001,AQS
2000-03-10,67,Unknown,Pomona,06-037-1701,AQS
2000-03-11,70,Unknown,Costa Mesa,06-059-1003,AQS
2000-03-12,76,Unknown,Burbank,06-037-1002,AQS
2000-03-13,67,Unknown,Burbank,06-037-1002,AQS
2000-03-14,105,Unknown,Pasadena,06-037-2005,AQS
2000-03-15,89,Unknown,Glendora,06-037-0016,AQS
2000-03-16,89,Unknown,Glendora,06-037-0016,AQS
2000-03-17,89,Unknown,Glendora,06-037-0016,AQS
2000-03-18,101,Unknown,Burbank,06-037-1002,AQS
2000-03-19,95,Unknown,Burbank,06-037-1002,AQS
2000-03-20,46,Unknown,Pomona,06-037-1701,AQS
2000-03-21,58,Unknown,Lynwood,06-037-1301,AQS
2000-03-22,67,Unknown,Pomona,06-037-1701,AQS
2000-03-23,73,Unknown,Pomona,06-037-1701,AQS
2000-03-24,84,Unknown,Los Angeles-North Main Street,06-037-1103,AQS
2000-03-25,50,Unknown,Pomona,06-037-1701,AQS
2000-03-26,67,Unknown,Pomona,06-037-1701,AQS
2000-03-27,54,Unknown,Pomona,06-037-1701,AQS
2000-03-28,46,Unknown,Los Angeles-North Main Street,06-037-1103,AQS
2000-03-29,52,Unknown,Pomona,06-037-1701,AQS
2000-03-30,63,Unknown,Pomona,06-037-1701,AQS
2000-03-31,90,Unknown,Lynwood,06-037-1301,AQS
2000-04-01,74,Unknown,Long Beach (North),06-037-4002,AQS
2000-04-02,74,Unknown,Long Beach (North),06-037-4002,AQS
2000-04-03,74,Unknown,Long Beach (North),06-037-4002,AQS
2000-04-04,103,Unknown,Azusa,06-037-0002,AQS
2000-04-05,58,Unknown,Pomona,06-037-1701,AQS
2000-04-06,51,Unknown,Azusa,06-037-0002,AQS
2000-04-07,81,Unknown,Pomona,06-037-1701,AQS
2000-04-08,99,Unknown,Los Angeles-North Main Street,06-037-1103,AQS
2000-04-09,47,Unknown,Los Angeles-North Main Street,06-037-1103,AQS
2000-04-10,64,Unknown,Azusa,06-037-0002,AQS
2000-04-11,102,Unknown,Los Angeles-North Main Street,06-037-1103,AQS
2000-04-12,105,Unknown,Los Angeles-North Main Street,06-037-1103,AQS
2000-04-13,97,Unknown,Pomona,06-037-1701,AQS
2000-04-14,85,Unknown,Pasadena,06-037-2005,AQS
2000-04-15,85,Unknown,Pasadena,06-037-2005,AQS
2000-04-16,85,Unknown,Pasadena,06-037-2005,AQS
2000-04-17,85,Unknown,Pasadena,06-037-2005,AQS
2000-04-18,85,Unknown,Pasadena,06-037-2005,AQS
2000-04-19,60,Unknown,Pomona,06-037-1701,AQS
2000-04-20,78,Unknown,Hawthorne,06-037-5001,AQS
2000-04-21,57,Unknown,Burbank,06-037-1002,AQS
2000-04-22,44,Unknown,Los Angeles-North Main Street,06-037-1103,AQS
2000-04-23,42,Unknown,Burbank,06-037-1002,AQS
2000-04-24,77,Unknown,Pomona,06-037-1701,AQS
2000-04-25,101,Unknown,Los Angeles-North Main Street,06-037-1103,AQS
2000-04-26,102,Unknown,Burbank,06-037-1002,AQS
2000-04-27,101,Unknown,Los Angeles-North Main Street,06-037-1103,AQS
2000-04-28,49,Unknown,Los Angeles-North Main Street,06-037-1103,AQS
2000-04-29,72,Unknown,Pomona,06-037-1701,AQS
2000-04-30,80,Unknown,Pomona,06-037-1701,AQS
2000-05-01,89,Unknown,Burbank,06-037-1002,AQS
2000-05-02,84,Unknown,Los Angeles-North Main Street,06-037-1103,AQS
2000-05-03,71,Unknown,Burbank,06-037-1002,AQS
2000-05-04,58,Unknown,Pomona,06-037-1701,AQS
2000-05-05,61,Unknown,Lynwood,06-037-1301,AQS
2000-05-06,52,Unknown,Burbank,06-037-1002,AQS
2000-05-07,54,Unknown,Burbank,06-037-1002,AQS
2000-05-08,39,Unknown,Pomona,06-037-1701,AQS
2000-05-09,61,Unknown,Pomona,06-037-1701,AQS
2000-05-10,49,Unknown,Burbank,06-037-1002,AQS
2000-05-11,61,Unknown,Not Available,06-037-1601,AQS
2000-05-12,79,Unknown,Not Available,06-037-1601,AQS
2000-05-13,74,Unknown,Pomona,06-037-1701,AQS
2000-05-14,64,Unknown,Pomona,06-037-1701,AQS
2000-05-15,67,Unknown,Los Angeles-North Main Street,06-037-1103,AQS
2000-05-16,42,Unknown,Burbank,06-037-1002,AQS
2000-05-17,53,Unknown,Burbank,06-037-1002,AQS
2000-05-18,68,Unknown,Los Angeles-North Main Street,06-037-1103,AQS
2000-05-19,100,Unknown,Los Angeles-North Main Street,06-037-1103,AQS
2000-05-20,101,Unknown,Los Angeles-North Main Street,06-037-1103,AQS
2000-05-21,79,Unknown,Pomona,06-037-1701,AQS
2000-05-22,89,Unknown,Pomona,06-037-1701,AQS
2000-05-23,53,Unknown,Burbank,06-037-1002,AQS
2000-05-24,46,Unknown,Glendora,06-037-0016,AQS
2000-05-25,46,Unknown,Glendora,06-037-0016,AQS
2000-05-26,62,Unknown,Burbank,06-037-1002,AQS
2000-05-27,99,Unknown,Not Available,06-037-1601,AQS
2000-05-28,72,Unknown,Lynwood,06-037-1301,AQS
2000-05-29,62,Unknown,Pomona,06-037-1701,AQS
2000-05-30,48,Unknown,Pomona,06-037-1701,AQS
2000-05-31,51,Unknown,Burbank,06-037-1002,AQS
2000-06-01,72,Unknown,Burbank,06-037-1002,AQS
2000-06-02,73,Unknown,Burbank,06-037-1002,AQS
2000-06-03,78,Unknown,Pomona,06-037-1701,AQS
2000-06-04,70,Unknown,Pomona,06-037-1701,AQS
2000-06-05,68,Unknown,Burbank,06-037-1002,AQS
2000-06-06,103,Unknown,Glendora,06-037-0016,AQS
2000-06-07,99,Unknown,Glendora,06-037-0016,AQS
2000-06-08,41,Unknown,Los Angeles-North Main Street,06-037-1103,AQS
2000-06-09,50,Unknown,Pomona,06-037-1701,AQS
2000-06-10,49,Unknown,Not Available,06-037-1601,AQS
2000-06-11,50,Unknown,Burbank,06-037-1002,AQS
2000-06-12,85,Unknown,Los Angeles-North Main Street,06-037-1103,AQS
2000-06-13,98,Unknown,Glendora,06-037-0016,AQS
2000-06-14,83,Unknown,Glendora,06-037-0016,AQS
2000-06-15,65,Unknown,Glendora,06-037-0016,AQS
2000-06-16,49,Unknown,Glendora,06-037-0016,AQS
2000-06-17,41,Unknown,Pomona,06-037-1701,AQS
2000-06-18,36,Unknown,Glendora,06-037-0016,AQS
2000-06-19,45,Unknown,Pomona,06-037-1701,AQS
2000-06-20,58,Unknown,Pomona,06-037-1701,AQS
2000-06-21,78,Unknown,Pomona,06-037-1701,AQS
2000-06-22,86,Unknown,Glendora,06-037-0016,AQS
2000-06-23,44,Unknown,Burbank,06-037-1002,AQS
2000-06-24,49,Unknown,Pomona,06-037-1701,AQS
2000-06-25,56,Unknown,Pomona,06-037-1701,AQS
2000-06-26,71,Unknown,Burbank,06-037-1002,AQS
2000-06-27,103,Unknown,Glendora,06-037-0016,AQS
2000-06-28,90,Unknown,Glendora,06-037-0016,AQS
2000-06-29,60,Unknown,Pomona,06-037-1701,AQS
2000-06-30,52,Unknown,Glendora,06-037-0016,AQS
2000-07-01,52,Unknown,Glendora,06-037-0016,AQS
2000-07-02,40,Unknown,Azusa,06-037-0002,AQS
2000-07-03,43,Unknown,Pomona,06-037-1701,AQS
2000-07-04,46,Unknown,Pomona,06-037-1701,AQS
2000-07-05,60,Unknown,Pomona,06-037-1701,AQS
2000-07-06,64,Unknown,Glendora,06-037-0016,AQS
2000-07-07,60,Unknown,Glendora,06-037-0016,AQS
2000-07-08,40,Unknown,Pomona,06-037-1701,AQS
2000-07-09,41,Unknown,Pomona,06-037-1701,AQS
2000-07-10,43,Unknown,Pomona,06-037-1701,AQS
2000-07-11,54,Unknown,Pomona,06-037-1701,AQS
2000-07-12,50,Unknown,Pomona,06-037-1701,AQS
2000-07-13,63,Unknown,Not Available,06-037-1601,AQS
2000-07-14,101,Unknown,Burbank,06-037-1002,AQS
2000-07-15,72,Unknown,Glendora,06-037-0016,AQS
2000-07-16,48,Unknown,Pomona,06-037-1701,AQS
2000-07-17,79,Unknown,Glendora,06-037-0016,AQS
2000-07-18,107,Unknown,Pasadena,06-037-2005,AQS
2000-07-19,109,Unknown,Pasadena,06-037-2005,AQS
2000-07-20,102,Unknown,Pomona,06-037-1701,AQS
2000-07-21,83,Unknown,Lynwood,06-037-1301,AQS
2000-07-22,80,Unknown,Glendora,06-037-0016,AQS
2000-07-23,100,Unknown,Not Available,06-037-1601,AQS
2000-07-24,100,Unknown,Not Available,06-037-1601,AQS
2000-07-25,106,Unknown,Glendora,06-037-0016,AQS
2000-07-26,71,Unknown,Burbank,06-037-1002,AQS
2000-07-27,99,Unknown,Pomona,06-037-1701,AQS
2000-07-28,102,Unknown,Glendora,06-037-0016,AQS
2000-07-29,69,Unknown,Pomona,06-037-1701,AQS
2000-07-30,68,Unknown,Pomona,06-037-1701,AQS
2000-07-31,67,Unknown,Glendora,06-037-0016,AQS
2000-08-01,105,Unknown,Glendora,06-037-0016,AQS
2000-08-02,94,Unknown,Glendora,06-037-0016,AQS
2000-08-03,102,Unknown,Glendora,06-037-0016,AQS
2000-08-04,74,Unknown,Pomona,06-037-1701,AQS
2000-08-05,71,Unknown,Pomona,06-037-1701,AQS
2000-08-06,72,Unknown,Pomona,06-037-1701,AQS
2000-08-07,52,Unknown,Pomona,06-037-1701,AQS
2000-08-08,79,Unknown,Pomona,06-037-1701,AQS
2000-08-09,105,Unknown,Pomona,06-037-1701,AQS
2000-08-10,105,Unknown,Pasadena,06-037-2005,AQS
2000-08-11,102,Unknown,Pomona,06-037-1701,AQS
2000-08-12,96,Unknown,Pomona,06-037-1701,AQS
2000-08-13,84,Unknown,Pomona,06-037-1701,AQS
2000-08-14,103,Unknown,Los Angeles-North Main Street,06-037-1103,AQS
2000-08-15,103,Unknown,Los Angeles-North Main Street,06-037-1103,AQS
2000-08-16,103,Unknown,Los Angeles-North Main Street,06-037-1103,AQS
2000-08-17,103,Unknown,Los Angeles-North Main Street,06-037-1103,AQS
2000-08-18,103,Unknown,Los Angeles-North Main Street,06-037-1103,AQS
2000-08-19,79,Unknown,Los Angeles-North Main Street,06-037-1103,AQS
2000-08-20,60,Unknown,Pomona,06-037-1701,AQS
2000-08-21,60,Unknown,Burbank,06-037-1002,AQS
2000-08-22,60,Unknown,Los Angeles-North Main Street,06-037-1103,AQS
2000-08-23,78,Unknown,Pomona,06-037-1701,AQS
2000-08-24,79,Unknown,Pomona,06-037-1701,AQS
2000-08-25,84,Unknown,Pomona,06-037-1701,AQS
2000-08-26,78,Unknown,Pomona,06-037-1701,AQS
2000-08-27,47,Unknown,West Los Angeles,06-037-0113,AQS
2000-08-28,53,Unknown,Pomona,06-037-1701,AQS
2000-08-29,49,Unknown,Pomona,06-037-1701,AQS
2000-08-30,38,Unknown,Not Available,06-037-1601,AQS
2000-08-31,47,Unknown,Long Beach (North),06-037-4002,AQS
2000-09-01,38,Unknown,Pomona,06-037-1701,AQS
2000-09-02,28,Unknown,Pomona,06-037-1701,AQS
2000-09-03,41,Unknown,Pomona,06-037-1701,AQS
2000-09-04,47,Unknown,Pomona,06-037-1701,AQS
2000-09-05,77,Unknown,Los Angeles-North Main Street,06-037-1103,AQS
2000-09-06,105,Unknown,Long Beach (North),06-037-4002,AQS
2000-09-07,106,Unknown,Los Angeles-North Main Street,06-037-1103,AQS
2000-09-08,88,Unknown,Pomona,06-037-1701,AQS
2000-09-09,100,Unknown,Pomona,06-037-1701,AQS
2000-09-10,89,Unknown,Lynwood,06-037-1301,AQS
2000-09-11,103,Unknown,Lynwood,06-037-1301,AQS
2000-09-12,108,Unknown,Pomona,06-037-1701,AQS
2000-09-13,105,Unknown,Los Angeles-North Main Street,06-037-1103,AQS
2000-09-14,67,Unknown,Pomona,06-037-1701,AQS
2000-09-15,104,Unknown,Los Angeles-North Main Street,06-037-1103,AQS
2000-09-16,108,Unknown,Not Available,06-037-1601,AQS
2000-09-17,71,Unknown,Pomona,06-037-1701,AQS
2000-09-18,103,Unknown,Los Angeles-North Main Street,06-037-1103,AQS
2000-09-19,104,Unknown,Los Angeles-North Main Street,06-037-1103,AQS
2000-09-20,55,Unknown,Pomona,06-037-1701,AQS
2000-09-21,42,Unknown,Burbank,06-037-1002,AQS
2000-09-22,34,Unknown,Hawthorne,06-037-5001,AQS
2000-09-23,42,Unknown,Pomona,06-037-1701,AQS
2000-09-24,54,Unknown,Pomona,06-037-1701,AQS
2000-09-25,84,Unknown,Pomona,06-037-1701,AQS
2000-09-26,89,Unknown,Reseda,06-037-1201,AQS
2000-09-27,55,Unknown,Pomona,06-037-1701,AQS
2000-09-28,58,Unknown,Pomona,06-037-1701,AQS
2000-09-29,57,Unknown,Los Angeles-North Main Street,06-037-1103,AQS
2000-09-30,57,Unknown,Los Angeles-North Main Street,06-037-1103,AQS
2000-10-01,100,Unknown,Los Angeles-North Main Street,06-037-1103,AQS
2000-10-02,79,Unknown,Pomona,06-037-1701,AQS
2000-10-03,57,Unknown,Burbank,06-037-1002,AQS
2000-10-04,60,Unknown,Pasadena,06-037-2005,AQS
2000-10-05,64,Unknown,Pomona,06-037-1701,AQS
2000-10-06,57,Unknown,Pomona,06-037-1701,AQS
2000-10-07,47,Unknown,Pomona,06-037-1701,AQS
2000-10-08,53,Unknown,Pomona,06-037-1701,AQS
2000-10-09,76,Unknown,Pomona,06-037-1701,AQS
2000-10-10,40,Unknown,Pomona,06-037-1701,AQS
2000-10-11,42,Unknown,Pomona,06-037-1701,AQS
2000-10-12,46,Unknown,Hawthorne,06-037-5001,AQS
2000-10-13,66,Unknown,Long Beach (North),06-037-4002,AQS
2000-10-14,74,Unknown,Pomona,06-037-1701,AQS
2000-10-15,68,Unknown,Pomona,06-037-1701,AQS
2000-10-16,105,Unknown,Lynwood,06-037-1301,AQS
2000-10-17,109,Unknown,Lynwood,06-037-1301,AQS
2000-10-18,103,Unknown,Pomona,06-037-1701,AQS
2000-10-19,103,Unknown,Pomona,06-037-1701,AQS
2000-10-20,106,Unknown,Burbank,06-037-1002,AQS
2000-10-21,54,Unknown,Lynwood,06-037-1301,AQS
2000-10-22,64,Unknown,Azusa,06-037-0002,AQS
2000-10-23,73,Unknown,Lynwood,06-037-1301,AQS
2000-10-24,53,Unknown,Los Angeles-North Main Street,06-037-1103,AQS
2000-10-25,70,Unknown,Los Angeles-North Main Street,06-037-1103,AQS
2000-10-26,49,Unknown,Glendora,06-037-0016,AQS
2000-10-27,49,Unknown,Glendora,06-037-0016,AQS
2000-10-28,40,Unknown,Los Angeles-North Main Street,06-037-1103,AQS
2000-10-29,39,Unknown,Burbank,06-037-1002,AQS
2000-10-30,42,Unknown,Anaheim (1010 Harbor Blvd),06-059-0001,AQS
2000-10-31,49,Unknown,Pomona,06-037-1701,AQS
2000-11-01,66,Unknown,Azusa,06-037-0002,AQS
2000-11-02,73,Unknown,Los Angeles-North Main Street,06-037-1103,AQS
2000-11-03,73,Unknown,Not Available,06-037-1601,AQS
2000-11-04,65,Unknown,Long Beach (North),06-037-4002,AQS
2000-11-05,54,Unknown,Azusa,06-037-0002,AQS
2000-11-06,51,Unknown,Los Angeles-North Main Street,06-037-1103,AQS
2000-11-07,68,Unknown,Los Angeles-North Main Street,06-037-1103,AQS
2000-11-08,57,Unknown,Los Angeles-North Main Street,06-037-1103,AQS
2000-11-09,47,Unknown,West Los Angeles,06-037-0113,AQS
2000-11-10,50,Unknown,Lynwood,06-037-1301,AQS
2000-11-11,41,Unknown,Los Angeles-North Main Street,06-037-1103,AQS
2000-11-12,46,Unknown,Hawthorne,06-037-5001,AQS
2000-11-13,57,Unknown,Azusa,06-037-0002,AQS
2000-11-14,69,Unknown,Burbank,06-037-1002,AQS
2000-11-15,64,Unknown,Burbank,06-037-1002,AQS
2000-11-16,66,Unknown,Los Angeles-North Main Street,06-037-1103,AQS
2000-11-17,86,Unknown,Los Angeles-North Main Street,06-037-1103,AQS
2000-11-18,68,Unknown,Los Angeles-North Main Street,06-037-1103,AQS
2000-11-19,71,Unknown,Los Angeles-North Main Street,06-037-1103,AQS
2000-11-20,109,Unknown,Burbank,06-037-1002,AQS
2000-11-21,97,Unknown,West Los Angeles,06-037-0113,AQS
2000-11-22,57,Unknown,Pomona,06-037-1701,AQS
2000-11-23,56,Unknown,Reseda,06-037-1201,AQS
2000-11-24,94,Unknown,Hawthorne,06-037-5001,AQS
2000-11-25,106,Unknown,Hawthorne,06-037-5001,AQS
2000-11-26,98,Unknown,Not Available,06-037-1601,AQS
2000-11-27,107,Unknown,Burbank,06-037-1002,AQS
2000-11-28,113,Unknown,West Los Angeles,06-037-0113,AQS
2000-11-29,91,Unknown,Burbank,06-037-1002,AQS
2000-11-30,101,Unknown,Burbank,06-037-1002,AQS
2000-12-01,112,Unknown,Burbank,06-037-1002,AQS
2000-12-02,111,Unknown,Azusa,06-037-0002,AQS
2000-12-03,102,Unknown,Los Angeles-North Main Street,06-037-1103,AQS
2000-12-04,98,Unknown,Burbank,06-037-1002,AQS
2000-12-05,105,Unknown,Anaheim (1010 Harbor Blvd),06-059-0001,AQS
2000-12-06,108,Unknown,Anaheim (1010 Harbor Blvd),06-059-0001,AQS
2000-12-07,98,Unknown,Pomona,06-037-1701,AQS
2000-12-08,43,Unknown,Lancaster-Ponderosa St.,06-037-9002,AQS
2000-12-09,43,Unknown,Lancaster-Ponderosa St.,06-037-9002,AQS
2000-12-10,39,Unknown,Long Beach (North),06-037-4002,AQS
2000-12-11,55,Unknown,Lynwood,06-037-1301,AQS
2000-12-12,44,Unknown,Long Beach (North),06-037-4002,AQS
2000-12-13,55,Unknown,Los Angeles-North Main Street,06-037-1103,AQS
2000-12-14,50,Unknown,Los Angeles-North Main Street,06-037-1103,AQS
2000-12-15,77,Unknown,Los Angeles-North Main Street,06-037-1103,AQS
2000-12-16,81,Unknown,Anaheim (1010 Harbor Blvd),06-059-0001,AQS
2000-12-17,80,Unknown,Los Angeles-North Main Street,06-037-1103,AQS
2000-12-18,113,Unknown,Burbank,06-037-1002,AQS
2000-12-19,98,Unknown,Los Angeles-North Main Street,06-037-1103,AQS
2000-12-20,96,Unknown,Burbank,06-037-1002,AQS
2000-12-21,115,Unknown,Pasadena,06-037-2005,AQS
2000-12-22,109,Unknown,West Los Angeles,06-037-0113,AQS
2000-12-23,110,Unknown,Los Angeles-North Main Street,06-037-1103,AQS
2000-12-24,107,Unknown,Azusa,06-037-0002,AQS
2000-12-25,84,Unknown,Los Angeles-North Main Street,06-037-1103,AQS
2000-12-26,108,Unknown,Burbank,06-037-1002,AQS
2000-12-27,80,Unknown,Los Angeles-North Main Street,06-037-1103,AQS
2000-12-28,102,Unknown,Los Angeles-North Main Street,06-037-1103,AQS
2000-12-29,108,Unknown,Long Beach (North),06-037-4002,AQS
2000-12-30,105,Unknown,Long Beach (North),06-037-4002,AQS
2000-12-31,101,Unknown,Hawthorne,06-037-5001,AQS
2001-01-01,91,Unknown,Los Angeles-North Main Street,06-037-1103,AQS
2001-01-02,104,Unknown,Los Angeles-North Main Street,06-037-1103,AQS
2001-01-03,100,Unknown,Los Angeles-North Main Street,06-037-1103,AQS
2001-01-04,81,Unknown,Burbank,06-037-1002,AQS
2001-01-05,100,Unknown,Not Available,06-037-1601,AQS
2001-01-06,101,Unknown,West Los Angeles,06-037-0113,AQS
2001-01-07,91,Unknown,Burbank,06-037-1002,AQS
2001-01-08,62,Unknown,Los Angeles-North Main Street,06-037-1103,AQS
2001-01-09,71,Unknown,Hawthorne,06-037-5001,AQS
2001-01-10,48,Unknown,Pomona,06-037-1701,AQS
2001-01-11,48,Unknown,Pomona,06-037-1701,AQS
2001-01-12,45,Unknown,Long Beach (North),06-037-4002,AQS
2001-01-13,48,Unknown,Azusa,06-037-0002,AQS
2001-01-14,52,Unknown,Long Beach (North),06-037-4002,AQS
2001-01-15,54,Unknown,Not Available,06-037-1601,AQS
2001-01-16,55,Unknown,Los Angeles-North Main Street,06-037-1103,AQS
2001-01-17,74,Unknown,Lynwood,06-037-1301,AQS
2001-01-18,79,Unknown,Long Beach (North),06-037-4002,AQS
2001-01-19,96,Unknown,Los Angeles-North Main Street,06-037-1103,AQS
2001-01-20,94,Unknown,Anaheim (1010 Harbor Blvd),06-059-0001,AQS
2001-01-21,74,Unknown,Costa Mesa,06-059-1003,AQS
2001-01-22,77,Unknown,La Habra,06-059-5001,AQS
2001-01-23,89,Unknown,Long Beach (North),06-037-4002,AQS
2001-01-24,68,Unknown,Not Available,06-037-1601,AQS
2001-01-25,68,Unknown,Not Available,06-037-1601,AQS
2001-01-26,68,Unknown,Not Available,06-037-1601,AQS
2001-01-27,47,Unknown,Long Beach (North),06-037-4002,AQS
2001-01-28,57,Unknown,Long Beach (North),06-037-4002,AQS
2001-01-29,55,Unknown,Los Angeles-North Main Street,06-037-1103,AQS
2001-01-30,66,Unknown,Los Angeles-North Main Street,06-037-1103,AQS
2001-01-31,73,Unknown,Lynwood,06-037-1301,AQS
2001-02-01,81,Unknown,Los Angeles-North Main Street,06-037-1103,AQS
2001-02-02,80,Unknown,Anaheim (1010 Harbor Blvd),06-059-0001,AQS
2001-02-03,94,Unknown,Not Available,06-037-1601,AQS
2001-02-04,64,Unknown,Los Angeles-North Main Street,06-037-1103,AQS
2001-02-05,86,Unknown,Hawthorne,06-037-5001,AQS
2001-02-06,79,Unknown,Los Angeles-North Main Street,06-037-1103,AQS
2001-02-07,47,Unknown,Burbank,06-037-1002,AQS
2001-02-08,78,Unknown,Hawthorne,06-037-5001,AQS
2001-02-09,53,Unknown,Pomona,06-037-1701,AQS
2001-02-10,47,Unknown,Burbank,06-037-1002,AQS
2001-02-11,47,Unknown,Burbank,06-037-1002,AQS
2001-02-12,47,Unknown,Burbank,06-037-1002,AQS
2001-02-13,47,Unknown,Burbank,06-037-1002,AQS
2001-02-14,51,Unknown,Long Beach (North),06-037-4002,AQS
2001-02-15,76,Unknown,Los Angeles-North Main Street,06-037-1103,AQS
2001-02-16,78,Unknown,Los Angeles-North Main Street,06-037-1103,AQS
2001-02-17,64,Unknown,Los Angeles-North Main Street,06-037-1103,AQS
2001-02-18,63,Unknown,Los Angeles-North Main Street,06-037-1103,AQS
2001-02-19,47,Unknown,Burbank,06-037-1002,AQS
2001-02-20,60,Unknown,Hawthorne,06-037-5001,AQS
2001-02-21,64,Unknown,Pomona,06-037-1701,AQS
2001-02-22,60,Unknown,Hawthorne,06-037-5001,AQS
2001-02-23,48,Unknown,Los Angeles-North Main Street,06-037-1103,AQS
2001-02-24,40,Unknown,Hawthorne,06-037-5001,AQS
2001-02-25,38,Unknown,Azusa,06-037-0002,AQS
2001-02-26,49,Unknown,Los Angeles-North Main Street,06-037-1103,AQS
2001-02-27,50,Unknown,Hawthorne,06-037-5001,AQS
2001-02-28,57,Unknown,Azusa,06-037-0002,AQS
2001-03-01,68,Unknown,Long Beach (North),06-037-4002,AQS
2001-03-02,68,Unknown,Long Beach (North),06-037-4002,AQS
2001-03-03,49,Unknown,Not Available,06-037-6002,AQS
2001-03-04,49,Unknown,Not Available,06-037-6002,AQS
2001-03-05,49,Unknown,Not Available,06-037-6002,AQS
2001-03-06,49,Unknown,Not Available,06-037-6002,AQS
2001-03-07,49,Unknown,Not Available,06-037-6002,AQS
2001-03-08,61,Unknown,Los Angeles-North Main Street,06-037-1103,AQS
2001-03-09,49,Unknown,Not Available,06-037-6002,AQS
2001-03-10,42,Unknown,Burbank,06-037-1002,AQS
2001-03-11,39,Unknown,Lynwood,06-037-1301,AQS
2001-03-12,62,Unknown,Azusa,06-037-0002,AQS
2001-03-13,66,Unknown,Pasadena,06-037-2005,AQS
2001-03-14,58,Unknown,Burbank,06-037-1002,AQS
2001-03-15,62,Unknown,Pomona,06-037-1701,AQS
2001-03-16,57,Unknown,Anaheim (1010 Harbor Blvd),06-059-0001,AQS
2001-03-17,76,Unknown,Burbank,06-037-1002,AQS
2001-03-18,88,Unknown,Los Angeles-North Main Street,06-037-1103,AQS
2001-03-19,103,Unknown,Long Beach (North),06-037-4002,AQS
2001-03-20,102,Unknown,Los Angeles-North Main Street,06-037-1103,AQS
2001-03-21,91,Unknown,Burbank,06-037-1002,AQS
2001-03-22,48,Unknown,Azusa,06-037-0002,AQS
2001-03-23,62,Unknown,Pomona,06-037-1701,AQS
2001-03-24,48,Unknown,Pasadena,06-037-2005,AQS
2001-03-25,37,Unknown,Burbank,06-037-1002,AQS
2001-03-26,57,Unknown,Los Angeles-North Main Street,06-037-1103,AQS
2001-03-27,79,Unknown,Burbank,06-037-1002,AQS
2001-03-28,60,Unknown,Reseda,06-037-1201,AQS
2001-03-29,89,Unknown,Long Beach (North),06-037-4002,AQS
2001-03-30,71,Unknown,Azusa,06-037-0002,AQS
2001-03-31,68,Unknown,Burbank,06-037-1002,AQS
2001-04-01,40,Unknown,Lynwood,06-037-1301,AQS
2001-04-02,46,Unknown,Lynwood,06-037-1301,AQS
2001-04-03,51,Unknown,Hawthorne,06-037-5001,AQS
2001-04-04,48,Unknown,Hawthorne,06-037-5001,AQS
2001-04-05,50,Unknown,Hawthorne,06-037-5001,AQS
2001-04-06,53,Unknown,Long Beach (North),06-037-4002,AQS
2001-04-07,42,Unknown,Lynwood,06-037-1301,AQS
2001-04-08,46,Unknown,Pomona,06-037-1701,AQS
2001-04-09,45,Unknown,Anaheim (1010 Harbor Blvd),06-059-0001,AQS
2001-04-10,46,Unknown,Lynwood,06-037-1301,AQS
2001-04-11,43,Unknown,Hawthorne,06-037-5001,AQS
2001-04-12,55,Unknown,Lynwood,06-037-1301,AQS
2001-04-13,81,Unknown,Long Beach (North),06-037-4002,AQS
2001-04-14,55,Unknown,Los Angeles-North Main Street,06-037-1103,AQS
2001-04-15,51,Unknown,Burbank,06-037-1002,AQS
2001-04-16,85,Unknown,Los Angeles-North Main Street,06-037-1103,AQS
2001-04-17,90,Unknown,SB25 trailer at Hollenbeck School,06-037-0030,AQS
2001-04-18,103,Unknown,Los Angeles-North Main Street,06-037-1103,AQS
2001-04-19,42,Unknown,Burbank,06-037-1002,AQS
2001-04-20,42,Unknown,Hawthorne,06-037-5001,AQS
2001-04-21,43,Unknown,Hawthorne,06-037-5001,AQS
2001-04-22,52,Unknown,Burbank,06-037-1002,AQS
2001-04-23,66,Unknown,Lynwood,06-037-1301,AQS
2001-04-24,99,Unknown,Hawthorne,06-037-5001,AQS
2001-04-25,96,Unknown,Burbank,06-037-1002,AQS
2001-04-26,70,Unknown,Burbank,06-037-1002,AQS
2001-04-27,54,Unknown,Pasadena,06-037-2005,AQS
2001-04-28,41,Unknown,Pomona,06-037-1701,AQS
2001-04-29,60,Unknown,Burbank,06-037-1002,AQS
2001-04-30,85,Unknown,Los Angeles-North Main Street,06-037-1103,AQS
2001-05-01,83,Unknown,Burbank,06-037-1002,AQS
2001-05-02,50,Unknown,Burbank,06-037-1002,AQS
2001-05-03,68,Unknown,Pasadena,06-037-2005,AQS
2001-05-04,77,Unknown,Burbank,06-037-1002,AQS
2001-05-05,63,Unknown,Reseda,06-037-1201,AQS
2001-05-06,67,Unknown,Pomona,06-037-1701,AQS
2001-05-07,96,Unknown,SB25 trailer at Hollenbeck School,06-037-0030,AQS
2001-05-08,108,Unknown,Los Angeles-North Main Street,06-037-1103,AQS
2001-05-09,104,Unknown,Burbank,06-037-1002,AQS
2001-05-10,73,Unknown,Pomona,06-037-1701,AQS
2001-05-11,85,Unknown,Los Angeles-North Main Street,06-037-1103,AQS
2001-05-12,45,Unknown,Lynwood,06-037-1301,AQS
2001-05-13,45,Unknown,Burbank,06-037-1002,AQS
2001-05-14,52,Unknown,Azusa,06-037-0002,AQS
2001-05-15,60,Unknown,Burbank,06-037-1002,AQS
2001-05-16,61,Unknown,Lynwood,06-037-1301,AQS
2001-05-17,60,Unknown,Burbank,06-037-1002,AQS
2001-05-18,40,Unknown,Azusa,06-037-0002,AQS
2001-05-19,42,Unknown,Pomona,06-037-1701,AQS
2001-05-20,43,Unknown,Santa Clarita,06-037-6012,AQS
2001-05-21,64,Unknown,Santa Clarita,06-037-6012,AQS
2001-05-22,85,Unknown,Pasadena,06-037-2005,AQS
2001-05-23,106,Unknown,Los Angeles-North Main Street,06-037-1103,AQS
2001-05-24,54,Unknown,Burbank,06-037-1002,AQS
2001-05-25,61,Unknown,Pasadena,06-037-2005,AQS
2001-05-26,37,Unknown,Lynwood,06-037-1301,AQS
2001-05-27,29,Unknown,Lynwood,06-037-1301,AQS
2001-05-28,32,Unknown,West Los Angeles,06-037-0113,AQS
2001-05-29,58,Unknown,Pasadena,06-037-2005,AQS
2001-05-30,100,Unknown,Los Angeles-North Main Street,06-037-1103,AQS
2001-05-31,80,Unknown,Pasadena,06-037-2005,AQS
2001-06-01,106,Unknown,Anaheim (1010 Harbor Blvd),06-059-0001,AQS
2001-06-02,37,Unknown,SB25 trailer at Hollenbeck School,06-037-0030,AQS
2001-06-03,31,Unknown,Lynwood,06-037-1301,AQS
2001-06-04,44,Unknown,West Los Angeles,06-037-0113,AQS
2001-06-05,57,Unknown,West Los Angeles,06-037-0113,AQS
2001-06-06,100,Unknown,West Los Angeles,06-037-0113,AQS
2001-06-07,77,Unknown,Burbank,06-037-1002,AQS
2001-06-08,81,Unknown,Burbank,06-037-1002,AQS
2001-06-09,51,Unknown,Burbank,06-037-1002,AQS
2001-06-10,48,Unknown,Burbank,06-037-1002,AQS
2001-06-11,47,Unknown,Burbank,06-037-1002,AQS
2001-06-12,44,Unknown,Burbank,06-037-1002,AQS
2001-06-13,48,Unknown,Burbank,06-037-1002,AQS
2001-06-14,96,Unknown,SB25 trailer at Hollenbeck School,06-037-0030,AQS
2001-06-15,102,Unknown,SB25 trailer at Hollenbeck School,06-037-0030,AQS
2001-06-16,83,Unknown,Pomona,06-037-1701,AQS
2001-06-17,60,Unknown,Pomona,06-037-1701,AQS
2001-06-18,96,Unknown,Pasadena,06-037-2005,AQS
2001-06-19,106,Unknown,SB25 trailer at Hollenbeck School,06-037-0030,AQS
2001-06-20,98,Unknown,Burbank,06-037-1002,AQS
2001-06-21,106,Unknown,SB25 trailer at Hollenbeck School,06-037-0030,AQS
2001-06-22,102,Unknown,SB25 trailer at Hollenbeck School,06-037-0030,AQS
2001-06-23,57,Unknown,Pasadena,06-037-2005,AQS
2001-06-24,47,Unknown,Burbank,06-037-1002,AQS
2001-06-25,52,Unknown,Pomona,06-037-1701,AQS
2001-06-26,76,Unknown,Long Beach (North),06-037-4002,AQS
2001-06-27,56,Unknown,Long Beach (North),06-037-4002,AQS
2001-06-28,77,Unknown,SB25 trailer at Hollenbeck School,06-037-0030,AQS
2001-06-29,68,Unknown,Pasadena,06-037-2005,AQS
2001-06-30,71,Unknown,Pomona,06-037-1701,AQS
2001-07-01,58,Unknown,Santa Clarita,06-037-6012,AQS
2001-07-02,79,Unknown,Santa Clarita,06-037-6012,AQS
2001-07-03,86,Unknown,Pasadena,06-037-2005,AQS
2001-07-04,58,Unknown,Burbank,06-037-1002,AQS
2001-07-05,87,Unknown,Pomona,06-037-1701,AQS
2001-07-06,63,Unknown,Burbank,06-037-1002,AQS
2001-07-07,57,Unknown,Los Angeles-North Main Street,06-037-1103,AQS
2001-07-08,34,Unknown,Glendora,06-037-0016,AQS
2001-07-09,36,Unknown,Pomona,06-037-1701,AQS
2001-07-10,42,Unknown,SB25 trailer at Hollenbeck School,06-037-0030,AQS
2001-07-11,56,Unknown,Burbank,06-037-1002,AQS
2001-07-12,67,Unknown,SB25 trailer at Hollenbeck School,06-037-0030,AQS
2001-07-13,101,Unknown,Los Angeles-North Main Street,06-037-1103,AQS
2001-07-14,53,Unknown,Pomona,06-037-1701,AQS
2001-07-15,27,Unknown,Lynwood,06-037-1301,AQS
2001-07-16,44,Unknown,SB25 trailer at Hollenbeck School,06-037-0030,AQS
2001-07-17,45,Unknown,Burbank,06-037-1002,AQS
2001-07-18,70,Unknown,Los Angeles-North Main Street,06-037-1103,AQS
2001-07-19,72,Unknown,Los Angeles-North Main Street,06-037-1103,AQS
2001-07-20,63,Unknown,Los Angeles-North Main Street,06-037-1103,AQS
2001-07-21,44,Unknown,Pomona,06-037-1701,AQS
2001-07-22,47,Unknown,Los Angeles-North Main Street,06-037-1103,AQS
2001-07-23,56,Unknown,Los Angeles-North Main Street,06-037-1103,AQS
2001-07-24,50,Unknown,Santa Clarita,06-037-6012,AQS
2001-07-25,46,Unknown,Burbank,06-037-1002,AQS
2001-07-26,58,Unknown,Pomona,06-037-1701,AQS
2001-07-27,72,Unknown,Burbank,06-037-1002,AQS
2001-07-28,68,Unknown,Pomona,06-037-1701,AQS
2001-07-29,44,Unknown,Burbank,06-037-1002,AQS
2001-07-30,45,Unknown,Santa Clarita,06-037-6012,AQS
2001-07-31,46,Unknown,Santa Clarita,06-037-6012,AQS
2001-08-01,47,Unknown,Los Angeles-North Main Street,06-037-1103,AQS
2001-08-02,68,Unknown,Burbank,06-037-1002,AQS
2001-08-03,65,Unknown,Pasadena,06-037-2005,AQS
2001-08-04,69,Unknown,Pomona,06-037-1701,AQS
2001-08-05,84,Unknown,Los Angeles-North Main Street,06-037-1103,AQS
2001-08-06,94,Unknown,Pasadena,06-037-2005,AQS
2001-08-07,82,Unknown,Pomona,06-037-1701,AQS
2001-08-08,67,Unknown,Pomona,06-037-1701,AQS
2001-08-09,73,Unknown,Burbank,06-037-1002,AQS
2001-08-10,60,Unknown,Pomona,06-037-1701,AQS
2001-08-11,65,Unknown,Burbank,06-037-1002,AQS
2001-08-12,43,Unknown,Pomona,06-037-1701,AQS
2001-08-13,70,Unknown,Burbank,06-037-1002,AQS
2001-08-14,105,Unknown,Long Beach (North),06-037-4002,AQS
2001-08-15,102,Unknown,SB25 trailer at Hollenbeck School,06-037-0030,AQS
2001-08-16,101,Unknown,Los Angeles-North Main Street,06-037-1103,AQS
2001-08-17,104,Unknown,Los Angeles-North Main Street,06-037-1103,AQS
2001-08-18,76,Unknown,Pomona,06-037-1701,AQS
2001-08-19,67,Unknown,Burbank,06-037-1002,AQS
2001-08-20,66,Unknown,Los Angeles-North Main Street,06-037-1103,AQS
2001-08-21,49,Unknown,Azusa,06-037-0002,AQS
2001-08-22,50,Unknown,Santa Clarita,06-037-6012,AQS
2001-08-23,56,Unknown,Santa Clarita,06-037-6012,AQS
2001-08-24,103,Unknown,Burbank,06-037-1002,AQS
2001-08-25,88,Unknown,Burbank,06-037-1002,AQS
2001-08-26,57,Unknown,Pomona,06-037-1701,AQS
2001-08-27,104,Unknown,Los Angeles-North Main Street,06-037-1103,AQS
2001-08-28,78,Unknown,Burbank,06-037-1002,AQS
2001-08-29,47,Unknown,Burbank,06-037-1002,AQS
2001-08-30,42,Unknown,Burbank,06-037-1002,AQS
2001-08-31,54,Unknown,Burbank,06-037-1002,AQS
2001-09-01,74,Unknown,Not Available,06-037-1601,AQS
2001-09-02,74,Unknown,Not Available,06-037-1601,AQS
2001-09-03,74,Unknown,Not Available,06-037-1601,AQS
2001-09-04,74,Unknown,Not Available,06-037-1601,AQS
2001-09-05,74,Unknown,Not Available,06-037-1601,AQS
2001-09-06,74,Unknown,Not Available,06-037-1601,AQS
2001-09-07,43,Unknown,Santa Clarita,06-037-6012,AQS
2001-09-08,42,Unknown,Pasadena,06-037-2005,AQS
2001-09-09,42,Unknown,Pasadena,06-037-2005,AQS
2001-09-10,53,Unknown,Lancaster-Ponderosa St.,06-037-9002,AQS
2001-09-11,55,Unknown,Burbank,06-037-1002,AQS
2001-09-12,54,Unknown,Burbank,06-037-1002,AQS
2001-09-13,84,Unknown,SB25 trailer at Hollenbeck School,06-037-0030,AQS
2001-09-14,104,Unknown,Not Available,06-037-1601,AQS
2001-09-15,78,Unknown,Pasadena,06-037-2005,AQS
2001-09-16,52,Unknown,Burbank,06-037-1002,AQS
2001-09-17,53,Unknown,Burbank,06-037-1002,AQS
2001-09-18,65,Unknown,Los Angeles-North Main Street,06-037-1103,AQS
2001-09-19,64,Unknown,Los Angeles-North Main Street,06-037-1103,AQS
2001-09-20,68,Unknown,Pomona,06-037-1701,AQS
2001-09-21,95,Unknown,SB25 trailer at Hollenbeck School,06-037-0030,AQS
2001-09-22,99,Unknown,Los Angeles-North Main Street,06-037-1103,AQS
2001-09-23,66,Unknown,Burbank,06-037-1002,AQS
2001-09-24,108,Unknown,Not Available,06-037-1601,AQS
2001-09-25,107,Unknown,Not Available,06-037-1601,AQS
2001-09-26,112,Unknown,SB25 trailer at Hollenbeck School,06-037-0030,AQS
2001-09-27,111,Unknown,SB25 trailer at Hollenbeck School,06-037-0030,AQS
2001-09-28,107,Unknown,SB25 trailer at Hollenbeck School,06-037-0030,AQS
2001-09-29,107,Unknown,Los Angeles-North Main Street,06-037-1103,AQS
2001-09-30,103,Unknown,SB25 trailer at Hollenbeck School,06-037-0030,AQS
2001-10-01,90,Unknown,Long Beach (North),06-037-4002,AQS
2001-10-02,105,Unknown,SB25 trailer at Hollenbeck School,06-037-0030,AQS
2001-10-03,66,Unknown,Burbank,06-037-1002,AQS
2001-10-04,62,Unknown,Glendora,06-037-0016,AQS
2001-10-05,41,Unknown,Hawthorne,06-037-5001,AQS
2001-10-06,37,Unknown,SB25 trailer at Hollenbeck School,06-037-0030,AQS
2001-10-07,44,Unknown,Burbank,06-037-1002,AQS
2001-10-08,50,Unknown,Los Angeles-North Main Street,06-037-1103,AQS
2001-10-09,54,Unknown,Los Angeles-North Main Street,06-037-1103,AQS
2001-10-10,94,Unknown,SB25 trailer at Hollenbeck School,06-037-0030,AQS
2001-10-11,101,Unknown,SB25 trailer at Hollenbeck School,06-037-0030,AQS
2001-10-12,103,Unknown,SB25 trailer at Hollenbeck School,06-037-0030,AQS
2001-10-13,101,Unknown,Los Angeles-North Main Street,06-037-1103,AQS
2001-10-14,100,Unknown,Burbank,06-037-1002,AQS
2001-10-15,110,Unknown,Pasadena,06-037-2005,AQS
2001-10-16,110,Unknown,Pasadena,06-037-2005,AQS
2001-10-17,104,Unknown,Pasadena,06-037-2005,AQS
2001-10-18,103,Unknown,Burbank,06-037-1002,AQS
2001-10-19,106,Unknown,Pasadena,06-037-2005,AQS
2001-10-20,80,Unknown,Burbank,06-037-1002,AQS
2001-10-21,56,Unknown,Reseda,06-037-1201,AQS
2001-10-22,68,Unknown,Burbank,06-037-1002,AQS
2001-10-23,102,Unknown,Burbank,06-037-1002,AQS
2001-10-24,104,Unknown,SB25 trailer at Hollenbeck School,06-037-0030,AQS
2001-10-25,104,Unknown,Burbank,06-037-1002,AQS
2001-10-26,106,Unknown,Pasadena,06-037-2005,AQS
2001-10-27,76,Unknown,Reseda,06-037-1201,AQS
2001-10-28,42,Unknown,Burbank,06-037-1002,AQS
2001-10-29,64,Unknown,La Habra,06-059-5001,AQS
2001-10-30,78,Unknown,SB25 trailer at Hollenbeck School,06-037-0030,AQS
2001-10-31,53,Unknown,Burbank,06-037-1002,AQS
2001-11-01,62,Unknown,Burbank,06-037-1002,AQS
2001-11-02,68,Unknown,Pomona,06-037-1701,AQS
2001-11-03,73,Unknown,Pomona,06-037-1701,AQS
2001-11-04,65,Unknown,Azusa,06-037-0002,AQS
2001-11-05,104,Unknown,SB25 trailer at Hollenbeck School,06-037-0030,AQS
2001-11-06,100,Unknown,Pasadena,06-037-2005,AQS
2001-11-07,86,Unknown,Burbank,06-037-1002,AQS
2001-11-08,110,Unknown,Lynwood,06-037-1301,AQS
2001-11-09,107,Unknown,Burbank,06-037-1002,AQS
2001-11-10,48,Unknown,Lynwood,06-037-1301,AQS
2001-11-11,43,Unknown,Lynwood,06-037-1301,AQS
2001-11-12,54,Unknown,Burbank,06-037-1002,AQS
2001-11-13,49,Unknown,SB25 trailer at Hollenbeck School,06-037-0030,AQS
2001-11-14,69,Unknown,Burbank,06-037-1002,AQS
2001-11-15,107,Unknown,Wilmington-N. Mahar Ave,06-037-0031,AQS
2001-11-16,106,Unknown,Not Available,06-037-1601,AQS
2001-11-17,106,Unknown,Burbank,06-037-1002,AQS
2001-11-18,101,Unknown,Lynwood,06-037-1301,AQS
2001-11-19,103,Unknown,La Habra,06-059-5001,AQS
2001-11-20,105,Unknown,Wilmington-N. Mahar Ave,06-037-0031,AQS
2001-11-21,107,Unknown,SB25 trailer at Hollenbeck School,06-037-0030,AQS
2001-11-22,51,Unknown,Azusa,06-037-0002,AQS
2001-11-23,46,Unknown,Burbank,06-037-1002,AQS
2001-11-24,39,Unknown,Hawthorne,06-037-5001,AQS
2001-11-25,39,Unknown,Hawthorne,06-037-5001,AQS
2001-11-26,67,Unknown,Wilmington-N. Mahar Ave,06-037-0031,AQS
2001-11-27,73,Unknown,Lynwood,06-037-1301,AQS
2001-11-28,70,Unknown,Burbank,06-037-1002,AQS
2001-11-29,51,Unknown,West Los Angeles,06-037-0113,AQS
2001-11-30,49,Unknown,SB25 trailer at Hollenbeck School,06-037-0030,AQS
2001-12-01,56,Unknown,Burbank,06-037-1002,AQS
2001-12-02,67,Unknown,Burbank,06-037-1002,AQS
2001-12-03,45,Unknown,SB25 trailer at Hollenbeck School,06-037-0030,AQS
2001-12-04,44,Unknown,Long Beach (North),06-037-4002,AQS
2001-12-05,65,Unknown,Wilmington-N. Mahar Ave,06-037-0031,AQS
2001-12-06,64,Unknown,Burbank,06-037-1002,AQS
2001-12-07,73,Unknown,SB25 trailer at Hollenbeck School,06-037-0030,AQS
2001-12-08,129,Unknown,Burbank,06-037-1002,AQS
2001-12-09,48,Unknown,Hawthorne,06-037-5001,AQS
2001-12-10,49,Unknown,Hawthorne,06-037-5001,AQS
2001-12-11,51,Unknown,Not Available,06-037-1601,AQS
2001-12-12,54,Unknown,Long Beach (North),06-037-4002,AQS
2001-12-13,62,Unknown,Wilmington-N. Mahar Ave,06-037-0031,AQS
2001-12-14,62,Unknown,Hawthorne,06-037-5001,AQS
2001-12-15,53,Unknown,SB25 trailer at Hollenbeck School,06-037-0030,AQS
2001-12-16,52,Unknown,Wilmington-N. Mahar Ave,06-037-0031,AQS
2001-12-17,73,Unknown,Wilmington-N. Mahar Ave,06-037-0031,AQS
2001-12-18,97,Unknown,Long Beach (North),06-037-4002,AQS
2001-12-19,105,Unknown,Long Beach (North),06-037-4002,AQS
2001-12-20,85,Unknown,Hawthorne,06-037-5001,AQS
2001-12-21,48,Unknown,SB25 trailer at Hollenbeck School,06-037-0030,AQS
2001-12-22,57,Unknown,Long Beach (North),06-037-4002,AQS
2001-12-23,54,Unknown,Long Beach (North),06-037-4002,AQS
2001-12-24,73,Unknown,Lynwood,06-037-1301,AQS
2001-12-25,48,Unknown,Long Beach (North),06-037-4002,AQS
2001-12-26,79,Unknown,Long Beach (North),06-037-4002,AQS
2001-12-27,98,Unknown,SB25 trailer at Hollenbeck School,06-037-0030,AQS
2001-12-28,103,Unknown,SB25 trailer at Hollenbeck School,06-037-0030,AQS
2001-12-29,96,Unknown,Burbank,06-037-1002,AQS
2001-12-30,48,Unknown,Long Beach (North),06-037-4002,AQS
2001-12-31,42,Unknown,SB25 trailer at Hollenbeck School,06-037-0030,AQS
2002-01-01,47,Unknown,Long Beach (North),06-037-4002,AQS
2002-01-02,66,Unknown,SB25 trailer at Hollenbeck School,06-037-0030,AQS
2002-01-03,47,Unknown,Pomona,06-037-1701,AQS
2002-01-04,73,Unknown,Burbank,06-037-1002,AQS
2002-01-05,72,Unknown,Long Beach (North),06-037-4002,AQS
2002-01-06,54,Unknown,Burbank,06-037-1002,AQS
2002-01-07,102,Unknown,Costa Mesa,06-059-1003,AQS
2002-01-08,107,Unknown,SB25 trailer at Hollenbeck School,06-037-0030,AQS
2002-01-09,52,Unknown,Pomona,06-037-1701,AQS
2002-01-10,78,Unknown,Pomona,06-037-1701,AQS
2002-01-11,131,Unknown,Burbank,06-037-1002,AQS
2002-01-12,102,Unknown,Long Beach (North),06-037-4002,AQS
2002-01-13,102,Unknown,Pasadena,06-037-2005,AQS
2002-01-14,72,Unknown,Pomona,06-037-1701,AQS
2002-01-15,43,Unknown,Burbank,06-037-1002,AQS
2002-01-16,58,Unknown,Long Beach (North),06-037-4002,AQS
2002-01-17,65,Unknown,Wilmington-N. Mahar Ave,06-037-0031,AQS
2002-01-18,77,Unknown,Wilmington-N. Mahar Ave,06-037-0031,AQS
2002-01-19,55,Unknown,Hawthorne,06-037-5001,AQS
2002-01-20,57,Unknown,Anaheim,06-059-0007,AQS
2002-01-21,91,Unknown,Long Beach (North),06-037-4002,AQS
2002-01-22,52,Unknown,Burbank,06-037-1002,AQS
2002-01-23,63,Unknown,Not Available,06-037-1601,AQS
2002-01-24,82,Unknown,Not Available,06-037-1601,AQS
2002-01-25,77,Unknown,Wilmington-N. Mahar Ave,06-037-0031,AQS
2002-01-26,89,Unknown,Pomona,06-037-1701,AQS
2002-01-27,43,Unknown,West Los Angeles,06-037-0113,AQS
2002-01-28,46,Unknown,Wilmington-N. Mahar Ave,06-037-0031,AQS
2002-01-29,52,Unknown,Hawthorne,06-037-5001,AQS
2002-01-30,52,Unknown,Long Beach (North),06-037-4002,AQS
2002-01-31,64,Unknown,Wilmington-N. Mahar Ave,06-037-0031,AQS
2002-02-01,62,Unknown,Burbank,06-037-1002,AQS
2002-02-02,57,Unknown,Wilmington-N. Mahar Ave,06-037-0031,AQS
2002-02-03,56,Unknown,Burbank,06-037-1002,AQS
2002-02-04,70,Unknown,Wilmington-N. Mahar Ave,06-037-0031,AQS
2002-02-05,104,Unknown,Wilmington-N. Mahar Ave,06-037-0031,AQS
2002-02-06,105,Unknown,SB25 trailer at Hollenbeck School,06-037-0030,AQS
2002-02-07,106,Unknown,Los Angeles-North Main Street,06-037-1103,AQS
2002-02-08,69,Unknown,Burbank,06-037-1002,AQS
2002-02-09,66,Unknown,Not Available,06-037-1601,AQS
2002-02-10,52,Unknown,Costa Mesa,06-059-1003,AQS
2002-02-11,72,Unknown,Costa Mesa,06-059-1003,AQS
2002-02-12,102,Unknown,SB25 trailer at Hollenbeck School,06-037-0030,AQS
2002-02-13,112,Unknown,SB25 trailer at Hollenbeck School,06-037-0030,AQS
2002-02-14,78,Unknown,Burbank,06-037-1002,AQS
2002-02-15,90,Unknown,SB25 trailer at Hollenbeck School,06-037-0030,AQS
2002-02-16,60,Unknown,Burbank,06-037-1002,AQS
2002-02-17,42,Unknown,SB25 trailer at Hollenbeck School,06-037-0030,AQS
2002-02-18,48,Unknown,Wilmington-N. Mahar Ave,06-037-0031,AQS
2002-02-19,56,Unknown,Burbank,06-037-1002,AQS
2002-02-20,79,Unknown,Glendora,06-037-0016,AQS
2002-02-21,96,Unknown,Burbank,06-037-1002,AQS
2002-02-22,81,Unknown,Costa Mesa,06-059-1003,AQS
2002-02-23,56,Unknown,Reseda,06-037-1201,AQS
2002-02-24,65,Unknown,Burbank,06-037-1002,AQS
2002-02-25,102,Unknown,SB25 trailer at Hollenbeck School,06-037-0030,AQS
2002-02-26,82,Unknown,Los Angeles-North Main Street,06-037-1103,AQS
2002-02-27,99,Unknown,SB25 trailer at Hollenbeck School,06-037-0030,AQS
2002-02-28,71,Unknown,Burbank,06-037-1002,AQS
2002-03-01,66,Unknown,Burbank,06-037-1002,AQS
2002-03-02,64,Unknown,Hawthorne,06-037-5001,AQS
2002-03-03,62,Unknown,Burbank,06-037-1002,AQS
2002-03-04,66,Unknown,Burbank,06-037-1002,AQS
2002-03-05,82,Unknown,Burbank,06-037-1002,AQS
2002-03-06,68,Unknown,West Los Angeles,06-037-0113,AQS
2002-03-07,33,Unknown,Not Available,06-037-1601,AQS
2002-03-08,49,Unknown,Burbank,06-037-1002,AQS
2002-03-09,62,Unknown,Azusa,06-037-0002,AQS
2002-03-10,58,Unknown,Hawthorne,06-037-5001,AQS
2002-03-11,70,Unknown,Azusa,06-037-0002,AQS
2002-03-12,77,Unknown,Pomona,06-037-1701,AQS
2002-03-13,45,Unknown,Pomona,06-037-1701,AQS
2002-03-14,46,Unknown,Pomona,06-037-1701,AQS
2002-03-15,57,Unknown,Wilmington-N. Mahar Ave,06-037-0031,AQS
2002-03-16,46,Unknown,Hawthorne,06-037-5001,AQS
2002-03-17,43,Unknown,Wilmington-N. Mahar Ave,06-037-0031,AQS
2002-03-18,50,Unknown,Burbank,06-037-1002,AQS
2002-03-19,68,Unknown,Hawthorne,06-037-5001,AQS
2002-03-20,101,Unknown,Long Beach (North),06-037-4002,AQS
2002-03-21,98,Unknown,Lynwood,06-037-1301,AQS
2002-03-22,61,Unknown,Pomona,06-037-1701,AQS
2002-03-23,36,Unknown,Burbank,06-037-1002,AQS
2002-03-24,40,Unknown,West Los Angeles,06-037-0113,AQS
2002-03-25,56,Unknown,Burbank,06-037-1002,AQS
2002-03-26,83,Unknown,SB25 trailer at Hollenbeck School,06-037-0030,AQS
2002-03-27,49,Unknown,Burbank,06-037-1002,AQS
2002-03-28,46,Unknown,Burbank,06-037-1002,AQS
2002-03-29,43,Unknown,Lynwood,06-037-1301,AQS
2002-03-30,51,Unknown,Pomona,06-037-1701,AQS
2002-03-31,54,Unknown,Pomona,06-037-1701,AQS
2002-04-01,68,Unknown,Pasadena,06-037-2005,AQS
2002-04-02,62,Unknown,Pasadena,06-037-2005,AQS
2002-04-03,53,Unknown,Pomona,06-037-1701,AQS
2002-04-04,49,Unknown,Pasadena,06-037-2005,AQS
2002-04-05,50,Unknown,Burbank,06-037-1002,AQS
2002-04-06,40,Unknown,Burbank,06-037-1002,AQS
2002-04-07,47,Unknown,Burbank,06-037-1002,AQS
2002-04-08,43,Unknown,Pomona,06-037-1701,AQS
2002-04-09,55,Unknown,Pomona,06-037-1701,AQS
2002-04-10,84,Unknown,Burbank,06-037-1002,AQS
2002-04-11,77,Unknown,Pasadena,06-037-2005,AQS
2002-04-12,62,Unknown,Burbank,06-037-1002,AQS
2002-04-13,71,Unknown,Burbank,06-037-1002,AQS
2002-04-14,62,Unknown,Burbank,06-037-1002,AQS
2002-04-15,43,Unknown,Burbank,06-037-1002,AQS
2002-04-16,46,Unknown,Hawthorne,06-037-5001,AQS
2002-04-17,46,Unknown,Burbank,06-037-1002,AQS
2002-04-18,45,Unknown,Wilmington-N. Mahar Ave,06-037-0031,AQS
2002-04-19,49,Unknown,Burbank,06-037-1002,AQS
2002-04-20,55,Unknown,Burbank,06-037-1002,AQS
2002-04-21,58,Unknown,Burbank,06-037-1002,AQS
2002-04-22,94,Unknown,Lynwood,06-037-1301,AQS
2002-04-23,60,Unknown,Burbank,06-037-1002,AQS
2002-04-24,55,Unknown,Azusa,06-037-0002,AQS
2002-04-25,35,Unknown,Los Angeles-North Main Street,06-037-1103,AQS
2002-04-26,31,Unknown,Long Beach (North),06-037-4002,AQS
2002-04-27,31,Unknown,Lynwood,06-037-1301,AQS
2002-04-28,43,Unknown,Burbank,06-037-1002,AQS
2002-04-29,42,Unknown,Burbank,06-037-1002,AQS
2002-04-30,36,Unknown,Los Angeles-North Main Street,06-037-1103,AQS
2002-05-01,51,Unknown,Burbank,06-037-1002,AQS
2002-05-02,52,Unknown,Burbank,06-037-1002,AQS
2002-05-03,53,Unknown,Azusa,06-037-0002,AQS
2002-05-04,46,Unknown,Pomona,06-037-1701,AQS
2002-05-05,40,Unknown,Azusa,06-037-0002,AQS
2002-05-06,41,Unknown,Pasadena,06-037-2005,AQS
2002-05-07,49,Unknown,Long Beach (North),06-037-4002,AQS
2002-05-08,55,Unknown,Burbank,06-037-1002,AQS
2002-05-09,54,Unknown,Pomona,06-037-1701,AQS
2002-05-10,47,Unknown,Pomona,06-037-1701,AQS
2002-05-11,55,Unknown,Burbank,06-037-1002,AQS
2002-05-12,64,Unknown,Lynwood,06-037-1301,AQS
2002-05-13,91,Unknown,Not Available,06-037-1601,AQS
2002-05-14,61,Unknown,Burbank,06-037-1002,AQS
2002-05-15,44,Unknown,Burbank,06-037-1002,AQS
2002-05-16,54,Unknown,Burbank,06-037-1002,AQS
2002-05-17,50,Unknown,Lancaster-Division Street,06-037-9033,AQS
2002-05-18,41,Unknown,Lynwood,06-037-1301,AQS
2002-05-19,29,Unknown,Lynwood,06-037-1301,AQS
2002-05-20,32,Unknown,Pomona,06-037-1701,AQS
2002-05-21,47,Unknown,Burbank,06-037-1002,AQS
2002-05-22,52,Unknown,Burbank,06-037-1002,AQS
2002-05-23,53,Unknown,Burbank,06-037-1002,AQS
2002-05-24,55,Unknown,Pomona,06-037-1701,AQS
2002-05-25,36,Unknown,Burbank,06-037-1002,AQS
2002-05-26,36,Unknown,West Los Angeles,06-037-0113,AQS
2002-05-27,42,Unknown,Burbank,06-037-1002,AQS
2002-05-28,55,Unknown,Santa Clarita,06-037-6012,AQS
2002-05-29,102,Unknown,Burbank,06-037-1002,AQS
2002-05-30,65,Unknown,Burbank,06-037-1002,AQS
2002-05-31,62,Unknown,Burbank,06-037-1002,AQS
2002-06-01,33,Unknown,Burbank,06-037-1002,AQS
2002-06-02,33,Unknown,Azusa,06-037-0002,AQS
2002-06-03,52,Unknown,Burbank,06-037-1002,AQS
2002-06-04,68,Unknown,Azusa,06-037-0002,AQS
2002-06-05,101,Unknown,Burbank,06-037-1002,AQS
2002-06-06,86,Unknown,Los Angeles-North Main Street,06-037-1103,AQS
2002-06-07,50,Unknown,Santa Clarita,06-037-6012,AQS
2002-06-08,30,Unknown,Burbank,06-037-1002,AQS
2002-06-09,30,Unknown,West Los Angeles,06-037-0113,AQS
2002-06-10,45,Unknown,Lancaster-Division Street,06-037-9033,AQS
2002-06-11,45,Unknown,Lancaster-Division Street,06-037-9033,AQS
2002-06-12,50,Unknown,Pasadena,06-037-2005,AQS
2002-06-13,50,Unknown,Burbank,06-037-1002,AQS
2002-06-14,58,Unknown,Pomona,06-037-1701,AQS
2002-06-15,70,Unknown,Pomona,06-037-1701,AQS
2002-06-16,60,Unknown,Burbank,06-037-1002,AQS
2002-06-17,70,Unknown,Burbank,06-037-1002,AQS
2002-06-18,62,Unknown,Burbank,06-037-1002,AQS
2002-06-19,48,Unknown,Burbank,06-037-1002,AQS
2002-06-20,31,Unknown,Hawthorne,06-037-5001,AQS
2002-06-21,42,Unknown,Azusa,06-037-0002,AQS
2002-06-22,44,Unknown,Burbank,06-037-1002,AQS
2002-06-23,44,Unknown,Santa Clarita,06-037-6012,AQS
2002-06-24,58,Unknown,Santa Clarita,06-037-6012,AQS
2002-06-25,69,Unknown,Burbank,06-037-1002,AQS
2002-06-26,71,Unknown,Burbank,06-037-1002,AQS
2002-06-27,54,Unknown,Burbank,06-037-1002,AQS
2002-06-28,56,Unknown,Santa Clarita,06-037-6012,AQS
2002-06-29,101,Unknown,Lancaster-Division Street,06-037-9033,AQS
2002-06-30,44,Unknown,Burbank,06-037-1002,AQS
2002-07-01,63,Unknown,Not Available,06-037-1601,AQS
2002-07-02,62,Unknown,Burbank,06-037-1002,AQS
2002-07-03,44,Unknown,Pasadena,06-037-2005,AQS
2002-07-04,41,Unknown,Azusa,06-037-0002,AQS
2002-07-05,40,Unknown,Lynwood,06-037-1301,AQS
2002-07-06,34,Unknown,Pasadena,06-037-2005,AQS
2002-07-07,43,Unknown,Pomona,06-037-1701,AQS
2002-07-08,74,Unknown,Pomona,06-037-1701,AQS
2002-07-09,101,Unknown,Los Angeles-North Main Street,06-037-1103,AQS
2002-07-10,105,Unknown,Pasadena,06-037-2005,AQS
2002-07-11,88,Unknown,Burbank,06-037-1002,AQS
2002-07-12,64,Unknown,Pasadena,06-037-2005,AQS
2002-07-13,42,Unknown,Pomona,06-037-1701,AQS
2002-07-14,50,Unknown,Burbank,06-037-1002,AQS
2002-07-15,46,Unknown,Burbank,06-037-1002,AQS
2002-07-16,44,Unknown,Burbank,06-037-1002,AQS
2002-07-17,43,Unknown,Burbank,06-037-1002,AQS
2002-07-18,47,Unknown,Santa Clarita,06-037-6012,AQS
2002-07-19,55,Unknown,Burbank,06-037-1002,AQS
2002-07-20,33,Unknown,Santa Clarita,06-037-6012,AQS
2002-07-21,31,Unknown,Pomona,06-037-1701,AQS
2002-07-22,44,Unknown,Pasadena,06-037-2005,AQS
2002-07-23,82,Unknown,Not Available,06-037-1601,AQS
2002-07-24,69,Unknown,Burbank,06-037-1002,AQS
2002-07-25,72,Unknown,Pomona,06-037-1701,AQS
2002-07-26,58,Unknown,Pomona,06-037-1701,AQS
2002-07-27,48,Unknown,Burbank,06-037-1002,AQS
2002-07-28,34,Unknown,Pomona,06-037-1701,AQS
2002-07-29,53,Unknown,Lancaster-Division Street,06-037-9033,AQS
2002-07-30,66,Unknown,Burbank,06-037-1002,AQS
2002-07-31,55,Unknown,Burbank,06-037-1002,AQS
2002-08-01,57,Unknown,Burbank,06-037-1002,AQS
2002-08-02,43,Unknown,Burbank,06-037-1002,AQS
2002-08-03,37,Unknown,Pomona,06-037-1701,AQS
2002-08-04,50,Unknown,Pomona,06-037-1701,AQS
2002-08-05,58,Unknown,Azusa,06-037-0002,AQS
2002-08-06,61,Unknown,Burbank,06-037-1002,AQS
2002-08-07,68,Unknown,Burbank,06-037-1002,AQS
2002-08-08,102,Unknown,Los Angeles-North Main Street,06-037-1103,AQS
2002-08-09,105,Unknown,Los Angeles-North Main Street,06-037-1103,AQS
2002-08-10,95,Unknown,Pasadena,06-037-2005,AQS
2002-08-11,63,Unknown,Burbank,06-037-1002,AQS
2002-08-12,72,Unknown,Burbank,06-037-1002,AQS
2002-08-13,67,Unknown,Burbank,06-037-1002,AQS
2002-08-14,61,Unknown,Burbank,06-037-1002,AQS
2002-08-15,56,Unknown,Santa Clarita,06-037-6012,AQS
2002-08-16,56,Unknown,Burbank,06-037-1002,AQS
2002-08-17,40,Unknown,Burbank,06-037-1002,AQS
2002-08-18,29,Unknown,Lynwood,06-037-1301,AQS
2002-08-19,41,Unknown,Hawthorne,06-037-5001,AQS
2002-08-20,57,Unknown,Burbank,06-037-1002,AQS
2002-08-21,49,Unknown,Burbank,06-037-1002,AQS
2002-08-22,78,Unknown,Burbank,06-037-1002,AQS
2002-08-23,73,Unknown,Burbank,06-037-1002,AQS
2002-08-24,68,Unknown,Pomona,06-037-1701,AQS
2002-08-25,57,Unknown,Los Angeles-North Main Street,06-037-1103,AQS
2002-08-26,91,Unknown,Los Angeles-North Main Street,06-037-1103,AQS
2002-08-27,63,Unknown,Pomona,06-037-1701,AQS
2002-08-28,61,Unknown,Lancaster-Division Street,06-037-9033,AQS
2002-08-29,51,Unknown,Burbank,06-037-1002,AQS
2002-08-30,78,Unknown,Burbank,06-037-1002,AQS
2002-08-31,103,Unknown,Not Available,06-037-1601,AQS
2002-09-01,89,Unknown,Anaheim,06-059-0007,AQS
2002-09-02,73,Unknown,Los Angeles-North Main Street,06-037-1103,AQS
2002-09-03,76,Unknown,Burbank,06-037-1002,AQS
2002-09-04,77,Unknown,Burbank,06-037-1002,AQS
2002-09-05,90,Unknown,Azusa,06-037-0002,AQS
2002-09-06,77,Unknown,Los Angeles-North Main Street,06-037-1103,AQS
2002-09-07,47,Unknown,Burbank,06-037-1002,AQS
2002-09-08,55,Unknown,Burbank,06-037-1002,AQS
2002-09-09,105,Unknown,Long Beach (North),06-037-4002,AQS
2002-09-10,94,Unknown,Lynwood,06-037-1301,AQS
2002-09-11,94,Unknown,Burbank,06-037-1002,AQS
2002-09-12,101,Unknown,Azusa,06-037-0002,AQS
2002-09-13,93,Unknown,Los Angeles-North Main Street,06-037-1103,AQS
2002-09-14,94,Unknown,Pasadena,06-037-2005,AQS
2002-09-15,69,Unknown,Burbank,06-037-1002,AQS
2002-09-16,48,Unknown,Pomona,06-037-1701,AQS
2002-09-17,67,Unknown,Burbank,06-037-1002,AQS
2002-09-18,57,Unknown,Burbank,06-037-1002,AQS
2002-09-19,82,Unknown,Burbank,06-037-1002,AQS
2002-09-20,99,Unknown,Burbank,06-037-1002,AQS
2002-09-21,104,Unknown,Pasadena,06-037-2005,AQS
2002-09-22,89,Unknown,Lynwood,06-037-1301,AQS
2002-09-23,109,Unknown,Los Angeles-North Main Street,06-037-1103,AQS
2002-09-24,116,Unknown,Burbank,06-037-1002,AQS
2002-09-25,103,Unknown,Burbank,06-037-1002,AQS
2002-09-26,87,Unknown,Burbank,06-037-1002,AQS
2002-09-27,41,Unknown,Pomona,06-037-1701,AQS
2002-09-28,41,Unknown,Hawthorne,06-037-5001,AQS
2002-09-29,40,Unknown,Hawthorne,06-037-5001,AQS
2002-09-30,47,Unknown,Hawthorne,06-037-5001,AQS
2002-10-01,42,Unknown,Hawthorne,06-037-5001,AQS
2002-10-02,49,Unknown,Pomona,06-037-1701,AQS
2002-10-03,62,Unknown,Burbank,06-037-1002,AQS
2002-10-04,87,Unknown,Burbank,06-037-1002,AQS
2002-10-05,89,Unknown,Lynwood,06-037-1301,AQS
2002-10-06,78,Unknown,Hawthorne,06-037-5001,AQS
2002-10-07,102,Unknown,Burbank,06-037-1002,AQS
2002-10-08,101,Unknown,Burbank,06-037-1002,AQS
2002-10-09,90,Unknown,Pomona,06-037-1701,AQS
2002-10-10,70,Unknown,Pasadena,06-037-2005,AQS
2002-10-11,51,Unknown,Burbank,06-037-1002,AQS
2002-10-12,76,Unknown,Azusa,06-037-0002,AQS
2002-10-13,84,Unknown,Pomona,06-037-1701,AQS
2002-10-14,88,Unknown,Pasadena,06-037-2005,AQS
2002-10-15,77,Unknown,Pasadena,06-037-2005,AQS
2002-10-16,50,Unknown,Lancaster-Division Street,06-037-9033,AQS
2002-10-17,53,Unknown,Not Available,06-037-1601,AQS
2002-10-18,57,Unknown,Anaheim,06-059-0007,AQS
2002-10-19,63,Unknown,Lynwood,06-037-1301,AQS
2002-10-20,47,Unknown,Azusa,06-037-0002,AQS
2002-10-21,61,Unknown,Long Beach (North),06-037-4002,AQS
2002-10-22,57,Unknown,Anaheim,06-059-0007,AQS
2002-10-23,61,Unknown,Not Available,06-037-1601,AQS
2002-10-24,57,Unknown,Los Angeles-North Main Street,06-037-1103,AQS
2002-10-25,57,Unknown,Burbank,06-037-1002,AQS
2002-10-26,47,Unknown,Long Beach (North),06-037-4002,AQS
2002-10-27,57,Unknown,Burbank,06-037-1002,AQS
2002-10-28,79,Unknown,Long Beach (North),06-037-4002,AQS
2002-10-29,55,Unknown,Burbank,06-037-1002,AQS
2002-10-30,61,Unknown,Burbank,06-037-1002,AQS
2002-10-31,63,Unknown,Pomona,06-037-1701,AQS
2002-11-01,68,Unknown,Long Beach (North),06-037-4002,AQS
2002-11-02,63,Unknown,Pomona,06-037-1701,AQS
2002-11-03,68,Unknown,Anaheim,06-059-0007,AQS
2002-11-04,69,Unknown,Reseda,06-037-1201,AQS
2002-11-05,105,Unknown,Azusa,06-037-0002,AQS
2002-11-06,106,Unknown,Lynwood,06-037-1301,AQS
2002-11-07,93,Unknown,Pomona,06-037-1701,AQS
2002-11-08,41,Unknown,Hawthorne,06-037-5001,AQS
2002-11-09,28,Unknown,Lynwood,06-037-1301,AQS
2002-11-10,41,Unknown,Lynwood,06-037-1301,AQS
2002-11-11,64,Unknown,Lynwood,06-037-1301,AQS
2002-11-12,57,Unknown,Anaheim,06-059-0007,AQS
2002-11-13,97,Unknown,Long Beach (North),06-037-4002,AQS
2002-11-14,105,Unknown,Burbank,06-037-1002,AQS
2002-11-15,85,Unknown,Long Beach (North),06-037-4002,AQS
2002-11-16,63,Unknown,Long Beach (North),06-037-4002,AQS
2002-11-17,94,Unknown,Burbank,06-037-1002,AQS
2002-11-18,81,Unknown,Costa Mesa,06-059-1003,AQS
2002-11-19,87,Unknown,Lynwood,06-037-1301,AQS
2002-11-20,102,Unknown,Long Beach (North),06-037-4002,AQS
2002-11-21,99,Unknown,La Habra,06-059-5001,AQS
2002-11-22,105,Unknown,Lynwood,06-037-1301,AQS
2002-11-23,53,Unknown,Burbank,06-037-1002,AQS
2002-11-24,63,Unknown,Burbank,06-037-1002,AQS
2002-11-25,64,Unknown,Not Available,06-037-1601,AQS
2002-11-26,57,Unknown,Long Beach (North),06-037-4002,AQS
2002-11-27,105,Unknown,Lynwood,06-037-1301,AQS
2002-11-28,70,Unknown,Lynwood,06-037-1301,AQS
2002-11-29,44,Unknown,Hawthorne,06-037-5001,AQS
2002-11-30,68,Unknown,Not Available,06-037-1601,AQS
2002-12-01,47,Unknown,Anaheim,06-059-0007,AQS
2002-12-02,61,Unknown,Costa Mesa,06-059-1003,AQS
2002-12-03,63,Unknown,Azusa,06-037-0002,AQS
2002-12-04,84,Unknown,Not Available,06-037-1601,AQS
2002-12-05,83,Unknown,Long Beach (North),06-037-4002,AQS
2002-12-06,86,Unknown,Pasadena,06-037-2005,AQS
2002-12-07,53,Unknown,Azusa,06-037-0002,AQS
2002-12-08,66,Unknown,Pasadena,06-037-2005,AQS
2002-12-09,86,Unknown,Azusa,06-037-0002,AQS
2002-12-10,70,Unknown,Pomona,06-037-1701,AQS
2002-12-11,88,Unknown,Pomona,06-037-1701,AQS
2002-12-12,76,Unknown,Lynwood,06-037-1301,AQS
2002-12-13,99,Unknown,Hawthorne,06-037-5001,AQS
2002-12-14,97,Unknown,Hawthorne,06-037-5001,AQS
2002-12-15,65,Unknown,Pasadena,06-037-2005,AQS
2002-12-16,39,Unknown,Los Angeles-North Main Street,06-037-1103,AQS
2002-12-17,44,Unknown,Los Angeles-North Main Street,06-037-1103,AQS
2002-12-18,47,Unknown,Hawthorne,06-037-5001,AQS
2002-12-19,51,Unknown,Burbank,06-037-1002,AQS
2002-12-20,44,Unknown,Long Beach (North),06-037-4002,AQS
2002-12-21,43,Unknown,Hawthorne,06-037-5001,AQS
2002-12-22,42,Unknown,Long Beach (North),06-037-4002,AQS
2002-12-23,50,Unknown,Los Angeles-North Main Street,06-037-1103,AQS
2002-12-24,53,Unknown,Long Beach (North),06-037-4002,AQS
2002-12-25,50,Unknown,Hawthorne,06-037-5001,AQS
2002-12-26,70,Unknown,Long Beach (North),06-037-4002,AQS
2002-12-27,66,Unknown,Costa Mesa,06-059-1003,AQS
2002-12-28,48,Unknown,Hawthorne,06-037-5001,AQS
2002-12-29,42,Unknown,Hawthorne,06-037-5001,AQS
2002-12-30,63,Unknown,Pomona,06-037-1701,AQS
2002-12-31,56,Unknown,Lynwood,06-037-1301,AQS
2003-01-01,54,Unknown,Lynwood,06-037-1301,AQS
2003-01-02,65,Unknown,Lynwood,06-037-1301,AQS
2003-01-03,84,Unknown,Long Beach (North),06-037-4002,AQS
2003-01-04,91,Unknown,Pomona,06-037-1701,AQS
2003-01-05,104,Unknown,Long Beach (North),06-037-4002,AQS
2003-01-06,60,Unknown,Hawthorne,06-037-5001,AQS
2003-01-07,50,Unknown,Lynwood,06-037-1301,AQS
2003-01-08,48,Unknown,West Los Angeles,06-037-0113,AQS
2003-01-09,47,Unknown,Long Beach (North),06-037-4002,AQS
2003-01-10,52,Unknown,Not Available,06-037-1601,AQS
2003-01-11,50,Unknown,Pasadena,06-037-2005,AQS
2003-01-12,57,Unknown,Pomona,06-037-1701,AQS
2003-01-13,105,Unknown,Azusa,06-037-0002,AQS
2003-01-14,103,Unknown,Azusa,06-037-0002,AQS
2003-01-15,102,Unknown,Costa Mesa,06-059-1003,AQS
2003-01-16,71,Unknown,Costa Mesa,06-059-1003,AQS
2003-01-17,98,Unknown,Long Beach (North),06-037-4002,AQS
2003-01-18,85,Unknown,West Los Angeles,06-037-0113,AQS
2003-01-19,86,Unknown,Reseda,06-037-1201,AQS
2003-01-20,65,Unknown,Not Available,06-037-1601,AQS
2003-01-21,54,Unknown,Burbank,06-037-1002,AQS
2003-01-22,70,Unknown,La Habra,06-059-5001,AQS
2003-01-23,105,Unknown,Lynwood,06-037-1301,AQS
2003-01-24,104,Unknown,Hawthorne,06-037-5001,AQS
2003-01-25,86,Unknown,Pasadena,06-037-2005,AQS
2003-01-26,61,Unknown,Lynwood,06-037-1301,AQS
2003-01-27,80,Unknown,Pasadena,06-037-2005,AQS
2003-01-28,106,Unknown,Burbank,06-037-1002,AQS
2003-01-29,101,Unknown,Burbank,06-037-1002,AQS
2003-01-30,105,Unknown,Anaheim,06-059-0007,AQS
2003-01-31,82,Unknown,Costa Mesa,06-059-1003,AQS
2003-02-01,81,Unknown,Hawthorne,06-037-5001,AQS
2003-02-02,54,Unknown,Pomona,06-037-1701,AQS
2003-02-03,70,Unknown,Lynwood,06-037-1301,AQS
2003-02-04,67,Unknown,Pomona,06-037-1701,AQS
2003-02-05,79,Unknown,Not Available,06-037-1601,AQS
2003-02-06,64,Unknown,Lynwood,06-037-1301,AQS
2003-02-07,54,Unknown,Hawthorne,06-037-5001,AQS
2003-02-08,47,Unknown,Anaheim,06-059-0007,AQS
2003-02-09,60,Unknown,Pomona,06-037-1701,AQS
2003-02-10,63,Unknown,Costa Mesa,06-059-1003,AQS
2003-02-11,52,Unknown,West Los Angeles,06-037-0113,AQS
2003-02-12,40,Unknown,Hawthorne,06-037-5001,AQS
2003-02-13,38,Unknown,Hawthorne,06-037-5001,AQS
2003-02-14,44,Unknown,Pasadena,06-037-2005,AQS
2003-02-15,41,Unknown,Not Available,06-037-1601,AQS
2003-02-16,39,Unknown,Not Available,06-037-1601,AQS
2003-02-17,60,Unknown,Pomona,06-037-1701,AQS
2003-02-18,51,Unknown,Pomona,06-037-1701,AQS
2003-02-19,61,Unknown,Hawthorne,06-037-5001,AQS
2003-02-20,53,Unknown,Not Available,06-037-1601,AQS
2003-02-21,64,Unknown,Burbank,06-037-1002,AQS
2003-02-22,49,Unknown,West Los Angeles,06-037-0113,AQS
2003-02-23,37,Unknown,Burbank,06-037-1002,AQS
2003-02-24,38,Unknown,Hawthorne,06-037-5001,AQS
2003-02-25,41,Unknown,Not Available,06-037-1601,AQS
2003-02-26,41,Unknown,Not Available,06-037-1601,AQS
2003-02-27,44,Unknown,Lynwood,06-037-1301,AQS
2003-02-28,47,Unknown,Anaheim,06-059-0007,AQS
2003-03-01,42,Unknown,Hawthorne,06-037-5001,AQS
2003-03-02,45,Unknown,Lynwood,06-037-1301,AQS
2003-03-03,48,Unknown,Hawthorne,06-037-5001,AQS
2003-03-04,41,Unknown,Hawthorne,06-037-5001,AQS
2003-03-05,47,Unknown,Pomona,06-037-1701,AQS
2003-03-06,50,Unknown,Lynwood,06-037-1301,AQS
2003-03-07,65,Unknown,Lynwood,06-037-1301,AQS
2003-03-08,66,Unknown,Lynwood,06-037-1301,AQS
2003-03-09,66,Unknown,Lynwood,06-037-1301,AQS
2003-03-10,90,Unknown,Hawthorne,06-037-5001,AQS
2003-03-11,87,Unknown,Burbank,06-037-1002,AQS
2003-03-12,69,Unknown,Los Angeles-North Main Street,06-037-1103,AQS
2003-03-13,76,Unknown,Los Angeles-North Main Street,06-037-1103,AQS
2003-03-14,38,Unknown,Glendora,06-037-0016,AQS
2003-03-15,32,Unknown,Glendora,06-037-0016,AQS
2003-03-16,34,Unknown,Lynwood,06-037-1301,AQS
2003-03-17,42,Unknown,Not Available,06-037-1601,AQS
2003-03-18,42,Unknown,Not Available,06-037-1601,AQS
2003-03-19,51,Unknown,Pomona,06-037-1701,AQS
2003-03-20,55,Unknown,Burbank,06-037-1002,AQS
2003-03-21,65,Unknown,Burbank,06-037-1002,AQS
2003-03-22,68,Unknown,Reseda,06-037-1201,AQS
2003-03-23,53,Unknown,Burbank,06-037-1002,AQS
2003-03-24,43,Unknown,Not Available,06-037-1601,AQS
2003-03-25,64,Unknown,Not Available,06-037-1601,AQS
2003-03-26,81,Unknown,Los Angeles-North Main Street,06-037-1103,AQS
2003-03-27,58,Unknown,Pomona,06-037-1701,AQS
2003-03-28,63,Unknown,Lynwood,06-037-1301,AQS
2003-03-29,58,Unknown,Pomona,06-037-1701,AQS
2003-03-30,62,Unknown,Burbank,06-037-1002,AQS
2003-03-31,80,Unknown,Los Angeles-North Main Street,06-037-1103,AQS
2003-04-01,64,Unknown,Hawthorne,06-037-5001,AQS
2003-04-02,37,Unknown,Not Available,06-037-1601,AQS
2003-04-03,47,Unknown,Burbank,06-037-1002,AQS
2003-04-04,45,Unknown,Burbank,06-037-1002,AQS
2003-04-05,40,Unknown,Lynwood,06-037-1301,AQS
2003-04-06,44,Unknown,Hawthorne,06-037-5001,AQS
2003-04-07,67,Unknown,Pomona,06-037-1701,AQS
2003-04-08,73,Unknown,Not Available,06-037-1601,AQS
2003-04-09,91,Unknown,Long Beach (North),06-037-4002,AQS
2003-04-10,58,Unknown,Burbank,06-037-1002,AQS
2003-04-11,38,Unknown,Hawthorne,06-037-5001,AQS
2003-04-12,30,Unknown,Lynwood,06-037-1301,AQS
2003-04-13,26,Unknown,Hawthorne,06-037-5001,AQS
2003-04-14,46,Unknown,Lynwood,06-037-1301,AQS
2003-04-15,43,Unknown,Lynwood,06-037-1301,AQS
2003-04-16,44,Unknown,Hawthorne,06-037-5001,AQS
2003-04-17,46,Unknown,Long Beach (North),06-037-4002,AQS
2003-04-18,47,Unknown,Burbank,06-037-1002,AQS
2003-04-19,53,Unknown,Pomona,06-037-1701,AQS
2003-04-20,52,Unknown,Long Beach (North),06-037-4002,AQS
2003-04-21,41,Unknown,Hawthorne,06-037-5001,AQS
2003-04-22,45,Unknown,Not Available,06-037-1601,AQS
2003-04-23,45,Unknown,Burbank,06-037-1002,AQS
2003-04-24,47,Unknown,Hawthorne,06-037-5001,AQS
2003-04-25,45,Unknown,Not Available,06-037-1601,AQS
2003-04-26,43,Unknown,Not Available,06-037-1601,AQS
2003-04-27,39,Unknown,Burbank,06-037-1002,AQS
2003-04-28,43,Unknown,Not Available,06-037-1601,AQS
2003-04-29,44,Unknown,Hawthorne,06-037-5001,AQS
2003-04-30,47,Unknown,Burbank,06-037-1002,AQS
2003-05-01,48,Unknown,Burbank,06-037-1002,AQS
2003-05-02,48,Unknown,Hawthorne,06-037-5001,AQS
2003-05-03,28,Unknown,Hawthorne,06-037-5001,AQS
2003-05-04,38,Unknown,Los Angeles-North Main Street,06-037-1103,AQS
2003-05-05,52,Unknown,Burbank,06-037-1002,AQS
2003-05-06,45,Unknown,Burbank,06-037-1002,AQS
2003-05-07,34,Unknown,Lynwood,06-037-1301,AQS
2003-05-08,42,Unknown,Hawthorne,06-037-5001,AQS
2003-05-09,49,Unknown,Burbank,06-037-1002,AQS
2003-05-10,54,Unknown,Not Available,06-037-1601,AQS
2003-05-11,54,Unknown,Not Available,06-037-1601,AQS
2003-05-12,83,Unknown,Los Angeles-North Main Street,06-037-1103,AQS
2003-05-13,69,Unknown,Burbank,06-037-1002,AQS
2003-05-14,53,Unknown,Glendora,06-037-0016,AQS
2003-05-15,55,Unknown,Burbank,06-037-1002,AQS
2003-05-16,72,Unknown,Los Angeles-North Main Street,06-037-1103,AQS
2003-05-17,60,Unknown,Burbank,06-037-1002,AQS
2003-05-18,49,Unknown,Lynwood,06-037-1301,AQS
2003-05-19,91,Unknown,Los Angeles-North Main Street,06-037-1103,AQS
2003-05-20,103,Unknown,Los Angeles-North Main Street,06-037-1103,AQS
2003-05-21,109,Unknown,Los Angeles-North Main Street,06-037-1103,AQS
2003-05-22,77,Unknown,Burbank,06-037-1002,AQS
2003-05-23,65,Unknown,Lancaster-Division Street,06-037-9033,AQS
2003-05-24,35,Unknown,Lynwood,06-037-1301,AQS
2003-05-25,42,Unknown,Not Available,06-037-1601,AQS
2003-05-26,49,Unknown,Burbank,06-037-1002,AQS
2003-05-27,84,Unknown,Pasadena,06-037-2005,AQS
2003-05-28,101,Unknown,Los Angeles-North Main Street,06-037-1103,AQS
2003-05-29,56,Unknown,Burbank,06-037-1002,AQS
2003-05-30,52,Unknown,Santa Clarita,06-037-6012,AQS
2003-05-31,41,Unknown,Burbank,06-037-1002,AQS
2003-06-01,55,Unknown,Santa Clarita,06-037-6012,AQS
2003-06-02,50,Unknown,Burbank,06-037-1002,AQS
2003-06-03,42,Unknown,Lancaster-Division Street,06-037-9033,AQS
2003-06-04,40,Unknown,Pasadena,06-037-2005,AQS
2003-06-05,42,Unknown,Lancaster-Division Street,06-037-9033,AQS
2003-06-06,38,Unknown,Not Available,06-037-1601,AQS
2003-06-07,40,Unknown,Long Beach (North),06-037-4002,AQS
2003-06-08,31,Unknown,Lynwood,06-037-1301,AQS
2003-06-09,42,Unknown,Hawthorne,06-037-5001,AQS
2003-06-10,35,Unknown,Pasadena,06-037-2005,AQS
2003-06-11,42,Unknown,Not Available,06-037-1601,AQS
2003-06-12,43,Unknown,Not Available,06-037-1601,AQS
2003-06-13,48,Unknown,Reseda,06-037-1201,AQS
2003-06-14,52,Unknown,Burbank,06-037-1002,AQS
2003-06-15,42,Unknown,Burbank,06-037-1002,AQS
2003-06-16,53,Unknown,Santa Clarita,06-037-6012,AQS
2003-06-17,55,Unknown,Los Angeles-North Main Street,06-037-1103,AQS
2003-06-18,44,Unknown,Lancaster-Division Street,06-037-9033,AQS
2003-06-19,42,Unknown,Hawthorne,06-037-5001,AQS
2003-06-20,37,Unknown,Long Beach (North),06-037-4002,AQS
2003-06-21,32,Unknown,Long Beach (North),06-037-4002,AQS
2003-06-22,25,Unknown,Long Beach (North),06-037-4002,AQS
2003-06-23,33,Unknown,Not Available,06-037-1601,AQS
2003-06-24,54,Unknown,Not Available,06-037-1601,AQS
2003-06-25,82,Unknown,Not Available,06-037-1601,AQS
2003-06-26,73,Unknown,Glendora,06-037-0016,AQS
2003-06-27,67,Unknown,Glendora,06-037-0016,AQS
2003-06-28,44,Unknown,Glendora,06-037-0016,AQS
2003-06-29,44,Unknown,Reseda,06-037-1201,AQS
2003-06-30,91,Unknown,Pomona,06-037-1701,AQS
2003-07-01,86,Unknown,Glendora,06-037-0016,AQS
2003-07-02,81,Unknown,Pomona,06-037-1701,AQS
2003-07-03,83,Unknown,Not Available,06-037-1601,AQS
2003-07-04,60,Unknown,Glendora,06-037-0016,AQS
2003-07-05,64,Unknown,Pomona,06-037-1701,AQS
2003-07-06,40,Unknown,West Los Angeles,06-037-0113,AQS
2003-07-07,45,Unknown,Santa Clarita,06-037-6012,AQS
2003-07-08,72,Unknown,Santa Clarita,06-037-6012,AQS
2003-07-09,62,Unknown,Pomona,06-037-1701,AQS
2003-07-10,95,Unknown,Reseda,06-037-1201,AQS
2003-07-11,67,Unknown,Reseda,06-037-1201,AQS
2003-07-12,56,Unknown,Burbank,06-037-1002,AQS
2003-07-13,60,Unknown,Burbank,06-037-1002,AQS
2003-07-14,64,Unknown,Pomona,06-037-1701,AQS
2003-07-15,85,Unknown,Burbank,06-037-1002,AQS
2003-07-16,100,Unknown,Pasadena,06-037-2005,AQS
2003-07-17,87,Unknown,Pomona,06-037-1701,AQS
2003-07-18,55,Unknown,Santa Clarita,06-037-6012,AQS
2003-07-19,49,Unknown,Glendora,06-037-0016,AQS
2003-07-20,35,Unknown,Hawthorne,06-037-5001,AQS
2003-07-21,54,Unknown,Lancaster-Division Street,06-037-9033,AQS
2003-07-22,54,Unknown,Glendora,06-037-0016,AQS
2003-07-23,54,Unknown,Pomona,06-037-1701,AQS
2003-07-24,45,Unknown,Santa Clarita,06-037-6012,AQS
2003-07-25,47,Unknown,Santa Clarita,06-037-6012,AQS
2003-07-26,37,Unknown,Santa Clarita,06-037-6012,AQS
2003-07-27,32,Unknown,Santa Clarita,06-037-6012,AQS
2003-07-28,45,Unknown,Lancaster-Division Street,06-037-9033,AQS
2003-07-29,53,Unknown,Pomona,06-037-1701,AQS
2003-07-30,58,Unknown,Los Angeles-North Main Street,06-037-1103,AQS
2003-07-31,54,Unknown,Pasadena,06-037-2005,AQS
2003-08-01,33,Unknown,Pomona,06-037-1701,AQS
2003-08-02,29,Unknown,Burbank,06-037-1002,AQS
2003-08-03,32,Unknown,Pomona,06-037-1701,AQS
2003-08-04,61,Unknown,Burbank,06-037-1002,AQS
2003-08-05,46,Unknown,Glendora,06-037-0016,AQS
2003-08-06,48,Unknown,Pomona,06-037-1701,AQS
2003-08-07,76,Unknown,Pomona,06-037-1701,AQS
2003-08-08,90,Unknown,Los Angeles-North Main Street,06-037-1103,AQS
2003-08-09,83,Unknown,Los Angeles-North Main Street,06-037-1103,AQS
2003-08-10,56,Unknown,Burbank,06-037-1002,AQS
2003-08-11,91,Unknown,Burbank,06-037-1002,AQS
2003-08-12,106,Unknown,Los Angeles-North Main Street,06-037-1103,AQS
2003-08-13,97,Unknown,Los Angeles-North Main Street,06-037-1103,AQS
2003-08-14,107,Unknown,Los Angeles-North Main Street,06-037-1103,AQS
2003-08-15,88,Unknown,Pomona,06-037-1701,AQS
2003-08-16,67,Unknown,Pomona,06-037-1701,AQS
2003-08-17,66,Unknown,Pomona,06-037-1701,AQS
2003-08-18,69,Unknown,Burbank,06-037-1002,AQS
2003-08-19,47,Unknown,Burbank,06-037-1002,AQS
2003-08-20,51,Unknown,Burbank,06-037-1002,AQS
2003-08-21,43,Unknown,Santa Clarita,06-037-6012,AQS
2003-08-22,31,Unknown,Pomona,06-037-1701,AQS
2003-08-23,41,Unknown,Los Angeles-North Main Street,06-037-1103,AQS
2003-08-24,45,Unknown,Not Available,06-037-1601,AQS
2003-08-25,58,Unknown,Pomona,06-037-1701,AQS
2003-08-26,63,Unknown,Long Beach (North),06-037-4002,AQS
2003-08-27,77,Unknown,Pasadena,06-037-2005,AQS
2003-08-28,70,Unknown,Glendora,06-037-0016,AQS
2003-08-29,78,Unknown,Burbank,06-037-1002,AQS
2003-08-30,65,Unknown,Reseda,06-037-1201,AQS
2003-08-31,47,Unknown,Burbank,06-037-1002,AQS
2003-09-01,48,Unknown,Pasadena,06-037-2005,AQS
2003-09-02,60,Unknown,Burbank,06-037-1002,AQS
2003-09-03,63,Unknown,Burbank,06-037-1002,AQS
2003-09-04,90,Unknown,Pasadena,06-037-2005,AQS
2003-09-05,102,Unknown,Los Angeles-North Main Street,06-037-1103,AQS
2003-09-06,64,Unknown,Pomona,06-037-1701,AQS
2003-09-07,48,Unknown,Pomona,06-037-1701,AQS
2003-09-08,48,Unknown,Pomona,06-037-1701,AQS
2003-09-09,46,Unknown,Santa Clarita,06-037-6012,AQS
2003-09-10,53,Unknown,Pomona,06-037-1701,AQS
2003-09-11,82,Unknown,Not Available,06-037-1601,AQS
2003-09-12,71,Unknown,Glendora,06-037-0016,AQS
2003-09-13,52,Unknown,Burbank,06-037-1002,AQS
2003-09-14,42,Unknown,Reseda,06-037-1201,AQS
2003-09-15,66,Unknown,Pomona,06-037-1701,AQS
2003-09-16,70,Unknown,Pomona,06-037-1701,AQS
2003-09-17,58,Unknown,Burbank,06-037-1002,AQS
2003-09-18,69,Unknown,Los Angeles-North Main Street,06-037-1103,AQS
2003-09-19,103,Unknown,Pasadena,06-037-2005,AQS
2003-09-20,93,Unknown,Pomona,06-037-1701,AQS
2003-09-21,63,Unknown,Pomona,06-037-1701,AQS
2003-09-22,103,Unknown,Glendora,06-037-0016,AQS
2003-09-23,102,Unknown,Glendora,06-037-0016,AQS
2003-09-24,55,Unknown,Lancaster-Division Street,06-037-9033,AQS
2003-09-25,62,Unknown,Santa Clarita,06-037-6012,AQS
2003-09-26,71,Unknown,Santa Clarita,06-037-6012,AQS
2003-09-27,69,Unknown,Pomona,06-037-1701,AQS
2003-09-28,41,Unknown,Reseda,06-037-1201,AQS
2003-09-29,67,Unknown,Los Angeles-North Main Street,06-037-1103,AQS
2003-09-30,55,Unknown,Lancaster-Division Street,06-037-9033,AQS
2003-10-01,53,Unknown,Pomona,06-037-1701,AQS
2003-10-02,57,Unknown,Burbank,06-037-1002,AQS
2003-10-03,46,Unknown,Not Available,06-037-1601,AQS
2003-10-04,45,Unknown,Glendora,06-037-0016,AQS
2003-10-05,44,Unknown,Santa Clarita,06-037-6012,AQS
2003-10-06,79,Unknown,Santa Clarita,06-037-6012,AQS
2003-10-07,66,Unknown,Santa Clarita,06-037-6012,AQS
2003-10-08,81,Unknown,Pomona,06-037-1701,AQS
2003-10-09,89,Unknown,Reseda,06-037-1201,AQS
2003-10-10,64,Unknown,Los Angeles-North Main Street,06-037-1103,AQS
2003-10-11,55,Unknown,Hawthorne,06-037-5001,AQS
2003-10-12,57,Unknown,Pomona,06-037-1701,AQS
2003-10-13,99,Unknown,Burbank,06-037-1002,AQS
2003-10-14,87,Unknown,Pomona,06-037-1701,AQS
2003-10-15,60,Unknown,Glendora,06-037-0016,AQS
2003-10-16,86,Unknown,Pomona,06-037-1701,AQS
2003-10-17,109,Unknown,Not Available,06-037-1601,AQS
2003-10-18,101,Unknown,Los Angeles-North Main Street,06-037-1103,AQS
2003-10-19,100,Unknown,Los Angeles-North Main Street,06-037-1103,AQS
2003-10-20,107,Unknown,Long Beach (North),06-037-4002,AQS
2003-10-21,107,Unknown,Long Beach (North),06-037-4002,AQS
2003-10-22,112,Unknown,La Habra,06-059-5001,AQS
2003-10-23,108,Unknown,Pasadena,06-037-2005,AQS
2003-10-24,104,Unknown,Burbank,06-037-1002,AQS
2003-10-25,106,Unknown,La Habra,06-059-5001,AQS
2003-10-26,103,Unknown,Long Beach (North),06-037-4002,AQS
2003-10-27,106,Unknown,Long Beach (North),06-037-4002,AQS
2003-10-28,107,Unknown,Burbank,06-037-1002,AQS
2003-10-29,86,Unknown,West Los Angeles,06-037-0113,AQS
2003-10-30,44,Unknown,West Los Angeles,06-037-0113,AQS
2003-10-31,42,Unknown,Los Angeles-North Main Street,06-037-1103,AQS
2003-11-01,44,Unknown,Long Beach (North),06-037-4002,AQS
2003-11-02,47,Unknown,Hawthorne,06-037-5001,AQS
2003-11-03,47,Unknown,Hawthorne,06-037-5001,AQS
2003-11-04,52,Unknown,Long Beach (North),06-037-4002,AQS
2003-11-05,58,Unknown,Pomona,06-037-1701,AQS
2003-11-06,74,Unknown,Long Beach (North),06-037-4002,AQS
2003-11-07,79,Unknown,Hawthorne,06-037-5001,AQS
2003-11-08,71,Unknown,Not Available,06-037-1601,AQS
2003-11-09,41,Unknown,Glendora,06-037-0016,AQS
2003-11-10,64,Unknown,Long Beach (North),06-037-4002,AQS
2003-11-11,68,Unknown,Santa Clarita,06-037-6012,AQS
2003-11-12,47,Unknown,Santa Clarita,06-037-6012,AQS
2003-11-13,53,Unknown,Not Available,06-037-1601,AQS
2003-11-14,66,Unknown,Long Beach (North),06-037-4002,AQS
2003-11-15,39,Unknown,Hawthorne,06-037-5001,AQS
2003-11-16,38,Unknown,Hawthorne,06-037-5001,AQS
2003-11-17,51,Unknown,Long Beach (North),06-037-4002,AQS
2003-11-18,72,Unknown,Long Beach (North),06-037-4002,AQS
2003-11-19,79,Unknown,Costa Mesa,06-059-1003,AQS
2003-11-20,69,Unknown,Santa Clarita,06-037-6012,AQS
2003-11-21,42,Unknown,Glendora,06-037-0016,AQS
2003-11-22,52,Unknown,Long Beach (North),06-037-4002,AQS
2003-11-23,53,Unknown,Los Angeles-North Main Street,06-037-1103,AQS
2003-11-24,64,Unknown,Long Beach (North),06-037-4002,AQS
2003-11-25,64,Unknown,Pomona,06-037-1701,AQS
2003-11-26,60,Unknown,Burbank,06-037-1002,AQS
2003-11-27,54,Unknown,Long Beach (North),06-037-4002,AQS
2003-11-28,52,Unknown,Long Beach (North),06-037-4002,AQS
2003-11-29,78,Unknown,Long Beach (North),06-037-4002,AQS
2003-11-30,77,Unknown,Burbank,06-037-1002,AQS
2003-12-01,81,Unknown,Burbank,06-037-1002,AQS
2003-12-02,89,Unknown,Not Available,06-037-1601,AQS
2003-12-03,101,Unknown,Hawthorne,06-037-5001,AQS
2003-12-04,105,Unknown,Burbank,06-037-1002,AQS
2003-12-05,113,Unknown,Los Angeles-North Main Street,06-037-1103,AQS
2003-12-06,105,Unknown,Los Angeles-North Main Street,06-037-1103,AQS
2003-12-07,48,Unknown,Reseda,06-037-1201,AQS
2003-12-08,54,Unknown,Long Beach (North),06-037-4002,AQS
2003-12-09,56,Unknown,Hawthorne,06-037-5001,AQS
2003-12-10,62,Unknown,Long Beach (North),06-037-4002,AQS
2003-12-11,42,Unknown,Long Beach (North),06-037-4002,AQS
2003-12-12,54,Unknown,Not Available,06-037-1601,AQS
2003-12-13,60,Unknown,Long Beach (North),06-037-4002,AQS
2003-12-14,54,Unknown,Hawthorne,06-037-5001,AQS
2003-12-15,53,Unknown,Long Beach (North),06-037-4002,AQS
2003-12-16,64,Unknown,Burbank,06-037-1002,AQS
2003-12-17,65,Unknown,Long Beach (North),06-037-4002,AQS
2003-12-18,80,Unknown,Long Beach (North),06-037-4002,AQS
2003-12-19,90,Unknown,Hawthorne,06-037-5001,AQS
2003-12-20,79,Unknown,Hawthorne,06-037-5001,AQS
2003-12-21,48,Unknown,Hawthorne,06-037-5001,AQS
2003-12-22,71,Unknown,Burbank,06-037-1002,AQS
2003-12-23,58,Unknown,Not Available,06-037-1601,AQS
2003-12-24,47,Unknown,Hawthorne,06-037-5001,AQS
2003-12-25,38,Unknown,Hawthorne,06-037-5001,AQS
2003-12-26,49,Unknown,Reseda,06-037-1201,AQS
2003-12-27,46,Unknown,Long Beach (North),06-037-4002,AQS
2003-12-28,47,Unknown,Long Beach (North),06-037-4002,AQS
2003-12-29,56,Unknown,Costa Mesa,06-059-1003,AQS
2003-12-30,56,Unknown,Los Angeles-North Main Street,06-037-1103,AQS
2003-12-31,58,Unknown,Long Beach (North),06-037-4002,AQS
2004-01-01,49,Unknown,Hawthorne,06-037-5001,AQS
2004-01-02,45,Unknown,West Los Angeles,06-037-0113,AQS
2004-01-03,38,Unknown,Long Beach (North),06-037-4002,AQS
2004-01-04,47,Unknown,Costa Mesa,06-059-1003,AQS
2004-01-05,49,Unknown,Long Beach (North),06-037-4002,AQS
2004-01-06,60,Unknown,Costa Mesa,06-059-1003,AQS
2004-01-07,93,Unknown,Glendora,06-037-0016,AQS
2004-01-08,101,Unknown,Long Beach (North),06-037-4002,AQS
2004-01-09,88,Unknown,Long Beach (North),06-037-4002,AQS
2004-01-10,82,Unknown,Costa Mesa,06-059-1003,AQS
2004-01-11,63,Unknown,Glendora,06-037-0016,AQS
2004-01-12,83,Unknown,Burbank,06-037-1002,AQS
2004-01-13,95,Unknown,Costa Mesa,06-059-1003,AQS
2004-01-14,68,Unknown,Burbank,06-037-1002,AQS
2004-01-15,64,Unknown,Burbank,06-037-1002,AQS
2004-01-16,63,Unknown,Glendora,06-037-0016,AQS
2004-01-17,60,Unknown,Glendora,06-037-0016,AQS
2004-01-18,58,Unknown,Glendora,06-037-0016,AQS
2004-01-19,90,Unknown,Not Available,06-037-1601,AQS
2004-01-20,63,Unknown,Hawthorne,06-037-5001,AQS
2004-01-21,54,Unknown,Hawthorne,06-037-5001,AQS
2004-01-22,63,Unknown,Not Available,06-037-1601,AQS
2004-01-23,79,Unknown,Hawthorne,06-037-5001,AQS
2004-01-24,49,Unknown,Hawthorne,06-037-5001,AQS
2004-01-25,42,Unknown,Hawthorne,06-037-5001,AQS
2004-01-26,47,Unknown,Burbank,06-037-1002,AQS
2004-01-27,61,Unknown,Glendora,06-037-0016,AQS
2004-01-28,54,Unknown,Glendora,06-037-0016,AQS
2004-01-29,72,Unknown,Glendora,06-037-0016,AQS
2004-01-30,81,Unknown,Los Angeles-North Main Street,06-037-1103,AQS
2004-01-31,42,Unknown,Los Angeles-North Main Street,06-037-1103,AQS
2004-02-01,48,Unknown,Hawthorne,06-037-5001,AQS
2004-02-02,52,Unknown,Hawthorne,06-037-5001,AQS
2004-02-03,49,Unknown,Hawthorne,06-037-5001,AQS
2004-02-04,41,Unknown,Long Beach (North),06-037-4002,AQS
2004-02-05,62,Unknown,Long Beach (North),06-037-4002,AQS
2004-02-06,55,Unknown,Long Beach (North),06-037-4002,AQS
2004-02-07,52,Unknown,Long Beach (North),06-037-4002,AQS
2004-02-08,44,Unknown,Hawthorne,06-037-5001,AQS
2004-02-09,54,Unknown,Burbank,06-037-1002,AQS
2004-02-10,81,Unknown,Lynwood,06-037-1301,AQS
2004-02-11,66,Unknown,Not Available,06-037-1601,AQS
2004-02-12,64,Unknown,Long Beach (North),06-037-4002,AQS
2004-02-13,61,Unknown,Long Beach (North),06-037-4002,AQS
2004-02-14,62,Unknown,Long Beach (North),06-037-4002,AQS
2004-02-15,52,Unknown,Hawthorne,06-037-5001,AQS
2004-02-16,68,Unknown,Glendora,06-037-0016,AQS
2004-02-17,104,Unknown,Glendora,06-037-0016,AQS
2004-02-18,65,Unknown,Glendora,06-037-0016,AQS
2004-02-19,58,Unknown,Hawthorne,06-037-5001,AQS
2004-02-20,51,Unknown,Glendora,06-037-0016,AQS
2004-02-21,42,Unknown,Hawthorne,06-037-5001,AQS
2004-02-22,36,Unknown,Long Beach (North),06-037-4002,AQS
2004-02-23,87,Unknown,Lancaster-Division Street,06-037-9033,AQS
2004-02-24,44,Unknown,Long Beach (North),06-037-4002,AQS
2004-02-25,42,Unknown,Long Beach (North),06-037-4002,AQS
2004-02-26,50,Unknown,Long Beach (North),06-037-4002,AQS
2004-02-27,45,Unknown,Long Beach (North),06-037-4002,AQS
2004-02-28,44,Unknown,Long Beach (North),06-037-4002,AQS
2004-02-29,47,Unknown,Hawthorne,06-037-5001,AQS
2004-03-01,51,Unknown,Long Beach (North),06-037-4002,AQS
2004-03-02,57,Unknown,Long Beach (North),06-037-4002,AQS
2004-03-03,81,Unknown,Long Beach (North),06-037-4002,AQS
2004-03-04,49,Unknown,Long Beach (North),06-037-4002,AQS
2004-03-05,57,Unknown,Long Beach (North),06-037-4002,AQS
2004-03-06,68,Unknown,Long Beach (North),06-037-4002,AQS
2004-03-07,78,Unknown,Long Beach (North),06-037-4002,AQS
2004-03-08,73,Unknown,Burbank,06-037-1002,AQS
2004-03-09,104,Unknown,Long Beach (North),06-037-4002,AQS
2004-03-10,74,Unknown,Long Beach (North),06-037-4002,AQS
2004-03-11,85,Unknown,Burbank,06-037-1002,AQS
2004-03-12,45,Unknown,Reseda,06-037-1201,AQS
2004-03-13,54,Unknown,Burbank,06-037-1002,AQS
2004-03-14,62,Unknown,Long Beach (North),06-037-4002,AQS
2004-03-15,82,Unknown,Burbank,06-037-1002,AQS
2004-03-16,102,Unknown,Los Angeles-North Main Street,06-037-1103,AQS
2004-03-17,102,Unknown,Los Angeles-North Main Street,06-037-1103,AQS
2004-03-18,95,Unknown,Burbank,06-037-1002,AQS
2004-03-19,76,Unknown,Burbank,06-037-1002,AQS
2004-03-20,77,Unknown,Pomona,06-037-1701,AQS
2004-03-21,54,Unknown,Reseda,06-037-1201,AQS
2004-03-22,81,Unknown,Glendora,06-037-0016,AQS
2004-03-23,51,Unknown,Hawthorne,06-037-5001,AQS
2004-03-24,67,Unknown,Long Beach (North),06-037-4002,AQS
2004-03-25,53,Unknown,Long Beach (North),06-037-4002,AQS
2004-03-26,57,Unknown,Long Beach (North),06-037-4002,AQS
2004-03-27,58,Unknown,Burbank,06-037-1002,AQS
2004-03-28,80,Unknown,Long Beach (North),06-037-4002,AQS
2004-03-29,88,Unknown,Long Beach (North),06-037-4002,AQS
2004-03-30,89,Unknown,Los Angeles-North Main Street,06-037-1103,AQS
2004-03-31,52,Unknown,Burbank,06-037-1002,AQS
2004-04-01,54,Unknown,Burbank,06-037-1002,AQS
2004-04-02,47,Unknown,Santa Clarita,06-037-6012,AQS
2004-04-03,38,Unknown,Santa Clarita,06-037-6012,AQS
2004-04-04,41,Unknown,Burbank,06-037-1002,AQS
2004-04-05,42,Unknown,Burbank,06-037-1002,AQS
2004-04-06,50,Unknown,Burbank,06-037-1002,AQS
2004-04-07,46,Unknown,Burbank,06-037-1002,AQS
2004-04-08,47,Unknown,Santa Clarita,06-037-6012,AQS
2004-04-09,54,Unknown,Lancaster-Division Street,06-037-9033,AQS
2004-04-10,36,Unknown,Pomona,06-037-1701,AQS
2004-04-11,54,Unknown,Burbank,06-037-1002,AQS
2004-04-12,76,Unknown,Burbank,06-037-1002,AQS
2004-04-13,64,Unknown,Burbank,06-037-1002,AQS
2004-04-14,58,Unknown,Burbank,06-037-1002,AQS
2004-04-15,51,Unknown,Pomona,06-037-1701,AQS
2004-04-16,44,Unknown,Burbank,06-037-1002,AQS
2004-04-17,39,Unknown,LAX Hastings,06-037-5005,AQS
2004-04-18,36,Unknown,Not Available,06-037-1601,AQS
2004-04-19,39,Unknown,LAX Hastings,06-037-5005,AQS
2004-04-20,41,Unknown,Burbank,06-037-1002,AQS
2004-04-21,68,Unknown,Santa Clarita,06-037-6012,AQS
2004-04-22,57,Unknown,Lynwood,06-037-1301,AQS
2004-04-23,57,Unknown,Lynwood,06-037-1301,AQS
2004-04-24,66,Unknown,Burbank,06-037-1002,AQS
2004-04-25,83,Unknown,Burbank,06-037-1002,AQS
2004-04-26,101,Unknown,Long Beach (North),06-037-4002,AQS
2004-04-27,102,Unknown,Long Beach (North),06-037-4002,AQS
2004-04-28,65,Unknown,Burbank,06-037-1002,AQS
2004-04-29,42,Unknown,Lancaster-Division Street,06-037-9033,AQS
2004-04-30,53,Unknown,Burbank,06-037-1002,AQS
2004-05-01,70,Unknown,Long Beach (North),06-037-4002,AQS
2004-05-02,67,Unknown,Lynwood,06-037-1301,AQS
2004-05-03,91,Unknown,Los Angeles-North Main Street,06-037-1103,AQS
2004-05-04,102,Unknown,Burbank,06-037-1002,AQS
2004-05-05,63,Unknown,Lynwood,06-037-1301,AQS
2004-05-06,69,Unknown,Burbank,06-037-1002,AQS
2004-05-07,86,Unknown,Los Angeles-North Main Street,06-037-1103,AQS
2004-05-08,51,Unknown,Burbank,06-037-1002,AQS
2004-05-09,52,Unknown,Burbank,06-037-1002,AQS
2004-05-10,48,Unknown,Burbank,06-037-1002,AQS
2004-05-11,45,Unknown,Los Angeles-North Main Street,06-037-1103,AQS
2004-05-12,63,Unknown,Burbank,06-037-1002,AQS
2004-05-13,69,Unknown,Burbank,06-037-1002,AQS
2004-05-14,93,Unknown,Los Angeles-North Main Street,06-037-1103,AQS
2004-05-15,68,Unknown,Burbank,06-037-1002,AQS
2004-05-16,48,Unknown,Burbank,06-037-1002,AQS
2004-05-17,32,Unknown,Not Available,06-037-1601,AQS
2004-05-18,42,Unknown,Burbank,06-037-1002,AQS
2004-05-19,45,Unknown,Burbank,06-037-1002,AQS
2004-05-20,44,Unknown,Burbank,06-037-1002,AQS
2004-05-21,44,Unknown,Burbank,06-037-1002,AQS
2004-05-22,42,Unknown,Burbank,06-037-1002,AQS
2004-05-23,33,Unknown,Burbank,06-037-1002,AQS
2004-05-24,38,Unknown,Lynwood,06-037-1301,AQS
2004-05-25,37,Unknown,Burbank,06-037-1002,AQS
2004-05-26,41,Unknown,Los Angeles-North Main Street,06-037-1103,AQS
2004-05-27,42,Unknown,Glendora,06-037-0016,AQS
2004-05-28,40,Unknown,Burbank,06-037-1002,AQS
2004-05-29,47,Unknown,Lynwood,06-037-1301,AQS
2004-05-30,66,Unknown,Pomona,06-037-1701,AQS
2004-05-31,50,Unknown,Burbank,06-037-1002,AQS
2004-06-01,56,Unknown,Burbank,06-037-1002,AQS
2004-06-02,53,Unknown,Burbank,06-037-1002,AQS
2004-06-03,56,Unknown,Pasadena,06-037-2005,AQS
2004-06-04,77,Unknown,Los Angeles-North Main Street,06-037-1103,AQS
2004-06-05,57,Unknown,Los Angeles-North Main Street,06-037-1103,AQS
2004-06-06,35,Unknown,Pomona,06-037-1701,AQS
2004-06-07,45,Unknown,Lynwood,06-037-1301,AQS
2004-06-08,42,Unknown,Lynwood,06-037-1301,AQS
2004-06-09,37,Unknown,Lynwood,06-037-1301,AQS
2004-06-10,44,Unknown,Santa Clarita,06-037-6012,AQS
2004-06-11,49,Unknown,Lynwood,06-037-1301,AQS
2004-06-12,46,Unknown,Burbank,06-037-1002,AQS
2004-06-13,42,Unknown,Burbank,06-037-1002,AQS
2004-06-14,46,Unknown,Santa Clarita,06-037-6012,AQS
2004-06-15,41,Unknown,Lancaster-Division Street,06-037-9033,AQS
2004-06-16,49,Unknown,Lancaster-Division Street,06-037-9033,AQS
2004-06-17,37,Unknown,Los Angeles-North Main Street,06-037-1103,AQS
2004-06-18,40,Unknown,Los Angeles-North Main Street,06-037-1103,AQS
2004-06-19,34,Unknown,Lynwood,06-037-1301,AQS
2004-06-20,36,Unknown,Santa Clarita,06-037-6012,AQS
2004-06-21,42,Unknown,Los Angeles-North Main Street,06-037-1103,AQS
2004-06-22,48,Unknown,Lancaster-Division Street,06-037-9033,AQS
2004-06-23,48,Unknown,Lynwood,06-037-1301,AQS
2004-06-24,57,Unknown,Santa Clarita,06-037-6012,AQS
2004-06-25,72,Unknown,Los Angeles-North Main Street,06-037-1103,AQS
2004-06-26,48,Unknown,Burbank,06-037-1002,AQS
2004-06-27,32,Unknown,Burbank,06-037-1002,AQS
2004-06-28,42,Unknown,Lancaster-Division Street,06-037-9033,AQS
2004-06-29,35,Unknown,Lynwood,06-037-1301,AQS
2004-06-30,36,Unknown,Lynwood,06-037-1301,AQS
2004-07-01,42,Unknown,Lynwood,06-037-1301,AQS
2004-07-02,49,Unknown,Lancaster-Division Street,06-037-9033,AQS
2004-07-03,38,Unknown,Lynwood,06-037-1301,AQS
2004-07-04,39,Unknown,Lynwood,06-037-1301,AQS
2004-07-05,35,Unknown,Santa Clarita,06-037-6012,AQS
2004-07-06,49,Unknown,Los Angeles-North Main Street,06-037-1103,AQS
2004-07-07,49,Unknown,Los Angeles-North Main Street,06-037-1103,AQS
2004-07-08,41,Unknown,Burbank,06-037-1002,AQS
2004-07-09,41,Unknown,Not Available,06-037-1601,AQS
2004-07-10,44,Unknown,Burbank,06-037-1002,AQS
2004-07-11,47,Unknown,Burbank,06-037-1002,AQS
2004-07-12,76,Unknown,Burbank,06-037-1002,AQS
2004-07-13,72,Unknown,Burbank,06-037-1002,AQS
2004-07-14,95,Unknown,Los Angeles-North Main Street,06-037-1103,AQS
2004-07-15,60,Unknown,Lynwood,06-037-1301,AQS
2004-07-16,80,Unknown,Los Angeles-North Main Street,06-037-1103,AQS
2004-07-17,48,Unknown,Los Angeles-North Main Street,06-037-1103,AQS
2004-07-18,44,Unknown,Burbank,06-037-1002,AQS
2004-07-19,72,Unknown,Burbank,06-037-1002,AQS
2004-07-20,67,Unknown,Burbank,06-037-1002,AQS
2004-07-21,51,Unknown,Burbank,06-037-1002,AQS
2004-07-22,49,Unknown,Los Angeles-North Main Street,06-037-1103,AQS
2004-07-23,48,Unknown,Burbank,06-037-1002,AQS
2004-07-24,53,Unknown,Los Angeles-North Main Street,06-037-1103,AQS
2004-07-25,48,Unknown,Pomona,06-037-1701,AQS
2004-07-26,51,Unknown,Pasadena,06-037-2005,AQS
2004-07-27,58,Unknown,Santa Clarita,06-037-6012,AQS
2004-07-28,51,Unknown,Lancaster-Division Street,06-037-9033,AQS
2004-07-29,49,Unknown,Santa Clarita,06-037-6012,AQS
2004-07-30,55,Unknown,Santa Clarita,06-037-6012,AQS
2004-07-31,43,Unknown,Los Angeles-North Main Street,06-037-1103,AQS
2004-08-01,40,Unknown,Los Angeles-North Main Street,06-037-1103,AQS
2004-08-02,42,Unknown,Lancaster-Division Street,06-037-9033,AQS
2004-08-03,46,Unknown,Santa Clarita,06-037-6012,AQS
2004-08-04,52,Unknown,Santa Clarita,06-037-6012,AQS
2004-08-05,45,Unknown,Santa Clarita,06-037-6012,AQS
2004-08-06,79,Unknown,Los Angeles-North Main Street,06-037-1103,AQS
2004-08-07,87,Unknown,Los Angeles-North Main Street,06-037-1103,AQS
2004-08-08,46,Unknown,Pomona,06-037-1701,AQS
2004-08-09,61,Unknown,Glendora,06-037-0016,AQS
2004-08-10,89,Unknown,Not Available,06-037-1601,AQS
2004-08-11,68,Unknown,Los Angeles-North Main Street,06-037-1103,AQS
2004-08-12,53,Unknown,Glendora,06-037-0016,AQS
2004-08-13,52,Unknown,Santa Clarita,06-037-6012,AQS
2004-08-14,45,Unknown,Glendora,06-037-0016,AQS
2004-08-15,43,Unknown,Santa Clarita,06-037-6012,AQS
2004-08-16,52,Unknown,Santa Clarita,06-037-6012,AQS
2004-08-17,54,Unknown,Glendora,06-037-0016,AQS
2004-08-18,58,Unknown,Los Angeles-North Main Street,06-037-1103,AQS
2004-08-19,45,Unknown,Santa Clarita,06-037-6012,AQS
2004-08-20,45,Unknown,Burbank,06-037-1002,AQS
2004-08-21,33,Unknown,Glendora,06-037-0016,AQS
2004-08-22,29,Unknown,Los Angeles-North Main Street,06-037-1103,AQS
2004-08-23,28,Unknown,Los Angeles-North Main Street,06-037-1103,AQS
2004-08-24,31,Unknown,Santa Clarita,06-037-6012,AQS
2004-08-25,43,Unknown,Glendora,06-037-0016,AQS
2004-08-26,45,Unknown,Santa Clarita,06-037-6012,AQS
2004-08-27,45,Unknown,Santa Clarita,06-037-6012,AQS
2004-08-28,49,Unknown,Glendora,06-037-0016,AQS
2004-08-29,44,Unknown,Santa Clarita,06-037-6012,AQS
2004-08-30,63,Unknown,Pomona,06-037-1701,AQS
2004-08-31,102,Unknown,Glendora,06-037-0016,AQS
2004-09-01,103,Unknown,Los Angeles-North Main Street,06-037-1103,AQS
2004-09-02,89,Unknown,Burbank,06-037-1002,AQS
2004-09-03,39,Unknown,Santa Clarita,06-037-6012,AQS
2004-09-04,62,Unknown,Los Angeles-North Main Street,06-037-1103,AQS
2004-09-05,66,Unknown,Lynwood,06-037-1301,AQS
2004-09-06,58,Unknown,Los Angeles-North Main Street,06-037-1103,AQS
2004-09-07,79,Unknown,Azusa,06-037-0002,AQS
2004-09-08,100,Unknown,Los Angeles-North Main Street,06-037-1103,AQS
2004-09-09,84,Unknown,Los Angeles-North Main Street,06-037-1103,AQS
2004-09-10,81,Unknown,Los Angeles-North Main Street,06-037-1103,AQS
2004-09-11,78,Unknown,Los Angeles-North Main Street,06-037-1103,AQS
2004-09-12,46,Unknown,Pomona,06-037-1701,AQS
2004-09-13,41,Unknown,Santa Clarita,06-037-6012,AQS
2004-09-14,40,Unknown,Burbank,06-037-1002,AQS
2004-09-15,52,Unknown,Lancaster-Division Street,06-037-9033,AQS
2004-09-16,54,Unknown,Lancaster-Division Street,06-037-9033,AQS
2004-09-17,105,Unknown,Anaheim,06-059-0007,AQS
2004-09-18,42,Unknown,Los Angeles-North Main Street,06-037-1103,AQS
2004-09-19,29,Unknown,West Los Angeles,06-037-0113,AQS
2004-09-20,48,Unknown,Los Angeles-North Main Street,06-037-1103,AQS
2004-09-21,69,Unknown,Lynwood,06-037-1301,AQS
2004-09-22,60,Unknown,La Habra,06-059-5001,AQS
2004-09-23,85,Unknown,West Los Angeles,06-037-0113,AQS
2004-09-24,102,Unknown,Burbank,06-037-1002,AQS
2004-09-25,103,Unknown,Los Angeles-North Main Street,06-037-1103,AQS
2004-09-26,68,Unknown,Pomona,06-037-1701,AQS
2004-09-27,76,Unknown,Burbank,06-037-1002,AQS
2004-09-28,42,Unknown,Glendora,06-037-0016,AQS
2004-09-29,42,Unknown,Los Angeles-North Main Street,06-037-1103,AQS
2004-09-30,42,Unknown,Glendora,06-037-0016,AQS
2004-10-01,48,Unknown,Pomona,06-037-1701,AQS
2004-10-02,55,Unknown,Pomona,06-037-1701,AQS
2004-10-03,50,Unknown,Burbank,06-037-1002,AQS
2004-10-04,73,Unknown,Burbank,06-037-1002,AQS
2004-10-05,80,Unknown,Pasadena,06-037-2005,AQS
2004-10-06,103,Unknown,Pasadena,06-037-2005,AQS
2004-10-07,104,Unknown,Los Angeles-North Main Street,06-037-1103,AQS
2004-10-08,112,Unknown,Los Angeles-North Main Street,06-037-1103,AQS
2004-10-09,93,Unknown,Glendora,06-037-0016,AQS
2004-10-10,42,Unknown,Los Angeles-North Main Street,06-037-1103,AQS
2004-10-11,55,Unknown,Glendora,06-037-0016,AQS
2004-10-12,80,Unknown,Los Angeles-North Main Street,06-037-1103,AQS
2004-10-13,56,Unknown,Pasadena,06-037-2005,AQS
2004-10-14,83,Unknown,Los Angeles-North Main Street,06-037-1103,AQS
2004-10-15,77,Unknown,Santa Clarita,06-037-6012,AQS
2004-10-16,50,Unknown,Glendora,06-037-0016,AQS
2004-10-17,24,Unknown,Los Angeles-North Main Street,06-037-1103,AQS
2004-10-18,38,Unknown,Los Angeles-North Main Street,06-037-1103,AQS
2004-10-19,33,Unknown,La Habra,06-059-5001,AQS
2004-10-20,41,Unknown,Los Angeles-North Main Street,06-037-1103,AQS
2004-10-21,40,Unknown,Los Angeles-North Main Street,06-037-1103,AQS
2004-10-22,48,Unknown,Not Available,06-037-1601,AQS
2004-10-23,46,Unknown,Not Available,06-037-1601,AQS
2004-10-24,43,Unknown,Los Angeles-North Main Street,06-037-1103,AQS
2004-10-25,44,Unknown,Los Angeles-North Main Street,06-037-1103,AQS
2004-10-26,108,Unknown,Los Angeles-North Main Street,06-037-1103,AQS
2004-10-27,42,Unknown,Los Angeles-North Main Street,06-037-1103,AQS
2004-10-28,38,Unknown,Not Available,06-037-1601,AQS
2004-10-29,52,Unknown,Pomona,06-037-1701,AQS
2004-10-30,51,Unknown,Pomona,06-037-1701,AQS
2004-10-31,58,Unknown,Pomona,06-037-1701,AQS
2004-11-01,55,Unknown,Azusa,06-037-0002,AQS
2004-11-02,54,Unknown,Pomona,06-037-1701,AQS
2004-11-03,54,Unknown,Reseda,06-037-1201,AQS
2004-11-04,43,Unknown,Pomona,06-037-1701,AQS
2004-11-05,48,Unknown,LAX Hastings,06-037-5005,AQS
2004-11-06,50,Unknown,LAX Hastings,06-037-5005,AQS
2004-11-07,43,Unknown,Pomona,06-037-1701,AQS
2004-11-08,73,Unknown,La Habra,06-059-5001,AQS
2004-11-09,43,Unknown,Pomona,06-037-1701,AQS
2004-11-10,50,Unknown,Pomona,06-037-1701,AQS
2004-11-11,47,Unknown,Pomona,06-037-1701,AQS
2004-11-12,52,Unknown,Azusa,06-037-0002,AQS
2004-11-13,52,Unknown,Pomona,06-037-1701,AQS
2004-11-14,49,Unknown,Los Angeles-North Main Street,06-037-1103,AQS
2004-11-15,60,Unknown,Los Angeles-North Main Street,06-037-1103,AQS
2004-11-16,65,Unknown,Lynwood,06-037-1301,AQS
2004-11-17,102,Unknown,Long Beach (North),06-037-4002,AQS
2004-11-18,102,Unknown,Azusa,06-037-0002,AQS
2004-11-19,84,Unknown,Not Available,06-037-1601,AQS
2004-11-20,49,Unknown,Lynwood,06-037-1301,AQS
2004-11-21,36,Unknown,Lynwood,06-037-1301,AQS
2004-11-22,47,Unknown,Lynwood,06-037-1301,AQS
2004-11-23,50,Unknown,Lynwood,06-037-1301,AQS
2004-11-24,57,Unknown,Lynwood,06-037-1301,AQS
2004-11-25,67,Unknown,West Los Angeles,06-037-0113,AQS
2004-11-26,52,Unknown,Pomona,06-037-1701,AQS
2004-11-27,48,Unknown,LAX Hastings,06-037-5005,AQS
2004-11-28,41,Unknown,Pomona,06-037-1701,AQS
2004-11-29,61,Unknown,Lynwood,06-037-1301,AQS
2004-11-30,53,Unknown,La Habra,06-059-5001,AQS
2004-12-01,60,Unknown,Long Beach (North),06-037-4002,AQS
2004-12-02,57,Unknown,Lynwood,06-037-1301,AQS
2004-12-03,58,Unknown,Burbank,06-037-1002,AQS
2004-12-04,55,Unknown,Pomona,06-037-1701,AQS
2004-12-05,41,Unknown,Lynwood,06-037-1301,AQS
2004-12-06,44,Unknown,Long Beach (North),06-037-4002,AQS
2004-12-07,48,Unknown,Lynwood,06-037-1301,AQS
2004-12-08,45,Unknown,Lynwood,06-037-1301,AQS
2004-12-09,61,Unknown,Los Angeles-North Main Street,06-037-1103,AQS
2004-12-10,97,Unknown,Costa Mesa,06-059-1003,AQS
2004-12-11,68,Unknown,Not Available,06-037-1601,AQS
2004-12-12,49,Unknown,Pomona,06-037-1701,AQS
2004-12-13,67,Unknown,Pomona,06-037-1701,AQS
2004-12-14,94,Unknown,Costa Mesa,06-059-1003,AQS
2004-12-15,80,Unknown,Los Angeles-North Main Street,06-037-1103,AQS
2004-12-16,99,Unknown,Lynwood,06-037-1301,AQS
2004-12-17,90,Unknown,LAX Hastings,06-037-5005,AQS
2004-12-18,66,Unknown,Costa Mesa,06-059-1003,AQS
2004-12-19,50,Unknown,Costa Mesa,06-059-1003,AQS
2004-12-20,67,Unknown,Santa Clarita,06-037-6012,AQS
2004-12-21,48,Unknown,Lynwood,06-037-1301,AQS
2004-12-22,56,Unknown,Los Angeles-North Main Street,06-037-1103,AQS
2004-12-23,62,Unknown,Lynwood,06-037-1301,AQS
2004-12-24,53,Unknown,Lynwood,06-037-1301,AQS
2004-12-25,46,Unknown,Not Available,06-037-1601,AQS
2004-12-26,45,Unknown,Burbank,06-037-1002,AQS
2004-12-27,41,Unknown,Anaheim,06-059-0007,AQS
2004-12-28,36,Unknown,Reseda,06-037-1201,AQS
2004-12-29,46,Unknown,Los Angeles-North Main Street,06-037-1103,AQS
2004-12-30,43,Unknown,Los Angeles-North Main Street,06-037-1103,AQS
2004-12-31,38,Unknown,Pomona,06-037-1701,AQS
2005-01-01,36,Unknown,Los Angeles-North Main Street,06-037-1103,AQS
2005-01-02,33,Unknown,Pomona,06-037-1701,AQS
2005-01-03,40,Unknown,Los Angeles-North Main Street,06-037-1103,AQS
2005-01-04,46,Unknown,Pomona,06-037-1701,AQS
2005-01-05,45,Unknown,Los Angeles-North Main Street,06-037-1103,AQS
2005-01-06,50,Unknown,Pomona,06-037-1701,AQS
2005-01-07,38,Unknown,Los Angeles-North Main Street,06-037-1103,AQS
2005-01-08,37,Unknown,Los Angeles-North Main Street,06-037-1103,AQS
2005-01-09,27,Unknown,Los Angeles-North Main Street,06-037-1103,AQS
2005-01-10,27,Unknown,Los Angeles-North Main Street,06-037-1103,AQS
2005-01-11,35,Unknown,Not Available,06-037-1601,AQS
2005-01-12,54,Unknown,Los Angeles-North Main Street,06-037-1103,AQS
2005-01-13,61,Unknown,Burbank,06-037-1002,AQS
2005-01-14,62,Unknown,La Habra,06-059-5001,AQS
2005-01-15,58,Unknown,Anaheim,06-059-0007,AQS
2005-01-16,53,Unknown,Costa Mesa,06-059-1003,AQS
2005-01-17,62,Unknown,Los Angeles-North Main Street,06-037-1103,AQS
2005-01-18,65,Unknown,Los Angeles-North Main Street,06-037-1103,AQS
2005-01-19,69,Unknown,Burbank,06-037-1002,AQS
2005-01-20,62,Unknown,Burbank,06-037-1002,AQS
2005-01-21,73,Unknown,Burbank,06-037-1002,AQS
2005-01-22,99,Unknown,Los Angeles-North Main Street,06-037-1103,AQS
2005-01-23,64,Unknown,Pomona,06-037-1701,AQS
2005-01-24,76,Unknown,Los Angeles-North Main Street,06-037-1103,AQS
2005-01-25,53,Unknown,Santa Clarita,06-037-6012,AQS
2005-01-26,39,Unknown,Pomona,06-037-1701,AQS
2005-01-27,45,Unknown,Pomona,06-037-1701,AQS
2005-01-28,36,Unknown,Not Available,06-037-1601,AQS
2005-01-29,36,Unknown,Anaheim,06-059-0007,AQS
2005-01-30,44,Unknown,Pomona,06-037-1701,AQS
2005-01-31,53,Unknown,La Habra,06-059-5001,AQS
2005-02-01,61,Unknown,LAX Hastings,06-037-5005,AQS
2005-02-02,61,Unknown,Not Available,06-037-1601,AQS
2005-02-03,65,Unknown,LAX Hastings,06-037-5005,AQS
2005-02-04,58,Unknown,Long Beach (North),06-037-4002,AQS
2005-02-05,76,Unknown,Lynwood,06-037-1301,AQS
2005-02-06,43,Unknown,Reseda,06-037-1201,AQS
2005-02-07,42,Unknown,Lynwood,06-037-1301,AQS
2005-02-08,56,Unknown,Anaheim,06-059-0007,AQS
2005-02-09,57,Unknown,Lynwood,06-037-1301,AQS
2005-02-10,49,Unknown,Burbank,06-037-1002,AQS
2005-02-11,34,Unknown,Pomona,06-037-1701,AQS
2005-02-12,41,Unknown,Pomona,06-037-1701,AQS
2005-02-13,41,Unknown,Pomona,06-037-1701,AQS
2005-02-14,42,Unknown,Pomona,06-037-1701,AQS
2005-02-15,48,Unknown,Not Available,06-037-1601,AQS
2005-02-16,51,Unknown,Not Available,06-037-1601,AQS
2005-02-17,39,Unknown,LAX Hastings,06-037-5005,AQS
2005-02-18,31,Unknown,Pomona,06-037-1701,AQS
2005-02-19,38,Unknown,Lynwood,06-037-1301,AQS
2005-02-20,28,Unknown,Lynwood,06-037-1301,AQS
2005-02-21,37,Unknown,Lynwood,06-037-1301,AQS
2005-02-22,36,Unknown,Lynwood,06-037-1301,AQS
2005-02-23,42,Unknown,Lynwood,06-037-1301,AQS
2005-02-24,48,Unknown,Azusa,06-037-0002,AQS
2005-02-25,57,Unknown,Azusa,06-037-0002,AQS
2005-02-26,40,Unknown,Lynwood,06-037-1301,AQS
2005-02-27,40,Unknown,Lynwood,06-037-1301,AQS
2005-02-28,42,Unknown,Azusa,06-037-0002,AQS
2005-03-01,47,Unknown,Azusa,06-037-0002,AQS
2005-03-02,45,Unknown,Glendora,06-037-0016,AQS
2005-03-03,42,Unknown,Azusa,06-037-0002,AQS
2005-03-04,41,Unknown,Reseda,06-037-1201,AQS
2005-03-05,43,Unknown,Pomona,06-037-1701,AQS
2005-03-06,40,Unknown,LAX Hastings,06-037-5005,AQS
2005-03-07,62,Unknown,Azusa,06-037-0002,AQS
2005-03-08,58,Unknown,Santa Clarita,06-037-6012,AQS
2005-03-09,77,Unknown,Pasadena,06-037-2005,AQS
2005-03-10,93,Unknown,Los Angeles-North Main Street,06-037-1103,AQS
2005-03-11,74,Unknown,Burbank,06-037-1002,AQS
2005-03-12,51,Unknown,Not Available,06-037-1601,AQS
2005-03-13,33,Unknown,Lynwood,06-037-1301,AQS
2005-03-14,54,Unknown,Lynwood,06-037-1301,AQS
2005-03-15,56,Unknown,Lynwood,06-037-1301,AQS
2005-03-16,63,Unknown,Lynwood,06-037-1301,AQS
2005-03-17,53,Unknown,Lynwood,06-037-1301,AQS
2005-03-18,44,Unknown,Lynwood,06-037-1301,AQS
2005-03-19,38,Unknown,Lynwood,06-037-1301,AQS
2005-03-20,39,Unknown,Not Available,06-037-1601,AQS
2005-03-21,39,Unknown,Lynwood,06-037-1301,AQS
2005-03-22,38,Unknown,Not Available,06-037-1601,AQS
2005-03-23,41,Unknown,Lynwood,06-037-1301,AQS
2005-03-24,44,Unknown,Lynwood,06-037-1301,AQS
2005-03-25,45,Unknown,Not Available,06-037-1601,AQS
2005-03-26,57,Unknown,Lynwood,06-037-1301,AQS
2005-03-27,52,Unknown,Lynwood,06-037-1301,AQS
2005-03-28,43,Unknown,Pomona,06-037-1701,AQS
2005-03-29,42,Unknown,Lynwood,06-037-1301,AQS
2005-03-30,54,Unknown,Pomona,06-037-1701,AQS
2005-03-31,76,Unknown,Lynwood,06-037-1301,AQS
2005-04-01,60,Unknown,Lynwood,06-037-1301,AQS
2005-04-02,62,Unknown,Pomona,06-037-1701,AQS
2005-04-03,48,Unknown,Burbank,06-037-1002,AQS
2005-04-04,46,Unknown,Lynwood,06-037-1301,AQS
2005-04-05,66,Unknown,Lynwood,06-037-1301,AQS
2005-04-06,79,Unknown,Long Beach (North),06-037-4002,AQS
2005-04-07,50,Unknown,Los Angeles-North Main Street,06-037-1103,AQS
2005-04-08,47,Unknown,Santa Clarita,06-037-6012,AQS
2005-04-09,41,Unknown,Lynwood,06-037-1301,AQS
2005-04-10,42,Unknown,Lynwood,06-037-1301,AQS
2005-04-11,62,Unknown,Burbank,06-037-1002,AQS
2005-04-12,69,Unknown,Los Angeles-North Main Street,06-037-1103,AQS
2005-04-13,47,Unknown,Not Available,06-037-1601,AQS
2005-04-14,64,Unknown,Not Available,06-037-1601,AQS
2005-04-15,73,Unknown,Los Angeles-North Main Street,06-037-1103,AQS
2005-04-16,80,Unknown,Los Angeles-North Main Street,06-037-1103,AQS
2005-04-17,50,Unknown,Pomona,06-037-1701,AQS
2005-04-18,42,Unknown,Lynwood,06-037-1301,AQS
2005-04-19,37,Unknown,Lynwood,06-037-1301,AQS
2005-04-20,44,Unknown,Pomona,06-037-1701,AQS
2005-04-21,62,Unknown,Pomona,06-037-1701,AQS
2005-04-22,68,Unknown,Azusa,06-037-0002,AQS
2005-04-23,46,Unknown,Lynwood,06-037-1301,AQS
2005-04-24,28,Unknown,Not Available,06-037-1601,AQS
2005-04-25,35,Unknown,Burbank,06-037-1002,AQS
2005-04-26,44,Unknown,Lancaster-Division Street,06-037-9033,AQS
2005-04-27,39,Unknown,Pomona,06-037-1701,AQS
2005-04-28,29,Unknown,Lynwood,06-037-1301,AQS
2005-04-29,36,Unknown,Lynwood,06-037-1301,AQS
2005-04-30,35,Unknown,Lynwood,06-037-1301,AQS
2005-05-01,31,Unknown,Burbank,06-037-1002,AQS
2005-05-02,38,Unknown,Lancaster-Division Street,06-037-9033,AQS
2005-05-03,47,Unknown,Santa Clarita,06-037-6012,AQS
2005-05-04,44,Unknown,Lancaster-Division Street,06-037-9033,AQS
2005-05-05,36,Unknown,Lynwood,06-037-1301,AQS
2005-05-06,37,Unknown,Lynwood,06-037-1301,AQS
2005-05-07,29,Unknown,Burbank,06-037-1002,AQS
2005-05-08,29,Unknown,Burbank,06-037-1002,AQS
2005-05-09,30,Unknown,West Los Angeles,06-037-0113,AQS
2005-05-10,39,Unknown,Lynwood,06-037-1301,AQS
2005-05-11,49,Unknown,Pomona,06-037-1701,AQS
2005-05-12,58,Unknown,Long Beach (North),06-037-4002,AQS
2005-05-13,81,Unknown,Lynwood,06-037-1301,AQS
2005-05-14,55,Unknown,Burbank,06-037-1002,AQS
2005-05-15,45,Unknown,Los Angeles-North Main Street,06-037-1103,AQS
2005-05-16,36,Unknown,Santa Clarita,06-037-6012,AQS
2005-05-17,42,Unknown,Pomona,06-037-1701,AQS
2005-05-18,47,Unknown,Santa Clarita,06-037-6012,AQS
2005-05-19,57,Unknown,Los Angeles-North Main Street,06-037-1103,AQS
2005-05-20,53,Unknown,Pomona,06-037-1701,AQS
2005-05-21,64,Unknown,Lynwood,06-037-1301,AQS
2005-05-22,56,Unknown,Burbank,06-037-1002,AQS
2005-05-23,42,Unknown,Santa Clarita,06-037-6012,AQS
2005-05-24,38,Unknown,Santa Clarita,06-037-6012,AQS
2005-05-25,43,Unknown,Los Angeles-North Main Street,06-037-1103,AQS
2005-05-26,64,Unknown,Lancaster-Division Street,06-037-9033,AQS
2005-05-27,50,Unknown,Lancaster-Division Street,06-037-9033,AQS
2005-05-28,29,Unknown,Lynwood,06-037-1301,AQS
2005-05-29,26,Unknown,Long Beach (North),06-037-4002,AQS
2005-05-30,32,Unknown,Burbank,06-037-1002,AQS
2005-05-31,53,Unknown,Lancaster-Division Street,06-037-9033,AQS
2005-06-01,38,Unknown,Glendora,06-037-0016,AQS
2005-06-02,32,Unknown,Pomona,06-037-1701,AQS
2005-06-03,38,Unknown,Burbank,06-037-1002,AQS
2005-06-04,42,Unknown,Burbank,06-037-1002,AQS
2005-06-05,32,Unknown,Burbank,06-037-1002,AQS
2005-06-06,43,Unknown,Pomona,06-037-1701,AQS
2005-06-07,44,Unknown,Pomona,06-037-1701,AQS
2005-06-08,48,Unknown,Los Angeles-North Main Street,06-037-1103,AQS
2005-06-09,37,Unknown,Pomona,06-037-1701,AQS
2005-06-10,40,Unknown,Pomona,06-037-1701,AQS
2005-06-11,34,Unknown,Glendora,06-037-0016,AQS
2005-06-12,27,Unknown,Azusa,06-037-0002,AQS
2005-06-13,50,Unknown,Lancaster-Division Street,06-037-9033,AQS
2005-06-14,49,Unknown,Burbank,06-037-1002,AQS
2005-06-15,54,Unknown,Lancaster-Division Street,06-037-9033,AQS
2005-06-16,34,Unknown,Lynwood,06-037-1301,AQS
2005-06-17,31,Unknown,Azusa,06-037-0002,AQS
2005-06-18,33,Unknown,Burbank,06-037-1002,AQS
2005-06-19,40,Unknown,Pomona,06-037-1701,AQS
2005-06-20,53,Unknown,Lancaster-Division Street,06-037-9033,AQS
2005-06-21,57,Unknown,Los Angeles-North Main Street,06-037-1103,AQS
2005-06-22,64,Unknown,Pomona,06-037-1701,AQS
2005-06-23,55,Unknown,Pomona,06-037-1701,AQS
2005-06-24,53,Unknown,Pomona,06-037-1701,AQS
2005-06-25,36,Unknown,Pomona,06-037-1701,AQS
2005-06-26,37,Unknown,Burbank,06-037-1002,AQS
2005-06-27,36,Unknown,Lancaster-Division Street,06-037-9033,AQS
2005-06-28,42,Unknown,Pomona,06-037-1701,AQS
2005-06-29,48,Unknown,Burbank,06-037-1002,AQS
2005-06-30,65,Unknown,Lancaster-Division Street,06-037-9033,AQS
2005-07-01,62,Unknown,Burbank,06-037-1002,AQS
2005-07-02,46,Unknown,Santa Clarita,06-037-6012,AQS
2005-07-03,35,Unknown,Glendora,06-037-0016,AQS
2005-07-04,38,Unknown,Glendora,06-037-0016,AQS
2005-07-05,57,Unknown,Los Angeles-North Main Street,06-037-1103,AQS
2005-07-06,50,Unknown,Santa Clarita,06-037-6012,AQS
2005-07-07,47,Unknown,Pomona,06-037-1701,AQS
2005-07-08,40,Unknown,Los Angeles-North Main Street,06-037-1103,AQS
2005-07-09,42,Unknown,Burbank,06-037-1002,AQS
2005-07-10,32,Unknown,Santa Clarita,06-037-6012,AQS
2005-07-11,56,Unknown,Los Angeles-North Main Street,06-037-1103,AQS
2005-07-12,54,Unknown,Pomona,06-037-1701,AQS
2005-07-13,71,Unknown,Pomona,06-037-1701,AQS
2005-07-14,78,Unknown,Burbank,06-037-1002,AQS
2005-07-15,49,Unknown,Burbank,06-037-1002,AQS
2005-07-16,41,Unknown,Lancaster-Division Street,06-037-9033,AQS
2005-07-17,42,Unknown,Pomona,06-037-1701,AQS
2005-07-18,55,Unknown,Pomona,06-037-1701,AQS
2005-07-19,61,Unknown,Burbank,06-037-1002,AQS
2005-07-20,103,Unknown,Los Angeles-North Main Street,06-037-1103,AQS
2005-07-21,79,Unknown,Long Beach (North),06-037-4002,AQS
2005-07-22,73,Unknown,Los Angeles-North Main Street,06-037-1103,AQS
2005-07-23,43,Unknown,Burbank,06-037-1002,AQS
2005-07-24,29,Unknown,Burbank,06-037-1002,AQS
2005-07-25,48,Unknown,Pomona,06-037-1701,AQS
2005-07-26,53,Unknown,Pomona,06-037-1701,AQS
2005-07-27,55,Unknown,Lancaster-Division Street,06-037-9033,AQS
2005-07-28,45,Unknown,Lancaster-Division Street,06-037-9033,AQS
2005-07-29,48,Unknown,Glendora,06-037-0016,AQS
2005-07-30,44,Unknown,Glendora,06-037-0016,AQS
2005-07-31,33,Unknown,Reseda,06-037-1201,AQS
2005-08-01,43,Unknown,Santa Clarita,06-037-6012,AQS
2005-08-02,54,Unknown,Lancaster-Division Street,06-037-9033,AQS
2005-08-03,58,Unknown,Pasadena,06-037-2005,AQS
2005-08-04,56,Unknown,Lancaster-Division Street,06-037-9033,AQS
2005-08-05,62,Unknown,Burbank,06-037-1002,AQS
2005-08-06,53,Unknown,Pasadena,06-037-2005,AQS
2005-08-07,38,Unknown,Santa Clarita,06-037-6012,AQS
2005-08-08,49,Unknown,Azusa,06-037-0002,AQS
2005-08-09,52,Unknown,Los Angeles-North Main Street,06-037-1103,AQS
2005-08-10,42,Unknown,Lynwood,06-037-1301,AQS
2005-08-11,51,Unknown,Santa Clarita,06-037-6012,AQS
2005-08-12,42,Unknown,Santa Clarita,06-037-6012,AQS
2005-08-13,25,Unknown,Santa Clarita,06-037-6012,AQS
2005-08-14,36,Unknown,Lancaster-Division Street,06-037-9033,AQS
2005-08-15,35,Unknown,Azusa,06-037-0002,AQS
2005-08-16,41,Unknown,Pomona,06-037-1701,AQS
2005-08-17,48,Unknown,Pomona,06-037-1701,AQS
2005-08-18,43,Unknown,Lancaster-Division Street,06-037-9033,AQS
2005-08-19,64,Unknown,Pomona,06-037-1701,AQS
2005-08-20,44,Unknown,Pomona,06-037-1701,AQS
2005-08-21,45,Unknown,Pomona,06-037-1701,AQS
2005-08-22,60,Unknown,Pomona,06-037-1701,AQS
2005-08-23,48,Unknown,Santa Clarita,06-037-6012,AQS
2005-08-24,55,Unknown,Azusa,06-037-0002,AQS
2005-08-25,76,Unknown,Los Angeles-North Main Street,06-037-1103,AQS
2005-08-26,69,Unknown,Pomona,06-037-1701,AQS
2005-08-27,71,Unknown,Azusa,06-037-0002,AQS
2005-08-28,64,Unknown,Pomona,06-037-1701,AQS
2005-08-29,57,Unknown,Burbank,06-037-1002,AQS
2005-08-30,62,Unknown,Pomona,06-037-1701,AQS
2005-08-31,52,Unknown,Lancaster-Division Street,06-037-9033,AQS
2005-09-01,72,Unknown,Lancaster-Division Street,06-037-9033,AQS
2005-09-02,69,Unknown,Lancaster-Division Street,06-037-9033,AQS
2005-09-03,57,Unknown,Pomona,06-037-1701,AQS
2005-09-04,52,Unknown,Pomona,06-037-1701,AQS
2005-09-05,46,Unknown,Pomona,06-037-1701,AQS
2005-09-06,77,Unknown,Pomona,06-037-1701,AQS
2005-09-07,84,Unknown,Los Angeles-North Main Street,06-037-1103,AQS
2005-09-08,53,Unknown,Glendora,06-037-0016,AQS
2005-09-09,35,Unknown,Pomona,06-037-1701,AQS
2005-09-10,33,Unknown,Anaheim,06-059-0007,AQS
2005-09-11,30,Unknown,Pomona,06-037-1701,AQS
2005-09-12,34,Unknown,Pomona,06-037-1701,AQS
2005-09-13,32,Unknown,Lancaster-Division Street,06-037-9033,AQS
2005-09-14,44,Unknown,Pomona,06-037-1701,AQS
2005-09-15,55,Unknown,Lancaster-Division Street,06-037-9033,AQS
2005-09-16,42,Unknown,Pomona,06-037-1701,AQS
2005-09-17,46,Unknown,Pomona,06-037-1701,AQS
2005-09-18,42,Unknown,Reseda,06-037-1201,AQS
2005-09-19,63,Unknown,Burbank,06-037-1002,AQS
2005-09-20,57,Unknown,La Habra,06-059-5001,AQS
2005-09-21,76,Unknown,Long Beach (North),06-037-4002,AQS
2005-09-22,82,Unknown,Los Angeles-North Main Street,06-037-1103,AQS
2005-09-23,62,Unknown,Pomona,06-037-1701,AQS
2005-09-24,41,Unknown,Pomona,06-037-1701,AQS
2005-09-25,64,Unknown,Burbank,06-037-1002,AQS
2005-09-26,86,Unknown,Burbank,06-037-1002,AQS
2005-09-27,62,Unknown,Long Beach (North),06-037-4002,AQS
2005-09-28,102,Unknown,Lynwood,06-037-1301,AQS
2005-09-29,88,Unknown,Anaheim,06-059-0007,AQS
2005-09-30,93,Unknown,Azusa,06-037-0002,AQS
2005-10-01,64,Unknown,Burbank,06-037-1002,AQS
2005-10-02,45,Unknown,Burbank,06-037-1002,AQS
2005-10-03,52,Unknown,Pomona,06-037-1701,AQS
2005-10-04,70,Unknown,Pomona,06-037-1701,AQS
2005-10-05,80,Unknown,Long Beach (North),06-037-4002,AQS
2005-10-06,69,Unknown,Burbank,06-037-1002,AQS
2005-10-07,88,Unknown,Long Beach (North),06-037-4002,AQS
2005-10-08,44,Unknown,Santa Clarita,06-037-6012,AQS
2005-10-09,42,Unknown,Burbank,06-037-1002,AQS
2005-10-10,72,Unknown,Lynwood,06-037-1301,AQS
2005-10-11,64,Unknown,Pomona,06-037-1701,AQS
2005-10-12,77,Unknown,Los Angeles-North Main Street,06-037-1103,AQS
2005-10-13,103,Unknown,Long Beach (North),06-037-4002,AQS
2005-10-14,108,Unknown,Long Beach (North),06-037-4002,AQS
2005-10-15,53,Unknown,Long Beach (North),06-037-4002,AQS
2005-10-16,35,Unknown,Azusa,06-037-0002,AQS
2005-10-17,42,Unknown,Lynwood,06-037-1301,AQS
2005-10-18,37,Unknown,Long Beach (North),06-037-4002,AQS
2005-10-19,51,Unknown,Pomona,06-037-1701,AQS
2005-10-20,71,Unknown,Azusa,06-037-0002,AQS
2005-10-21,73,Unknown,Glendora,06-037-0016,AQS
2005-10-22,48,Unknown,Pomona,06-037-1701,AQS
2005-10-23,40,Unknown,Long Beach (North),06-037-4002,AQS
2005-10-24,46,Unknown,Glendora,06-037-0016,AQS
2005-10-25,40,Unknown,Pomona,06-037-1701,AQS
2005-10-26,47,Unknown,Lancaster-Division Street,06-037-9033,AQS
2005-10-27,49,Unknown,Pomona,06-037-1701,AQS
2005-10-28,49,Unknown,Pomona,06-037-1701,AQS
2005-10-29,47,Unknown,Pomona,06-037-1701,AQS
2005-10-30,61,Unknown,Pomona,06-037-1701,AQS
2005-10-31,68,Unknown,Anaheim,06-059-0007,AQS
2005-11-01,74,Unknown,La Habra,06-059-5001,AQS
2005-11-02,69,Unknown,Lynwood,06-037-1301,AQS
2005-11-03,44,Unknown,Azusa,06-037-0002,AQS
2005-11-04,52,Unknown,Pomona,06-037-1701,AQS
2005-11-05,65,Unknown,Reseda,06-037-1201,AQS
2005-11-06,84,Unknown,Glendora,06-037-0016,AQS
2005-11-07,63,Unknown,Azusa,06-037-0002,AQS
2005-11-08,46,Unknown,Lancaster-Division Street,06-037-9033,AQS
2005-11-09,33,Unknown,Los Angeles-North Main Street,06-037-1103,AQS
2005-11-10,41,Unknown,Los Angeles-North Main Street,06-037-1103,AQS
2005-11-11,45,Unknown,Pomona,06-037-1701,AQS
2005-11-12,60,Unknown,Pomona,06-037-1701,AQS
2005-11-13,70,Unknown,Pomona,06-037-1701,AQS
2005-11-14,106,Unknown,Los Angeles-North Main Street,06-037-1103,AQS
2005-11-15,98,Unknown,Lynwood,06-037-1301,AQS
2005-11-16,60,Unknown,LAX Hastings,06-037-5005,AQS
2005-11-17,73,Unknown,Anaheim,06-059-0007,AQS
2005-11-18,63,Unknown,Long Beach (North),06-037-4002,AQS
2005-11-19,58,Unknown,LAX Hastings,06-037-5005,AQS
2005-11-20,60,Unknown,Lynwood,06-037-1301,AQS
2005-11-21,65,Unknown,Costa Mesa,06-059-1003,AQS
2005-11-22,89,Unknown,La Habra,06-059-5001,AQS
2005-11-23,90,Unknown,LAX Hastings,06-037-5005,AQS
2005-11-24,80,Unknown,Los Angeles-North Main Street,06-037-1103,AQS
2005-11-25,78,Unknown,Los Angeles-North Main Street,06-037-1103,AQS
2005-11-26,42,Unknown,Pomona,06-037-1701,AQS
2005-11-27,44,Unknown,Pasadena,06-037-2005,AQS
2005-11-28,52,Unknown,Pasadena,06-037-2005,AQS
2005-11-29,57,Unknown,Lynwood,06-037-1301,AQS
2005-11-30,55,Unknown,Azusa,06-037-0002,AQS
2005-12-01,88,Unknown,Burbank,06-037-1002,AQS
2005-12-02,45,Unknown,Pomona,06-037-1701,AQS
2005-12-03,65,Unknown,Pomona,06-037-1701,AQS
2005-12-04,46,Unknown,Pasadena,06-037-2005,AQS
2005-12-05,49,Unknown,Costa Mesa,06-059-1003,AQS
2005-12-06,60,Unknown,Costa Mesa,06-059-1003,AQS
2005-12-07,69,Unknown,LAX Hastings,06-037-5005,AQS
2005-12-08,68,Unknown,LAX Hastings,06-037-5005,AQS
2005-12-09,47,Unknown,LAX Hastings,06-037-5005,AQS
2005-12-10,53,Unknown,Costa Mesa,06-059-1003,AQS
2005-12-11,58,Unknown,Los Angeles-North Main Street,06-037-1103,AQS
2005-12-12,52,Unknown,Burbank,06-037-1002,AQS
2005-12-13,71,Unknown,Azusa,06-037-0002,AQS
2005-12-14,78,Unknown,Azusa,06-037-0002,AQS
2005-12-15,54,Unknown,Azusa,06-037-0002,AQS
2005-12-16,46,Unknown,LAX Hastings,06-037-5005,AQS
2005-12-17,48,Unknown,Pomona,06-037-1701,AQS
2005-12-18,43,Unknown,Pomona,06-037-1701,AQS
2005-12-19,49,Unknown,Costa Mesa,06-059-1003,AQS
2005-12-20,73,Unknown,Costa Mesa,06-059-1003,AQS
2005-12-21,74,Unknown,Long Beach (North),06-037-4002,AQS
2005-12-22,86,Unknown,Santa Clarita,06-037-6012,AQS
2005-12-23,73,Unknown,La Habra,06-059-5001,AQS
2005-12-24,86,Unknown,Azusa,06-037-0002,AQS
2005-12-25,38,Unknown,Azusa,06-037-0002,AQS
2005-12-26,28,Unknown,LAX Hastings,06-037-5005,AQS
2005-12-27,46,Unknown,Pomona,06-037-1701,AQS
2005-12-28,53,Unknown,Pomona,06-037-1701,AQS
2005-12-29,49,Unknown,LAX Hastings,06-037-5005,AQS
2005-12-30,63,Unknown,Pomona,06-037-1701,AQS
2005-12-31,39,Unknown,Pomona,06-037-1701,AQS
2006-01-01,26,Unknown,LAX Hastings,06-037-5005,AQS
2006-01-02,31,Unknown,Lynwood,06-037-1301,AQS
2006-01-03,43,Unknown,Pomona,06-037-1701,AQS
2006-01-04,58,Unknown,Anaheim,06-059-0007,AQS
2006-01-05,43,Unknown,Lynwood,06-037-1301,AQS
2006-01-06,62,Unknown,Pomona,06-037-1701,AQS
2006-01-07,64,Unknown,Pomona,06-037-1701,AQS
2006-01-08,54,Unknown,Pomona,06-037-1701,AQS
2006-01-09,46,Unknown,Long Beach (North),06-037-4002,AQS
2006-01-10,55,Unknown,Anaheim,06-059-0007,AQS
2006-01-11,70,Unknown,Los Angeles-North Main Street,06-037-1103,AQS
2006-01-12,73,Unknown,Los Angeles-North Main Street,06-037-1103,AQS
2006-01-13,82,Unknown,Los Angeles-North Main Street,06-037-1103,AQS
2006-01-14,37,Unknown,Santa Clarita,06-037-6012,AQS
2006-01-15,36,Unknown,Pomona,06-037-1701,AQS
2006-01-16,44,Unknown,Pomona,06-037-1701,AQS
2006-01-17,62,Unknown,Lynwood,06-037-1301,AQS
2006-01-18,57,Unknown,Lynwood,06-037-1301,AQS
2006-01-19,43,Unknown,Pomona,06-037-1701,AQS
2006-01-20,46,Unknown,Burbank,06-037-1002,AQS
2006-01-21,57,Unknown,LAX Hastings,06-037-5005,AQS
2006-01-22,38,Unknown,Pomona,06-037-1701,AQS
2006-01-23,66,Unknown,Los Angeles-North Main Street,06-037-1103,AQS
2006-01-24,101,Unknown,Lynwood,06-037-1301,AQS
2006-01-25,46,Unknown,Pomona,06-037-1701,AQS
2006-01-26,43,Unknown,Pomona,06-037-1701,AQS
2006-01-27,41,Unknown,Los Angeles-North Main Street,06-037-1103,AQS
2006-01-28,41,Unknown,Azusa,06-037-0002,AQS
2006-01-29,49,Unknown,Los Angeles-North Main Street,06-037-1103,AQS
2006-01-30,65,Unknown,Los Angeles-North Main Street,06-037-1103,AQS
2006-01-31,49,Unknown,Pomona,06-037-1701,AQS
2006-02-01,70,Unknown,Los Angeles-North Main Street,06-037-1103,AQS
2006-02-02,67,Unknown,Burbank,06-037-1002,AQS
2006-02-03,100,Unknown,Azusa,06-037-0002,AQS
2006-02-04,74,Unknown,Pomona,06-037-1701,AQS
2006-02-05,68,Unknown,La Habra,06-059-5001,AQS
2006-02-06,82,Unknown,La Habra,06-059-5001,AQS
2006-02-07,78,Unknown,Costa Mesa,06-059-1003,AQS
2006-02-08,68,Unknown,Lynwood,06-037-1301,AQS
2006-02-09,85,Unknown,Anaheim,06-059-0007,AQS
2006-02-10,70,Unknown,Azusa,06-037-0002,AQS
2006-02-11,95,Unknown,Pomona,06-037-1701,AQS
2006-02-12,67,Unknown,Pomona,06-037-1701,AQS
2006-02-13,85,Unknown,La Habra,06-059-5001,AQS
2006-02-14,73,Unknown,Azusa,06-037-0002,AQS
2006-02-15,45,Unknown,Long Beach (North),06-037-4002,AQS
2006-02-16,46,Unknown,Lancaster-Division Street,06-037-9033,AQS
2006-02-17,46,Unknown,La Habra,06-059-5001,AQS
2006-02-18,30,Unknown,Pomona,06-037-1701,AQS
2006-02-19,36,Unknown,Lynwood,06-037-1301,AQS
2006-02-20,42,Unknown,Pomona,06-037-1701,AQS
2006-02-21,46,Unknown,La Habra,06-059-5001,AQS
2006-02-22,55,Unknown,La Habra,06-059-5001,AQS
2006-02-23,66,Unknown,Long Beach (North),06-037-4002,AQS
2006-02-24,69,Unknown,Los Angeles-North Main Street,06-037-1103,AQS
2006-02-25,84,Unknown,Pomona,06-037-1701,AQS
2006-02-26,65,Unknown,Anaheim,06-059-0007,AQS
2006-02-27,70,Unknown,LAX Hastings,06-037-5005,AQS
2006-02-28,39,Unknown,Pomona,06-037-1701,AQS
2006-03-01,40,Unknown,Pomona,06-037-1701,AQS
2006-03-02,42,Unknown,Pomona,06-037-1701,AQS
2006-03-03,39,Unknown,Lynwood,06-037-1301,AQS
2006-03-04,43,Unknown,Pomona,06-037-1701,AQS
2006-03-05,47,Unknown,Pomona,06-037-1701,AQS
2006-03-06,53,Unknown,Pomona,06-037-1701,AQS
2006-03-07,50,Unknown,Pomona,06-037-1701,AQS
2006-03-08,42,Unknown,Los Angeles-North Main Street,06-037-1103,AQS
2006-03-09,38,Unknown,LAX Hastings,06-037-5005,AQS
2006-03-10,37,Unknown,Lynwood,06-037-1301,AQS
2006-03-11,35,Unknown,Lynwood,06-037-1301,AQS
2006-03-12,35,Unknown,LAX Hastings,06-037-5005,AQS
2006-03-13,46,Unknown,Pomona,06-037-1701,AQS
2006-03-14,48,Unknown,Pomona,06-037-1701,AQS
2006-03-15,43,Unknown,Lancaster-Division Street,06-037-9033,AQS
2006-03-16,58,Unknown,LAX Hastings,06-037-5005,AQS
2006-03-17,38,Unknown,LAX Hastings,06-037-5005,AQS
2006-03-18,31,Unknown,Los Angeles-North Main Street,06-037-1103,AQS
2006-03-19,29,Unknown,Reseda,06-037-1201,AQS
2006-03-20,38,Unknown,Lancaster-Division Street,06-037-9033,AQS
2006-03-21,38,Unknown,Pomona,06-037-1701,AQS
2006-03-22,58,Unknown,Pomona,06-037-1701,AQS
2006-03-23,62,Unknown,Pomona,06-037-1701,AQS
2006-03-24,66,Unknown,LAX Hastings,06-037-5005,AQS
2006-03-25,47,Unknown,Burbank,06-037-1002,AQS
2006-03-26,42,Unknown,Lancaster-Division Street,06-037-9033,AQS
2006-03-27,39,Unknown,Santa Clarita,06-037-6012,AQS
2006-03-28,35,Unknown,Lynwood,06-037-1301,AQS
2006-03-29,34,Unknown,Lynwood,06-037-1301,AQS
2006-03-30,35,Unknown,Lynwood,06-037-1301,AQS
2006-03-31,40,Unknown,Azusa,06-037-0002,AQS
2006-04-01,37,Unknown,Pomona,06-037-1701,AQS
2006-04-02,51,Unknown,Pomona,06-037-1701,AQS
2006-04-03,69,Unknown,Los Angeles-North Main Street,06-037-1103,AQS
2006-04-04,44,Unknown,LAX Hastings,06-037-5005,AQS
2006-04-05,46,Unknown,Los Angeles-North Main Street,06-037-1103,AQS
2006-04-06,42,Unknown,Pasadena,06-037-2005,AQS
2006-04-07,54,Unknown,Long Beach (North),06-037-4002,AQS
2006-04-08,49,Unknown,Lynwood,06-037-1301,AQS
2006-04-09,30,Unknown,Los Angeles-North Main Street,06-037-1103,AQS
2006-04-10,33,Unknown,LAX Hastings,06-037-5005,AQS
2006-04-11,38,Unknown,Pomona,06-037-1701,AQS
2006-04-12,101,Unknown,Long Beach (North),06-037-4002,AQS
2006-04-13,53,Unknown,Glendora,06-037-0016,AQS
2006-04-14,39,Unknown,Pomona,06-037-1701,AQS
2006-04-15,41,Unknown,Pomona,06-037-1701,AQS
2006-04-16,30,Unknown,Los Angeles-North Main Street,06-037-1103,AQS
2006-04-17,42,Unknown,Los Angeles-North Main Street,06-037-1103,AQS
2006-04-18,62,Unknown,Pomona,06-037-1701,AQS
2006-04-19,62,Unknown,Los Angeles-North Main Street,06-037-1103,AQS
2006-04-20,57,Unknown,Los Angeles-North Main Street,06-037-1103,AQS
2006-04-21,57,Unknown,Lancaster-Division Street,06-037-9033,AQS
2006-04-22,42,Unknown,Pomona,06-037-1701,AQS
2006-04-23,26,Unknown,Lynwood,06-037-1301,AQS
2006-04-24,33,Unknown,Lynwood,06-037-1301,AQS
2006-04-25,35,Unknown,Lancaster-Division Street,06-037-9033,AQS
2006-04-26,35,Unknown,Los Angeles-North Main Street,06-037-1103,AQS
2006-04-27,32,Unknown,Los Angeles-North Main Street,06-037-1103,AQS
2006-04-28,38,Unknown,Los Angeles-North Main Street,06-037-1103,AQS
2006-04-29,50,Unknown,Pomona,06-037-1701,AQS
2006-04-30,39,Unknown,Pomona,06-037-1701,AQS
2006-05-01,46,Unknown,Los Angeles-North Main Street,06-037-1103,AQS
2006-05-02,46,Unknown,Los Angeles-North Main Street,06-037-1103,AQS
2006-05-03,40,Unknown,Los Angeles-North Main Street,06-037-1103,AQS
2006-05-04,39,Unknown,Pomona,06-037-1701,AQS
2006-05-05,41,Unknown,Pomona,06-037-1701,AQS
2006-05-06,31,Unknown,Lynwood,06-037-1301,AQS
2006-05-07,40,Unknown,Santa Clarita,06-037-6012,AQS
2006-05-08,38,Unknown,Los Angeles-North Main Street,06-037-1103,AQS
2006-05-09,43,Unknown,Azusa,06-037-0002,AQS
2006-05-10,60,Unknown,Santa Clarita,06-037-6012,AQS
2006-05-11,58,Unknown,Santa Clarita,06-037-6012,AQS
2006-05-12,53,Unknown,Lancaster-Division Street,06-037-9033,AQS
2006-05-13,31,Unknown,Lynwood,06-037-1301,AQS
2006-05-14,33,Unknown,Santa Clarita,06-037-6012,AQS
2006-05-15,45,Unknown,Lancaster-Division Street,06-037-9033,AQS
2006-05-16,53,Unknown,Lancaster-Division Street,06-037-9033,AQS
2006-05-17,46,Unknown,Los Angeles-North Main Street,06-037-1103,AQS
2006-05-18,46,Unknown,Lancaster-Division Street,06-037-9033,AQS
2006-05-19,49,Unknown,Lancaster-Division Street,06-037-9033,AQS
2006-05-20,37,Unknown,Lynwood,06-037-1301,AQS
2006-05-21,34,Unknown,Azusa,06-037-0002,AQS
2006-05-22,36,Unknown,Lynwood,06-037-1301,AQS
2006-05-23,38,Unknown,Los Angeles-North Main Street,06-037-1103,AQS
2006-05-24,72,Unknown,Pomona,06-037-1701,AQS
2006-05-25,57,Unknown,Pomona,06-037-1701,AQS
2006-05-26,42,Unknown,Pomona,06-037-1701,AQS
2006-05-27,33,Unknown,Long Beach (North),06-037-4002,AQS
2006-05-28,41,Unknown,Los Angeles-North Main Street,06-037-1103,AQS
2006-05-29,39,Unknown,Los Angeles-North Main Street,06-037-1103,AQS
2006-05-30,83,Unknown,Pico Rivera #2,06-037-1602,AQS
2006-05-31,87,Unknown,Pico Rivera #2,06-037-1602,AQS
2006-06-01,57,Unknown,Burbank,06-037-1002,AQS
2006-06-02,69,Unknown,Los Angeles-North Main Street,06-037-1103,AQS
2006-06-03,72,Unknown,Los Angeles-North Main Street,06-037-1103,AQS
2006-06-04,46,Unknown,Pomona,06-037-1701,AQS
2006-06-05,35,Unknown,Los Angeles-North Main Street,06-037-1103,AQS
2006-06-06,45,Unknown,Pomona,06-037-1701,AQS
2006-06-07,60,Unknown,Pomona,06-037-1701,AQS
2006-06-08,38,Unknown,Los Angeles-North Main Street,06-037-1103,AQS
2006-06-09,41,Unknown,Pomona,06-037-1701,AQS
2006-06-10,36,Unknown,Pomona,06-037-1701,AQS
2006-06-11,25,Unknown,Pomona,06-037-1701,AQS
2006-06-12,48,Unknown,Pomona,06-037-1701,AQS
2006-06-13,37,Unknown,Los Angeles-North Main Street,06-037-1103,AQS
2006-06-14,52,Unknown,Burbank,06-037-1002,AQS
2006-06-15,44,Unknown,Burbank,06-037-1002,AQS
2006-06-16,74,Unknown,Los Angeles-North Main Street,06-037-1103,AQS
2006-06-17,45,Unknown,Pomona,06-037-1701,AQS
2006-06-18,27,Unknown,Santa Clarita,06-037-6012,AQS
2006-06-19,48,Unknown,Lancaster-Division Street,06-037-9033,AQS
2006-06-20,51,Unknown,Pomona,06-037-1701,AQS
2006-06-21,55,Unknown,Lancaster-Division Street,06-037-9033,AQS
2006-06-22,53,Unknown,Los Angeles-North Main Street,06-037-1103,AQS
2006-06-23,64,Unknown,Lancaster-Division Street,06-037-9033,AQS
2006-06-24,46,Unknown,Pomona,06-037-1701,AQS
2006-06-25,47,Unknown,Pomona,06-037-1701,AQS
2006-06-26,77,Unknown,Pomona,06-037-1701,AQS
2006-06-27,83,Unknown,Pomona,06-037-1701,AQS
2006-06-28,91,Unknown,Los Angeles-North Main Street,06-037-1103,AQS
2006-06-29,76,Unknown,Los Angeles-North Main Street,06-037-1103,AQS
2006-06-30,63,Unknown,Pomona,06-037-1701,AQS
2006-07-01,49,Unknown,Burbank,06-037-1002,AQS
2006-07-02,50,Unknown,Burbank,06-037-1002,AQS
2006-07-03,49,Unknown,Burbank,06-037-1002,AQS
2006-07-04,42,Unknown,Los Angeles-North Main Street,06-037-1103,AQS
2006-07-05,44,Unknown,Burbank,06-037-1002,AQS
2006-07-06,56,Unknown,Pomona,06-037-1701,AQS
2006-07-07,71,Unknown,Los Angeles-North Main Street,06-037-1103,AQS
2006-07-08,81,Unknown,Pomona,06-037-1701,AQS
2006-07-09,39,Unknown,Pomona,06-037-1701,AQS
2006-07-10,48,Unknown,Santa Clarita,06-037-6012,AQS
2006-07-11,56,Unknown,Pomona,06-037-1701,AQS
2006-07-12,67,Unknown,Pomona,06-037-1701,AQS
2006-07-13,81,Unknown,Pasadena,06-037-2005,AQS
2006-07-14,76,Unknown,Burbank,06-037-1002,AQS
2006-07-15,76,Unknown,Pomona,06-037-1701,AQS
2006-07-16,42,Unknown,Santa Clarita,06-037-6012,AQS
2006-07-17,46,Unknown,Lancaster-Division Street,06-037-9033,AQS
2006-07-18,42,Unknown,Pasadena,06-037-2005,AQS
2006-07-19,52,Unknown,Lancaster-Division Street,06-037-9033,AQS
2006-07-20,43,Unknown,Lancaster-Division Street,06-037-9033,AQS
2006-07-21,54,Unknown,Pomona,06-037-1701,AQS
2006-07-22,70,Unknown,Burbank,06-037-1002,AQS
2006-07-23,42,Unknown,Burbank,06-037-1002,AQS
2006-07-24,68,Unknown,Los Angeles-North Main Street,06-037-1103,AQS
2006-07-25,55,Unknown,Lancaster-Division Street,06-037-9033,AQS
2006-07-26,46,Unknown,Azusa,06-037-0002,AQS
2006-07-27,48,Unknown,Azusa,06-037-0002,AQS
2006-07-28,31,Unknown,Azusa,06-037-0002,AQS
2006-07-29,16,Unknown,Pomona,06-037-1701,AQS
2006-07-30,25,Unknown,Pomona,06-037-1701,AQS
2006-07-31,22,Unknown,Azusa,06-037-0002,AQS
2006-08-01,33,Unknown,Pomona,06-037-1701,AQS
2006-08-02,39,Unknown,LAX Hastings,06-037-5005,AQS
2006-08-03,40,Unknown,Lancaster-Division Street,06-037-9033,AQS
2006-08-04,36,Unknown,Pomona,06-037-1701,AQS
2006-08-05,31,Unknown,Burbank,06-037-1002,AQS
2006-08-06,24,Unknown,Los Angeles-North Main Street,06-037-1103,AQS
2006-08-07,38,Unknown,Pomona,06-037-1701,AQS
2006-08-08,63,Unknown,Los Angeles-North Main Street,06-037-1103,AQS
2006-08-09,76,Unknown,Los Angeles-North Main Street,06-037-1103,AQS
2006-08-10,54,Unknown,Glendora,06-037-0016,AQS
2006-08-11,40,Unknown,Pomona,06-037-1701,AQS
2006-08-12,34,Unknown,Santa Clarita,06-037-6012,AQS
2006-08-13,29,Unknown,Pomona,06-037-1701,AQS
2006-08-14,51,Unknown,Lancaster-Division Street,06-037-9033,AQS
2006-08-15,48,Unknown,Lancaster-Division Street,06-037-9033,AQS
2006-08-16,50,Unknown,Lancaster-Division Street,06-037-9033,AQS
2006-08-17,55,Unknown,Lancaster-Division Street,06-037-9033,AQS
2006-08-18,52,Unknown,Pomona,06-037-1701,AQS
2006-08-19,41,Unknown,Pomona,06-037-1701,AQS
2006-08-20,34,Unknown,Pomona,06-037-1701,AQS
2006-08-21,53,Unknown,Pomona,06-037-1701,AQS
2006-08-22,83,Unknown,Azusa,06-037-0002,AQS
2006-08-23,81,Unknown,Glendora,06-037-0016,AQS
2006-08-24,65,Unknown,Azusa,06-037-0002,AQS
2006-08-25,47,Unknown,Azusa,06-037-0002,AQS
2006-08-26,52,Unknown,Los Angeles-North Main Street,06-037-1103,AQS
2006-08-27,42,Unknown,Los Angeles-North Main Street,06-037-1103,AQS
2006-08-28,78,Unknown,Los Angeles-North Main Street,06-037-1103,AQS
2006-08-29,93,Unknown,Glendora,06-037-0016,AQS
2006-08-30,65,Unknown,Pomona,06-037-1701,AQS
2006-08-31,80,Unknown,Los Angeles-North Main Street,06-037-1103,AQS
2006-09-01,91,Unknown,Pico Rivera #2,06-037-1602,AQS
2006-09-02,67,Unknown,Pomona,06-037-1701,AQS
2006-09-03,56,Unknown,Los Angeles-North Main Street,06-037-1103,AQS
2006-09-04,61,Unknown,Los Angeles-North Main Street,06-037-1103,AQS
2006-09-05,83,Unknown,Los Angeles-North Main Street,06-037-1103,AQS
2006-09-06,65,Unknown,Los Angeles-North Main Street,06-037-1103,AQS
2006-09-07,53,Unknown,Glendora,06-037-0016,AQS
2006-09-08,36,Unknown,Lancaster-Division Street,06-037-9033,AQS
2006-09-09,34,Unknown,West Los Angeles,06-037-0113,AQS
2006-09-10,49,Unknown,Pomona,06-037-1701,AQS
2006-09-11,77,Unknown,Pomona,06-037-1701,AQS
2006-09-12,76,Unknown,Azusa,06-037-0002,AQS
2006-09-13,56,Unknown,Pomona,06-037-1701,AQS
2006-09-14,36,Unknown,Santa Clarita,06-037-6012,AQS
2006-09-15,37,Unknown,Los Angeles-North Main Street,06-037-1103,AQS
2006-09-16,47,Unknown,Burbank,06-037-1002,AQS
2006-09-17,57,Unknown,Los Angeles-North Main Street,06-037-1103,AQS
2006-09-18,72,Unknown,Lynwood,06-037-1301,AQS
2006-09-19,78,Unknown,Los Angeles-North Main Street,06-037-1103,AQS
2006-09-20,57,Unknown,Pico Rivera #2,06-037-1602,AQS
2006-09-21,53,Unknown,Burbank,06-037-1002,AQS
2006-09-22,30,Unknown,La Habra,06-059-5001,AQS
2006-09-23,30,Unknown,Pico Rivera #2,06-037-1602,AQS
2006-09-24,41,Unknown,Pomona,06-037-1701,AQS
2006-09-25,61,Unknown,Los Angeles-North Main Street,06-037-1103,AQS
2006-09-26,50,Unknown,Pomona,06-037-1701,AQS
2006-09-27,65,Unknown,Pasadena,06-037-2005,AQS
2006-09-28,101,Unknown,Pico Rivera #2,06-037-1602,AQS
2006-09-29,101,Unknown,Burbank,06-037-1002,AQS
2006-09-30,69,Unknown,Pomona,06-037-1701,AQS
2006-10-01,47,Unknown,Pomona,06-037-1701,AQS
2006-10-02,51,Unknown,Burbank,06-037-1002,AQS
2006-10-03,37,Unknown,Azusa,06-037-0002,AQS
2006-10-04,45,Unknown,Pomona,06-037-1701,AQS
2006-10-05,35,Unknown,Burbank,06-037-1002,AQS
2006-10-06,39,Unknown,Los Angeles-North Main Street,06-037-1103,AQS
2006-10-07,39,Unknown,Lynwood,06-037-1301,AQS
2006-10-08,34,Unknown,Lynwood,06-037-1301,AQS
2006-10-09,46,Unknown,Lynwood,06-037-1301,AQS
2006-10-10,50,Unknown,Lynwood,06-037-1301,AQS
2006-10-11,50,Unknown,Azusa,06-037-0002,AQS
2006-10-12,44,Unknown,Lancaster-Division Street,06-037-9033,AQS
2006-10-13,38,Unknown,Lynwood,06-037-1301,AQS
2006-10-14,38,Unknown,Pomona,06-037-1701,AQS
2006-10-15,30,Unknown,Lynwood,06-037-1301,AQS
2006-10-16,37,Unknown,Azusa,06-037-0002,AQS
2006-10-17,77,Unknown,Pasadena,06-037-2005,AQS
2006-10-18,53,Unknown,Pomona,06-037-1701,AQS
2006-10-19,53,Unknown,Pomona,06-037-1701,AQS
2006-10-20,80,Unknown,LAX Hastings,06-037-5005,AQS
2006-10-21,76,Unknown,Lynwood,06-037-1301,AQS
2006-10-22,66,Unknown,Lynwood,06-037-1301,AQS
2006-10-23,83,Unknown,Azusa,06-037-0002,AQS
2006-10-24,68,Unknown,Azusa,06-037-0002,AQS
2006-10-25,60,Unknown,Pomona,06-037-1701,AQS
2006-10-26,66,Unknown,Lynwood,06-037-1301,AQS
2006-10-27,63,Unknown,Lynwood,06-037-1301,AQS
2006-10-28,71,Unknown,Lynwood,06-037-1301,AQS
2006-10-29,52,Unknown,Pomona,06-037-1701,AQS
2006-10-30,48,Unknown,Lancaster-Division Street,06-037-9033,AQS
2006-10-31,50,Unknown,Lynwood,06-037-1301,AQS
2006-11-01,73,Unknown,Pomona,06-037-1701,AQS
2006-11-02,81,Unknown,Pomona,06-037-1701,AQS
2006-11-03,74,Unknown,Pomona,06-037-1701,AQS
2006-11-04,73,Unknown,Pomona,06-037-1701,AQS
2006-11-05,67,Unknown,Lynwood,06-037-1301,AQS
2006-11-06,70,Unknown,Pomona,06-037-1701,AQS
2006-11-07,76,Unknown,Costa Mesa,06-059-1003,AQS
2006-11-08,99,Unknown,LAX Hastings,06-037-5005,AQS
2006-11-09,52,Unknown,Pico Rivera #2,06-037-1602,AQS
2006-11-10,73,Unknown,Pomona,06-037-1701,AQS
2006-11-11,55,Unknown,Pomona,06-037-1701,AQS
2006-11-12,55,Unknown,Pomona,06-037-1701,AQS
2006-11-13,79,Unknown,Pico Rivera #2,06-037-1602,AQS
2006-11-14,57,Unknown,Pico Rivera #2,06-037-1602,AQS
2006-11-15,56,Unknown,Pomona,06-037-1701,AQS
2006-11-16,88,Unknown,Azusa,06-037-0002,AQS
2006-11-17,108,Unknown,Lynwood,06-037-1301,AQS
2006-11-18,107,Unknown,Lynwood,06-037-1301,AQS
2006-11-19,93,Unknown,Lynwood,06-037-1301,AQS
2006-11-20,94,Unknown,Azusa,06-037-0002,AQS
2006-11-21,70,Unknown,Lynwood,06-037-1301,AQS
2006-11-22,79,Unknown,Lynwood,06-037-1301,AQS
2006-11-23,77,Unknown,Lynwood,06-037-1301,AQS
2006-11-24,69,Unknown,Lynwood,06-037-1301,AQS
2006-11-25,66,Unknown,Lynwood,06-037-1301,AQS
2006-11-26,63,Unknown,Lynwood,06-037-1301,AQS
2006-11-27,54,Unknown,Lynwood,06-037-1301,AQS
2006-11-28,62,Unknown,Lynwood,06-037-1301,AQS
2006-11-29,64,Unknown,Lynwood,06-037-1301,AQS
2006-11-30,68,Unknown,Lynwood,06-037-1301,AQS
2006-12-01,56,Unknown,Burbank,06-037-1002,AQS
2006-12-02,55,Unknown,LAX Hastings,06-037-5005,AQS
2006-12-03,44,Unknown,Lynwood,06-037-1301,AQS
2006-12-04,61,Unknown,Costa Mesa,06-059-1003,AQS
2006-12-05,58,Unknown,Pico Rivera #2,06-037-1602,AQS
2006-12-06,101,Unknown,Lynwood,06-037-1301,AQS
2006-12-07,103,Unknown,Anaheim,06-059-0007,AQS
2006-12-08,64,Unknown,Burbank,06-037-1002,AQS
2006-12-09,41,Unknown,Lynwood,06-037-1301,AQS
2006-12-10,29,Unknown,Pomona,06-037-1701,AQS
2006-12-11,42,Unknown,Pomona,06-037-1701,AQS
2006-12-12,50,Unknown,Azusa,06-037-0002,AQS
2006-12-13,68,Unknown,Burbank,06-037-1002,AQS
2006-12-14,72,Unknown,Long Beach (North),06-037-4002,AQS
2006-12-15,82,Unknown,Burbank,06-037-1002,AQS
2006-12-16,37,Unknown,Santa Clarita,06-037-6012,AQS
2006-12-17,35,Unknown,Pomona,06-037-1701,AQS
2006-12-18,44,Unknown,Pico Rivera #2,06-037-1602,AQS
2006-12-19,52,Unknown,Lynwood,06-037-1301,AQS
2006-12-20,54,Unknown,Burbank,06-037-1002,AQS
2006-12-21,63,Unknown,Pico Rivera #2,06-037-1602,AQS
2006-12-22,50,Unknown,Pomona,06-037-1701,AQS
2006-12-23,47,Unknown,Burbank,06-037-1002,AQS
2006-12-24,61,Unknown,LAX Hastings,06-037-5005,AQS
2006-12-25,45,Unknown,Costa Mesa,06-059-1003,AQS
2006-12-26,70,Unknown,Lynwood,06-037-1301,AQS
2006-12-27,48,Unknown,Pomona,06-037-1701,AQS
2006-12-28,42,Unknown,Los Angeles-North Main Street,06-037-1103,AQS
2006-12-29,51,Unknown,Lynwood,06-037-1301,AQS
2006-12-30,46,Unknown,Pasadena,06-037-2005,AQS
2006-12-31,42,Unknown,Azusa,06-037-0002,AQS
2007-01-01,67,Unknown,LAX Hastings,06-037-5005,AQS
2007-01-02,81,Unknown,LAX Hastings,06-037-5005,AQS
2007-01-03,62,Unknown,Pico Rivera #2,06-037-1602,AQS
2007-01-04,43,Unknown,Glendora,06-037-0016,AQS
2007-01-05,44,Unknown,Los Angeles-North Main Street,06-037-1103,AQS
2007-01-06,53,Unknown,Pico Rivera #2,06-037-1602,AQS
2007-01-07,49,Unknown,Lynwood,06-037-1301,AQS
2007-01-08,70,Unknown,Los Angeles-North Main Street,06-037-1103,AQS
2007-01-09,87,Unknown,Pico Rivera #2,06-037-1602,AQS
2007-01-10,102,Unknown,Pico Rivera #2,06-037-1602,AQS
2007-01-11,50,Unknown,Pico Rivera #2,06-037-1602,AQS
2007-01-12,42,Unknown,Pico Rivera #2,06-037-1602,AQS
2007-01-13,40,Unknown,Lynwood,06-037-1301,AQS
2007-01-14,46,Unknown,West Los Angeles,06-037-0113,AQS
2007-01-15,65,Unknown,Pico Rivera #2,06-037-1602,AQS
2007-01-16,82,Unknown,Pico Rivera #2,06-037-1602,AQS
2007-01-17,69,Unknown,Pico Rivera #2,06-037-1602,AQS
2007-01-18,76,Unknown,Pico Rivera #2,06-037-1602,AQS
2007-01-19,77,Unknown,Pico Rivera #2,06-037-1602,AQS
2007-01-20,44,Unknown,West Los Angeles,06-037-0113,AQS
2007-01-21,50,Unknown,West Los Angeles,06-037-0113,AQS
2007-01-22,80,Unknown,Pico Rivera #2,06-037-1602,AQS
2007-01-23,102,Unknown,Pico Rivera #2,06-037-1602,AQS
2007-01-24,85,Unknown,Lynwood,06-037-1301,AQS
2007-01-25,70,Unknown,Long Beach (North),06-037-4002,AQS
2007-01-26,72,Unknown,Lynwood,06-037-1301,AQS
2007-01-27,46,Unknown,West Los Angeles,06-037-0113,AQS
2007-01-28,41,Unknown,Los Angeles-North Main Street,06-037-1103,AQS
2007-01-29,58,Unknown,Pomona,06-037-1701,AQS
2007-01-30,42,Unknown,Los Angeles-North Main Street,06-037-1103,AQS
2007-01-31,44,Unknown,Pico Rivera #2,06-037-1602,AQS
2007-02-01,45,Unknown,Pico Rivera #2,06-037-1602,AQS
2007-02-02,68,Unknown,Pico Rivera #2,06-037-1602,AQS
2007-02-03,63,Unknown,Glendora,06-037-0016,AQS
2007-02-04,60,Unknown,Pico Rivera #2,06-037-1602,AQS
2007-02-05,97,Unknown,Glendora,06-037-0016,AQS
2007-02-06,95,Unknown,Los Angeles-North Main Street,06-037-1103,AQS
2007-02-07,81,Unknown,Azusa,06-037-0002,AQS
2007-02-08,87,Unknown,Pico Rivera #2,06-037-1602,AQS
2007-02-09,89,Unknown,Pico Rivera #2,06-037-1602,AQS
2007-02-10,80,Unknown,Los Angeles-North Main Street,06-037-1103,AQS
2007-02-11,36,Unknown,Los Angeles-North Main Street,06-037-1103,AQS
2007-02-12,39,Unknown,Los Angeles-North Main Street,06-037-1103,AQS
2007-02-13,39,Unknown,Pico Rivera #2,06-037-1602,AQS
2007-02-14,52,Unknown,Los Angeles-North Main Street,06-037-1103,AQS
2007-02-15,61,Unknown,Azusa,06-037-0002,AQS
2007-02-16,78,Unknown,Azusa,06-037-0002,AQS
2007-02-17,67,Unknown,Lynwood,06-037-1301,AQS
2007-02-18,45,Unknown,West Los Angeles,06-037-0113,AQS
2007-02-19,38,Unknown,Pomona,06-037-1701,AQS
2007-02-20,54,Unknown,Pico Rivera #2,06-037-1602,AQS
2007-02-21,51,Unknown,Azusa,06-037-0002,AQS
2007-02-22,42,Unknown,Los Angeles-North Main Street,06-037-1103,AQS
2007-02-23,47,Unknown,Pomona,06-037-1701,AQS
2007-02-24,47,Unknown,Azusa,06-037-0002,AQS
2007-02-25,40,Unknown,West Los Angeles,06-037-0113,AQS
2007-02-26,43,Unknown,Pico Rivera #2,06-037-1602,AQS
2007-02-27,35,Unknown,Azusa,06-037-0002,AQS
2007-02-28,41,Unknown,Pico Rivera #2,06-037-1602,AQS
2007-03-01,68,Unknown,Pico Rivera #2,06-037-1602,AQS
2007-03-02,77,Unknown,Pico Rivera #2,06-037-1602,AQS
2007-03-03,55,Unknown,Los Angeles-North Main Street,06-037-1103,AQS
2007-03-04,61,Unknown,Pico Rivera #2,06-037-1602,AQS
2007-03-05,74,Unknown,Pico Rivera #2,06-037-1602,AQS
2007-03-06,95,Unknown,Azusa,06-037-0002,AQS
2007-03-07,77,Unknown,Azusa,06-037-0002,AQS
2007-03-08,99,Unknown,Azusa,06-037-0002,AQS
2007-03-09,56,Unknown,Long Beach (North),06-037-4002,AQS
2007-03-10,69,Unknown,Pomona,06-037-1701,AQS
2007-03-11,80,Unknown,LAX Hastings,06-037-5005,AQS
2007-03-12,89,Unknown,Long Beach (North),06-037-4002,AQS
2007-03-13,67,Unknown,Pomona,06-037-1701,AQS
2007-03-14,55,Unknown,Azusa,06-037-0002,AQS
2007-03-15,80,Unknown,Pomona,06-037-1701,AQS
2007-03-16,100,Unknown,Azusa,06-037-0002,AQS
2007-03-17,63,Unknown,Pomona,06-037-1701,AQS
2007-03-18,32,Unknown,Lynwood,06-037-1301,AQS
2007-03-19,42,Unknown,Azusa,06-037-0002,AQS
2007-03-20,46,Unknown,Pomona,06-037-1701,AQS
2007-03-21,38,Unknown,Pomona,06-037-1701,AQS
2007-03-22,51,Unknown,West Los Angeles,06-037-0113,AQS
2007-03-23,57,Unknown,Los Angeles-North Main Street,06-037-1103,AQS
2007-03-24,36,Unknown,Lancaster-Division Street,06-037-9033,AQS
2007-03-25,34,Unknown,Pomona,06-037-1701,AQS
2007-03-26,47,Unknown,Lancaster-Division Street,06-037-9033,AQS
2007-03-27,42,Unknown,Pomona,06-037-1701,AQS
2007-03-28,44,Unknown,Pomona,06-037-1701,AQS
2007-03-29,51,Unknown,Pomona,06-037-1701,AQS
2007-03-30,58,Unknown,LAX Hastings,06-037-5005,AQS
2007-03-31,57,Unknown,Lynwood,06-037-1301,AQS
2007-04-01,54,Unknown,Azusa,06-037-0002,AQS
2007-04-02,55,Unknown,Pomona,06-037-1701,AQS
2007-04-03,56,Unknown,Pico Rivera #2,06-037-1602,AQS
2007-04-04,63,Unknown,Azusa,06-037-0002,AQS
2007-04-05,55,Unknown,Pasadena,06-037-2005,AQS
2007-04-06,43,Unknown,Lancaster-Division Street,06-037-9033,AQS
2007-04-07,28,Unknown,Lynwood,06-037-1301,AQS
2007-04-08,28,Unknown,Pico Rivera #2,06-037-1602,AQS
2007-04-09,46,Unknown,Pomona,06-037-1701,AQS
2007-04-10,51,Unknown,Pomona,06-037-1701,AQS
2007-04-11,44,Unknown,Pomona,06-037-1701,AQS
2007-04-12,42,Unknown,Lynwood,06-037-1301,AQS
2007-04-13,52,Unknown,Burbank,06-037-1002,AQS
2007-04-14,45,Unknown,West Los Angeles,06-037-0113,AQS
2007-04-15,32,Unknown,Burbank,06-037-1002,AQS
2007-04-16,41,Unknown,La Habra,06-059-5001,AQS
2007-04-17,42,Unknown,Pico Rivera #2,06-037-1602,AQS
2007-04-18,44,Unknown,Anaheim,06-059-0007,AQS
2007-04-19,58,Unknown,Lancaster-Division Street,06-037-9033,AQS
2007-04-20,42,Unknown,Lynwood,06-037-1301,AQS
2007-04-21,37,Unknown,Azusa,06-037-0002,AQS
2007-04-22,52,Unknown,Pomona,06-037-1701,AQS
2007-04-23,42,Unknown,Burbank,06-037-1002,AQS
2007-04-24,52,Unknown,La Habra,06-059-5001,AQS
2007-04-25,73,Unknown,Los Angeles-North Main Street,06-037-1103,AQS
2007-04-26,51,Unknown,Santa Clarita,06-037-6012,AQS
2007-04-27,82,Unknown,La Habra,06-059-5001,AQS
2007-04-28,48,Unknown,Pomona,06-037-1701,AQS
2007-04-29,32,Unknown,Pomona,06-037-1701,AQS
2007-04-30,42,Unknown,Azusa,06-037-0002,AQS
2007-05-01,36,Unknown,Los Angeles-North Main Street,06-037-1103,AQS
2007-05-02,38,Unknown,Lynwood,06-037-1301,AQS
2007-05-03,39,Unknown,Pico Rivera #2,06-037-1602,AQS
2007-05-04,36,Unknown,Burbank,06-037-1002,AQS
2007-05-05,46,Unknown,Pomona,06-037-1701,AQS
2007-05-06,52,Unknown,Lynwood,06-037-1301,AQS
2007-05-07,70,Unknown,Lynwood,06-037-1301,AQS
2007-05-08,76,Unknown,Long Beach (North),06-037-4002,AQS
2007-05-09,63,Unknown,Azusa,06-037-0002,AQS
2007-05-10,65,Unknown,Los Angeles-North Main Street,06-037-1103,AQS
2007-05-11,50,Unknown,Azusa,06-037-0002,AQS
2007-05-12,43,Unknown,Burbank,06-037-1002,AQS
2007-05-13,41,Unknown,Burbank,06-037-1002,AQS
2007-05-14,47,Unknown,Lancaster-Division Street,06-037-9033,AQS
2007-05-15,55,Unknown,Lancaster-Division Street,06-037-9033,AQS
2007-05-16,54,Unknown,Lancaster-Division Street,06-037-9033,AQS
2007-05-17,51,Unknown,Lancaster-Division Street,06-037-9033,AQS
2007-05-18,51,Unknown,Santa Clarita,06-037-6012,AQS
2007-05-19,42,Unknown,Santa Clarita,06-037-6012,AQS
2007-05-20,30,Unknown,Pomona,06-037-1701,AQS
2007-05-21,40,Unknown,Lynwood,06-037-1301,AQS
2007-05-22,40,Unknown,Lynwood,06-037-1301,AQS
2007-05-23,42,Unknown,Pomona,06-037-1701,AQS
2007-05-24,45,Unknown,Pico Rivera #2,06-037-1602,AQS
2007-05-25,47,Unknown,Lancaster-Division Street,06-037-9033,AQS
2007-05-26,32,Unknown,Lynwood,06-037-1301,AQS
2007-05-27,25,Unknown,Lynwood,06-037-1301,AQS
2007-05-28,34,Unknown,Pomona,06-037-1701,AQS
2007-05-29,45,Unknown,Lancaster-Division Street,06-037-9033,AQS
2007-05-30,50,Unknown,Lancaster-Division Street,06-037-9033,AQS
2007-05-31,41,Unknown,Los Angeles-North Main Street,06-037-1103,AQS
2007-06-01,47,Unknown,Santa Clarita,06-037-6012,AQS
2007-06-02,43,Unknown,Santa Clarita,06-037-6012,AQS
2007-06-03,32,Unknown,Pomona,06-037-1701,AQS
2007-06-04,46,Unknown,Pomona,06-037-1701,AQS
2007-06-05,39,Unknown,Pomona,06-037-1701,AQS
2007-06-06,33,Unknown,Pomona,06-037-1701,AQS
2007-06-07,40,Unknown,Burbank,06-037-1002,AQS
2007-06-08,42,Unknown,Pomona,06-037-1701,AQS
2007-06-09,33,Unknown,West Los Angeles,06-037-0113,AQS
2007-06-10,26,Unknown,West Los Angeles,06-037-0113,AQS
2007-06-11,31,Unknown,Los Angeles-North Main Street,06-037-1103,AQS
2007-06-12,50,Unknown,Santa Clarita,06-037-6012,AQS
2007-06-13,56,Unknown,Pomona,06-037-1701,AQS
2007-06-14,51,Unknown,Lancaster-Division Street,06-037-9033,AQS
2007-06-15,45,Unknown,Pomona,06-037-1701,AQS
2007-06-16,31,Unknown,Glendora,06-037-0016,AQS
2007-06-17,32,Unknown,Pomona,06-037-1701,AQS
2007-06-18,43,Unknown,Lancaster-Division Street,06-037-9033,AQS
2007-06-19,51,Unknown,Pomona,06-037-1701,AQS
2007-06-20,60,Unknown,Pomona,06-037-1701,AQS
2007-06-21,55,Unknown,Pomona,06-037-1701,AQS
2007-06-22,55,Unknown,Pomona,06-037-1701,AQS
2007-06-23,42,Unknown,West Los Angeles,06-037-0113,AQS
2007-06-24,27,Unknown,Lynwood,06-037-1301,AQS
2007-06-25,54,Unknown,Pomona,06-037-1701,AQS
2007-06-26,67,Unknown,Burbank,06-037-1002,AQS
2007-06-27,54,Unknown,Pomona,06-037-1701,AQS
2007-06-28,52,Unknown,Pomona,06-037-1701,AQS
2007-06-29,54,Unknown,Pomona,06-037-1701,AQS
2007-06-30,48,Unknown,Pomona,06-037-1701,AQS
2007-07-01,43,Unknown,Burbank,06-037-1002,AQS
2007-07-02,56,Unknown,Pomona,06-037-1701,AQS
2007-07-03,66,Unknown,Pomona,06-037-1701,AQS
2007-07-04,47,Unknown,Pomona,06-037-1701,AQS
2007-07-05,49,Unknown,Lancaster-Division Street,06-037-9033,AQS
2007-07-06,46,Unknown,Burbank,06-037-1002,AQS
2007-07-07,43,Unknown,Los Angeles-North Main Street,06-037-1103,AQS
2007-07-08,30,Unknown,Santa Clarita,06-037-6012,AQS
2007-07-09,31,Unknown,Lancaster-Division Street,06-037-9033,AQS
2007-07-10,36,Unknown,Lancaster-Division Street,06-037-9033,AQS
2007-07-11,30,Unknown,Pomona,06-037-1701,AQS
2007-07-12,35,Unknown,Pomona,06-037-1701,AQS
2007-07-13,51,Unknown,Los Angeles-North Main Street,06-037-1103,AQS
2007-07-14,41,Unknown,Pomona,06-037-1701,AQS
2007-07-15,38,Unknown,Los Angeles-North Main Street,06-037-1103,AQS
2007-07-16,41,Unknown,Santa Clarita,06-037-6012,AQS
2007-07-17,78,Unknown,Burbank,06-037-1002,AQS
2007-07-18,39,Unknown,Santa Clarita,06-037-6012,AQS
2007-07-19,40,Unknown,Santa Clarita,06-037-6012,AQS
2007-07-20,41,Unknown,Burbank,06-037-1002,AQS
2007-07-21,30,Unknown,Burbank,06-037-1002,AQS
2007-07-22,30,Unknown,Pomona,06-037-1701,AQS
2007-07-23,51,Unknown,Los Angeles-North Main Street,06-037-1103,AQS
2007-07-24,45,Unknown,Los Angeles-North Main Street,06-037-1103,AQS
2007-07-25,50,Unknown,Los Angeles-North Main Street,06-037-1103,AQS
2007-07-26,83,Unknown,Los Angeles-North Main Street,06-037-1103,AQS
2007-07-27,67,Unknown,Los Angeles-North Main Street,06-037-1103,AQS
2007-07-28,39,Unknown,Los Angeles-North Main Street,06-037-1103,AQS
2007-07-29,30,Unknown,Los Angeles-North Main Street,06-037-1103,AQS
2007-07-30,36,Unknown,Santa Clarita,06-037-6012,AQS
2007-07-31,44,Unknown,Lancaster-Division Street,06-037-9033,AQS
2007-08-01,44,Unknown,Pomona,06-037-1701,AQS
2007-08-02,57,Unknown,Lancaster-Division Street,06-037-9033,AQS
2007-08-03,45,Unknown,Los Angeles-North Main Street,06-037-1103,AQS
2007-08-04,33,Unknown,Burbank,06-037-1002,AQS
2007-08-05,21,Unknown,Lynwood,06-037-1301,AQS
2007-08-06,36,Unknown,Pomona,06-037-1701,AQS
2007-08-07,40,Unknown,Pomona,06-037-1701,AQS
2007-08-08,43,Unknown,Burbank,06-037-1002,AQS
2007-08-09,47,Unknown,Santa Clarita,06-037-6012,AQS
2007-08-10,45,Unknown,Pomona,06-037-1701,AQS
2007-08-11,46,Unknown,Pomona,06-037-1701,AQS
2007-08-12,58,Unknown,Pomona,06-037-1701,AQS
2007-08-13,89,Unknown,Los Angeles-North Main Street,06-037-1103,AQS
2007-08-14,86,Unknown,Los Angeles-North Main Street,06-037-1103,AQS
2007-08-15,69,Unknown,Pomona,06-037-1701,AQS
2007-08-16,72,Unknown,Pomona,06-037-1701,AQS
2007-08-17,69,Unknown,Burbank,06-037-1002,AQS
2007-08-18,52,Unknown,Burbank,06-037-1002,AQS
2007-08-19,56,Unknown,Los Angeles-North Main Street,06-037-1103,AQS
2007-08-20,91,Unknown,Los Angeles-North Main Street,06-037-1103,AQS
2007-08-21,60,Unknown,Pomona,06-037-1701,AQS
2007-08-22,48,Unknown,Glendora,06-037-0016,AQS
2007-08-23,35,Unknown,Pomona,06-037-1701,AQS
2007-08-24,38,Unknown,Pomona,06-037-1701,AQS
2007-08-25,35,Unknown,Glendora,06-037-0016,AQS
2007-08-26,43,Unknown,Pomona,06-037-1701,AQS
2007-08-27,52,Unknown,Los Angeles-North Main Street,06-037-1103,AQS
2007-08-28,74,Unknown,Los Angeles-North Main Street,06-037-1103,AQS
2007-08-29,73,Unknown,Pico Rivera #2,06-037-1602,AQS
2007-08-30,72,Unknown,Los Angeles-North Main Street,06-037-1103,AQS
2007-08-31,78,Unknown,Glendora,06-037-0016,AQS
2007-09-01,68,Unknown,Pomona,06-037-1701,AQS
2007-09-02,56,Unknown,Pomona,06-037-1701,AQS
2007-09-03,70,Unknown,Los Angeles-North Main Street,06-037-1103,AQS
2007-09-04,52,Unknown,Los Angeles-North Main Street,06-037-1103,AQS
2007-09-05,36,Unknown,Pomona,06-037-1701,AQS
2007-09-06,37,Unknown,Lancaster-Division Street,06-037-9033,AQS
2007-09-07,38,Unknown,Lancaster-Division Street,06-037-9033,AQS
2007-09-08,46,Unknown,Pomona,06-037-1701,AQS
2007-09-09,30,Unknown,Burbank,06-037-1002,AQS
2007-09-10,49,Unknown,Glendora,06-037-0016,AQS
2007-09-11,82,Unknown,Azusa,06-037-0002,AQS
2007-09-12,94,Unknown,Los Angeles-North Main Street,06-037-1103,AQS
2007-09-13,57,Unknown,Pomona,06-037-1701,AQS
2007-09-14,51,Unknown,Pomona,06-037-1701,AQS
2007-09-15,61,Unknown,Los Angeles-North Main Street,06-037-1103,AQS
2007-09-16,39,Unknown,Pomona,06-037-1701,AQS
2007-09-17,41,Unknown,Long Beach (North),06-037-4002,AQS
2007-09-18,43,Unknown,Lancaster-Division Street,06-037-9033,AQS
2007-09-19,41,Unknown,Pomona,06-037-1701,AQS
2007-09-20,32,Unknown,Pomona,06-037-1701,AQS
2007-09-21,33,Unknown,Pomona,06-037-1701,AQS
2007-09-22,30,Unknown,Lynwood,06-037-1301,AQS
2007-09-23,29,Unknown,Los Angeles-North Main Street,06-037-1103,AQS
2007-09-24,52,Unknown,Pomona,06-037-1701,AQS
2007-09-25,67,Unknown,Los Angeles-North Main Street,06-037-1103,AQS
2007-09-26,74,Unknown,Pomona,06-037-1701,AQS
2007-09-27,86,Unknown,Pico Rivera #2,06-037-1602,AQS
2007-09-28,36,Unknown,Los Angeles-North Main Street,06-037-1103,AQS
2007-09-29,41,Unknown,Lynwood,06-037-1301,AQS
2007-09-30,44,Unknown,Burbank,06-037-1002,AQS
2007-10-01,64,Unknown,Azusa,06-037-0002,AQS
2007-10-02,68,Unknown,Azusa,06-037-0002,AQS
2007-10-03,93,Unknown,Lynwood,06-037-1301,AQS
2007-10-04,56,Unknown,Azusa,06-037-0002,AQS
2007-10-05,37,Unknown,Los Angeles-North Main Street,06-037-1103,AQS
2007-10-06,44,Unknown,Los Angeles-North Main Street,06-037-1103,AQS
2007-10-07,55,Unknown,Pomona,06-037-1701,AQS
2007-10-08,60,Unknown,Azusa,06-037-0002,AQS
2007-10-09,66,Unknown,Azusa,06-037-0002,AQS
2007-10-10,43,Unknown,Burbank,06-037-1002,AQS
2007-10-11,46,Unknown,Azusa,06-037-0002,AQS
2007-10-12,36,Unknown,Los Angeles-North Main Street,06-037-1103,AQS
2007-10-13,39,Unknown,Pico Rivera #2,06-037-1602,AQS
2007-10-14,40,Unknown,Pomona,06-037-1701,AQS
2007-10-15,54,Unknown,Azusa,06-037-0002,AQS
2007-10-16,42,Unknown,Los Angeles-North Main Street,06-037-1103,AQS
2007-10-17,42,Unknown,Los Angeles-North Main Street,06-037-1103,AQS
2007-10-18,66,Unknown,Pomona,06-037-1701,AQS
2007-10-19,79,Unknown,Long Beach (North),06-037-4002,AQS
2007-10-20,42,Unknown,Los Angeles-North Main Street,06-037-1103,AQS
2007-10-21,51,Unknown,Los Angeles-North Main Street,06-037-1103,AQS
2007-10-22,61,Unknown,Lynwood,06-037-1301,AQS
2007-10-23,80,Unknown,Lynwood,06-037-1301,AQS
2007-10-24,67,Unknown,Costa Mesa,06-059-1003,AQS
2007-10-25,102,Unknown,Glendora,06-037-0016,AQS
2007-10-26,102,Unknown,Los Angeles-North Main Street,06-037-1103,AQS
2007-10-27,69,Unknown,Azusa,06-037-0002,AQS
2007-10-28,52,Unknown,Azusa,06-037-0002,AQS
2007-10-29,66,Unknown,Pomona,06-037-1701,AQS
2007-10-30,46,Unknown,Azusa,06-037-0002,AQS
2007-10-31,66,Unknown,Azusa,06-037-0002,AQS
2007-11-01,61,Unknown,Pomona,06-037-1701,AQS
2007-11-02,90,Unknown,Glendora,06-037-0016,AQS
2007-11-03,62,Unknown,Pico Rivera #2,06-037-1602,AQS
2007-11-04,52,Unknown,Pomona,06-037-1701,AQS
2007-11-05,77,Unknown,Pomona,06-037-1701,AQS
2007-11-06,69,Unknown,Pomona,06-037-1701,AQS
2007-11-07,65,Unknown,Azusa,06-037-0002,AQS
2007-11-08,63,Unknown,Pomona,06-037-1701,AQS
2007-11-09,44,Unknown,Glendora,06-037-0016,AQS
2007-11-10,49,Unknown,West Los Angeles,06-037-0113,AQS
2007-11-11,43,Unknown,West Los Angeles,06-037-0113,AQS
2007-11-12,63,Unknown,Pomona,06-037-1701,AQS
2007-11-13,58,Unknown,Pomona,06-037-1701,AQS
2007-11-14,64,Unknown,Anaheim,06-059-0007,AQS
2007-11-15,81,Unknown,Long Beach (North),06-037-4002,AQS
2007-11-16,63,Unknown,Pomona,06-037-1701,AQS
2007-11-17,58,Unknown,Pomona,06-037-1701,AQS
2007-11-18,68,Unknown,Pomona,06-037-1701,AQS
2007-11-19,100,Unknown,Azusa,06-037-0002,AQS
2007-11-20,78,Unknown,Azusa,06-037-0002,AQS
2007-11-21,67,Unknown,Burbank,06-037-1002,AQS
2007-11-22,44,Unknown,Pomona,06-037-1701,AQS
2007-11-23,58,Unknown,Los Angeles-North Main Street,06-037-1103,AQS
2007-11-24,67,Unknown,Pasadena,06-037-2005,AQS
2007-11-25,47,Unknown,LAX Hastings,06-037-5005,AQS
2007-11-26,56,Unknown,Los Angeles-North Main Street,06-037-1103,AQS
2007-11-27,99,Unknown,Pico Rivera #2,06-037-1602,AQS
2007-11-28,81,Unknown,Pico Rivera #2,06-037-1602,AQS
2007-11-29,61,Unknown,Los Angeles-North Main Street,06-037-1103,AQS
2007-11-30,78,Unknown,Pico Rivera #2,06-037-1602,AQS
2007-12-01,36,Unknown,Lynwood,06-037-1301,AQS
2007-12-02,41,Unknown,Anaheim,06-059-0007,AQS
2007-12-03,60,Unknown,Anaheim,06-059-0007,AQS
2007-12-04,83,Unknown,LAX Hastings,06-037-5005,AQS
2007-12-05,79,Unknown,Santa Clarita,06-037-6012,AQS
2007-12-06,42,Unknown,Burbank,06-037-1002,AQS
2007-12-07,35,Unknown,Azusa,06-037-0002,AQS
2007-12-08,36,Unknown,Lynwood,06-037-1301,AQS
2007-12-09,39,Unknown,Lynwood,06-037-1301,AQS
2007-12-10,43,Unknown,Pomona,06-037-1701,AQS
2007-12-11,53,Unknown,Pomona,06-037-1701,AQS
2007-12-12,43,Unknown,Anaheim,06-059-0007,AQS
2007-12-13,51,Unknown,Anaheim,06-059-0007,AQS
2007-12-14,51,Unknown,Lynwood,06-037-1301,AQS
2007-12-15,49,Unknown,Lynwood,06-037-1301,AQS
2007-12-16,47,Unknown,Pomona,06-037-1701,AQS
2007-12-17,51,Unknown,Pomona,06-037-1701,AQS
2007-12-18,36,Unknown,Azusa,06-037-0002,AQS
2007-12-19,34,Unknown,Lynwood,06-037-1301,AQS
2007-12-20,39,Unknown,Azusa,06-037-0002,AQS
2007-12-21,44,Unknown,Los Angeles-North Main Street,06-037-1103,AQS
2007-12-22,47,Unknown,Lynwood,06-037-1301,AQS
2007-12-23,49,Unknown,Anaheim,06-059-0007,AQS
2007-12-24,61,Unknown,Pomona,06-037-1701,AQS
2007-12-25,42,Unknown,Lynwood,06-037-1301,AQS
2007-12-26,43,Unknown,Lynwood,06-037-1301,AQS
2007-12-27,42,Unknown,Lynwood,06-037-1301,AQS
2007-12-28,53,Unknown,Lynwood,06-037-1301,AQS
2007-12-29,67,Unknown,Pomona,06-037-1701,AQS
2007-12-30,41,Unknown,Anaheim,06-059-0007,AQS
2007-12-31,45,Unknown,Los Angeles-North Main Street,06-037-1103,AQS
2008-01-01,40,Unknown,Lynwood,06-037-1301,AQS
2008-01-02,52,Unknown,Lynwood,06-037-1301,AQS
2008-01-03,57,Unknown,Lynwood,06-037-1301,AQS
2008-01-04,42,Unknown,Los Angeles-North Main Street,06-037-1103,AQS
2008-01-05,42,Unknown,Pomona,06-037-1701,AQS
2008-01-06,29,Unknown,Lynwood,06-037-1301,AQS
2008-01-07,44,Unknown,Anaheim,06-059-0007,AQS
2008-01-08,45,Unknown,Lynwood,06-037-1301,AQS
2008-01-09,40,Unknown,Anaheim,06-059-0007,AQS
2008-01-10,61,Unknown,Azusa,06-037-0002,AQS
2008-01-11,82,Unknown,Pasadena,06-037-2005,AQS
2008-01-12,67,Unknown,Long Beach (North),06-037-4002,AQS
2008-01-13,53,Unknown,LAX Hastings,06-037-5005,AQS
2008-01-14,81,Unknown,Lynwood,06-037-1301,AQS
2008-01-15,66,Unknown,Santa Clarita,06-037-6012,AQS
2008-01-16,51,Unknown,Burbank,06-037-1002,AQS
2008-01-17,55,Unknown,Lynwood,06-037-1301,AQS
2008-01-18,57,Unknown,Pico Rivera #2,06-037-1602,AQS
2008-01-19,55,Unknown,Pomona,06-037-1701,AQS
2008-01-20,43,Unknown,LAX Hastings,06-037-5005,AQS
2008-01-21,46,Unknown,Pomona,06-037-1701,AQS
2008-01-22,41,Unknown,Los Angeles-North Main Street,06-037-1103,AQS
2008-01-23,56,Unknown,Santa Clarita,06-037-6012,AQS
2008-01-24,39,Unknown,Anaheim,06-059-0007,AQS
2008-01-25,38,Unknown,Pomona,06-037-1701,AQS
2008-01-26,37,Unknown,LAX Hastings,06-037-5005,AQS
2008-01-27,36,Unknown,Los Angeles-North Main Street,06-037-1103,AQS
2008-01-28,40,Unknown,Pico Rivera #2,06-037-1602,AQS
2008-01-29,42,Unknown,Pico Rivera #2,06-037-1602,AQS
2008-01-30,43,Unknown,Pico Rivera #2,06-037-1602,AQS
2008-01-31,58,Unknown,Pico Rivera #2,06-037-1602,AQS
2008-02-01,49,Unknown,Pomona,06-037-1701,AQS
2008-02-02,40,Unknown,Pico Rivera #2,06-037-1602,AQS
2008-02-03,38,Unknown,Azusa,06-037-0002,AQS
2008-02-04,40,Unknown,Pomona,06-037-1701,AQS
2008-02-05,54,Unknown,Burbank,06-037-1002,AQS
2008-02-06,55,Unknown,Pico Rivera #2,06-037-1602,AQS
2008-02-07,71,Unknown,Santa Clarita,06-037-6012,AQS
2008-02-08,85,Unknown,Pasadena,06-037-2005,AQS
2008-02-09,66,Unknown,Costa Mesa,06-059-1003,AQS
2008-02-10,62,Unknown,Pomona,06-037-1701,AQS
2008-02-11,91,Unknown,Azusa,06-037-0002,AQS
2008-02-12,77,Unknown,LAX Hastings,06-037-5005,AQS
2008-02-13,68,Unknown,Azusa,06-037-0002,AQS
2008-02-14,44,Unknown,Pico Rivera #2,06-037-1602,AQS
2008-02-15,49,Unknown,Los Angeles-North Main Street,06-037-1103,AQS
2008-02-16,47,Unknown,Pomona,06-037-1701,AQS
2008-02-17,46,Unknown,Pomona,06-037-1701,AQS
2008-02-18,60,Unknown,Azusa,06-037-0002,AQS
2008-02-19,46,Unknown,Lancaster-Division Street,06-037-9033,AQS
2008-02-20,43,Unknown,Pico Rivera #2,06-037-1602,AQS
2008-02-21,36,Unknown,Pomona,06-037-1701,AQS
2008-02-22,45,Unknown,Pico Rivera #2,06-037-1602,AQS
2008-02-23,41,Unknown,Pico Rivera #2,06-037-1602,AQS
2008-02-24,41,Unknown,Pico Rivera #2,06-037-1602,AQS
2008-02-25,50,Unknown,Anaheim,06-059-0007,AQS
2008-02-26,70,Unknown,Pico Rivera #2,06-037-1602,AQS
2008-02-27,57,Unknown,Pomona,06-037-1701,AQS
2008-02-28,63,Unknown,Azusa,06-037-0002,AQS
2008-02-29,50,Unknown,Azusa,06-037-0002,AQS
2008-03-01,40,Unknown,Pico Rivera #2,06-037-1602,AQS
2008-03-02,55,Unknown,Pico Rivera #2,06-037-1602,AQS
2008-03-03,57,Unknown,Pico Rivera #2,06-037-1602,AQS
2008-03-04,58,Unknown,Burbank,06-037-1002,AQS
2008-03-05,84,Unknown,Pico Rivera #2,06-037-1602,AQS
2008-03-06,72,Unknown,Pico Rivera #2,06-037-1602,AQS
2008-03-07,77,Unknown,Pico Rivera #2,06-037-1602,AQS
2008-03-08,56,Unknown,Pico Rivera #2,06-037-1602,AQS
2008-03-09,62,Unknown,Pico Rivera #2,06-037-1602,AQS
2008-03-10,74,Unknown,Pico Rivera #2,06-037-1602,AQS
2008-03-11,80,Unknown,Pico Rivera #2,06-037-1602,AQS
2008-03-12,80,Unknown,Azusa,06-037-0002,AQS
2008-03-13,67,Unknown,Pico Rivera #2,06-037-1602,AQS
2008-03-14,42,Unknown,Lynwood,06-037-1301,AQS
2008-03-15,39,Unknown,Pico Rivera #2,06-037-1602,AQS
2008-03-16,46,Unknown,Pico Rivera #2,06-037-1602,AQS
2008-03-17,55,Unknown,Lynwood,06-037-1301,AQS
2008-03-18,55,Unknown,Lynwood,06-037-1301,AQS
2008-03-19,56,Unknown,Azusa,06-037-0002,AQS
2008-03-20,54,Unknown,Pico Rivera #2,06-037-1602,AQS
2008-03-21,67,Unknown,Lynwood,06-037-1301,AQS
2008-03-22,78,Unknown,Pico Rivera #2,06-037-1602,AQS
2008-03-23,76,Unknown,Pico Rivera #2,06-037-1602,AQS
2008-03-24,68,Unknown,Pomona,06-037-1701,AQS
2008-03-25,66,Unknown,Pomona,06-037-1701,AQS
2008-03-26,51,Unknown,Azusa,06-037-0002,AQS
2008-03-27,44,Unknown,Lynwood,06-037-1301,AQS
2008-03-28,52,Unknown,Pico Rivera #2,06-037-1602,AQS
2008-03-29,46,Unknown,Pico Rivera #2,06-037-1602,AQS
2008-03-30,39,Unknown,Pico Rivera #2,06-037-1602,AQS
2008-03-31,51,Unknown,Pico Rivera #2,06-037-1602,AQS
2008-04-01,39,Unknown,Pomona,06-037-1701,AQS
2008-04-02,37,Unknown,Pomona,06-037-1701,AQS
2008-04-03,35,Unknown,Pomona,06-037-1701,AQS
2008-04-04,40,Unknown,Lancaster-Division Street,06-037-9033,AQS
2008-04-05,29,Unknown,Lynwood,06-037-1301,AQS
2008-04-06,29,Unknown,Lynwood,06-037-1301,AQS
2008-04-07,40,Unknown,Burbank,06-037-1002,AQS
2008-04-08,42,Unknown,Lynwood,06-037-1301,AQS
2008-04-09,42,Unknown,Lynwood,06-037-1301,AQS
2008-04-10,60,Unknown,Pomona,06-037-1701,AQS
2008-04-11,70,Unknown,Lynwood,06-037-1301,AQS
2008-04-12,58,Unknown,Lynwood,06-037-1301,AQS
2008-04-13,55,Unknown,Pomona,06-037-1701,AQS
2008-04-14,58,Unknown,Lynwood,06-037-1301,AQS
2008-04-15,40,Unknown,Pico Rivera #2,06-037-1602,AQS
2008-04-16,56,Unknown,Burbank,06-037-1002,AQS
2008-04-17,72,Unknown,Pomona,06-037-1701,AQS
2008-04-18,81,Unknown,Lynwood,06-037-1301,AQS
2008-04-19,29,Unknown,Lynwood,06-037-1301,AQS
2008-04-20,34,Unknown,West Los Angeles,06-037-0113,AQS
2008-04-21,50,Unknown,Pomona,06-037-1701,AQS
2008-04-22,46,Unknown,Los Angeles-North Main Street,06-037-1103,AQS
2008-04-23,42,Unknown,Pomona,06-037-1701,AQS
2008-04-24,52,Unknown,Pomona,06-037-1701,AQS
2008-04-25,67,Unknown,Anaheim,06-059-0007,AQS
2008-04-26,62,Unknown,Pomona,06-037-1701,AQS
2008-04-27,66,Unknown,LAX Hastings,06-037-5005,AQS
2008-04-28,76,Unknown,Burbank,06-037-1002,AQS
2008-04-29,66,Unknown,Pomona,06-037-1701,AQS
2008-04-30,36,Unknown,Long Beach (North),06-037-4002,AQS
2008-05-01,58,Unknown,Burbank,06-037-1002,AQS
2008-05-02,68,Unknown,Long Beach (North),06-037-4002,AQS
2008-05-03,65,Unknown,Burbank,06-037-1002,AQS
2008-05-04,36,Unknown,Burbank,06-037-1002,AQS
2008-05-05,29,Unknown,West Los Angeles,06-037-0113,AQS
2008-05-06,45,Unknown,Lancaster-Division Street,06-037-9033,AQS
2008-05-07,38,Unknown,Lynwood,06-037-1301,AQS
2008-05-08,50,Unknown,Lynwood,06-037-1301,AQS
2008-05-09,40,Unknown,Lynwood,06-037-1301,AQS
2008-05-10,40,Unknown,Lynwood,06-037-1301,AQS
2008-05-11,34,Unknown,Pomona,06-037-1701,AQS
2008-05-12,39,Unknown,Lynwood,06-037-1301,AQS
2008-05-13,50,Unknown,Burbank,06-037-1002,AQS
2008-05-14,63,Unknown,Pomona,06-037-1701,AQS
2008-05-15,82,Unknown,Pico Rivera #2,06-037-1602,AQS
2008-05-16,74,Unknown,Lynwood,06-037-1301,AQS
2008-05-17,68,Unknown,LAX Hastings,06-037-5005,AQS
2008-05-18,61,Unknown,Lynwood,06-037-1301,AQS
2008-05-19,65,Unknown,Pomona,06-037-1701,AQS
2008-05-20,43,Unknown,Pomona,06-037-1701,AQS
2008-05-21,35,Unknown,Lynwood,06-037-1301,AQS
2008-05-22,34,Unknown,Pomona,06-037-1701,AQS
2008-05-23,29,Unknown,Lynwood,06-037-1301,AQS
2008-05-24,36,Unknown,Lynwood,06-037-1301,AQS
2008-05-25,42,Unknown,Lynwood,06-037-1301,AQS
2008-05-26,33,Unknown,Lynwood,06-037-1301,AQS
2008-05-27,35,Unknown,Lynwood,06-037-1301,AQS
2008-05-28,37,Unknown,Lynwood,06-037-1301,AQS
2008-05-29,35,Unknown,Lynwood,06-037-1301,AQS
2008-05-30,39,Unknown,Burbank,06-037-1002,AQS
2008-05-31,36,Unknown,Pomona,06-037-1701,AQS
2008-06-01,37,Unknown,Pomona,06-037-1701,AQS
2008-06-02,35,Unknown,Azusa,06-037-0002,AQS
2008-06-03,34,Unknown,Pomona,06-037-1701,AQS
2008-06-04,33,Unknown,Lynwood,06-037-1301,AQS
2008-06-05,45,Unknown,Burbank,06-037-1002,AQS
2008-06-06,48,Unknown,Burbank,06-037-1002,AQS
2008-06-07,47,Unknown,Burbank,06-037-1002,AQS
2008-06-08,42,Unknown,Santa Clarita,06-037-6012,AQS
2008-06-09,45,Unknown,Burbank,06-037-1002,AQS
2008-06-10,40,Unknown,Santa Clarita,06-037-6012,AQS
2008-06-11,33,Unknown,Santa Clarita,06-037-6012,AQS
2008-06-12,42,Unknown,Lancaster-Division Street,06-037-9033,AQS
2008-06-13,45,Unknown,Pomona,06-037-1701,AQS
2008-06-14,43,Unknown,Pomona,06-037-1701,AQS
2008-06-15,43,Unknown,Azusa,06-037-0002,AQS
2008-06-16,60,Unknown,Los Angeles-North Main Street,06-037-1103,AQS
2008-06-17,73,Unknown,Pomona,06-037-1701,AQS
2008-06-18,77,Unknown,Lynwood,06-037-1301,AQS
2008-06-19,81,Unknown,Burbank,06-037-1002,AQS
2008-06-20,94,Unknown,Burbank,06-037-1002,AQS
2008-06-21,58,Unknown,Burbank,06-037-1002,AQS
2008-06-22,42,Unknown,Burbank,06-037-1002,AQS
2008-06-23,45,Unknown,Pomona,06-037-1701,AQS
2008-06-24,38,Unknown,Pomona,06-037-1701,AQS
2008-06-25,33,Unknown,Burbank,06-037-1002,AQS
2008-06-26,44,Unknown,Lancaster-Division Street,06-037-9033,AQS
2008-06-27,51,Unknown,Lancaster-Division Street,06-037-9033,AQS
2008-06-28,36,Unknown,Lancaster-Division Street,06-037-9033,AQS
2008-06-29,39,Unknown,Pomona,06-037-1701,AQS
2008-06-30,44,Unknown,Pomona,06-037-1701,AQS
2008-07-01,49,Unknown,Pomona,06-037-1701,AQS
2008-07-02,57,Unknown,Pomona,06-037-1701,AQS
2008-07-03,62,Unknown,Pomona,06-037-1701,AQS
2008-07-04,57,Unknown,Pomona,06-037-1701,AQS
2008-07-05,39,Unknown,Los Angeles-North Main Street,06-037-1103,AQS
2008-07-06,34,Unknown,Burbank,06-037-1002,AQS
2008-07-07,51,Unknown,Lancaster-Division Street,06-037-9033,AQS
2008-07-08,44,Unknown,Lancaster-Division Street,06-037-9033,AQS
2008-07-09,53,Unknown,Lancaster-Division Street,06-037-9033,AQS
2008-07-10,42,Unknown,Burbank,06-037-1002,AQS
2008-07-11,40,Unknown,Pasadena,06-037-2005,AQS
2008-07-12,29,Unknown,Pomona,06-037-1701,AQS
2008-07-13,31,Unknown,Pomona,06-037-1701,AQS
2008-07-14,41,Unknown,Pomona,06-037-1701,AQS
2008-07-15,42,Unknown,Pomona,06-037-1701,AQS
2008-07-16,42,Unknown,Pomona,06-037-1701,AQS
2008-07-17,48,Unknown,Burbank,06-037-1002,AQS
2008-07-18,40,Unknown,Burbank,06-037-1002,AQS
2008-07-19,35,Unknown,Glendora,06-037-0016,AQS
2008-07-20,23,Unknown,Lynwood,06-037-1301,AQS
2008-07-21,40,Unknown,Lynwood,06-037-1301,AQS
2008-07-22,47,Unknown,Pomona,06-037-1701,AQS
2008-07-23,45,Unknown,Pomona,06-037-1701,AQS
2008-07-24,50,Unknown,Pomona,06-037-1701,AQS
2008-07-25,63,Unknown,West Los Angeles,06-037-0113,AQS
2008-07-26,48,Unknown,Pomona,06-037-1701,AQS
2008-07-27,21,Unknown,Santa Clarita,06-037-6012,AQS
2008-07-28,31,Unknown,Santa Clarita,06-037-6012,AQS
2008-07-29,39,Unknown,Pomona,06-037-1701,AQS
2008-07-30,42,Unknown,Santa Clarita,06-037-6012,AQS
2008-07-31,41,Unknown,Pomona,06-037-1701,AQS
2008-08-01,44,Unknown,Burbank,06-037-1002,AQS
2008-08-02,47,Unknown,Pomona,06-037-1701,AQS
2008-08-03,37,Unknown,Los Angeles-North Main Street,06-037-1103,AQS
2008-08-04,48,Unknown,Pasadena,06-037-2005,AQS
2008-08-05,39,Unknown,Lynwood,06-037-1301,AQS
2008-08-06,40,Unknown,Los Angeles-North Main Street,06-037-1103,AQS
2008-08-07,50,Unknown,Pomona,06-037-1701,AQS
2008-08-08,43,Unknown,Long Beach (North),06-037-4002,AQS
2008-08-09,39,Unknown,Pomona,06-037-1701,AQS
2008-08-10,35,Unknown,Pomona,06-037-1701,AQS
2008-08-11,37,Unknown,Pomona,06-037-1701,AQS
2008-08-12,48,Unknown,Lancaster-Division Street,06-037-9033,AQS
2008-08-13,54,Unknown,Lancaster-Division Street,06-037-9033,AQS
2008-08-14,48,Unknown,Lancaster-Division Street,06-037-9033,AQS
2008-08-15,48,Unknown,Pomona,06-037-1701,AQS
2008-08-16,37,Unknown,Pomona,06-037-1701,AQS
2008-08-17,35,Unknown,Pomona,06-037-1701,AQS
2008-08-18,38,Unknown,Pomona,06-037-1701,AQS
2008-08-19,35,Unknown,Pasadena,06-037-2005,AQS
2008-08-20,40,Unknown,Azusa,06-037-0002,AQS
2008-08-21,43,Unknown,Lancaster-Division Street,06-037-9033,AQS
2008-08-22,35,Unknown,Santa Clarita,06-037-6012,AQS
2008-08-23,37,Unknown,Pomona,06-037-1701,AQS
2008-08-24,42,Unknown,Pomona,06-037-1701,AQS
2008-08-25,65,Unknown,Pomona,06-037-1701,AQS
2008-08-26,52,Unknown,Santa Clarita,06-037-6012,AQS
2008-08-27,46,Unknown,Lancaster-Division Street,06-037-9033,AQS
2008-08-28,58,Unknown,Lancaster-Division Street,06-037-9033,AQS
2008-08-29,58,Unknown,Lynwood,06-037-1301,AQS
2008-08-30,49,Unknown,Pomona,06-037-1701,AQS
2008-08-31,28,Unknown,Glendora,06-037-0016,AQS
2008-09-01,25,Unknown,Los Angeles-North Main Street,06-037-1103,AQS
2008-09-02,51,Unknown,Pomona,06-037-1701,AQS
2008-09-03,63,Unknown,Los Angeles-North Main Street,06-037-1103,AQS
2008-09-04,62,Unknown,Pomona,06-037-1701,AQS
2008-09-05,51,Unknown,Azusa,06-037-0002,AQS
2008-09-06,55,Unknown,Pomona,06-037-1701,AQS
2008-09-07,42,Unknown,Pomona,06-037-1701,AQS
2008-09-08,40,Unknown,Santa Clarita,06-037-6012,AQS
2008-09-09,43,Unknown,Lancaster-Division Street,06-037-9033,AQS
2008-09-10,33,Unknown,Lynwood,06-037-1301,AQS
2008-09-11,34,Unknown,Pomona,06-037-1701,AQS
2008-09-12,48,Unknown,Lancaster-Division Street,06-037-9033,AQS
2008-09-13,31,Unknown,Pomona,06-037-1701,AQS
2008-09-14,51,Unknown,Pomona,06-037-1701,AQS
2008-09-15,86,Unknown,Pomona,06-037-1701,AQS
2008-09-16,71,Unknown,Pomona,06-037-1701,AQS
2008-09-17,54,Unknown,Lancaster-Division Street,06-037-9033,AQS
2008-09-18,54,Unknown,Pomona,06-037-1701,AQS
2008-09-19,54,Unknown,Pico Rivera #2,06-037-1602,AQS
2008-09-20,35,Unknown,Pomona,06-037-1701,AQS
2008-09-21,29,Unknown,Lynwood,06-037-1301,AQS
2008-09-22,45,Unknown,Pomona,06-037-1701,AQS
2008-09-23,69,Unknown,Los Angeles-North Main Street,06-037-1103,AQS
2008-09-24,81,Unknown,Los Angeles-North Main Street,06-037-1103,AQS
2008-09-25,71,Unknown,Lynwood,06-037-1301,AQS
2008-09-26,65,Unknown,Los Angeles-North Main Street,06-037-1103,AQS
2008-09-27,47,Unknown,Pomona,06-037-1701,AQS
2008-09-28,42,Unknown,Burbank,06-037-1002,AQS
2008-09-29,83,Unknown,Pomona,06-037-1701,AQS
2008-09-30,101,Unknown,Lynwood,06-037-1301,AQS
2008-10-01,86,Unknown,Burbank,06-037-1002,AQS
2008-10-02,64,Unknown,Pomona,06-037-1701,AQS
2008-10-03,40,Unknown,Reseda,06-037-1201,AQS
2008-10-04,39,Unknown,Pomona,06-037-1701,AQS
2008-10-05,30,Unknown,Burbank,06-037-1002,AQS
2008-10-06,55,Unknown,Pomona,06-037-1701,AQS
2008-10-07,69,Unknown,West Los Angeles,06-037-0113,AQS
2008-10-08,87,Unknown,Burbank,06-037-1002,AQS
2008-10-09,67,Unknown,Pomona,06-037-1701,AQS
2008-10-10,42,Unknown,Pomona,06-037-1701,AQS
2008-10-11,42,Unknown,Pico Rivera #2,06-037-1602,AQS
2008-10-12,43,Unknown,Pomona,06-037-1701,AQS
2008-10-13,52,Unknown,Lynwood,06-037-1301,AQS
2008-10-14,79,Unknown,Burbank,06-037-1002,AQS
2008-10-15,64,Unknown,Lynwood,06-037-1301,AQS
2008-10-16,72,Unknown,Lynwood,06-037-1301,AQS
2008-10-17,91,Unknown,Long Beach (North),06-037-4002,AQS
2008-10-18,64,Unknown,Pomona,06-037-1701,AQS
2008-10-19,36,Unknown,Pomona,06-037-1701,AQS
2008-10-20,62,Unknown,Pomona,06-037-1701,AQS
2008-10-21,99,Unknown,Pomona,06-037-1701,AQS
2008-10-22,104,Unknown,Lynwood,06-037-1301,AQS
2008-10-23,58,Unknown,Burbank,06-037-1002,AQS
2008-10-24,80,Unknown,West Los Angeles,06-037-0113,AQS
2008-10-25,87,Unknown,Long Beach (North),06-037-4002,AQS
2008-10-26,77,Unknown,Pomona,06-037-1701,AQS
2008-10-27,100,Unknown,Long Beach (North),06-037-4002,AQS
2008-10-28,101,Unknown,Lynwood,06-037-1301,AQS
2008-10-29,95,Unknown,Burbank,06-037-1002,AQS
2008-10-30,64,Unknown,Pico Rivera #2,06-037-1602,AQS
2008-10-31,60,Unknown,Azusa,06-037-0002,AQS
2008-11-01,57,Unknown,Pico Rivera #2,06-037-1602,AQS
2008-11-02,32,Unknown,Pomona,06-037-1701,AQS
2008-11-03,32,Unknown,Pico Rivera #2,06-037-1602,AQS
2008-11-04,38,Unknown,Los Angeles-North Main Street,06-037-1103,AQS
2008-11-05,46,Unknown,Pomona,06-037-1701,AQS
2008-11-06,83,Unknown,Pico Rivera #2,06-037-1602,AQS
2008-11-07,99,Unknown,Pico Rivera #2,06-037-1602,AQS
2008-11-08,63,Unknown,Long Beach (North),06-037-4002,AQS
2008-11-09,30,Unknown,Glendora,06-037-0016,AQS
2008-11-10,42,Unknown,Burbank,06-037-1002,AQS
2008-11-11,58,Unknown,Pomona,06-037-1701,AQS
2008-11-12,81,Unknown,Azusa,06-037-0002,AQS
2008-11-13,102,Unknown,Burbank,06-037-1002,AQS
2008-11-14,106,Unknown,Long Beach (North),06-037-4002,AQS
2008-11-15,94,Unknown,LAX Hastings,06-037-5005,AQS
2008-11-16,97,Unknown,Pomona,06-037-1701,AQS
2008-11-17,82,Unknown,Pomona,06-037-1701,AQS
2008-11-18,88,Unknown,Long Beach (North),06-037-4002,AQS
2008-11-19,103,Unknown,Los Angeles-North Main Street,06-037-1103,AQS
2008-11-20,102,Unknown,Pasadena,06-037-2005,AQS
2008-11-21,101,Unknown,Long Beach (North),06-037-4002,AQS
2008-11-22,84,Unknown,Burbank,06-037-1002,AQS
2008-11-23,47,Unknown,Burbank,06-037-1002,AQS
2008-11-24,71,Unknown,Pico Rivera #2,06-037-1602,AQS
2008-11-25,50,Unknown,Burbank,06-037-1002,AQS
2008-11-26,32,Unknown,Burbank,06-037-1002,AQS
2008-11-27,35,Unknown,Pomona,06-037-1701,AQS
2008-11-28,38,Unknown,Pomona,06-037-1701,AQS
2008-11-29,57,Unknown,Pomona,06-037-1701,AQS
2008-11-30,61,Unknown,Pomona,06-037-1701,AQS
2008-12-01,105,Unknown,Los Angeles-North Main Street,06-037-1103,AQS
2008-12-02,64,Unknown,Santa Clarita,06-037-6012,AQS
2008-12-03,74,Unknown,Azusa,06-037-0002,AQS
2008-12-04,54,Unknown,Burbank,06-037-1002,AQS
2008-12-05,62,Unknown,Compton,06-037-1302,AQS
2008-12-06,53,Unknown,Long Beach (North),06-037-4002,AQS
2008-12-07,42,Unknown,Pomona,06-037-1701,AQS
2008-12-08,42,Unknown,LAX Hastings,06-037-5005,AQS
2008-12-09,49,Unknown,Pomona,06-037-1701,AQS
2008-12-10,46,Unknown,Burbank,06-037-1002,AQS
2008-12-11,73,Unknown,Long Beach (North),06-037-4002,AQS
2008-12-12,56,Unknown,Pomona,06-037-1701,AQS
2008-12-13,36,Unknown,LAX Hastings,06-037-5005,AQS
2008-12-14,34,Unknown,Pomona,06-037-1701,AQS
2008-12-15,60,Unknown,Azusa,06-037-0002,AQS
2008-12-16,41,Unknown,Compton,06-037-1302,AQS
2008-12-17,64,Unknown,Pomona,06-037-1701,AQS
2008-12-18,86,Unknown,Azusa,06-037-0002,AQS
2008-12-19,49,Unknown,Burbank,06-037-1002,AQS
2008-12-20,43,Unknown,Burbank,06-037-1002,AQS
2008-12-21,53,Unknown,La Habra,06-059-5001,AQS
2008-12-22,39,Unknown,Pomona,06-037-1701,AQS
2008-12-23,40,Unknown,Compton,06-037-1302,AQS
2008-12-24,34,Unknown,West Los Angeles,06-037-0113,AQS
2008-12-25,31,Unknown,Burbank,06-037-1002,AQS
2008-12-26,35,Unknown,La Habra,06-059-5001,AQS
2008-12-27,38,Unknown,Compton,06-037-1302,AQS
2008-12-28,41,Unknown,La Habra,06-059-5001,AQS
2008-12-29,52,Unknown,La Habra,06-059-5001,AQS
2008-12-30,58,Unknown,Burbank,06-037-1002,AQS
2008-12-31,68,Unknown,Burbank,06-037-1002,AQS
2009-01-01,78,Unknown,Azusa,06-037-0002,AQS
2009-01-02,57,Unknown,Santa Clarita,06-037-6012,AQS
2009-01-03,37,Unknown,Pomona,06-037-1701,AQS
2009-01-04,41,Unknown,Los Angeles-North Main Street,06-037-1103,AQS
2009-01-05,49,Unknown,Burbank,06-037-1002,AQS
2009-01-06,48,Unknown,Burbank,06-037-1002,AQS
2009-01-07,66,Unknown,Long Beach (North),06-037-4002,AQS
2009-01-08,82,Unknown,Glendora,06-037-0016,AQS
2009-01-09,63,Unknown,Pomona,06-037-1701,AQS
2009-01-10,54,Unknown,LAX Hastings,06-037-5005,AQS
2009-01-11,49,Unknown,LAX Hastings,06-037-5005,AQS
2009-01-12,76,Unknown,LAX Hastings,06-037-5005,AQS
2009-01-13,78,Unknown,Compton,06-037-1302,AQS
2009-01-14,69,Unknown,LAX Hastings,06-037-5005,AQS
2009-01-15,67,Unknown,LAX Hastings,06-037-5005,AQS
2009-01-16,68,Unknown,Compton,06-037-1302,AQS
2009-01-17,52,Unknown,Compton,06-037-1302,AQS
2009-01-18,54,Unknown,Costa Mesa,06-059-1003,AQS
2009-01-19,60,Unknown,Burbank,06-037-1002,AQS
2009-01-20,61,Unknown,Long Beach (North),06-037-4002,AQS
2009-01-21,65,Unknown,Compton,06-037-1302,AQS
2009-01-22,57,Unknown,Compton,06-037-1302,AQS
2009-01-23,46,Unknown,Compton,06-037-1302,AQS
2009-01-24,26,Unknown,Compton,06-037-1302,AQS
2009-01-25,29,Unknown,Compton,06-037-1302,AQS
2009-01-26,35,Unknown,Compton,06-037-1302,AQS
2009-01-27,46,Unknown,Los Angeles-North Main Street,06-037-1103,AQS
2009-01-28,51,Unknown,Compton,06-037-1302,AQS
2009-01-29,68,Unknown,Compton,06-037-1302,AQS
2009-01-30,62,Unknown,Compton,06-037-1302,AQS
2009-01-31,47,Unknown,Azusa,06-037-0002,AQS
2009-02-01,60,Unknown,La Habra,06-059-5001,AQS
2009-02-02,55,Unknown,La Habra,06-059-5001,AQS
2009-02-03,56,Unknown,Long Beach (North),06-037-4002,AQS
2009-02-04,67,Unknown,Compton,06-037-1302,AQS
2009-02-05,42,Unknown,Pico Rivera #2,06-037-1602,AQS
2009-02-06,32,Unknown,Burbank,06-037-1002,AQS
2009-02-07,31,Unknown,LAX Hastings,06-037-5005,AQS
2009-02-08,30,Unknown,Pomona,06-037-1701,AQS
2009-02-09,46,Unknown,Azusa,06-037-0002,AQS
2009-02-10,40,Unknown,Compton,06-037-1302,AQS
2009-02-11,40,Unknown,Pomona,06-037-1701,AQS
2009-02-12,38,Unknown,Pomona,06-037-1701,AQS
2009-02-13,39,Unknown,Anaheim,06-059-0007,AQS
2009-02-14,37,Unknown,Compton,06-037-1302,AQS
2009-02-15,38,Unknown,Burbank,06-037-1002,AQS
2009-02-16,35,Unknown,LAX Hastings,06-037-5005,AQS
2009-02-17,37,Unknown,La Habra,06-059-5001,AQS
2009-02-18,45,Unknown,Pico Rivera #2,06-037-1602,AQS
2009-02-19,50,Unknown,Burbank,06-037-1002,AQS
2009-02-20,52,Unknown,Burbank,06-037-1002,AQS
2009-02-21,61,Unknown,Burbank,06-037-1002,AQS
2009-02-22,52,Unknown,Compton,06-037-1302,AQS
2009-02-23,57,Unknown,Burbank,06-037-1002,AQS
2009-02-24,50,Unknown,Los Angeles-North Main Street,06-037-1103,AQS
2009-02-25,35,Unknown,Burbank,06-037-1002,AQS
2009-02-26,52,Unknown,LAX Hastings,06-037-5005,AQS
2009-02-27,49,Unknown,Pomona,06-037-1701,AQS
2009-02-28,58,Unknown,Burbank,06-037-1002,AQS
2009-03-01,52,Unknown,LAX Hastings,06-037-5005,AQS
2009-03-02,65,Unknown,Anaheim,06-059-0007,AQS
2009-03-03,40,Unknown,Los Angeles-North Main Street,06-037-1103,AQS
2009-03-04,34,Unknown,West Los Angeles,06-037-0113,AQS
2009-03-05,38,Unknown,Compton,06-037-1302,AQS
2009-03-06,40,Unknown,Burbank,06-037-1002,AQS
2009-03-07,36,Unknown,Burbank,06-037-1002,AQS
2009-03-08,36,Unknown,Burbank,06-037-1002,AQS
2009-03-09,47,Unknown,Pomona,06-037-1701,AQS
2009-03-10,44,Unknown,Los Angeles-North Main Street,06-037-1103,AQS
2009-03-11,45,Unknown,Burbank,06-037-1002,AQS
2009-03-12,60,Unknown,Pomona,06-037-1701,AQS
2009-03-13,44,Unknown,Lancaster-Division Street,06-037-9033,AQS
2009-03-14,35,Unknown,Burbank,06-037-1002,AQS
2009-03-15,40,Unknown,Los Angeles-North Main Street,06-037-1103,AQS
2009-03-16,51,Unknown,Burbank,06-037-1002,AQS
2009-03-17,68,Unknown,Pico Rivera #2,06-037-1602,AQS
2009-03-18,76,Unknown,West Los Angeles,06-037-0113,AQS
2009-03-19,70,Unknown,Pasadena,06-037-2005,AQS
2009-03-20,51,Unknown,Pasadena,06-037-2005,AQS
2009-03-21,25,Unknown,Pomona,06-037-1701,AQS
2009-03-22,25,Unknown,Pomona,06-037-1701,AQS
2009-03-23,53,Unknown,Pasadena,06-037-2005,AQS
2009-03-24,61,Unknown,Los Angeles-North Main Street,06-037-1103,AQS
2009-03-25,57,Unknown,Burbank,06-037-1002,AQS
2009-03-26,48,Unknown,Burbank,06-037-1002,AQS
2009-03-27,55,Unknown,Burbank,06-037-1002,AQS
2009-03-28,57,Unknown,Burbank,06-037-1002,AQS
2009-03-29,53,Unknown,Burbank,06-037-1002,AQS
2009-03-30,48,Unknown,Pico Rivera #2,06-037-1602,AQS
2009-03-31,49,Unknown,Pico Rivera #2,06-037-1602,AQS
2009-04-01,42,Unknown,West Los Angeles,06-037-0113,AQS
2009-04-02,41,Unknown,Lancaster-Division Street,06-037-9033,AQS
2009-04-03,35,Unknown,Pomona,06-037-1701,AQS
2009-04-04,50,Unknown,Los Angeles-North Main Street,06-037-1103,AQS
2009-04-05,54,Unknown,Compton,06-037-1302,AQS
2009-04-06,55,Unknown,Burbank,06-037-1002,AQS
2009-04-07,47,Unknown,Burbank,06-037-1002,AQS
2009-04-08,31,Unknown,Compton,06-037-1302,AQS
2009-04-09,34,Unknown,Compton,06-037-1302,AQS
2009-04-10,34,Unknown,Pomona,06-037-1701,AQS
2009-04-11,47,Unknown,Pomona,06-037-1701,AQS
2009-04-12,37,Unknown,Burbank,06-037-1002,AQS
2009-04-13,55,Unknown,Pomona,06-037-1701,AQS
2009-04-14,44,Unknown,Pomona,06-037-1701,AQS
2009-04-15,38,Unknown,West Los Angeles,06-037-0113,AQS
2009-04-16,41,Unknown,Pomona,06-037-1701,AQS
2009-04-17,56,Unknown,Burbank,06-037-1002,AQS
2009-04-18,66,Unknown,Los Angeles-North Main Street,06-037-1103,AQS
2009-04-19,57,Unknown,Los Angeles-North Main Street,06-037-1103,AQS
2009-04-20,57,Unknown,Long Beach (North),06-037-4002,AQS
2009-04-21,65,Unknown,Burbank,06-037-1002,AQS
2009-04-22,46,Unknown,Pomona,06-037-1701,AQS
2009-04-23,27,Unknown,Azusa,06-037-0002,AQS
2009-04-24,27,Unknown,Pasadena,06-037-2005,AQS
2009-04-25,27,Unknown,West Los Angeles,06-037-0113,AQS
2009-04-26,29,Unknown,West Los Angeles,06-037-0113,AQS
2009-04-27,31,Unknown,Compton,06-037-1302,AQS
2009-04-28,34,Unknown,West Los Angeles,06-037-0113,AQS
2009-04-29,41,Unknown,Burbank,06-037-1002,AQS
2009-04-30,100,Unknown,Azusa,06-037-0002,AQS
2009-05-01,46,Unknown,Pasadena,06-037-2005,AQS
2009-05-02,25,Unknown,Pasadena,06-037-2005,AQS
2009-05-03,28,Unknown,Burbank,06-037-1002,AQS
2009-05-04,39,Unknown,Santa Clarita,06-037-6012,AQS
2009-05-05,44,Unknown,Burbank,06-037-1002,AQS
2009-05-06,44,Unknown,Pomona,06-037-1701,AQS
2009-05-07,50,Unknown,Pomona,06-037-1701,AQS
2009-05-08,50,Unknown,Pomona,06-037-1701,AQS
2009-05-09,37,Unknown,Burbank,06-037-1002,AQS
2009-05-10,21,Unknown,Pomona,06-037-1701,AQS
2009-05-11,30,Unknown,Burbank,06-037-1002,AQS
2009-05-12,42,Unknown,Burbank,06-037-1002,AQS
2009-05-13,47,Unknown,Burbank,06-037-1002,AQS
2009-05-14,42,Unknown,Pomona,06-037-1701,AQS
2009-05-15,38,Unknown,Santa Clarita,06-037-6012,AQS
2009-05-16,42,Unknown,Pomona,06-037-1701,AQS
2009-05-17,42,Unknown,Pomona,06-037-1701,AQS
2009-05-18,43,Unknown,Pomona,06-037-1701,AQS
2009-05-19,45,Unknown,Pomona,06-037-1701,AQS
2009-05-20,43,Unknown,Pomona,06-037-1701,AQS
2009-05-21,39,Unknown,Burbank,06-037-1002,AQS
2009-05-22,26,Unknown,Burbank,06-037-1002,AQS
2009-05-23,20,Unknown,Santa Clarita,06-037-6012,AQS
2009-05-24,21,Unknown,Pomona,06-037-1701,AQS
2009-05-25,17,Unknown,Burbank,06-037-1002,AQS
2009-05-26,33,Unknown,Lancaster-Division Street,06-037-9033,AQS
2009-05-27,45,Unknown,Lancaster-Division Street,06-037-9033,AQS
2009-05-28,47,Unknown,Lancaster-Division Street,06-037-9033,AQS
2009-05-29,42,Unknown,Lancaster-Division Street,06-037-9033,AQS
2009-05-30,25,Unknown,Lancaster-Division Street,06-037-9033,AQS
2009-05-31,24,Unknown,Long Beach (North),06-037-4002,AQS
2009-06-01,30,Unknown,Pomona,06-037-1701,AQS
2009-06-02,32,Unknown,Burbank,06-037-1002,AQS
2009-06-03,46,Unknown,Burbank,06-037-1002,AQS
2009-06-04,32,Unknown,Pomona,06-037-1701,AQS
2009-06-05,21,Unknown,Pomona,06-037-1701,AQS
2009-06-06,21,Unknown,Burbank,06-037-1002,AQS
2009-06-07,20,Unknown,Pomona,06-037-1701,AQS
2009-06-08,25,Unknown,Burbank,06-037-1002,AQS
2009-06-09,27,Unknown,Burbank,06-037-1002,AQS
2009-06-10,35,Unknown,Burbank,06-037-1002,AQS
2009-06-11,28,Unknown,Burbank,06-037-1002,AQS
2009-06-12,27,Unknown,Burbank,06-037-1002,AQS
2009-06-13,25,Unknown,Pomona,06-037-1701,AQS
2009-06-14,27,Unknown,Pomona,06-037-1701,AQS
2009-06-15,25,Unknown,Pomona,06-037-1701,AQS
2009-06-16,35,Unknown,Pomona,06-037-1701,AQS
2009-06-17,34,Unknown,Santa Clarita,06-037-6012,AQS
2009-06-18,39,Unknown,Santa Clarita,06-037-6012,AQS
2009-06-19,39,Unknown,Lancaster-Division Street,06-037-9033,AQS
2009-06-20,21,Unknown,Santa Clarita,06-037-6012,AQS
2009-06-21,31,Unknown,Pomona,06-037-1701,AQS
2009-06-22,32,Unknown,Los Angeles-North Main Street,06-037-1103,AQS
2009-06-23,49,Unknown,Lancaster-Division Street,06-037-9033,AQS
2009-06-24,43,Unknown,Lancaster-Division Street,06-037-9033,AQS
2009-06-25,63,Unknown,Lancaster-Division Street,06-037-9033,AQS
2009-06-26,44,Unknown,Pomona,06-037-1701,AQS
2009-06-27,40,Unknown,Pomona,06-037-1701,AQS
2009-06-28,44,Unknown,Pomona,06-037-1701,AQS
2009-06-29,41,Unknown,Los Angeles-North Main Street,06-037-1103,AQS
2009-06-30,42,Unknown,Pomona,06-037-1701,AQS
2009-07-01,41,Unknown,Lancaster-Division Street,06-037-9033,AQS
2009-07-02,39,Unknown,Pomona,06-037-1701,AQS
2009-07-03,30,Unknown,Pomona,06-037-1701,AQS
2009-07-04,36,Unknown,Pomona,06-037-1701,AQS
2009-07-05,28,Unknown,Pomona,06-037-1701,AQS
2009-07-06,46,Unknown,Los Angeles-North Main Street,06-037-1103,AQS
2009-07-07,39,Unknown,Pomona,06-037-1701,AQS
2009-07-08,32,Unknown,Burbank,06-037-1002,AQS
2009-07-09,39,Unknown,Pomona,06-037-1701,AQS
2009-07-10,66,Unknown,Los Angeles-North Main Street,06-037-1103,AQS
2009-07-11,53,Unknown,Pomona,06-037-1701,AQS
2009-07-12,44,Unknown,Pomona,06-037-1701,AQS
2009-07-13,46,Unknown,Pomona,06-037-1701,AQS
2009-07-14,46,Unknown,Pomona,06-037-1701,AQS
2009-07-15,36,Unknown,Pomona,06-037-1701,AQS
2009-07-16,46,Unknown,Pomona,06-037-1701,AQS
2009-07-17,42,Unknown,Pomona,06-037-1701,AQS
2009-07-18,40,Unknown,Pomona,06-037-1701,AQS
2009-07-19,32,Unknown,Burbank,06-037-1002,AQS
2009-07-20,53,Unknown,Los Angeles-North Main Street,06-037-1103,AQS
2009-07-21,48,Unknown,Los Angeles-North Main Street,06-037-1103,AQS
2009-07-22,46,Unknown,Los Angeles-North Main Street,06-037-1103,AQS
2009-07-23,40,Unknown,Santa Clarita,06-037-6012,AQS
2009-07-24,38,Unknown,Burbank,06-037-1002,AQS
2009-07-25,31,Unknown,Los Angeles-North Main Street,06-037-1103,AQS
2009-07-26,31,Unknown,Burbank,06-037-1002,AQS
2009-07-27,40,Unknown,Long Beach (North),06-037-4002,AQS
2009-07-28,34,Unknown,Santa Clarita,06-037-6012,AQS
2009-07-29,38,Unknown,Pomona,06-037-1701,AQS
2009-07-30,29,Unknown,Santa Clarita,06-037-6012,AQS
2009-07-31,26,Unknown,Pasadena,06-037-2005,AQS
2009-08-01,33,Unknown,Glendora,06-037-0016,AQS
2009-08-02,34,Unknown,Pomona,06-037-1701,AQS
2009-08-03,48,Unknown,Los Angeles-North Main Street,06-037-1103,AQS
2009-08-04,73,Unknown,Los Angeles-North Main Street,06-037-1103,AQS
2009-08-05,46,Unknown,Pomona,06-037-1701,AQS
2009-08-06,27,Unknown,Long Beach (North),06-037-4002,AQS
2009-08-07,28,Unknown,Pomona,06-037-1701,AQS
2009-08-08,30,Unknown,Pico Rivera #2,06-037-1602,AQS
2009-08-09,32,Unknown,Pico Rivera #2,06-037-1602,AQS
2009-08-10,50,Unknown,Lancaster-Division Street,06-037-9033,AQS
2009-08-11,38,Unknown,Pomona,06-037-1701,AQS
2009-08-12,48,Unknown,Lancaster-Division Street,06-037-9033,AQS
2009-08-13,57,Unknown,Compton,06-037-1302,AQS
2009-08-14,29,Unknown,Santa Clarita,06-037-6012,AQS
2009-08-15,24,Unknown,Pico Rivera #2,06-037-1602,AQS
2009-08-16,25,Unknown,Pomona,06-037-1701,AQS
2009-08-17,56,Unknown,Lancaster-Division Street,06-037-9033,AQS
2009-08-18,51,Unknown,Pomona,06-037-1701,AQS
2009-08-19,49,Unknown,Lancaster-Division Street,06-037-9033,AQS
2009-08-20,42,Unknown,Pomona,06-037-1701,AQS
2009-08-21,55,Unknown,Pasadena,06-037-2005,AQS
2009-08-22,61,Unknown,Pomona,06-037-1701,AQS
2009-08-23,25,Unknown,Pomona,06-037-1701,AQS
2009-08-24,48,Unknown,Los Angeles-North Main Street,06-037-1103,AQS
2009-08-25,60,Unknown,Long Beach (North),06-037-4002,AQS
2009-08-26,87,Unknown,Compton,06-037-1302,AQS
2009-08-27,70,Unknown,Pomona,06-037-1701,AQS
2009-08-28,67,Unknown,Pico Rivera #2,06-037-1602,AQS
2009-08-29,66,Unknown,Pico Rivera #2,06-037-1602,AQS
2009-08-30,52,Unknown,Compton,06-037-1302,AQS
2009-08-31,87,Unknown,Burbank,06-037-1002,AQS
2009-09-01,56,Unknown,Pomona,06-037-1701,AQS
2009-09-02,60,Unknown,Pomona,06-037-1701,AQS
2009-09-03,65,Unknown,Long Beach (North),06-037-4002,AQS
2009-09-04,53,Unknown,Los Angeles-North Main Street,06-037-1103,AQS
2009-09-05,42,Unknown,Pomona,06-037-1701,AQS
2009-09-06,37,Unknown,Pomona,06-037-1701,AQS
2009-09-07,36,Unknown,Pomona,06-037-1701,AQS
2009-09-08,31,Unknown,Lancaster-Division Street,06-037-9033,AQS
2009-09-09,45,Unknown,Pomona,06-037-1701,AQS
2009-09-10,61,Unknown,Pico Rivera #2,06-037-1602,AQS
2009-09-11,57,Unknown,Pomona,06-037-1701,AQS
2009-09-12,35,Unknown,Pomona,06-037-1701,AQS
2009-09-13,42,Unknown,Pomona,06-037-1701,AQS
2009-09-14,36,Unknown,Pomona,06-037-1701,AQS
2009-09-15,33,Unknown,Pomona,06-037-1701,AQS
2009-09-16,49,Unknown,Los Angeles-North Main Street,06-037-1103,AQS
2009-09-17,57,Unknown,Los Angeles-North Main Street,06-037-1103,AQS
2009-09-18,80,Unknown,Pomona,06-037-1701,AQS
2009-09-19,34,Unknown,Pomona,06-037-1701,AQS
2009-09-20,44,Unknown,Pomona,06-037-1701,AQS
2009-09-21,56,Unknown,Pomona,06-037-1701,AQS
2009-09-22,79,Unknown,Pico Rivera #2,06-037-1602,AQS
2009-09-23,96,Unknown,Pico Rivera #2,06-037-1602,AQS
2009-09-24,84,Unknown,Los Angeles-North Main Street,06-037-1103,AQS
2009-09-25,88,Unknown,Pico Rivera #2,06-037-1602,AQS
2009-09-26,101,Unknown,Los Angeles-North Main Street,06-037-1103,AQS
2009-09-27,63,Unknown,Pomona,06-037-1701,AQS
2009-09-28,42,Unknown,Los Angeles-North Main Street,06-037-1103,AQS
2009-09-29,42,Unknown,Lancaster-Division Street,06-037-9033,AQS
2009-09-30,55,Unknown,Los Angeles-North Main Street,06-037-1103,AQS
2009-10-01,68,Unknown,Los Angeles-North Main Street,06-037-1103,AQS
2009-10-02,62,Unknown,Los Angeles-North Main Street,06-037-1103,AQS
2009-10-03,49,Unknown,Los Angeles-North Main Street,06-037-1103,AQS
2009-10-04,23,Unknown,Pomona,06-037-1701,AQS
2009-10-05,42,Unknown,Pico Rivera #2,06-037-1602,AQS
2009-10-06,39,Unknown,Compton,06-037-1302,AQS
2009-10-07,61,Unknown,Pomona,06-037-1701,AQS
2009-10-08,45,Unknown,Pico Rivera #2,06-037-1602,AQS
2009-10-09,40,Unknown,Lancaster-Division Street,06-037-9033,AQS
2009-10-10,32,Unknown,Pomona,06-037-1701,AQS
2009-10-11,33,Unknown,Los Angeles-North Main Street,06-037-1103,AQS
2009-10-12,37,Unknown,LAX Hastings,06-037-5005,AQS
2009-10-13,26,Unknown,Pomona,06-037-1701,AQS
2009-10-14,28,Unknown,Long Beach (North),06-037-4002,AQS
2009-10-15,63,Unknown,Pomona,06-037-1701,AQS
2009-10-16,82,Unknown,Pomona,06-037-1701,AQS
2009-10-17,57,Unknown,Pomona,06-037-1701,AQS
2009-10-18,43,Unknown,Pomona,06-037-1701,AQS
2009-10-19,33,Unknown,Pomona,06-037-1701,AQS
2009-10-20,40,Unknown,Los Angeles-North Main Street,06-037-1103,AQS
2009-10-21,57,Unknown,Compton,06-037-1302,AQS
2009-10-22,68,Unknown,Reseda,06-037-1201,AQS
2009-10-23,89,Unknown,Compton,06-037-1302,AQS
2009-10-24,60,Unknown,Los Angeles-North Main Street,06-037-1103,AQS
2009-10-25,74,Unknown,Pomona,06-037-1701,AQS
2009-10-26,57,Unknown,Pomona,06-037-1701,AQS
2009-10-27,43,Unknown,Los Angeles-North Main Street,06-037-1103,AQS
2009-10-28,32,Unknown,Costa Mesa,06-059-1003,AQS
2009-10-29,48,Unknown,Burbank,06-037-1002,AQS
2009-10-30,54,Unknown,Burbank,06-037-1002,AQS
2009-10-31,65,Unknown,LAX Hastings,06-037-5005,AQS
2009-11-01,63,Unknown,Burbank,06-037-1002,AQS
2009-11-02,103,Unknown,Long Beach (North),06-037-4002,AQS
2009-11-03,104,Unknown,Los Angeles-North Main Street,06-037-1103,AQS
2009-11-04,82,Unknown,Pomona,06-037-1701,AQS
2009-11-05,44,Unknown,Pomona,06-037-1701,AQS
2009-11-06,52,Unknown,Reseda,06-037-1201,AQS
2009-11-07,52,Unknown,Los Angeles-North Main Street,06-037-1103,AQS
2009-11-08,52,Unknown,Reseda,06-037-1201,AQS
2009-11-09,78,Unknown,Pomona,06-037-1701,AQS
2009-11-10,72,Unknown,Compton,06-037-1302,AQS
2009-11-11,68,Unknown,Pomona,06-037-1701,AQS
2009-11-12,67,Unknown,Pomona,06-037-1701,AQS
2009-11-13,44,Unknown,Los Angeles-North Main Street,06-037-1103,AQS
2009-11-14,45,Unknown,Pomona,06-037-1701,AQS
2009-11-15,56,Unknown,Pomona,06-037-1701,AQS
2009-11-16,57,Unknown,Pomona,06-037-1701,AQS
2009-11-17,70,Unknown,Long Beach (North),06-037-4002,AQS
2009-11-18,61,Unknown,Pomona,06-037-1701,AQS
2009-11-19,70,Unknown,Pomona,06-037-1701,AQS
2009-11-20,56,Unknown,Pico Rivera #2,06-037-1602,AQS
2009-11-21,44,Unknown,Compton,06-037-1302,AQS
2009-11-22,52,Unknown,Pomona,06-037-1701,AQS
2009-11-23,62,Unknown,LAX Hastings,06-037-5005,AQS
2009-11-24,74,Unknown,LAX Hastings,06-037-5005,AQS
2009-11-25,58,Unknown,Long Beach (North),06-037-4002,AQS
2009-11-26,50,Unknown,Compton,06-037-1302,AQS
2009-11-27,42,Unknown,Compton,06-037-1302,AQS
2009-11-28,34,Unknown,Compton,06-037-1302,AQS
2009-11-29,41,Unknown,Los Angeles-North Main Street,06-037-1103,AQS
2009-11-30,53,Unknown,Compton,06-037-1302,AQS
2009-12-01,50,Unknown,Compton,06-037-1302,AQS
2009-12-02,46,Unknown,Pomona,06-037-1701,AQS
2009-12-03,50,Unknown,Pomona,06-037-1701,AQS
2009-12-04,58,Unknown,Compton,06-037-1302,AQS
2009-12-05,42,Unknown,Reseda,06-037-1201,AQS
2009-12-06,40,Unknown,West Los Angeles,06-037-0113,AQS
2009-12-07,37,Unknown,West Los Angeles,06-037-0113,AQS
2009-12-08,40,Unknown,Pomona,06-037-1701,AQS
2009-12-09,43,Unknown,Pico Rivera #2,06-037-1602,AQS
2009-12-10,51,Unknown,Burbank,06-037-1002,AQS
2009-12-11,45,Unknown,LAX Hastings,06-037-5005,AQS
2009-12-12,30,Unknown,West Los Angeles,06-037-0113,AQS
2009-12-13,31,Unknown,Anaheim,06-059-0007,AQS
2009-12-14,42,Unknown,Long Beach (North),06-037-4002,AQS
2009-12-15,68,Unknown,West Los Angeles,06-037-0113,AQS
2009-12-16,46,Unknown,Costa Mesa,06-059-1003,AQS
2009-12-17,60,Unknown,Anaheim,06-059-0007,AQS
2009-12-18,66,Unknown,Anaheim,06-059-0007,AQS
2009-12-19,47,Unknown,Long Beach (North),06-037-4002,AQS
2009-12-20,45,Unknown,Compton,06-037-1302,AQS
2009-12-21,67,Unknown,LAX Hastings,06-037-5005,AQS
2009-12-22,44,Unknown,Santa Clarita,06-037-6012,AQS
2009-12-23,46,Unknown,Los Angeles-North Main Street,06-037-1103,AQS
2009-12-24,54,Unknown,Burbank,06-037-1002,AQS
2009-12-25,39,Unknown,Burbank,06-037-1002,AQS
2009-12-26,42,Unknown,Pico Rivera #2,06-037-1602,AQS
2009-12-27,46,Unknown,Burbank,06-037-1002,AQS
2009-12-28,51,Unknown,Pico Rivera #2,06-037-1602,AQS
2009-12-29,51,Unknown,Burbank,06-037-1002,AQS
2009-12-30,42,Unknown,LAX Hastings,06-037-5005,AQS
2009-12-31,42,Unknown,Burbank,06-037-1002,AQS
2010-01-01,42,Unknown,La Habra,06-059-5001,AQS
2010-01-02,57,Unknown,Long Beach (North),06-037-4002,AQS
2010-01-03,49,Unknown,Long Beach (Hudson),06-037-4006,AQS
2010-01-04,56,Unknown,Long Beach (Hudson),06-037-4006,AQS
2010-01-05,58,Unknown,Long Beach (Hudson),06-037-4006,AQS
2010-01-06,67,Unknown,Burbank,06-037-1002,AQS
2010-01-07,81,Unknown,Burbank,06-037-1002,AQS
2010-01-08,82,Unknown,Long Beach (Hudson),06-037-4006,AQS
2010-01-09,58,Unknown,Pico Rivera #2,06-037-1602,AQS
2010-01-10,56,Unknown,Pomona,06-037-1701,AQS
2010-01-11,73,Unknown,Long Beach (Hudson),06-037-4006,AQS
2010-01-12,70,Unknown,Los Angeles-North Main Street,06-037-1103,AQS
2010-01-13,41,Unknown,Long Beach (Hudson),06-037-4006,AQS
2010-01-14,65,Unknown,Long Beach (Hudson),06-037-4006,AQS
2010-01-15,56,Unknown,Long Beach (Hudson),06-037-4006,AQS
2010-01-16,54,Unknown,LAX Hastings,06-037-5005,AQS
2010-01-17,36,Unknown,Los Angeles-North Main Street,06-037-1103,AQS
2010-01-18,41,Unknown,Los Angeles-North Main Street,06-037-1103,AQS
2010-01-19,42,Unknown,Pomona,06-037-1701,AQS
2010-01-20,38,Unknown,LAX Hastings,06-037-5005,AQS
2010-01-21,36,Unknown,Long Beach (Hudson),06-037-4006,AQS
2010-01-22,46,Unknown,Pomona,06-037-1701,AQS
2010-01-23,41,Unknown,Pomona,06-037-1701,AQS
2010-01-24,38,Unknown,Anaheim,06-059-0007,AQS
2010-01-25,48,Unknown,Long Beach (North),06-037-4002,AQS
2010-01-26,52,Unknown,Long Beach (North),06-037-4002,AQS
2010-01-27,47,Unknown,Long Beach (Hudson),06-037-4006,AQS
2010-01-28,53,Unknown,Compton,06-037-1302,AQS
2010-01-29,49,Unknown,Compton,06-037-1302,AQS
2010-01-30,44,Unknown,Long Beach (Hudson),06-037-4006,AQS
2010-01-31,43,Unknown,Azusa,06-037-0002,AQS
2010-02-01,76,Unknown,Long Beach (North),06-037-4002,AQS
2010-02-02,54,Unknown,Pomona,06-037-1701,AQS
2010-02-03,52,Unknown,Compton,06-037-1302,AQS
2010-02-04,41,Unknown,Compton,06-037-1302,AQS
2010-02-05,39,Unknown,Compton,06-037-1302,AQS
2010-02-06,32,Unknown,Pico Rivera #2,06-037-1602,AQS
2010-02-07,34,Unknown,Anaheim,06-059-0007,AQS
2010-02-08,43,Unknown,Long Beach (Hudson),06-037-4006,AQS
2010-02-09,42,Unknown,Long Beach (Hudson),06-037-4006,AQS
2010-02-10,46,Unknown,Los Angeles-North Main Street,06-037-1103,AQS
2010-02-11,44,Unknown,Long Beach (North),06-037-4002,AQS
2010-02-12,56,Unknown,Pomona,06-037-1701,AQS
2010-02-13,97,Unknown,Pomona,06-037-1701,AQS
2010-02-14,51,Unknown,Burbank,06-037-1002,AQS
2010-02-15,64,Unknown,Long Beach (Hudson),06-037-4006,AQS
2010-02-16,68,Unknown,Long Beach (Hudson),06-037-4006,AQS
2010-02-17,69,Unknown,Long Beach (Hudson),06-037-4006,AQS
2010-02-18,56,Unknown,Burbank,06-037-1002,AQS
2010-02-19,35,Unknown,Los Angeles-North Main Street,06-037-1103,AQS
2010-02-20,34,Unknown,Long Beach (Hudson),06-037-4006,AQS
2010-02-21,25,Unknown,Compton,06-037-1302,AQS
2010-02-22,49,Unknown,Long Beach (Hudson),06-037-4006,AQS
2010-02-23,60,Unknown,Long Beach (Hudson),06-037-4006,AQS
2010-02-24,50,Unknown,LAX Hastings,06-037-5005,AQS
2010-02-25,42,Unknown,Pomona,06-037-1701,AQS
2010-02-26,47,Unknown,Pomona,06-037-1701,AQS
2010-02-27,32,Unknown,Long Beach (North),06-037-4002,AQS
2010-02-28,34,Unknown,Reseda,06-037-1201,AQS
2010-03-01,41,Unknown,Long Beach (Hudson),06-037-4006,AQS
2010-03-02,37,Unknown,Long Beach (Hudson),06-037-4006,AQS
2010-03-03,32,Unknown,Compton,06-037-1302,AQS
2010-03-04,71,Unknown,Pomona,06-037-1701,AQS
2010-03-05,51,Unknown,West Los Angeles,06-037-0113,AQS
2010-03-06,39,Unknown,Long Beach (Hudson),06-037-4006,AQS
2010-03-07,36,Unknown,Long Beach (North),06-037-4002,AQS
2010-03-08,33,Unknown,Long Beach (Hudson),06-037-4006,AQS
2010-03-09,49,Unknown,Santa Clarita,06-037-6012,AQS
2010-03-10,55,Unknown,Santa Clarita,06-037-6012,AQS
2010-03-11,52,Unknown,Pomona,06-037-1701,AQS
2010-03-12,56,Unknown,Compton,06-037-1302,AQS
2010-03-13,39,Unknown,Los Angeles-North Main Street,06-037-1103,AQS
2010-03-14,45,Unknown,Pomona,06-037-1701,AQS
2010-03-15,65,Unknown,Long Beach (North),06-037-4002,AQS
2010-03-16,62,Unknown,Long Beach (Hudson),06-037-4006,AQS
2010-03-17,66,Unknown,Long Beach (Hudson),06-037-4006,AQS
2010-03-18,54,Unknown,Los Angeles-North Main Street,06-037-1103,AQS
2010-03-19,58,Unknown,Los Angeles-North Main Street,06-037-1103,AQS
2010-03-20,62,Unknown,Los Angeles-North Main Street,06-037-1103,AQS
2010-03-21,68,Unknown,Long Beach (North),06-037-4002,AQS
2010-03-22,52,Unknown,Los Angeles-North Main Street,06-037-1103,AQS
2010-03-23,52,Unknown,Los Angeles-North Main Street,06-037-1103,AQS
2010-03-24,42,Unknown,Los Angeles-North Main Street,06-037-1103,AQS
2010-03-25,38,Unknown,Los Angeles-North Main Street,06-037-1103,AQS
2010-03-26,47,Unknown,Los Angeles-North Main Street,06-037-1103,AQS
2010-03-27,57,Unknown,Los Angeles-North Main Street,06-037-1103,AQS
2010-03-28,46,Unknown,Pico Rivera #2,06-037-1602,AQS
2010-03-29,58,Unknown,Compton,06-037-1302,AQS
2010-03-30,32,Unknown,Pomona,06-037-1701,AQS
2010-03-31,34,Unknown,West Los Angeles,06-037-0113,AQS
2010-04-01,40,Unknown,Burbank,06-037-1002,AQS
2010-04-02,39,Unknown,Los Angeles-North Main Street,06-037-1103,AQS
2010-04-03,39,Unknown,Burbank,06-037-1002,AQS
2010-04-04,36,Unknown,Long Beach (North),06-037-4002,AQS
2010-04-05,35,Unknown,Pomona,06-037-1701,AQS
2010-04-06,53,Unknown,Pomona,06-037-1701,AQS
2010-04-07,57,Unknown,Long Beach (Hudson),06-037-4006,AQS
2010-04-08,63,Unknown,Long Beach (Hudson),06-037-4006,AQS
2010-04-09,45,Unknown,Pomona,06-037-1701,AQS
2010-04-10,35,Unknown,West Los Angeles,06-037-0113,AQS
2010-04-11,29,Unknown,Los Angeles-North Main Street,06-037-1103,AQS
2010-04-12,39,Unknown,Los Angeles-North Main Street,06-037-1103,AQS
2010-04-13,42,Unknown,Long Beach (Hudson),06-037-4006,AQS
2010-04-14,37,Unknown,Long Beach (Hudson),06-037-4006,AQS
2010-04-15,42,Unknown,Los Angeles-North Main Street,06-037-1103,AQS
2010-04-16,40,Unknown,Pomona,06-037-1701,AQS
2010-04-17,43,Unknown,Los Angeles-North Main Street,06-037-1103,AQS
2010-04-18,40,Unknown,Pomona,06-037-1701,AQS
2010-04-19,38,Unknown,Los Angeles-North Main Street,06-037-1103,AQS
2010-04-20,35,Unknown,Pomona,06-037-1701,AQS
2010-04-21,34,Unknown,Los Angeles-North Main Street,06-037-1103,AQS
2010-04-22,41,Unknown,Los Angeles-North Main Street,06-037-1103,AQS
2010-04-23,38,Unknown,Long Beach (Hudson),06-037-4006,AQS
2010-04-24,42,Unknown,Pomona,06-037-1701,AQS
2010-04-25,35,Unknown,Los Angeles-North Main Street,06-037-1103,AQS
2010-04-26,45,Unknown,Azusa,06-037-0002,AQS
2010-04-27,35,Unknown,Lancaster-Division Street,06-037-9033,AQS
2010-04-28,30,Unknown,Pico Rivera #2,06-037-1602,AQS
2010-04-29,39,Unknown,Pico Rivera #2,06-037-1602,AQS
2010-04-30,56,Unknown,Long Beach (North),06-037-4002,AQS
2010-05-01,33,Unknown,Los Angeles-North Main Street,06-037-1103,AQS
2010-05-02,37,Unknown,Los Angeles-North Main Street,06-037-1103,AQS
2010-05-03,91,Unknown,Long Beach (North),06-037-4002,AQS
2010-05-04,46,Unknown,Los Angeles-North Main Street,06-037-1103,AQS
2010-05-05,49,Unknown,Pomona,06-037-1701,AQS
2010-05-06,50,Unknown,Los Angeles-North Main Street,06-037-1103,AQS
2010-05-07,60,Unknown,Long Beach (North),06-037-4002,AQS
2010-05-08,42,Unknown,Los Angeles-North Main Street,06-037-1103,AQS
2010-05-09,27,Unknown,Los Angeles-North Main Street,06-037-1103,AQS
2010-05-10,39,Unknown,Long Beach (North),06-037-4002,AQS
2010-05-11,53,Unknown,Long Beach (North),06-037-4002,AQS
2010-05-12,55,Unknown,Long Beach (North),06-037-4002,AQS
2010-05-13,44,Unknown,Los Angeles-North Main Street,06-037-1103,AQS
2010-05-14,50,Unknown,Lancaster-Division Street,06-037-9033,AQS
2010-05-15,32,Unknown,Santa Clarita,06-037-6012,AQS
2010-05-16,22,Unknown,Long Beach (North),06-037-4002,AQS
2010-05-17,29,Unknown,Los Angeles-North Main Street,06-037-1103,AQS
2010-05-18,32,Unknown,Los Angeles-North Main Street,06-037-1103,AQS
2010-05-19,40,Unknown,Los Angeles-North Main Street,06-037-1103,AQS
2010-05-20,41,Unknown,Burbank,06-037-1002,AQS
2010-05-21,41,Unknown,Burbank,06-037-1002,AQS
2010-05-22,37,Unknown,Long Beach (North),06-037-4002,AQS
2010-05-23,21,Unknown,Los Angeles-North Main Street,06-037-1103,AQS
2010-05-24,34,Unknown,Burbank,06-037-1002,AQS
2010-05-25,36,Unknown,Pomona,06-037-1701,AQS
2010-05-26,35,Unknown,Burbank,06-037-1002,AQS
2010-05-27,40,Unknown,Long Beach (North),06-037-4002,AQS
2010-05-28,38,Unknown,Los Angeles-North Main Street,06-037-1103,AQS
2010-05-29,46,Unknown,West Los Angeles,06-037-0113,AQS
2010-05-30,41,Unknown,Pomona,06-037-1701,AQS
2010-05-31,23,Unknown,Santa Clarita,06-037-6012,AQS
2010-06-01,29,Unknown,Long Beach (North),06-037-4002,AQS
2010-06-02,42,Unknown,Burbank,06-037-1002,AQS
2010-06-03,37,Unknown,Los Angeles-North Main Street,06-037-1103,AQS
2010-06-04,40,Unknown,Long Beach (North),06-037-4002,AQS
2010-06-05,37,Unknown,Burbank,06-037-1002,AQS
2010-06-06,25,Unknown,Long Beach (North),06-037-4002,AQS
2010-06-07,36,Unknown,Long Beach (North),06-037-4002,AQS
2010-06-08,34,Unknown,Long Beach (North),06-037-4002,AQS
2010-06-09,32,Unknown,Long Beach (North),06-037-4002,AQS
2010-06-10,25,Unknown,Pomona,06-037-1701,AQS
2010-06-11,22,Unknown,Los Angeles-North Main Street,06-037-1103,AQS
2010-06-12,25,Unknown,Los Angeles-North Main Street,06-037-1103,AQS
2010-06-13,29,Unknown,Pomona,06-037-1701,AQS
2010-06-14,41,Unknown,Pomona,06-037-1701,AQS
2010-06-15,33,Unknown,Los Angeles-North Main Street,06-037-1103,AQS
2010-06-16,27,Unknown,Los Angeles-North Main Street,06-037-1103,AQS
2010-06-17,38,Unknown,Los Angeles-North Main Street,06-037-1103,AQS
2010-06-18,31,Unknown,Pico Rivera #2,06-037-1602,AQS
2010-06-19,33,Unknown,Pomona,06-037-1701,AQS
2010-06-20,32,Unknown,Pomona,06-037-1701,AQS
2010-06-21,27,Unknown,Los Angeles-North Main Street,06-037-1103,AQS
2010-06-22,33,Unknown,Pomona,06-037-1701,AQS
2010-06-23,53,Unknown,Lancaster-Division Street,06-037-9033,AQS
2010-06-24,42,Unknown,Los Angeles-North Main Street,06-037-1103,AQS
2010-06-25,42,Unknown,Pomona,06-037-1701,AQS
2010-06-26,21,Unknown,Santa Clarita,06-037-6012,AQS
2010-06-27,22,Unknown,Santa Clarita,06-037-6012,AQS
2010-06-28,42,Unknown,Lancaster-Division Street,06-037-9033,AQS
2010-06-29,45,Unknown,Lancaster-Division Street,06-037-9033,AQS
2010-06-30,38,Unknown,Pomona,06-037-1701,AQS
2010-07-01,44,Unknown,Pomona,06-037-1701,AQS
2010-07-02,45,Unknown,Lancaster-Division Street,06-037-9033,AQS
2010-07-03,29,Unknown,Santa Clarita,06-037-6012,AQS
2010-07-04,20,Unknown,Glendora,06-037-0016,AQS
2010-07-05,17,Unknown,Long Beach (North),06-037-4002,AQS
2010-07-06,34,Unknown,Lancaster-Division Street,06-037-9033,AQS
2010-07-07,31,Unknown,Long Beach (Hudson),06-037-4006,AQS
2010-07-08,34,Unknown,Lancaster-Division Street,06-037-9033,AQS
2010-07-09,42,Unknown,Lancaster-Division Street,06-037-9033,AQS
2010-07-10,34,Unknown,Long Beach (Hudson),06-037-4006,AQS
2010-07-11,24,Unknown,Pomona,06-037-1701,AQS
2010-07-12,34,Unknown,Pomona,06-037-1701,AQS
2010-07-13,56,Unknown,Los Angeles-North Main Street,06-037-1103,AQS
2010-07-14,53,Unknown,Pomona,06-037-1701,AQS
2010-07-15,52,Unknown,Pomona,06-037-1701,AQS
2010-07-16,54,Unknown,Los Angeles-North Main Street,06-037-1103,AQS
2010-07-17,48,Unknown,Los Angeles-North Main Street,06-037-1103,AQS
2010-07-18,27,Unknown,Burbank,06-037-1002,AQS
2010-07-19,30,Unknown,Santa Clarita,06-037-6012,AQS
2010-07-20,27,Unknown,Los Angeles-North Main Street,06-037-1103,AQS
2010-07-21,30,Unknown,Pico Rivera #2,06-037-1602,AQS
2010-07-22,27,Unknown,Los Angeles-North Main Street,06-037-1103,AQS
2010-07-23,34,Unknown,Glendora,06-037-0016,AQS
2010-07-24,34,Unknown,Glendora,06-037-0016,AQS
2010-07-25,25,Unknown,Glendora,06-037-0016,AQS
2010-07-26,26,Unknown,Los Angeles-North Main Street,06-037-1103,AQS
2010-07-27,32,Unknown,Santa Clarita,06-037-6012,AQS
2010-07-28,30,Unknown,Burbank,06-037-1002,AQS
2010-07-29,41,Unknown,Pomona,06-037-1701,AQS
2010-07-30,41,Unknown,Pomona,06-037-1701,AQS
2010-07-31,33,Unknown,Burbank,06-037-1002,AQS
2010-08-01,42,Unknown,Burbank,06-037-1002,AQS
2010-08-02,54,Unknown,Pomona,06-037-1701,AQS
2010-08-03,52,Unknown,Los Angeles-North Main Street,06-037-1103,AQS
2010-08-04,44,Unknown,Lancaster-Division Street,06-037-9033,AQS
2010-08-05,36,Unknown,Burbank,06-037-1002,AQS
2010-08-06,44,Unknown,Lancaster-Division Street,06-037-9033,AQS
2010-08-07,26,Unknown,Los Angeles-North Main Street,06-037-1103,AQS
2010-08-08,27,Unknown,West Los Angeles,06-037-0113,AQS
2010-08-09,41,Unknown,Pomona,06-037-1701,AQS
2010-08-10,41,Unknown,Lancaster-Division Street,06-037-9033,AQS
2010-08-11,39,Unknown,Pomona,06-037-1701,AQS
2010-08-12,42,Unknown,Pomona,06-037-1701,AQS
2010-08-13,58,Unknown,Pomona,06-037-1701,AQS
2010-08-14,38,Unknown,Pomona,06-037-1701,AQS
2010-08-15,38,Unknown,Pomona,06-037-1701,AQS
2010-08-16,51,Unknown,Pomona,06-037-1701,AQS
2010-08-17,67,Unknown,Los Angeles-North Main Street,06-037-1103,AQS
2010-08-18,66,Unknown,Pomona,06-037-1701,AQS
2010-08-19,57,Unknown,Los Angeles-North Main Street,06-037-1103,AQS
2010-08-20,60,Unknown,Los Angeles-North Main Street,06-037-1103,AQS
2010-08-21,52,Unknown,Pomona,06-037-1701,AQS
2010-08-22,42,Unknown,Burbank,06-037-1002,AQS
2010-08-23,69,Unknown,Pomona,06-037-1701,AQS
2010-08-24,88,Unknown,Los Angeles-North Main Street,06-037-1103,AQS
2010-08-25,65,Unknown,Pomona,06-037-1701,AQS
2010-08-26,70,Unknown,Pomona,06-037-1701,AQS
2010-08-27,51,Unknown,Pomona,06-037-1701,AQS
2010-08-28,30,Unknown,Santa Clarita,06-037-6012,AQS
2010-08-29,25,Unknown,West Los Angeles,06-037-0113,AQS
2010-08-30,46,Unknown,Pomona,06-037-1701,AQS
2010-08-31,53,Unknown,Pomona,06-037-1701,AQS
2010-09-01,67,Unknown,Pomona,06-037-1701,AQS
2010-09-02,67,Unknown,Pasadena,06-037-2005,AQS
2010-09-03,72,Unknown,Pomona,06-037-1701,AQS
2010-09-04,66,Unknown,Los Angeles-North Main Street,06-037-1103,AQS
2010-09-05,41,Unknown,Pomona,06-037-1701,AQS
2010-09-06,24,Unknown,Santa Clarita,06-037-6012,AQS
2010-09-07,41,Unknown,Lancaster-Division Street,06-037-9033,AQS
2010-09-08,23,Unknown,Pomona,06-037-1701,AQS
2010-09-09,31,Unknown,Pomona,06-037-1701,AQS
2010-09-10,39,Unknown,Pomona,06-037-1701,AQS
2010-09-11,41,Unknown,Pomona,06-037-1701,AQS
2010-09-12,44,Unknown,Pomona,06-037-1701,AQS
2010-09-13,53,Unknown,Pomona,06-037-1701,AQS
2010-09-14,51,Unknown,Pomona,06-037-1701,AQS
2010-09-15,49,Unknown,Pomona,06-037-1701,AQS
2010-09-16,48,Unknown,Pasadena,06-037-2005,AQS
2010-09-17,53,Unknown,Lancaster-Division Street,06-037-9033,AQS
2010-09-18,47,Unknown,Pomona,06-037-1701,AQS
2010-09-19,42,Unknown,Pomona,06-037-1701,AQS
2010-09-20,42,Unknown,Pomona,06-037-1701,AQS
2010-09-21,52,Unknown,Lancaster-Division Street,06-037-9033,AQS
2010-09-22,41,Unknown,Pomona,06-037-1701,AQS
2010-09-23,48,Unknown,Pomona,06-037-1701,AQS
2010-09-24,77,Unknown,Los Angeles-North Main Street,06-037-1103,AQS
2010-09-25,74,Unknown,Long Beach (Hudson),06-037-4006,AQS
2010-09-26,71,Unknown,Los Angeles-North Main Street,06-037-1103,AQS
2010-09-27,104,Unknown,Long Beach (Hudson),06-037-4006,AQS
2010-09-28,65,Unknown,Los Angeles-North Main Street,06-037-1103,AQS
2010-09-29,56,Unknown,Burbank,06-037-1002,AQS
2010-09-30,63,Unknown,Pico Rivera #2,06-037-1602,AQS
2010-10-01,55,Unknown,Burbank,06-037-1002,AQS
2010-10-02,46,Unknown,Pomona,06-037-1701,AQS
2010-10-03,33,Unknown,Burbank,06-037-1002,AQS
2010-10-04,31,Unknown,Los Angeles-North Main Street,06-037-1103,AQS
2010-10-05,31,Unknown,Compton,06-037-1302,AQS
2010-10-06,36,Unknown,Los Angeles-North Main Street,06-037-1103,AQS
2010-10-07,39,Unknown,Pomona,06-037-1701,AQS
2010-10-08,46,Unknown,Pomona,06-037-1701,AQS
2010-10-09,67,Unknown,Long Beach (Hudson),06-037-4006,AQS
2010-10-10,58,Unknown,Los Angeles-North Main Street,06-037-1103,AQS
2010-10-11,51,Unknown,Burbank,06-037-1002,AQS
2010-10-12,45,Unknown,Pasadena,06-037-2005,AQS
2010-10-13,52,Unknown,Pomona,06-037-1701,AQS
2010-10-14,50,Unknown,Lancaster-Division Street,06-037-9033,AQS
2010-10-15,43,Unknown,Lancaster-Division Street,06-037-9033,AQS
2010-10-16,32,Unknown,Glendora,06-037-0016,AQS
2010-10-17,26,Unknown,Long Beach (Hudson),06-037-4006,AQS
2010-10-18,39,Unknown,Glendora,06-037-0016,AQS
2010-10-19,36,Unknown,Long Beach (Hudson),06-037-4006,AQS
2010-10-20,34,Unknown,Los Angeles-North Main Street,06-037-1103,AQS
2010-10-21,30,Unknown,Azusa,06-037-0002,AQS
2010-10-22,32,Unknown,Long Beach (Hudson),06-037-4006,AQS
2010-10-23,30,Unknown,Pomona,06-037-1701,AQS
2010-10-24,24,Unknown,Long Beach (Hudson),06-037-4006,AQS
2010-10-25,38,Unknown,Long Beach (Hudson),06-037-4006,AQS
2010-10-26,42,Unknown,Long Beach (Hudson),06-037-4006,AQS
2010-10-27,55,Unknown,Long Beach (Hudson),06-037-4006,AQS
2010-10-28,58,Unknown,Long Beach (Hudson),06-037-4006,AQS
2010-10-29,67,Unknown,Long Beach (Hudson),06-037-4006,AQS
2010-10-30,26,Unknown,Costa Mesa,06-059-1003,AQS
2010-10-31,32,Unknown,Reseda,06-037-1201,AQS
2010-11-01,68,Unknown,Long Beach (Hudson),06-037-4006,AQS
2010-11-02,80,Unknown,Long Beach (Hudson),06-037-4006,AQS
2010-11-03,71,Unknown,Anaheim,06-059-0007,AQS
2010-11-04,70,Unknown,Long Beach (Hudson),06-037-4006,AQS
2010-11-05,68,Unknown,LAX Hastings,06-037-5005,AQS
2010-11-06,47,Unknown,West Los Angeles,06-037-0113,AQS
2010-11-07,28,Unknown,Compton,06-037-1302,AQS
2010-11-08,34,Unknown,Pomona,06-037-1701,AQS
2010-11-09,44,Unknown,Pomona,06-037-1701,AQS
2010-11-10,44,Unknown,Pico Rivera #2,06-037-1602,AQS
2010-11-11,54,Unknown,Long Beach (Hudson),06-037-4006,AQS
2010-11-12,58,Unknown,Long Beach (Hudson),06-037-4006,AQS
2010-11-13,57,Unknown,Pomona,06-037-1701,AQS
2010-11-14,54,Unknown,LAX Hastings,06-037-5005,AQS
2010-11-15,52,Unknown,Santa Clarita,06-037-6012,AQS
2010-11-16,56,Unknown,Santa Clarita,06-037-6012,AQS
2010-11-17,70,Unknown,Pomona,06-037-1701,AQS
2010-11-18,81,Unknown,La Habra,06-059-5001,AQS
2010-11-19,33,Unknown,Pomona,06-037-1701,AQS
2010-11-20,26,Unknown,Compton,06-037-1302,AQS
2010-11-21,32,Unknown,Los Angeles-North Main Street,06-037-1103,AQS
2010-11-22,41,Unknown,Long Beach (Hudson),06-037-4006,AQS
2010-11-23,34,Unknown,LAX Hastings,06-037-5005,AQS
2010-11-24,44,Unknown,Long Beach (Hudson),06-037-4006,AQS
2010-11-25,41,Unknown,Pomona,06-037-1701,AQS
2010-11-26,44,Unknown,Pomona,06-037-1701,AQS
2010-11-27,42,Unknown,Long Beach (Hudson),06-037-4006,AQS
2010-11-28,32,Unknown,Pomona,06-037-1701,AQS
2010-11-29,54,Unknown,Long Beach (Hudson),06-037-4006,AQS
2010-11-30,56,Unknown,Long Beach (Hudson),06-037-4006,AQS
2010-12-01,51,Unknown,Pico Rivera #2,06-037-1602,AQS
2010-12-02,66,Unknown,Compton,06-037-1302,AQS
2010-12-03,73,Unknown,Reseda,06-037-1201,AQS
2010-12-04,55,Unknown,Pico Rivera #2,06-037-1602,AQS
2010-12-05,60,Unknown,LAX Hastings,06-037-5005,AQS
2010-12-06,41,Unknown,Azusa,06-037-0002,AQS
2010-12-07,55,Unknown,Long Beach (Hudson),06-037-4006,AQS
2010-12-08,64,Unknown,Long Beach (Hudson),06-037-4006,AQS
2010-12-09,71,Unknown,Los Angeles-North Main Street,06-037-1103,AQS
2010-12-10,77,Unknown,Glendora,06-037-0016,AQS
2010-12-11,53,Unknown,Compton,06-037-1302,AQS
2010-12-12,55,Unknown,Compton,06-037-1302,AQS
2010-12-13,67,Unknown,Long Beach (Hudson),06-037-4006,AQS
2010-12-14,51,Unknown,Santa Clarita,06-037-6012,AQS
2010-12-15,33,Unknown,Santa Clarita,06-037-6012,AQS
2010-12-16,39,Unknown,Long Beach (Hudson),06-037-4006,AQS
2010-12-17,39,Unknown,Los Angeles-North Main Street,06-037-1103,AQS
2010-12-18,25,Unknown,LAX Hastings,06-037-5005,AQS
2010-12-19,21,Unknown,Compton,06-037-1302,AQS
2010-12-20,40,Unknown,Los Angeles-North Main Street,06-037-1103,AQS
2010-12-21,40,Unknown,Compton,06-037-1302,AQS
2010-12-22,42,Unknown,Los Angeles-North Main Street,06-037-1103,AQS
2010-12-23,40,Unknown,Pico Rivera #2,06-037-1602,AQS
2010-12-24,36,Unknown,Anaheim,06-059-0007,AQS
2010-12-25,33,Unknown,Anaheim,06-059-0007,AQS
2010-12-26,38,Unknown,Pomona,06-037-1701,AQS
2010-12-27,45,Unknown,Long Beach (Hudson),06-037-4006,AQS
2010-12-28,48,Unknown,Pico Rivera #2,06-037-1602,AQS
2010-12-29,34,Unknown,Azusa,06-037-0002,AQS
2010-12-30,42,Unknown,Pomona,06-037-1701,AQS
2010-12-31,43,Unknown,Compton,06-037-1302,AQS
2011-01-01,40,Unknown,Compton,06-037-1302,AQS
2011-01-02,41,Unknown,Long Beach (Hudson),06-037-4006,AQS
2011-01-03,37,Unknown,Long Beach (Hudson),06-037-4006,AQS
2011-01-04,52,Unknown,Long Beach (Hudson),06-037-4006,AQS
2011-01-05,51,Unknown,Long Beach (Hudson),06-037-4006,AQS
2011-01-06,60,Unknown,Compton,06-037-1302,AQS
2011-01-07,47,Unknown,LAX Hastings,06-037-5005,AQS
2011-01-08,32,Unknown,Compton,06-037-1302,AQS
2011-01-09,101,Unknown,Pasadena,06-037-2005,AQS
2011-01-10,56,Unknown,Long Beach (Hudson),06-037-4006,AQS
2011-01-11,48,Unknown,Long Beach (Hudson),06-037-4006,AQS
2011-01-12,45,Unknown,Compton,06-037-1302,AQS
2011-01-13,57,Unknown,Costa Mesa,06-059-1003,AQS
2011-01-14,68,Unknown,LAX Hastings,06-037-5005,AQS
2011-01-15,62,Unknown,Long Beach (Hudson),06-037-4006,AQS
2011-01-16,70,Unknown,Pico Rivera #2,06-037-1602,AQS
2011-01-17,97,Unknown,LAX Hastings,06-037-5005,AQS
2011-01-18,80,Unknown,West Los Angeles,06-037-0113,AQS
2011-01-19,73,Unknown,Compton,06-037-1302,AQS
2011-01-20,66,Unknown,Long Beach (Hudson),06-037-4006,AQS
2011-01-21,63,Unknown,Long Beach (Hudson),06-037-4006,AQS
2011-01-22,48,Unknown,Reseda,06-037-1201,AQS
2011-01-23,54,Unknown,LAX Hastings,06-037-5005,AQS
2011-01-24,55,Unknown,Long Beach (Hudson),06-037-4006,AQS
2011-01-25,88,Unknown,Long Beach (Hudson),06-037-4006,AQS
2011-01-26,69,Unknown,Long Beach (Hudson),06-037-4006,AQS
2011-01-27,71,Unknown,Long Beach (Hudson),06-037-4006,AQS
2011-01-28,53,Unknown,Long Beach (Hudson),06-037-4006,AQS
2011-01-29,51,Unknown,LAX Hastings,06-037-5005,AQS
2011-01-30,27,Unknown,Compton,06-037-1302,AQS
2011-01-31,44,Unknown,LAX Hastings,06-037-5005,AQS
2011-02-01,45,Unknown,Pomona,06-037-1701,AQS
2011-02-02,53,Unknown,Long Beach (Hudson),06-037-4006,AQS
2011-02-03,56,Unknown,Long Beach (Hudson),06-037-4006,AQS
2011-02-04,47,Unknown,Long Beach (Hudson),06-037-4006,AQS
2011-02-05,60,Unknown,Los Angeles-North Main Street,06-037-1103,AQS
2011-02-06,61,Unknown,LAX Hastings,06-037-5005,AQS
2011-02-07,58,Unknown,Compton,06-037-1302,AQS
2011-02-08,44,Unknown,LAX Hastings,06-037-5005,AQS
2011-02-09,47,Unknown,LAX Hastings,06-037-5005,AQS
2011-02-10,63,Unknown,LAX Hastings,06-037-5005,AQS
2011-02-11,63,Unknown,Long Beach (Hudson),06-037-4006,AQS
2011-02-12,49,Unknown,Pomona,06-037-1701,AQS
2011-02-13,44,Unknown,Long Beach (North),06-037-4002,AQS
2011-02-14,42,Unknown,Pomona,06-037-1701,AQS
2011-02-15,41,Unknown,Los Angeles-North Main Street,06-037-1103,AQS
2011-02-16,33,Unknown,Los Angeles-North Main Street,06-037-1103,AQS
2011-02-17,45,Unknown,Long Beach (North),06-037-4002,AQS
2011-02-18,41,Unknown,Long Beach (Hudson),06-037-4006,AQS
2011-02-19,35,Unknown,West Los Angeles,06-037-0113,AQS
2011-02-20,41,Unknown,Long Beach (North),06-037-4002,AQS
2011-02-21,43,Unknown,Long Beach (Hudson),06-037-4006,AQS
2011-02-22,41,Unknown,Pomona,06-037-1701,AQS
2011-02-23,43,Unknown,Long Beach (Hudson),06-037-4006,AQS
2011-02-24,40,Unknown,Compton,06-037-1302,AQS
2011-02-25,43,Unknown,Pomona,06-037-1701,AQS
2011-02-26,33,Unknown,Compton,06-037-1302,AQS
2011-02-27,42,Unknown,Anaheim,06-059-0007,AQS
2011-02-28,49,Unknown,Pomona,06-037-1701,AQS
2011-03-01,47,Unknown,Compton,06-037-1302,AQS
2011-03-02,47,Unknown,Glendora,06-037-0016,AQS
2011-03-03,37,Unknown,Long Beach (North),06-037-4002,AQS
2011-03-04,52,Unknown,Burbank,06-037-1002,AQS
2011-03-05,47,Unknown,Long Beach (North),06-037-4002,AQS
2011-03-06,38,Unknown,Burbank,06-037-1002,AQS
2011-03-07,31,Unknown,Pomona,06-037-1701,AQS
2011-03-08,50,Unknown,Anaheim,06-059-0007,AQS
2011-03-09,55,Unknown,Anaheim,06-059-0007,AQS
2011-03-10,64,Unknown,Long Beach (Hudson),06-037-4006,AQS
2011-03-11,43,Unknown,Pomona,06-037-1701,AQS
2011-03-12,34,Unknown,Burbank,06-037-1002,AQS
2011-03-13,35,Unknown,Pomona,06-037-1701,AQS
2011-03-14,56,Unknown,Los Angeles-North Main Street,06-037-1103,AQS
2011-03-15,44,Unknown,Pomona,06-037-1701,AQS
2011-03-16,38,Unknown,Burbank,06-037-1002,AQS
2011-03-17,48,Unknown,Los Angeles-North Main Street,06-037-1103,AQS
2011-03-18,42,Unknown,Pomona,06-037-1701,AQS
2011-03-19,28,Unknown,Pomona,06-037-1701,AQS
2011-03-20,25,Unknown,LAX Hastings,06-037-5005,AQS
2011-03-21,52,Unknown,Pomona,06-037-1701,AQS
2011-03-22,42,Unknown,Long Beach (Hudson),06-037-4006,AQS
2011-03-23,37,Unknown,Long Beach (North),06-037-4002,AQS
2011-03-24,38,Unknown,Long Beach (Hudson),06-037-4006,AQS
2011-03-25,35,Unknown,Los Angeles-North Main Street,06-037-1103,AQS
2011-03-26,61,Unknown,Pomona,06-037-1701,AQS
2011-03-27,33,Unknown,Pomona,06-037-1701,AQS
2011-03-28,34,Unknown,LAX Hastings,06-037-5005,AQS
2011-03-29,46,Unknown,Los Angeles-North Main Street,06-037-1103,AQS
2011-03-30,57,Unknown,Los Angeles-North Main Street,06-037-1103,AQS
2011-03-31,66,Unknown,LAX Hastings,06-037-5005,AQS
2011-04-01,63,Unknown,West Los Angeles,06-037-0113,AQS
2011-04-02,31,Unknown,Pomona,06-037-1701,AQS
2011-04-03,30,Unknown,Pomona,06-037-1701,AQS
2011-04-04,44,Unknown,Pomona,06-037-1701,AQS
2011-04-05,46,Unknown,Pasadena,06-037-2005,AQS
2011-04-06,35,Unknown,Compton,06-037-1302,AQS
2011-04-07,27,Unknown,Santa Clarita,06-037-6012,AQS
2011-04-08,39,Unknown,Pico Rivera #2,06-037-1602,AQS
2011-04-09,38,Unknown,Long Beach (Hudson),06-037-4006,AQS
2011-04-10,39,Unknown,LAX Hastings,06-037-5005,AQS
2011-04-11,44,Unknown,Los Angeles-North Main Street,06-037-1103,AQS
2011-04-12,41,Unknown,Burbank,06-037-1002,AQS
2011-04-13,30,Unknown,Pomona,06-037-1701,AQS
2011-04-14,54,Unknown,Pomona,06-037-1701,AQS
2011-04-15,60,Unknown,Pomona,06-037-1701,AQS
2011-04-16,53,Unknown,Long Beach (Hudson),06-037-4006,AQS
2011-04-17,36,Unknown,Pomona,06-037-1701,AQS
2011-04-18,26,Unknown,Burbank,06-037-1002,AQS
2011-04-19,28,Unknown,Los Angeles-North Main Street,06-037-1103,AQS
2011-04-20,36,Unknown,Pomona,06-037-1701,AQS
2011-04-21,33,Unknown,Burbank,06-037-1002,AQS
2011-04-22,27,Unknown,Long Beach (Hudson),06-037-4006,AQS
2011-04-23,28,Unknown,Pomona,06-037-1701,AQS
2011-04-24,20,Unknown,Pomona,06-037-1701,AQS
2011-04-25,29,Unknown,Pico Rivera #2,06-037-1602,AQS
2011-04-26,44,Unknown,Los Angeles-North Main Street,06-037-1103,AQS
2011-04-27,60,Unknown,Azusa,06-037-0002,AQS
2011-04-28,61,Unknown,Los Angeles-North Main Street,06-037-1103,AQS
2011-04-29,43,Unknown,Burbank,06-037-1002,AQS
2011-04-30,46,Unknown,Compton,06-037-1302,AQS
2011-05-01,42,Unknown,Long Beach (Hudson),06-037-4006,AQS
2011-05-02,56,Unknown,Pico Rivera #2,06-037-1602,AQS
2011-05-03,57,Unknown,Pico Rivera #2,06-037-1602,AQS
2011-05-04,65,Unknown,Pico Rivera #2,06-037-1602,AQS
2011-05-05,58,Unknown,Los Angeles-North Main Street,06-037-1103,AQS
2011-05-06,33,Unknown,Burbank,06-037-1002,AQS
2011-05-07,33,Unknown,Santa Clarita,06-037-6012,AQS
2011-05-08,15,Unknown,Long Beach (Hudson),06-037-4006,AQS
2011-05-09,29,Unknown,Pico Rivera #2,06-037-1602,AQS
2011-05-10,30,Unknown,Pomona,06-037-1701,AQS
2011-05-11,34,Unknown,Pomona,06-037-1701,AQS
2011-05-12,44,Unknown,Pomona,06-037-1701,AQS
2011-05-13,41,Unknown,Lancaster-Division Street,06-037-9033,AQS
2011-05-14,17,Unknown,Los Angeles-North Main Street,06-037-1103,AQS
2011-05-15,23,Unknown,Pomona,06-037-1701,AQS
2011-05-16,29,Unknown,Pico Rivera #2,06-037-1602,AQS
2011-05-17,19,Unknown,Long Beach (North),06-037-4002,AQS
2011-05-18,29,Unknown,Burbank,06-037-1002,AQS
2011-05-19,30,Unknown,Santa Clarita,06-037-6012,AQS
2011-05-20,37,Unknown,Pomona,06-037-1701,AQS
2011-05-21,37,Unknown,Pomona,06-037-1701,AQS
2011-05-22,25,Unknown,Los Angeles-North Main Street,06-037-1103,AQS
2011-05-23,29,Unknown,Pico Rivera #2,06-037-1602,AQS
2011-05-24,37,Unknown,Pico Rivera #2,06-037-1602,AQS
2011-05-25,40,Unknown,Long Beach (North),06-037-4002,AQS
2011-05-26,32,Unknown,Pomona,06-037-1701,AQS
2011-05-27,39,Unknown,Pomona,06-037-1701,AQS
2011-05-28,25,Unknown,West Los Angeles,06-037-0113,AQS
2011-05-29,17,Unknown,Pico Rivera #2,06-037-1602,AQS
2011-05-30,32,Unknown,Los Angeles-North Main Street,06-037-1103,AQS
2011-05-31,43,Unknown,Lancaster-Division Street,06-037-9033,AQS
2011-06-01,35,Unknown,Pomona,06-037-1701,AQS
2011-06-02,42,Unknown,LAX Hastings,06-037-5005,AQS
2011-06-03,38,Unknown,West Los Angeles,06-037-0113,AQS
2011-06-04,24,Unknown,Pico Rivera #2,06-037-1602,AQS
2011-06-05,25,Unknown,Los Angeles-North Main Street,06-037-1103,AQS
2011-06-06,41,Unknown,Pomona,06-037-1701,AQS
2011-06-07,28,Unknown,Los Angeles-North Main Street,06-037-1103,AQS
2011-06-08,22,Unknown,Los Angeles-North Main Street,06-037-1103,AQS
2011-06-09,34,Unknown,Lancaster-Division Street,06-037-9033,AQS
2011-06-10,27,Unknown,Long Beach (North),06-037-4002,AQS
2011-06-11,20,Unknown,Los Angeles-North Main Street,06-037-1103,AQS
2011-06-12,25,Unknown,West Los Angeles,06-037-0113,AQS
2011-06-13,29,Unknown,West Los Angeles,06-037-0113,AQS
2011-06-14,41,Unknown,Los Angeles-North Main Street,06-037-1103,AQS
2011-06-15,31,Unknown,Lancaster-Division Street,06-037-9033,AQS
2011-06-16,32,Unknown,Santa Clarita,06-037-6012,AQS
2011-06-17,29,Unknown,Pomona,06-037-1701,AQS
2011-06-18,21,Unknown,Pomona,06-037-1701,AQS
2011-06-19,24,Unknown,Pico Rivera #2,06-037-1602,AQS
2011-06-20,41,Unknown,Los Angeles-North Main Street,06-037-1103,AQS
2011-06-21,37,Unknown,Lancaster-Division Street,06-037-9033,AQS
2011-06-22,36,Unknown,Burbank,06-037-1002,AQS
2011-06-23,43,Unknown,Santa Clarita,06-037-6012,AQS
2011-06-24,27,Unknown,Burbank,06-037-1002,AQS
2011-06-25,25,Unknown,Los Angeles-North Main Street,06-037-1103,AQS
2011-06-26,34,Unknown,Pomona,06-037-1701,AQS
2011-06-27,53,Unknown,Los Angeles-North Main Street,06-037-1103,AQS
2011-06-28,32,Unknown,Santa Clarita,06-037-6012,AQS
2011-06-29,25,Unknown,Burbank,06-037-1002,AQS
2011-06-30,48,Unknown,Azusa,06-037-0002,AQS
2011-07-01,67,Unknown,Azusa,06-037-0002,AQS
2011-07-02,42,Unknown,Pomona,06-037-1701,AQS
2011-07-03,35,Unknown,Compton,06-037-1302,AQS
2011-07-04,40,Unknown,Compton,06-037-1302,AQS
2011-07-05,43,Unknown,Los Angeles-North Main Street,06-037-1103,AQS
2011-07-06,28,Unknown,Azusa,06-037-0002,AQS
2011-07-07,35,Unknown,Pomona,06-037-1701,AQS
2011-07-08,31,Unknown,Santa Clarita,06-037-6012,AQS
2011-07-09,26,Unknown,Azusa,06-037-0002,AQS
2011-07-10,22,Unknown,Azusa,06-037-0002,AQS
2011-07-11,22,Unknown,Santa Clarita,06-037-6012,AQS
2011-07-12,22,Unknown,Santa Clarita,06-037-6012,AQS
2011-07-13,25,Unknown,Azusa,06-037-0002,AQS
2011-07-14,25,Unknown,Pomona,06-037-1701,AQS
2011-07-15,25,Unknown,Pomona,06-037-1701,AQS
2011-07-16,30,Unknown,Pomona,06-037-1701,AQS
2011-07-17,25,Unknown,Pomona,06-037-1701,AQS
2011-07-18,35,Unknown,Pomona,06-037-1701,AQS
2011-07-19,44,Unknown,Pomona,06-037-1701,AQS
2011-07-20,47,Unknown,Pomona,06-037-1701,AQS
2011-07-21,32,Unknown,Pomona,06-037-1701,AQS
2011-07-22,30,Unknown,Santa Clarita,06-037-6012,AQS
2011-07-23,26,Unknown,Azusa,06-037-0002,AQS
2011-07-24,33,Unknown,Pomona,06-037-1701,AQS
2011-07-25,41,Unknown,Azusa,06-037-0002,AQS
2011-07-26,40,Unknown,Pomona,06-037-1701,AQS
2011-07-27,32,Unknown,Lancaster-Division Street,06-037-9033,AQS
2011-07-28,25,Unknown,Azusa,06-037-0002,AQS
2011-07-29,33,Unknown,Lancaster-Division Street,06-037-9033,AQS
2011-07-30,25,Unknown,Pomona,06-037-1701,AQS
2011-07-31,25,Unknown,Azusa,06-037-0002,AQS
2011-08-01,43,Unknown,Pomona,06-037-1701,AQS
2011-08-02,54,Unknown,Azusa,06-037-0002,AQS
2011-08-03,52,Unknown,Pomona,06-037-1701,AQS
2011-08-04,56,Unknown,Pomona,06-037-1701,AQS
2011-08-05,45,Unknown,Lancaster-Division Street,06-037-9033,AQS
2011-08-06,33,Unknown,Pomona,06-037-1701,AQS
2011-08-07,33,Unknown,Pomona,06-037-1701,AQS
2011-08-08,42,Unknown,Lancaster-Division Street,06-037-9033,AQS
2011-08-09,34,Unknown,Lancaster-Division Street,06-037-9033,AQS
2011-08-10,21,Unknown,Azusa,06-037-0002,AQS
2011-08-11,26,Unknown,Lancaster-Division Street,06-037-9033,AQS
2011-08-12,48,Unknown,Lancaster-Division Street,06-037-9033,AQS
2011-08-13,32,Unknown,Long Beach (Hudson),06-037-4006,AQS
2011-08-14,31,Unknown,Los Angeles-North Main Street,06-037-1103,AQS
2011-08-15,37,Unknown,Los Angeles-North Main Street,06-037-1103,AQS
2011-08-16,48,Unknown,Pomona,06-037-1701,AQS
2011-08-17,54,Unknown,Pomona,06-037-1701,AQS
2011-08-18,51,Unknown,Pomona,06-037-1701,AQS
2011-08-19,32,Unknown,Santa Clarita,06-037-6012,AQS
2011-08-20,19,Unknown,Santa Clarita,06-037-6012,AQS
2011-08-21,23,Unknown,Azusa,06-037-0002,AQS
2011-08-22,43,Unknown,Pomona,06-037-1701,AQS
2011-08-23,52,Unknown,Pasadena,06-037-2005,AQS
2011-08-24,45,Unknown,Pasadena,06-037-2005,AQS
2011-08-25,54,Unknown,Los Angeles-North Main Street,06-037-1103,AQS
2011-08-26,60,Unknown,Azusa,06-037-0002,AQS
2011-08-27,56,Unknown,Pomona,06-037-1701,AQS
2011-08-28,44,Unknown,Los Angeles-North Main Street,06-037-1103,AQS
2011-08-29,47,Unknown,Pomona,06-037-1701,AQS
2011-08-30,48,Unknown,Lancaster-Division Street,06-037-9033,AQS
2011-08-31,43,Unknown,Lancaster-Division Street,06-037-9033,AQS
2011-09-01,51,Unknown,Pomona,06-037-1701,AQS
2011-09-02,46,Unknown,Pomona,06-037-1701,AQS
2011-09-03,47,Unknown,Pomona,06-037-1701,AQS
2011-09-04,39,Unknown,Pomona,06-037-1701,AQS
2011-09-05,49,Unknown,Pomona,06-037-1701,AQS
2011-09-06,65,Unknown,Los Angeles-North Main Street,06-037-1103,AQS
2011-09-07,103,Unknown,Los Angeles-North Main Street,06-037-1103,AQS
2011-09-08,63,Unknown,Azusa,06-037-0002,AQS
2011-09-09,43,Unknown,Lancaster-Division Street,06-037-9033,AQS
2011-09-10,23,Unknown,Burbank,06-037-1002,AQS
2011-09-11,27,Unknown,Pomona,06-037-1701,AQS
2011-09-12,43,Unknown,Pomona,06-037-1701,AQS
2011-09-13,53,Unknown,Pomona,06-037-1701,AQS
2011-09-14,40,Unknown,Lancaster-Division Street,06-037-9033,AQS
2011-09-15,42,Unknown,Santa Clarita,06-037-6012,AQS
2011-09-16,28,Unknown,Pomona,06-037-1701,AQS
2011-09-17,31,Unknown,Pomona,06-037-1701,AQS
2011-09-18,31,Unknown,Pomona,06-037-1701,AQS
2011-09-19,54,Unknown,Pomona,06-037-1701,AQS
2011-09-20,44,Unknown,Lancaster-Division Street,06-037-9033,AQS
2011-09-21,42,Unknown,Santa Clarita,06-037-6012,AQS
2011-09-22,60,Unknown,Azusa,06-037-0002,AQS
2011-09-23,46,Unknown,Azusa,06-037-0002,AQS
2011-09-24,33,Unknown,Azusa,06-037-0002,AQS
2011-09-25,29,Unknown,West Los Angeles,06-037-0113,AQS
2011-09-26,44,Unknown,Azusa,06-037-0002,AQS
2011-09-27,87,Unknown,Los Angeles-North Main Street,06-037-1103,AQS
2011-09-28,45,Unknown,Lancaster-Division Street,06-037-9033,AQS
2011-09-29,41,Unknown,Lancaster-Division Street,06-037-9033,AQS
2011-09-30,50,Unknown,Pomona,06-037-1701,AQS
2011-10-01,57,Unknown,Los Angeles-North Main Street,06-037-1103,AQS
2011-10-02,40,Unknown,Los Angeles-North Main Street,06-037-1103,AQS
2011-10-03,39,Unknown,Los Angeles-North Main Street,06-037-1103,AQS
2011-10-04,23,Unknown,Los Angeles-North Main Street,06-037-1103,AQS
2011-10-05,27,Unknown,Los Angeles-North Main Street,06-037-1103,AQS
2011-10-06,34,Unknown,Los Angeles-North Main Street,06-037-1103,AQS
2011-10-07,35,Unknown,Long Beach (Hudson),06-037-4006,AQS
2011-10-08,42,Unknown,Los Angeles-North Main Street,06-037-1103,AQS
2011-10-09,45,Unknown,Pomona,06-037-1701,AQS
2011-10-10,50,Unknown,Los Angeles-North Main Street,06-037-1103,AQS
2011-10-11,65,Unknown,Long Beach (North),06-037-4002,AQS
2011-10-12,67,Unknown,La Habra,06-059-5001,AQS
2011-10-13,73,Unknown,Long Beach (Hudson),06-037-4006,AQS
2011-10-14,62,Unknown,LAX Hastings,06-037-5005,AQS
2011-10-15,36,Unknown,Lancaster-Division Street,06-037-9033,AQS
2011-10-16,32,Unknown,Lancaster-Division Street,06-037-9033,AQS
2011-10-17,47,Unknown,Pomona,06-037-1701,AQS
2011-10-18,46,Unknown,Pomona,06-037-1701,AQS
2011-10-19,52,Unknown,Santa Clarita,06-037-6012,AQS
2011-10-20,42,Unknown,Lancaster-Division Street,06-037-9033,AQS
2011-10-21,47,Unknown,Pomona,06-037-1701,AQS
2011-10-22,55,Unknown,Pomona,06-037-1701,AQS
2011-10-23,48,Unknown,Los Angeles-North Main Street,06-037-1103,AQS
2011-10-24,44,Unknown,Lancaster-Division Street,06-037-9033,AQS
2011-10-25,38,Unknown,Long Beach (Hudson),06-037-4006,AQS
2011-10-26,41,Unknown,Pomona,06-037-1701,AQS
2011-10-27,57,Unknown,Pico Rivera #2,06-037-1602,AQS
2011-10-28,68,Unknown,Long Beach (Hudson),06-037-4006,AQS
2011-10-29,72,Unknown,Pomona,06-037-1701,AQS
2011-10-30,77,Unknown,Pico Rivera #2,06-037-1602,AQS
2011-10-31,89,Unknown,Pico Rivera #2,06-037-1602,AQS
2011-11-01,67,Unknown,Pomona,06-037-1701,AQS
2011-11-02,69,Unknown,Long Beach (Hudson),06-037-4006,AQS
2011-11-03,60,Unknown,Long Beach (Hudson),06-037-4006,AQS
2011-11-04,26,Unknown,Anaheim,06-059-0007,AQS
2011-11-05,41,Unknown,LAX Hastings,06-037-5005,AQS
2011-11-06,40,Unknown,LAX Hastings,06-037-5005,AQS
2011-11-07,41,Unknown,Pico Rivera #2,06-037-1602,AQS
2011-11-08,47,Unknown,LAX Hastings,06-037-5005,AQS
2011-11-09,48,Unknown,Long Beach (Hudson),06-037-4006,AQS
2011-11-10,89,Unknown,Long Beach (Hudson),06-037-4006,AQS
2011-11-11,55,Unknown,Long Beach (Hudson),06-037-4006,AQS
2011-11-12,42,Unknown,LAX Hastings,06-037-5005,AQS
2011-11-13,36,Unknown,LAX Hastings,06-037-5005,AQS
2011-11-14,42,Unknown,LAX Hastings,06-037-5005,AQS
2011-11-15,40,Unknown,Pomona,06-037-1701,AQS
2011-11-16,62,Unknown,Pomona,06-037-1701,AQS
2011-11-17,58,Unknown,Long Beach (Hudson),06-037-4006,AQS
2011-11-18,44,Unknown,Los Angeles-North Main Street,06-037-1103,AQS
2011-11-19,43,Unknown,Los Angeles-North Main Street,06-037-1103,AQS
2011-11-20,45,Unknown,LAX Hastings,06-037-5005,AQS
2011-11-21,38,Unknown,Long Beach (North),06-037-4002,AQS
2011-11-22,55,Unknown,Pico Rivera #2,06-037-1602,AQS
2011-11-23,50,Unknown,West Los Angeles,06-037-0113,AQS
2011-11-24,35,Unknown,LAX Hastings,06-037-5005,AQS
2011-11-25,42,Unknown,Burbank,06-037-1002,AQS
2011-11-26,49,Unknown,Long Beach (North),06-037-4002,AQS
2011-11-27,43,Unknown,Long Beach (North),06-037-4002,AQS
2011-11-28,56,Unknown,Pico Rivera #2,06-037-1602,AQS
2011-11-29,69,Unknown,Long Beach (Hudson),06-037-4006,AQS
2011-11-30,61,Unknown,LAX Hastings,06-037-5005,AQS
2011-12-01,37,Unknown,LAX Hastings,06-037-5005,AQS
2011-12-02,48,Unknown,Long Beach (Hudson),06-037-4006,AQS
2011-12-03,46,Unknown,LAX Hastings,06-037-5005,AQS
2011-12-04,47,Unknown,LAX Hastings,06-037-5005,AQS
2011-12-05,47,Unknown,LAX Hastings,06-037-5005,AQS
2011-12-06,52,Unknown,Long Beach (Hudson),06-037-4006,AQS
2011-12-07,53,Unknown,LAX Hastings,06-037-5005,AQS
2011-12-08,58,Unknown,Azusa,06-037-0002,AQS
2011-12-09,73,Unknown,LAX Hastings,06-037-5005,AQS
2011-12-10,56,Unknown,Long Beach (Hudson),06-037-4006,AQS
2011-12-11,45,Unknown,LAX Hastings,06-037-5005,AQS
2011-12-12,40,Unknown,LAX Hastings,06-037-5005,AQS
2011-12-13,42,Unknown,Long Beach (Hudson),06-037-4006,AQS
2011-12-14,47,Unknown,Lancaster-Division Street,06-037-9033,AQS
2011-12-15,47,Unknown,Compton,06-037-1302,AQS
2011-12-16,73,Unknown,Compton,06-037-1302,AQS
2011-12-17,52,Unknown,Compton,06-037-1302,AQS
2011-12-18,42,Unknown,LAX Hastings,06-037-5005,AQS
2011-12-19,50,Unknown,Lancaster-Division Street,06-037-9033,AQS
2011-12-20,51,Unknown,Long Beach (Hudson),06-037-4006,AQS
2011-12-21,52,Unknown,LAX Hastings,06-037-5005,AQS
2011-12-22,51,Unknown,Long Beach (Hudson),06-037-4006,AQS
2011-12-23,49,Unknown,Long Beach (Hudson),06-037-4006,AQS
2011-12-24,65,Unknown,LAX Hastings,06-037-5005,AQS
2011-12-25,43,Unknown,Compton,06-037-1302,AQS
2011-12-26,52,Unknown,Pico Rivera #2,06-037-1602,AQS
2011-12-27,65,Unknown,Long Beach (North),06-037-4002,AQS
2011-12-28,64,Unknown,Long Beach (Hudson),06-037-4006,AQS
2011-12-29,68,Unknown,Los Angeles-North Main Street,06-037-1103,AQS
2011-12-30,97,Unknown,Los Angeles-North Main Street,06-037-1103,AQS
2011-12-31,89,Unknown,Pico Rivera #2,06-037-1602,AQS
2012-01-01,78,Unknown,Compton,06-037-1302,AQS
2012-01-02,48,Unknown,Pomona,06-037-1701,AQS
2012-01-03,77,Unknown,Long Beach (Hudson),06-037-4006,AQS
2012-01-04,76,Unknown,Long Beach (Hudson),06-037-4006,AQS
2012-01-05,58,Unknown,Azusa,06-037-0002,AQS
2012-01-06,64,Unknown,Santa Clarita,06-037-6012,AQS
2012-01-07,45,Unknown,Pomona,06-037-1701,AQS
2012-01-08,46,Unknown,Long Beach (North),06-037-4002,AQS
2012-01-09,52,Unknown,Compton,06-037-1302,AQS
2012-01-10,56,Unknown,Long Beach (North),06-037-4002,AQS
2012-01-11,69,Unknown,Azusa,06-037-0002,AQS
2012-01-12,67,Unknown,Long Beach (North),06-037-4002,AQS
2012-01-13,72,Unknown,Long Beach (Hudson),06-037-4006,AQS
2012-01-14,60,Unknown,Long Beach (North),06-037-4002,AQS
2012-01-15,46,Unknown,Long Beach (North),06-037-4002,AQS
2012-01-16,43,Unknown,LAX Hastings,06-037-5005,AQS
2012-01-17,51,Unknown,Long Beach (Hudson),06-037-4006,AQS
2012-01-18,50,Unknown,Compton,06-037-1302,AQS
2012-01-19,60,Unknown,Azusa,06-037-0002,AQS
2012-01-20,46,Unknown,Pomona,06-037-1701,AQS
2012-01-21,40,Unknown,Azusa,06-037-0002,AQS
2012-01-22,34,Unknown,Long Beach (North),06-037-4002,AQS
2012-01-23,34,Unknown,Long Beach (North),06-037-4002,AQS
2012-01-24,47,Unknown,Long Beach (Hudson),06-037-4006,AQS
2012-01-25,52,Unknown,Long Beach (Hudson),06-037-4006,AQS
2012-01-26,54,Unknown,Long Beach (Hudson),06-037-4006,AQS
2012-01-27,53,Unknown,Los Angeles-North Main Street,06-037-1103,AQS
2012-01-28,48,Unknown,LAX Hastings,06-037-5005,AQS
2012-01-29,44,Unknown,LAX Hastings,06-037-5005,AQS
2012-01-30,51,Unknown,Santa Clarita,06-037-6012,AQS
2012-01-31,45,Unknown,Long Beach (North),06-037-4002,AQS
2012-02-01,49,Unknown,Los Angeles-North Main Street,06-037-1103,AQS
2012-02-02,48,Unknown,Azusa,06-037-0002,AQS
2012-02-03,51,Unknown,Long Beach (North),06-037-4002,AQS
2012-02-04,46,Unknown,LAX Hastings,06-037-5005,AQS
2012-02-05,46,Unknown,Pico Rivera #2,06-037-1602,AQS
2012-02-06,56,Unknown,Long Beach (North),06-037-4002,AQS
2012-02-07,50,Unknown,Compton,06-037-1302,AQS
2012-02-08,45,Unknown,Los Angeles-North Main Street,06-037-1103,AQS
2012-02-09,53,Unknown,Long Beach (Hudson),06-037-4006,AQS
2012-02-10,43,Unknown,LAX Hastings,06-037-5005,AQS
2012-02-11,31,Unknown,Santa Clarita,06-037-6012,AQS
2012-02-12,27,Unknown,Compton,06-037-1302,AQS
2012-02-13,35,Unknown,Pico Rivera #2,06-037-1602,AQS
2012-02-14,42,Unknown,Long Beach (Hudson),06-037-4006,AQS
2012-02-15,45,Unknown,Pomona,06-037-1701,AQS
2012-02-16,54,Unknown,Long Beach (Hudson),06-037-4006,AQS
2012-02-17,48,Unknown,Long Beach (Hudson),06-037-4006,AQS
2012-02-18,35,Unknown,LAX Hastings,06-037-5005,AQS
2012-02-19,30,Unknown,LAX Hastings,06-037-5005,AQS
2012-02-20,36,Unknown,Pico Rivera #2,06-037-1602,AQS
2012-02-21,49,Unknown,Long Beach (Hudson),06-037-4006,AQS
2012-02-22,58,Unknown,Long Beach (Hudson),06-037-4006,AQS
2012-02-23,55,Unknown,Los Angeles-North Main Street,06-037-1103,AQS
2012-02-24,66,Unknown,Los Angeles-North Main Street,06-037-1103,AQS
2012-02-25,35,Unknown,Los Angeles-North Main Street,06-037-1103,AQS
2012-02-26,35,Unknown,Los Angeles-North Main Street,06-037-1103,AQS
2012-02-27,27,Unknown,Compton,06-037-1302,AQS
2012-02-28,43,Unknown,LAX Hastings,06-037-5005,AQS
2012-02-29,41,Unknown,Long Beach (Hudson),06-037-4006,AQS
2012-03-01,33,Unknown,Compton,06-037-1302,AQS
2012-03-02,49,Unknown,Long Beach (Hudson),06-037-4006,AQS
2012-03-03,50,Unknown,Long Beach (Hudson),06-037-4006,AQS
2012-03-04,58,Unknown,LAX Hastings,06-037-5005,AQS
2012-03-05,54,Unknown,Long Beach (Hudson),06-037-4006,AQS
2012-03-06,42,Unknown,Pomona,06-037-1701,AQS
2012-03-07,41,Unknown,West Los Angeles,06-037-0113,AQS
2012-03-08,57,Unknown,Long Beach (Hudson),06-037-4006,AQS
2012-03-09,63,Unknown,Long Beach (Hudson),06-037-4006,AQS
2012-03-10,55,Unknown,LAX Hastings,06-037-5005,AQS
2012-03-11,32,Unknown,West Los Angeles,06-037-0113,AQS
2012-03-12,43,Unknown,Lancaster-Division Street,06-037-9033,AQS
2012-03-13,34,Unknown,West Los Angeles,06-037-0113,AQS
2012-03-14,33,Unknown,Los Angeles-North Main Street,06-037-1103,AQS
2012-03-15,36,Unknown,Lancaster-Division Street,06-037-9033,AQS
2012-03-16,29,Unknown,Long Beach (Hudson),06-037-4006,AQS
2012-03-17,17,Unknown,Long Beach (North),06-037-4002,AQS
2012-03-18,22,Unknown,Pomona,06-037-1701,AQS
2012-03-19,40,Unknown,Long Beach (Hudson),06-037-4006,AQS
2012-03-20,48,Unknown,Pomona,06-037-1701,AQS
2012-03-21,61,Unknown,Long Beach (Hudson),06-037-4006,AQS
2012-03-22,47,Unknown,Azusa,06-037-0002,AQS
2012-03-23,36,Unknown,Azusa,06-037-0002,AQS
2012-03-24,31,Unknown,Azusa,06-037-0002,AQS
2012-03-25,27,Unknown,Los Angeles-North Main Street,06-037-1103,AQS
2012-03-26,41,Unknown,Long Beach (North),06-037-4002,AQS
2012-03-27,38,Unknown,LAX Hastings,06-037-5005,AQS
2012-03-28,37,Unknown,LAX Hastings,06-037-5005,AQS
2012-03-29,30,Unknown,Azusa,06-037-0002,AQS
2012-03-30,40,Unknown,Azusa,06-037-0002,AQS
2012-03-31,32,Unknown,Azusa,06-037-0002,AQS
2012-04-01,31,Unknown,Pico Rivera #2,06-037-1602,AQS
2012-04-02,46,Unknown,Los Angeles-North Main Street,06-037-1103,AQS
2012-04-03,52,Unknown,LAX Hastings,06-037-5005,AQS
2012-04-04,45,Unknown,West Los Angeles,06-037-0113,AQS
2012-04-05,37,Unknown,Los Angeles-North Main Street,06-037-1103,AQS
2012-04-06,53,Unknown,Los Angeles-North Main Street,06-037-1103,AQS
2012-04-07,54,Unknown,Los Angeles-North Main Street,06-037-1103,AQS
2012-04-08,45,Unknown,Los Angeles-North Main Street,06-037-1103,AQS
2012-04-09,57,Unknown,Compton,06-037-1302,AQS
2012-04-10,38,Unknown,Lancaster-Division Street,06-037-9033,AQS
2012-04-11,25,Unknown,West Los Angeles,06-037-0113,AQS
2012-04-12,31,Unknown,Compton,06-037-1302,AQS
2012-04-13,27,Unknown,Los Angeles-North Main Street,06-037-1103,AQS
2012-04-14,31,Unknown,West Los Angeles,06-037-0113,AQS
2012-04-15,29,Unknown,Anaheim,06-059-0007,AQS
2012-04-16,50,Unknown,Los Angeles-North Main Street,06-037-1103,AQS
2012-04-17,60,Unknown,Pomona,06-037-1701,AQS
2012-04-18,47,Unknown,Azusa,06-037-0002,AQS
2012-04-19,35,Unknown,Pasadena,06-037-2005,AQS
2012-04-20,53,Unknown,Los Angeles-North Main Street,06-037-1103,AQS
2012-04-21,34,Unknown,Los Angeles-North Main Street,06-037-1103,AQS
2012-04-22,22,Unknown,Long Beach (North),06-037-4002,AQS
2012-04-23,28,Unknown,Azusa,06-037-0002,AQS
2012-04-24,33,Unknown,Azusa,06-037-0002,AQS
2012-04-25,39,Unknown,Glendora,06-037-0016,AQS
2012-04-26,21,Unknown,Los Angeles-North Main Street,06-037-1103,AQS
2012-04-27,39,Unknown,Burbank,06-037-1002,AQS
2012-04-28,39,Unknown,Burbank,06-037-1002,AQS
2012-04-29,24,Unknown,West Los Angeles,06-037-0113,AQS
2012-04-30,38,Unknown,Lancaster-Division Street,06-037-9033,AQS
2012-05-01,26,Unknown,Pomona,06-037-1701,AQS
2012-05-02,25,Unknown,Azusa,06-037-0002,AQS
2012-05-03,30,Unknown,Azusa,06-037-0002,AQS
2012-05-04,36,Unknown,Azusa,06-037-0002,AQS
2012-05-05,36,Unknown,Pomona,06-037-1701,AQS
2012-05-06,31,Unknown,Pomona,06-037-1701,AQS
2012-05-07,33,Unknown,Azusa,06-037-0002,AQS
2012-05-08,42,Unknown,Pomona,06-037-1701,AQS
2012-05-09,44,Unknown,Pomona,06-037-1701,AQS
2012-05-10,25,Unknown,Santa Clarita,06-037-6012,AQS
2012-05-11,21,Unknown,Azusa,06-037-0002,AQS
2012-05-12,20,Unknown,Pomona,06-037-1701,AQS
2012-05-13,27,Unknown,Pomona,06-037-1701,AQS
2012-05-14,30,Unknown,LAX Hastings,06-037-5005,AQS
2012-05-15,41,Unknown,Azusa,06-037-0002,AQS
2012-05-16,44,Unknown,Pomona,06-037-1701,AQS
2012-05-17,36,Unknown,Azusa,06-037-0002,AQS
2012-05-18,34,Unknown,West Los Angeles,06-037-0113,AQS
2012-05-19,33,Unknown,West Los Angeles,06-037-0113,AQS
2012-05-20,27,Unknown,Burbank,06-037-1002,AQS
2012-05-21,42,Unknown,Lancaster-Division Street,06-037-9033,AQS
2012-05-22,35,Unknown,Pomona,06-037-1701,AQS
2012-05-23,25,Unknown,LAX Hastings,06-037-5005,AQS
2012-05-24,22,Unknown,Santa Clarita,06-037-6012,AQS
2012-05-25,20,Unknown,Compton,06-037-1302,AQS
2012-05-26,20,Unknown,West Los Angeles,06-037-0113,AQS
2012-05-27,31,Unknown,Burbank,06-037-1002,AQS
2012-05-28,29,Unknown,Burbank,06-037-1002,AQS
2012-05-29,33,Unknown,Azusa,06-037-0002,AQS
2012-05-30,35,Unknown,Azusa,06-037-0002,AQS
2012-05-31,36,Unknown,Azusa,06-037-0002,AQS
2012-06-01,35,Unknown,Burbank,06-037-1002,AQS
2012-06-02,22,Unknown,Santa Clarita,06-037-6012,AQS
2012-06-03,12,Unknown,Santa Clarita,06-037-6012,AQS
2012-06-04,15,Unknown,Azusa,06-037-0002,AQS
2012-06-05,30,Unknown,Burbank,06-037-1002,AQS
2012-06-06,35,Unknown,Pomona,06-037-1701,AQS
2012-06-07,39,Unknown,Pomona,06-037-1701,AQS
2012-06-08,35,Unknown,Santa Clarita,06-037-6012,AQS
2012-06-09,18,Unknown,Santa Clarita,06-037-6012,AQS
2012-06-10,13,Unknown,Pomona,06-037-1701,AQS
2012-06-11,38,Unknown,Lancaster-Division Street,06-037-9033,AQS
2012-06-12,39,Unknown,Lancaster-Division Street,06-037-9033,AQS
2012-06-13,30,Unknown,Lancaster-Division Street,06-037-9033,AQS
2012-06-14,25,Unknown,Pomona,06-037-1701,AQS
2012-06-15,18,Unknown,Azusa,06-037-0002,AQS
2012-06-16,26,Unknown,Pomona,06-037-1701,AQS
2012-06-17,24,Unknown,Pomona,06-037-1701,AQS
2012-06-18,25,Unknown,Burbank,06-037-1002,AQS
2012-06-19,23,Unknown,Azusa,06-037-0002,AQS
2012-06-20,25,Unknown,Azusa,06-037-0002,AQS
2012-06-21,40,Unknown,Lancaster-Division Street,06-037-9033,AQS
2012-06-22,29,Unknown,Azusa,06-037-0002,AQS
2012-06-23,26,Unknown,Azusa,06-037-0002,AQS
2012-06-24,25,Unknown,Azusa,06-037-0002,AQS
2012-06-25,33,Unknown,Pomona,06-037-1701,AQS
2012-06-26,42,Unknown,Pomona,06-037-1701,AQS
2012-06-27,39,Unknown,Pomona,06-037-1701,AQS
2012-06-28,37,Unknown,Pomona,06-037-1701,AQS
2012-06-29,36,Unknown,Long Beach (North),06-037-4002,AQS
2012-06-30,25,Unknown,Azusa,06-037-0002,AQS
2012-07-01,22,Unknown,Santa Clarita,06-037-6012,AQS
2012-07-02,26,Unknown,Santa Clarita,06-037-6012,AQS
2012-07-03,29,Unknown,Lancaster-Division Street,06-037-9033,AQS
2012-07-04,15,Unknown,Azusa,06-037-0002,AQS
2012-07-05,19,Unknown,Azusa,06-037-0002,AQS
2012-07-06,32,Unknown,Pomona,06-037-1701,AQS
2012-07-07,36,Unknown,Pomona,06-037-1701,AQS
2012-07-08,34,Unknown,Pomona,06-037-1701,AQS
2012-07-09,45,Unknown,Pomona,06-037-1701,AQS
2012-07-10,42,Unknown,Pomona,06-037-1701,AQS
2012-07-11,39,Unknown,Long Beach (North),06-037-4002,AQS
2012-07-12,63,Unknown,Azusa,06-037-0002,AQS
2012-07-13,58,Unknown,Azusa,06-037-0002,AQS
2012-07-14,39,Unknown,Azusa,06-037-0002,AQS
2012-07-15,17,Unknown,Santa Clarita,06-037-6012,AQS
2012-07-16,16,Unknown,Azusa,06-037-0002,AQS
2012-07-17,23,Unknown,Azusa,06-037-0002,AQS
2012-07-18,46,Unknown,Azusa,06-037-0002,AQS
2012-07-19,51,Unknown,Azusa,06-037-0002,AQS
2012-07-20,29,Unknown,Azusa,06-037-0002,AQS
2012-07-21,27,Unknown,Azusa,06-037-0002,AQS
2012-07-22,21,Unknown,Azusa,06-037-0002,AQS
2012-07-23,29,Unknown,Pomona,06-037-1701,AQS
2012-07-24,28,Unknown,Pomona,06-037-1701,AQS
2012-07-25,27,Unknown,Pomona,06-037-1701,AQS
2012-07-26,26,Unknown,Pomona,06-037-1701,AQS
2012-07-27,33,Unknown,Pomona,06-037-1701,AQS
2012-07-28,33,Unknown,Azusa,06-037-0002,AQS
2012-07-29,32,Unknown,Azusa,06-037-0002,AQS
2012-07-30,35,Unknown,Santa Clarita,06-037-6012,AQS
2012-07-31,37,Unknown,Lancaster-Division Street,06-037-9033,AQS
2012-08-01,34,Unknown,Santa Clarita,06-037-6012,AQS
2012-08-02,34,Unknown,Azusa,06-037-0002,AQS
2012-08-03,28,Unknown,Santa Clarita,06-037-6012,AQS
2012-08-04,22,Unknown,Azusa,06-037-0002,AQS
2012-08-05,26,Unknown,Burbank,06-037-1002,AQS
2012-08-06,42,Unknown,Pomona,06-037-1701,AQS
2012-08-07,41,Unknown,Burbank,06-037-1002,AQS
2012-08-08,43,Unknown,Azusa,06-037-0002,AQS
2012-08-09,49,Unknown,Pomona,06-037-1701,AQS
2012-08-10,55,Unknown,Azusa,06-037-0002,AQS
2012-08-11,34,Unknown,Burbank,06-037-1002,AQS
2012-08-12,32,Unknown,Compton,06-037-1302,AQS
2012-08-13,36,Unknown,Azusa,06-037-0002,AQS
2012-08-14,41,Unknown,Azusa,06-037-0002,AQS
2012-08-15,43,Unknown,Azusa,06-037-0002,AQS
2012-08-16,63,Unknown,Azusa,06-037-0002,AQS
2012-08-17,50,Unknown,Azusa,06-037-0002,AQS
2012-08-18,40,Unknown,Compton,06-037-1302,AQS
2012-08-19,25,Unknown,Azusa,06-037-0002,AQS
2012-08-20,33,Unknown,Pomona,06-037-1701,AQS
2012-08-21,29,Unknown,Santa Clarita,06-037-6012,AQS
2012-08-22,22,Unknown,Santa Clarita,06-037-6012,AQS
2012-08-23,22,Unknown,Azusa,06-037-0002,AQS
2012-08-24,28,Unknown,Santa Clarita,06-037-6012,AQS
2012-08-25,21,Unknown,Lancaster-Division Street,06-037-9033,AQS
2012-08-26,34,Unknown,Pomona,06-037-1701,AQS
2012-08-27,42,Unknown,Pomona,06-037-1701,AQS
2012-08-28,49,Unknown,Pomona,06-037-1701,AQS
2012-08-29,41,Unknown,Pomona,06-037-1701,AQS
2012-08-30,41,Unknown,Azusa,06-037-0002,AQS
2012-08-31,40,Unknown,Burbank,06-037-1002,AQS
2012-09-01,39,Unknown,Long Beach (Hudson),06-037-4006,AQS
2012-09-02,34,Unknown,Azusa,06-037-0002,AQS
2012-09-03,32,Unknown,Azusa,06-037-0002,AQS
2012-09-04,49,Unknown,Long Beach (Hudson),06-037-4006,AQS
2012-09-05,49,Unknown,Pomona,06-037-1701,AQS
2012-09-06,45,Unknown,Pomona,06-037-1701,AQS
2012-09-07,41,Unknown,Long Beach (Hudson),06-037-4006,AQS
2012-09-08,35,Unknown,Los Angeles-North Main Street,06-037-1103,AQS
2012-09-09,32,Unknown,Pomona,06-037-1701,AQS
2012-09-10,42,Unknown,Los Angeles-North Main Street,06-037-1103,AQS
2012-09-11,35,Unknown,Long Beach (Hudson),06-037-4006,AQS
2012-09-12,25,Unknown,Lancaster-Division Street,06-037-9033,AQS
2012-09-13,41,Unknown,Pomona,06-037-1701,AQS
2012-09-14,89,Unknown,Long Beach (Hudson),06-037-4006,AQS
2012-09-15,54,Unknown,Long Beach (Hudson),06-037-4006,AQS
2012-09-16,47,Unknown,Los Angeles-North Main Street,06-037-1103,AQS
2012-09-17,40,Unknown,Azusa,06-037-0002,AQS
2012-09-18,51,Unknown,Los Angeles-North Main Street,06-037-1103,AQS
2012-09-19,52,Unknown,Pomona,06-037-1701,AQS
2012-09-20,61,Unknown,Los Angeles-North Main Street,06-037-1103,AQS
2012-09-21,56,Unknown,Pomona,06-037-1701,AQS
2012-09-22,45,Unknown,Pomona,06-037-1701,AQS
2012-09-23,43,Unknown,Los Angeles-North Main Street,06-037-1103,AQS
2012-09-24,37,Unknown,Pomona,06-037-1701,AQS
2012-09-25,33,Unknown,Pomona,06-037-1701,AQS
2012-09-26,45,Unknown,Lancaster-Division Street,06-037-9033,AQS
2012-09-27,43,Unknown,Azusa,06-037-0002,AQS
2012-09-28,42,Unknown,Pomona,06-037-1701,AQS
2012-09-29,54,Unknown,Los Angeles-North Main Street,06-037-1103,AQS
2012-09-30,46,Unknown,Pomona,06-037-1701,AQS
2012-10-01,72,Unknown,Pomona,06-037-1701,AQS
2012-10-02,66,Unknown,Los Angeles-North Main Street,06-037-1103,AQS
2012-10-03,55,Unknown,Azusa,06-037-0002,AQS
2012-10-04,31,Unknown,Santa Clarita,06-037-6012,AQS
2012-10-05,32,Unknown,Pomona,06-037-1701,AQS
2012-10-06,31,Unknown,Los Angeles-North Main Street,06-037-1103,AQS
2012-10-07,27,Unknown,Los Angeles-North Main Street,06-037-1103,AQS
2012-10-08,31,Unknown,Long Beach (Hudson),06-037-4006,AQS
2012-10-09,32,Unknown,West Los Angeles,06-037-0113,AQS
2012-10-10,28,Unknown,Long Beach (Hudson),06-037-4006,AQS
2012-10-11,35,Unknown,Long Beach (Hudson),06-037-4006,AQS
2012-10-12,31,Unknown,Long Beach (Hudson),06-037-4006,AQS
2012-10-13,40,Unknown,Pomona,06-037-1701,AQS
2012-10-14,42,Unknown,Burbank,06-037-1002,AQS
2012-10-15,48,Unknown,Azusa,06-037-0002,AQS
2012-10-16,62,Unknown,Compton,06-037-1302,AQS
2012-10-17,80,Unknown,Pomona,06-037-1701,AQS
2012-10-18,71,Unknown,Long Beach (Hudson),06-037-4006,AQS
2012-10-19,36,Unknown,Lancaster-Division Street,06-037-9033,AQS
2012-10-20,17,Unknown,Santa Clarita,06-037-6012,AQS
2012-10-21,19,Unknown,Long Beach (Hudson),06-037-4006,AQS
2012-10-22,22,Unknown,Pomona,06-037-1701,AQS
2012-10-23,30,Unknown,Burbank,06-037-1002,AQS
2012-10-24,41,Unknown,Pomona,06-037-1701,AQS
2012-10-25,55,Unknown,Pomona,06-037-1701,AQS
2012-10-26,62,Unknown,Long Beach (Hudson),06-037-4006,AQS
2012-10-27,60,Unknown,Pomona,06-037-1701,AQS
2012-10-28,55,Unknown,Los Angeles-North Main Street,06-037-1103,AQS
2012-10-29,97,Unknown,Long Beach (Hudson),06-037-4006,AQS
2012-10-30,67,Unknown,Pasadena,06-037-2005,AQS
2012-10-31,58,Unknown,Pomona,06-037-1701,AQS
2012-11-01,43,Unknown,Lancaster-Division Street,06-037-9033,AQS
2012-11-02,42,Unknown,Pomona,06-037-1701,AQS
2012-11-03,56,Unknown,Pomona,06-037-1701,AQS
2012-11-04,56,Unknown,Pomona,06-037-1701,AQS
2012-11-05,72,Unknown,Long Beach (Hudson),06-037-4006,AQS
2012-11-06,54,Unknown,Pomona,06-037-1701,AQS
2012-11-07,50,Unknown,Pomona,06-037-1701,AQS
2012-11-08,34,Unknown,Long Beach (Hudson),06-037-4006,AQS
2012-11-09,35,Unknown,Pico Rivera #2,06-037-1602,AQS
2012-11-10,34,Unknown,Long Beach (Hudson),06-037-4006,AQS
2012-11-11,44,Unknown,Long Beach (Hudson),06-037-4006,AQS
2012-11-12,49,Unknown,Long Beach (Hudson),06-037-4006,AQS
2012-11-13,61,Unknown,Long Beach (North),06-037-4002,AQS
2012-11-14,79,Unknown,Pico Rivera #2,06-037-1602,AQS
2012-11-15,68,Unknown,Reseda,06-037-1201,AQS
2012-11-16,48,Unknown,Los Angeles-North Main Street,06-037-1103,AQS
2012-11-17,33,Unknown,Los Angeles-North Main Street,06-037-1103,AQS
2012-11-18,29,Unknown,Los Angeles-North Main Street,06-037-1103,AQS
2012-11-19,35,Unknown,Pomona,06-037-1701,AQS
2012-11-20,45,Unknown,Pomona,06-037-1701,AQS
2012-11-21,49,Unknown,Pomona,06-037-1701,AQS
2012-11-22,43,Unknown,Pomona,06-037-1701,AQS
2012-11-23,76,Unknown,Los Angeles-North Main Street,06-037-1103,AQS
2012-11-24,53,Unknown,Compton,06-037-1302,AQS
2012-11-25,35,Unknown,Burbank,06-037-1002,AQS
2012-11-26,45,Unknown,Santa Clarita,06-037-6012,AQS
2012-11-27,50,Unknown,Pomona,06-037-1701,AQS
2012-11-28,42,Unknown,Los Angeles-North Main Street,06-037-1103,AQS
2012-11-29,31,Unknown,Los Angeles-North Main Street,06-037-1103,AQS
2012-11-30,25,Unknown,Long Beach (Hudson),06-037-4006,AQS
2012-12-01,25,Unknown,Pomona,06-037-1701,AQS
2012-12-02,25,Unknown,Los Angeles-North Main Street,06-037-1103,AQS
2012-12-03,31,Unknown,LAX Hastings,06-037-5005,AQS
2012-12-04,38,Unknown,Long Beach (Hudson),06-037-4006,AQS
2012-12-05,58,Unknown,Santa Clarita,06-037-6012,AQS
2012-12-06,44,Unknown,Long Beach (Hudson),06-037-4006,AQS
2012-12-07,64,Unknown,Los Angeles-North Main Street,06-037-1103,AQS
2012-12-08,50,Unknown,Los Angeles-North Main Street,06-037-1103,AQS
2012-12-09,44,Unknown,Pomona,06-037-1701,AQS
2012-12-10,54,Unknown,Long Beach (Hudson),06-037-4006,AQS
2012-12-11,51,Unknown,Santa Clarita,06-037-6012,AQS
2012-12-12,40,Unknown,Long Beach (Hudson),06-037-4006,AQS
2012-12-13,33,Unknown,Long Beach (Hudson),06-037-4006,AQS
2012-12-14,41,Unknown,Long Beach (Hudson),06-037-4006,AQS
2012-12-15,32,Unknown,Pico Rivera #2,06-037-1602,AQS
2012-12-16,29,Unknown,La Habra,06-059-5001,AQS
2012-12-17,37,Unknown,Long Beach (Hudson),06-037-4006,AQS
2012-12-18,29,Unknown,Azusa,06-037-0002,AQS
2012-12-19,50,Unknown,Long Beach (Hudson),06-037-4006,AQS
2012-12-20,54,Unknown,Long Beach (Hudson),06-037-4006,AQS
2012-12-21,52,Unknown,Long Beach (Hudson),06-037-4006,AQS
2012-12-22,42,Unknown,Long Beach (Hudson),06-037-4006,AQS
2012-12-23,27,Unknown,La Habra,06-059-5001,AQS
2012-12-24,33,Unknown,La Habra,06-059-5001,AQS
2012-12-25,34,Unknown,Compton,06-037-1302,AQS
2012-12-26,36,Unknown,Compton,06-037-1302,AQS
2012-12-27,48,Unknown,Long Beach (Hudson),06-037-4006,AQS
2012-12-28,46,Unknown,Long Beach (Hudson),06-037-4006,AQS
2012-12-29,39,Unknown,Long Beach (Hudson),06-037-4006,AQS
2012-12-30,37,Unknown,Compton,06-037-1302,AQS
2012-12-31,40,Unknown,Compton,06-037-1302,AQS
2013-01-01,38,Unknown,Compton,06-037-1302,AQS
2013-01-02,54,Unknown,Long Beach (Hudson),06-037-4006,AQS
2013-01-03,56,Unknown,Long Beach (Hudson),06-037-4006,AQS
2013-01-04,49,Unknown,Long Beach (Hudson),06-037-4006,AQS
2013-01-05,52,Unknown,Long Beach (Hudson),06-037-4006,AQS
2013-01-06,38,Unknown,Compton,06-037-1302,AQS
2013-01-07,45,Unknown,Long Beach (Hudson),06-037-4006,AQS
2013-01-08,52,Unknown,Los Angeles-North Main Street,06-037-1103,AQS
2013-01-09,71,Unknown,Long Beach (Hudson),06-037-4006,AQS
2013-01-10,36,Unknown,Long Beach (Hudson),06-037-4006,AQS
2013-01-11,37,Unknown,Anaheim,06-059-0007,AQS
2013-01-12,39,Unknown,Compton,06-037-1302,AQS
2013-01-13,40,Unknown,Long Beach (Hudson),06-037-4006,AQS
2013-01-14,50,Unknown,Long Beach (Hudson),06-037-4006,AQS
2013-01-15,54,Unknown,Long Beach (Hudson),06-037-4006,AQS
2013-01-16,57,Unknown,Long Beach (Hudson),06-037-4006,AQS
2013-01-17,69,Unknown,Long Beach (Hudson),06-037-4006,AQS
2013-01-18,58,Unknown,Long Beach (Hudson),06-037-4006,AQS
2013-01-19,53,Unknown,Compton,06-037-1302,AQS
2013-01-20,48,Unknown,LAX Hastings,06-037-5005,AQS
2013-01-21,76,Unknown,Long Beach (Hudson),06-037-4006,AQS
2013-01-22,76,Unknown,Long Beach (Hudson),06-037-4006,AQS
2013-01-23,76,Unknown,Long Beach (Hudson),06-037-4006,AQS
2013-01-24,42,Unknown,Long Beach (Hudson),06-037-4006,AQS
2013-01-25,35,Unknown,Long Beach (Hudson),06-037-4006,AQS
2013-01-26,27,Unknown,LAX Hastings,06-037-5005,AQS
2013-01-27,32,Unknown,Compton,06-037-1302,AQS
2013-01-28,32,Unknown,Anaheim,06-059-0007,AQS
2013-01-29,38,Unknown,Long Beach (Hudson),06-037-4006,AQS
2013-01-30,53,Unknown,Long Beach (Hudson),06-037-4006,AQS
2013-01-31,60,Unknown,Long Beach (Hudson),06-037-4006,AQS
2013-02-01,58,Unknown,Pomona,06-037-1701,AQS
2013-02-02,58,Unknown,Long Beach (Hudson),06-037-4006,AQS
2013-02-03,33,Unknown,Pomona,06-037-1701,AQS
2013-02-04,43,Unknown,Azusa,06-037-0002,AQS
2013-02-05,43,Unknown,Azusa,06-037-0002,AQS
2013-02-06,40,Unknown,Long Beach (Hudson),06-037-4006,AQS
2013-02-07,35,Unknown,Pico Rivera #2,06-037-1602,AQS
2013-02-08,41,Unknown,Pico Rivera #2,06-037-1602,AQS
2013-02-09,42,Unknown,LAX Hastings,06-037-5005,AQS
2013-02-10,37,Unknown,Long Beach (Hudson),06-037-4006,AQS
2013-02-11,45,Unknown,Long Beach (Hudson),06-037-4006,AQS
2013-02-12,46,Unknown,Long Beach (Hudson),06-037-4006,AQS
2013-02-13,51,Unknown,Pico Rivera #2,06-037-1602,AQS
2013-02-14,67,Unknown,Long Beach (Hudson),06-037-4006,AQS
2013-02-15,76,Unknown,LAX Hastings,06-037-5005,AQS
2013-02-16,49,Unknown,Long Beach (Hudson),06-037-4006,AQS
2013-02-17,45,Unknown,LAX Hastings,06-037-5005,AQS
2013-02-18,39,Unknown,Lancaster-Division Street,06-037-9033,AQS
2013-02-19,33,Unknown,Compton,06-037-1302,AQS
2013-02-20,37,Unknown,Pico Rivera #2,06-037-1602,AQS
2013-02-21,43,Unknown,Pico Rivera #2,06-037-1602,AQS
2013-02-22,43,Unknown,Pomona,06-037-1701,AQS
2013-02-23,40,Unknown,Compton,06-037-1302,AQS
2013-02-24,41,Unknown,Anaheim,06-059-0007,AQS
2013-02-25,49,Unknown,Pico Rivera #2,06-037-1602,AQS
2013-02-26,52,Unknown,Pico Rivera #2,06-037-1602,AQS
2013-02-27,63,Unknown,Long Beach (Hudson),06-037-4006,AQS
2013-02-28,62,Unknown,Long Beach (Hudson),06-037-4006,AQS
2013-03-01,64,Unknown,Long Beach (Hudson),06-037-4006,AQS
2013-03-02,56,Unknown,Long Beach (Hudson),06-037-4006,AQS
2013-03-03,47,Unknown,Los Angeles-North Main Street,06-037-1103,AQS
2013-03-04,32,Unknown,Azusa,06-037-0002,AQS
2013-03-05,31,Unknown,Compton,06-037-1302,AQS
2013-03-06,34,Unknown,Pico Rivera #2,06-037-1602,AQS
2013-03-07,31,Unknown,Pomona,06-037-1701,AQS
2013-03-08,35,Unknown,Los Angeles-North Main Street,06-037-1103,AQS
2013-03-09,37,Unknown,Pomona,06-037-1701,AQS
2013-03-10,43,Unknown,LAX Hastings,06-037-5005,AQS
2013-03-11,55,Unknown,Pico Rivera #2,06-037-1602,AQS
2013-03-12,71,Unknown,Pomona,06-037-1701,AQS
2013-03-13,78,Unknown,Pico Rivera #2,06-037-1602,AQS
2013-03-14,89,Unknown,Los Angeles-North Main Street,06-037-1103,AQS
2013-03-15,55,Unknown,Los Angeles-North Main Street,06-037-1103,AQS
2013-03-16,34,Unknown,Glendora,06-037-0016,AQS
2013-03-17,23,Unknown,Pico Rivera #2,06-037-1602,AQS
2013-03-18,32,Unknown,Pico Rivera #2,06-037-1602,AQS
2013-03-19,40,Unknown,Los Angeles-North Main Street,06-037-1103,AQS
2013-03-20,48,Unknown,Los Angeles-North Main Street,06-037-1103,AQS
2013-03-21,38,Unknown,Pico Rivera #2,06-037-1602,AQS
2013-03-22,40,Unknown,Los Angeles-North Main Street,06-037-1103,AQS
2013-03-23,33,Unknown,Pomona,06-037-1701,AQS
2013-03-24,45,Unknown,Pomona,06-037-1701,AQS
2013-03-25,51,Unknown,Pomona,06-037-1701,AQS
2013-03-26,40,Unknown,Los Angeles-North Main Street,06-037-1103,AQS
2013-03-27,30,Unknown,Burbank,06-037-1002,AQS
2013-03-28,37,Unknown,Pomona,06-037-1701,AQS
2013-03-29,36,Unknown,Los Angeles-North Main Street,06-037-1103,AQS
2013-03-30,31,Unknown,Santa Clarita,06-037-6012,AQS
2013-03-31,21,Unknown,Pomona,06-037-1701,AQS
2013-04-01,25,Unknown,Pico Rivera #2,06-037-1602,AQS
2013-04-02,33,Unknown,Pico Rivera #2,06-037-1602,AQS
2013-04-03,34,Unknown,Pomona,06-037-1701,AQS
2013-04-04,28,Unknown,Los Angeles-North Main Street,06-037-1103,AQS
2013-04-05,26,Unknown,Los Angeles-North Main Street,06-037-1103,AQS
2013-04-06,27,Unknown,Long Beach (North),06-037-4002,AQS
2013-04-07,28,Unknown,Pomona,06-037-1701,AQS
2013-04-08,20,Unknown,Azusa,06-037-0002,AQS
2013-04-09,40,Unknown,Los Angeles-North Main Street,06-037-1103,AQS
2013-04-10,50,Unknown,Los Angeles-North Main Street,06-037-1103,AQS
2013-04-11,40,Unknown,Pico Rivera #2,06-037-1602,AQS
2013-04-12,30,Unknown,Santa Clarita,06-037-6012,AQS
2013-04-13,23,Unknown,Los Angeles-North Main Street,06-037-1103,AQS
2013-04-14,12,Unknown,LAX Hastings,06-037-5005,AQS
2013-04-15,25,Unknown,Los Angeles-North Main Street,06-037-1103,AQS
2013-04-16,28,Unknown,Pomona,06-037-1701,AQS
2013-04-17,42,Unknown,Long Beach (Hudson),06-037-4006,AQS
2013-04-18,50,Unknown,Long Beach (Hudson),06-037-4006,AQS
2013-04-19,50,Unknown,Long Beach (North),06-037-4002,AQS
2013-04-20,44,Unknown,Los Angeles-North Main Street,06-037-1103,AQS
2013-04-21,35,Unknown,Pomona,06-037-1701,AQS
2013-04-22,30,Unknown,Santa Clarita,06-037-6012,AQS
2013-04-23,30,Unknown,Lancaster-Division Street,06-037-9033,AQS
2013-04-24,25,Unknown,Lancaster-Division Street,06-037-9033,AQS
2013-04-25,27,Unknown,Los Angeles-North Main Street,06-037-1103,AQS
2013-04-26,36,Unknown,Pomona,06-037-1701,AQS
2013-04-27,36,Unknown,Pomona,06-037-1701,AQS
2013-04-28,28,Unknown,Burbank,06-037-1002,AQS
2013-04-29,30,Unknown,Lancaster-Division Street,06-037-9033,AQS
2013-04-30,22,Unknown,Santa Clarita,06-037-6012,AQS
2013-05-01,29,Unknown,Pomona,06-037-1701,AQS
2013-05-02,63,Unknown,Pomona,06-037-1701,AQS
2013-05-03,62,Unknown,Long Beach (Hudson),06-037-4006,AQS
2013-05-04,55,Unknown,Reseda,06-037-1201,AQS
2013-05-05,14,Unknown,LAX Hastings,06-037-5005,AQS
2013-05-06,26,Unknown,Compton,06-037-1302,AQS
2013-05-07,27,Unknown,Long Beach (Hudson),06-037-4006,AQS
2013-05-08,28,Unknown,Los Angeles-North Main Street,06-037-1103,AQS
2013-05-09,31,Unknown,Burbank,06-037-1002,AQS
2013-05-10,33,Unknown,Burbank,06-037-1002,AQS
2013-05-11,40,Unknown,Los Angeles-North Main Street,06-037-1103,AQS
2013-05-12,50,Unknown,Burbank,06-037-1002,AQS
2013-05-13,79,Unknown,Los Angeles-North Main Street,06-037-1103,AQS
2013-05-14,35,Unknown,Pomona,06-037-1701,AQS
2013-05-15,25,Unknown,Los Angeles-North Main Street,06-037-1103,AQS
2013-05-16,23,Unknown,Pomona,06-037-1701,AQS
2013-05-17,24,Unknown,Los Angeles-North Main Street,06-037-1103,AQS
2013-05-18,25,Unknown,Los Angeles-North Main Street,06-037-1103,AQS
2013-05-19,27,Unknown,Los Angeles-North Main Street,06-037-1103,AQS
2013-05-20,43,Unknown,Lancaster-Division Street,06-037-9033,AQS
2013-05-21,34,Unknown,Lancaster-Division Street,06-037-9033,AQS
2013-05-22,17,Unknown,Los Angeles-North Main Street,06-037-1103,AQS
2013-05-23,30,Unknown,Los Angeles-North Main Street,06-037-1103,AQS
2013-05-24,32,Unknown,Los Angeles-North Main Street,06-037-1103,AQS
2013-05-25,22,Unknown,West Los Angeles,06-037-0113,AQS
2013-05-26,21,Unknown,Long Beach (Hudson),06-037-4006,AQS
2013-05-27,20,Unknown,Long Beach (North),06-037-4002,AQS
2013-05-28,24,Unknown,LAX Hastings,06-037-5005,AQS
2013-05-29,28,Unknown,Long Beach (Hudson),06-037-4006,AQS
2013-05-30,25,Unknown,Santa Clarita,06-037-6012,AQS
2013-05-31,33,Unknown,Santa Clarita,06-037-6012,AQS
2013-06-01,28,Unknown,Los Angeles-North Main Street,06-037-1103,AQS
2013-06-02,14,Unknown,Lancaster-Division Street,06-037-9033,AQS
2013-06-03,26,Unknown,Lancaster-Division Street,06-037-9033,AQS
2013-06-04,24,Unknown,Pomona,06-037-1701,AQS
2013-06-05,28,Unknown,Lancaster-Division Street,06-037-9033,AQS
2013-06-06,36,Unknown,Lancaster-Division Street,06-037-9033,AQS
2013-06-07,41,Unknown,Lancaster-Division Street,06-037-9033,AQS
2013-06-08,20,Unknown,Long Beach (Hudson),06-037-4006,AQS
2013-06-09,15,Unknown,Long Beach (Hudson),06-037-4006,AQS
2013-06-10,25,Unknown,Santa Clarita,06-037-6012,AQS
2013-06-11,36,Unknown,Santa Clarita,06-037-6012,AQS
2013-06-12,37,Unknown,Lancaster-Division Street,06-037-9033,AQS
2013-06-13,29,Unknown,Santa Clarita,06-037-6012,AQS
2013-06-14,28,Unknown,Burbank,06-037-1002,AQS
2013-06-15,23,Unknown,Santa Clarita,06-037-6012,AQS
2013-06-16,24,Unknown,Santa Clarita,06-037-6012,AQS
2013-06-17,28,Unknown,Azusa,06-037-0002,AQS
2013-06-18,29,Unknown,Los Angeles-North Main Street,06-037-1103,AQS
2013-06-19,34,Unknown,Long Beach (Hudson),06-037-4006,AQS
2013-06-20,40,Unknown,Los Angeles-North Main Street,06-037-1103,AQS
2013-06-21,38,Unknown,West Los Angeles,06-037-0113,AQS
2013-06-22,34,Unknown,West Los Angeles,06-037-0113,AQS
2013-06-23,14,Unknown,Santa Clarita,06-037-6012,AQS
2013-06-24,21,Unknown,Azusa,06-037-0002,AQS
2013-06-25,26,Unknown,Azusa,06-037-0002,AQS
2013-06-26,36,Unknown,Los Angeles-North Main Street,06-037-1103,AQS
2013-06-27,39,Unknown,Burbank,06-037-1002,AQS
2013-06-28,49,Unknown,Los Angeles-North Main Street,06-037-1103,AQS
2013-06-29,39,Unknown,Los Angeles-North Main Street,06-037-1103,AQS
2013-06-30,39,Unknown,Los Angeles-North Main Street,06-037-1103,AQS
2013-07-01,45,Unknown,Los Angeles-North Main Street,06-037-1103,AQS
2013-07-02,38,Unknown,Los Angeles-North Main Street,06-037-1103,AQS
2013-07-03,32,Unknown,Glendora,06-037-0016,AQS
2013-07-04,26,Unknown,Glendora,06-037-0016,AQS
2013-07-05,22,Unknown,Santa Clarita,06-037-6012,AQS
2013-07-06,19,Unknown,Santa Clarita,06-037-6012,AQS
2013-07-07,22,Unknown,Pomona,06-037-1701,AQS
2013-07-08,37,Unknown,Pomona,06-037-1701,AQS
2013-07-09,54,Unknown,Pomona,06-037-1701,AQS
2013-07-10,38,Unknown,Lancaster-Division Street,06-037-9033,AQS
2013-07-11,36,Unknown,Los Angeles-North Main Street,06-037-1103,AQS
2013-07-12,31,Unknown,Azusa,06-037-0002,AQS
2013-07-13,28,Unknown,Azusa,06-037-0002,AQS
2013-07-14,28,Unknown,Azusa,06-037-0002,AQS
2013-07-15,28,Unknown,Pomona,06-037-1701,AQS
2013-07-16,37,Unknown,Pomona,06-037-1701,AQS
2013-07-17,45,Unknown,Pomona,06-037-1701,AQS
2013-07-18,43,Unknown,Pomona,06-037-1701,AQS
2013-07-19,39,Unknown,Pomona,06-037-1701,AQS
2013-07-20,26,Unknown,Santa Clarita,06-037-6012,AQS
2013-07-21,27,Unknown,Pasadena,06-037-2005,AQS
2013-07-22,30,Unknown,Pasadena,06-037-2005,AQS
2013-07-23,26,Unknown,Azusa,06-037-0002,AQS
2013-07-24,27,Unknown,Pomona,06-037-1701,AQS
2013-07-25,26,Unknown,Azusa,06-037-0002,AQS
2013-07-26,37,Unknown,Pomona,06-037-1701,AQS
2013-07-27,33,Unknown,Azusa,06-037-0002,AQS
2013-07-28,16,Unknown,Azusa,06-037-0002,AQS
2013-07-29,25,Unknown,Santa Clarita,06-037-6012,AQS
2013-07-30,28,Unknown,Pomona,06-037-1701,AQS
2013-07-31,24,Unknown,Pomona,06-037-1701,AQS
2013-08-01,34,Unknown,Los Angeles-North Main Street,06-037-1103,AQS
2013-08-02,35,Unknown,Los Angeles-North Main Street,06-037-1103,AQS
2013-08-03,21,Unknown,Los Angeles-North Main Street,06-037-1103,AQS
2013-08-04,24,Unknown,Pomona,06-037-1701,AQS
2013-08-05,34,Unknown,Los Angeles-North Main Street,06-037-1103,AQS
2013-08-06,31,Unknown,Pomona,06-037-1701,AQS
2013-08-07,33,Unknown,Pomona,06-037-1701,AQS
2013-08-08,36,Unknown,Pomona,06-037-1701,AQS
2013-08-09,31,Unknown,Azusa,06-037-0002,AQS
2013-08-10,23,Unknown,Pasadena,06-037-2005,AQS
2013-08-11,28,Unknown,LAX Hastings,06-037-5005,AQS
2013-08-12,30,Unknown,Lancaster-Division Street,06-037-9033,AQS
2013-08-13,38,Unknown,Pomona,06-037-1701,AQS
2013-08-14,37,Unknown,Los Angeles-North Main Street,06-037-1103,AQS
2013-08-15,38,Unknown,Burbank,06-037-1002,AQS
2013-08-16,40,Unknown,Azusa,06-037-0002,AQS
2013-08-17,42,Unknown,Azusa,06-037-0002,AQS
2013-08-18,29,Unknown,Azusa,06-037-0002,AQS
2013-08-19,30,Unknown,Azusa,06-037-0002,AQS
2013-08-20,32,Unknown,Pomona,06-037-1701,AQS
2013-08-21,42,Unknown,Pomona,06-037-1701,AQS
2013-08-22,46,Unknown,Pomona,06-037-1701,AQS
2013-08-23,43,Unknown,Azusa,06-037-0002,AQS
2013-08-24,39,Unknown,Azusa,06-037-0002,AQS
2013-08-25,45,Unknown,Azusa,06-037-0002,AQS
2013-08-26,50,Unknown,Azusa,06-037-0002,AQS
2013-08-27,49,Unknown,Azusa,06-037-0002,AQS
2013-08-28,43,Unknown,Los Angeles-North Main Street,06-037-1103,AQS
2013-08-29,47,Unknown,Burbank,06-037-1002,AQS
2013-08-30,45,Unknown,Los Angeles-North Main Street,06-037-1103,AQS
2013-08-31,45,Unknown,Pasadena,06-037-2005,AQS
2013-09-01,27,Unknown,Pasadena,06-037-2005,AQS
2013-09-02,19,Unknown,Burbank,06-037-1002,AQS
2013-09-03,37,Unknown,Los Angeles-North Main Street,06-037-1103,AQS
2013-09-04,55,Unknown,Long Beach (Hudson),06-037-4006,AQS
2013-09-05,67,Unknown,Los Angeles-North Main Street,06-037-1103,AQS
2013-09-06,61,Unknown,Long Beach (Hudson),06-037-4006,AQS
2013-09-07,48,Unknown,Pico Rivera #2,06-037-1602,AQS
2013-09-08,34,Unknown,Pomona,06-037-1701,AQS
2013-09-09,38,Unknown,Pomona,06-037-1701,AQS
2013-09-10,32,Unknown,Azusa,06-037-0002,AQS
2013-09-11,31,Unknown,Pomona,06-037-1701,AQS
2013-09-12,40,Unknown,Pomona,06-037-1701,AQS
2013-09-13,52,Unknown,Azusa,06-037-0002,AQS
2013-09-14,51,Unknown,Pomona,06-037-1701,AQS
2013-09-15,39,Unknown,Azusa,06-037-0002,AQS
2013-09-16,45,Unknown,Los Angeles-North Main Street,06-037-1103,AQS
2013-09-17,34,Unknown,Reseda,06-037-1201,AQS
2013-09-18,37,Unknown,West Los Angeles,06-037-0113,AQS
2013-09-19,40,Unknown,West Los Angeles,06-037-0113,AQS
2013-09-20,27,Unknown,Lancaster-Division Street,06-037-9033,AQS
2013-09-21,22,Unknown,Azusa,06-037-0002,AQS
2013-09-22,34,Unknown,Long Beach (Hudson),06-037-4006,AQS
2013-09-23,49,Unknown,Azusa,06-037-0002,AQS
2013-09-24,65,Unknown,Long Beach (Hudson),06-037-4006,AQS
2013-09-25,39,Unknown,Pomona,06-037-1701,AQS
2013-09-26,33,Unknown,Pico Rivera #2,06-037-1602,AQS
2013-09-27,47,Unknown,LAX Hastings,06-037-5005,AQS
2013-09-28,47,Unknown,Burbank,06-037-1002,AQS
2013-09-29,48,Unknown,LAX Hastings,06-037-5005,AQS
2013-09-30,49,Unknown,Long Beach (Hudson),06-037-4006,AQS
2013-10-01,42,Unknown,Azusa,06-037-0002,AQS
2013-10-02,29,Unknown,Santa Clarita,06-037-6012,AQS
2013-10-03,33,Unknown,Long Beach (Hudson),06-037-4006,AQS
2013-10-04,49,Unknown,Pasadena,06-037-2005,AQS
2013-10-05,58,Unknown,Compton,06-037-1302,AQS
2013-10-06,55,Unknown,LAX Hastings,06-037-5005,AQS
2013-10-07,57,Unknown,Compton,06-037-1302,AQS
2013-10-08,37,Unknown,Azusa,06-037-0002,AQS
2013-10-09,28,Unknown,Pico Rivera #2,06-037-1602,AQS
2013-10-10,36,Unknown,Anaheim,06-059-0007,AQS
2013-10-11,42,Unknown,Long Beach (Hudson),06-037-4006,AQS
2013-10-12,39,Unknown,Azusa,06-037-0002,AQS
2013-10-13,28,Unknown,Long Beach (Hudson),06-037-4006,AQS
2013-10-14,51,Unknown,Pico Rivera #2,06-037-1602,AQS
2013-10-15,56,Unknown,Long Beach (Hudson),06-037-4006,AQS
2013-10-16,57,Unknown,Long Beach (Hudson),06-037-4006,AQS
2013-10-17,58,Unknown,Compton,06-037-1302,AQS
2013-10-18,67,Unknown,Compton,06-037-1302,AQS
2013-10-19,61,Unknown,Compton,06-037-1302,AQS
2013-10-20,40,Unknown,Pomona,06-037-1701,AQS
2013-10-21,53,Unknown,Pomona,06-037-1701,AQS
2013-10-22,62,Unknown,Pomona,06-037-1701,AQS
2013-10-23,31,Unknown,Santa Clarita,06-037-6012,AQS
2013-10-24,36,Unknown,Pico Rivera #2,06-037-1602,AQS
2013-10-25,67,Unknown,Pomona,06-037-1701,AQS
2013-10-26,60,Unknown,Pomona,06-037-1701,AQS
2013-10-27,42,Unknown,Pomona,06-037-1701,AQS
2013-10-28,25,Unknown,Long Beach (Hudson),06-037-4006,AQS
2013-10-29,29,Unknown,Los Angeles-North Main Street,06-037-1103,AQS
2013-10-30,39,Unknown,Pico Rivera #2,06-037-1602,AQS
2013-10-31,52,Unknown,Pomona,06-037-1701,AQS
2013-11-01,62,Unknown,Pico Rivera #2,06-037-1602,AQS
2013-11-02,47,Unknown,LAX Hastings,06-037-5005,AQS
2013-11-03,31,Unknown,Reseda,06-037-1201,AQS
2013-11-04,39,Unknown,Long Beach (Hudson),06-037-4006,AQS
2013-11-05,58,Unknown,Long Beach (Hudson),06-037-4006,AQS
2013-11-06,51,Unknown,Burbank,06-037-1002,AQS
2013-11-07,60,Unknown,LAX Hastings,06-037-5005,AQS
2013-11-08,53,Unknown,Burbank,06-037-1002,AQS
2013-11-09,55,Unknown,Reseda,06-037-1201,AQS
2013-11-10,46,Unknown,Burbank,06-037-1002,AQS
2013-11-11,70,Unknown,Pomona,06-037-1701,AQS
2013-11-12,83,Unknown,La Habra,06-059-5001,AQS
2013-11-13,73,Unknown,Costa Mesa,06-059-1003,AQS
2013-11-14,80,Unknown,Long Beach (Hudson),06-037-4006,AQS
2013-11-15,45,Unknown,Pomona,06-037-1701,AQS
2013-11-16,35,Unknown,Long Beach (Hudson),06-037-4006,AQS
2013-11-17,37,Unknown,LAX Hastings,06-037-5005,AQS
2013-11-18,39,Unknown,LAX Hastings,06-037-5005,AQS
2013-11-19,35,Unknown,Long Beach (Hudson),06-037-4006,AQS
2013-11-20,35,Unknown,Long Beach (Hudson),06-037-4006,AQS
2013-11-21,34,Unknown,Long Beach (Hudson),06-037-4006,AQS
2013-11-22,34,Unknown,Long Beach (Hudson),06-037-4006,AQS
2013-11-23,34,Unknown,Long Beach (Hudson),06-037-4006,AQS
2013-11-24,34,Unknown,Burbank,06-037-1002,AQS
2013-11-25,46,Unknown,Pomona,06-037-1701,AQS
2013-11-26,62,Unknown,Long Beach (Hudson),06-037-4006,AQS
2013-11-27,63,Unknown,Long Beach (Hudson),06-037-4006,AQS
2013-11-28,45,Unknown,Long Beach (Hudson),06-037-4006,AQS
2013-11-29,39,Unknown,Long Beach (Hudson),06-037-4006,AQS
2013-11-30,40,Unknown,Long Beach (Hudson),06-037-4006,AQS
2013-12-01,41,Unknown,Burbank,06-037-1002,AQS
2013-12-02,102,Unknown,Pico Rivera #2,06-037-1602,AQS
2013-12-03,47,Unknown,LAX Hastings,06-037-5005,AQS
2013-12-04,50,Unknown,LAX Hastings,06-037-5005,AQS
2013-12-05,48,Unknown,Long Beach (Hudson),06-037-4006,AQS
2013-12-06,45,Unknown,Long Beach (Hudson),06-037-4006,AQS
2013-12-07,41,Unknown,LAX Hastings,06-037-5005,AQS
2013-12-08,37,Unknown,Long Beach (Hudson),06-037-4006,AQS
2013-12-09,53,Unknown,Long Beach (Hudson),06-037-4006,AQS
2013-12-10,52,Unknown,Long Beach (Hudson),06-037-4006,AQS
2013-12-11,52,Unknown,Pico Rivera #2,06-037-1602,AQS
2013-12-12,53,Unknown,Burbank,06-037-1002,AQS
2013-12-13,49,Unknown,Pomona,06-037-1701,AQS
2013-12-14,60,Unknown,Long Beach (Hudson),06-037-4006,AQS
2013-12-15,46,Unknown,Compton,06-037-1302,AQS
2013-12-16,55,Unknown,Anaheim,06-059-0007,AQS
2013-12-17,70,Unknown,Burbank,06-037-1002,AQS
2013-12-18,51,Unknown,Azusa,06-037-0002,AQS
2013-12-19,41,Unknown,Long Beach (Hudson),06-037-4006,AQS
2013-12-20,42,Unknown,Compton,06-037-1302,AQS
2013-12-21,37,Unknown,Anaheim,06-059-0007,AQS
2013-12-22,49,Unknown,Pomona,06-037-1701,AQS
2013-12-23,58,Unknown,Long Beach (Hudson),06-037-4006,AQS
2013-12-24,63,Unknown,Long Beach (Hudson),06-037-4006,AQS
2013-12-25,44,Unknown,Pasadena,06-037-2005,AQS
2013-12-26,71,Unknown,Long Beach (Hudson),06-037-4006,AQS
2013-12-27,65,Unknown,Long Beach (Hudson),06-037-4006,AQS
2013-12-28,48,Unknown,Long Beach (Hudson),06-037-4006,AQS
2013-12-29,49,Unknown,Long Beach (Hudson),06-037-4006,AQS
2013-12-30,57,Unknown,Burbank,06-037-1002,AQS
2013-12-31,66,Unknown,Long Beach (Hudson),06-037-4006,AQS
2014-01-01,73,Unknown,Pasadena,06-037-2005,AQS
2014-01-02,66,Unknown,Anaheim Near-Road,06-059-0008,AQS
2014-01-03,67,Unknown,Burbank,06-037-1002,AQS
2014-01-04,57,Unknown,Burbank,06-037-1002,AQS
2014-01-05,57,Unknown,Long Beach (Hudson),06-037-4006,AQS
2014-01-06,61,Unknown,Long Beach (Hudson),06-037-4006,AQS
2014-01-07,56,Unknown,Los Angeles-North Main Street,06-037-1103,AQS
2014-01-08,55,Unknown,Burbank,06-037-1002,AQS
2014-01-09,47,Unknown,Azusa,06-037-0002,AQS
2014-01-10,64,Unknown,Azusa,06-037-0002,AQS
2014-01-11,70,Unknown,Long Beach (Hudson),06-037-4006,AQS
2014-01-12,53,Unknown,Pasadena,06-037-2005,AQS
2014-01-13,68,Unknown,Long Beach (Hudson),06-037-4006,AQS
2014-01-14,107,Unknown,Long Beach (Hudson),06-037-4006,AQS
2014-01-15,85,Unknown,Long Beach (Hudson),06-037-4006,AQS
2014-01-16,98,Unknown,Long Beach (Hudson),06-037-4006,AQS
2014-01-17,72,Unknown,Long Beach (Hudson),06-037-4006,AQS
2014-01-18,63,Unknown,Burbank,06-037-1002,AQS
2014-01-19,57,Unknown,Long Beach (Hudson),06-037-4006,AQS
2014-01-20,83,Unknown,Long Beach (Hudson),06-037-4006,AQS
2014-01-21,85,Unknown,Pico Rivera #2,06-037-1602,AQS
2014-01-22,56,Unknown,Burbank,06-037-1002,AQS
2014-01-23,68,Unknown,Los Angeles-North Main Street,06-037-1103,AQS
2014-01-24,80,Unknown,Long Beach (Hudson),06-037-4006,AQS
2014-01-25,61,Unknown,Los Angeles-North Main Street,06-037-1103,AQS
2014-01-26,42,Unknown,Burbank,06-037-1002,AQS
2014-01-27,41,Unknown,Burbank,06-037-1002,AQS
2014-01-28,60,Unknown,Los Angeles-North Main Street,06-037-1103,AQS
2014-01-29,74,Unknown,Los Angeles-North Main Street,06-037-1103,AQS
2014-01-30,42,Unknown,Anaheim Near-Road,06-059-0008,AQS
2014-01-31,40,Unknown,Anaheim Near-Road,06-059-0008,AQS
2014-02-01,41,Unknown,Long Beach (Hudson),06-037-4006,AQS
2014-02-02,39,Unknown,Long Beach (Hudson),06-037-4006,AQS
2014-02-03,41,Unknown,Anaheim Near-Road,06-059-0008,AQS
2014-02-04,40,Unknown,Long Beach (Hudson),06-037-4006,AQS
2014-02-05,45,Unknown,Long Beach (Hudson),06-037-4006,AQS
2014-02-06,42,Unknown,LAX Hastings,06-037-5005,AQS
2014-02-07,31,Unknown,Long Beach (Hudson),06-037-4006,AQS
2014-02-08,31,Unknown,Long Beach (Hudson),06-037-4006,AQS
2014-02-09,36,Unknown,Pico Rivera #2,06-037-1602,AQS
2014-02-10,37,Unknown,Los Angeles-North Main Street,06-037-1103,AQS
2014-02-11,57,Unknown,Pomona,06-037-1701,AQS
2014-02-12,71,Unknown,Long Beach (Hudson),06-037-4006,AQS
2014-02-13,61,Unknown,Pomona,06-037-1701,AQS
2014-02-14,87,Unknown,Pomona,06-037-1701,AQS
2014-02-15,68,Unknown,Azusa,06-037-0002,AQS
2014-02-16,51,Unknown,Azusa,06-037-0002,AQS
2014-02-17,47,Unknown,Los Angeles-North Main Street,06-037-1103,AQS
2014-02-18,42,Unknown,Azusa,06-037-0002,AQS
2014-02-19,42,Unknown,Pomona,06-037-1701,AQS
2014-02-20,60,Unknown,Anaheim Near-Road,06-059-0008,AQS
2014-02-21,63,Unknown,Los Angeles-North Main Street,06-037-1103,AQS
2014-02-22,50,Unknown,Los Angeles-North Main Street,06-037-1103,AQS
2014-02-23,47,Unknown,Reseda,06-037-1201,AQS
2014-02-24,46,Unknown,Pomona,06-037-1701,AQS
2014-02-25,39,Unknown,Long Beach (Hudson),06-037-4006,AQS
2014-02-26,29,Unknown,Anaheim Near-Road,06-059-0008,AQS
2014-02-27,25,Unknown,Burbank,06-037-1002,AQS
2014-02-28,30,Unknown,Pico Rivera #2,06-037-1602,AQS
2014-03-01,34,Unknown,Pico Rivera #2,06-037-1602,AQS
2014-03-02,36,Unknown,Pico Rivera #2,06-037-1602,AQS
2014-03-03,38,Unknown,Pico Rivera #2,06-037-1602,AQS
2014-03-04,34,Unknown,Santa Clarita,06-037-6012,AQS
2014-03-05,45,Unknown,Pomona,06-037-1701,AQS
2014-03-06,37,Unknown,Pomona,06-037-1701,AQS
2014-03-07,50,Unknown,Pomona,06-037-1701,AQS
2014-03-08,61,Unknown,LAX Hastings,06-037-5005,AQS
2014-03-09,42,Unknown,Compton,06-037-1302,AQS
2014-03-10,49,Unknown,LAX Hastings,06-037-5005,AQS
2014-03-11,50,Unknown,Pomona,06-037-1701,AQS
2014-03-12,42,Unknown,Pomona,06-037-1701,AQS
2014-03-13,38,Unknown,Long Beach (Hudson),06-037-4006,AQS
2014-03-14,42,Unknown,Long Beach (Hudson),06-037-4006,AQS
2014-03-15,45,Unknown,Pasadena,06-037-2005,AQS
2014-03-16,55,Unknown,Anaheim Near-Road,06-059-0008,AQS
2014-03-17,45,Unknown,LAX Hastings,06-037-5005,AQS
2014-03-18,33,Unknown,Long Beach (Hudson),06-037-4006,AQS
2014-03-19,42,Unknown,Burbank,06-037-1002,AQS
2014-03-20,44,Unknown,Pomona,06-037-1701,AQS
2014-03-21,35,Unknown,Pomona,06-037-1701,AQS
2014-03-22,32,Unknown,Anaheim Near-Road,06-059-0008,AQS
2014-03-23,32,Unknown,Long Beach (Hudson),06-037-4006,AQS
2014-03-24,39,Unknown,Anaheim Near-Road,06-059-0008,AQS
2014-03-25,40,Unknown,Anaheim Near-Road,06-059-0008,AQS
2014-03-26,38,Unknown,Anaheim Near-Road,06-059-0008,AQS
2014-03-27,42,Unknown,Anaheim Near-Road,06-059-0008,AQS
2014-03-28,37,Unknown,Anaheim Near-Road,06-059-0008,AQS
2014-03-29,39,Unknown,Long Beach (Hudson),06-037-4006,AQS
2014-03-30,30,Unknown,Anaheim Near-Road,06-059-0008,AQS
2014-03-31,31,Unknown,Long Beach (Hudson),06-037-4006,AQS
2014-04-01,44,Unknown,Anaheim Near-Road,06-059-0008,AQS
2014-04-02,40,Unknown,Anaheim Near-Road,06-059-0008,AQS
2014-04-03,38,Unknown,LAX Hastings,06-037-5005,AQS
2014-04-04,34,Unknown,Pomona,06-037-1701,AQS
2014-04-05,34,Unknown,LAX Hastings,06-037-5005,AQS
2014-04-06,50,Unknown,LAX Hastings,06-037-5005,AQS
2014-04-07,56,Unknown,Anaheim Near-Road,06-059-0008,AQS
2014-04-08,67,Unknown,Long Beach (Hudson),06-037-4006,AQS
2014-04-09,64,Unknown,Anaheim Near-Road,06-059-0008,AQS
2014-04-10,72,Unknown,Los Angeles-North Main Street,06-037-1103,AQS
2014-04-11,51,Unknown,Pomona,06-037-1701,AQS
2014-04-12,37,Unknown,Long Beach (Hudson),06-037-4006,AQS
2014-04-13,26,Unknown,Anaheim Near-Road,06-059-0008,AQS
2014-04-14,53,Unknown,Anaheim Near-Road,06-059-0008,AQS
2014-04-15,49,Unknown,Pomona,06-037-1701,AQS
2014-04-16,33,Unknown,Anaheim Near-Road,06-059-0008,AQS
2014-04-17,30,Unknown,Anaheim Near-Road,06-059-0008,AQS
2014-04-18,34,Unknown,Anaheim Near-Road,06-059-0008,AQS
2014-04-19,32,Unknown,Los Angeles-North Main Street,06-037-1103,AQS
2014-04-20,28,Unknown,Anaheim Near-Road,06-059-0008,AQS
2014-04-21,42,Unknown,Anaheim Near-Road,06-059-0008,AQS
2014-04-22,35,Unknown,Los Angeles-North Main Street,06-037-1103,AQS
2014-04-23,49,Unknown,Pomona,06-037-1701,AQS
2014-04-24,42,Unknown,Anaheim Near-Road,06-059-0008,AQS
2014-04-25,37,Unknown,Pomona,06-037-1701,AQS
2014-04-26,27,Unknown,Anaheim Near-Road,06-059-0008,AQS
2014-04-27,30,Unknown,Anaheim Near-Road,06-059-0008,AQS
2014-04-28,50,Unknown,Los Angeles-North Main Street,06-037-1103,AQS
2014-04-29,62,Unknown,Los Angeles-North Main Street,06-037-1103,AQS
2014-04-30,74,Unknown,Los Angeles-North Main Street,06-037-1103,AQS
2014-05-01,64,Unknown,Long Beach (Hudson),06-037-4006,AQS
2014-05-02,81,Unknown,Los Angeles-North Main Street,06-037-1103,AQS
2014-05-03,55,Unknown,LAX Hastings,06-037-5005,AQS
2014-05-04,44,Unknown,Pomona,06-037-1701,AQS
2014-05-05,24,Unknown,Reseda,06-037-1201,AQS
2014-05-06,29,Unknown,Anaheim Near-Road,06-059-0008,AQS
2014-05-07,34,Unknown,LAX Hastings,06-037-5005,AQS
2014-05-08,32,Unknown,Anaheim Near-Road,06-059-0008,AQS
2014-05-09,35,Unknown,Pomona,06-037-1701,AQS
2014-05-10,28,Unknown,Los Angeles-North Main Street,06-037-1103,AQS
2014-05-11,34,Unknown,Pomona,06-037-1701,AQS
2014-05-12,53,Unknown,LAX Hastings,06-037-5005,AQS
2014-05-13,58,Unknown,Long Beach (Hudson),06-037-4006,AQS
2014-05-14,63,Unknown,Long Beach (Hudson),06-037-4006,AQS
2014-05-15,64,Unknown,Long Beach (Hudson),06-037-4006,AQS
2014-05-16,77,Unknown,Anaheim Near-Road,06-059-0008,AQS
2014-05-17,42,Unknown,Los Angeles-North Main Street,06-037-1103,AQS
2014-05-18,22,Unknown,Anaheim Near-Road,06-059-0008,AQS
2014-05-19,27,Unknown,Anaheim Near-Road,06-059-0008,AQS
2014-05-20,29,Unknown,Anaheim Near-Road,06-059-0008,AQS
2014-05-21,27,Unknown,Anaheim Near-Road,06-059-0008,AQS
2014-05-22,31,Unknown,Anaheim Near-Road,06-059-0008,AQS
2014-05-23,31,Unknown,Anaheim Near-Road,06-059-0008,AQS
2014-05-24,30,Unknown,Anaheim Near-Road,06-059-0008,AQS
2014-05-25,22,Unknown,Anaheim Near-Road,06-059-0008,AQS
2014-05-26,26,Unknown,Anaheim Near-Road,06-059-0008,AQS
2014-05-27,36,Unknown,Anaheim Near-Road,06-059-0008,AQS
2014-05-28,30,Unknown,Anaheim Near-Road,06-059-0008,AQS
2014-05-29,34,Unknown,Anaheim Near-Road,06-059-0008,AQS
2014-05-30,45,Unknown,Los Angeles-North Main Street,06-037-1103,AQS
2014-05-31,35,Unknown,Los Angeles-North Main Street,06-037-1103,AQS
2014-06-01,32,Unknown,Pomona,06-037-1701,AQS
2014-06-02,34,Unknown,Azusa,06-037-0002,AQS
2014-06-03,39,Unknown,Anaheim Near-Road,06-059-0008,AQS
2014-06-04,44,Unknown,Pomona,06-037-1701,AQS
2014-06-05,31,Unknown,Anaheim Near-Road,06-059-0008,AQS
2014-06-06,29,Unknown,Azusa,06-037-0002,AQS
2014-06-07,23,Unknown,Anaheim Near-Road,06-059-0008,AQS
2014-06-08,25,Unknown,Anaheim Near-Road,06-059-0008,AQS
2014-06-09,34,Unknown,Anaheim Near-Road,06-059-0008,AQS
2014-06-10,30,Unknown,Anaheim Near-Road,06-059-0008,AQS
2014-06-11,31,Unknown,Anaheim Near-Road,06-059-0008,AQS
2014-06-12,34,Unknown,Anaheim Near-Road,06-059-0008,AQS
2014-06-13,32,Unknown,Anaheim Near-Road,06-059-0008,AQS
2014-06-14,25,Unknown,Anaheim Near-Road,06-059-0008,AQS
2014-06-15,18,Unknown,Azusa,06-037-0002,AQS
2014-06-16,28,Unknown,Anaheim Near-Road,06-059-0008,AQS
2014-06-17,27,Unknown,Pomona,06-037-1701,AQS
2014-06-18,28,Unknown,Anaheim Near-Road,06-059-0008,AQS
2014-06-19,37,Unknown,Lancaster-Division Street,06-037-9033,AQS
2014-06-20,47,Unknown,Los Angeles-North Main Street,06-037-1103,AQS
2014-06-21,29,Unknown,Burbank,06-037-1002,AQS
2014-06-22,21,Unknown,Anaheim Near-Road,06-059-0008,AQS
2014-06-23,29,Unknown,Anaheim Near-Road,06-059-0008,AQS
2014-06-24,29,Unknown,Anaheim Near-Road,06-059-0008,AQS
2014-06-25,28,Unknown,Anaheim Near-Road,06-059-0008,AQS
2014-06-26,30,Unknown,Anaheim Near-Road,06-059-0008,AQS
2014-06-27,23,Unknown,Anaheim Near-Road,06-059-0008,AQS
2014-06-28,20,Unknown,Los Angeles-North Main Street,06-037-1103,AQS
2014-06-29,17,Unknown,Santa Clarita,06-037-6012,AQS
2014-06-30,26,Unknown,Anaheim Near-Road,06-059-0008,AQS
2014-07-01,30,Unknown,Anaheim Near-Road,06-059-0008,AQS
2014-07-02,30,Unknown,Anaheim Near-Road,06-059-0008,AQS
2014-07-03,36,Unknown,Azusa,06-037-0002,AQS
2014-07-04,32,Unknown,Azusa,06-037-0002,AQS
2014-07-05,24,Unknown,Los Angeles-North Main Street,06-037-1103,AQS
2014-07-06,21,Unknown,Pomona,06-037-1701,AQS
2014-07-07,25,Unknown,Pomona,06-037-1701,AQS
2014-07-08,26,Unknown,Santa Clarita,06-037-6012,AQS
2014-07-09,30,Unknown,Anaheim Near-Road,06-059-0008,AQS
2014-07-10,29,Unknown,Anaheim Near-Road,06-059-0008,AQS
2014-07-11,24,Unknown,Anaheim Near-Road,06-059-0008,AQS
2014-07-12,25,Unknown,Anaheim Near-Road,06-059-0008,AQS
2014-07-13,25,Unknown,Pomona,06-037-1701,AQS
2014-07-14,25,Unknown,Anaheim Near-Road,06-059-0008,AQS
2014-07-15,24,Unknown,Anaheim Near-Road,06-059-0008,AQS
2014-07-16,25,Unknown,Anaheim Near-Road,06-059-0008,AQS
2014-07-17,24,Unknown,Anaheim Near-Road,06-059-0008,AQS
2014-07-18,23,Unknown,Anaheim Near-Road,06-059-0008,AQS
2014-07-19,20,Unknown,Santa Clarita,06-037-6012,AQS
2014-07-20,21,Unknown,Glendora,06-037-0016,AQS
2014-07-21,24,Unknown,Anaheim Near-Road,06-059-0008,AQS
2014-07-22,30,Unknown,Anaheim Near-Road,06-059-0008,AQS
2014-07-23,41,Unknown,Anaheim Near-Road,06-059-0008,AQS
2014-07-24,47,Unknown,Los Angeles-North Main Street,06-037-1103,AQS
2014-07-25,30,Unknown,Lancaster-Division Street,06-037-9033,AQS
2014-07-26,29,Unknown,Santa Clarita,06-037-6012,AQS
2014-07-27,27,Unknown,Compton,06-037-1302,AQS
2014-07-28,34,Unknown,Pomona,06-037-1701,AQS
2014-07-29,41,Unknown,Azusa,06-037-0002,AQS
2014-07-30,38,Unknown,Azusa,06-037-0002,AQS
2014-07-31,34,Unknown,Pico Rivera #2,06-037-1602,AQS
2014-08-01,35,Unknown,Santa Clarita,06-037-6012,AQS
2014-08-02,33,Unknown,Pico Rivera #2,06-037-1602,AQS
2014-08-03,34,Unknown,LAX Hastings,06-037-5005,AQS
2014-08-04,30,Unknown,Pomona,06-037-1701,AQS
2014-08-05,31,Unknown,Pomona,06-037-1701,AQS
2014-08-06,23,Unknown,Anaheim Near-Road,06-059-0008,AQS
2014-08-07,23,Unknown,Anaheim Near-Road,06-059-0008,AQS
2014-08-08,28,Unknown,Anaheim Near-Road,06-059-0008,AQS
2014-08-09,21,Unknown,Anaheim Near-Road,06-059-0008,AQS
2014-08-10,28,Unknown,Long Beach (Hudson),06-037-4006,AQS
2014-08-11,39,Unknown,Los Angeles-North Main Street,06-037-1103,AQS
2014-08-12,29,Unknown,Pomona,06-037-1701,AQS
2014-08-13,25,Unknown,Santa Clarita,06-037-6012,AQS
2014-08-14,30,Unknown,Azusa,06-037-0002,AQS
2014-08-15,41,Unknown,Los Angeles-North Main Street,06-037-1103,AQS
2014-08-16,36,Unknown,Pomona,06-037-1701,AQS
2014-08-17,28,Unknown,Los Angeles-North Main Street,06-037-1103,AQS
2014-08-18,38,Unknown,Los Angeles-North Main Street,06-037-1103,AQS
2014-08-19,22,Unknown,Anaheim Near-Road,06-059-0008,AQS
2014-08-20,25,Unknown,Anaheim Near-Road,06-059-0008,AQS
2014-08-21,28,Unknown,Lancaster-Division Street,06-037-9033,AQS
2014-08-22,31,Unknown,Anaheim Near-Road,06-059-0008,AQS
2014-08-23,22,Unknown,Pico Rivera #2,06-037-1602,AQS
2014-08-24,20,Unknown,Anaheim Near-Road,06-059-0008,AQS
2014-08-25,32,Unknown,Los Angeles-North Main Street,06-037-1103,AQS
2014-08-26,39,Unknown,Azusa,06-037-0002,AQS
2014-08-27,42,Unknown,Pomona,06-037-1701,AQS
2014-08-28,47,Unknown,Los Angeles-North Main Street,06-037-1103,AQS
2014-08-29,50,Unknown,Los Angeles-North Main Street,06-037-1103,AQS
2014-08-30,37,Unknown,Pomona,06-037-1701,AQS
2014-08-31,31,Unknown,Los Angeles-North Main Street,06-037-1103,AQS
2014-09-01,16,Unknown,Los Angeles-North Main Street,06-037-1103,AQS
2014-09-02,48,Unknown,Lancaster-Division Street,06-037-9033,AQS
2014-09-03,27,Unknown,Lancaster-Division Street,06-037-9033,AQS
2014-09-04,26,Unknown,Anaheim Near-Road,06-059-0008,AQS
2014-09-05,38,Unknown,Lancaster-Division Street,06-037-9033,AQS
2014-09-06,36,Unknown,Pomona,06-037-1701,AQS
2014-09-07,36,Unknown,Pomona,06-037-1701,AQS
2014-09-08,37,Unknown,Azusa,06-037-0002,AQS
2014-09-09,35,Unknown,Pomona,06-037-1701,AQS
2014-09-10,46,Unknown,Los Angeles-North Main Street,06-037-1103,AQS
2014-09-11,50,Unknown,Pomona,06-037-1701,AQS
2014-09-12,51,Unknown,Los Angeles-North Main Street,06-037-1103,AQS
2014-09-13,46,Unknown,Pomona,06-037-1701,AQS
2014-09-14,44,Unknown,LAX Hastings,06-037-5005,AQS
2014-09-15,65,Unknown,Los Angeles-North Main Street,06-037-1103,AQS
2014-09-16,57,Unknown,Pico Rivera #2,06-037-1602,AQS
2014-09-17,52,Unknown,Anaheim Near-Road,06-059-0008,AQS
2014-09-18,23,Unknown,Pico Rivera #2,06-037-1602,AQS
2014-09-19,27,Unknown,Anaheim Near-Road,06-059-0008,AQS
2014-09-20,24,Unknown,Los Angeles-North Main Street,06-037-1103,AQS
2014-09-21,24,Unknown,Anaheim Near-Road,06-059-0008,AQS
2014-09-22,36,Unknown,Los Angeles-North Main Street,06-037-1103,AQS
2014-09-23,46,Unknown,Pomona,06-037-1701,AQS
2014-09-24,52,Unknown,Pomona,06-037-1701,AQS
2014-09-25,60,Unknown,Los Angeles-North Main Street,06-037-1103,AQS
2014-09-26,25,Unknown,Los Angeles-North Main Street,06-037-1103,AQS
2014-09-27,24,Unknown,Los Angeles-North Main Street,06-037-1103,AQS
2014-09-28,25,Unknown,Pomona,06-037-1701,AQS
2014-09-29,34,Unknown,Los Angeles-North Main Street,06-037-1103,AQS
2014-09-30,46,Unknown,Anaheim Near-Road,06-059-0008,AQS
2014-10-01,43,Unknown,Pomona,06-037-1701,AQS
2014-10-02,57,Unknown,Anaheim Near-Road,06-059-0008,AQS
2014-10-03,65,Unknown,Los Angeles-North Main Street,06-037-1103,AQS
2014-10-04,72,Unknown,Long Beach (Hudson),06-037-4006,AQS
2014-10-05,45,Unknown,Los Angeles-North Main Street,06-037-1103,AQS
2014-10-06,58,Unknown,Pomona,06-037-1701,AQS
2014-10-07,58,Unknown,Anaheim Near-Road,06-059-0008,AQS
2014-10-08,48,Unknown,Los Angeles-North Main Street,06-037-1103,AQS
2014-10-09,29,Unknown,Anaheim Near-Road,06-059-0008,AQS
2014-10-10,34,Unknown,Anaheim Near-Road,06-059-0008,AQS
2014-10-11,35,Unknown,Pomona,06-037-1701,AQS
2014-10-12,29,Unknown,Pomona,06-037-1701,AQS
2014-10-13,47,Unknown,Pomona,06-037-1701,AQS
2014-10-14,33,Unknown,Anaheim Near-Road,06-059-0008,AQS
2014-10-15,29,Unknown,Anaheim Near-Road,06-059-0008,AQS
2014-10-16,31,Unknown,Anaheim Near-Road,06-059-0008,AQS
2014-10-17,33,Unknown,West Los Angeles,06-037-0113,AQS
2014-10-18,36,Unknown,Pomona,06-037-1701,AQS
2014-10-19,31,Unknown,Anaheim Near-Road,06-059-0008,AQS
2014-10-20,31,Unknown,Anaheim Near-Road,06-059-0008,AQS
2014-10-21,42,Unknown,Pomona,06-037-1701,AQS
2014-10-22,54,Unknown,Azusa,06-037-0002,AQS
2014-10-23,70,Unknown,Pico Rivera #2,06-037-1602,AQS
2014-10-24,77,Unknown,LAX Hastings,06-037-5005,AQS
2014-10-25,49,Unknown,Azusa,06-037-0002,AQS
2014-10-26,37,Unknown,Los Angeles-North Main Street,06-037-1103,AQS
2014-10-27,41,Unknown,Pico Rivera #2,06-037-1602,AQS
2014-10-28,48,Unknown,Anaheim Near-Road,06-059-0008,AQS
2014-10-29,62,Unknown,Anaheim Near-Road,06-059-0008,AQS
2014-10-30,53,Unknown,Pomona,06-037-1701,AQS
2014-10-31,33,Unknown,LAX Hastings,06-037-5005,AQS
2014-11-01,31,Unknown,Anaheim Near-Road,06-059-0008,AQS
2014-11-02,95,Unknown,Long Beach (Hudson),06-037-4006,AQS
2014-11-03,46,Unknown,Pomona,06-037-1701,AQS
2014-11-04,64,Unknown,LAX Hastings,06-037-5005,AQS
2014-11-05,86,Unknown,LAX Hastings,06-037-5005,AQS
2014-11-06,55,Unknown,Los Angeles-North Main Street,06-037-1103,AQS
2014-11-07,58,Unknown,Anaheim Near-Road,06-059-0008,AQS
2014-11-08,82,Unknown,Long Beach (Hudson),06-037-4006,AQS
2014-11-09,45,Unknown,Los Angeles-North Main Street,06-037-1103,AQS
2014-11-10,33,Unknown,Anaheim Near-Road,06-059-0008,AQS
2014-11-11,32,Unknown,Los Angeles-North Main Street,06-037-1103,AQS
2014-11-12,37,Unknown,Long Beach (Hudson),06-037-4006,AQS
2014-11-13,40,Unknown,Azusa,06-037-0002,AQS
2014-11-14,34,Unknown,Los Angeles-North Main Street,06-037-1103,AQS
2014-11-15,30,Unknown,Long Beach (Hudson),06-037-4006,AQS
2014-11-16,43,Unknown,LAX Hastings,06-037-5005,AQS
2014-11-17,49,Unknown,Los Angeles-North Main Street,06-037-1103,AQS
2014-11-18,47,Unknown,Los Angeles-North Main Street,06-037-1103,AQS
2014-11-19,45,Unknown,Pico Rivera #2,06-037-1602,AQS
2014-11-20,46,Unknown,Pico Rivera #2,06-037-1602,AQS
2014-11-21,39,Unknown,Los Angeles-North Main Street,06-037-1103,AQS
2014-11-22,39,Unknown,LAX Hastings,06-037-5005,AQS
2014-11-23,46,Unknown,Long Beach (Hudson),06-037-4006,AQS
2014-11-24,67,Unknown,Long Beach (Hudson),06-037-4006,AQS
2014-11-25,54,Unknown,Long Beach (Hudson),06-037-4006,AQS
2014-11-26,87,Unknown,Long Beach (Hudson),06-037-4006,AQS
2014-11-27,47,Unknown,Pico Rivera #2,06-037-1602,AQS
2014-11-28,48,Unknown,Los Angeles-North Main Street,06-037-1103,AQS
2014-11-29,42,Unknown,LAX Hastings,06-037-5005,AQS
2014-11-30,25,Unknown,Long Beach (Hudson),06-037-4006,AQS
2014-12-01,39,Unknown,Long Beach (Hudson),06-037-4006,AQS
2014-12-02,103,Unknown,Long Beach (Hudson),06-037-4006,AQS
2014-12-03,26,Unknown,Anaheim Near-Road,06-059-0008,AQS
2014-12-04,32,Unknown,Anaheim Near-Road,06-059-0008,AQS
2014-12-05,44,Unknown,Long Beach (Hudson),06-037-4006,AQS
2014-12-06,35,Unknown,Glendora,06-037-0016,AQS
2014-12-07,38,Unknown,Anaheim Near-Road,06-059-0008,AQS
2014-12-08,57,Unknown,Pico Rivera #2,06-037-1602,AQS
2014-12-09,48,Unknown,Pomona,06-037-1701,AQS
2014-12-10,50,Unknown,Los Angeles-North Main Street,06-037-1103,AQS
2014-12-11,34,Unknown,Azusa,06-037-0002,AQS
2014-12-12,35,Unknown,Anaheim Near-Road,06-059-0008,AQS
2014-12-13,34,Unknown,Anaheim Near-Road,06-059-0008,AQS
2014-12-14,34,Unknown,Pomona,06-037-1701,AQS
2014-12-15,42,Unknown,Los Angeles-North Main Street,06-037-1103,AQS
2014-12-16,39,Unknown,LAX Hastings,06-037-5005,AQS
2014-12-17,39,Unknown,Long Beach (Hudson),06-037-4006,AQS
2014-12-18,38,Unknown,Compton,06-037-1302,AQS
2014-12-19,47,Unknown,Pomona,06-037-1701,AQS
2014-12-20,37,Unknown,Los Angeles-North Main Street,06-037-1103,AQS
2014-12-21,39,Unknown,LAX Hastings,06-037-5005,AQS
2014-12-22,56,Unknown,Pico Rivera #2,06-037-1602,AQS
2014-12-23,66,Unknown,Long Beach (Hudson),06-037-4006,AQS
2014-12-24,43,Unknown,Pomona,06-037-1701,AQS
2014-12-25,30,Unknown,Pomona,06-037-1701,AQS
2014-12-26,41,Unknown,Los Angeles-North Main Street,06-037-1103,AQS
2014-12-27,37,Unknown,Los Angeles-North Main Street,06-037-1103,AQS
2014-12-28,40,Unknown,LAX Hastings,06-037-5005,AQS
2014-12-29,42,Unknown,Long Beach (Hudson),06-037-4006,AQS
2014-12-30,43,Unknown,LAX Hastings,06-037-5005,AQS
2014-12-31,42,Unknown,Los Angeles-North Main Street,06-037-1103,AQS
2015-01-01,38,Unknown,LAX Hastings,06-037-5005,AQS
2015-01-02,42,Unknown,Anaheim Near-Road,06-059-0008,AQS
2015-01-03,42,Unknown,LAX Hastings,06-037-5005,AQS
2015-01-04,45,Unknown,Los Angeles-North Main Street,06-037-1103,AQS
2015-01-05,56,Unknown,Anaheim Near-Road,06-059-0008,AQS
2015-01-06,52,Unknown,Long Beach (Hudson),06-037-4006,AQS
2015-01-07,60,Unknown,Anaheim Near-Road,06-059-0008,AQS
2015-01-08,56,Unknown,LAX Hastings,06-037-5005,AQS
2015-01-09,62,Unknown,Santa Clarita,06-037-6012,AQS
2015-01-10,42,Unknown,Pico Rivera #2,06-037-1602,AQS
2015-01-11,29,Unknown,Costa Mesa,06-059-1003,AQS
2015-01-12,35,Unknown,Azusa,06-037-0002,AQS
2015-01-13,41,Unknown,Pomona,06-037-1701,AQS
2015-01-14,49,Unknown,Long Beach (Hudson),06-037-4006,AQS
2015-01-15,44,Unknown,Pico Rivera #2,06-037-1602,AQS
2015-01-16,46,Unknown,Long Beach (Hudson),06-037-4006,AQS
2015-01-17,63,Unknown,Pico Rivera #2,06-037-1602,AQS
2015-01-18,53,Unknown,Anaheim Near-Road,06-059-0008,AQS
2015-01-19,69,Unknown,Compton,06-037-1302,AQS
2015-01-20,56,Unknown,Azusa,06-037-0002,AQS
2015-01-21,53,Unknown,Pico Rivera #2,06-037-1602,AQS
2015-01-22,52,Unknown,LAX Hastings,06-037-5005,AQS
2015-01-23,48,Unknown,Compton,06-037-1302,AQS
2015-01-24,54,Unknown,Compton,06-037-1302,AQS
2015-01-25,86,Unknown,LAX Hastings,06-037-5005,AQS
2015-01-26,45,Unknown,Long Beach (Hudson),06-037-4006,AQS
2015-01-27,36,Unknown,Anaheim Near-Road,06-059-0008,AQS
2015-01-28,42,Unknown,Anaheim Near-Road,06-059-0008,AQS
2015-01-29,45,Unknown,Los Angeles-North Main Street,06-037-1103,AQS
2015-01-30,36,Unknown,Compton,06-037-1302,AQS
2015-01-31,33,Unknown,Los Angeles-North Main Street,06-037-1103,AQS
2015-02-01,41,Unknown,Pasadena,06-037-2005,AQS
2015-02-02,61,Unknown,Long Beach (Hudson),06-037-4006,AQS
2015-02-03,72,Unknown,Los Angeles-North Main Street,06-037-1103,AQS
2015-02-04,69,Unknown,Azusa,06-037-0002,AQS
2015-02-05,72,Unknown,Long Beach (Hudson),06-037-4006,AQS
2015-02-06,57,Unknown,Pomona,06-037-1701,AQS
2015-02-07,45,Unknown,Los Angeles-North Main Street,06-037-1103,AQS
2015-02-08,38,Unknown,Anaheim Near-Road,06-059-0008,AQS
2015-02-09,36,Unknown,Los Angeles-North Main Street,06-037-1103,AQS
2015-02-10,51,Unknown,Pico Rivera #2,06-037-1602,AQS
2015-02-11,55,Unknown,Los Angeles-North Main Street,06-037-1103,AQS
2015-02-12,52,Unknown,Anaheim Near-Road,06-059-0008,AQS
2015-02-13,54,Unknown,Los Angeles-North Main Street,06-037-1103,AQS
2015-02-14,51,Unknown,Los Angeles-North Main Street,06-037-1103,AQS
2015-02-15,46,Unknown,LAX Hastings,06-037-5005,AQS
2015-02-16,43,Unknown,Los Angeles-North Main Street,06-037-1103,AQS
2015-02-17,41,Unknown,Anaheim Near-Road,06-059-0008,AQS
2015-02-18,47,Unknown,Anaheim Near-Road,06-059-0008,AQS
2015-02-19,42,Unknown,Reseda,06-037-1201,AQS
2015-02-20,41,Unknown,Los Angeles-North Main Street,06-037-1103,AQS
2015-02-21,36,Unknown,Los Angeles-North Main Street,06-037-1103,AQS
2015-02-22,27,Unknown,Long Beach (Hudson),06-037-4006,AQS
2015-02-23,42,Unknown,Long Beach (Hudson),06-037-4006,AQS
2015-02-24,40,Unknown,Los Angeles-North Main Street,06-037-1103,AQS
2015-02-25,43,Unknown,Los Angeles-North Main Street,06-037-1103,AQS
2015-02-26,43,Unknown,Los Angeles-North Main Street,06-037-1103,AQS
2015-02-27,36,Unknown,Reseda,06-037-1201,AQS
2015-02-28,25,Unknown,Los Angeles-North Main Street,06-037-1103,AQS
2015-03-01,19,Unknown,Compton,06-037-1302,AQS
2015-03-02,33,Unknown,Los Angeles-North Main Street,06-037-1103,AQS
2015-03-03,35,Unknown,Long Beach (Hudson),06-037-4006,AQS
2015-03-04,44,Unknown,Los Angeles-North Main Street,06-037-1103,AQS
2015-03-05,54,Unknown,Los Angeles-North Main Street,06-037-1103,AQS
2015-03-06,54,Unknown,Long Beach (Hudson),06-037-4006,AQS
2015-03-07,51,Unknown,Long Beach (Hudson),06-037-4006,AQS
2015-03-08,42,Unknown,LAX Hastings,06-037-5005,AQS
2015-03-09,43,Unknown,Pico Rivera #2,06-037-1602,AQS
2015-03-10,65,Unknown,Pomona,06-037-1701,AQS
2015-03-11,65,Unknown,Pico Rivera #2,06-037-1602,AQS
2015-03-12,60,Unknown,Long Beach (Hudson),06-037-4006,AQS
2015-03-13,61,Unknown,Long Beach (Hudson),06-037-4006,AQS
2015-03-14,50,Unknown,LAX Hastings,06-037-5005,AQS
2015-03-15,51,Unknown,Compton,06-037-1302,AQS
2015-03-16,60,Unknown,Los Angeles-North Main Street,06-037-1103,AQS
2015-03-17,51,Unknown,Los Angeles-North Main Street,06-037-1103,AQS
2015-03-18,27,Unknown,Los Angeles-North Main Street,06-037-1103,AQS
2015-03-19,39,Unknown,Pomona,06-037-1701,AQS
2015-03-20,38,Unknown,Anaheim Near-Road,06-059-0008,AQS
2015-03-21,32,Unknown,Pomona,06-037-1701,AQS
2015-03-22,22,Unknown,Long Beach (Hudson),06-037-4006,AQS
2015-03-23,30,Unknown,Los Angeles-North Main Street,06-037-1103,AQS
2015-03-24,39,Unknown,Pomona,06-037-1701,AQS
2015-03-25,49,Unknown,Los Angeles-North Main Street,06-037-1103,AQS
2015-03-26,62,Unknown,LAX Hastings,06-037-5005,AQS
2015-03-27,51,Unknown,Pomona,06-037-1701,AQS
2015-03-28,46,Unknown,Los Angeles-North Main Street,06-037-1103,AQS
2015-03-29,37,Unknown,Pomona,06-037-1701,AQS
2015-03-30,36,Unknown,Azusa,06-037-0002,AQS
2015-03-31,38,Unknown,Pomona,06-037-1701,AQS
2015-04-01,32,Unknown,Los Angeles-North Main Street,06-037-1103,AQS
2015-04-02,49,Unknown,Long Beach-Route 710 Near Road,06-037-4008,AQS
2015-04-03,64,Unknown,Long Beach-Route 710 Near Road,06-037-4008,AQS
2015-04-04,56,Unknown,Long Beach-Route 710 Near Road,06-037-4008,AQS
2015-04-05,30,Unknown,Los Angeles-North Main Street,06-037-1103,AQS
2015-04-06,38,Unknown,Long Beach-Route 710 Near Road,06-037-4008,AQS
2015-04-07,42,Unknown,Long Beach-Route 710 Near Road,06-037-4008,AQS
2015-04-08,46,Unknown,Long Beach-Route 710 Near Road,06-037-4008,AQS
2015-04-09,47,Unknown,Long Beach-Route 710 Near Road,06-037-4008,AQS
2015-04-10,39,Unknown,Long Beach (Hudson),06-037-4006,AQS
2015-04-11,39,Unknown,Long Beach-Route 710 Near Road,06-037-4008,AQS
2015-04-12,26,Unknown,Pomona,06-037-1701,AQS
2015-04-13,41,Unknown,Long Beach-Route 710 Near Road,06-037-4008,AQS
2015-04-14,43,Unknown,Long Beach-Route 710 Near Road,06-037-4008,AQS
2015-04-15,61,Unknown,Long Beach-Route 710 Near Road,06-037-4008,AQS
2015-04-16,57,Unknown,Long Beach-Route 710 Near Road,06-037-4008,AQS
2015-04-17,74,Unknown,Long Beach-Route 710 Near Road,06-037-4008,AQS
2015-04-18,42,Unknown,Long Beach-Route 710 Near Road,06-037-4008,AQS
2015-04-19,33,Unknown,Pomona,06-037-1701,AQS
2015-04-20,36,Unknown,Long Beach-Route 710 Near Road,06-037-4008,AQS
2015-04-21,31,Unknown,Anaheim Near-Road,06-059-0008,AQS
2015-04-22,29,Unknown,West Los Angeles,06-037-0113,AQS
2015-04-23,45,Unknown,Long Beach-Route 710 Near Road,06-037-4008,AQS
2015-04-24,42,Unknown,Long Beach-Route 710 Near Road,06-037-4008,AQS
2015-04-25,25,Unknown,Los Angeles-North Main Street,06-037-1103,AQS
2015-04-26,28,Unknown,Pomona,06-037-1701,AQS
2015-04-27,52,Unknown,Long Beach-Route 710 Near Road,06-037-4008,AQS
2015-04-28,66,Unknown,Long Beach (Hudson),06-037-4006,AQS
2015-04-29,68,Unknown,Long Beach-Route 710 Near Road,06-037-4008,AQS
2015-04-30,70,Unknown,Long Beach-Route 710 Near Road,06-037-4008,AQS
2015-05-01,53,Unknown,Los Angeles-North Main Street,06-037-1103,AQS
2015-05-02,49,Unknown,Los Angeles-North Main Street,06-037-1103,AQS
2015-05-03,21,Unknown,Long Beach-Route 710 Near Road,06-037-4008,AQS
2015-05-04,40,Unknown,Long Beach-Route 710 Near Road,06-037-4008,AQS
2015-05-05,39,Unknown,Long Beach-Route 710 Near Road,06-037-4008,AQS
2015-05-06,37,Unknown,Long Beach-Route 710 Near Road,06-037-4008,AQS
2015-05-07,39,Unknown,Long Beach-Route 710 Near Road,06-037-4008,AQS
2015-05-08,33,Unknown,Long Beach-Route 710 Near Road,06-037-4008,AQS
2015-05-09,27,Unknown,Long Beach-Route 710 Near Road,06-037-4008,AQS
2015-05-10,31,Unknown,Anaheim Near-Road,06-059-0008,AQS
2015-05-11,42,Unknown,Los Angeles-North Main Street,06-037-1103,AQS
2015-05-12,40,Unknown,Long Beach-Route 710 Near Road,06-037-4008,AQS
2015-05-13,37,Unknown,Long Beach-Route 710 Near Road,06-037-4008,AQS
2015-05-14,41,Unknown,Long Beach-Route 710 Near Road,06-037-4008,AQS
2015-05-15,52,Unknown,Long Beach-Route 710 Near Road,06-037-4008,AQS
2015-05-16,25,Unknown,Compton,06-037-1302,AQS
2015-05-17,22,Unknown,Anaheim Near-Road,06-059-0008,AQS
2015-05-18,35,Unknown,Long Beach-Route 710 Near Road,06-037-4008,AQS
2015-05-19,31,Unknown,Long Beach (Hudson),06-037-4006,AQS
2015-05-20,33,Unknown,Los Angeles-North Main Street,06-037-1103,AQS
2015-05-21,41,Unknown,Long Beach-Route 710 Near Road,06-037-4008,AQS
2015-05-22,36,Unknown,Long Beach-Route 710 Near Road,06-037-4008,AQS
2015-05-23,25,Unknown,Long Beach (Hudson),06-037-4006,AQS
2015-05-24,24,Unknown,Compton,06-037-1302,AQS
2015-05-25,23,Unknown,Anaheim Near-Road,06-059-0008,AQS
2015-05-26,44,Unknown,Long Beach-Route 710 Near Road,06-037-4008,AQS
2015-05-27,101,Unknown,Long Beach (Hudson),06-037-4006,AQS
2015-05-28,35,Unknown,Long Beach-Route 710 Near Road,06-037-4008,AQS
2015-05-29,41,Unknown,Long Beach-Route 710 Near Road,06-037-4008,AQS
2015-05-30,26,Unknown,Azusa,06-037-0002,AQS
2015-05-31,21,Unknown,Anaheim Near-Road,06-059-0008,AQS
2015-06-01,42,Unknown,Long Beach-Route 710 Near Road,06-037-4008,AQS
2015-06-02,31,Unknown,Pomona,06-037-1701,AQS
2015-06-03,24,Unknown,Long Beach-Route 710 Near Road,06-037-4008,AQS
2015-06-04,36,Unknown,Long Beach-Route 710 Near Road,06-037-4008,AQS
2015-06-05,29,Unknown,Long Beach-Route 710 Near Road,06-037-4008,AQS
2015-06-06,29,Unknown,Long Beach-Route 710 Near Road,06-037-4008,AQS
2015-06-07,24,Unknown,Anaheim Near-Road,06-059-0008,AQS
2015-06-08,48,Unknown,Long Beach-Route 710 Near Road,06-037-4008,AQS
2015-06-09,49,Unknown,Long Beach-Route 710 Near Road,06-037-4008,AQS
2015-06-10,31,Unknown,Long Beach-Route 710 Near Road,06-037-4008,AQS
2015-06-11,28,Unknown,Long Beach-Route 710 Near Road,06-037-4008,AQS
2015-06-12,28,Unknown,Long Beach-Route 710 Near Road,06-037-4008,AQS
2015-06-13,19,Unknown,Anaheim Near-Road,06-059-0008,AQS
2015-06-14,19,Unknown,Anaheim Near-Road,06-059-0008,AQS
2015-06-15,38,Unknown,Long Beach-Route 710 Near Road,06-037-4008,AQS
2015-06-16,40,Unknown,Los Angeles-North Main Street,06-037-1103,AQS
2015-06-17,47,Unknown,Los Angeles-North Main Street,06-037-1103,AQS
2015-06-18,49,Unknown,Long Beach-Route 710 Near Road,06-037-4008,AQS
2015-06-19,53,Unknown,Los Angeles-North Main Street,06-037-1103,AQS
2015-06-20,44,Unknown,Pomona,06-037-1701,AQS
2015-06-21,23,Unknown,Pico Rivera #2,06-037-1602,AQS
2015-06-22,37,Unknown,Long Beach-Route 710 Near Road,06-037-4008,AQS
2015-06-23,36,Unknown,Los Angeles-North Main Street,06-037-1103,AQS
2015-06-24,39,Unknown,Pomona,06-037-1701,AQS
2015-06-25,36,Unknown,Los Angeles-North Main Street,06-037-1103,AQS
2015-06-26,36,Unknown,Long Beach-Route 710 Near Road,06-037-4008,AQS
2015-06-27,28,Unknown,Pasadena,06-037-2005,AQS
2015-06-28,25,Unknown,Los Angeles-North Main Street,06-037-1103,AQS
2015-06-29,37,Unknown,Los Angeles-North Main Street,06-037-1103,AQS
2015-06-30,47,Unknown,Long Beach-Route 710 Near Road,06-037-4008,AQS
2015-07-01,45,Unknown,Long Beach-Route 710 Near Road,06-037-4008,AQS
2015-07-02,34,Unknown,Long Beach-Route 710 Near Road,06-037-4008,AQS
2015-07-03,24,Unknown,Los Angeles-North Main Street,06-037-1103,AQS
2015-07-04,19,Unknown,Los Angeles-North Main Street,06-037-1103,AQS
2015-07-05,15,Unknown,Pico Rivera #2,06-037-1602,AQS
2015-07-06,34,Unknown,Long Beach-Route 710 Near Road,06-037-4008,AQS
2015-07-07,26,Unknown,Los Angeles-North Main Street,06-037-1103,AQS
2015-07-08,25,Unknown,Long Beach-Route 710 Near Road,06-037-4008,AQS
2015-07-09,28,Unknown,Long Beach-Route 710 Near Road,06-037-4008,AQS
2015-07-10,30,Unknown,Long Beach-Route 710 Near Road,06-037-4008,AQS
2015-07-11,23,Unknown,Long Beach-Route 710 Near Road,06-037-4008,AQS
2015-07-12,23,Unknown,Anaheim Near-Road,06-059-0008,AQS
2015-07-13,30,Unknown,Long Beach-Route 710 Near Road,06-037-4008,AQS
2015-07-14,33,Unknown,Long Beach-Route 710 Near Road,06-037-4008,AQS
2015-07-15,27,Unknown,Long Beach-Route 710 Near Road,06-037-4008,AQS
2015-07-16,27,Unknown,Anaheim Near-Road,06-059-0008,AQS
2015-07-17,37,Unknown,Los Angeles-North Main Street,06-037-1103,AQS
2015-07-18,31,Unknown,Long Beach (Hudson),06-037-4006,AQS
2015-07-19,24,Unknown,Long Beach (Hudson),06-037-4006,AQS
2015-07-20,27,Unknown,Pomona,06-037-1701,AQS
2015-07-21,26,Unknown,Long Beach-Route 710 Near Road,06-037-4008,AQS
2015-07-22,29,Unknown,Long Beach-Route 710 Near Road,06-037-4008,AQS
2015-07-23,25,Unknown,Long Beach-Route 710 Near Road,06-037-4008,AQS
2015-07-24,34,Unknown,Long Beach-Route 710 Near Road,06-037-4008,AQS
2015-07-25,26,Unknown,Los Angeles-North Main Street,06-037-1103,AQS
2015-07-26,26,Unknown,Pomona,06-037-1701,AQS
2015-07-27,25,Unknown,Long Beach-Route 710 Near Road,06-037-4008,AQS
2015-07-28,31,Unknown,Los Angeles-North Main Street,06-037-1103,AQS
2015-07-29,41,Unknown,Long Beach-Route 710 Near Road,06-037-4008,AQS
2015-07-30,35,Unknown,Long Beach-Route 710 Near Road,06-037-4008,AQS
2015-07-31,29,Unknown,Long Beach-Route 710 Near Road,06-037-4008,AQS
2015-08-01,22,Unknown,Azusa,06-037-0002,AQS
2015-08-02,20,Unknown,Anaheim Near-Road,06-059-0008,AQS
2015-08-03,33,Unknown,Long Beach-Route 710 Near Road,06-037-4008,AQS
2015-08-04,40,Unknown,Los Angeles-North Main Street,06-037-1103,AQS
2015-08-05,45,Unknown,Long Beach-Route 710 Near Road,06-037-4008,AQS
2015-08-06,36,Unknown,Long Beach-Route 710 Near Road,06-037-4008,AQS
2015-08-07,24,Unknown,Azusa,06-037-0002,AQS
2015-08-08,27,Unknown,Pomona,06-037-1701,AQS
2015-08-09,23,Unknown,Anaheim Near-Road,06-059-0008,AQS
2015-08-10,38,Unknown,Long Beach-Route 710 Near Road,06-037-4008,AQS
2015-08-11,38,Unknown,Long Beach-Route 710 Near Road,06-037-4008,AQS
2015-08-12,48,Unknown,Long Beach-Route 710 Near Road,06-037-4008,AQS
2015-08-13,52,Unknown,Los Angeles-North Main Street,06-037-1103,AQS
2015-08-14,46,Unknown,Long Beach-Route 710 Near Road,06-037-4008,AQS
2015-08-15,43,Unknown,Los Angeles-North Main Street,06-037-1103,AQS
2015-08-16,39,Unknown,Los Angeles-North Main Street,06-037-1103,AQS
2015-08-17,30,Unknown,Pomona,06-037-1701,AQS
2015-08-18,31,Unknown,Los Angeles-North Main Street,06-037-1103,AQS
2015-08-19,37,Unknown,Long Beach-Route 710 Near Road,06-037-4008,AQS
2015-08-20,28,Unknown,Long Beach-Route 710 Near Road,06-037-4008,AQS
2015-08-21,24,Unknown,Long Beach-Route 710 Near Road,06-037-4008,AQS
2015-08-22,25,Unknown,Anaheim Near-Road,06-059-0008,AQS
2015-08-23,21,Unknown,Los Angeles-North Main Street,06-037-1103,AQS
2015-08-24,37,Unknown,Anaheim Near-Road,06-059-0008,AQS
2015-08-25,46,Unknown,Long Beach-Route 710 Near Road,06-037-4008,AQS
2015-08-26,44,Unknown,Pomona,06-037-1701,AQS
2015-08-27,61,Unknown,Los Angeles-North Main Street,06-037-1103,AQS
2015-08-28,54,Unknown,Long Beach-Route 710 Near Road,06-037-4008,AQS
2015-08-29,38,Unknown,Los Angeles-North Main Street,06-037-1103,AQS
2015-08-30,18,Unknown,Anaheim Near-Road,06-059-0008,AQS
2015-08-31,33,Unknown,Long Beach-Route 710 Near Road,06-037-4008,AQS
2015-09-01,27,Unknown,Long Beach-Route 710 Near Road,06-037-4008,AQS
2015-09-02,28,Unknown,Long Beach-Route 710 Near Road,06-037-4008,AQS
2015-09-03,28,Unknown,Long Beach-Route 710 Near Road,06-037-4008,AQS
2015-09-04,28,Unknown,Anaheim Near-Road,06-059-0008,AQS
2015-09-05,25,Unknown,Anaheim Near-Road,06-059-0008,AQS
2015-09-06,36,Unknown,Pomona,06-037-1701,AQS
2015-09-07,42,Unknown,Los Angeles-North Main Street,06-037-1103,AQS
2015-09-08,52,Unknown,Long Beach-Route 710 Near Road,06-037-4008,AQS
2015-09-09,61,Unknown,Long Beach-Route 710 Near Road,06-037-4008,AQS
2015-09-10,41,Unknown,Anaheim Near-Road,06-059-0008,AQS
2015-09-11,60,Unknown,Long Beach-Route 710 Near Road,06-037-4008,AQS
2015-09-12,40,Unknown,Los Angeles-North Main Street,06-037-1103,AQS
2015-09-13,26,Unknown,Pomona,06-037-1701,AQS
2015-09-14,31,Unknown,Pomona,06-037-1701,AQS
2015-09-15,20,Unknown,Long Beach-Route 710 Near Road,06-037-4008,AQS
2015-09-16,33,Unknown,Long Beach-Route 710 Near Road,06-037-4008,AQS
2015-09-17,36,Unknown,Anaheim Near-Road,06-059-0008,AQS
2015-09-18,42,Unknown,Long Beach (Hudson),06-037-4006,AQS
2015-09-19,51,Unknown,Los Angeles-North Main Street,06-037-1103,AQS
2015-09-20,37,Unknown,Los Angeles-North Main Street,06-037-1103,AQS
2015-09-21,42,Unknown,West Los Angeles,06-037-0113,AQS
2015-09-22,29,Unknown,Los Angeles-North Main Street,06-037-1103,AQS
2015-09-23,43,Unknown,Pomona,06-037-1701,AQS
2015-09-24,50,Unknown,Pomona,06-037-1701,AQS
2015-09-25,48,Unknown,Long Beach-Route 710 Near Road,06-037-4008,AQS
2015-09-26,44,Unknown,Pomona,06-037-1701,AQS
2015-09-27,31,Unknown,Pomona,06-037-1701,AQS
2015-09-28,42,Unknown,Pomona,06-037-1701,AQS
2015-09-29,39,Unknown,Pomona,06-037-1701,AQS
2015-09-30,53,Unknown,Los Angeles-North Main Street,06-037-1103,AQS
2015-10-01,41,Unknown,Long Beach-Route 710 Near Road,06-037-4008,AQS
2015-10-02,36,Unknown,Long Beach-Route 710 Near Road,06-037-4008,AQS
2015-10-03,30,Unknown,Pomona,06-037-1701,AQS
2015-10-04,24,Unknown,Anaheim Near-Road,06-059-0008,AQS
2015-10-05,46,Unknown,Long Beach-Route 710 Near Road,06-037-4008,AQS
2015-10-06,44,Unknown,Long Beach-Route 710 Near Road,06-037-4008,AQS
2015-10-07,41,Unknown,Long Beach-Route 710 Near Road,06-037-4008,AQS
2015-10-08,74,Unknown,Long Beach-Route 710 Near Road,06-037-4008,AQS
2015-10-09,94,Unknown,Long Beach-Route 710 Near Road,06-037-4008,AQS
2015-10-10,48,Unknown,Long Beach (Hudson),06-037-4006,AQS
2015-10-11,49,Unknown,LAX Hastings,06-037-5005,AQS
2015-10-12,71,Unknown,Long Beach-Route 710 Near Road,06-037-4008,AQS
2015-10-13,51,Unknown,Pomona,06-037-1701,AQS
2015-10-14,47,Unknown,Long Beach-Route 710 Near Road,06-037-4008,AQS
2015-10-15,32,Unknown,Long Beach-Route 710 Near Road,06-037-4008,AQS
2015-10-16,42,Unknown,Pomona,06-037-1701,AQS
2015-10-17,24,Unknown,Pomona,06-037-1701,AQS
2015-10-18,24,Unknown,Anaheim Near-Road,06-059-0008,AQS
2015-10-19,36,Unknown,Long Beach-Route 710 Near Road,06-037-4008,AQS
2015-10-20,42,Unknown,Los Angeles-North Main Street,06-037-1103,AQS
2015-10-21,44,Unknown,LAX Hastings,06-037-5005,AQS
2015-10-22,38,Unknown,Long Beach-Route 710 Near Road,06-037-4008,AQS
2015-10-23,52,Unknown,Long Beach-Route 710 Near Road,06-037-4008,AQS
2015-10-24,46,Unknown,Anaheim Near-Road,06-059-0008,AQS
2015-10-25,44,Unknown,Los Angeles-North Main Street,06-037-1103,AQS
2015-10-26,72,Unknown,Long Beach-Route 710 Near Road,06-037-4008,AQS
2015-10-27,67,Unknown,Long Beach (Hudson),06-037-4006,AQS
2015-10-28,66,Unknown,Compton,06-037-1302,AQS
2015-10-29,41,Unknown,Long Beach (Hudson),06-037-4006,AQS
2015-10-30,52,Unknown,Los Angeles-North Main Street,06-037-1103,AQS
2015-10-31,49,Unknown,Los Angeles-North Main Street,06-037-1103,AQS
2015-11-01,39,Unknown,Los Angeles-North Main Street,06-037-1103,AQS
2015-11-02,38,Unknown,Pomona,06-037-1701,AQS
2015-11-03,38,Unknown,Compton,06-037-1302,AQS
2015-11-04,37,Unknown,Compton,06-037-1302,AQS
2015-11-05,43,Unknown,Pomona,06-037-1701,AQS
2015-11-06,49,Unknown,Pomona,06-037-1701,AQS
2015-11-07,45,Unknown,Los Angeles-North Main Street,06-037-1103,AQS
2015-11-08,39,Unknown,Reseda,06-037-1201,AQS
2015-11-09,38,Unknown,Pomona,06-037-1701,AQS
2015-11-10,42,Unknown,Anaheim Near-Road,06-059-0008,AQS
2015-11-11,48,Unknown,Long Beach (Hudson),06-037-4006,AQS
2015-11-12,58,Unknown,Anaheim Near-Road,06-059-0008,AQS
2015-11-13,62,Unknown,Long Beach (Hudson),06-037-4006,AQS
2015-11-14,50,Unknown,Los Angeles-North Main Street,06-037-1103,AQS
2015-11-15,42,Unknown,Los Angeles-North Main Street,06-037-1103,AQS
2015-11-16,46,Unknown,Anaheim Near-Road,06-059-0008,AQS
2015-11-17,50,Unknown,Long Beach (Hudson),06-037-4006,AQS
2015-11-18,67,Unknown,Long Beach-Route 710 Near Road,06-037-4008,AQS
2015-11-19,72,Unknown,Long Beach-Route 710 Near Road,06-037-4008,AQS
2015-11-20,73,Unknown,Los Angeles-North Main Street,06-037-1103,AQS
2015-11-21,64,Unknown,Long Beach-Route 710 Near Road,06-037-4008,AQS
2015-11-22,49,Unknown,Anaheim Near-Road,06-059-0008,AQS
2015-11-23,61,Unknown,Long Beach-Route 710 Near Road,06-037-4008,AQS
2015-11-24,47,Unknown,Anaheim Near-Road,06-059-0008,AQS
2015-11-25,43,Unknown,Long Beach-Route 710 Near Road,06-037-4008,AQS
2015-11-26,41,Unknown,Long Beach-Route 710 Near Road,06-037-4008,AQS
2015-11-27,39,Unknown,Compton,06-037-1302,AQS
2015-11-28,39,Unknown,Long Beach (Hudson),06-037-4006,AQS
2015-11-29,45,Unknown,Pasadena,06-037-2005,AQS
2015-11-30,62,Unknown,Long Beach-Route 710 Near Road,06-037-4008,AQS
2015-12-01,72,Unknown,Long Beach-Route 710 Near Road,06-037-4008,AQS
2015-12-02,63,Unknown,Long Beach-Route 710 Near Road,06-037-4008,AQS
2015-12-03,61,Unknown,Long Beach-Route 710 Near Road,06-037-4008,AQS
2015-12-04,56,Unknown,Pomona,06-037-1701,AQS
2015-12-05,50,Unknown,Anaheim Near-Road,06-059-0008,AQS
2015-12-06,50,Unknown,Anaheim Near-Road,06-059-0008,AQS
2015-12-07,66,Unknown,Long Beach-Route 710 Near Road,06-037-4008,AQS
2015-12-08,67,Unknown,Pico Rivera #2,06-037-1602,AQS
2015-12-09,83,Unknown,Long Beach-Route 710 Near Road,06-037-4008,AQS
2015-12-10,61,Unknown,Glendora,06-037-0016,AQS
2015-12-11,47,Unknown,Long Beach-Route 710 Near Road,06-037-4008,AQS
2015-12-12,37,Unknown,Anaheim,06-059-0007,AQS
2015-12-13,32,Unknown,Los Angeles-North Main Street,06-037-1103,AQS
2015-12-14,36,Unknown,Long Beach-Route 710 Near Road,06-037-4008,AQS
2015-12-15,53,Unknown,Long Beach-Route 710 Near Road,06-037-4008,AQS
2015-12-16,52,Unknown,Long Beach-Route 710 Near Road,06-037-4008,AQS
2015-12-17,54,Unknown,Long Beach-Route 710 Near Road,06-037-4008,AQS
2015-12-18,57,Unknown,Long Beach-Route 710 Near Road,06-037-4008,AQS
2015-12-19,43,Unknown,Pico Rivera #2,06-037-1602,AQS
2015-12-20,34,Unknown,Anaheim Near-Road,06-059-0008,AQS
2015-12-21,44,Unknown,Long Beach-Route 710 Near Road,06-037-4008,AQS
2015-12-22,38,Unknown,Long Beach-Route 710 Near Road,06-037-4008,AQS
2015-12-23,42,Unknown,Long Beach-Route 710 Near Road,06-037-4008,AQS
2015-12-24,42,Unknown,Long Beach-Route 710 Near Road,06-037-4008,AQS
2015-12-25,29,Unknown,Anaheim,06-059-0007,AQS
2015-12-26,45,Unknown,LAX Hastings,06-037-5005,AQS
2015-12-27,37,Unknown,Long Beach (Hudson),06-037-4006,AQS
2015-12-28,46,Unknown,Long Beach-Route 710 Near Road,06-037-4008,AQS
2015-12-29,58,Unknown,Long Beach-Route 710 Near Road,06-037-4008,AQS
2015-12-30,57,Unknown,Long Beach-Route 710 Near Road,06-037-4008,AQS
2015-12-31,51,Unknown,Long Beach-Route 710 Near Road,06-037-4008,AQS
2016-01-01,42,Unknown,Compton,06-037-1302,AQS
2016-01-02,42,Unknown,Los Angeles-North Main Street,06-037-1103,AQS
2016-01-03,41,Unknown,Los Angeles-North Main Street,06-037-1103,AQS
2016-01-04,48,Unknown,Long Beach-Route 710 Near Road,06-037-4008,AQS
2016-01-05,40,Unknown,Long Beach (Hudson),06-037-4006,AQS
2016-01-06,42,Unknown,LAX Hastings,06-037-5005,AQS
2016-01-07,45,Unknown,Long Beach-Route 710 Near Road,06-037-4008,AQS
2016-01-08,42,Unknown,Anaheim Near-Road,06-059-0008,AQS
2016-01-09,35,Unknown,LAX Hastings,06-037-5005,AQS
2016-01-10,32,Unknown,Anaheim Near-Road,06-059-0008,AQS
2016-01-11,53,Unknown,Long Beach-Route 710 Near Road,06-037-4008,AQS
2016-01-12,52,Unknown,Long Beach-Route 710 Near Road,06-037-4008,AQS
2016-01-13,58,Unknown,Long Beach-Route 710 Near Road,06-037-4008,AQS
2016-01-14,41,Unknown,Long Beach-Route 710 Near Road,06-037-4008,AQS
2016-01-15,35,Unknown,Long Beach-Route 710 Near Road,06-037-4008,AQS
2016-01-16,32,Unknown,Pomona,06-037-1701,AQS
2016-01-17,39,Unknown,Anaheim Near-Road,06-059-0008,AQS
2016-01-18,31,Unknown,Pasadena,06-037-2005,AQS
2016-01-19,38,Unknown,Long Beach-Route 710 Near Road,06-037-4008,AQS
2016-01-20,38,Unknown,Long Beach-Route 710 Near Road,06-037-4008,AQS
2016-01-21,46,Unknown,Anaheim Near-Road,06-059-0008,AQS
2016-01-22,50,Unknown,Pico Rivera #2,06-037-1602,AQS
2016-01-23,38,Unknown,Los Angeles-North Main Street,06-037-1103,AQS
2016-01-24,35,Unknown,Anaheim,06-059-0007,AQS
2016-01-25,53,Unknown,Long Beach-Route 710 Near Road,06-037-4008,AQS
2016-01-26,68,Unknown,Long Beach-Route 710 Near Road,06-037-4008,AQS
2016-01-27,62,Unknown,Long Beach-Route 710 Near Road,06-037-4008,AQS
2016-01-28,61,Unknown,Long Beach-Route 710 Near Road,06-037-4008,AQS
2016-01-29,52,Unknown,Los Angeles-North Main Street,06-037-1103,AQS
2016-01-30,32,Unknown,West Los Angeles,06-037-0113,AQS
2016-01-31,18,Unknown,Los Angeles-North Main Street,06-037-1103,AQS
2016-02-01,47,Unknown,Long Beach-Route 710 Near Road,06-037-4008,AQS
2016-02-02,52,Unknown,Long Beach-Route 710 Near Road,06-037-4008,AQS
2016-02-03,56,Unknown,Long Beach-Route 710 Near Road,06-037-4008,AQS
2016-02-04,53,Unknown,Long Beach-Route 710 Near Road,06-037-4008,AQS
2016-02-05,66,Unknown,Long Beach-Route 710 Near Road,06-037-4008,AQS
2016-02-06,53,Unknown,Long Beach (Hudson),06-037-4006,AQS
2016-02-07,55,Unknown,Compton,06-037-1302,AQS
2016-02-08,87,Unknown,Long Beach-Route 710 Near Road,06-037-4008,AQS
2016-02-09,62,Unknown,Long Beach-Route 710 Near Road,06-037-4008,AQS
2016-02-10,68,Unknown,Long Beach-Route 710 Near Road,06-037-4008,AQS
2016-02-11,77,Unknown,Long Beach-Route 710 Near Road,06-037-4008,AQS
2016-02-12,73,Unknown,Long Beach (Hudson),06-037-4006,AQS
2016-02-13,64,Unknown,Pomona,06-037-1701,AQS
2016-02-14,67,Unknown,LAX Hastings,06-037-5005,AQS
2016-02-15,80,Unknown,LAX Hastings,06-037-5005,AQS
2016-02-16,63,Unknown,Long Beach-Route 710 Near Road,06-037-4008,AQS
2016-02-17,49,Unknown,LAX Hastings,06-037-5005,AQS
2016-02-18,39,Unknown,Long Beach-Route 710 Near Road,06-037-4008,AQS
2016-02-19,42,Unknown,Long Beach-Route 710 Near Road,06-037-4008,AQS
2016-02-20,36,Unknown,Long Beach-Route 710 Near Road,06-037-4008,AQS
2016-02-21,42,Unknown,Pomona,06-037-1701,AQS
2016-02-22,60,Unknown,Pasadena,06-037-2005,AQS
2016-02-23,67,Unknown,Long Beach-Route 710 Near Road,06-037-4008,AQS
2016-02-24,55,Unknown,Pico Rivera #2,06-037-1602,AQS
2016-02-25,64,Unknown,Long Beach-Route 710 Near Road,06-037-4008,AQS
2016-02-26,61,Unknown,Long Beach-Route 710 Near Road,06-037-4008,AQS
2016-02-27,48,Unknown,Pomona,06-037-1701,AQS
2016-02-28,35,Unknown,Los Angeles-North Main Street,06-037-1103,AQS
2016-02-29,51,Unknown,Pomona,06-037-1701,AQS
2016-03-01,58,Unknown,Los Angeles-North Main Street,06-037-1103,AQS
2016-03-02,55,Unknown,Los Angeles-North Main Street,06-037-1103,AQS
2016-03-03,42,Unknown,Los Angeles-North Main Street,06-037-1103,AQS
2016-03-04,39,Unknown,Pomona,06-037-1701,AQS
2016-03-05,28,Unknown,Pico Rivera #2,06-037-1602,AQS
2016-03-06,25,Unknown,Anaheim Near-Road,06-059-0008,AQS
2016-03-07,36,Unknown,Long Beach-Route 710 Near Road,06-037-4008,AQS
2016-03-08,40,Unknown,Long Beach-Route 710 Near Road,06-037-4008,AQS
2016-03-09,48,Unknown,Pomona,06-037-1701,AQS
2016-03-10,45,Unknown,Los Angeles-North Main Street,06-037-1103,AQS
2016-03-11,29,Unknown,Long Beach-Route 710 Near Road,06-037-4008,AQS
2016-03-12,29,Unknown,Los Angeles-North Main Street,06-037-1103,AQS
2016-03-13,26,Unknown,LAX Hastings,06-037-5005,AQS
2016-03-14,36,Unknown,Long Beach-Route 710 Near Road,06-037-4008,AQS
2016-03-15,42,Unknown,Los Angeles-North Main Street,06-037-1103,AQS
2016-03-16,66,Unknown,Long Beach-Route 710 Near Road,06-037-4008,AQS
2016-03-17,45,Unknown,Pico Rivera #2,06-037-1602,AQS
2016-03-18,35,Unknown,Anaheim Near-Road,06-059-0008,AQS
2016-03-19,27,Unknown,Lancaster-Division Street,06-037-9033,AQS
2016-03-20,31,Unknown,Anaheim Near-Road,06-059-0008,AQS
2016-03-21,29,Unknown,Pomona,06-037-1701,AQS
2016-03-22,38,Unknown,Long Beach-Route 710 Near Road,06-037-4008,AQS
2016-03-23,48,Unknown,Long Beach-Route 710 Near Road,06-037-4008,AQS
2016-03-24,54,Unknown,Long Beach (Hudson),06-037-4006,AQS
2016-03-25,42,Unknown,Pico Rivera #2,06-037-1602,AQS
2016-03-26,30,Unknown,Los Angeles-North Main Street,06-037-1103,AQS
2016-03-27,22,Unknown,Pomona,06-037-1701,AQS
2016-03-28,33,Unknown,Long Beach-Route 710 Near Road,06-037-4008,AQS
2016-03-29,42,Unknown,Long Beach-Route 710 Near Road,06-037-4008,AQS
2016-03-30,37,Unknown,Anaheim Near-Road,06-059-0008,AQS
2016-03-31,42,Unknown,Long Beach-Route 710 Near Road,06-037-4008,AQS
2016-04-01,37,Unknown,Pico Rivera #2,06-037-1602,AQS
2016-04-02,41,Unknown,Anaheim Near-Road,06-059-0008,AQS
2016-04-03,35,Unknown,Los Angeles-North Main Street,06-037-1103,AQS
2016-04-04,46,Unknown,Los Angeles-North Main Street,06-037-1103,AQS
2016-04-05,47,Unknown,Pomona,06-037-1701,AQS
2016-04-06,55,Unknown,Long Beach-Route 710 Near Road,06-037-4008,AQS
2016-04-07,45,Unknown,Los Angeles-North Main Street,06-037-1103,AQS
2016-04-08,31,Unknown,Los Angeles-North Main Street,06-037-1103,AQS
2016-04-09,25,Unknown,Compton,06-037-1302,AQS
2016-04-10,26,Unknown,Los Angeles-North Main Street,06-037-1103,AQS
2016-04-11,33,Unknown,Pomona,06-037-1701,AQS
2016-04-12,29,Unknown,Long Beach-Route 710 Near Road,06-037-4008,AQS
2016-04-13,31,Unknown,Long Beach-Route 710 Near Road,06-037-4008,AQS
2016-04-14,34,Unknown,Long Beach-Route 710 Near Road,06-037-4008,AQS
2016-04-15,41,Unknown,Compton,06-037-1302,AQS
2016-04-16,44,Unknown,Long Beach (Hudson),06-037-4006,AQS
2016-04-17,41,Unknown,Anaheim Near-Road,06-059-0008,AQS
2016-04-18,55,Unknown,Long Beach-Route 710 Near Road,06-037-4008,AQS
2016-04-19,60,Unknown,Long Beach-Route 710 Near Road,06-037-4008,AQS
2016-04-20,64,Unknown,Long Beach (Hudson),06-037-4006,AQS
2016-04-21,47,Unknown,Long Beach-Route 710 Near Road,06-037-4008,AQS
2016-04-22,31,Unknown,Long Beach-Route 710 Near Road,06-037-4008,AQS
2016-04-23,30,Unknown,West Los Angeles,06-037-0113,AQS
2016-04-24,25,Unknown,Los Angeles-North Main Street,06-037-1103,AQS
2016-04-25,43,Unknown,Long Beach-Route 710 Near Road,06-037-4008,AQS
2016-04-26,39,Unknown,Anaheim Near-Road,06-059-0008,AQS
2016-04-27,37,Unknown,Anaheim,06-059-0007,AQS
2016-04-28,30,Unknown,West Los Angeles,06-037-0113,AQS
2016-04-29,31,Unknown,Anaheim,06-059-0007,AQS
2016-04-30,25,Unknown,Anaheim Near-Road,06-059-0008,AQS
2016-05-01,21,Unknown,Los Angeles-North Main Street,06-037-1103,AQS
2016-05-02,39,Unknown,Long Beach-Route 710 Near Road,06-037-4008,AQS
2016-05-03,40,Unknown,Long Beach-Route 710 Near Road,06-037-4008,AQS
2016-05-04,48,Unknown,Long Beach-Route 710 Near Road,06-037-4008,AQS
2016-05-05,32,Unknown,Pomona,06-037-1701,AQS
2016-05-06,32,Unknown,Anaheim Near-Road,06-059-0008,AQS
2016-05-07,26,Unknown,La Habra,06-059-5001,AQS
2016-05-08,24,Unknown,Pomona,06-037-1701,AQS
2016-05-09,37,Unknown,Long Beach-Route 710 Near Road,06-037-4008,AQS
2016-05-10,33,Unknown,Long Beach-Route 710 Near Road,06-037-4008,AQS
2016-05-11,40,Unknown,Long Beach-Route 710 Near Road,06-037-4008,AQS
2016-05-12,34,Unknown,Long Beach-Route 710 Near Road,06-037-4008,AQS
2016-05-13,36,Unknown,Long Beach-Route 710 Near Road,06-037-4008,AQS
2016-05-14,17,Unknown,Anaheim Near-Road,06-059-0008,AQS
2016-05-15,15,Unknown,Los Angeles-North Main Street,06-037-1103,AQS
2016-05-16,27,Unknown,Long Beach-Route 710 Near Road,06-037-4008,AQS
2016-05-17,37,Unknown,Long Beach-Route 710 Near Road,06-037-4008,AQS
2016-05-18,44,Unknown,Long Beach-Route 710 Near Road,06-037-4008,AQS
2016-05-19,32,Unknown,Anaheim Near-Road,06-059-0008,AQS
2016-05-20,28,Unknown,Anaheim Near-Road,06-059-0008,AQS
2016-05-21,24,Unknown,Pico Rivera #2,06-037-1602,AQS
2016-05-22,24,Unknown,Anaheim Near-Road,06-059-0008,AQS
2016-05-23,28,Unknown,Long Beach-Route 710 Near Road,06-037-4008,AQS
2016-05-24,28,Unknown,Long Beach-Route 710 Near Road,06-037-4008,AQS
2016-05-25,26,Unknown,Long Beach-Route 710 Near Road,06-037-4008,AQS
2016-05-26,33,Unknown,Long Beach-Route 710 Near Road,06-037-4008,AQS
2016-05-27,29,Unknown,Long Beach-Route 710 Near Road,06-037-4008,AQS
2016-05-28,23,Unknown,Lancaster-Division Street,06-037-9033,AQS
2016-05-29,17,Unknown,Anaheim Near-Road,06-059-0008,AQS
2016-05-30,22,Unknown,Anaheim Near-Road,06-059-0008,AQS
2016-05-31,30,Unknown,Anaheim Near-Road,06-059-0008,AQS
2016-06-01,34,Unknown,Long Beach-Route 710 Near Road,06-037-4008,AQS
2016-06-02,43,Unknown,Long Beach-Route 710 Near Road,06-037-4008,AQS
2016-06-03,46,Unknown,Pomona,06-037-1701,AQS
2016-06-04,36,Unknown,Pomona,06-037-1701,AQS
2016-06-05,24,Unknown,Pomona,06-037-1701,AQS
2016-06-06,25,Unknown,Long Beach-Route 710 Near Road,06-037-4008,AQS
2016-06-07,33,Unknown,Long Beach-Route 710 Near Road,06-037-4008,AQS
2016-06-08,30,Unknown,Long Beach-Route 710 Near Road,06-037-4008,AQS
2016-06-09,30,Unknown,Los Angeles-North Main Street,06-037-1103,AQS
2016-06-10,26,Unknown,Anaheim Near-Road,06-059-0008,AQS
2016-06-11,19,Unknown,Anaheim Near-Road,06-059-0008,AQS
2016-06-12,20,Unknown,Anaheim Near-Road,06-059-0008,AQS
2016-06-13,31,Unknown,Long Beach-Route 710 Near Road,06-037-4008,AQS
2016-06-14,27,Unknown,Anaheim Near-Road,06-059-0008,AQS
2016-06-15,28,Unknown,Anaheim Near-Road,06-059-0008,AQS
2016-06-16,38,Unknown,Anaheim Near-Road,06-059-0008,AQS
2016-06-17,53,Unknown,Long Beach-Route 710 Near Road,06-037-4008,AQS
2016-06-18,42,Unknown,Los Angeles-North Main Street,06-037-1103,AQS
2016-06-19,44,Unknown,Los Angeles-North Main Street,06-037-1103,AQS
2016-06-20,80,Unknown,Long Beach-Route 710 Near Road,06-037-4008,AQS
2016-06-21,30,Unknown,Azusa,06-037-0002,AQS
2016-06-22,29,Unknown,Long Beach-Route 710 Near Road,06-037-4008,AQS
2016-06-23,30,Unknown,Long Beach-Route 710 Near Road,06-037-4008,AQS
2016-06-24,25,Unknown,Anaheim Near-Road,06-059-0008,AQS
2016-06-25,21,Unknown,Lancaster-Division Street,06-037-9033,AQS
2016-06-26,25,Unknown,Long Beach (Hudson),06-037-4006,AQS
2016-06-27,37,Unknown,Santa Clarita,06-037-6012,AQS
2016-06-28,36,Unknown,Azusa,06-037-0002,AQS
2016-06-29,36,Unknown,Azusa,06-037-0002,AQS
2016-06-30,36,Unknown,Lancaster-Division Street,06-037-9033,AQS
2016-07-01,22,Unknown,Anaheim Near-Road,06-059-0008,AQS
2016-07-02,16,Unknown,Lancaster-Division Street,06-037-9033,AQS
2016-07-03,13,Unknown,Pico Rivera #2,06-037-1602,AQS
2016-07-04,19,Unknown,Anaheim Near-Road,06-059-0008,AQS
2016-07-05,26,Unknown,Long Beach-Route 710 Near Road,06-037-4008,AQS
2016-07-06,27,Unknown,Long Beach-Route 710 Near Road,06-037-4008,AQS
2016-07-07,26,Unknown,Anaheim Near-Road,06-059-0008,AQS
2016-07-08,26,Unknown,Azusa,06-037-0002,AQS
2016-07-09,27,Unknown,Pomona,06-037-1701,AQS
2016-07-10,24,Unknown,Pico Rivera #2,06-037-1602,AQS
2016-07-11,27,Unknown,Long Beach-Route 710 Near Road,06-037-4008,AQS
2016-07-12,28,Unknown,Long Beach-Route 710 Near Road,06-037-4008,AQS
2016-07-13,30,Unknown,Pomona,06-037-1701,AQS
2016-07-14,40,Unknown,Lancaster-Division Street,06-037-9033,AQS
2016-07-15,29,Unknown,Los Angeles-North Main Street,06-037-1103,AQS
2016-07-16,22,Unknown,Pomona,06-037-1701,AQS
2016-07-17,21,Unknown,Pico Rivera #2,06-037-1602,AQS
2016-07-18,34,Unknown,Long Beach-Route 710 Near Road,06-037-4008,AQS
2016-07-19,40,Unknown,Long Beach-Route 710 Near Road,06-037-4008,AQS
2016-07-20,49,Unknown,Long Beach-Route 710 Near Road,06-037-4008,AQS
2016-07-21,52,Unknown,Los Angeles-North Main Street,06-037-1103,AQS
2016-07-22,58,Unknown,Los Angeles-North Main Street,06-037-1103,AQS
2016-07-23,44,Unknown,Pomona,06-037-1701,AQS
2016-07-24,33,Unknown,Los Angeles-North Main Street,06-037-1103,AQS
2016-07-25,30,Unknown,Los Angeles-North Main Street,06-037-1103,AQS
2016-07-26,31,Unknown,Pico Rivera #2,06-037-1602,AQS
2016-07-27,36,Unknown,Long Beach-Route 710 Near Road,06-037-4008,AQS
2016-07-28,31,Unknown,Pomona,06-037-1701,AQS
2016-07-29,40,Unknown,Lancaster-Division Street,06-037-9033,AQS
2016-07-30,24,Unknown,Los Angeles-North Main Street,06-037-1103,AQS
2016-07-31,17,Unknown,Pico Rivera #2,06-037-1602,AQS
2016-08-01,30,Unknown,Long Beach-Route 710 Near Road,06-037-4008,AQS
2016-08-02,30,Unknown,Long Beach-Route 710 Near Road,06-037-4008,AQS
2016-08-03,27,Unknown,Long Beach-Route 710 Near Road,06-037-4008,AQS
2016-08-04,28,Unknown,Long Beach-Route 710 Near Road,06-037-4008,AQS
2016-08-05,38,Unknown,Lancaster-Division Street,06-037-9033,AQS
2016-08-06,21,Unknown,Azusa,06-037-0002,AQS
2016-08-07,17,Unknown,Anaheim Near-Road,06-059-0008,AQS
2016-08-08,31,Unknown,Lancaster-Division Street,06-037-9033,AQS
2016-08-09,27,Unknown,Long Beach-Route 710 Near Road,06-037-4008,AQS
2016-08-10,30,Unknown,Long Beach-Route 710 Near Road,06-037-4008,AQS
2016-08-11,40,Unknown,Lancaster-Division Street,06-037-9033,AQS
2016-08-12,35,Unknown,Lancaster-Division Street,06-037-9033,AQS
2016-08-13,26,Unknown,Long Beach-Route 710 Near Road,06-037-4008,AQS
2016-08-14,35,Unknown,Los Angeles-North Main Street,06-037-1103,AQS
2016-08-15,45,Unknown,Long Beach-Route 710 Near Road,06-037-4008,AQS
2016-08-16,50,Unknown,Pomona,06-037-1701,AQS
2016-08-17,53,Unknown,Pomona,06-037-1701,AQS
2016-08-18,41,Unknown,Pomona,06-037-1701,AQS
2016-08-19,36,Unknown,Long Beach-Route 710 Near Road,06-037-4008,AQS
2016-08-20,25,Unknown,Pomona,06-037-1701,AQS
2016-08-21,26,Unknown,Azusa,06-037-0002,AQS
2016-08-22,34,Unknown,Long Beach-Route 710 Near Road,06-037-4008,AQS
2016-08-23,42,Unknown,Los Angeles-North Main Street,06-037-1103,AQS
2016-08-24,36,Unknown,Azusa,06-037-0002,AQS
2016-08-25,30,Unknown,Azusa,06-037-0002,AQS
2016-08-26,24,Unknown,Anaheim Near-Road,06-059-0008,AQS
2016-08-27,24,Unknown,Pico Rivera #2,06-037-1602,AQS
2016-08-28,22,Unknown,Pomona,06-037-1701,AQS
2016-08-29,45,Unknown,Lancaster-Division Street,06-037-9033,AQS
2016-08-30,42,Unknown,Pomona,06-037-1701,AQS
2016-08-31,40,Unknown,Azusa,06-037-0002,AQS
2016-09-01,35,Unknown,Pomona,06-037-1701,AQS
2016-09-02,25,Unknown,Santa Clarita,06-037-6012,AQS
2016-09-03,15,Unknown,Anaheim Near-Road,06-059-0008,AQS
2016-09-04,17,Unknown,Pico Rivera #2,06-037-1602,AQS
2016-09-05,18,Unknown,Pico Rivera #2,06-037-1602,AQS
2016-09-06,34,Unknown,Long Beach-Route 710 Near Road,06-037-4008,AQS
2016-09-07,38,Unknown,Long Beach-Route 710 Near Road,06-037-4008,AQS
2016-09-08,33,Unknown,Lancaster-Division Street,06-037-9033,AQS
2016-09-09,38,Unknown,Long Beach-Route 710 Near Road,06-037-4008,AQS
2016-09-10,33,Unknown,Lancaster-Division Street,06-037-9033,AQS
2016-09-11,28,Unknown,Pomona,06-037-1701,AQS
2016-09-12,25,Unknown,Long Beach-Route 710 Near Road,06-037-4008,AQS
2016-09-13,36,Unknown,Long Beach-Route 710 Near Road,06-037-4008,AQS
2016-09-14,38,Unknown,Long Beach-Route 710 Near Road,06-037-4008,AQS
2016-09-15,38,Unknown,Pomona,06-037-1701,AQS
2016-09-16,44,Unknown,Lancaster-Division Street,06-037-9033,AQS
2016-09-17,38,Unknown,Pomona,06-037-1701,AQS
2016-09-18,44,Unknown,Pomona,06-037-1701,AQS
2016-09-19,54,Unknown,Pico Rivera #2,06-037-1602,AQS
2016-09-20,45,Unknown,Compton,06-037-1302,AQS
2016-09-21,41,Unknown,Long Beach-Route 710 Near Road,06-037-4008,AQS
2016-09-22,31,Unknown,Los Angeles-North Main Street,06-037-1103,AQS
2016-09-23,43,Unknown,Pico Rivera #2,06-037-1602,AQS
2016-09-24,55,Unknown,LAX Hastings,06-037-5005,AQS
2016-09-25,50,Unknown,Long Beach (Hudson),06-037-4006,AQS
2016-09-26,62,Unknown,Long Beach-Route 710 Near Road,06-037-4008,AQS
2016-09-27,56,Unknown,Long Beach (Hudson),06-037-4006,AQS
2016-09-28,43,Unknown,Pomona,06-037-1701,AQS
2016-09-29,62,Unknown,Long Beach-Route 710 Near Road,06-037-4008,AQS
2016-09-30,52,Unknown,Long Beach-Route 710 Near Road,06-037-4008,AQS
2016-10-01,34,Unknown,Los Angeles-North Main Street,06-037-1103,AQS
2016-10-02,26,Unknown,Los Angeles-North Main Street,06-037-1103,AQS
2016-10-03,42,Unknown,Long Beach-Route 710 Near Road,06-037-4008,AQS
2016-10-04,34,Unknown,Long Beach-Route 710 Near Road,06-037-4008,AQS
2016-10-05,43,Unknown,Long Beach-Route 710 Near Road,06-037-4008,AQS
2016-10-06,58,Unknown,Long Beach-Route 710 Near Road,06-037-4008,AQS
2016-10-07,72,Unknown,Long Beach-Route 710 Near Road,06-037-4008,AQS
2016-10-08,67,Unknown,Long Beach-Route 710 Near Road,06-037-4008,AQS
2016-10-09,43,Unknown,Long Beach-Route 710 Near Road,06-037-4008,AQS
2016-10-10,63,Unknown,Long Beach-Route 710 Near Road,06-037-4008,AQS
2016-10-11,40,Unknown,Long Beach-Route 710 Near Road,06-037-4008,AQS
2016-10-12,41,Unknown,Long Beach-Route 710 Near Road,06-037-4008,AQS
2016-10-13,45,Unknown,Long Beach-Route 710 Near Road,06-037-4008,AQS
2016-10-14,45,Unknown,Long Beach-Route 710 Near Road,06-037-4008,AQS
2016-10-15,25,Unknown,Pomona,06-037-1701,AQS
2016-10-16,16,Unknown,Los Angeles-North Main Street,06-037-1103,AQS
2016-10-17,41,Unknown,Long Beach-Route 710 Near Road,06-037-4008,AQS
2016-10-18,62,Unknown,Long Beach-Route 710 Near Road,06-037-4008,AQS
2016-10-19,81,Unknown,Long Beach-Route 710 Near Road,06-037-4008,AQS
2016-10-20,71,Unknown,Long Beach-Route 710 Near Road,06-037-4008,AQS
2016-10-21,70,Unknown,Long Beach-Route 710 Near Road,06-037-4008,AQS
2016-10-22,48,Unknown,Compton,06-037-1302,AQS
2016-10-23,31,Unknown,Los Angeles-North Main Street,06-037-1103,AQS
2016-10-24,42,Unknown,Long Beach-Route 710 Near Road,06-037-4008,AQS
2016-10-25,40,Unknown,Long Beach-Route 710 Near Road,06-037-4008,AQS
2016-10-26,47,Unknown,Long Beach-Route 710 Near Road,06-037-4008,AQS
2016-10-27,66,Unknown,Pomona,06-037-1701,AQS
2016-10-28,45,Unknown,Long Beach-Route 710 Near Road,06-037-4008,AQS
2016-10-29,36,Unknown,Long Beach-Route 710 Near Road,06-037-4008,AQS
2016-10-30,27,Unknown,Los Angeles-North Main Street,06-037-1103,AQS
2016-10-31,41,Unknown,Long Beach-Route 710 Near Road,06-037-4008,AQS
2016-11-01,34,Unknown,Anaheim Near-Road,06-059-0008,AQS
2016-11-02,66,Unknown,Long Beach-Route 710 Near Road,06-037-4008,AQS
2016-11-03,80,Unknown,Long Beach-Route 710 Near Road,06-037-4008,AQS
2016-11-04,58,Unknown,Long Beach-Route 710 Near Road,06-037-4008,AQS
2016-11-05,50,Unknown,Pomona,06-037-1701,AQS
2016-11-06,36,Unknown,Reseda,06-037-1201,AQS
2016-11-07,64,Unknown,Azusa,06-037-0002,AQS
2016-11-08,95,Unknown,Long Beach-Route 710 Near Road,06-037-4008,AQS
2016-11-09,65,Unknown,Long Beach-Route 710 Near Road,06-037-4008,AQS
2016-11-10,72,Unknown,Long Beach-Route 710 Near Road,06-037-4008,AQS
2016-11-11,68,Unknown,Long Beach-Route 710 Near Road,06-037-4008,AQS
2016-11-12,54,Unknown,Anaheim Near-Road,06-059-0008,AQS
2016-11-13,53,Unknown,Anaheim,06-059-0007,AQS
2016-11-14,73,Unknown,Long Beach-Route 710 Near Road,06-037-4008,AQS
2016-11-15,61,Unknown,Los Angeles-North Main Street,06-037-1103,AQS
2016-11-16,42,Unknown,Long Beach-Route 710 Near Road,06-037-4008,AQS
2016-11-17,74,Unknown,Long Beach-Route 710 Near Road,06-037-4008,AQS
2016-11-18,54,Unknown,Long Beach-Route 710 Near Road,06-037-4008,AQS
2016-11-19,48,Unknown,Long Beach-Route 710 Near Road,06-037-4008,AQS
2016-11-20,37,Unknown,Azusa,06-037-0002,AQS
2016-11-21,42,Unknown,Long Beach-Route 710 Near Road,06-037-4008,AQS
2016-11-22,52,Unknown,Long Beach-Route 710 Near Road,06-037-4008,AQS
2016-11-23,53,Unknown,Long Beach-Route 710 Near Road,06-037-4008,AQS
2016-11-24,46,Unknown,Compton,06-037-1302,AQS
2016-11-25,43,Unknown,Long Beach (Hudson),06-037-4006,AQS
2016-11-26,41,Unknown,Long Beach-Route 710 Near Road,06-037-4008,AQS
2016-11-27,32,Unknown,Long Beach (Hudson),06-037-4006,AQS
2016-11-28,41,Unknown,Long Beach-Route 710 Near Road,06-037-4008,AQS
2016-11-29,51,Unknown,Long Beach-Route 710 Near Road,06-037-4008,AQS
2016-11-30,51,Unknown,Long Beach-Route 710 Near Road,06-037-4008,AQS
2016-12-01,50,Unknown,Long Beach-Route 710 Near Road,06-037-4008,AQS
2016-12-02,57,Unknown,Long Beach-Route 710 Near Road,06-037-4008,AQS
2016-12-03,55,Unknown,Long Beach-Route 710 Near Road,06-037-4008,AQS
2016-12-04,48,Unknown,Pomona,06-037-1701,AQS
2016-12-05,44,Unknown,Los Angeles-North Main Street,06-037-1103,AQS
2016-12-06,50,Unknown,Long Beach-Route 710 Near Road,06-037-4008,AQS
2016-12-07,56,Unknown,Long Beach-Route 710 Near Road,06-037-4008,AQS
2016-12-08,55,Unknown,Long Beach-Route 710 Near Road,06-037-4008,AQS
2016-12-09,47,Unknown,Pomona,06-037-1701,AQS
2016-12-10,35,Unknown,Reseda,06-037-1201,AQS
2016-12-11,28,Unknown,Santa Clarita,06-037-6012,AQS
2016-12-12,40,Unknown,Long Beach-Route 710 Near Road,06-037-4008,AQS
2016-12-13,46,Unknown,Long Beach-Route 710 Near Road,06-037-4008,AQS
2016-12-14,63,Unknown,Long Beach-Route 710 Near Road,06-037-4008,AQS
2016-12-15,58,Unknown,Glendora,06-037-0016,AQS
2016-12-16,26,Unknown,Long Beach-Route 710 Near Road,06-037-4008,AQS
2016-12-17,38,Unknown,Anaheim,06-059-0007,AQS
2016-12-18,43,Unknown,Long Beach (Hudson),06-037-4006,AQS
2016-12-19,70,Unknown,Long Beach-Route 710 Near Road,06-037-4008,AQS
2016-12-20,77,Unknown,Long Beach-Route 710 Near Road,06-037-4008,AQS
2016-12-21,63,Unknown,Long Beach-Route 710 Near Road,06-037-4008,AQS
2016-12-22,43,Unknown,Long Beach-Route 710 Near Road,06-037-4008,AQS
2016-12-23,39,Unknown,Long Beach-Route 710 Near Road,06-037-4008,AQS
2016-12-24,31,Unknown,La Habra,06-059-5001,AQS
2016-12-25,34,Unknown,Long Beach (Hudson),06-037-4006,AQS
2016-12-26,42,Unknown,Long Beach-Route 710 Near Road,06-037-4008,AQS
2016-12-27,50,Unknown,Long Beach-Route 710 Near Road,06-037-4008,AQS
2016-12-28,57,Unknown,Long Beach-Route 710 Near Road,06-037-4008,AQS
2016-12-29,60,Unknown,Long Beach-Route 710 Near Road,06-037-4008,AQS
2016-12-30,48,Unknown,Long Beach-Route 710 Near Road,06-037-4008,AQS
2016-12-31,28,Unknown,Compton,06-037-1302,AQS
2017-01-01,30,Unknown,LAX Hastings,06-037-5005,AQS
2017-01-02,36,Unknown,Long Beach-Route 710 Near Road,06-037-4008,AQS
2017-01-03,55,Unknown,Long Beach-Route 710 Near Road,06-037-4008,AQS
2017-01-04,48,Unknown,Long Beach-Route 710 Near Road,06-037-4008,AQS
2017-01-05,36,Unknown,Long Beach-Route 710 Near Road,06-037-4008,AQS
2017-01-06,42,Unknown,Compton,06-037-1302,AQS
2017-01-07,43,Unknown,Long Beach-Route 710 Near Road,06-037-4008,AQS
2017-01-08,43,Unknown,Los Angeles-North Main Street,06-037-1103,AQS
2017-01-09,40,Unknown,Long Beach-Route 710 Near Road,06-037-4008,AQS
2017-01-10,42,Unknown,Long Beach-Route 710 Near Road,06-037-4008,AQS
2017-01-11,40,Unknown,Long Beach-Route 710 Near Road,06-037-4008,AQS
2017-01-12,38,Unknown,Long Beach-Route 710 Near Road,06-037-4008,AQS
2017-01-13,56,Unknown,Long Beach-Route 710 Near Road,06-037-4008,AQS
2017-01-14,40,Unknown,Los Angeles-North Main Street,06-037-1103,AQS
2017-01-15,30,Unknown,West Los Angeles,06-037-0113,AQS
2017-01-16,48,Unknown,Long Beach-Route 710 Near Road,06-037-4008,AQS
2017-01-17,58,Unknown,Long Beach-Route 710 Near Road,06-037-4008,AQS
2017-01-18,47,Unknown,Long Beach-Route 710 Near Road,06-037-4008,AQS
2017-01-19,49,Unknown,Long Beach-Route 710 Near Road,06-037-4008,AQS
2017-01-20,38,Unknown,Long Beach-Route 710 Near Road,06-037-4008,AQS
2017-01-21,39,Unknown,Long Beach-Route 710 Near Road,06-037-4008,AQS
2017-01-22,28,Unknown,Long Beach-Route 710 Near Road,06-037-4008,AQS
2017-01-23,55,Unknown,Long Beach-Route 710 Near Road,06-037-4008,AQS
2017-01-24,54,Unknown,Long Beach-Route 710 Near Road,06-037-4008,AQS
2017-01-25,61,Unknown,Long Beach-Route 710 Near Road,06-037-4008,AQS
2017-01-26,62,Unknown,Long Beach-Route 710 Near Road,06-037-4008,AQS
2017-01-27,60,Unknown,Long Beach-Route 710 Near Road,06-037-4008,AQS
2017-01-28,51,Unknown,Long Beach-Route 710 Near Road,06-037-4008,AQS
2017-01-29,52,Unknown,Long Beach (Hudson),06-037-4006,AQS
2017-01-30,77,Unknown,Long Beach-Route 710 Near Road,06-037-4008,AQS
2017-01-31,73,Unknown,Long Beach-Route 710 Near Road,06-037-4008,AQS
2017-02-01,54,Unknown,Long Beach-Route 710 Near Road,06-037-4008,AQS
2017-02-02,46,Unknown,Long Beach-Route 710 Near Road,06-037-4008,AQS
2017-02-03,42,Unknown,Long Beach-Route 710 Near Road,06-037-4008,AQS
2017-02-04,30,Unknown,Long Beach-Route 710 Near Road,06-037-4008,AQS
2017-02-05,20,Unknown,Azusa,06-037-0002,AQS
2017-02-06,29,Unknown,West Los Angeles,06-037-0113,AQS
2017-02-07,31,Unknown,Long Beach-Route 710 Near Road,06-037-4008,AQS
2017-02-08,34,Unknown,Long Beach-Route 710 Near Road,06-037-4008,AQS
2017-02-09,40,Unknown,Pomona,06-037-1701,AQS
2017-02-10,33,Unknown,Long Beach-Route 710 Near Road,06-037-4008,AQS
2017-02-11,30,Unknown,Long Beach-Route 710 Near Road,06-037-4008,AQS
2017-02-12,36,Unknown,Los Angeles-North Main Street,06-037-1103,AQS
2017-02-13,45,Unknown,Long Beach-Route 710 Near Road,06-037-4008,AQS
2017-02-14,43,Unknown,Long Beach-Route 710 Near Road,06-037-4008,AQS
2017-02-15,54,Unknown,Long Beach-Route 710 Near Road,06-037-4008,AQS
2017-02-16,56,Unknown,Los Angeles-North Main Street,06-037-1103,AQS
2017-02-17,30,Unknown,LAX Hastings,06-037-5005,AQS
2017-02-18,25,Unknown,Los Angeles-North Main Street,06-037-1103,AQS
2017-02-19,25,Unknown,Los Angeles-North Main Street,06-037-1103,AQS
2017-02-20,35,Unknown,Long Beach-Route 710 Near Road,06-037-4008,AQS
2017-02-21,48,Unknown,Long Beach-Route 710 Near Road,06-037-4008,AQS
2017-02-22,48,Unknown,Long Beach-Route 710 Near Road,06-037-4008,AQS
2017-02-23,50,Unknown,Long Beach-Route 710 Near Road,06-037-4008,AQS
2017-02-24,63,Unknown,Long Beach-Route 710 Near Road,06-037-4008,AQS
2017-02-25,38,Unknown,Long Beach-Route 710 Near Road,06-037-4008,AQS
2017-02-26,34,Unknown,Los Angeles-North Main Street,06-037-1103,AQS
2017-02-27,48,Unknown,Long Beach-Route 710 Near Road,06-037-4008,AQS
2017-02-28,57,Unknown,Long Beach-Route 710 Near Road,06-037-4008,AQS
2017-03-01,60,Unknown,Long Beach-Route 710 Near Road,06-037-4008,AQS
2017-03-02,66,Unknown,Long Beach-Route 710 Near Road,06-037-4008,AQS
2017-03-03,56,Unknown,Long Beach-Route 710 Near Road,06-037-4008,AQS
2017-03-04,42,Unknown,West Los Angeles,06-037-0113,AQS
2017-03-05,25,Unknown,Anaheim Near-Road,06-059-0008,AQS
2017-03-06,48,Unknown,Long Beach-Route 710 Near Road,06-037-4008,AQS
2017-03-07,52,Unknown,Anaheim Near-Road,06-059-0008,AQS
2017-03-08,62,Unknown,Long Beach-Route 710 Near Road,06-037-4008,AQS
2017-03-09,71,Unknown,Long Beach-Route 710 Near Road,06-037-4008,AQS
2017-03-10,89,Unknown,Long Beach-Route 710 Near Road,06-037-4008,AQS
2017-03-11,45,Unknown,Pomona,06-037-1701,AQS
2017-03-12,42,Unknown,Anaheim Near-Road,06-059-0008,AQS
2017-03-13,69,Unknown,Los Angeles-North Main Street,06-037-1103,AQS
2017-03-14,76,Unknown,Long Beach (Hudson),06-037-4006,AQS
2017-03-15,71,Unknown,Long Beach-Route 710 Near Road,06-037-4008,AQS
2017-03-16,44,Unknown,Azusa,06-037-0002,AQS
2017-03-17,57,Unknown,Los Angeles-North Main Street,06-037-1103,AQS
2017-03-18,31,Unknown,Pomona,06-037-1701,AQS
2017-03-19,25,Unknown,Reseda,06-037-1201,AQS
2017-03-20,34,Unknown,Long Beach-Route 710 Near Road,06-037-4008,AQS
2017-03-21,29,Unknown,Long Beach-Route 710 Near Road,06-037-4008,AQS
2017-03-22,32,Unknown,Long Beach-Route 710 Near Road,06-037-4008,AQS
2017-03-23,40,Unknown,Long Beach-Route 710 Near Road,06-037-4008,AQS
2017-03-24,35,Unknown,Long Beach-Route 710 Near Road,06-037-4008,AQS
2017-03-25,28,Unknown,Long Beach-Route 710 Near Road,06-037-4008,AQS
2017-03-26,25,Unknown,Compton,06-037-1302,AQS
2017-03-27,36,Unknown,Long Beach-Route 710 Near Road,06-037-4008,AQS
2017-03-28,46,Unknown,Los Angeles-North Main Street,06-037-1103,AQS
2017-03-29,58,Unknown,Long Beach-Route 710 Near Road,06-037-4008,AQS
2017-03-30,36,Unknown,Azusa,06-037-0002,AQS
2017-03-31,38,Unknown,Long Beach-Route 710 Near Road,06-037-4008,AQS
2017-04-01,37,Unknown,Long Beach-Route 710 Near Road,06-037-4008,AQS
2017-04-02,33,Unknown,LAX Hastings,06-037-5005,AQS
2017-04-03,28,Unknown,Long Beach-Route 710 Near Road,06-037-4008,AQS
2017-04-04,44,Unknown,Long Beach-Route 710 Near Road,06-037-4008,AQS
2017-04-05,50,Unknown,Long Beach-Route 710 Near Road,06-037-4008,AQS
2017-04-06,42,Unknown,Long Beach-Route 710 Near Road,06-037-4008,AQS
2017-04-07,31,Unknown,Long Beach-Route 710 Near Road,06-037-4008,AQS
2017-04-08,20,Unknown,Long Beach-Route 710 Near Road,06-037-4008,AQS
2017-04-09,37,Unknown,Compton,06-037-1302,AQS
2017-04-10,56,Unknown,Long Beach-Route 710 Near Road,06-037-4008,AQS
2017-04-11,48,Unknown,Long Beach-Route 710 Near Road,06-037-4008,AQS
2017-04-12,31,Unknown,Lancaster-Division Street,06-037-9033,AQS
2017-04-13,34,Unknown,Long Beach-Route 710 Near Road,06-037-4008,AQS
2017-04-14,37,Unknown,Long Beach-Route 710 Near Road,06-037-4008,AQS
2017-04-15,37,Unknown,Azusa,06-037-0002,AQS
2017-04-16,34,Unknown,Pico Rivera #2,06-037-1602,AQS
2017-04-17,41,Unknown,Long Beach-Route 710 Near Road,06-037-4008,AQS
2017-04-18,34,Unknown,Long Beach-Route 710 Near Road,06-037-4008,AQS
2017-04-19,35,Unknown,LAX Hastings,06-037-5005,AQS
2017-04-20,40,Unknown,Los Angeles-North Main Street,06-037-1103,AQS
2017-04-21,62,Unknown,LAX Hastings,06-037-5005,AQS
2017-04-22,45,Unknown,Pomona,06-037-1701,AQS
2017-04-23,26,Unknown,Pomona,06-037-1701,AQS
2017-04-24,33,Unknown,Long Beach-Route 710 Near Road,06-037-4008,AQS
2017-04-25,34,Unknown,Pomona,06-037-1701,AQS
2017-04-26,35,Unknown,Pomona,06-037-1701,AQS
2017-04-27,32,Unknown,Long Beach-Route 710 Near Road,06-037-4008,AQS
2017-04-28,38,Unknown,Long Beach-Route 710 Near Road,06-037-4008,AQS
2017-04-29,48,Unknown,LAX Hastings,06-037-5005,AQS
2017-04-30,40,Unknown,LAX Hastings,06-037-5005,AQS
2017-05-01,44,Unknown,West Los Angeles,06-037-0113,AQS
2017-05-02,47,Unknown,Pomona,06-037-1701,AQS
2017-05-03,37,Unknown,Long Beach-Route 710 Near Road,06-037-4008,AQS
2017-05-04,40,Unknown,Long Beach-Route 710 Near Road,06-037-4008,AQS
2017-05-05,40,Unknown,Long Beach-Route 710 Near Road,06-037-4008,AQS
2017-05-06,17,Unknown,Anaheim Near-Road,06-059-0008,AQS
2017-05-07,28,Unknown,Compton,06-037-1302,AQS
2017-05-08,42,Unknown,Long Beach-Route 710 Near Road,06-037-4008,AQS
2017-05-09,29,Unknown,Los Angeles-North Main Street,06-037-1103,AQS
2017-05-10,31,Unknown,Long Beach-Route 710 Near Road,06-037-4008,AQS
2017-05-11,40,Unknown,Long Beach-Route 710 Near Road,06-037-4008,AQS
2017-05-12,31,Unknown,Long Beach-Route 710 Near Road,06-037-4008,AQS
2017-05-13,28,Unknown,Pomona,06-037-1701,AQS
2017-05-14,27,Unknown,Pomona,06-037-1701,AQS
2017-05-15,32,Unknown,Long Beach-Route 710 Near Road,06-037-4008,AQS
2017-05-16,36,Unknown,Long Beach-Route 710 Near Road,06-037-4008,AQS
2017-05-17,42,Unknown,Long Beach-Route 710 Near Road,06-037-4008,AQS
2017-05-18,61,Unknown,Pico Rivera #2,06-037-1602,AQS
2017-05-19,47,Unknown,Long Beach-Route 710 Near Road,06-037-4008,AQS
2017-05-20,42,Unknown,Long Beach (Hudson),06-037-4006,AQS
2017-05-21,41,Unknown,West Los Angeles,06-037-0113,AQS
2017-05-22,36,Unknown,Long Beach-Route 710 Near Road,06-037-4008,AQS
2017-05-23,43,Unknown,Long Beach-Route 710 Near Road,06-037-4008,AQS
2017-05-24,30,Unknown,Azusa,06-037-0002,AQS
2017-05-25,32,Unknown,Anaheim Near-Road,06-059-0008,AQS
2017-05-26,30,Unknown,Long Beach-Route 710 Near Road,06-037-4008,AQS
2017-05-27,29,Unknown,Los Angeles-North Main Street,06-037-1103,AQS
2017-05-28,26,Unknown,Pomona,06-037-1701,AQS
2017-05-29,36,Unknown,Pomona,06-037-1701,AQS
2017-05-30,33,Unknown,Anaheim Near-Road,06-059-0008,AQS
2017-05-31,31,Unknown,Anaheim Near-Road,06-059-0008,AQS
2017-06-01,39,Unknown,Long Beach-Route 710 Near Road,06-037-4008,AQS
2017-06-02,38,Unknown,Long Beach-Route 710 Near Road,06-037-4008,AQS
2017-06-03,25,Unknown,Anaheim Near-Road,06-059-0008,AQS
2017-06-04,21,Unknown,LAX Hastings,06-037-5005,AQS
2017-06-05,26,Unknown,Anaheim Near-Road,06-059-0008,AQS
2017-06-06,28,Unknown,Anaheim Near-Road,06-059-0008,AQS
2017-06-07,33,Unknown,Long Beach-Route 710 Near Road,06-037-4008,AQS
2017-06-08,47,Unknown,Long Beach-Route 710 Near Road,06-037-4008,AQS
2017-06-09,29,Unknown,Pomona,06-037-1701,AQS
2017-06-10,18,Unknown,Long Beach (Hudson),06-037-4006,AQS
2017-06-11,17,Unknown,LAX Hastings,06-037-5005,AQS
2017-06-12,31,Unknown,Long Beach-Route 710 Near Road,06-037-4008,AQS
2017-06-13,47,Unknown,Long Beach-Route 710 Near Road,06-037-4008,AQS
2017-06-14,42,Unknown,Long Beach-Route 710 Near Road,06-037-4008,AQS
2017-06-15,42,Unknown,Pomona,06-037-1701,AQS
2017-06-16,40,Unknown,Pico Rivera #2,06-037-1602,AQS
2017-06-17,34,Unknown,Pomona,06-037-1701,AQS
2017-06-18,33,Unknown,Pomona,06-037-1701,AQS
2017-06-19,40,Unknown,Pomona,06-037-1701,AQS
2017-06-20,49,Unknown,Pomona,06-037-1701,AQS
2017-06-21,49,Unknown,Pomona,06-037-1701,AQS
2017-06-22,24,Unknown,Los Angeles-North Main Street,06-037-1103,AQS
2017-06-23,27,Unknown,Long Beach-Route 710 Near Road,06-037-4008,AQS
2017-06-24,22,Unknown,Pico Rivera #2,06-037-1602,AQS
2017-06-25,34,Unknown,West Los Angeles,06-037-0113,AQS
2017-06-26,53,Unknown,Los Angeles-North Main Street,06-037-1103,AQS
2017-06-27,41,Unknown,Pomona,06-037-1701,AQS
2017-06-28,26,Unknown,Azusa,06-037-0002,AQS
2017-06-29,32,Unknown,Long Beach-Route 710 Near Road,06-037-4008,AQS
2017-06-30,26,Unknown,Long Beach-Route 710 Near Road,06-037-4008,AQS
2017-07-01,24,Unknown,Pomona,06-037-1701,AQS
2017-07-02,18,Unknown,Anaheim Near-Road,06-059-0008,AQS
2017-07-03,37,Unknown,Long Beach-Route 710 Near Road,06-037-4008,AQS
2017-07-04,31,Unknown,Pomona,06-037-1701,AQS
2017-07-05,35,Unknown,Pico Rivera #2,06-037-1602,AQS
2017-07-06,38,Unknown,Los Angeles-North Main Street,06-037-1103,AQS
2017-07-07,51,Unknown,Los Angeles-North Main Street,06-037-1103,AQS
2017-07-08,42,Unknown,Pomona,06-037-1701,AQS
2017-07-09,18,Unknown,Long Beach (Hudson),06-037-4006,AQS
2017-07-10,30,Unknown,Los Angeles-North Main Street,06-037-1103,AQS
2017-07-11,28,Unknown,Long Beach-Route 710 Near Road,06-037-4008,AQS
2017-07-12,30,Unknown,Long Beach-Route 710 Near Road,06-037-4008,AQS
2017-07-13,29,Unknown,Long Beach-Route 710 Near Road,06-037-4008,AQS
2017-07-14,36,Unknown,Long Beach-Route 710 Near Road,06-037-4008,AQS
2017-07-15,30,Unknown,Pomona,06-037-1701,AQS
2017-07-16,19,Unknown,Pomona,06-037-1701,AQS
2017-07-17,24,Unknown,Los Angeles-North Main Street,06-037-1103,AQS
2017-07-18,31,Unknown,Long Beach-Route 710 Near Road,06-037-4008,AQS
2017-07-19,36,Unknown,Long Beach-Route 710 Near Road,06-037-4008,AQS
2017-07-20,30,Unknown,Long Beach-Route 710 Near Road,06-037-4008,AQS
2017-07-21,25,Unknown,Long Beach-Route 710 Near Road,06-037-4008,AQS
2017-07-22,24,Unknown,Los Angeles-North Main Street,06-037-1103,AQS
2017-07-23,21,Unknown,Compton,06-037-1302,AQS
2017-07-24,28,Unknown,Long Beach-Route 710 Near Road,06-037-4008,AQS
2017-07-25,31,Unknown,Long Beach-Route 710 Near Road,06-037-4008,AQS
2017-07-26,31,Unknown,Long Beach-Route 710 Near Road,06-037-4008,AQS
2017-07-27,32,Unknown,Long Beach-Route 710 Near Road,06-037-4008,AQS
2017-07-28,25,Unknown,Los Angeles-North Main Street,06-037-1103,AQS
2017-07-29,21,Unknown,Pomona,06-037-1701,AQS
2017-07-30,16,Unknown,Anaheim Near-Road,06-059-0008,AQS
2017-07-31,36,Unknown,Long Beach-Route 710 Near Road,06-037-4008,AQS
2017-08-01,37,Unknown,Long Beach-Route 710 Near Road,06-037-4008,AQS
2017-08-02,40,Unknown,Long Beach-Route 710 Near Road,06-037-4008,AQS
2017-08-03,43,Unknown,Long Beach-Route 710 Near Road,06-037-4008,AQS
2017-08-04,33,Unknown,Long Beach-Route 710 Near Road,06-037-4008,AQS
2017-08-05,21,Unknown,Los Angeles-North Main Street,06-037-1103,AQS
2017-08-06,24,Unknown,Pomona,06-037-1701,AQS
2017-08-07,35,Unknown,Long Beach-Route 710 Near Road,06-037-4008,AQS
2017-08-08,35,Unknown,Long Beach-Route 710 Near Road,06-037-4008,AQS
2017-08-09,36,Unknown,Pomona,06-037-1701,AQS
2017-08-10,39,Unknown,Los Angeles-North Main Street,06-037-1103,AQS
2017-08-11,42,Unknown,Long Beach-Route 710 Near Road,06-037-4008,AQS
2017-08-12,26,Unknown,Pomona,06-037-1701,AQS
2017-08-13,18,Unknown,Anaheim Near-Road,06-059-0008,AQS
2017-08-14,28,Unknown,Pomona,06-037-1701,AQS
2017-08-15,18,Unknown,Los Angeles-North Main Street,06-037-1103,AQS
2017-08-16,26,Unknown,Long Beach-Route 710 Near Road,06-037-4008,AQS
2017-08-17,38,Unknown,Long Beach-Route 710 Near Road,06-037-4008,AQS
2017-08-18,29,Unknown,Long Beach-Route 710 Near Road,06-037-4008,AQS
2017-08-19,25,Unknown,Lancaster-Division Street,06-037-9033,AQS
2017-08-20,14,Unknown,Anaheim Near-Road,06-059-0008,AQS
2017-08-21,28,Unknown,Lancaster-Division Street,06-037-9033,AQS
2017-08-22,34,Unknown,Long Beach-Route 710 Near Road,06-037-4008,AQS
2017-08-23,36,Unknown,Lancaster-Division Street,06-037-9033,AQS
2017-08-24,34,Unknown,Long Beach-Route 710 Near Road,06-037-4008,AQS
2017-08-25,36,Unknown,Lancaster-Division Street,06-037-9033,AQS
2017-08-26,29,Unknown,Pomona,06-037-1701,AQS
2017-08-27,33,Unknown,Los Angeles-North Main Street,06-037-1103,AQS
2017-08-28,42,Unknown,Los Angeles-North Main Street,06-037-1103,AQS
2017-08-29,46,Unknown,Pomona,06-037-1701,AQS
2017-08-30,66,Unknown,Pomona,06-037-1701,AQS
2017-08-31,56,Unknown,Los Angeles-North Main Street,06-037-1103,AQS
2017-09-01,56,Unknown,Long Beach-Route 710 Near Road,06-037-4008,AQS
2017-09-02,47,Unknown,Los Angeles-North Main Street,06-037-1103,AQS
2017-09-03,41,Unknown,Los Angeles-North Main Street,06-037-1103,AQS
2017-09-04,18,Unknown,Anaheim Near-Road,06-059-0008,AQS
2017-09-05,33,Unknown,Long Beach-Route 710 Near Road,06-037-4008,AQS
2017-09-06,34,Unknown,Long Beach-Route 710 Near Road,06-037-4008,AQS
2017-09-07,43,Unknown,Los Angeles-North Main Street,06-037-1103,AQS
2017-09-08,35,Unknown,Lancaster-Division Street,06-037-9033,AQS
2017-09-09,25,Unknown,Pico Rivera #2,06-037-1602,AQS
2017-09-10,31,Unknown,Pomona,06-037-1701,AQS
2017-09-11,43,Unknown,Los Angeles-North Main Street,06-037-1103,AQS
2017-09-12,41,Unknown,Pomona,06-037-1701,AQS
2017-09-13,33,Unknown,Long Beach-Route 710 Near Road,06-037-4008,AQS
2017-09-14,32,Unknown,Pomona,06-037-1701,AQS
2017-09-15,29,Unknown,Pomona,06-037-1701,AQS
2017-09-16,25,Unknown,Los Angeles-North Main Street,06-037-1103,AQS
2017-09-17,23,Unknown,Anaheim Near-Road,06-059-0008,AQS
2017-09-18,46,Unknown,Long Beach-Route 710 Near Road,06-037-4008,AQS
2017-09-19,32,Unknown,Anaheim Near-Road,06-059-0008,AQS
2017-09-20,42,Unknown,Long Beach-Route 710 Near Road,06-037-4008,AQS
2017-09-21,29,Unknown,Long Beach-Route 710 Near Road,06-037-4008,AQS
2017-09-22,33,Unknown,Long Beach-Route 710 Near Road,06-037-4008,AQS
2017-09-23,29,Unknown,Pomona,06-037-1701,AQS
2017-09-24,41,Unknown,Anaheim Near-Road,06-059-0008,AQS
2017-09-25,62,Unknown,Long Beach-Route 710 Near Road,06-037-4008,AQS
2017-09-26,49,Unknown,Long Beach-Route 710 Near Road,06-037-4008,AQS
2017-09-27,55,Unknown,Los Angeles-North Main Street,06-037-1103,AQS
2017-09-28,63,Unknown,Long Beach-Route 710 Near Road,06-037-4008,AQS
2017-09-29,57,Unknown,Los Angeles-North Main Street,06-037-1103,AQS
2017-09-30,46,Unknown,Pomona,06-037-1701,AQS
2017-10-01,17,Unknown,Long Beach-Route 710 Near Road,06-037-4008,AQS
2017-10-02,42,Unknown,Long Beach-Route 710 Near Road,06-037-4008,AQS
2017-10-03,39,Unknown,Long Beach-Route 710 Near Road,06-037-4008,AQS
2017-10-04,46,Unknown,Long Beach-Route 710 Near Road,06-037-4008,AQS
2017-10-05,54,Unknown,Long Beach-Route 710 Near Road,06-037-4008,AQS
2017-10-06,79,Unknown,Los Angeles-North Main Street,06-037-1103,AQS
2017-10-07,53,Unknown,Long Beach-Route 710 Near Road,06-037-4008,AQS
2017-10-08,42,Unknown,Los Angeles-North Main Street,06-037-1103,AQS
2017-10-09,51,Unknown,Los Angeles-North Main Street,06-037-1103,AQS
2017-10-10,55,Unknown,Long Beach-Route 710 Near Road,06-037-4008,AQS
2017-10-11,47,Unknown,Pomona,06-037-1701,AQS
2017-10-12,42,Unknown,Long Beach-Route 710 Near Road,06-037-4008,AQS
2017-10-13,42,Unknown,Los Angeles-North Main Street,06-037-1103,AQS
2017-10-14,48,Unknown,Los Angeles-North Main Street,06-037-1103,AQS
2017-10-15,61,Unknown,Long Beach-Route 710 Near Road,06-037-4008,AQS
2017-10-16,87,Unknown,Long Beach-Route 710 Near Road,06-037-4008,AQS
2017-10-17,88,Unknown,Long Beach-Route 710 Near Road,06-037-4008,AQS
2017-10-18,54,Unknown,Pomona,06-037-1701,AQS
2017-10-19,48,Unknown,Long Beach-Route 710 Near Road,06-037-4008,AQS
2017-10-20,29,Unknown,Compton,06-037-1302,AQS
2017-10-21,46,Unknown,Anaheim,06-059-0007,AQS
2017-10-22,46,Unknown,Pasadena,06-037-2005,AQS
2017-10-23,73,Unknown,Long Beach-Route 710 Near Road,06-037-4008,AQS
2017-10-24,104,Unknown,Long Beach-Route 710 Near Road,06-037-4008,AQS
2017-10-25,71,Unknown,Long Beach-Route 710 Near Road,06-037-4008,AQS
2017-10-26,76,Unknown,Long Beach-Route 710 Near Road,06-037-4008,AQS
2017-10-27,74,Unknown,Los Angeles-North Main Street,06-037-1103,AQS
2017-10-28,42,Unknown,Pomona,06-037-1701,AQS
2017-10-29,25,Unknown,Pomona,06-037-1701,AQS
2017-10-30,35,Unknown,Long Beach-Route 710 Near Road,06-037-4008,AQS
2017-10-31,33,Unknown,Long Beach-Route 710 Near Road,06-037-4008,AQS
2017-11-01,34,Unknown,Long Beach-Route 710 Near Road,06-037-4008,AQS
2017-11-02,45,Unknown,Long Beach-Route 710 Near Road,06-037-4008,AQS
2017-11-03,37,Unknown,Pomona,06-037-1701,AQS
2017-11-04,35,Unknown,Long Beach-Route 710 Near Road,06-037-4008,AQS
2017-11-05,25,Unknown,Los Angeles-North Main Street,06-037-1103,AQS
2017-11-06,34,Unknown,Long Beach-Route 710 Near Road,06-037-4008,AQS
2017-11-07,48,Unknown,Long Beach-Route 710 Near Road,06-037-4008,AQS
2017-11-08,48,Unknown,Long Beach-Route 710 Near Road,06-037-4008,AQS
2017-11-09,33,Unknown,Long Beach-Route 710 Near Road,06-037-4008,AQS
2017-11-10,32,Unknown,Long Beach-Route 710 Near Road,06-037-4008,AQS
2017-11-11,34,Unknown,Long Beach-Route 710 Near Road,06-037-4008,AQS
2017-11-12,41,Unknown,Lancaster-Division Street,06-037-9033,AQS
2017-11-13,70,Unknown,Long Beach-Route 710 Near Road,06-037-4008,AQS
2017-11-14,72,Unknown,Long Beach-Route 710 Near Road,06-037-4008,AQS
2017-11-15,80,Unknown,Pomona,06-037-1701,AQS
2017-11-16,88,Unknown,Long Beach (Hudson),06-037-4006,AQS
2017-11-17,36,Unknown,Long Beach-Route 710 Near Road,06-037-4008,AQS
2017-11-18,40,Unknown,Pomona,06-037-1701,AQS
2017-11-19,45,Unknown,Pomona,06-037-1701,AQS
2017-11-20,60,Unknown,Long Beach-Route 710 Near Road,06-037-4008,AQS
2017-11-21,79,Unknown,Anaheim Near-Road,06-059-0008,AQS
2017-11-22,85,Unknown,Anaheim Near-Road,06-059-0008,AQS
2017-11-23,50,Unknown,Long Beach-Route 710 Near Road,06-037-4008,AQS
2017-11-24,60,Unknown,Reseda,06-037-1201,AQS
2017-11-25,51,Unknown,Reseda,06-037-1201,AQS
2017-11-26,38,Unknown,Pomona,06-037-1701,AQS
2017-11-27,42,Unknown,Long Beach-Route 710 Near Road,06-037-4008,AQS
2017-11-28,57,Unknown,Long Beach-Route 710 Near Road,06-037-4008,AQS
2017-11-29,53,Unknown,Reseda,06-037-1201,AQS
2017-11-30,70,Unknown,Long Beach-Route 710 Near Road,06-037-4008,AQS
2017-12-01,60,Unknown,Long Beach-Route 710 Near Road,06-037-4008,AQS
2017-12-02,60,Unknown,Long Beach-Route 710 Near Road,06-037-4008,AQS
2017-12-03,37,Unknown,Pico Rivera #2,06-037-1602,AQS
2017-12-04,52,Unknown,Long Beach-Route 710 Near Road,06-037-4008,AQS
2017-12-05,68,Unknown,Long Beach-Route 710 Near Road,06-037-4008,AQS
2017-12-06,96,Unknown,Long Beach-Route 710 Near Road,06-037-4008,AQS
2017-12-07,91,Unknown,Long Beach-Route 710 Near Road,06-037-4008,AQS
2017-12-08,68,Unknown,Long Beach-Route 710 Near Road,06-037-4008,AQS
2017-12-09,54,Unknown,Long Beach (Hudson),06-037-4006,AQS
2017-12-10,50,Unknown,Long Beach (Hudson),06-037-4006,AQS
2017-12-11,66,Unknown,Long Beach (Hudson),06-037-4006,AQS
2017-12-12,86,Unknown,Long Beach (Hudson),06-037-4006,AQS
2017-12-13,77,Unknown,Long Beach-Route 710 Near Road,06-037-4008,AQS
2017-12-14,76,Unknown,Long Beach (Hudson),06-037-4006,AQS
2017-12-15,69,Unknown,Long Beach-Route 710 Near Road,06-037-4008,AQS
2017-12-16,52,Unknown,Long Beach-Route 710 Near Road,06-037-4008,AQS
2017-12-17,42,Unknown,Compton,06-037-1302,AQS
2017-12-18,53,Unknown,Long Beach-Route 710 Near Road,06-037-4008,AQS
2017-12-19,57,Unknown,Long Beach-Route 710 Near Road,06-037-4008,AQS
2017-12-20,46,Unknown,Long Beach-Route 710 Near Road,06-037-4008,AQS
2017-12-21,62,Unknown,Long Beach-Route 710 Near Road,06-037-4008,AQS
2017-12-22,68,Unknown,Long Beach-Route 710 Near Road,06-037-4008,AQS
2017-12-23,48,Unknown,Long Beach (Hudson),06-037-4006,AQS
2017-12-24,52,Unknown,Pomona,06-037-1701,AQS
2017-12-25,57,Unknown,Pasadena,06-037-2005,AQS
2017-12-26,70,Unknown,Pasadena,06-037-2005,AQS
2017-12-27,87,Unknown,Long Beach (Hudson),06-037-4006,AQS
2017-12-28,84,Unknown,Long Beach (Hudson),06-037-4006,AQS
2017-12-29,80,Unknown,Long Beach-Route 710 Near Road,06-037-4008,AQS
2017-12-30,61,Unknown,Long Beach (Hudson),06-037-4006,AQS
2017-12-31,48,Unknown,Reseda,06-037-1201,AQS
2018-01-01,56,Unknown,Long Beach (Hudson),06-037-4006,AQS
2018-01-02,67,Unknown,Azusa,06-037-0002,AQS
2018-01-03,84,Unknown,Long Beach (Hudson),06-037-4006,AQS
2018-01-04,62,Unknown,West Los Angeles,06-037-0113,AQS
2018-01-05,56,Unknown,Long Beach-Route 710 Near Road,06-037-4008,AQS
2018-01-06,38,Unknown,Pomona,06-037-1701,AQS
2018-01-07,37,Unknown,Pomona,06-037-1701,AQS
2018-01-08,42,Unknown,Pomona,06-037-1701,AQS
2018-01-09,43,Unknown,Long Beach-Route 710 Near Road,06-037-4008,AQS
2018-01-10,37,Unknown,Long Beach (Hudson),06-037-4006,AQS
2018-01-11,48,Unknown,Compton,06-037-1302,AQS
2018-01-12,62,Unknown,Los Angeles-North Main Street,06-037-1103,AQS
2018-01-13,45,Unknown,Los Angeles-North Main Street,06-037-1103,AQS
2018-01-14,47,Unknown,Long Beach (Hudson),06-037-4006,AQS
2018-01-15,62,Unknown,Long Beach (Hudson),06-037-4006,AQS
2018-01-16,68,Unknown,Los Angeles-North Main Street,06-037-1103,AQS
2018-01-17,71,Unknown,Long Beach (Hudson),06-037-4006,AQS
2018-01-18,57,Unknown,Azusa,06-037-0002,AQS
2018-01-19,38,Unknown,Pasadena,06-037-2005,AQS
2018-01-20,35,Unknown,Anaheim,06-059-0007,AQS
2018-01-21,40,Unknown,Compton,06-037-1302,AQS
2018-01-22,44,Unknown,Anaheim,06-059-0007,AQS
2018-01-23,49,Unknown,Compton,06-037-1302,AQS
2018-01-24,48,Unknown,Pomona,06-037-1701,AQS
2018-01-25,41,Unknown,Compton,06-037-1302,AQS
2018-01-26,44,Unknown,Anaheim,06-059-0007,AQS
2018-01-27,48,Unknown,Anaheim,06-059-0007,AQS
2018-01-28,45,Unknown,Compton,06-037-1302,AQS
2018-01-29,68,Unknown,Long Beach-Route 710 Near Road,06-037-4008,AQS
2018-01-30,56,Unknown,Long Beach (Hudson),06-037-4006,AQS
2018-01-31,78,Unknown,Long Beach-Route 710 Near Road,06-037-4008,AQS
2018-02-01,88,Unknown,Long Beach-Route 710 Near Road,06-037-4008,AQS
2018-02-02,85,Unknown,Long Beach-Route 710 Near Road,06-037-4008,AQS
2018-02-03,89,Unknown,Long Beach-Route 710 Near Road,06-037-4008,AQS
2018-02-04,54,Unknown,Los Angeles-North Main Street,06-037-1103,AQS
2018-02-05,47,Unknown,Los Angeles-North Main Street,06-037-1103,AQS
2018-02-06,50,Unknown,Long Beach-Route 710 Near Road,06-037-4008,AQS
2018-02-07,64,Unknown,Long Beach-Route 710 Near Road,06-037-4008,AQS
2018-02-08,81,Unknown,Long Beach (Hudson),06-037-4006,AQS
2018-02-09,46,Unknown,Azusa,06-037-0002,AQS
2018-02-10,33,Unknown,Compton,06-037-1302,AQS
2018-02-11,32,Unknown,Los Angeles-North Main Street,06-037-1103,AQS
2018-02-12,33,Unknown,Long Beach-Route 710 Near Road,06-037-4008,AQS
2018-02-13,41,Unknown,Long Beach-Route 710 Near Road,06-037-4008,AQS
2018-02-14,51,Unknown,Long Beach-Route 710 Near Road,06-037-4008,AQS
2018-02-15,51,Unknown,Long Beach-Route 710 Near Road,06-037-4008,AQS
2018-02-16,58,Unknown,Long Beach-Route 710 Near Road,06-037-4008,AQS
2018-02-17,42,Unknown,Long Beach-Route 710 Near Road,06-037-4008,AQS
2018-02-18,34,Unknown,Reseda,06-037-1201,AQS
2018-02-19,26,Unknown,Pomona,06-037-1701,AQS
2018-02-20,51,Unknown,Long Beach-Route 710 Near Road,06-037-4008,AQS
2018-02-21,50,Unknown,Long Beach-Route 710 Near Road,06-037-4008,AQS
2018-02-22,42,Unknown,Long Beach (Hudson),06-037-4006,AQS
2018-02-23,40,Unknown,Anaheim,06-059-0007,AQS
2018-02-24,42,Unknown,Compton,06-037-1302,AQS
2018-02-25,43,Unknown,Anaheim,06-059-0007,AQS
2018-02-26,56,Unknown,Long Beach (Hudson),06-037-4006,AQS
2018-02-27,47,Unknown,Long Beach-Route 710 Near Road,06-037-4008,AQS
2018-02-28,47,Unknown,Long Beach-Route 710 Near Road,06-037-4008,AQS
2018-03-01,41,Unknown,LAX Hastings,06-037-5005,AQS
2018-03-02,32,Unknown,Compton,06-037-1302,AQS
2018-03-03,31,Unknown,LAX Hastings,06-037-5005,AQS
2018-03-04,34,Unknown,Anaheim,06-059-0007,AQS
2018-03-05,51,Unknown,Long Beach-Route 710 Near Road,06-037-4008,AQS
2018-03-06,60,Unknown,Long Beach-Route 710 Near Road,06-037-4008,AQS
2018-03-07,61,Unknown,Long Beach-Route 710 Near Road,06-037-4008,AQS
2018-03-08,60,Unknown,Long Beach (Hudson),06-037-4006,AQS
2018-03-09,44,Unknown,Pomona,06-037-1701,AQS
2018-03-10,25,Unknown,LAX Hastings,06-037-5005,AQS
2018-03-11,26,Unknown,Los Angeles-North Main Street,06-037-1103,AQS
2018-03-12,31,Unknown,Long Beach (Hudson),06-037-4006,AQS
2018-03-13,33,Unknown,Long Beach-Route 710 Near Road,06-037-4008,AQS
2018-03-14,27,Unknown,Long Beach-Route 710 Near Road,06-037-4008,AQS
2018-03-15,28,Unknown,Anaheim Near-Road,06-059-0008,AQS
2018-03-16,31,Unknown,LAX Hastings,06-037-5005,AQS
2018-03-17,22,Unknown,Pico Rivera #2,06-037-1602,AQS
2018-03-18,25,Unknown,Long Beach (Hudson),06-037-4006,AQS
2018-03-19,49,Unknown,Pomona,06-037-1701,AQS
2018-03-20,43,Unknown,Long Beach-Route 710 Near Road,06-037-4008,AQS
2018-03-21,48,Unknown,Pomona,06-037-1701,AQS
2018-03-22,29,Unknown,Long Beach-Route 710 Near Road,06-037-4008,AQS
2018-03-23,33,Unknown,Long Beach-Route 710 Near Road,06-037-4008,AQS
2018-03-24,25,Unknown,Pomona,06-037-1701,AQS
2018-03-25,22,Unknown,Los Angeles-North Main Street,06-037-1103,AQS
2018-03-26,41,Unknown,Long Beach-Route 710 Near Road,06-037-4008,AQS
2018-03-27,42,Unknown,Long Beach-Route 710 Near Road,06-037-4008,AQS
2018-03-28,41,Unknown,Long Beach-Route 710 Near Road,06-037-4008,AQS
2018-03-29,50,Unknown,Los Angeles-North Main Street,06-037-1103,AQS
2018-03-30,41,Unknown,Azusa,06-037-0002,AQS
2018-03-31,43,Unknown,Pomona,06-037-1701,AQS
2018-04-01,17,Unknown,Los Angeles-North Main Street,06-037-1103,AQS
2018-04-02,31,Unknown,Long Beach-Route 710 Near Road,06-037-4008,AQS
2018-04-03,36,Unknown,Long Beach-Route 710 Near Road,06-037-4008,AQS
2018-04-04,29,Unknown,Lancaster-Division Street,06-037-9033,AQS
2018-04-05,30,Unknown,Long Beach-Route 710 Near Road,06-037-4008,AQS
2018-04-06,34,Unknown,Los Angeles-North Main Street,06-037-1103,AQS
2018-04-07,20,Unknown,Los Angeles-North Main Street,06-037-1103,AQS
2018-04-08,31,Unknown,Long Beach-Route 710 Near Road,06-037-4008,AQS
2018-04-09,77,Unknown,Long Beach-Route 710 Near Road,06-037-4008,AQS
2018-04-10,52,Unknown,Los Angeles-North Main Street,06-037-1103,AQS
2018-04-11,43,Unknown,Pomona,06-037-1701,AQS
2018-04-12,42,Unknown,Long Beach-Route 710 Near Road,06-037-4008,AQS
2018-04-13,57,Unknown,Long Beach-Route 710 Near Road,06-037-4008,AQS
2018-04-14,49,Unknown,Long Beach-Route 710 Near Road,06-037-4008,AQS
2018-04-15,38,Unknown,Compton,06-037-1302,AQS
2018-04-16,34,Unknown,Anaheim Near-Road,06-059-0008,AQS
2018-04-17,51,Unknown,Long Beach-Route 710 Near Road,06-037-4008,AQS
2018-04-18,52,Unknown,Long Beach-Route 710 Near Road,06-037-4008,AQS
2018-04-19,33,Unknown,Long Beach-Route 710 Near Road,06-037-4008,AQS
2018-04-20,33,Unknown,Long Beach-Route 710 Near Road,06-037-4008,AQS
2018-04-21,36,Unknown,Long Beach-Route 710 Near Road,06-037-4008,AQS
2018-04-22,33,Unknown,Los Angeles-North Main Street,06-037-1103,AQS
2018-04-23,33,Unknown,Long Beach-Route 710 Near Road,06-037-4008,AQS
2018-04-24,42,Unknown,Long Beach-Route 710 Near Road,06-037-4008,AQS
2018-04-25,38,Unknown,Long Beach-Route 710 Near Road,06-037-4008,AQS
2018-04-26,40,Unknown,Lancaster-Division Street,06-037-9033,AQS
2018-04-27,29,Unknown,Long Beach-Route 710 Near Road,06-037-4008,AQS
2018-04-28,27,Unknown,Los Angeles-North Main Street,06-037-1103,AQS
2018-04-29,21,Unknown,Pomona,06-037-1701,AQS
2018-04-30,29,Unknown,Long Beach-Route 710 Near Road,06-037-4008,AQS
2018-05-01,34,Unknown,Long Beach-Route 710 Near Road,06-037-4008,AQS
2018-05-02,34,Unknown,Long Beach-Route 710 Near Road,06-037-4008,AQS
2018-05-03,40,Unknown,Long Beach-Route 710 Near Road,06-037-4008,AQS
2018-05-04,51,Unknown,Long Beach-Route 710 Near Road,06-037-4008,AQS
2018-05-05,42,Unknown,Long Beach-Route 710 Near Road,06-037-4008,AQS
2018-05-06,34,Unknown,Los Angeles-North Main Street,06-037-1103,AQS
2018-05-07,44,Unknown,Long Beach-Route 710 Near Road,06-037-4008,AQS
2018-05-08,33,Unknown,Long Beach-Route 710 Near Road,06-037-4008,AQS
2018-05-09,31,Unknown,Long Beach-Route 710 Near Road,06-037-4008,AQS
2018-05-10,28,Unknown,Long Beach-Route 710 Near Road,06-037-4008,AQS
2018-05-11,22,Unknown,Anaheim Near-Road,06-059-0008,AQS
2018-05-12,16,Unknown,Anaheim Near-Road,06-059-0008,AQS
2018-05-13,21,Unknown,Pico Rivera #2,06-037-1602,AQS
2018-05-14,29,Unknown,Long Beach-Route 710 Near Road,06-037-4008,AQS
2018-05-15,25,Unknown,Pico Rivera #2,06-037-1602,AQS
2018-05-16,33,Unknown,Long Beach-Route 710 Near Road,06-037-4008,AQS
2018-05-17,28,Unknown,Long Beach-Route 710 Near Road,06-037-4008,AQS
2018-05-18,27,Unknown,Anaheim Near-Road,06-059-0008,AQS
2018-05-19,23,Unknown,Los Angeles-North Main Street,06-037-1103,AQS
2018-05-20,17,Unknown,Anaheim Near-Road,06-059-0008,AQS
2018-05-21,32,Unknown,Long Beach-Route 710 Near Road,06-037-4008,AQS
2018-05-22,28,Unknown,Long Beach-Route 710 Near Road,06-037-4008,AQS
2018-05-23,38,Unknown,Long Beach-Route 710 Near Road,06-037-4008,AQS
2018-05-24,27,Unknown,Anaheim Near-Road,06-059-0008,AQS
2018-05-25,29,Unknown,Long Beach-Route 710 Near Road,06-037-4008,AQS
2018-05-26,20,Unknown,Pico Rivera #2,06-037-1602,AQS
2018-05-27,19,Unknown,Pomona,06-037-1701,AQS
2018-05-28,19,Unknown,Pico Rivera #2,06-037-1602,AQS
2018-05-29,27,Unknown,Lancaster-Division Street,06-037-9033,AQS
2018-05-30,22,Unknown,Long Beach-Route 710 Near Road,06-037-4008,AQS
2018-05-31,29,Unknown,Long Beach-Route 710 Near Road,06-037-4008,AQS
2018-06-01,34,Unknown,Pomona,06-037-1701,AQS
2018-06-02,31,Unknown,Pico Rivera #2,06-037-1602,AQS
2018-06-03,27,Unknown,Pico Rivera #2,06-037-1602,AQS
2018-06-04,28,Unknown,Los Angeles-North Main Street,06-037-1103,AQS
2018-06-05,25,Unknown,Long Beach-Route 710 Near Road,06-037-4008,AQS
2018-06-06,36,Unknown,Long Beach-Route 710 Near Road,06-037-4008,AQS
2018-06-07,36,Unknown,Long Beach-Route 710 Near Road,06-037-4008,AQS
2018-06-08,46,Unknown,Los Angeles-North Main Street,06-037-1103,AQS
2018-06-09,36,Unknown,Los Angeles-North Main Street,06-037-1103,AQS
2018-06-10,33,Unknown,Los Angeles-North Main Street,06-037-1103,AQS
2018-06-11,32,Unknown,Los Angeles-North Main Street,06-037-1103,AQS
2018-06-12,37,Unknown,Pomona,06-037-1701,AQS
2018-06-13,35,Unknown,Long Beach-Route 710 Near Road,06-037-4008,AQS
2018-06-14,41,Unknown,Long Beach-Route 710 Near Road,06-037-4008,AQS
2018-06-15,31,Unknown,Long Beach (Hudson),06-037-4006,AQS
2018-06-16,18,Unknown,Anaheim Near-Road,06-059-0008,AQS
2018-06-17,12,Unknown,Anaheim Near-Road,06-059-0008,AQS
2018-06-18,32,Unknown,Long Beach-Route 710 Near Road,06-037-4008,AQS
2018-06-19,28,Unknown,Long Beach-Route 710 Near Road,06-037-4008,AQS
2018-06-20,31,Unknown,Lancaster-Division Street,06-037-9033,AQS
2018-06-21,26,Unknown,Lancaster-Division Street,06-037-9033,AQS
2018-06-22,30,Unknown,Lancaster-Division Street,06-037-9033,AQS
2018-06-23,21,Unknown,Lancaster-Division Street,06-037-9033,AQS
2018-06-24,12,Unknown,Anaheim Near-Road,06-059-0008,AQS
2018-06-25,27,Unknown,Long Beach-Route 710 Near Road,06-037-4008,AQS
2018-06-26,34,Unknown,Pomona,06-037-1701,AQS
2018-06-27,28,Unknown,Pomona,06-037-1701,AQS
2018-06-28,25,Unknown,Long Beach-Route 710 Near Road,06-037-4008,AQS
2018-06-29,20,Unknown,Pomona,06-037-1701,AQS
2018-06-30,13,Unknown,Anaheim Near-Road,06-059-0008,AQS
2018-07-01,15,Unknown,Pomona,06-037-1701,AQS
2018-07-02,25,Unknown,Long Beach-Route 710 Near Road,06-037-4008,AQS
2018-07-03,22,Unknown,Long Beach-Route 710 Near Road,06-037-4008,AQS
2018-07-04,19,Unknown,La Habra,06-059-5001,AQS
2018-07-05,39,Unknown,Los Angeles-North Main Street,06-037-1103,AQS
2018-07-06,56,Unknown,Los Angeles-North Main Street,06-037-1103,AQS
2018-07-07,40,Unknown,Pomona,06-037-1701,AQS
2018-07-08,26,Unknown,Los Angeles-North Main Street,06-037-1103,AQS
2018-07-09,33,Unknown,Los Angeles-North Main Street,06-037-1103,AQS
2018-07-10,29,Unknown,Long Beach (Hudson),06-037-4006,AQS
2018-07-11,29,Unknown,Long Beach (Hudson),06-037-4006,AQS
2018-07-12,25,Unknown,Long Beach (Hudson),06-037-4006,AQS
2018-07-13,30,Unknown,Long Beach-Route 710 Near Road,06-037-4008,AQS
2018-07-14,23,Unknown,Long Beach-Route 710 Near Road,06-037-4008,AQS
2018-07-15,19,Unknown,Los Angeles-North Main Street,06-037-1103,AQS
2018-07-16,29,Unknown,Long Beach (Hudson),06-037-4006,AQS
2018-07-17,42,Unknown,Long Beach (Hudson),06-037-4006,AQS
2018-07-18,30,Unknown,Long Beach-Route 710 Near Road,06-037-4008,AQS
2018-07-19,26,Unknown,Long Beach (Hudson),06-037-4006,AQS
2018-07-20,30,Unknown,Long Beach (Hudson),06-037-4006,AQS
2018-07-21,15,Unknown,Long Beach-Route 710 Near Road,06-037-4008,AQS
2018-07-22,21,Unknown,Los Angeles-North Main Street,06-037-1103,AQS
2018-07-23,36,Unknown,Los Angeles-North Main Street,06-037-1103,AQS
2018-07-24,41,Unknown,Long Beach-Route 710 Near Road,06-037-4008,AQS
2018-07-25,30,Unknown,Long Beach-Route 710 Near Road,06-037-4008,AQS
2018-07-26,33,Unknown,Long Beach-Route 710 Near Road,06-037-4008,AQS
2018-07-27,34,Unknown,Long Beach-Route 710 Near Road,06-037-4008,AQS
2018-07-28,19,Unknown,Santa Clarita,06-037-6012,AQS
2018-07-29,18,Unknown,Los Angeles-North Main Street,06-037-1103,AQS
2018-07-30,33,Unknown,Long Beach-Route 710 Near Road,06-037-4008,AQS
2018-07-31,43,Unknown,Long Beach-Route 710 Near Road,06-037-4008,AQS
2018-08-01,38,Unknown,Pomona,06-037-1701,AQS
2018-08-02,28,Unknown,Pomona,06-037-1701,AQS
2018-08-03,40,Unknown,Pomona,06-037-1701,AQS
2018-08-04,27,Unknown,Azusa,06-037-0002,AQS
2018-08-05,28,Unknown,Pico Rivera #2,06-037-1602,AQS
2018-08-06,41,Unknown,Pomona,06-037-1701,AQS
2018-08-07,55,Unknown,Pomona,06-037-1701,AQS
2018-08-08,49,Unknown,Pomona,06-037-1701,AQS
2018-08-09,42,Unknown,Long Beach-Route 710 Near Road,06-037-4008,AQS
2018-08-10,39,Unknown,Long Beach-Route 710 Near Road,06-037-4008,AQS
2018-08-11,26,Unknown,Pomona,06-037-1701,AQS
2018-08-12,21,Unknown,Pomona,06-037-1701,AQS
2018-08-13,23,Unknown,Pomona,06-037-1701,AQS
2018-08-14,29,Unknown,Long Beach-Route 710 Near Road,06-037-4008,AQS
2018-08-15,31,Unknown,Lancaster-Division Street,06-037-9033,AQS
2018-08-16,21,Unknown,Long Beach-Route 710 Near Road,06-037-4008,AQS
2018-08-17,25,Unknown,Long Beach-Route 710 Near Road,06-037-4008,AQS
2018-08-18,18,Unknown,Anaheim Near-Road,06-059-0008,AQS
2018-08-19,25,Unknown,Pomona,06-037-1701,AQS
2018-08-20,28,Unknown,Long Beach-Route 710 Near Road,06-037-4008,AQS
2018-08-21,31,Unknown,Long Beach-Route 710 Near Road,06-037-4008,AQS
2018-08-22,28,Unknown,Long Beach-Route 710 Near Road,06-037-4008,AQS
2018-08-23,31,Unknown,Long Beach-Route 710 Near Road,06-037-4008,AQS
2018-08-24,32,Unknown,Long Beach-Route 710 Near Road,06-037-4008,AQS
2018-08-25,23,Unknown,Los Angeles-North Main Street,06-037-1103,AQS
2018-08-26,17,Unknown,Anaheim Near-Road,06-059-0008,AQS
2018-08-27,26,Unknown,Long Beach-Route 710 Near Road,06-037-4008,AQS
2018-08-28,27,Unknown,Long Beach-Route 710 Near Road,06-037-4008,AQS
2018-08-29,31,Unknown,Pomona,06-037-1701,AQS
2018-08-30,36,Unknown,Lancaster-Division Street,06-037-9033,AQS
2018-08-31,30,Unknown,Long Beach-Route 710 Near Road,06-037-4008,AQS
2018-09-01,26,Unknown,West Los Angeles,06-037-0113,AQS
2018-09-02,13,Unknown,Lancaster-Division Street,06-037-9033,AQS
2018-09-03,19,Unknown,Pomona,06-037-1701,AQS
2018-09-04,37,Unknown,Long Beach-Route 710 Near Road,06-037-4008,AQS
2018-09-05,38,Unknown,Long Beach-Route 710 Near Road,06-037-4008,AQS
2018-09-06,37,Unknown,Lancaster-Division Street,06-037-9033,AQS
2018-09-07,37,Unknown,Long Beach-Route 710 Near Road,06-037-4008,AQS
2018-09-08,45,Unknown,Pomona,06-037-1701,AQS
2018-09-09,42,Unknown,Pomona,06-037-1701,AQS
2018-09-10,38,Unknown,Long Beach-Route 710 Near Road,06-037-4008,AQS
2018-09-11,37,Unknown,Long Beach-Route 710 Near Road,06-037-4008,AQS
2018-09-12,33,Unknown,Pomona,06-037-1701,AQS
2018-09-13,50,Unknown,Long Beach-Route 710 Near Road,06-037-4008,AQS
2018-09-14,51,Unknown,Long Beach-Route 710 Near Road,06-037-4008,AQS
2018-09-15,35,Unknown,Pomona,06-037-1701,AQS
2018-09-16,30,Unknown,Los Angeles-North Main Street,06-037-1103,AQS
2018-09-17,47,Unknown,Long Beach-Route 710 Near Road,06-037-4008,AQS
2018-09-18,46,Unknown,Pomona,06-037-1701,AQS
2018-09-19,41,Unknown,Long Beach-Route 710 Near Road,06-037-4008,AQS
2018-09-20,44,Unknown,Lancaster-Division Street,06-037-9033,AQS
2018-09-21,38,Unknown,Lancaster-Division Street,06-037-9033,AQS
2018-09-22,31,Unknown,Pomona,06-037-1701,AQS
2018-09-23,26,Unknown,Pomona,06-037-1701,AQS
2018-09-24,30,Unknown,Lancaster-Division Street,06-037-9033,AQS
2018-09-25,36,Unknown,Long Beach-Route 710 Near Road,06-037-4008,AQS
2018-09-26,40,Unknown,Pomona,06-037-1701,AQS
2018-09-27,43,Unknown,Long Beach-Route 710 Near Road,06-037-4008,AQS
2018-09-28,33,Unknown,Lancaster-Division Street,06-037-9033,AQS
2018-09-29,22,Unknown,Pico Rivera #2,06-037-1602,AQS
2018-09-30,31,Unknown,Pico Rivera #2,06-037-1602,AQS
2018-10-01,62,Unknown,Long Beach-Route 710 Near Road,06-037-4008,AQS
2018-10-02,33,Unknown,Long Beach-Route 710 Near Road,06-037-4008,AQS
2018-10-03,23,Unknown,Pomona,06-037-1701,AQS
2018-10-04,28,Unknown,Long Beach-Route 710 Near Road,06-037-4008,AQS
2018-10-05,28,Unknown,Pomona,06-037-1701,AQS
2018-10-06,25,Unknown,Pomona,06-037-1701,AQS
2018-10-07,25,Unknown,LAX Hastings,06-037-5005,AQS
2018-10-08,31,Unknown,Long Beach-Route 710 Near Road,06-037-4008,AQS
2018-10-09,34,Unknown,Long Beach-Route 710 Near Road,06-037-4008,AQS
2018-10-10,37,Unknown,Long Beach-Route 710 Near Road,06-037-4008,AQS
2018-10-11,45,Unknown,Long Beach-Route 710 Near Road,06-037-4008,AQS
2018-10-12,42,Unknown,Long Beach-Route 710 Near Road,06-037-4008,AQS
2018-10-13,27,Unknown,Long Beach-Route 710 Near Road,06-037-4008,AQS
2018-10-14,22,Unknown,Pomona,06-037-1701,AQS
2018-10-15,57,Unknown,Long Beach (Hudson),06-037-4006,AQS
2018-10-16,58,Unknown,Long Beach-Route 710 Near Road,06-037-4008,AQS
2018-10-17,60,Unknown,Long Beach-Route 710 Near Road,06-037-4008,AQS
2018-10-18,66,Unknown,Long Beach-Route 710 Near Road,06-037-4008,AQS
2018-10-19,69,Unknown,Long Beach-Route 710 Near Road,06-037-4008,AQS
2018-10-20,57,Unknown,Long Beach-Route 710 Near Road,06-037-4008,AQS
2018-10-21,40,Unknown,LAX Hastings,06-037-5005,AQS
2018-10-22,42,Unknown,Long Beach-Route 710 Near Road,06-037-4008,AQS
2018-10-23,42,Unknown,Long Beach-Route 710 Near Road,06-037-4008,AQS
2018-10-24,44,Unknown,LAX Hastings,06-037-5005,AQS
2018-10-25,43,Unknown,Azusa,06-037-0002,AQS
2018-10-26,79,Unknown,Long Beach-Route 710 Near Road,06-037-4008,AQS
2018-10-27,55,Unknown,Long Beach-Route 710 Near Road,06-037-4008,AQS
2018-10-28,38,Unknown,LAX Hastings,06-037-5005,AQS
2018-10-29,52,Unknown,Pomona,06-037-1701,AQS
2018-10-30,48,Unknown,Long Beach-Route 710 Near Road,06-037-4008,AQS
2018-10-31,60,Unknown,Long Beach-Route 710 Near Road,06-037-4008,AQS
2018-11-01,52,Unknown,Anaheim,06-059-0007,AQS
2018-11-02,55,Unknown,Long Beach (Hudson),06-037-4006,AQS
2018-11-03,49,Unknown,Los Angeles-North Main Street,06-037-1103,AQS
2018-11-04,46,Unknown,Reseda,06-037-1201,AQS
2018-11-05,45,Unknown,Pomona,06-037-1701,AQS
2018-11-06,35,Unknown,Lancaster-Division Street,06-037-9033,AQS
2018-11-07,34,Unknown,Long Beach (Hudson),06-037-4006,AQS
2018-11-08,68,Unknown,Long Beach-Route 710 Near Road,06-037-4008,AQS
2018-11-09,73,Unknown,Long Beach-Route 710 Near Road,06-037-4008,AQS
2018-11-10,48,Unknown,Long Beach-Route 710 Near Road,06-037-4008,AQS
2018-11-11,52,Unknown,Pomona,06-037-1701,AQS
2018-11-12,66,Unknown,Long Beach-Route 710 Near Road,06-037-4008,AQS
2018-11-13,73,Unknown,Long Beach-Route 710 Near Road,06-037-4008,AQS
2018-11-14,66,Unknown,Long Beach-Route 710 Near Road,06-037-4008,AQS
2018-11-15,68,Unknown,Long Beach-Route 710 Near Road,06-037-4008,AQS
2018-11-16,62,Unknown,Long Beach-Route 710 Near Road,06-037-4008,AQS
2018-11-17,41,Unknown,Reseda,06-037-1201,AQS
2018-11-18,48,Unknown,Pomona,06-037-1701,AQS
2018-11-19,78,Unknown,Long Beach-Route 710 Near Road,06-037-4008,AQS
2018-11-20,65,Unknown,Long Beach-Route 710 Near Road,06-037-4008,AQS
2018-11-21,55,Unknown,Long Beach-Route 710 Near Road,06-037-4008,AQS
2018-11-22,23,Unknown,Long Beach-Route 710 Near Road,06-037-4008,AQS
2018-11-23,31,Unknown,Long Beach-Route 710 Near Road,06-037-4008,AQS
2018-11-24,30,Unknown,Long Beach-Route 710 Near Road,06-037-4008,AQS
2018-11-25,35,Unknown,Long Beach-Route 710 Near Road,06-037-4008,AQS
2018-11-26,57,Unknown,Long Beach-Route 710 Near Road,06-037-4008,AQS
2018-11-27,62,Unknown,Long Beach-Route 710 Near Road,06-037-4008,AQS
2018-11-28,40,Unknown,Pico Rivera #2,06-037-1602,AQS
2018-11-29,37,Unknown,Long Beach-Route 710 Near Road,06-037-4008,AQS
2018-11-30,41,Unknown,Long Beach-Route 710 Near Road,06-037-4008,AQS
2018-12-01,37,Unknown,Long Beach-Route 710 Near Road,06-037-4008,AQS
2018-12-02,34,Unknown,Long Beach (Hudson),06-037-4006,AQS
2018-12-03,52,Unknown,Long Beach-Route 710 Near Road,06-037-4008,AQS
2018-12-04,54,Unknown,Long Beach-Route 710 Near Road,06-037-4008,AQS
2018-12-05,58,Unknown,Long Beach-Route 710 Near Road,06-037-4008,AQS
2018-12-06,46,Unknown,Long Beach-Route 710 Near Road,06-037-4008,AQS
2018-12-07,42,Unknown,Long Beach-Route 710 Near Road,06-037-4008,AQS
2018-12-08,36,Unknown,Anaheim Near-Road,06-059-0008,AQS
2018-12-09,38,Unknown,Anaheim Near-Road,06-059-0008,AQS
2018-12-10,57,Unknown,Long Beach-Route 710 Near Road,06-037-4008,AQS
2018-12-11,57,Unknown,Long Beach-Route 710 Near Road,06-037-4008,AQS
2018-12-12,53,Unknown,Long Beach-Route 710 Near Road,06-037-4008,AQS
2018-12-13,71,Unknown,Long Beach-Route 710 Near Road,06-037-4008,AQS
2018-12-14,78,Unknown,Long Beach-Route 710 Near Road,06-037-4008,AQS
2018-12-15,46,Unknown,Long Beach-Route 710 Near Road,06-037-4008,AQS
2018-12-16,41,Unknown,Pomona,06-037-1701,AQS
2018-12-17,38,Unknown,Long Beach-Route 710 Near Road,06-037-4008,AQS
2018-12-18,47,Unknown,Long Beach-Route 710 Near Road,06-037-4008,AQS
2018-12-19,68,Unknown,Long Beach-Route 710 Near Road,06-037-4008,AQS
2018-12-20,81,Unknown,Long Beach-Route 710 Near Road,06-037-4008,AQS
2018-12-21,56,Unknown,Long Beach-Route 710 Near Road,06-037-4008,AQS
2018-12-22,51,Unknown,Pico Rivera #2,06-037-1602,AQS
2018-12-23,44,Unknown,Los Angeles-North Main Street,06-037-1103,AQS
2018-12-24,36,Unknown,LAX Hastings,06-037-5005,AQS
2018-12-25,29,Unknown,Anaheim,06-059-0007,AQS
2018-12-26,41,Unknown,Long Beach-Route 710 Near Road,06-037-4008,AQS
2018-12-27,37,Unknown,Long Beach-Route 710 Near Road,06-037-4008,AQS
2018-12-28,57,Unknown,Long Beach-Route 710 Near Road,06-037-4008,AQS
2018-12-29,55,Unknown,Long Beach-Route 710 Near Road,06-037-4008,AQS
2018-12-30,37,Unknown,Long Beach-Route 710 Near Road,06-037-4008,AQS
2018-12-31,42,Unknown,Long Beach-Route 710 Near Road,06-037-4008,AQS
2019-01-01,37,Unknown,Long Beach-Route 710 Near Road,06-037-4008,AQS
2019-01-02,68,Unknown,Long Beach-Route 710 Near Road,06-037-4008,AQS
2019-01-03,64,Unknown,Long Beach-Route 710 Near Road,06-037-4008,AQS
2019-01-04,61,Unknown,Long Beach-Route 710 Near Road,06-037-4008,AQS
2019-01-05,44,Unknown,Long Beach-Route 710 Near Road,06-037-4008,AQS
2019-01-06,33,Unknown,Long Beach-Route 710 Near Road,06-037-4008,AQS
2019-01-07,53,Unknown,Long Beach-Route 710 Near Road,06-037-4008,AQS
2019-01-08,53,Unknown,Long Beach-Route 710 Near Road,06-037-4008,AQS
2019-01-09,48,Unknown,Long Beach-Route 710 Near Road,06-037-4008,AQS
2019-01-10,47,Unknown,Long Beach-Route 710 Near Road,06-037-4008,AQS
2019-01-11,35,Unknown,Pomona,06-037-1701,AQS
2019-01-12,36,Unknown,Long Beach-Route 710 Near Road,06-037-4008,AQS
2019-01-13,45,Unknown,LAX Hastings,06-037-5005,AQS
2019-01-14,43,Unknown,Long Beach-Route 710 Near Road,06-037-4008,AQS
2019-01-15,42,Unknown,Long Beach-Route 710 Near Road,06-037-4008,AQS
2019-01-16,38,Unknown,LAX Hastings,06-037-5005,AQS
2019-01-17,44,Unknown,Long Beach-Route 710 Near Road,06-037-4008,AQS
2019-01-18,43,Unknown,Long Beach-Route 710 Near Road,06-037-4008,AQS
2019-01-19,41,Unknown,Anaheim,06-059-0007,AQS
2019-01-20,29,Unknown,Long Beach-Route 710 Near Road,06-037-4008,AQS
2019-01-21,39,Unknown,Long Beach-Route 710 Near Road,06-037-4008,AQS
2019-01-22,71,Unknown,Long Beach-Route 710 Near Road,06-037-4008,AQS
2019-01-23,63,Unknown,Long Beach-Route 710 Near Road,06-037-4008,AQS
2019-01-24,76,Unknown,Long Beach-Route 710 Near Road,06-037-4008,AQS
2019-01-25,62,Unknown,Long Beach-Route 710 Near Road,06-037-4008,AQS
2019-01-26,57,Unknown,Long Beach-Route 710 Near Road,06-037-4008,AQS
2019-01-27,50,Unknown,Long Beach-Route 710 Near Road,06-037-4008,AQS
2019-01-28,77,Unknown,Long Beach-Route 710 Near Road,06-037-4008,AQS
2019-01-29,67,Unknown,Los Angeles-North Main Street,06-037-1103,AQS
2019-01-30,40,Unknown,Long Beach-Route 710 Near Road,06-037-4008,AQS
2019-01-31,31,Unknown,Anaheim,06-059-0007,AQS
2019-02-01,37,Unknown,Long Beach-Route 710 Near Road,06-037-4008,AQS
2019-02-02,26,Unknown,Compton,06-037-1302,AQS
2019-02-03,25,Unknown,West Los Angeles,06-037-0113,AQS
2019-02-04,40,Unknown,Long Beach-Route 710 Near Road,06-037-4008,AQS
2019-02-05,46,Unknown,Long Beach-Route 710 Near Road,06-037-4008,AQS
2019-02-06,52,Unknown,Long Beach-Route 710 Near Road,06-037-4008,AQS
2019-02-07,49,Unknown,Long Beach-Route 710 Near Road,06-037-4008,AQS
2019-02-08,56,Unknown,Long Beach-Route 710 Near Road,06-037-4008,AQS
2019-02-09,40,Unknown,Long Beach-Route 710 Near Road,06-037-4008,AQS
2019-02-10,32,Unknown,Anaheim,06-059-0007,AQS
2019-02-11,57,Unknown,Long Beach-Route 710 Near Road,06-037-4008,AQS
2019-02-12,50,Unknown,Long Beach-Route 710 Near Road,06-037-4008,AQS
2019-02-13,42,Unknown,LAX Hastings,06-037-5005,AQS
2019-02-14,44,Unknown,Long Beach-Route 710 Near Road,06-037-4008,AQS
2019-02-15,36,Unknown,Long Beach-Route 710 Near Road,06-037-4008,AQS
2019-02-16,28,Unknown,Long Beach-Route 710 Near Road,06-037-4008,AQS
2019-02-17,24,Unknown,Anaheim,06-059-0007,AQS
2019-02-18,44,Unknown,Long Beach-Route 710 Near Road,06-037-4008,AQS
2019-02-19,54,Unknown,Long Beach-Route 710 Near Road,06-037-4008,AQS
2019-02-20,40,Unknown,Long Beach-Route 710 Near Road,06-037-4008,AQS
2019-02-21,52,Unknown,Long Beach-Route 710 Near Road,06-037-4008,AQS
2019-02-22,45,Unknown,Long Beach-Route 710 Near Road,06-037-4008,AQS
2019-02-23,37,Unknown,Long Beach-Route 710 Near Road,06-037-4008,AQS
2019-02-24,37,Unknown,Pomona,06-037-1701,AQS
2019-02-25,48,Unknown,Long Beach-Route 710 Near Road,06-037-4008,AQS
2019-02-26,43,Unknown,Pomona,06-037-1701,AQS
2019-02-27,38,Unknown,Long Beach-Route 710 Near Road,06-037-4008,AQS
2019-02-28,29,Unknown,Pomona,06-037-1701,AQS
2019-03-01,30,Unknown,Azusa,06-037-0002,AQS
2019-03-02,31,Unknown,Azusa,06-037-0002,AQS
2019-03-03,15,Unknown,Anaheim Near-Road,06-059-0008,AQS
2019-03-04,42,Unknown,Long Beach-Route 710 Near Road,06-037-4008,AQS
2019-03-05,41,Unknown,Pomona,06-037-1701,AQS
2019-03-06,37,Unknown,Long Beach-Route 710 Near Road,06-037-4008,AQS
2019-03-07,43,Unknown,Long Beach-Route 710 Near Road,06-037-4008,AQS
2019-03-08,43,Unknown,Long Beach-Route 710 Near Road,06-037-4008,AQS
2019-03-09,25,Unknown,Los Angeles-North Main Street,06-037-1103,AQS
2019-03-10,33,Unknown,Long Beach-Route 710 Near Road,06-037-4008,AQS
2019-03-11,45,Unknown,Long Beach-Route 710 Near Road,06-037-4008,AQS
2019-03-12,37,Unknown,Long Beach-Route 710 Near Road,06-037-4008,AQS
2019-03-13,43,Unknown,Long Beach-Route 710 Near Road,06-037-4008,AQS
2019-03-14,48,Unknown,Long Beach-Route 710 Near Road,06-037-4008,AQS
2019-03-15,52,Unknown,Long Beach-Route 710 Near Road,06-037-4008,AQS
2019-03-16,52,Unknown,Long Beach (Hudson),06-037-4006,AQS
2019-03-17,47,Unknown,LAX Hastings,06-037-5005,AQS
2019-03-18,46,Unknown,Long Beach-Route 710 Near Road,06-037-4008,AQS
2019-03-19,42,Unknown,Los Angeles-North Main Street,06-037-1103,AQS
2019-03-20,44,Unknown,Long Beach-Route 710 Near Road,06-037-4008,AQS
2019-03-21,45,Unknown,Long Beach-Route 710 Near Road,06-037-4008,AQS
2019-03-22,43,Unknown,Long Beach-Route 710 Near Road,06-037-4008,AQS
2019-03-23,27,Unknown,Compton,06-037-1302,AQS
2019-03-24,30,Unknown,Pico Rivera #2,06-037-1602,AQS
2019-03-25,47,Unknown,Long Beach-Route 710 Near Road,06-037-4008,AQS
2019-03-26,53,Unknown,Long Beach-Route 710 Near Road,06-037-4008,AQS
2019-03-27,32,Unknown,Long Beach-Route 710 Near Road,06-037-4008,AQS
2019-03-28,33,Unknown,Pomona,06-037-1701,AQS
2019-03-29,37,Unknown,Long Beach-Route 710 Near Road,06-037-4008,AQS
2019-03-30,38,Unknown,Pico Rivera #2,06-037-1602,AQS
2019-03-31,44,Unknown,Long Beach (Hudson),06-037-4006,AQS
2019-04-01,48,Unknown,Compton,06-037-1302,AQS
2019-04-02,38,Unknown,Pomona,06-037-1701,AQS
2019-04-03,32,Unknown,Long Beach-Route 710 Near Road,06-037-4008,AQS
2019-04-04,29,Unknown,Long Beach-Route 710 Near Road,06-037-4008,AQS
2019-04-05,36,Unknown,Long Beach-Route 710 Near Road,06-037-4008,AQS
2019-04-06,21,Unknown,Los Angeles-North Main Street,06-037-1103,AQS
2019-04-07,33,Unknown,Compton,06-037-1302,AQS
2019-04-08,55,Unknown,Long Beach (Hudson),06-037-4006,AQS
2019-04-09,30,Unknown,Pomona,06-037-1701,AQS
2019-04-10,44,Unknown,Long Beach-Route 710 Near Road,06-037-4008,AQS
2019-04-11,42,Unknown,Long Beach-Route 710 Near Road,06-037-4008,AQS
2019-04-12,34,Unknown,Los Angeles-North Main Street,06-037-1103,AQS
2019-04-13,29,Unknown,Long Beach-Route 710 Near Road,06-037-4008,AQS
2019-04-14,28,Unknown,Pomona,06-037-1701,AQS
2019-04-15,37,Unknown,Long Beach-Route 710 Near Road,06-037-4008,AQS
2019-04-16,33,Unknown,Long Beach-Route 710 Near Road,06-037-4008,AQS
2019-04-17,49,Unknown,Long Beach-Route 710 Near Road,06-037-4008,AQS
2019-04-18,61,Unknown,Long Beach-Route 710 Near Road,06-037-4008,AQS
2019-04-19,41,Unknown,Long Beach-Route 710 Near Road,06-037-4008,AQS
2019-04-20,20,Unknown,Anaheim Near-Road,06-059-0008,AQS
2019-04-21,19,Unknown,Los Angeles-North Main Street,06-037-1103,AQS
2019-04-22,38,Unknown,Long Beach-Route 710 Near Road,06-037-4008,AQS
2019-04-23,42,Unknown,Long Beach-Route 710 Near Road,06-037-4008,AQS
2019-04-24,39,Unknown,Lancaster-Division Street,06-037-9033,AQS
2019-04-25,33,Unknown,Long Beach-Route 710 Near Road,06-037-4008,AQS
2019-04-26,37,Unknown,Long Beach-Route 710 Near Road,06-037-4008,AQS
2019-04-27,18,Unknown,Anaheim Near-Road,06-059-0008,AQS
2019-04-28,18,Unknown,Long Beach (Hudson),06-037-4006,AQS
2019-04-29,33,Unknown,Long Beach-Route 710 Near Road,06-037-4008,AQS
2019-04-30,50,Unknown,Long Beach-Route 710 Near Road,06-037-4008,AQS
2019-05-01,42,Unknown,Long Beach-Route 710 Near Road,06-037-4008,AQS
2019-05-02,38,Unknown,Long Beach-Route 710 Near Road,06-037-4008,AQS
2019-05-03,33,Unknown,Lancaster-Division Street,06-037-9033,AQS
2019-05-04,24,Unknown,Pomona,06-037-1701,AQS
2019-05-05,18,Unknown,Anaheim Near-Road,06-059-0008,AQS
2019-05-06,41,Unknown,Long Beach-Route 710 Near Road,06-037-4008,AQS
2019-05-07,30,Unknown,Long Beach-Route 710 Near Road,06-037-4008,AQS
2019-05-08,40,Unknown,Long Beach-Route 710 Near Road,06-037-4008,AQS
2019-05-09,32,Unknown,Long Beach-Route 710 Near Road,06-037-4008,AQS
2019-05-10,28,Unknown,Los Angeles-North Main Street,06-037-1103,AQS
2019-05-11,26,Unknown,Long Beach-Route 710 Near Road,06-037-4008,AQS
2019-05-12,20,Unknown,Pomona,06-037-1701,AQS
2019-05-13,31,Unknown,Long Beach-Route 710 Near Road,06-037-4008,AQS
2019-05-14,35,Unknown,Long Beach-Route 710 Near Road,06-037-4008,AQS
2019-05-15,33,Unknown,Long Beach-Route 710 Near Road,06-037-4008,AQS
2019-05-16,41,Unknown,Long Beach-Route 710 Near Road,06-037-4008,AQS
2019-05-17,41,Unknown,Long Beach-Route 710 Near Road,06-037-4008,AQS
2019-05-18,23,Unknown,Pomona,06-037-1701,AQS
2019-05-19,13,Unknown,Anaheim Near-Road,06-059-0008,AQS
2019-05-20,39,Unknown,Long Beach-Route 710 Near Road,06-037-4008,AQS
2019-05-21,37,Unknown,Long Beach-Route 710 Near Road,06-037-4008,AQS
2019-05-22,35,Unknown,Long Beach-Route 710 Near Road,06-037-4008,AQS
2019-05-23,38,Unknown,Long Beach-Route 710 Near Road,06-037-4008,AQS
2019-05-24,41,Unknown,Long Beach-Route 710 Near Road,06-037-4008,AQS
2019-05-25,24,Unknown,Long Beach-Route 710 Near Road,06-037-4008,AQS
2019-05-26,15,Unknown,Anaheim Near-Road,06-059-0008,AQS
2019-05-27,24,Unknown,Long Beach (Hudson),06-037-4006,AQS
2019-05-28,37,Unknown,Long Beach-Route 710 Near Road,06-037-4008,AQS
2019-05-29,38,Unknown,Long Beach-Route 710 Near Road,06-037-4008,AQS
2019-05-30,30,Unknown,Long Beach-Route 710 Near Road,06-037-4008,AQS
2019-05-31,28,Unknown,Anaheim Near-Road,06-059-0008,AQS
2019-06-01,21,Unknown,Anaheim Near-Road,06-059-0008,AQS
2019-06-02,17,Unknown,Anaheim Near-Road,06-059-0008,AQS
2019-06-03,46,Unknown,Long Beach-Route 710 Near Road,06-037-4008,AQS
2019-06-04,32,Unknown,Lancaster-Division Street,06-037-9033,AQS
2019-06-05,28,Unknown,Long Beach-Route 710 Near Road,06-037-4008,AQS
2019-06-06,30,Unknown,Long Beach-Route 710 Near Road,06-037-4008,AQS
2019-06-07,24,Unknown,Long Beach-Route 710 Near Road,06-037-4008,AQS
2019-06-08,20,Unknown,Los Angeles-North Main Street,06-037-1103,AQS
2019-06-09,25,Unknown,Pomona,06-037-1701,AQS
2019-06-10,52,Unknown,Long Beach-Route 710 Near Road,06-037-4008,AQS
2019-06-11,43,Unknown,Pomona,06-037-1701,AQS
2019-06-12,29,Unknown,Long Beach-Route 710 Near Road,06-037-4008,AQS
2019-06-13,25,Unknown,Long Beach (Hudson),06-037-4006,AQS
2019-06-14,28,Unknown,Long Beach-Route 710 Near Road,06-037-4008,AQS
2019-06-15,13,Unknown,Anaheim Near-Road,06-059-0008,AQS
2019-06-16,16,Unknown,Anaheim Near-Road,06-059-0008,AQS
2019-06-17,22,Unknown,Anaheim Near-Road,06-059-0008,AQS
2019-06-18,28,Unknown,Long Beach-Route 710 Near Road,06-037-4008,AQS
2019-06-19,28,Unknown,Long Beach-Route 710 Near Road,06-037-4008,AQS
2019-06-20,29,Unknown,Long Beach-Route 710 Near Road,06-037-4008,AQS
2019-06-21,19,Unknown,Anaheim Near-Road,06-059-0008,AQS
2019-06-22,20,Unknown,Long Beach-Route 710 Near Road,06-037-4008,AQS
2019-06-23,16,Unknown,Santa Clarita,06-037-6012,AQS
2019-06-24,42,Unknown,Long Beach-Route 710 Near Road,06-037-4008,AQS
2019-06-25,28,Unknown,Long Beach-Route 710 Near Road,06-037-4008,AQS
2019-06-26,28,Unknown,Long Beach-Route 710 Near Road,06-037-4008,AQS
2019-06-27,30,Unknown,Long Beach-Route 710 Near Road,06-037-4008,AQS
2019-06-28,35,Unknown,Long Beach-Route 710 Near Road,06-037-4008,AQS
2019-06-29,28,Unknown,Azusa,06-037-0002,AQS
2019-06-30,25,Unknown,Los Angeles-North Main Street,06-037-1103,AQS
2019-07-01,36,Unknown,Los Angeles-North Main Street,06-037-1103,AQS
2019-07-02,31,Unknown,Long Beach-Route 710 Near Road,06-037-4008,AQS
2019-07-03,28,Unknown,Long Beach-Route 710 Near Road,06-037-4008,AQS
2019-07-04,17,Unknown,Anaheim Near-Road,06-059-0008,AQS
2019-07-05,23,Unknown,Los Angeles-North Main Street,06-037-1103,AQS
2019-07-06,17,Unknown,Long Beach (Hudson),06-037-4006,AQS
2019-07-07,11,Unknown,Anaheim Near-Road,06-059-0008,AQS
2019-07-08,26,Unknown,Long Beach-Route 710 Near Road,06-037-4008,AQS
2019-07-09,32,Unknown,Long Beach-Route 710 Near Road,06-037-4008,AQS
2019-07-10,36,Unknown,Long Beach-Route 710 Near Road,06-037-4008,AQS
2019-07-11,35,Unknown,Los Angeles-North Main Street,06-037-1103,AQS
2019-07-12,34,Unknown,Los Angeles-North Main Street,06-037-1103,AQS
2019-07-13,27,Unknown,Pomona,06-037-1701,AQS
2019-07-14,18,Unknown,Los Angeles-North Main Street,06-037-1103,AQS
2019-07-15,35,Unknown,Azusa,06-037-0002,AQS
2019-07-16,45,Unknown,Los Angeles-North Main Street,06-037-1103,AQS
2019-07-17,21,Unknown,Santa Clarita,06-037-6012,AQS
2019-07-18,30,Unknown,Long Beach-Route 710 Near Road,06-037-4008,AQS
2019-07-19,21,Unknown,Long Beach-Route 710 Near Road,06-037-4008,AQS
2019-07-20,16,Unknown,Pomona,06-037-1701,AQS
2019-07-21,19,Unknown,Azusa,06-037-0002,AQS
2019-07-22,33,Unknown,Long Beach-Route 710 Near Road,06-037-4008,AQS
2019-07-23,42,Unknown,Long Beach-Route 710 Near Road,06-037-4008,AQS
2019-07-24,45,Unknown,Long Beach-Route 710 Near Road,06-037-4008,AQS
2019-07-25,39,Unknown,Los Angeles-North Main Street,06-037-1103,AQS
2019-07-26,37,Unknown,Los Angeles-North Main Street,06-037-1103,AQS
2019-07-27,34,Unknown,Pomona,06-037-1701,AQS
2019-07-28,25,Unknown,Pico Rivera #2,06-037-1602,AQS
2019-07-29,31,Unknown,Long Beach-Route 710 Near Road,06-037-4008,AQS
2019-07-30,33,Unknown,Long Beach-Route 710 Near Road,06-037-4008,AQS
2019-07-31,28,Unknown,Long Beach-Route 710 Near Road,06-037-4008,AQS
2019-08-01,34,Unknown,Pomona,06-037-1701,AQS
2019-08-02,43,Unknown,Pomona,06-037-1701,AQS
2019-08-03,39,Unknown,Pomona,06-037-1701,AQS
2019-08-04,26,Unknown,Pico Rivera #2,06-037-1602,AQS
2019-08-05,42,Unknown,Long Beach-Route 710 Near Road,06-037-4008,AQS
2019-08-06,42,Unknown,Long Beach-Route 710 Near Road,06-037-4008,AQS
2019-08-07,28,Unknown,Lancaster-Division Street,06-037-9033,AQS
2019-08-08,35,Unknown,Long Beach-Route 710 Near Road,06-037-4008,AQS
2019-08-09,32,Unknown,Pomona,06-037-1701,AQS
2019-08-10,33,Unknown,Los Angeles-North Main Street,06-037-1103,AQS
2019-08-11,20,Unknown,Pico Rivera #2,06-037-1602,AQS
2019-08-12,29,Unknown,Long Beach-Route 710 Near Road,06-037-4008,AQS
2019-08-13,44,Unknown,Pomona,06-037-1701,AQS
2019-08-14,51,Unknown,Pomona,06-037-1701,AQS
2019-08-15,49,Unknown,Pomona,06-037-1701,AQS
2019-08-16,28,Unknown,Los Angeles-North Main Street,06-037-1103,AQS
2019-08-17,16,Unknown,Pico Rivera #2,06-037-1602,AQS
2019-08-18,18,Unknown,Anaheim Near-Road,06-059-0008,AQS
2019-08-19,29,Unknown,Long Beach-Route 710 Near Road,06-037-4008,AQS
2019-08-20,34,Unknown,Los Angeles-North Main Street,06-037-1103,AQS
2019-08-21,53,Unknown,Los Angeles-North Main Street,06-037-1103,AQS
2019-08-22,48,Unknown,Pomona,06-037-1701,AQS
2019-08-23,25,Unknown,Los Angeles-North Main Street,06-037-1103,AQS
2019-08-24,30,Unknown,Pomona,06-037-1701,AQS
2019-08-25,28,Unknown,Los Angeles-North Main Street,06-037-1103,AQS
2019-08-26,39,Unknown,Los Angeles-North Main Street,06-037-1103,AQS
2019-08-27,32,Unknown,Los Angeles-North Main Street,06-037-1103,AQS
2019-08-28,23,Unknown,Long Beach-Route 710 Near Road,06-037-4008,AQS
2019-08-29,32,Unknown,Long Beach-Route 710 Near Road,06-037-4008,AQS
2019-08-30,42,Unknown,Pomona,06-037-1701,AQS
2019-08-31,28,Unknown,Los Angeles-North Main Street,06-037-1103,AQS
2019-09-01,31,Unknown,Pomona,06-037-1701,AQS
2019-09-02,24,Unknown,Pomona,06-037-1701,AQS
2019-09-03,39,Unknown,Pico Rivera #2,06-037-1602,AQS
2019-09-04,42,Unknown,Pico Rivera #2,06-037-1602,AQS
2019-09-05,51,Unknown,Los Angeles-North Main Street,06-037-1103,AQS
2019-09-06,41,Unknown,Los Angeles-North Main Street,06-037-1103,AQS
2019-09-07,30,Unknown,Pomona,06-037-1701,AQS
2019-09-08,23,Unknown,Los Angeles-North Main Street,06-037-1103,AQS
2019-09-09,30,Unknown,Long Beach-Route 710 Near Road,06-037-4008,AQS
2019-09-10,33,Unknown,Long Beach-Route 710 Near Road,06-037-4008,AQS
2019-09-11,32,Unknown,Long Beach-Route 710 Near Road,06-037-4008,AQS
2019-09-12,44,Unknown,Pomona,06-037-1701,AQS
2019-09-13,55,Unknown,Long Beach-Route 710 Near Road,06-037-4008,AQS
2019-09-14,44,Unknown,Los Angeles-North Main Street,06-037-1103,AQS
2019-09-15,40,Unknown,Pomona,06-037-1701,AQS
2019-09-16,39,Unknown,Pomona,06-037-1701,AQS
2019-09-17,37,Unknown,Long Beach-Route 710 Near Road,06-037-4008,AQS
2019-09-18,36,Unknown,Long Beach-Route 710 Near Road,06-037-4008,AQS
2019-09-19,28,Unknown,Long Beach-Route 710 Near Road,06-037-4008,AQS
2019-09-20,26,Unknown,Los Angeles-North Main Street,06-037-1103,AQS
2019-09-21,31,Unknown,LAX Hastings,06-037-5005,AQS
2019-09-22,35,Unknown,Pomona,06-037-1701,AQS
2019-09-23,37,Unknown,Long Beach-Route 710 Near Road,06-037-4008,AQS
2019-09-24,48,Unknown,Long Beach-Route 710 Near Road,06-037-4008,AQS
2019-09-25,37,Unknown,Pomona,06-037-1701,AQS
2019-09-26,27,Unknown,Long Beach-Route 710 Near Road,06-037-4008,AQS
2019-09-27,36,Unknown,Long Beach-Route 710 Near Road,06-037-4008,AQS
2019-09-28,19,Unknown,Los Angeles-North Main Street,06-037-1103,AQS
2019-09-29,27,Unknown,Long Beach-Route 710 Near Road,06-037-4008,AQS
2019-09-30,39,Unknown,Long Beach-Route 710 Near Road,06-037-4008,AQS
2019-10-01,52,Unknown,Long Beach-Route 710 Near Road,06-037-4008,AQS
2019-10-02,58,Unknown,Long Beach-Route 710 Near Road,06-037-4008,AQS
2019-10-03,48,Unknown,Long Beach-Route 710 Near Road,06-037-4008,AQS
2019-10-04,46,Unknown,Pico Rivera #2,06-037-1602,AQS
2019-10-05,50,Unknown,Long Beach (Hudson),06-037-4006,AQS
2019-10-06,38,Unknown,Los Angeles-North Main Street,06-037-1103,AQS
2019-10-07,72,Unknown,Long Beach-Route 710 Near Road,06-037-4008,AQS
2019-10-08,58,Unknown,Los Angeles-North Main Street,06-037-1103,AQS
2019-10-09,28,Unknown,Pomona,06-037-1701,AQS
2019-10-10,52,Unknown,Long Beach-Route 710 Near Road,06-037-4008,AQS
2019-10-11,63,Unknown,Long Beach-Route 710 Near Road,06-037-4008,AQS
2019-10-12,47,Unknown,Pico Rivera #2,06-037-1602,AQS
2019-10-13,42,Unknown,Los Angeles-North Main Street,06-037-1103,AQS
2019-10-14,44,Unknown,Long Beach-Route 710 Near Road,06-037-4008,AQS
2019-10-15,71,Unknown,Long Beach-Route 710 Near Road,06-037-4008,AQS
2019-10-16,89,Unknown,Long Beach-Route 710 Near Road,06-037-4008,AQS
2019-10-17,42,Unknown,Los Angeles-North Main Street,06-037-1103,AQS
2019-10-18,42,Unknown,Long Beach-Route 710 Near Road,06-037-4008,AQS
2019-10-19,39,Unknown,LAX Hastings,06-037-5005,AQS
2019-10-20,41,Unknown,Los Angeles-North Main Street,06-037-1103,AQS
2019-10-21,64,Unknown,Long Beach-Route 710 Near Road,06-037-4008,AQS
2019-10-22,78,Unknown,Long Beach-Route 710 Near Road,06-037-4008,AQS
2019-10-23,77,Unknown,Long Beach-Route 710 Near Road,06-037-4008,AQS
2019-10-24,96,Unknown,Long Beach-Route 710 Near Road,06-037-4008,AQS
2019-10-25,87,Unknown,Long Beach-Route 710 Near Road,06-037-4008,AQS
2019-10-26,51,Unknown,Long Beach-Route 710 Near Road,06-037-4008,AQS
2019-10-27,29,Unknown,Pico Rivera #2,06-037-1602,AQS
2019-10-28,54,Unknown,Long Beach-Route 710 Near Road,06-037-4008,AQS
2019-10-29,52,Unknown,Long Beach-Route 710 Near Road,06-037-4008,AQS
2019-10-30,51,Unknown,Long Beach-Route 710 Near Road,06-037-4008,AQS
2019-10-31,65,Unknown,Long Beach-Route 710 Near Road,06-037-4008,AQS
2019-11-01,62,Unknown,Long Beach-Route 710 Near Road,06-037-4008,AQS
2019-11-02,53,Unknown,Long Beach-Route 710 Near Road,06-037-4008,AQS
2019-11-03,51,Unknown,Los Angeles-North Main Street,06-037-1103,AQS
2019-11-04,97,Unknown,Long Beach-Route 710 Near Road,06-037-4008,AQS
2019-11-05,69,Unknown,Long Beach-Route 710 Near Road,06-037-4008,AQS
2019-11-06,69,Unknown,Los Angeles-North Main Street,06-037-1103,AQS
2019-11-07,57,Unknown,Long Beach-Route 710 Near Road,06-037-4008,AQS
2019-11-08,82,Unknown,Long Beach-Route 710 Near Road,06-037-4008,AQS
2019-11-09,50,Unknown,LAX Hastings,06-037-5005,AQS
2019-11-10,37,Unknown,LAX Hastings,06-037-5005,AQS
2019-11-11,45,Unknown,Long Beach-Route 710 Near Road,06-037-4008,AQS
2019-11-12,57,Unknown,Long Beach-Route 710 Near Road,06-037-4008,AQS
2019-11-13,55,Unknown,Pomona,06-037-1701,AQS
2019-11-14,48,Unknown,Long Beach-Route 710 Near Road,06-037-4008,AQS
2019-11-15,42,Unknown,Long Beach-Route 710 Near Road,06-037-4008,AQS
2019-11-16,62,Unknown,Pomona,06-037-1701,AQS
2019-11-17,58,Unknown,Long Beach-Route 710 Near Road,06-037-4008,AQS
2019-11-18,67,Unknown,Long Beach-Route 710 Near Road,06-037-4008,AQS
2019-11-19,74,Unknown,Long Beach-Route 710 Near Road,06-037-4008,AQS
2019-11-20,39,Unknown,Long Beach-Route 710 Near Road,06-037-4008,AQS
2019-11-21,42,Unknown,Long Beach-Route 710 Near Road,06-037-4008,AQS
2019-11-22,44,Unknown,Long Beach-Route 710 Near Road,06-037-4008,AQS
2019-11-23,44,Unknown,Long Beach-Route 710 Near Road,06-037-4008,AQS
2019-11-24,42,Unknown,Anaheim,06-059-0007,AQS
2019-11-25,43,Unknown,Long Beach-Route 710 Near Road,06-037-4008,AQS
2019-11-26,53,Unknown,Long Beach-Route 710 Near Road,06-037-4008,AQS
2019-11-27,52,Unknown,Long Beach-Route 710 Near Road,06-037-4008,AQS
2019-11-28,30,Unknown,Long Beach-Route 710 Near Road,06-037-4008,AQS
2019-11-29,34,Unknown,Long Beach-Route 710 Near Road,06-037-4008,AQS
2019-11-30,29,Unknown,Long Beach-Route 710 Near Road,06-037-4008,AQS
2019-12-01,37,Unknown,Long Beach-Route 710 Near Road,06-037-4008,AQS
2019-12-02,53,Unknown,Long Beach-Route 710 Near Road,06-037-4008,AQS
2019-12-03,57,Unknown,Long Beach-Route 710 Near Road,06-037-4008,AQS
2019-12-04,43,Unknown,Long Beach-Route 710 Near Road,06-037-4008,AQS
2019-12-05,42,Unknown,Long Beach-Route 710 Near Road,06-037-4008,AQS
2019-12-06,47,Unknown,Long Beach-Route 710 Near Road,06-037-4008,AQS
2019-12-07,33,Unknown,Long Beach-Route 710 Near Road,06-037-4008,AQS
2019-12-08,25,Unknown,Long Beach-Route 710 Near Road,06-037-4008,AQS
2019-12-09,42,Unknown,Los Angeles-North Main Street,06-037-1103,AQS
2019-12-10,49,Unknown,Long Beach-Route 710 Near Road,06-037-4008,AQS
2019-12-11,50,Unknown,Long Beach-Route 710 Near Road,06-037-4008,AQS
2019-12-12,54,Unknown,Los Angeles-North Main Street,06-037-1103,AQS
2019-12-13,52,Unknown,Azusa,06-037-0002,AQS
2019-12-14,30,Unknown,Compton,06-037-1302,AQS
2019-12-15,34,Unknown,Long Beach-Route 710 Near Road,06-037-4008,AQS
2019-12-16,48,Unknown,Long Beach-Route 710 Near Road,06-037-4008,AQS
2019-12-17,54,Unknown,Long Beach-Route 710 Near Road,06-037-4008,AQS
2019-12-18,62,Unknown,Long Beach-Route 710 Near Road,06-037-4008,AQS
2019-12-19,61,Unknown,Long Beach-Route 710 Near Road,06-037-4008,AQS
2019-12-20,52,Unknown,Long Beach-Route 710 Near Road,06-037-4008,AQS
2019-12-21,43,Unknown,Los Angeles-North Main Street,06-037-1103,AQS
2019-12-22,38,Unknown,LAX Hastings,06-037-5005,AQS
2019-12-23,36,Unknown,Long Beach-Route 710 Near Road,06-037-4008,AQS
2019-12-24,35,Unknown,Long Beach-Route 710 Near Road,06-037-4008,AQS
2019-12-25,25,Unknown,LAX Hastings,06-037-5005,AQS
2019-12-26,43,Unknown,Long Beach-Route 710 Near Road,06-037-4008,AQS
2019-12-27,38,Unknown,Los Angeles-North Main Street,06-037-1103,AQS
2019-12-28,34,Unknown,Long Beach-Route 710 Near Road,06-037-4008,AQS
2019-12-29,33,Unknown,Los Angeles-North Main Street,06-037-1103,AQS
2019-12-30,49,Unknown,Long Beach-Route 710 Near Road,06-037-4008,AQS
2019-12-31,49,Unknown,Long Beach-Route 710 Near Road,06-037-4008,AQS
2020-01-01,30,Unknown,Los Angeles-North Main Street,06-037-1103,AQS
2020-01-02,46,Unknown,Long Beach-Route 710 Near Road,06-037-4008,AQS
2020-01-03,53,Unknown,Long Beach-Route 710 Near Road,06-037-4008,AQS
2020-01-04,46,Unknown,Pomona,06-037-1701,AQS
2020-01-05,43,Unknown,Pomona,06-037-1701,AQS
2020-01-06,67,Unknown,Long Beach-Route 710 Near Road,06-037-4008,AQS
2020-01-07,49,Unknown,Long Beach-Route 710 Near Road,06-037-4008,AQS
2020-01-08,42,Unknown,Long Beach-Route 710 Near Road,06-037-4008,AQS
2020-01-09,49,Unknown,Long Beach-Route 710 Near Road,06-037-4008,AQS
2020-01-10,46,Unknown,Long Beach-Route 710 Near Road,06-037-4008,AQS
2020-01-11,33,Unknown,LAX Hastings,06-037-5005,AQS
2020-01-12,33,Unknown,Pico Rivera #2,06-037-1602,AQS
2020-01-13,54,Unknown,Long Beach-Route 710 Near Road,06-037-4008,AQS
2020-01-14,50,Unknown,Long Beach-Route 710 Near Road,06-037-4008,AQS
2020-01-15,55,Unknown,Long Beach-Route 710 Near Road,06-037-4008,AQS
2020-01-16,40,Unknown,Long Beach-Route 710 Near Road,06-037-4008,AQS
2020-01-17,40,Unknown,Pico Rivera #2,06-037-1602,AQS
2020-01-18,46,Unknown,Compton,06-037-1302,AQS
2020-01-19,42,Unknown,Los Angeles-North Main Street,06-037-1103,AQS
2020-01-20,37,Unknown,Los Angeles-North Main Street,06-037-1103,AQS
2020-01-21,39,Unknown,Long Beach-Route 710 Near Road,06-037-4008,AQS
2020-01-22,51,Unknown,Long Beach-Route 710 Near Road,06-037-4008,AQS
2020-01-23,56,Unknown,Long Beach-Route 710 Near Road,06-037-4008,AQS
2020-01-24,56,Unknown,Azusa,06-037-0002,AQS
2020-01-25,46,Unknown,Pasadena,06-037-2005,AQS
2020-01-26,37,Unknown,Compton,06-037-1302,AQS
2020-01-27,58,Unknown,Long Beach-Route 710 Near Road,06-037-4008,AQS
2020-01-28,58,Unknown,Long Beach-Route 710 Near Road,06-037-4008,AQS
2020-01-29,54,Unknown,Long Beach-Route 710 Near Road,06-037-4008,AQS
2020-01-30,52,Unknown,Long Beach-Route 710 Near Road,06-037-4008,AQS
2020-01-31,62,Unknown,Long Beach-Route 710 Near Road,06-037-4008,AQS
2020-02-01,45,Unknown,Anaheim,06-059-0007,AQS
2020-02-02,37,Unknown,Pico Rivera #2,06-037-1602,AQS
2020-02-03,43,Unknown,Long Beach-Route 710 Near Road,06-037-4008,AQS
2020-02-04,49,Unknown,Long Beach-Route 710 Near Road,06-037-4008,AQS
2020-02-05,49,Unknown,Long Beach-Route 710 Near Road,06-037-4008,AQS
2020-02-06,47,Unknown,Long Beach-Route 710 Near Road,06-037-4008,AQS
2020-02-07,54,Unknown,Pomona,06-037-1701,AQS
2020-02-08,41,Unknown,Azusa,06-037-0002,AQS
2020-02-09,29,Unknown,Anaheim,06-059-0007,AQS
2020-02-10,44,Unknown,Los Angeles-North Main Street,06-037-1103,AQS
2020-02-11,42,Unknown,Compton,06-037-1302,AQS
2020-02-12,40,Unknown,Los Angeles-North Main Street,06-037-1103,AQS
2020-02-13,41,Unknown,Pomona,06-037-1701,AQS
2020-02-14,46,Unknown,Long Beach-Route 710 Near Road,06-037-4008,AQS
2020-02-15,39,Unknown,Pasadena,06-037-2005,AQS
2020-02-16,39,Unknown,LAX Hastings,06-037-5005,AQS
2020-02-17,42,Unknown,West Los Angeles,06-037-0113,AQS
2020-02-18,42,Unknown,Long Beach-Route 710 Near Road,06-037-4008,AQS
2020-02-19,40,Unknown,Long Beach-Route 710 Near Road,06-037-4008,AQS
2020-02-20,53,Unknown,Long Beach-Route 710 Near Road,06-037-4008,AQS
2020-02-21,47,Unknown,Signal Hill (LBSH),06-037-4009,AQS
2020-02-22,19,Unknown,Pico Rivera #2,06-037-1602,AQS
2020-02-23,27,Unknown,Anaheim,06-059-0007,AQS
2020-02-24,36,Unknown,Long Beach-Route 710 Near Road,06-037-4008,AQS
2020-02-25,66,Unknown,Long Beach-Route 710 Near Road,06-037-4008,AQS
2020-02-26,52,Unknown,Long Beach-Route 710 Near Road,06-037-4008,AQS
2020-02-27,53,Unknown,Long Beach-Route 710 Near Road,06-037-4008,AQS
2020-02-28,74,Unknown,West Los Angeles,06-037-0113,AQS
2020-02-29,34,Unknown,Pomona,06-037-1701,AQS
2020-03-01,13,Unknown,LAX Hastings,06-037-5005,AQS
2020-03-02,40,Unknown,Long Beach-Route 710 Near Road,06-037-4008,AQS
2020-03-03,39,Unknown,Compton,06-037-1302,AQS
2020-03-04,34,Unknown,Los Angeles-North Main Street,06-037-1103,AQS
2020-03-05,48,Unknown,Pomona,06-037-1701,AQS
2020-03-06,39,Unknown,Pomona,06-037-1701,AQS
2020-03-07,20,Unknown,Anaheim Near-Road,06-059-0008,AQS
2020-03-08,26,Unknown,Long Beach-Route 710 Near Road,06-037-4008,AQS
2020-03-09,45,Unknown,Long Beach-Route 710 Near Road,06-037-4008,AQS
2020-03-10,22,Unknown,LAX Hastings,06-037-5005,AQS
2020-03-11,33,Unknown,Long Beach-Route 710 Near Road,06-037-4008,AQS
2020-03-12,42,Unknown,Long Beach-Route 710 Near Road,06-037-4008,AQS
2020-03-13,41,Unknown,Long Beach-Route 710 Near Road,06-037-4008,AQS
2020-03-14,25,Unknown,Los Angeles-North Main Street,06-037-1103,AQS
2020-03-15,26,Unknown,Long Beach-Route 710 Near Road,06-037-4008,AQS
2020-03-16,39,Unknown,Long Beach-Route 710 Near Road,06-037-4008,AQS
2020-03-17,46,Unknown,Long Beach-Route 710 Near Road,06-037-4008,AQS
2020-03-18,48,Unknown,Long Beach-Route 710 Near Road,06-037-4008,AQS
2020-03-19,39,Unknown,Long Beach-Route 710 Near Road,06-037-4008,AQS
2020-03-20,32,Unknown,Pico Rivera #2,06-037-1602,AQS
2020-03-21,26,Unknown,Long Beach-Route 710 Near Road,06-037-4008,AQS
2020-03-22,21,Unknown,Long Beach-Route 710 Near Road,06-037-4008,AQS
2020-03-23,40,Unknown,Long Beach-Route 710 Near Road,06-037-4008,AQS
2020-03-24,28,Unknown,Long Beach-Route 710 Near Road,06-037-4008,AQS
2020-03-25,43,Unknown,Long Beach-Route 710 Near Road,06-037-4008,AQS
2020-03-26,42,Unknown,Long Beach-Route 710 Near Road,06-037-4008,AQS
2020-03-27,48,Unknown,Long Beach-Route 710 Near Road,06-037-4008,AQS
2020-03-28,25,Unknown,Long Beach-Route 710 Near Road,06-037-4008,AQS
2020-03-29,24,Unknown,LAX Hastings,06-037-5005,AQS
2020-03-30,36,Unknown,Long Beach-Route 710 Near Road,06-037-4008,AQS
2020-03-31,46,Unknown,Long Beach-Route 710 Near Road,06-037-4008,AQS
2020-04-01,31,Unknown,Los Angeles-North Main Street,06-037-1103,AQS
2020-04-02,19,Unknown,Los Angeles-North Main Street,06-037-1103,AQS
2020-04-03,26,Unknown,Long Beach-Route 710 Near Road,06-037-4008,AQS
2020-04-04,26,Unknown,Lancaster-Division Street,06-037-9033,AQS
2020-04-05,8,Unknown,Signal Hill (LBSH),06-037-4009,AQS
2020-04-06,36,Unknown,Long Beach-Route 710 Near Road,06-037-4008,AQS
2020-04-07,38,Unknown,Long Beach-Route 710 Near Road,06-037-4008,AQS
2020-04-08,51,Unknown,Long Beach-Route 710 Near Road,06-037-4008,AQS
2020-04-09,16,Unknown,Compton,06-037-1302,AQS
2020-04-10,36,Unknown,Long Beach-Route 710 Near Road,06-037-4008,AQS
2020-04-11,28,Unknown,LAX Hastings,06-037-5005,AQS
2020-04-12,9,Unknown,Compton,06-037-1302,AQS
2020-04-13,35,Unknown,Long Beach-Route 710 Near Road,06-037-4008,AQS
2020-04-14,43,Unknown,Long Beach-Route 710 Near Road,06-037-4008,AQS
2020-04-15,50,Unknown,Long Beach-Route 710 Near Road,06-037-4008,AQS
2020-04-16,36,Unknown,Long Beach-Route 710 Near Road,06-037-4008,AQS
2020-04-17,25,Unknown,Long Beach-Route 710 Near Road,06-037-4008,AQS
2020-04-18,18,Unknown,Anaheim Near-Road,06-059-0008,AQS
2020-04-19,14,Unknown,Anaheim Near-Road,06-059-0008,AQS
2020-04-20,42,Unknown,Long Beach-Route 710 Near Road,06-037-4008,AQS
2020-04-21,28,Unknown,Los Angeles-North Main Street,06-037-1103,AQS
2020-04-22,45,Unknown,Long Beach-Route 710 Near Road,06-037-4008,AQS
2020-04-23,37,Unknown,Pomona,06-037-1701,AQS
2020-04-24,61,Unknown,Long Beach-Route 710 Near Road,06-037-4008,AQS
2020-04-25,28,Unknown,Pomona,06-037-1701,AQS
2020-04-26,28,Unknown,Los Angeles-North Main Street,06-037-1103,AQS
2020-04-27,30,Unknown,Los Angeles-North Main Street,06-037-1103,AQS
2020-04-28,30,Unknown,Long Beach-Route 710 Near Road,06-037-4008,AQS
2020-04-29,28,Unknown,Long Beach-Route 710 Near Road,06-037-4008,AQS
2020-04-30,40,Unknown,Long Beach-Route 710 Near Road,06-037-4008,AQS
2020-05-01,29,Unknown,Long Beach-Route 710 Near Road,06-037-4008,AQS
2020-05-02,19,Unknown,Pico Rivera #2,06-037-1602,AQS
2020-05-03,16,Unknown,Pomona,06-037-1701,AQS
2020-05-04,39,Unknown,Long Beach-Route 710 Near Road,06-037-4008,AQS
2020-05-05,56,Unknown,Long Beach-Route 710 Near Road,06-037-4008,AQS
2020-05-06,47,Unknown,Long Beach-Route 710 Near Road,06-037-4008,AQS
2020-05-07,43,Unknown,Pomona,06-037-1701,AQS
2020-05-08,38,Unknown,Pomona,06-037-1701,AQS
2020-05-09,23,Unknown,Pomona,06-037-1701,AQS
2020-05-10,13,Unknown,Lancaster-Division Street,06-037-9033,AQS
2020-05-11,39,Unknown,Long Beach-Route 710 Near Road,06-037-4008,AQS
2020-05-12,25,Unknown,Compton,06-037-1302,AQS
2020-05-13,26,Unknown,Long Beach-Route 710 Near Road,06-037-4008,AQS
2020-05-14,25,Unknown,Long Beach-Route 710 Near Road,06-037-4008,AQS
2020-05-15,21,Unknown,Pomona,06-037-1701,AQS
2020-05-16,26,Unknown,Pomona,06-037-1701,AQS
2020-05-17,17,Unknown,Pomona,06-037-1701,AQS
2020-05-18,26,Unknown,Long Beach-Route 710 Near Road,06-037-4008,AQS
2020-05-19,32,Unknown,Long Beach-Route 710 Near Road,06-037-4008,AQS
2020-05-20,32,Unknown,Long Beach-Route 710 Near Road,06-037-4008,AQS
2020-05-21,39,Unknown,Long Beach-Route 710 Near Road,06-037-4008,AQS
2020-05-22,25,Unknown,Pico Rivera #2,06-037-1602,AQS
2020-05-23,17,Unknown,Pico Rivera #2,06-037-1602,AQS
2020-05-24,19,Unknown,Pomona,06-037-1701,AQS
2020-05-25,21,Unknown,Pomona,06-037-1701,AQS
2020-05-26,38,Unknown,Long Beach-Route 710 Near Road,06-037-4008,AQS
2020-05-27,28,Unknown,Pomona,06-037-1701,AQS
2020-05-28,26,Unknown,Long Beach-Route 710 Near Road,06-037-4008,AQS
2020-05-29,18,Unknown,Long Beach-Route 710 Near Road,06-037-4008,AQS
2020-05-30,15,Unknown,Long Beach-Route 710 Near Road,06-037-4008,AQS
2020-05-31,19,Unknown,Los Angeles-North Main Street,06-037-1103,AQS
2020-06-01,38,Unknown,Long Beach-Route 710 Near Road,06-037-4008,AQS
2020-06-02,28,Unknown,Pomona,06-037-1701,AQS
2020-06-03,38,Unknown,Long Beach-Route 710 Near Road,06-037-4008,AQS
2020-06-04,19,Unknown,Pomona,06-037-1701,AQS
2020-06-05,17,Unknown,Long Beach-Route 710 Near Road,06-037-4008,AQS
2020-06-06,13,Unknown,Long Beach-Route 710 Near Road,06-037-4008,AQS
2020-06-07,18,Unknown,Long Beach-Route 710 Near Road,06-037-4008,AQS
2020-06-08,43,Unknown,Long Beach-Route 710 Near Road,06-037-4008,AQS
2020-06-09,55,Unknown,Long Beach-Route 710 Near Road,06-037-4008,AQS
2020-06-10,56,Unknown,Long Beach-Route 710 Near Road,06-037-4008,AQS
2020-06-11,41,Unknown,Los Angeles-North Main Street,06-037-1103,AQS
2020-06-12,22,Unknown,Long Beach-Route 710 Near Road,06-037-4008,AQS
2020-06-13,17,Unknown,Los Angeles-North Main Street,06-037-1103,AQS
2020-06-14,21,Unknown,Pico Rivera #2,06-037-1602,AQS
2020-06-15,28,Unknown,Long Beach-Route 710 Near Road,06-037-4008,AQS
2020-06-16,31,Unknown,Long Beach-Route 710 Near Road,06-037-4008,AQS
2020-06-17,14,Unknown,Los Angeles-North Main Street,06-037-1103,AQS
2020-06-18,35,Unknown,Long Beach-Route 710 Near Road,06-037-4008,AQS
2020-06-19,23,Unknown,Long Beach-Route 710 Near Road,06-037-4008,AQS
2020-06-20,21,Unknown,Long Beach-Route 710 Near Road,06-037-4008,AQS
2020-06-21,14,Unknown,Anaheim Near-Road,06-059-0008,AQS
2020-06-22,27,Unknown,Long Beach-Route 710 Near Road,06-037-4008,AQS
2020-06-23,31,Unknown,Long Beach-Route 710 Near Road,06-037-4008,AQS
2020-06-24,36,Unknown,Long Beach-Route 710 Near Road,06-037-4008,AQS
2020-06-25,30,Unknown,Long Beach-Route 710 Near Road,06-037-4008,AQS
2020-06-26,37,Unknown,Long Beach-Route 710 Near Road,06-037-4008,AQS
2020-06-27,18,Unknown,Azusa,06-037-0002,AQS
2020-06-28,8,Unknown,Anaheim Near-Road,06-059-0008,AQS
2020-06-29,30,Unknown,Long Beach-Route 710 Near Road,06-037-4008,AQS
2020-06-30,34,Unknown,Long Beach-Route 710 Near Road,06-037-4008,AQS
2020-07-01,26,Unknown,Lancaster-Division Street,06-037-9033,AQS
2020-07-02,21,Unknown,Long Beach-Route 710 Near Road,06-037-4008,AQS
2020-07-03,33,Unknown,Long Beach-Route 710 Near Road,06-037-4008,AQS
2020-07-04,26,Unknown,Los Angeles-North Main Street,06-037-1103,AQS
2020-07-05,25,Unknown,Azusa,06-037-0002,AQS
2020-07-06,35,Unknown,Long Beach-Route 710 Near Road,06-037-4008,AQS
2020-07-07,37,Unknown,Long Beach-Route 710 Near Road,06-037-4008,AQS
2020-07-08,31,Unknown,Long Beach-Route 710 Near Road,06-037-4008,AQS
2020-07-09,30,Unknown,Long Beach-Route 710 Near Road,06-037-4008,AQS
2020-07-10,43,Unknown,Long Beach-Route 710 Near Road,06-037-4008,AQS
2020-07-11,33,Unknown,Pomona,06-037-1701,AQS
2020-07-12,24,Unknown,Los Angeles-North Main Street,06-037-1103,AQS
2020-07-13,25,Unknown,Long Beach-Route 710 Near Road,06-037-4008,AQS
2020-07-14,26,Unknown,Long Beach-Route 710 Near Road,06-037-4008,AQS
2020-07-15,31,Unknown,Long Beach-Route 710 Near Road,06-037-4008,AQS
2020-07-16,31,Unknown,Long Beach-Route 710 Near Road,06-037-4008,AQS
2020-07-17,40,Unknown,Long Beach-Route 710 Near Road,06-037-4008,AQS
2020-07-18,21,Unknown,Pico Rivera #2,06-037-1602,AQS
2020-07-19,16,Unknown,Los Angeles-North Main Street,06-037-1103,AQS
2020-07-20,29,Unknown,Long Beach-Route 710 Near Road,06-037-4008,AQS
2020-07-21,32,Unknown,Long Beach-Route 710 Near Road,06-037-4008,AQS
2020-07-22,28,Unknown,Long Beach-Route 710 Near Road,06-037-4008,AQS
2020-07-23,23,Unknown,Long Beach-Route 710 Near Road,06-037-4008,AQS
2020-07-24,34,Unknown,Long Beach-Route 710 Near Road,06-037-4008,AQS
2020-07-25,19,Unknown,Pomona,06-037-1701,AQS
2020-07-26,20,Unknown,Lancaster-Division Street,06-037-9033,AQS
2020-07-27,36,Unknown,Long Beach-Route 710 Near Road,06-037-4008,AQS
2020-07-28,32,Unknown,Long Beach-Route 710 Near Road,06-037-4008,AQS
2020-07-29,41,Unknown,Long Beach-Route 710 Near Road,06-037-4008,AQS
2020-07-30,38,Unknown,Long Beach-Route 710 Near Road,06-037-4008,AQS
2020-07-31,46,Unknown,Los Angeles-North Main Street,06-037-1103,AQS
2020-08-01,42,Unknown,Los Angeles-North Main Street,06-037-1103,AQS
2020-08-02,25,Unknown,Los Angeles-North Main Street,06-037-1103,AQS
2020-08-03,30,Unknown,Los Angeles-North Main Street,06-037-1103,AQS
2020-08-04,31,Unknown,Long Beach-Route 710 Near Road,06-037-4008,AQS
2020-08-05,37,Unknown,Long Beach-Route 710 Near Road,06-037-4008,AQS
2020-08-06,32,Unknown,Long Beach-Route 710 Near Road,06-037-4008,AQS
2020-08-07,26,Unknown,Long Beach-Route 710 Near Road,06-037-4008,AQS
2020-08-08,29,Unknown,Pomona,06-037-1701,AQS
2020-08-09,18,Unknown,Pomona,06-037-1701,AQS
2020-08-10,34,Unknown,Long Beach-Route 710 Near Road,06-037-4008,AQS
2020-08-11,37,Unknown,Long Beach-Route 710 Near Road,06-037-4008,AQS
2020-08-12,50,Unknown,Los Angeles-North Main Street,06-037-1103,AQS
2020-08-13,54,Unknown,Long Beach-Route 710 Near Road,06-037-4008,AQS
2020-08-14,56,Unknown,Los Angeles-North Main Street,06-037-1103,AQS
2020-08-15,43,Unknown,Pomona,06-037-1701,AQS
2020-08-16,28,Unknown,Lancaster-Division Street,06-037-9033,AQS
2020-08-17,43,Unknown,Long Beach-Route 710 Near Road,06-037-4008,AQS
2020-08-18,58,Unknown,Long Beach-Route 710 Near Road,06-037-4008,AQS
2020-08-19,44,Unknown,Long Beach-Route 710 Near Road,06-037-4008,AQS
2020-08-20,52,Unknown,Long Beach-Route 710 Near Road,06-037-4008,AQS
2020-08-21,48,Unknown,Lancaster-Division Street,06-037-9033,AQS
2020-08-22,30,Unknown,Los Angeles-North Main Street,06-037-1103,AQS
2020-08-23,15,Unknown,Los Angeles-North Main Street,06-037-1103,AQS
2020-08-24,29,Unknown,Long Beach-Route 710 Near Road,06-037-4008,AQS
2020-08-25,36,Unknown,Long Beach-Route 710 Near Road,06-037-4008,AQS
2020-08-26,36,Unknown,Long Beach-Route 710 Near Road,06-037-4008,AQS
2020-08-27,49,Unknown,Long Beach-Route 710 Near Road,06-037-4008,AQS
2020-08-28,38,Unknown,Long Beach-Route 710 Near Road,06-037-4008,AQS
2020-08-29,21,Unknown,Pomona,06-037-1701,AQS
2020-08-30,14,Unknown,Pomona,06-037-1701,AQS
2020-08-31,36,Unknown,Lancaster-Division Street,06-037-9033,AQS
2020-09-01,34,Unknown,Long Beach-Route 710 Near Road,06-037-4008,AQS
2020-09-02,37,Unknown,Long Beach-Route 710 Near Road,06-037-4008,AQS
2020-09-03,43,Unknown,Long Beach-Route 710 Near Road,06-037-4008,AQS
2020-09-04,58,Unknown,Los Angeles-North Main Street,06-037-1103,AQS
2020-09-05,54,Unknown,Los Angeles-North Main Street,06-037-1103,AQS
2020-09-06,43,Unknown,Compton,06-037-1302,AQS
2020-09-07,39,Unknown,Pomona,06-037-1701,AQS
2020-09-08,30,Unknown,Signal Hill (LBSH),06-037-4009,AQS
2020-09-09,45,Unknown,Long Beach-Route 710 Near Road,06-037-4008,AQS
2020-09-10,54,Unknown,Long Beach-Route 710 Near Road,06-037-4008,AQS
2020-09-11,90,Unknown,Long Beach-Route 710 Near Road,06-037-4008,AQS
2020-09-12,65,Unknown,Long Beach-Route 710 Near Road,06-037-4008,AQS
2020-09-13,36,Unknown,Pomona,06-037-1701,AQS
2020-09-14,57,Unknown,Azusa,06-037-0002,AQS
2020-09-15,77,Unknown,Long Beach-Route 710 Near Road,06-037-4008,AQS
2020-09-16,100,Unknown,Long Beach-Route 710 Near Road,06-037-4008,AQS
2020-09-17,68,Unknown,Long Beach-Route 710 Near Road,06-037-4008,AQS
2020-09-18,55,Unknown,Pico Rivera #2,06-037-1602,AQS
2020-09-19,43,Unknown,Pomona,06-037-1701,AQS
2020-09-20,29,Unknown,Los Angeles-North Main Street,06-037-1103,AQS
2020-09-21,38,Unknown,Long Beach-Route 710 Near Road,06-037-4008,AQS
2020-09-22,42,Unknown,Long Beach-Route 710 Near Road,06-037-4008,AQS
2020-09-23,45,Unknown,Pomona,06-037-1701,AQS
2020-09-24,52,Unknown,Pomona,06-037-1701,AQS
2020-09-25,35,Unknown,Pomona,06-037-1701,AQS
2020-09-26,27,Unknown,Los Angeles-North Main Street,06-037-1103,AQS
2020-09-27,18,Unknown,Lancaster-Division Street,06-037-9033,AQS
2020-09-28,45,Unknown,Long Beach-Route 710 Near Road,06-037-4008,AQS
2020-09-29,55,Unknown,Long Beach-Route 710 Near Road,06-037-4008,AQS
2020-09-30,96,Unknown,Long Beach-Route 710 Near Road,06-037-4008,AQS
2020-10-01,60,Unknown,Anaheim Near-Road,06-059-0008,AQS
2020-10-02,62,Unknown,Compton,06-037-1302,AQS
2020-10-03,50,Unknown,Pico Rivera #2,06-037-1602,AQS
2020-10-04,43,Unknown,Los Angeles-North Main Street,06-037-1103,AQS
2020-10-05,62,Unknown,Long Beach-Route 710 Near Road,06-037-4008,AQS
2020-10-06,58,Unknown,Pomona,06-037-1701,AQS
2020-10-07,55,Unknown,Pomona,06-037-1701,AQS
2020-10-08,36,Unknown,Lancaster-Division Street,06-037-9033,AQS
2020-10-09,42,Unknown,Long Beach-Route 710 Near Road,06-037-4008,AQS
2020-10-10,22,Unknown,Long Beach-Route 710 Near Road,06-037-4008,AQS
2020-10-11,21,Unknown,Pomona,06-037-1701,AQS
2020-10-12,68,Unknown,Long Beach-Route 710 Near Road,06-037-4008,AQS
2020-10-13,77,Unknown,Long Beach-Route 710 Near Road,06-037-4008,AQS
2020-10-14,70,Unknown,Compton,06-037-1302,AQS
2020-10-15,99,Unknown,Long Beach-Route 710 Near Road,06-037-4008,AQS
2020-10-16,61,Unknown,Long Beach-Route 710 Near Road,06-037-4008,AQS
2020-10-17,44,Unknown,Los Angeles-North Main Street,06-037-1103,AQS
2020-10-18,31,Unknown,Pomona,06-037-1701,AQS
2020-10-19,35,Unknown,Long Beach-Route 710 Near Road,06-037-4008,AQS
2020-10-20,43,Unknown,Long Beach-Route 710 Near Road,06-037-4008,AQS
2020-10-21,43,Unknown,Long Beach-Route 710 Near Road,06-037-4008,AQS
2020-10-22,33,Unknown,Compton,06-037-1302,AQS
2020-10-23,30,Unknown,Long Beach-Route 710 Near Road,06-037-4008,AQS
2020-10-24,32,Unknown,Long Beach-Route 710 Near Road,06-037-4008,AQS
2020-10-25,25,Unknown,Long Beach-Route 710 Near Road,06-037-4008,AQS
2020-10-26,74,Unknown,Long Beach-Route 710 Near Road,06-037-4008,AQS
2020-10-27,87,Unknown,Long Beach-Route 710 Near Road,06-037-4008,AQS
2020-10-28,65,Unknown,Long Beach-Route 710 Near Road,06-037-4008,AQS
2020-10-29,85,Unknown,Long Beach-Route 710 Near Road,06-037-4008,AQS
2020-10-30,66,Unknown,Long Beach-Route 710 Near Road,06-037-4008,AQS
2020-10-31,58,Unknown,Long Beach-Route 710 Near Road,06-037-4008,AQS
2020-11-01,54,Unknown,Pomona,06-037-1701,AQS
2020-11-02,50,Unknown,Long Beach-Route 710 Near Road,06-037-4008,AQS
2020-11-03,56,Unknown,Long Beach-Route 710 Near Road,06-037-4008,AQS
2020-11-04,70,Unknown,Signal Hill (LBSH),06-037-4009,AQS
2020-11-05,68,Unknown,Anaheim,06-059-0007,AQS
2020-11-06,42,Unknown,Pico Rivera #2,06-037-1602,AQS
2020-11-07,24,Unknown,Pico Rivera #2,06-037-1602,AQS
2020-11-08,26,Unknown,LAX Hastings,06-037-5005,AQS
2020-11-09,37,Unknown,Anaheim,06-059-0007,AQS
2020-11-10,42,Unknown,Anaheim,06-059-0007,AQS
2020-11-11,44,Unknown,Pico Rivera #2,06-037-1602,AQS
2020-11-12,53,Unknown,Long Beach-Route 710 Near Road,06-037-4008,AQS
2020-11-13,49,Unknown,Long Beach-Route 710 Near Road,06-037-4008,AQS
2020-11-14,42,Unknown,North Hollywood (NOHO),06-037-4010,AQS
2020-11-15,46,Unknown,Anaheim,06-059-0007,AQS
2020-11-16,62,Unknown,Long Beach-Route 710 Near Road,06-037-4008,AQS
2020-11-17,54,Unknown,North Hollywood (NOHO),06-037-4010,AQS
2020-11-18,47,Unknown,Pomona,06-037-1701,AQS
2020-11-19,39,Unknown,Pomona,06-037-1701,AQS
2020-11-20,65,Unknown,Pomona,06-037-1701,AQS
2020-11-21,51,Unknown,Pico Rivera #2,06-037-1602,AQS
2020-11-22,41,Unknown,Los Angeles-North Main Street,06-037-1103,AQS
2020-11-23,37,Unknown,North Hollywood (NOHO),06-037-4010,AQS
2020-11-24,55,Unknown,Long Beach-Route 710 Near Road,06-037-4008,AQS
2020-11-25,61,Unknown,Long Beach-Route 710 Near Road,06-037-4008,AQS
2020-11-26,38,Unknown,LAX Hastings,06-037-5005,AQS
2020-11-27,49,Unknown,Long Beach-Route 710 Near Road,06-037-4008,AQS
2020-11-28,42,Unknown,Long Beach-Route 710 Near Road,06-037-4008,AQS
2020-11-29,42,Unknown,Anaheim,06-059-0007,AQS
2020-11-30,79,Unknown,Long Beach-Route 710 Near Road,06-037-4008,AQS
2020-12-01,74,Unknown,Long Beach-Route 710 Near Road,06-037-4008,AQS
2020-12-02,72,Unknown,Long Beach-Route 710 Near Road,06-037-4008,AQS
2020-12-03,85,Unknown,Long Beach-Route 710 Near Road,06-037-4008,AQS
2020-12-04,71,Unknown,Long Beach-Route 710 Near Road,06-037-4008,AQS
2020-12-05,68,Unknown,Long Beach-Route 710 Near Road,06-037-4008,AQS
2020-12-06,50,Unknown,La Habra,06-059-5001,AQS
2020-12-07,81,Unknown,Long Beach-Route 710 Near Road,06-037-4008,AQS
2020-12-08,85,Unknown,Long Beach-Route 710 Near Road,06-037-4008,AQS
2020-12-09,67,Unknown,Long Beach-Route 710 Near Road,06-037-4008,AQS
2020-12-10,50,Unknown,Long Beach-Route 710 Near Road,06-037-4008,AQS
2020-12-11,50,Unknown,Long Beach-Route 710 Near Road,06-037-4008,AQS
2020-12-12,36,Unknown,Long Beach-Route 710 Near Road,06-037-4008,AQS
2020-12-13,35,Unknown,Anaheim,06-059-0007,AQS
2020-12-14,46,Unknown,Long Beach-Route 710 Near Road,06-037-4008,AQS
2020-12-15,60,Unknown,Long Beach-Route 710 Near Road,06-037-4008,AQS
2020-12-16,65,Unknown,Long Beach-Route 710 Near Road,06-037-4008,AQS
2020-12-17,53,Unknown,Long Beach-Route 710 Near Road,06-037-4008,AQS
2020-12-18,51,Unknown,Long Beach-Route 710 Near Road,06-037-4008,AQS
2020-12-19,48,Unknown,Long Beach-Route 710 Near Road,06-037-4008,AQS
2020-12-20,46,Unknown,LAX Hastings,06-037-5005,AQS
2020-12-21,60,Unknown,Long Beach-Route 710 Near Road,06-037-4008,AQS
2020-12-22,49,Unknown,Pomona,06-037-1701,AQS
2020-12-23,71,Unknown,Long Beach-Route 710 Near Road,06-037-4008,AQS
2020-12-24,53,Unknown,Long Beach-Route 710 Near Road,06-037-4008,AQS
2020-12-25,36,Unknown,LAX Hastings,06-037-5005,AQS
2020-12-26,37,Unknown,LAX Hastings,06-037-5005,AQS
2020-12-27,25,Unknown,Reseda,06-037-1201,AQS
2020-12-28,41,Unknown,Long Beach-Route 710 Near Road,06-037-4008,AQS
2020-12-29,51,Unknown,Long Beach-Route 710 Near Road,06-037-4008,AQS
2020-12-30,57,Unknown,Long Beach-Route 710 Near Road,06-037-4008,AQS
2020-12-31,54,Unknown,Long Beach-Route 710 Near Road,06-037-4008,AQS
2021-01-01,34,Unknown,LAX Hastings,06-037-5005,AQS
2021-01-02,31,Unknown,Long Beach-Route 710 Near Road,06-037-4008,AQS
2021-01-03,28,Unknown,Anaheim,06-059-0007,AQS
2021-01-04,46,Unknown,Long Beach-Route 710 Near Road,06-037-4008,AQS
2021-01-05,50,Unknown,Long Beach-Route 710 Near Road,06-037-4008,AQS
2021-01-06,68,Unknown,Long Beach-Route 710 Near Road,06-037-4008,AQS
2021-01-07,74,Unknown,Long Beach-Route 710 Near Road,06-037-4008,AQS
2021-01-08,58,Unknown,Long Beach-Route 710 Near Road,06-037-4008,AQS
2021-01-09,42,Unknown,Pico Rivera #2,06-037-1602,AQS
2021-01-10,42,Unknown,Anaheim Near-Road,06-059-0008,AQS
2021-01-11,64,Unknown,Long Beach-Route 710 Near Road,06-037-4008,AQS
2021-01-12,52,Unknown,Long Beach-Route 710 Near Road,06-037-4008,AQS
2021-01-13,73,Unknown,Long Beach-Route 710 Near Road,06-037-4008,AQS
2021-01-14,70,Unknown,Anaheim Near-Road,06-059-0008,AQS
2021-01-15,55,Unknown,Anaheim Near-Road,06-059-0008,AQS
2021-01-16,55,Unknown,Pasadena,06-037-2005,AQS
2021-01-17,52,Unknown,Signal Hill (LBSH),06-037-4009,AQS
2021-01-18,51,Unknown,Long Beach-Route 710 Near Road,06-037-4008,AQS
2021-01-19,42,Unknown,Long Beach-Route 710 Near Road,06-037-4008,AQS
2021-01-20,43,Unknown,Long Beach-Route 710 Near Road,06-037-4008,AQS
2021-01-21,41,Unknown,Long Beach-Route 710 Near Road,06-037-4008,AQS
2021-01-22,32,Unknown,Los Angeles-North Main Street,06-037-1103,AQS
2021-01-23,25,Unknown,Compton,06-037-1302,AQS
2021-01-24,23,Unknown,Signal Hill (LBSH),06-037-4009,AQS
2021-01-25,42,Unknown,Long Beach-Route 710 Near Road,06-037-4008,AQS
2021-01-26,48,Unknown,Long Beach-Route 710 Near Road,06-037-4008,AQS
2021-01-27,32,Unknown,Pomona,06-037-1701,AQS
2021-01-28,36,Unknown,Pico Rivera #2,06-037-1602,AQS
2021-01-29,40,Unknown,Long Beach-Route 710 Near Road,06-037-4008,AQS
2021-01-30,34,Unknown,Long Beach-Route 710 Near Road,06-037-4008,AQS
2021-01-31,41,Unknown,Anaheim,06-059-0007,AQS
2021-02-01,61,Unknown,Long Beach-Route 710 Near Road,06-037-4008,AQS
2021-02-02,50,Unknown,Long Beach-Route 710 Near Road,06-037-4008,AQS
2021-02-03,41,Unknown,Pomona,06-037-1701,AQS
2021-02-04,50,Unknown,Long Beach-Route 710 Near Road,06-037-4008,AQS
2021-02-05,56,Unknown,Long Beach-Route 710 Near Road,06-037-4008,AQS
2021-02-06,55,Unknown,Pomona,06-037-1701,AQS
2021-02-07,38,Unknown,Los Angeles-North Main Street,06-037-1103,AQS
2021-02-08,34,Unknown,Lancaster-Division Street,06-037-9033,AQS
2021-02-09,48,Unknown,Long Beach-Route 710 Near Road,06-037-4008,AQS
2021-02-10,47,Unknown,Long Beach-Route 710 Near Road,06-037-4008,AQS
2021-02-11,51,Unknown,Long Beach-Route 710 Near Road,06-037-4008,AQS
2021-02-12,34,Unknown,Los Angeles-North Main Street,06-037-1103,AQS
2021-02-13,27,Unknown,Pomona,06-037-1701,AQS
2021-02-14,30,Unknown,Pomona,06-037-1701,AQS
2021-02-15,32,Unknown,Pomona,06-037-1701,AQS
2021-02-16,30,Unknown,Pomona,06-037-1701,AQS
2021-02-17,46,Unknown,Long Beach-Route 710 Near Road,06-037-4008,AQS
2021-02-18,44,Unknown,Long Beach-Route 710 Near Road,06-037-4008,AQS
2021-02-19,57,Unknown,Long Beach-Route 710 Near Road,06-037-4008,AQS
2021-02-20,36,Unknown,Pasadena,06-037-2005,AQS
2021-02-21,39,Unknown,Los Angeles-North Main Street,06-037-1103,AQS
2021-02-22,60,Unknown,Long Beach-Route 710 Near Road,06-037-4008,AQS
2021-02-23,56,Unknown,Long Beach-Route 710 Near Road,06-037-4008,AQS
2021-02-24,49,Unknown,Los Angeles-North Main Street,06-037-1103,AQS
2021-02-25,45,Unknown,Long Beach-Route 710 Near Road,06-037-4008,AQS
2021-02-26,44,Unknown,Pomona,06-037-1701,AQS
2021-02-27,41,Unknown,North Hollywood (NOHO),06-037-4010,AQS
2021-02-28,40,Unknown,Los Angeles-North Main Street,06-037-1103,AQS
2021-03-01,64,Unknown,Long Beach-Route 710 Near Road,06-037-4008,AQS
2021-03-02,48,Unknown,Long Beach-Route 710 Near Road,06-037-4008,AQS
2021-03-03,44,Unknown,Long Beach-Route 710 Near Road,06-037-4008,AQS
2021-03-04,47,Unknown,Long Beach-Route 710 Near Road,06-037-4008,AQS
2021-03-05,50,Unknown,Long Beach-Route 710 Near Road,06-037-4008,AQS
2021-03-06,38,Unknown,Pomona,06-037-1701,AQS
2021-03-07,19,Unknown,Compton,06-037-1302,AQS
2021-03-08,36,Unknown,Pico Rivera #2,06-037-1602,AQS
2021-03-09,32,Unknown,Compton,06-037-1302,AQS
2021-03-10,31,Unknown,Pico Rivera #2,06-037-1602,AQS
2021-03-11,52,Unknown,Long Beach-Route 710 Near Road,06-037-4008,AQS
2021-03-12,44,Unknown,Long Beach-Route 710 Near Road,06-037-4008,AQS
2021-03-13,34,Unknown,Long Beach-Route 710 Near Road,06-037-4008,AQS
2021-03-14,25,Unknown,Compton,06-037-1302,AQS
2021-03-15,26,Unknown,Pomona,06-037-1701,AQS
2021-03-16,49,Unknown,Long Beach-Route 710 Near Road,06-037-4008,AQS
2021-03-17,51,Unknown,Long Beach-Route 710 Near Road,06-037-4008,AQS
2021-03-18,42,Unknown,Long Beach-Route 710 Near Road,06-037-4008,AQS
2021-03-19,40,Unknown,Lancaster-Division Street,06-037-9033,AQS
2021-03-20,29,Unknown,Long Beach-Route 710 Near Road,06-037-4008,AQS
2021-03-21,26,Unknown,Los Angeles-North Main Street,06-037-1103,AQS
2021-03-22,45,Unknown,Long Beach-Route 710 Near Road,06-037-4008,AQS
2021-03-23,42,Unknown,Long Beach-Route 710 Near Road,06-037-4008,AQS
2021-03-24,42,Unknown,Long Beach-Route 710 Near Road,06-037-4008,AQS
2021-03-25,29,Unknown,Pomona,06-037-1701,AQS
2021-03-26,37,Unknown,Long Beach-Route 710 Near Road,06-037-4008,AQS
2021-03-27,38,Unknown,Long Beach-Route 710 Near Road,06-037-4008,AQS
2021-03-28,43,Unknown,Los Angeles-North Main Street,06-037-1103,AQS
2021-03-29,55,Unknown,Long Beach-Route 710 Near Road,06-037-4008,AQS
2021-03-30,39,Unknown,Long Beach-Route 710 Near Road,06-037-4008,AQS
2021-03-31,69,Unknown,Long Beach-Route 710 Near Road,06-037-4008,AQS
2021-04-01,61,Unknown,Long Beach-Route 710 Near Road,06-037-4008,AQS
2021-04-02,43,Unknown,Lancaster-Division Street,06-037-9033,AQS
2021-04-03,30,Unknown,Long Beach-Route 710 Near Road,06-037-4008,AQS
2021-04-04,28,Unknown,LAX Hastings,06-037-5005,AQS
2021-04-05,31,Unknown,Long Beach-Route 710 Near Road,06-037-4008,AQS
2021-04-06,36,Unknown,Long Beach-Route 710 Near Road,06-037-4008,AQS
2021-04-07,53,Unknown,Long Beach-Route 710 Near Road,06-037-4008,AQS
2021-04-08,38,Unknown,Long Beach-Route 710 Near Road,06-037-4008,AQS
2021-04-09,31,Unknown,Long Beach-Route 710 Near Road,06-037-4008,AQS
2021-04-10,32,Unknown,Long Beach-Route 710 Near Road,06-037-4008,AQS
2021-04-11,18,Unknown,North Hollywood (NOHO),06-037-4010,AQS
2021-04-12,33,Unknown,Long Beach-Route 710 Near Road,06-037-4008,AQS
2021-04-13,32,Unknown,Long Beach-Route 710 Near Road,06-037-4008,AQS
2021-04-14,51,Unknown,Long Beach-Route 710 Near Road,06-037-4008,AQS
2021-04-15,42,Unknown,Long Beach-Route 710 Near Road,06-037-4008,AQS
2021-04-16,44,Unknown,Long Beach-Route 710 Near Road,06-037-4008,AQS
2021-04-17,28,Unknown,Los Angeles-North Main Street,06-037-1103,AQS
2021-04-18,32,Unknown,Pico Rivera #2,06-037-1602,AQS
2021-04-19,45,Unknown,Long Beach-Route 710 Near Road,06-037-4008,AQS
2021-04-20,31,Unknown,Pomona,06-037-1701,AQS
2021-04-21,31,Unknown,Long Beach-Route 710 Near Road,06-037-4008,AQS
2021-04-22,51,Unknown,Long Beach-Route 710 Near Road,06-037-4008,AQS
2021-04-23,48,Unknown,Long Beach-Route 710 Near Road,06-037-4008,AQS
2021-04-24,31,Unknown,Long Beach-Route 710 Near Road,06-037-4008,AQS
2021-04-25,14,Unknown,Anaheim Near-Road,06-059-0008,AQS
2021-04-26,39,Unknown,Long Beach-Route 710 Near Road,06-037-4008,AQS
2021-04-27,40,Unknown,Long Beach-Route 710 Near Road,06-037-4008,AQS
2021-04-28,42,Unknown,Long Beach-Route 710 Near Road,06-037-4008,AQS
2021-04-29,54,Unknown,Long Beach-Route 710 Near Road,06-037-4008,AQS
2021-04-30,60,Unknown,LAX Hastings,06-037-5005,AQS
2021-05-01,39,Unknown,Pomona,06-037-1701,AQS
2021-05-02,15,Unknown,Los Angeles-North Main Street,06-037-1103,AQS
2021-05-03,41,Unknown,Long Beach-Route 710 Near Road,06-037-4008,AQS
2021-05-04,39,Unknown,Long Beach-Route 710 Near Road,06-037-4008,AQS
2021-05-05,35,Unknown,Los Angeles-North Main Street,06-037-1103,AQS
2021-05-06,29,Unknown,Lancaster-Division Street,06-037-9033,AQS
2021-05-07,39,Unknown,Long Beach-Route 710 Near Road,06-037-4008,AQS
2021-05-08,17,Unknown,Anaheim Near-Road,06-059-0008,AQS
2021-05-09,15,Unknown,Anaheim Near-Road,06-059-0008,AQS
2021-05-10,33,Unknown,Long Beach-Route 710 Near Road,06-037-4008,AQS
2021-05-11,37,Unknown,Long Beach-Route 710 Near Road,06-037-4008,AQS
2021-05-12,48,Unknown,Long Beach-Route 710 Near Road,06-037-4008,AQS
2021-05-13,53,Unknown,Long Beach-Route 710 Near Road,06-037-4008,AQS
2021-05-14,38,Unknown,Long Beach-Route 710 Near Road,06-037-4008,AQS
2021-05-15,20,Unknown,Anaheim Near-Road,06-059-0008,AQS
2021-05-16,16,Unknown,Long Beach-Route 710 Near Road,06-037-4008,AQS
2021-05-17,48,Unknown,Long Beach-Route 710 Near Road,06-037-4008,AQS
2021-05-18,43,Unknown,Long Beach-Route 710 Near Road,06-037-4008,AQS
2021-05-19,34,Unknown,Long Beach-Route 710 Near Road,06-037-4008,AQS
2021-05-20,42,Unknown,Long Beach-Route 710 Near Road,06-037-4008,AQS
2021-05-21,41,Unknown,Long Beach-Route 710 Near Road,06-037-4008,AQS
2021-05-22,26,Unknown,Long Beach-Route 710 Near Road,06-037-4008,AQS
2021-05-23,24,Unknown,Pico Rivera #2,06-037-1602,AQS
2021-05-24,64,Unknown,Long Beach-Route 710 Near Road,06-037-4008,AQS
2021-05-25,44,Unknown,Pomona,06-037-1701,AQS
2021-05-26,35,Unknown,Long Beach-Route 710 Near Road,06-037-4008,AQS
2021-05-27,34,Unknown,Long Beach-Route 710 Near Road,06-037-4008,AQS
2021-05-28,32,Unknown,Long Beach-Route 710 Near Road,06-037-4008,AQS
2021-05-29,21,Unknown,Long Beach-Route 710 Near Road,06-037-4008,AQS
2021-05-30,11,Unknown,Signal Hill (LBSH),06-037-4009,AQS
2021-05-31,20,Unknown,Long Beach-Route 710 Near Road,06-037-4008,AQS
2021-06-01,38,Unknown,Long Beach-Route 710 Near Road,06-037-4008,AQS
2021-06-02,46,Unknown,Long Beach-Route 710 Near Road,06-037-4008,AQS
2021-06-03,26,Unknown,Long Beach-Route 710 Near Road,06-037-4008,AQS
2021-06-04,41,Unknown,Long Beach-Route 710 Near Road,06-037-4008,AQS
2021-06-05,16,Unknown,Pomona,06-037-1701,AQS
2021-06-06,11,Unknown,Long Beach-Route 710 Near Road,06-037-4008,AQS
2021-06-07,19,Unknown,Anaheim Near-Road,06-059-0008,AQS
2021-06-08,33,Unknown,Long Beach-Route 710 Near Road,06-037-4008,AQS
2021-06-09,40,Unknown,Long Beach-Route 710 Near Road,06-037-4008,AQS
2021-06-10,37,Unknown,Long Beach-Route 710 Near Road,06-037-4008,AQS
2021-06-11,37,Unknown,Long Beach-Route 710 Near Road,06-037-4008,AQS
2021-06-12,33,Unknown,Los Angeles-North Main Street,06-037-1103,AQS
2021-06-13,27,Unknown,Pomona,06-037-1701,AQS
2021-06-14,36,Unknown,Long Beach-Route 710 Near Road,06-037-4008,AQS
2021-06-15,53,Unknown,Long Beach-Route 710 Near Road,06-037-4008,AQS
2021-06-16,30,Unknown,Long Beach-Route 710 Near Road,06-037-4008,AQS
2021-06-17,36,Unknown,Los Angeles-North Main Street,06-037-1103,AQS
2021-06-18,22,Unknown,Los Angeles-North Main Street,06-037-1103,AQS
2021-06-19,23,Unknown,Long Beach-Route 710 Near Road,06-037-4008,AQS
2021-06-20,24,Unknown,Signal Hill (LBSH),06-037-4009,AQS
2021-06-21,33,Unknown,Long Beach-Route 710 Near Road,06-037-4008,AQS
2021-06-22,36,Unknown,Long Beach-Route 710 Near Road,06-037-4008,AQS
2021-06-23,34,Unknown,Long Beach-Route 710 Near Road,06-037-4008,AQS
2021-06-24,33,Unknown,Long Beach-Route 710 Near Road,06-037-4008,AQS
2021-06-25,32,Unknown,Long Beach-Route 710 Near Road,06-037-4008,AQS
2021-06-26,27,Unknown,Signal Hill (LBSH),06-037-4009,AQS
2021-06-27,23,Unknown,Los Angeles-North Main Street,06-037-1103,AQS
2021-06-28,38,Unknown,Long Beach-Route 710 Near Road,06-037-4008,AQS
2021-06-29,30,Unknown,Lancaster-Division Street,06-037-9033,AQS
2021-06-30,30,Unknown,Long Beach-Route 710 Near Road,06-037-4008,AQS
2021-07-01,37,Unknown,Long Beach-Route 710 Near Road,06-037-4008,AQS
2021-07-02,43,Unknown,Long Beach-Route 710 Near Road,06-037-4008,AQS
2021-07-03,25,Unknown,Long Beach-Route 710 Near Road,06-037-4008,AQS
2021-07-04,24,Unknown,Los Angeles-North Main Street,06-037-1103,AQS
2021-07-05,22,Unknown,Azusa,06-037-0002,AQS
2021-07-06,33,Unknown,Long Beach-Route 710 Near Road,06-037-4008,AQS
2021-07-07,40,Unknown,Long Beach-Route 710 Near Road,06-037-4008,AQS
2021-07-08,36,Unknown,Long Beach-Route 710 Near Road,06-037-4008,AQS
2021-07-09,32,Unknown,Long Beach-Route 710 Near Road,06-037-4008,AQS
2021-07-10,29,Unknown,Long Beach-Route 710 Near Road,06-037-4008,AQS
2021-07-11,17,Unknown,North Hollywood (NOHO),06-037-4010,AQS
2021-07-12,35,Unknown,Long Beach-Route 710 Near Road,06-037-4008,AQS
2021-07-13,41,Unknown,Long Beach-Route 710 Near Road,06-037-4008,AQS
2021-07-14,29,Unknown,Long Beach-Route 710 Near Road,06-037-4008,AQS
2021-07-15,33,Unknown,Long Beach-Route 710 Near Road,06-037-4008,AQS
2021-07-16,34,Unknown,Long Beach-Route 710 Near Road,06-037-4008,AQS
2021-07-17,27,Unknown,Long Beach-Route 710 Near Road,06-037-4008,AQS
2021-07-18,25,Unknown,Compton,06-037-1302,AQS
2021-07-19,39,Unknown,Long Beach-Route 710 Near Road,06-037-4008,AQS
2021-07-20,38,Unknown,Long Beach-Route 710 Near Road,06-037-4008,AQS
2021-07-21,33,Unknown,Long Beach-Route 710 Near Road,06-037-4008,AQS
2021-07-22,31,Unknown,Los Angeles-North Main Street,06-037-1103,AQS
2021-07-23,27,Unknown,Long Beach-Route 710 Near Road,06-037-4008,AQS
2021-07-24,25,Unknown,Long Beach-Route 710 Near Road,06-037-4008,AQS
2021-07-25,14,Unknown,Anaheim Near-Road,06-059-0008,AQS
2021-07-26,49,Unknown,Long Beach-Route 710 Near Road,06-037-4008,AQS
2021-07-27,41,Unknown,Long Beach-Route 710 Near Road,06-037-4008,AQS
2021-07-28,43,Unknown,Long Beach-Route 710 Near Road,06-037-4008,AQS
2021-07-29,43,Unknown,Long Beach-Route 710 Near Road,06-037-4008,AQS
2021-07-30,40,Unknown,Long Beach-Route 710 Near Road,06-037-4008,AQS
2021-07-31,25,Unknown,Azusa,06-037-0002,AQS
2021-08-01,26,Unknown,Los Angeles-North Main Street,06-037-1103,AQS
2021-08-02,56,Unknown,Long Beach-Route 710 Near Road,06-037-4008,AQS
2021-08-03,46,Unknown,Long Beach-Route 710 Near Road,06-037-4008,AQS
2021-08-04,44,Unknown,Long Beach-Route 710 Near Road,06-037-4008,AQS
2021-08-05,38,Unknown,Long Beach-Route 710 Near Road,06-037-4008,AQS
2021-08-06,41,Unknown,Long Beach-Route 710 Near Road,06-037-4008,AQS
2021-08-07,25,Unknown,Santa Clarita,06-037-6012,AQS
2021-08-08,16,Unknown,Los Angeles-North Main Street,06-037-1103,AQS
2021-08-09,35,Unknown,Long Beach-Route 710 Near Road,06-037-4008,AQS
2021-08-10,44,Unknown,Long Beach-Route 710 Near Road,06-037-4008,AQS
2021-08-11,45,Unknown,Long Beach-Route 710 Near Road,06-037-4008,AQS
2021-08-12,40,Unknown,Los Angeles-North Main Street,06-037-1103,AQS
2021-08-13,39,Unknown,Long Beach-Route 710 Near Road,06-037-4008,AQS
2021-08-14,26,Unknown,Long Beach-Route 710 Near Road,06-037-4008,AQS
2021-08-15,21,Unknown,Azusa,06-037-0002,AQS
2021-08-16,32,Unknown,Long Beach-Route 710 Near Road,06-037-4008,AQS
2021-08-17,25,Unknown,Long Beach-Route 710 Near Road,06-037-4008,AQS
2021-08-18,25,Unknown,Long Beach-Route 710 Near Road,06-037-4008,AQS
2021-08-19,37,Unknown,Long Beach-Route 710 Near Road,06-037-4008,AQS
2021-08-20,41,Unknown,Long Beach-Route 710 Near Road,06-037-4008,AQS
2021-08-21,34,Unknown,Long Beach-Route 710 Near Road,06-037-4008,AQS
2021-08-22,25,Unknown,Los Angeles-North Main Street,06-037-1103,AQS
2021-08-23,36,Unknown,Long Beach-Route 710 Near Road,06-037-4008,AQS
2021-08-24,49,Unknown,Long Beach-Route 710 Near Road,06-037-4008,AQS
2021-08-25,49,Unknown,Long Beach-Route 710 Near Road,06-037-4008,AQS
2021-08-26,64,Unknown,Long Beach-Route 710 Near Road,06-037-4008,AQS
2021-08-27,50,Unknown,Pomona,06-037-1701,AQS
2021-08-28,42,Unknown,Pomona,06-037-1701,AQS
2021-08-29,24,Unknown,Pomona,06-037-1701,AQS
2021-08-30,42,Unknown,Long Beach-Route 710 Near Road,06-037-4008,AQS
2021-08-31,41,Unknown,Long Beach-Route 710 Near Road,06-037-4008,AQS
2021-09-01,36,Unknown,Long Beach-Route 710 Near Road,06-037-4008,AQS
2021-09-02,36,Unknown,Long Beach-Route 710 Near Road,06-037-4008,AQS
2021-09-03,45,Unknown,Long Beach-Route 710 Near Road,06-037-4008,AQS
2021-09-04,42,Unknown,Pomona,06-037-1701,AQS
2021-09-05,34,Unknown,North Hollywood (NOHO),06-037-4010,AQS
2021-09-06,18,Unknown,Lancaster-Division Street,06-037-9033,AQS
2021-09-07,30,Unknown,Lancaster-Division Street,06-037-9033,AQS
2021-09-08,44,Unknown,Long Beach-Route 710 Near Road,06-037-4008,AQS
2021-09-09,53,Unknown,Long Beach-Route 710 Near Road,06-037-4008,AQS
2021-09-10,51,Unknown,Long Beach-Route 710 Near Road,06-037-4008,AQS
2021-09-11,41,Unknown,Long Beach-Route 710 Near Road,06-037-4008,AQS
2021-09-12,30,Unknown,Los Angeles-North Main Street,06-037-1103,AQS
2021-09-13,47,Unknown,Long Beach-Route 710 Near Road,06-037-4008,AQS
2021-09-14,44,Unknown,Long Beach-Route 710 Near Road,06-037-4008,AQS
2021-09-15,40,Unknown,Lancaster-Division Street,06-037-9033,AQS
2021-09-16,39,Unknown,Long Beach-Route 710 Near Road,06-037-4008,AQS
2021-09-17,38,Unknown,Long Beach-Route 710 Near Road,06-037-4008,AQS
2021-09-18,35,Unknown,Long Beach-Route 710 Near Road,06-037-4008,AQS
2021-09-19,24,Unknown,Los Angeles-North Main Street,06-037-1103,AQS
2021-09-20,37,Unknown,Long Beach-Route 710 Near Road,06-037-4008,AQS
2021-09-21,68,Unknown,Long Beach-Route 710 Near Road,06-037-4008,AQS
2021-09-22,55,Unknown,Long Beach-Route 710 Near Road,06-037-4008,AQS
2021-09-23,51,Unknown,Long Beach-Route 710 Near Road,06-037-4008,AQS
2021-09-24,38,Unknown,Long Beach-Route 710 Near Road,06-037-4008,AQS
2021-09-25,27,Unknown,Long Beach-Route 710 Near Road,06-037-4008,AQS
2021-09-26,17,Unknown,Long Beach-Route 710 Near Road,06-037-4008,AQS
2021-09-27,42,Unknown,Long Beach-Route 710 Near Road,06-037-4008,AQS
2021-09-28,45,Unknown,Long Beach-Route 710 Near Road,06-037-4008,AQS
2021-09-29,47,Unknown,Long Beach-Route 710 Near Road,06-037-4008,AQS
2021-09-30,64,Unknown,Long Beach-Route 710 Near Road,06-037-4008,AQS
2021-10-01,62,Unknown,Long Beach-Route 710 Near Road,06-037-4008,AQS
2021-10-02,58,Unknown,Long Beach-Route 710 Near Road,06-037-4008,AQS
2021-10-03,60,Unknown,Long Beach-Route 710 Near Road,06-037-4008,AQS
2021-10-04,90,Unknown,Long Beach-Route 710 Near Road,06-037-4008,AQS
2021-10-05,50,Unknown,Long Beach-Route 710 Near Road,06-037-4008,AQS
2021-10-06,55,Unknown,Long Beach-Route 710 Near Road,06-037-4008,AQS
2021-10-07,33,Unknown,Long Beach-Route 710 Near Road,06-037-4008,AQS
2021-10-08,41,Unknown,Long Beach-Route 710 Near Road,06-037-4008,AQS
2021-10-09,31,Unknown,Long Beach-Route 710 Near Road,06-037-4008,AQS
2021-10-10,35,Unknown,Los Angeles-North Main Street,06-037-1103,AQS
2021-10-11,33,Unknown,Long Beach-Route 710 Near Road,06-037-4008,AQS
2021-10-12,44,Unknown,Long Beach-Route 710 Near Road,06-037-4008,AQS
2021-10-13,62,Unknown,Long Beach-Route 710 Near Road,06-037-4008,AQS
2021-10-14,64,Unknown,Long Beach-Route 710 Near Road,06-037-4008,AQS
2021-10-15,65,Unknown,Long Beach-Route 710 Near Road,06-037-4008,AQS
2021-10-16,52,Unknown,Long Beach-Route 710 Near Road,06-037-4008,AQS
2021-10-17,41,Unknown,Long Beach-Route 710 Near Road,06-037-4008,AQS
2021-10-18,47,Unknown,Long Beach-Route 710 Near Road,06-037-4008,AQS
2021-10-19,49,Unknown,Long Beach-Route 710 Near Road,06-037-4008,AQS
2021-10-20,57,Unknown,Long Beach-Route 710 Near Road,06-037-4008,AQS
2021-10-21,62,Unknown,Long Beach-Route 710 Near Road,06-037-4008,AQS
2021-10-22,41,Unknown,Lancaster-Division Street,06-037-9033,AQS
2021-10-23,21,Unknown,Long Beach-Route 710 Near Road,06-037-4008,AQS
2021-10-24,22,Unknown,Anaheim Near-Road,06-059-0008,AQS
2021-10-25,42,Unknown,Long Beach-Route 710 Near Road,06-037-4008,AQS
2021-10-26,50,Unknown,Long Beach-Route 710 Near Road,06-037-4008,AQS
2021-10-27,66,Unknown,Long Beach-Route 710 Near Road,06-037-4008,AQS
2021-10-28,81,Unknown,Long Beach-Route 710 Near Road,06-037-4008,AQS
2021-10-29,52,Unknown,Long Beach-Route 710 Near Road,06-037-4008,AQS
2021-10-30,34,Unknown,North Hollywood (NOHO),06-037-4010,AQS
2021-10-31,32,Unknown,Long Beach-Route 710 Near Road,06-037-4008,AQS
2021-11-01,47,Unknown,Long Beach-Route 710 Near Road,06-037-4008,AQS
2021-11-02,36,Unknown,Pico Rivera #2,06-037-1602,AQS
2021-11-03,53,Unknown,Long Beach-Route 710 Near Road,06-037-4008,AQS
2021-11-04,55,Unknown,Long Beach-Route 710 Near Road,06-037-4008,AQS
2021-11-05,53,Unknown,Pomona,06-037-1701,AQS
2021-11-06,36,Unknown,Long Beach-Route 710 Near Road,06-037-4008,AQS
2021-11-07,38,Unknown,Los Angeles-North Main Street,06-037-1103,AQS
2021-11-08,50,Unknown,Long Beach-Route 710 Near Road,06-037-4008,AQS
2021-11-09,55,Unknown,Long Beach-Route 710 Near Road,06-037-4008,AQS
2021-11-10,65,Unknown,Long Beach-Route 710 Near Road,06-037-4008,AQS
2021-11-11,74,Unknown,Long Beach-Route 710 Near Road,06-037-4008,AQS
2021-11-12,89,Unknown,Long Beach-Route 710 Near Road,06-037-4008,AQS
2021-11-13,52,Unknown,Long Beach-Route 710 Near Road,06-037-4008,AQS
2021-11-14,57,Unknown,Anaheim Near-Road,06-059-0008,AQS
2021-11-15,85,Unknown,Long Beach-Route 710 Near Road,06-037-4008,AQS
2021-11-16,46,Unknown,Los Angeles-North Main Street,06-037-1103,AQS
2021-11-17,55,Unknown,Long Beach-Route 710 Near Road,06-037-4008,AQS
2021-11-18,58,Unknown,Long Beach-Route 710 Near Road,06-037-4008,AQS
2021-11-19,51,Unknown,Long Beach-Route 710 Near Road,06-037-4008,AQS
2021-11-20,42,Unknown,Pico Rivera #2,06-037-1602,AQS
2021-11-21,50,Unknown,Long Beach-Route 710 Near Road,06-037-4008,AQS
2021-11-22,67,Unknown,Long Beach-Route 710 Near Road,06-037-4008,AQS
2021-11-23,53,Unknown,Long Beach-Route 710 Near Road,06-037-4008,AQS
2021-11-24,55,Unknown,Long Beach-Route 710 Near Road,06-037-4008,AQS
2021-11-25,49,Unknown,Long Beach-Route 710 Near Road,06-037-4008,AQS
2021-11-26,51,Unknown,Long Beach-Route 710 Near Road,06-037-4008,AQS
2021-11-27,49,Unknown,Compton,06-037-1302,AQS
2021-11-28,52,Unknown,Anaheim Near-Road,06-059-0008,AQS
2021-11-29,72,Unknown,Long Beach-Route 710 Near Road,06-037-4008,AQS
2021-11-30,77,Unknown,Azusa,06-037-0002,AQS
2021-12-01,74,Unknown,Los Angeles-North Main Street,06-037-1103,AQS
2021-12-02,63,Unknown,Glendora,06-037-0016,AQS
2021-12-03,53,Unknown,Long Beach-Route 710 Near Road,06-037-4008,AQS
2021-12-04,40,Unknown,Pomona,06-037-1701,AQS
2021-12-05,45,Unknown,Pico Rivera #2,06-037-1602,AQS
2021-12-06,53,Unknown,Santa Clarita,06-037-6012,AQS
2021-12-07,49,Unknown,Long Beach-Route 710 Near Road,06-037-4008,AQS
2021-12-08,57,Unknown,Long Beach-Route 710 Near Road,06-037-4008,AQS
2021-12-09,54,Unknown,Long Beach-Route 710 Near Road,06-037-4008,AQS
2021-12-10,55,Unknown,Long Beach-Route 710 Near Road,06-037-4008,AQS
2021-12-11,42,Unknown,Long Beach-Route 710 Near Road,06-037-4008,AQS
2021-12-12,38,Unknown,Pomona,06-037-1701,AQS
2021-12-13,38,Unknown,Long Beach-Route 710 Near Road,06-037-4008,AQS
2021-12-14,51,Unknown,Long Beach-Route 710 Near Road,06-037-4008,AQS
2021-12-15,56,Unknown,Long Beach-Route 710 Near Road,06-037-4008,AQS
2021-12-16,46,Unknown,Long Beach-Route 710 Near Road,06-037-4008,AQS
2021-12-17,51,Unknown,Long Beach-Route 710 Near Road,06-037-4008,AQS
2021-12-18,44,Unknown,Long Beach-Route 710 Near Road,06-037-4008,AQS
2021-12-19,39,Unknown,Pasadena,06-037-2005,AQS
2021-12-20,71,Unknown,Long Beach-Route 710 Near Road,06-037-4008,AQS
2021-12-21,82,Unknown,Long Beach-Route 710 Near Road,06-037-4008,AQS
2021-12-22,78,Unknown,Long Beach-Route 710 Near Road,06-037-4008,AQS
2021-12-23,43,Unknown,Pomona,06-037-1701,AQS
2021-12-24,29,Unknown,Long Beach-Route 710 Near Road,06-037-4008,AQS
2021-12-25,24,Unknown,Long Beach-Route 710 Near Road,06-037-4008,AQS
2021-12-26,28,Unknown,Los Angeles-North Main Street,06-037-1103,AQS
2021-12-27,42,Unknown,Long Beach-Route 710 Near Road,06-037-4008,AQS
2021-12-28,49,Unknown,Long Beach-Route 710 Near Road,06-037-4008,AQS
2021-12-29,39,Unknown,Long Beach-Route 710 Near Road,06-037-4008,AQS
2021-12-30,42,Unknown,Long Beach-Route 710 Near Road,06-037-4008,AQS
2021-12-31,38,Unknown,Long Beach-Route 710 Near Road,06-037-4008,AQS
2022-01-01,30,Unknown,Pasadena,06-037-2005,AQS
2022-01-02,37,Unknown,Anaheim Near-Road,06-059-0008,AQS
2022-01-03,50,Unknown,Long Beach-Route 710 Near Road,06-037-4008,AQS
2022-01-04,58,Unknown,Long Beach-Route 710 Near Road,06-037-4008,AQS
2022-01-05,60,Unknown,Pico Rivera #2,06-037-1602,AQS
2022-01-06,68,Unknown,Los Angeles-North Main Street,06-037-1103,AQS
2022-01-07,48,Unknown,Santa Clarita,06-037-6012,AQS
2022-01-08,48,Unknown,Long Beach-Route 710 Near Road,06-037-4008,AQS
2022-01-09,44,Unknown,Anaheim Near-Road,06-059-0008,AQS
2022-01-10,66,Unknown,Long Beach-Route 710 Near Road,06-037-4008,AQS
2022-01-11,78,Unknown,Long Beach-Route 710 Near Road,06-037-4008,AQS
2022-01-12,71,Unknown,Long Beach-Route 710 Near Road,06-037-4008,AQS
2022-01-13,69,Unknown,Long Beach-Route 710 Near Road,06-037-4008,AQS
2022-01-14,89,Unknown,Long Beach-Route 710 Near Road,06-037-4008,AQS
2022-01-15,60,Unknown,Long Beach-Route 710 Near Road,06-037-4008,AQS
2022-01-16,40,Unknown,Los Angeles-North Main Street,06-037-1103,AQS
2022-01-17,42,Unknown,Compton,06-037-1302,AQS
2022-01-18,48,Unknown,Long Beach-Route 710 Near Road,06-037-4008,AQS
2022-01-19,54,Unknown,Long Beach-Route 710 Near Road,06-037-4008,AQS
2022-01-20,65,Unknown,Long Beach-Route 710 Near Road,06-037-4008,AQS
2022-01-21,49,Unknown,Long Beach-Route 710 Near Road,06-037-4008,AQS
2022-01-22,43,Unknown,Long Beach-Route 710 Near Road,06-037-4008,AQS
2022-01-23,39,Unknown,Long Beach-Route 710 Near Road,06-037-4008,AQS
2022-01-24,46,Unknown,Compton,06-037-1302,AQS
2022-01-25,62,Unknown,Long Beach-Route 710 Near Road,06-037-4008,AQS
2022-01-26,65,Unknown,Long Beach-Route 710 Near Road,06-037-4008,AQS
2022-01-27,65,Unknown,Long Beach-Route 710 Near Road,06-037-4008,AQS
2022-01-28,71,Unknown,Long Beach-Route 710 Near Road,06-037-4008,AQS
2022-01-29,54,Unknown,Long Beach-Route 710 Near Road,06-037-4008,AQS
2022-01-30,41,Unknown,Los Angeles-North Main Street,06-037-1103,AQS
2022-01-31,46,Unknown,Los Angeles-North Main Street,06-037-1103,AQS
2022-02-01,66,Unknown,Long Beach-Route 710 Near Road,06-037-4008,AQS
2022-02-02,61,Unknown,Long Beach-Route 710 Near Road,06-037-4008,AQS
2022-02-03,65,Unknown,Long Beach-Route 710 Near Road,06-037-4008,AQS
2022-02-04,71,Unknown,Long Beach-Route 710 Near Road,06-037-4008,AQS
2022-02-05,48,Unknown,Long Beach-Route 710 Near Road,06-037-4008,AQS
2022-02-06,44,Unknown,Los Angeles-North Main Street,06-037-1103,AQS
2022-02-07,79,Unknown,Long Beach-Route 710 Near Road,06-037-4008,AQS
2022-02-08,69,Unknown,Long Beach-Route 710 Near Road,06-037-4008,AQS
2022-02-09,95,Unknown,Long Beach-Route 710 Near Road,06-037-4008,AQS
2022-02-10,71,Unknown,Long Beach-Route 710 Near Road,06-037-4008,AQS
2022-02-11,65,Unknown,Long Beach-Route 710 Near Road,06-037-4008,AQS
2022-02-12,57,Unknown,Long Beach-Route 710 Near Road,06-037-4008,AQS
2022-02-13,57,Unknown,Anaheim Near-Road,06-059-0008,AQS
2022-02-14,58,Unknown,Long Beach-Route 710 Near Road,06-037-4008,AQS
2022-02-15,57,Unknown,Long Beach-Route 710 Near Road,06-037-4008,AQS
2022-02-16,44,Unknown,Long Beach-Route 710 Near Road,06-037-4008,AQS
2022-02-17,55,Unknown,Long Beach-Route 710 Near Road,06-037-4008,AQS
2022-02-18,60,Unknown,Long Beach-Route 710 Near Road,06-037-4008,AQS
2022-02-19,57,Unknown,Long Beach-Route 710 Near Road,06-037-4008,AQS
2022-02-20,33,Unknown,Pomona,06-037-1701,AQS
2022-02-21,42,Unknown,Long Beach-Route 710 Near Road,06-037-4008,AQS
2022-02-22,37,Unknown,Long Beach-Route 710 Near Road,06-037-4008,AQS
2022-02-23,47,Unknown,Long Beach-Route 710 Near Road,06-037-4008,AQS
2022-02-24,55,Unknown,Long Beach-Route 710 Near Road,06-037-4008,AQS
2022-02-25,52,Unknown,Long Beach-Route 710 Near Road,06-037-4008,AQS
2022-02-26,55,Unknown,Long Beach-Route 710 Near Road,06-037-4008,AQS
2022-02-27,42,Unknown,Los Angeles-North Main Street,06-037-1103,AQS
2022-02-28,76,Unknown,Long Beach-Route 710 Near Road,06-037-4008,AQS
2022-03-01,85,Unknown,Long Beach-Route 710 Near Road,06-037-4008,AQS
2022-03-02,65,Unknown,Long Beach-Route 710 Near Road,06-037-4008,AQS
2022-03-03,55,Unknown,Los Angeles-North Main Street,06-037-1103,AQS
2022-03-04,39,Unknown,Long Beach-Route 710 Near Road,06-037-4008,AQS
2022-03-05,40,Unknown,Long Beach-Route 710 Near Road,06-037-4008,AQS
2022-03-06,38,Unknown,Long Beach-Route 710 Near Road,06-037-4008,AQS
2022-03-07,57,Unknown,Long Beach-Route 710 Near Road,06-037-4008,AQS
2022-03-08,56,Unknown,Long Beach-Route 710 Near Road,06-037-4008,AQS
2022-03-09,55,Unknown,Long Beach-Route 710 Near Road,06-037-4008,AQS
2022-03-10,50,Unknown,Long Beach-Route 710 Near Road,06-037-4008,AQS
2022-03-11,60,Unknown,Long Beach-Route 710 Near Road,06-037-4008,AQS
2022-03-12,58,Unknown,Long Beach-Route 710 Near Road,06-037-4008,AQS
2022-03-13,35,Unknown,Los Angeles-North Main Street,06-037-1103,AQS
2022-03-14,54,Unknown,Long Beach-Route 710 Near Road,06-037-4008,AQS
2022-03-15,52,Unknown,Long Beach-Route 710 Near Road,06-037-4008,AQS
2022-03-16,42,Unknown,Long Beach-Route 710 Near Road,06-037-4008,AQS
2022-03-17,53,Unknown,Long Beach-Route 710 Near Road,06-037-4008,AQS
2022-03-18,46,Unknown,Long Beach-Route 710 Near Road,06-037-4008,AQS
2022-03-19,46,Unknown,Long Beach-Route 710 Near Road,06-037-4008,AQS
2022-03-20,27,Unknown,Long Beach-Route 710 Near Road,06-037-4008,AQS
2022-03-21,48,Unknown,Long Beach-Route 710 Near Road,06-037-4008,AQS
2022-03-22,67,Unknown,Long Beach-Route 710 Near Road,06-037-4008,AQS
2022-03-23,58,Unknown,Long Beach-Route 710 Near Road,06-037-4008,AQS
2022-03-24,68,Unknown,Long Beach-Route 710 Near Road,06-037-4008,AQS
2022-03-25,46,Unknown,Long Beach-Route 710 Near Road,06-037-4008,AQS
2022-03-26,34,Unknown,Pomona,06-037-1701,AQS
2022-03-27,13,Unknown,Anaheim Near-Road,06-059-0008,AQS
2022-03-28,46,Unknown,Long Beach-Route 710 Near Road,06-037-4008,AQS
2022-03-29,49,Unknown,Long Beach-Route 710 Near Road,06-037-4008,AQS
2022-03-30,35,Unknown,Long Beach-Route 710 Near Road,06-037-4008,AQS
2022-03-31,45,Unknown,Long Beach-Route 710 Near Road,06-037-4008,AQS
2022-04-01,47,Unknown,Long Beach-Route 710 Near Road,06-037-4008,AQS
2022-04-02,37,Unknown,Long Beach-Route 710 Near Road,06-037-4008,AQS
2022-04-03,19,Unknown,Anaheim Near-Road,06-059-0008,AQS
2022-04-04,47,Unknown,Long Beach-Route 710 Near Road,06-037-4008,AQS
2022-04-05,40,Unknown,Los Angeles-North Main Street,06-037-1103,AQS
2022-04-06,67,Unknown,Long Beach-Route 710 Near Road,06-037-4008,AQS
2022-04-07,74,Unknown,Long Beach-Route 710 Near Road,06-037-4008,AQS
2022-04-08,67,Unknown,Long Beach-Route 710 Near Road,06-037-4008,AQS
2022-04-09,48,Unknown,Long Beach-Route 710 Near Road,06-037-4008,AQS
2022-04-10,12,Unknown,Long Beach-Route 710 Near Road,06-037-4008,AQS
2022-04-11,26,Unknown,Long Beach-Route 710 Near Road,06-037-4008,AQS
2022-04-12,33,Unknown,Long Beach-Route 710 Near Road,06-037-4008,AQS
2022-04-13,51,Unknown,Long Beach-Route 710 Near Road,06-037-4008,AQS
2022-04-14,42,Unknown,Long Beach-Route 710 Near Road,06-037-4008,AQS
2022-04-15,31,Unknown,Long Beach-Route 710 Near Road,06-037-4008,AQS
2022-04-16,24,Unknown,Long Beach-Route 710 Near Road,06-037-4008,AQS
2022-04-17,19,Unknown,Pico Rivera #2,06-037-1602,AQS
2022-04-18,39,Unknown,Long Beach-Route 710 Near Road,06-037-4008,AQS
2022-04-19,42,Unknown,Long Beach-Route 710 Near Road,06-037-4008,AQS
2022-04-20,37,Unknown,Long Beach-Route 710 Near Road,06-037-4008,AQS
2022-04-21,36,Unknown,Long Beach-Route 710 Near Road,06-037-4008,AQS
2022-04-22,33,Unknown,Long Beach-Route 710 Near Road,06-037-4008,AQS
2022-04-23,35,Unknown,Los Angeles-North Main Street,06-037-1103,AQS
2022-04-24,35,Unknown,Long Beach-Route 710 Near Road,06-037-4008,AQS
2022-04-25,65,Unknown,Long Beach-Route 710 Near Road,06-037-4008,AQS
2022-04-26,50,Unknown,Long Beach-Route 710 Near Road,06-037-4008,AQS
2022-04-27,26,Unknown,Long Beach-Route 710 Near Road,06-037-4008,AQS
2022-04-28,42,Unknown,Long Beach-Route 710 Near Road,06-037-4008,AQS
2022-04-29,35,Unknown,Long Beach-Route 710 Near Road,06-037-4008,AQS
2022-04-30,31,Unknown,Los Angeles-North Main Street,06-037-1103,AQS
2022-05-01,22,Unknown,Los Angeles-North Main Street,06-037-1103,AQS
2022-05-02,46,Unknown,Long Beach-Route 710 Near Road,06-037-4008,AQS
2022-05-03,46,Unknown,Long Beach-Route 710 Near Road,06-037-4008,AQS
2022-05-04,48,Unknown,Long Beach-Route 710 Near Road,06-037-4008,AQS
2022-05-05,42,Unknown,Long Beach-Route 710 Near Road,06-037-4008,AQS
2022-05-06,40,Unknown,Long Beach-Route 710 Near Road,06-037-4008,AQS
2022-05-07,20,Unknown,Los Angeles-North Main Street,06-037-1103,AQS
2022-05-08,18,Unknown,Pico Rivera #2,06-037-1602,AQS
2022-05-09,39,Unknown,Long Beach-Route 710 Near Road,06-037-4008,AQS
2022-05-10,42,Unknown,Long Beach-Route 710 Near Road,06-037-4008,AQS
2022-05-11,47,Unknown,Long Beach-Route 710 Near Road,06-037-4008,AQS
2022-05-12,55,Unknown,Long Beach-Route 710 Near Road,06-037-4008,AQS
2022-05-13,50,Unknown,Long Beach-Route 710 Near Road,06-037-4008,AQS
2022-05-14,48,Unknown,Los Angeles-North Main Street,06-037-1103,AQS
2022-05-15,42,Unknown,Los Angeles-North Main Street,06-037-1103,AQS
2022-05-16,34,Unknown,Long Beach-Route 710 Near Road,06-037-4008,AQS
2022-05-17,44,Unknown,Long Beach-Route 710 Near Road,06-037-4008,AQS
2022-05-18,43,Unknown,Long Beach-Route 710 Near Road,06-037-4008,AQS
2022-05-19,25,Unknown,Anaheim Near-Road,06-059-0008,AQS
2022-05-20,25,Unknown,Anaheim Near-Road,06-059-0008,AQS
2022-05-21,17,Unknown,Long Beach-Route 710 Near Road,06-037-4008,AQS
2022-05-22,22,Unknown,Lancaster-Division Street,06-037-9033,AQS
2022-05-23,22,Unknown,Anaheim Near-Road,06-059-0008,AQS
2022-05-24,44,Unknown,Long Beach-Route 710 Near Road,06-037-4008,AQS
2022-05-25,46,Unknown,Long Beach-Route 710 Near Road,06-037-4008,AQS
2022-05-26,32,Unknown,Long Beach-Route 710 Near Road,06-037-4008,AQS
2022-05-27,44,Unknown,Long Beach-Route 710 Near Road,06-037-4008,AQS
2022-05-28,24,Unknown,Long Beach-Route 710 Near Road,06-037-4008,AQS
2022-05-29,15,Unknown,Los Angeles-North Main Street,06-037-1103,AQS
2022-05-30,20,Unknown,Long Beach-Route 710 Near Road,06-037-4008,AQS
2022-05-31,42,Unknown,Long Beach-Route 710 Near Road,06-037-4008,AQS
2022-06-01,39,Unknown,Long Beach-Route 710 Near Road,06-037-4008,AQS
2022-06-02,33,Unknown,Lancaster-Division Street,06-037-9033,AQS
2022-06-03,31,Unknown,Long Beach-Route 710 Near Road,06-037-4008,AQS
2022-06-04,18,Unknown,Anaheim Near-Road,06-059-0008,AQS
2022-06-05,17,Unknown,Los Angeles-North Main Street,06-037-1103,AQS
2022-06-06,32,Unknown,Long Beach-Route 710 Near Road,06-037-4008,AQS
2022-06-07,32,Unknown,Long Beach-Route 710 Near Road,06-037-4008,AQS
2022-06-08,38,Unknown,Long Beach-Route 710 Near Road,06-037-4008,AQS
2022-06-09,44,Unknown,Long Beach-Route 710 Near Road,06-037-4008,AQS
2022-06-10,44,Unknown,Long Beach-Route 710 Near Road,06-037-4008,AQS
2022-06-11,29,Unknown,Long Beach-Route 710 Near Road,06-037-4008,AQS
2022-06-12,16,Unknown,Azusa,06-037-0002,AQS
2022-06-13,36,Unknown,Long Beach-Route 710 Near Road,06-037-4008,AQS
2022-06-14,41,Unknown,Long Beach-Route 710 Near Road,06-037-4008,AQS
2022-06-15,38,Unknown,Long Beach-Route 710 Near Road,06-037-4008,AQS
2022-06-16,41,Unknown,Lancaster-Division Street,06-037-9033,AQS
2022-06-17,26,Unknown,Long Beach-Route 710 Near Road,06-037-4008,AQS
2022-06-18,27,Unknown,Long Beach-Route 710 Near Road,06-037-4008,AQS
2022-06-19,22,Unknown,Pico Rivera #2,06-037-1602,AQS
2022-06-20,49,Unknown,Long Beach-Route 710 Near Road,06-037-4008,AQS
2022-06-21,39,Unknown,Long Beach-Route 710 Near Road,06-037-4008,AQS
2022-06-22,47,Unknown,Long Beach-Route 710 Near Road,06-037-4008,AQS
2022-06-23,45,Unknown,Long Beach-Route 710 Near Road,06-037-4008,AQS
2022-06-24,47,Unknown,Long Beach-Route 710 Near Road,06-037-4008,AQS
2022-06-25,33,Unknown,Pomona,06-037-1701,AQS
2022-06-26,25,Unknown,Los Angeles-North Main Street,06-037-1103,AQS
2022-06-27,49,Unknown,Long Beach-Route 710 Near Road,06-037-4008,AQS
2022-06-28,47,Unknown,Los Angeles-North Main Street,06-037-1103,AQS
2022-06-29,36,Unknown,Long Beach-Route 710 Near Road,06-037-4008,AQS
2022-06-30,30,Unknown,Long Beach-Route 710 Near Road,06-037-4008,AQS
2022-07-01,32,Unknown,Long Beach-Route 710 Near Road,06-037-4008,AQS
2022-07-02,28,Unknown,Long Beach-Route 710 Near Road,06-037-4008,AQS
2022-07-03,19,Unknown,Signal Hill (LBSH),06-037-4009,AQS
2022-07-04,18,Unknown,Pico Rivera #2,06-037-1602,AQS
2022-07-05,21,Unknown,Long Beach-Route 710 Near Road,06-037-4008,AQS
2022-07-06,24,Unknown,Long Beach-Route 710 Near Road,06-037-4008,AQS
2022-07-07,36,Unknown,Long Beach-Route 710 Near Road,06-037-4008,AQS
2022-07-08,29,Unknown,Long Beach-Route 710 Near Road,06-037-4008,AQS
2022-07-09,28,Unknown,Pico Rivera #2,06-037-1602,AQS
2022-07-10,26,Unknown,Los Angeles-North Main Street,06-037-1103,AQS
2022-07-11,29,Unknown,Long Beach-Route 710 Near Road,06-037-4008,AQS
2022-07-12,26,Unknown,Long Beach-Route 710 Near Road,06-037-4008,AQS
2022-07-13,36,Unknown,Long Beach-Route 710 Near Road,06-037-4008,AQS
2022-07-14,29,Unknown,Long Beach-Route 710 Near Road,06-037-4008,AQS
2022-07-15,33,Unknown,Long Beach-Route 710 Near Road,06-037-4008,AQS
2022-07-16,29,Unknown,Long Beach-Route 710 Near Road,06-037-4008,AQS
2022-07-17,25,Unknown,Los Angeles-North Main Street,06-037-1103,AQS
2022-07-18,29,Unknown,Long Beach-Route 710 Near Road,06-037-4008,AQS
2022-07-19,40,Unknown,Long Beach-Route 710 Near Road,06-037-4008,AQS
2022-07-20,38,Unknown,Long Beach-Route 710 Near Road,06-037-4008,AQS
2022-07-21,36,Unknown,Long Beach-Route 710 Near Road,06-037-4008,AQS
2022-07-22,33,Unknown,Long Beach-Route 710 Near Road,06-037-4008,AQS
2022-07-23,19,Unknown,Santa Clarita,06-037-6012,AQS
2022-07-24,20,Unknown,Santa Clarita,06-037-6012,AQS
2022-07-25,33,Unknown,Long Beach-Route 710 Near Road,06-037-4008,AQS
2022-07-26,39,Unknown,Long Beach-Route 710 Near Road,06-037-4008,AQS
2022-07-27,38,Unknown,Long Beach-Route 710 Near Road,06-037-4008,AQS
2022-07-28,28,Unknown,Long Beach-Route 710 Near Road,06-037-4008,AQS
2022-07-29,24,Unknown,Los Angeles-North Main Street,06-037-1103,AQS
2022-07-30,20,Unknown,Los Angeles-North Main Street,06-037-1103,AQS
2022-07-31,19,Unknown,Pico Rivera #2,06-037-1602,AQS
2022-08-01,35,Unknown,Long Beach-Route 710 Near Road,06-037-4008,AQS
2022-08-02,34,Unknown,Long Beach-Route 710 Near Road,06-037-4008,AQS
2022-08-03,35,Unknown,Long Beach-Route 710 Near Road,06-037-4008,AQS
2022-08-04,35,Unknown,Long Beach-Route 710 Near Road,06-037-4008,AQS
2022-08-05,40,Unknown,Long Beach-Route 710 Near Road,06-037-4008,AQS
2022-08-06,25,Unknown,Los Angeles-North Main Street,06-037-1103,AQS
2022-08-07,28,Unknown,Los Angeles-North Main Street,06-037-1103,AQS
2022-08-08,42,Unknown,Long Beach-Route 710 Near Road,06-037-4008,AQS
2022-08-09,40,Unknown,Los Angeles-North Main Street,06-037-1103,AQS
2022-08-10,41,Unknown,Long Beach-Route 710 Near Road,06-037-4008,AQS
2022-08-11,51,Unknown,Long Beach-Route 710 Near Road,06-037-4008,AQS
2022-08-12,48,Unknown,Long Beach-Route 710 Near Road,06-037-4008,AQS
2022-08-13,33,Unknown,Long Beach-Route 710 Near Road,06-037-4008,AQS
2022-08-14,26,Unknown,Los Angeles-North Main Street,06-037-1103,AQS
2022-08-15,42,Unknown,Los Angeles-North Main Street,06-037-1103,AQS
2022-08-16,46,Unknown,Long Beach-Route 710 Near Road,06-037-4008,AQS
2022-08-17,41,Unknown,Long Beach-Route 710 Near Road,06-037-4008,AQS
2022-08-18,36,Unknown,Long Beach-Route 710 Near Road,06-037-4008,AQS
2022-08-19,36,Unknown,Long Beach-Route 710 Near Road,06-037-4008,AQS
2022-08-20,22,Unknown,Santa Clarita,06-037-6012,AQS
2022-08-21,16,Unknown,Anaheim Near-Road,06-059-0008,AQS
2022-08-22,41,Unknown,Long Beach-Route 710 Near Road,06-037-4008,AQS
2022-08-23,41,Unknown,Long Beach-Route 710 Near Road,06-037-4008,AQS
2022-08-24,30,Unknown,Pomona,06-037-1701,AQS
2022-08-25,31,Unknown,Los Angeles-North Main Street,06-037-1103,AQS
2022-08-26,36,Unknown,Long Beach-Route 710 Near Road,06-037-4008,AQS
2022-08-27,25,Unknown,Pico Rivera #2,06-037-1602,AQS
2022-08-28,13,Unknown,Anaheim Near-Road,06-059-0008,AQS
2022-08-29,35,Unknown,Long Beach-Route 710 Near Road,06-037-4008,AQS
2022-08-30,46,Unknown,Long Beach-Route 710 Near Road,06-037-4008,AQS
2022-08-31,73,Unknown,Los Angeles-North Main Street,06-037-1103,AQS
2022-09-01,44,Unknown,Pomona,06-037-1701,AQS
2022-09-02,43,Unknown,Los Angeles-North Main Street,06-037-1103,AQS
2022-09-03,41,Unknown,Long Beach-Route 710 Near Road,06-037-4008,AQS
2022-09-04,40,Unknown,Long Beach-Route 710 Near Road,06-037-4008,AQS
2022-09-05,24,Unknown,Los Angeles-North Main Street,06-037-1103,AQS
2022-09-06,38,Unknown,Los Angeles-North Main Street,06-037-1103,AQS
2022-09-07,55,Unknown,Long Beach-Route 710 Near Road,06-037-4008,AQS
2022-09-08,47,Unknown,Long Beach-Route 710 Near Road,06-037-4008,AQS
2022-09-09,58,Unknown,Long Beach-Route 710 Near Road,06-037-4008,AQS
2022-09-10,27,Unknown,Long Beach-Route 710 Near Road,06-037-4008,AQS
2022-09-11,15,Unknown,Pico Rivera #2,06-037-1602,AQS
2022-09-12,33,Unknown,Long Beach-Route 710 Near Road,06-037-4008,AQS
2022-09-13,36,Unknown,Long Beach-Route 710 Near Road,06-037-4008,AQS
2022-09-14,34,Unknown,Long Beach-Route 710 Near Road,06-037-4008,AQS
2022-09-15,38,Unknown,Long Beach-Route 710 Near Road,06-037-4008,AQS
2022-09-16,28,Unknown,Long Beach-Route 710 Near Road,06-037-4008,AQS
2022-09-17,26,Unknown,Pomona,06-037-1701,AQS
2022-09-18,17,Unknown,Long Beach-Route 710 Near Road,06-037-4008,AQS
2022-09-19,30,Unknown,Long Beach-Route 710 Near Road,06-037-4008,AQS
2022-09-20,27,Unknown,Long Beach-Route 710 Near Road,06-037-4008,AQS
2022-09-21,35,Unknown,Long Beach-Route 710 Near Road,06-037-4008,AQS
2022-09-22,52,Unknown,Long Beach-Route 710 Near Road,06-037-4008,AQS
2022-09-23,61,Unknown,Long Beach-Route 710 Near Road,06-037-4008,AQS
2022-09-24,40,Unknown,Pomona,06-037-1701,AQS
2022-09-25,31,Unknown,Los Angeles-North Main Street,06-037-1103,AQS
2022-09-26,52,Unknown,Long Beach-Route 710 Near Road,06-037-4008,AQS
2022-09-27,63,Unknown,Los Angeles-North Main Street,06-037-1103,AQS
2022-09-28,48,Unknown,Los Angeles-North Main Street,06-037-1103,AQS
2022-09-29,45,Unknown,Pomona,06-037-1701,AQS
2022-09-30,27,Unknown,Lancaster-Division Street,06-037-9033,AQS
2022-10-01,26,Unknown,Lancaster-Division Street,06-037-9033,AQS
2022-10-02,17,Unknown,Anaheim Near-Road,06-059-0008,AQS
2022-10-03,42,Unknown,Long Beach-Route 710 Near Road,06-037-4008,AQS
2022-10-04,46,Unknown,Long Beach-Route 710 Near Road,06-037-4008,AQS
2022-10-05,40,Unknown,Long Beach-Route 710 Near Road,06-037-4008,AQS
2022-10-06,30,Unknown,Long Beach-Route 710 Near Road,06-037-4008,AQS
2022-10-07,41,Unknown,Long Beach-Route 710 Near Road,06-037-4008,AQS
2022-10-08,37,Unknown,Pomona,06-037-1701,AQS
2022-10-09,22,Unknown,Anaheim Near-Road,06-059-0008,AQS
2022-10-10,39,Unknown,Long Beach-Route 710 Near Road,06-037-4008,AQS
2022-10-11,28,Unknown,Long Beach-Route 710 Near Road,06-037-4008,AQS
2022-10-12,42,Unknown,Long Beach-Route 710 Near Road,06-037-4008,AQS
2022-10-13,43,Unknown,Long Beach-Route 710 Near Road,06-037-4008,AQS
2022-10-14,27,Unknown,Lancaster-Division Street,06-037-9033,AQS
2022-10-15,19,Unknown,Long Beach-Route 710 Near Road,06-037-4008,AQS
2022-10-16,29,Unknown,Pomona,06-037-1701,AQS
2022-10-17,42,Unknown,Long Beach-Route 710 Near Road,06-037-4008,AQS
2022-10-18,76,Unknown,Long Beach-Route 710 Near Road,06-037-4008,AQS
2022-10-19,72,Unknown,Long Beach-Route 710 Near Road,06-037-4008,AQS
2022-10-20,54,Unknown,Long Beach-Route 710 Near Road,06-037-4008,AQS
2022-10-21,40,Unknown,Pomona,06-037-1701,AQS
2022-10-22,19,Unknown,Anaheim Near-Road,06-059-0008,AQS
2022-10-23,26,Unknown,Compton,06-037-1302,AQS
2022-10-24,47,Unknown,Long Beach-Route 710 Near Road,06-037-4008,AQS
2022-10-25,50,Unknown,Long Beach-Route 710 Near Road,06-037-4008,AQS
2022-10-26,44,Unknown,Long Beach-Route 710 Near Road,06-037-4008,AQS
2022-10-27,55,Unknown,Long Beach-Route 710 Near Road,06-037-4008,AQS
2022-10-28,55,Unknown,Long Beach-Route 710 Near Road,06-037-4008,AQS
2022-10-29,41,Unknown,Pomona,06-037-1701,AQS
2022-10-30,47,Unknown,Los Angeles-North Main Street,06-037-1103,AQS
2022-10-31,45,Unknown,Los Angeles-North Main Street,06-037-1103,AQS
2022-11-01,33,Unknown,Pomona,06-037-1701,AQS
2022-11-02,36,Unknown,Long Beach-Route 710 Near Road,06-037-4008,AQS
2022-11-03,41,Unknown,Long Beach-Route 710 Near Road,06-037-4008,AQS
2022-11-04,47,Unknown,Long Beach-Route 710 Near Road,06-037-4008,AQS
2022-11-05,42,Unknown,Long Beach-Route 710 Near Road,06-037-4008,AQS
2022-11-06,32,Unknown,Long Beach-Route 710 Near Road,06-037-4008,AQS
2022-11-07,36,Unknown,Long Beach-Route 710 Near Road,06-037-4008,AQS
2022-11-08,30,Unknown,Long Beach-Route 710 Near Road,06-037-4008,AQS
2022-11-09,43,Unknown,Long Beach-Route 710 Near Road,06-037-4008,AQS
2022-11-10,47,Unknown,Long Beach-Route 710 Near Road,06-037-4008,AQS
2022-11-11,44,Unknown,Long Beach-Route 710 Near Road,06-037-4008,AQS
2022-11-12,36,Unknown,Pomona,06-037-1701,AQS
2022-11-13,31,Unknown,Los Angeles-North Main Street,06-037-1103,AQS
2022-11-14,53,Unknown,Long Beach-Route 710 Near Road,06-037-4008,AQS
2022-11-15,53,Unknown,Long Beach-Route 710 Near Road,06-037-4008,AQS
2022-11-16,66,Unknown,Long Beach-Route 710 Near Road,06-037-4008,AQS
2022-11-17,54,Unknown,Long Beach-Route 710 Near Road,06-037-4008,AQS
2022-11-18,53,Unknown,Long Beach-Route 710 Near Road,06-037-4008,AQS
2022-11-19,48,Unknown,Long Beach-Route 710 Near Road,06-037-4008,AQS
2022-11-20,42,Unknown,Anaheim,06-059-0007,AQS
2022-11-21,54,Unknown,Long Beach-Route 710 Near Road,06-037-4008,AQS
2022-11-22,54,Unknown,Long Beach-Route 710 Near Road,06-037-4008,AQS
2022-11-23,56,Unknown,Long Beach-Route 710 Near Road,06-037-4008,AQS
2022-11-24,48,Unknown,Long Beach-Route 710 Near Road,06-037-4008,AQS
2022-11-25,39,Unknown,Long Beach-Route 710 Near Road,06-037-4008,AQS
2022-11-26,39,Unknown,Reseda,06-037-1201,AQS
2022-11-27,42,Unknown,Los Angeles-North Main Street,06-037-1103,AQS
2022-11-28,34,Unknown,Reseda,06-037-1201,AQS
2022-11-29,35,Unknown,Los Angeles-North Main Street,06-037-1103,AQS
2022-11-30,30,Unknown,Long Beach-Route 710 Near Road,06-037-4008,AQS
2022-12-01,37,Unknown,Long Beach-Route 710 Near Road,06-037-4008,AQS
2022-12-02,51,Unknown,Glendora,06-037-0016,AQS
2022-12-03,28,Unknown,Long Beach-Route 710 Near Road,06-037-4008,AQS
2022-12-04,25,Unknown,Los Angeles-North Main Street,06-037-1103,AQS
2022-12-05,39,Unknown,Long Beach-Route 710 Near Road,06-037-4008,AQS
2022-12-06,41,Unknown,Long Beach-Route 710 Near Road,06-037-4008,AQS
2022-12-07,47,Unknown,Long Beach-Route 710 Near Road,06-037-4008,AQS
2022-12-08,44,Unknown,Long Beach-Route 710 Near Road,06-037-4008,AQS
2022-12-09,44,Unknown,Long Beach-Route 710 Near Road,06-037-4008,AQS
2022-12-10,30,Unknown,Pomona,06-037-1701,AQS
2022-12-11,30,Unknown,Long Beach-Route 710 Near Road,06-037-4008,AQS
2022-12-12,45,Unknown,Long Beach-Route 710 Near Road,06-037-4008,AQS
2022-12-13,51,Unknown,Long Beach-Route 710 Near Road,06-037-4008,AQS
2022-12-14,51,Unknown,Long Beach-Route 710 Near Road,06-037-4008,AQS
2022-12-15,53,Unknown,Long Beach-Route 710 Near Road,06-037-4008,AQS
2022-12-16,47,Unknown,Long Beach-Route 710 Near Road,06-037-4008,AQS
2022-12-17,38,Unknown,Compton,06-037-1302,AQS
2022-12-18,37,Unknown,Long Beach-Route 710 Near Road,06-037-4008,AQS
2022-12-19,56,Unknown,Long Beach-Route 710 Near Road,06-037-4008,AQS
2022-12-20,53,Unknown,Long Beach-Route 710 Near Road,06-037-4008,AQS
2022-12-21,62,Unknown,Long Beach-Route 710 Near Road,06-037-4008,AQS
2022-12-22,54,Unknown,Long Beach-Route 710 Near Road,06-037-4008,AQS
2022-12-23,57,Unknown,Pico Rivera #2,06-037-1602,AQS
2022-12-24,48,Unknown,La Habra,06-059-5001,AQS
2022-12-25,41,Unknown,Anaheim Near-Road,06-059-0008,AQS
2022-12-26,50,Unknown,Anaheim,06-059-0007,AQS
2022-12-27,41,Unknown,Pico Rivera #2,06-037-1602,AQS
2022-12-28,30,Unknown,Long Beach-Route 710 Near Road,06-037-4008,AQS
2022-12-29,37,Unknown,Long Beach-Route 710 Near Road,06-037-4008,AQS
2022-12-30,34,Unknown,Long Beach-Route 710 Near Road,06-037-4008,AQS
2022-12-31,13,Unknown,Los Angeles-North Main Street,06-037-1103,AQS
2023-01-01,21,Unknown,Anaheim,06-059-0007,AQS
2023-01-02,25,Unknown,Compton,06-037-1302,AQS
2023-01-03,25,Unknown,Pomona,06-037-1701,AQS
2023-01-04,24,Unknown,Los Angeles-North Main Street,06-037-1103,AQS
2023-01-05,37,Unknown,Long Beach-Route 710 Near Road,06-037-4008,AQS
2023-01-06,42,Unknown,Long Beach-Route 710 Near Road,06-037-4008,AQS
2023-01-07,39,Unknown,Signal Hill (LBSH),06-037-4009,AQS
2023-01-08,41,Unknown,Los Angeles-North Main Street,06-037-1103,AQS
2023-01-09,35,Unknown,Los Angeles-North Main Street,06-037-1103,AQS
2023-01-10,42,Unknown,Long Beach-Route 710 Near Road,06-037-4008,AQS
2023-01-11,46,Unknown,Long Beach-Route 710 Near Road,06-037-4008,AQS
2023-01-12,42,Unknown,Compton,06-037-1302,AQS
2023-01-13,42,Unknown,Long Beach-Route 710 Near Road,06-037-4008,AQS
2023-01-14,32,Unknown,West Los Angeles,06-037-0113,AQS
2023-01-15,22,Unknown,Los Angeles-North Main Street,06-037-1103,AQS
2023-01-16,24,Unknown,Los Angeles-North Main Street,06-037-1103,AQS
2023-01-17,38,Unknown,Long Beach-Route 710 Near Road,06-037-4008,AQS
2023-01-18,46,Unknown,Long Beach-Route 710 Near Road,06-037-4008,AQS
2023-01-19,41,Unknown,Long Beach-Route 710 Near Road,06-037-4008,AQS
2023-01-20,41,Unknown,Long Beach-Route 710 Near Road,06-037-4008,AQS
2023-01-21,36,Unknown,Long Beach-Route 710 Near Road,06-037-4008,AQS
2023-01-22,34,Unknown,Los Angeles-North Main Street,06-037-1103,AQS
2023-01-23,53,Unknown,Long Beach-Route 710 Near Road,06-037-4008,AQS
2023-01-24,48,Unknown,Long Beach-Route 710 Near Road,06-037-4008,AQS
2023-01-25,58,Unknown,Long Beach-Route 710 Near Road,06-037-4008,AQS
2023-01-26,57,Unknown,Long Beach-Route 710 Near Road,06-037-4008,AQS
2023-01-27,53,Unknown,Long Beach-Route 710 Near Road,06-037-4008,AQS
2023-01-28,35,Unknown,Los Angeles-North Main Street,06-037-1103,AQS
2023-01-29,22,Unknown,Compton,06-037-1302,AQS
2023-01-30,49,Unknown,Long Beach-Route 710 Near Road,06-037-4008,AQS
2023-01-31,57,Unknown,Long Beach-Route 710 Near Road,06-037-4008,AQS
2023-02-01,55,Unknown,Long Beach-Route 710 Near Road,06-037-4008,AQS
2023-02-02,45,Unknown,Los Angeles-North Main Street,06-037-1103,AQS
2023-02-03,55,Unknown,Long Beach-Route 710 Near Road,06-037-4008,AQS
2023-02-04,41,Unknown,Pomona,06-037-1701,AQS
2023-02-05,33,Unknown,Pasadena,06-037-2005,AQS
2023-02-06,46,Unknown,Long Beach-Route 710 Near Road,06-037-4008,AQS
2023-02-07,47,Unknown,Long Beach-Route 710 Near Road,06-037-4008,AQS
2023-02-08,56,Unknown,Long Beach-Route 710 Near Road,06-037-4008,AQS
2023-02-09,66,Unknown,Long Beach-Route 710 Near Road,06-037-4008,AQS
2023-02-10,48,Unknown,Long Beach-Route 710 Near Road,06-037-4008,AQS
2023-02-11,37,Unknown,Long Beach-Route 710 Near Road,06-037-4008,AQS
2023-02-12,31,Unknown,Long Beach-Route 710 Near Road,06-037-4008,AQS
2023-02-13,40,Unknown,Long Beach-Route 710 Near Road,06-037-4008,AQS
2023-02-14,35,Unknown,Long Beach-Route 710 Near Road,06-037-4008,AQS
2023-02-15,46,Unknown,Long Beach-Route 710 Near Road,06-037-4008,AQS
2023-02-16,52,Unknown,Long Beach-Route 710 Near Road,06-037-4008,AQS
2023-02-17,47,Unknown,Long Beach-Route 710 Near Road,06-037-4008,AQS
2023-02-18,45,Unknown,Anaheim Near-Road,06-059-0008,AQS
2023-02-19,38,Unknown,Long Beach-Route 710 Near Road,06-037-4008,AQS
2023-02-20,42,Unknown,Long Beach-Route 710 Near Road,06-037-4008,AQS
2023-02-21,45,Unknown,Long Beach-Route 710 Near Road,06-037-4008,AQS
2023-02-22,29,Unknown,Anaheim Near-Road,06-059-0008,AQS
2023-02-23,42,Unknown,Long Beach-Route 710 Near Road,06-037-4008,AQS
2023-02-24,18,Unknown,Los Angeles-North Main Street,06-037-1103,AQS
2023-02-25,26,Unknown,North Hollywood (NOHO),06-037-4010,AQS
2023-02-26,29,Unknown,Los Angeles-North Main Street,06-037-1103,AQS
2023-02-27,39,Unknown,Long Beach-Route 710 Near Road,06-037-4008,AQS
2023-02-28,38,Unknown,Long Beach-Route 710 Near Road,06-037-4008,AQS
2023-03-01,27,Unknown,Anaheim Near-Road,06-059-0008,AQS
2023-03-02,42,Unknown,Long Beach-Route 710 Near Road,06-037-4008,AQS
2023-03-03,38,Unknown,Long Beach-Route 710 Near Road,06-037-4008,AQS
2023-03-04,30,Unknown,Long Beach-Route 710 Near Road,06-037-4008,AQS
2023-03-05,26,Unknown,Los Angeles-North Main Street,06-037-1103,AQS
2023-03-06,37,Unknown,Long Beach-Route 710 Near Road,06-037-4008,AQS
2023-03-07,44,Unknown,Long Beach-Route 710 Near Road,06-037-4008,AQS
2023-03-08,40,Unknown,Long Beach-Route 710 Near Road,06-037-4008,AQS
2023-03-09,40,Unknown,Long Beach-Route 710 Near Road,06-037-4008,AQS
2023-03-10,26,Unknown,Pomona,06-037-1701,AQS
2023-03-11,17,Unknown,Pico Rivera #2,06-037-1602,AQS
2023-03-12,16,Unknown,Compton,06-037-1302,AQS
2023-03-13,26,Unknown,Long Beach-Route 710 Near Road,06-037-4008,AQS
2023-03-14,25,Unknown,Long Beach-Route 710 Near Road,06-037-4008,AQS
2023-03-15,26,Unknown,Long Beach-Route 710 Near Road,06-037-4008,AQS
2023-03-16,38,Unknown,Long Beach-Route 710 Near Road,06-037-4008,AQS
2023-03-17,38,Unknown,Pomona,06-037-1701,AQS
2023-03-18,41,Unknown,Compton,06-037-1302,AQS
2023-03-19,40,Unknown,Compton,06-037-1302,AQS
2023-03-20,30,Unknown,Long Beach-Route 710 Near Road,06-037-4008,AQS
2023-03-21,39,Unknown,Los Angeles-North Main Street,06-037-1103,AQS
2023-03-22,40,Unknown,Long Beach-Route 710 Near Road,06-037-4008,AQS
2023-03-23,42,Unknown,Long Beach-Route 710 Near Road,06-037-4008,AQS
2023-03-24,34,Unknown,Long Beach-Route 710 Near Road,06-037-4008,AQS
2023-03-25,33,Unknown,Long Beach-Route 710 Near Road,06-037-4008,AQS
2023-03-26,28,Unknown,Pomona,06-037-1701,AQS
2023-03-27,51,Unknown,Long Beach-Route 710 Near Road,06-037-4008,AQS
2023-03-28,50,Unknown,Long Beach-Route 710 Near Road,06-037-4008,AQS
2023-03-29,40,Unknown,Long Beach-Route 710 Near Road,06-037-4008,AQS
2023-03-30,37,Unknown,Anaheim Near-Road,06-059-0008,AQS
2023-03-31,38,Unknown,Los Angeles-North Main Street,06-037-1103,AQS
2023-04-01,32,Unknown,Long Beach-Route 710 Near Road,06-037-4008,AQS
2023-04-02,23,Unknown,Los Angeles-North Main Street,06-037-1103,AQS
2023-04-03,30,Unknown,Anaheim Near-Road,06-059-0008,AQS
2023-04-04,26,Unknown,Pomona,06-037-1701,AQS
2023-04-05,42,Unknown,Long Beach-Route 710 Near Road,06-037-4008,AQS
2023-04-06,47,Unknown,Long Beach-Route 710 Near Road,06-037-4008,AQS
2023-04-07,41,Unknown,Long Beach-Route 710 Near Road,06-037-4008,AQS
2023-04-08,25,Unknown,Pomona,06-037-1701,AQS
2023-04-09,30,Unknown,Los Angeles-North Main Street,06-037-1103,AQS
2023-04-10,35,Unknown,Los Angeles-North Main Street,06-037-1103,AQS
2023-04-11,37,Unknown,Long Beach-Route 710 Near Road,06-037-4008,AQS
2023-04-12,25,Unknown,Long Beach-Route 710 Near Road,06-037-4008,AQS
2023-04-13,39,Unknown,Long Beach-Route 710 Near Road,06-037-4008,AQS
2023-04-14,27,Unknown,Pico Rivera #2,06-037-1602,AQS
2023-04-15,26,Unknown,Long Beach-Route 710 Near Road,06-037-4008,AQS
2023-04-16,27,Unknown,Long Beach-Route 710 Near Road,06-037-4008,AQS
2023-04-17,40,Unknown,Long Beach-Route 710 Near Road,06-037-4008,AQS
2023-04-18,40,Unknown,Long Beach-Route 710 Near Road,06-037-4008,AQS
2023-04-19,43,Unknown,Long Beach-Route 710 Near Road,06-037-4008,AQS
2023-04-20,54,Unknown,Long Beach-Route 710 Near Road,06-037-4008,AQS
2023-04-21,53,Unknown,Long Beach-Route 710 Near Road,06-037-4008,AQS
2023-04-22,37,Unknown,West Los Angeles,06-037-0113,AQS
2023-04-23,24,Unknown,Pomona,06-037-1701,AQS
2023-04-24,36,Unknown,Long Beach-Route 710 Near Road,06-037-4008,AQS
2023-04-25,37,Unknown,Long Beach-Route 710 Near Road,06-037-4008,AQS
2023-04-26,40,Unknown,Long Beach-Route 710 Near Road,06-037-4008,AQS
2023-04-27,36,Unknown,Los Angeles-North Main Street,06-037-1103,AQS
2023-04-28,37,Unknown,Long Beach-Route 710 Near Road,06-037-4008,AQS
2023-04-29,28,Unknown,Long Beach-Route 710 Near Road,06-037-4008,AQS
2023-04-30,16,Unknown,Anaheim Near-Road,06-059-0008,AQS
2023-05-01,35,Unknown,Long Beach-Route 710 Near Road,06-037-4008,AQS
2023-05-02,37,Unknown,Long Beach-Route 710 Near Road,06-037-4008,AQS
2023-05-03,40,Unknown,Long Beach-Route 710 Near Road,06-037-4008,AQS
2023-05-04,34,Unknown,Long Beach-Route 710 Near Road,06-037-4008,AQS
2023-05-05,29,Unknown,Long Beach-Route 710 Near Road,06-037-4008,AQS
2023-05-06,25,Unknown,Long Beach-Route 710 Near Road,06-037-4008,AQS
2023-05-07,20,Unknown,Pico Rivera #2,06-037-1602,AQS
2023-05-08,36,Unknown,Long Beach-Route 710 Near Road,06-037-4008,AQS
2023-05-09,24,Unknown,Long Beach-Route 710 Near Road,06-037-4008,AQS
2023-05-10,31,Unknown,Long Beach-Route 710 Near Road,06-037-4008,AQS
2023-05-11,34,Unknown,Long Beach-Route 710 Near Road,06-037-4008,AQS
2023-05-12,34,Unknown,Long Beach-Route 710 Near Road,06-037-4008,AQS
2023-05-13,22,Unknown,Long Beach-Route 710 Near Road,06-037-4008,AQS
2023-05-14,16,Unknown,Anaheim Near-Road,06-059-0008,AQS
2023-05-15,35,Unknown,Long Beach-Route 710 Near Road,06-037-4008,AQS
2023-05-16,42,Unknown,Long Beach-Route 710 Near Road,06-037-4008,AQS
2023-05-17,33,Unknown,Long Beach-Route 710 Near Road,06-037-4008,AQS
2023-05-18,27,Unknown,Anaheim Near-Road,06-059-0008,AQS
2023-05-19,27,Unknown,Anaheim Near-Road,06-059-0008,AQS
2023-05-20,24,Unknown,Long Beach-Route 710 Near Road,06-037-4008,AQS
2023-05-21,15,Unknown,Anaheim Near-Road,06-059-0008,AQS
2023-05-22,32,Unknown,Long Beach-Route 710 Near Road,06-037-4008,AQS
2023-05-23,32,Unknown,Long Beach-Route 710 Near Road,06-037-4008,AQS
2023-05-24,24,Unknown,Anaheim Near-Road,06-059-0008,AQS
2023-05-25,26,Unknown,Long Beach-Route 710 Near Road,06-037-4008,AQS
2023-05-26,31,Unknown,Long Beach-Route 710 Near Road,06-037-4008,AQS
2023-05-27,23,Unknown,Anaheim Near-Road,06-059-0008,AQS
2023-05-28,15,Unknown,Anaheim Near-Road,06-059-0008,AQS
2023-05-29,17,Unknown,Anaheim Near-Road,06-059-0008,AQS
2023-05-30,34,Unknown,Long Beach-Route 710 Near Road,06-037-4008,AQS
2023-05-31,32,Unknown,Long Beach-Route 710 Near Road,06-037-4008,AQS
2023-06-01,35,Unknown,Long Beach-Route 710 Near Road,06-037-4008,AQS
2023-06-02,33,Unknown,Long Beach-Route 710 Near Road,06-037-4008,AQS
2023-06-03,27,Unknown,Long Beach-Route 710 Near Road,06-037-4008,AQS
2023-06-04,17,Unknown,Anaheim Near-Road,06-059-0008,AQS
2023-06-05,28,Unknown,Anaheim Near-Road,06-059-0008,AQS
2023-06-06,25,Unknown,Long Beach-Route 710 Near Road,06-037-4008,AQS
2023-06-07,33,Unknown,Long Beach-Route 710 Near Road,06-037-4008,AQS
2023-06-08,38,Unknown,Long Beach-Route 710 Near Road,06-037-4008,AQS
2023-06-09,37,Unknown,Long Beach-Route 710 Near Road,06-037-4008,AQS
2023-06-10,21,Unknown,Anaheim Near-Road,06-059-0008,AQS
2023-06-11,16,Unknown,Anaheim Near-Road,06-059-0008,AQS
2023-06-12,61,Unknown,Glendora,06-037-0016,AQS
2023-06-13,40,Unknown,Long Beach-Route 710 Near Road,06-037-4008,AQS
2023-06-14,39,Unknown,Long Beach-Route 710 Near Road,06-037-4008,AQS
2023-06-15,23,Unknown,Anaheim Near-Road,06-059-0008,AQS
2023-06-16,33,Unknown,Long Beach-Route 710 Near Road,06-037-4008,AQS
2023-06-17,21,Unknown,Long Beach-Route 710 Near Road,06-037-4008,AQS
2023-06-18,13,Unknown,Anaheim Near-Road,06-059-0008,AQS
2023-06-19,24,Unknown,Long Beach-Route 710 Near Road,06-037-4008,AQS
2023-06-20,87,Unknown,Glendora,06-037-0016,AQS
2023-06-21,29,Unknown,Long Beach-Route 710 Near Road,06-037-4008,AQS
2023-06-22,31,Unknown,Long Beach-Route 710 Near Road,06-037-4008,AQS
2023-06-23,24,Unknown,Long Beach-Route 710 Near Road,06-037-4008,AQS
2023-06-24,26,Unknown,Long Beach-Route 710 Near Road,06-037-4008,AQS
2023-06-25,20,Unknown,Anaheim Near-Road,06-059-0008,AQS
2023-06-26,29,Unknown,Long Beach-Route 710 Near Road,06-037-4008,AQS
2023-06-27,25,Unknown,Long Beach-Route 710 Near Road,06-037-4008,AQS
2023-06-28,22,Unknown,Long Beach-Route 710 Near Road,06-037-4008,AQS
2023-06-29,23,Unknown,Long Beach-Route 710 Near Road,06-037-4008,AQS
2023-06-30,32,Unknown,Lancaster - Fairgrounds,06-037-9035,AQS
2023-07-01,23,Unknown,North Hollywood (NOHO),06-037-4010,AQS
2023-07-02,20,Unknown,Pico Rivera #2,06-037-1602,AQS
2023-07-03,25,Unknown,Long Beach-Route 710 Near Road,06-037-4008,AQS
2023-07-04,25,Unknown,Anaheim Near-Road,06-059-0008,AQS
2023-07-05,22,Unknown,Anaheim Near-Road,06-059-0008,AQS
2023-07-06,24,Unknown,Long Beach-Route 710 Near Road,06-037-4008,AQS
2023-07-07,25,Unknown,Anaheim Near-Road,06-059-0008,AQS
2023-07-08,21,Unknown,Los Angeles-North Main Street,06-037-1103,AQS
2023-07-09,18,Unknown,Pomona,06-037-1701,AQS
2023-07-10,36,Unknown,Long Beach-Route 710 Near Road,06-037-4008,AQS
2023-07-11,38,Unknown,Pomona,06-037-1701,AQS
2023-07-12,46,Unknown,Long Beach-Route 710 Near Road,06-037-4008,AQS
2023-07-13,42,Unknown,Long Beach-Route 710 Near Road,06-037-4008,AQS
2023-07-14,46,Unknown,Pomona,06-037-1701,AQS
2023-07-15,33,Unknown,Pico Rivera #2,06-037-1602,AQS
2023-07-16,26,Unknown,Los Angeles-North Main Street,06-037-1103,AQS
2023-07-17,29,Unknown,Long Beach-Route 710 Near Road,06-037-4008,AQS
2023-07-18,38,Unknown,Long Beach-Route 710 Near Road,06-037-4008,AQS
2023-07-19,33,Unknown,Long Beach-Route 710 Near Road,06-037-4008,AQS
2023-07-20,37,Unknown,Long Beach-Route 710 Near Road,06-037-4008,AQS
2023-07-21,42,Unknown,Los Angeles-North Main Street,06-037-1103,AQS
2023-07-22,30,Unknown,Pomona,06-037-1701,AQS
2023-07-23,20,Unknown,Pico Rivera #2,06-037-1602,AQS
2023-07-24,37,Unknown,Long Beach-Route 710 Near Road,06-037-4008,AQS
2023-07-25,45,Unknown,Pomona,06-037-1701,AQS
2023-07-26,41,Unknown,Los Angeles-North Main Street,06-037-1103,AQS
2023-07-27,38,Unknown,Long Beach-Route 710 Near Road,06-037-4008,AQS
2023-07-28,25,Unknown,Los Angeles-North Main Street,06-037-1103,AQS
2023-07-29,30,Unknown,Los Angeles-North Main Street,06-037-1103,AQS
2023-07-30,29,Unknown,Los Angeles-North Main Street,06-037-1103,AQS
2023-07-31,33,Unknown,Long Beach-Route 710 Near Road,06-037-4008,AQS
2023-08-01,34,Unknown,Long Beach-Route 710 Near Road,06-037-4008,AQS
2023-08-02,35,Unknown,Long Beach-Route 710 Near Road,06-037-4008,AQS
2023-08-03,36,Unknown,Pomona,06-037-1701,AQS
2023-08-04,27,Unknown,Pomona,06-037-1701,AQS
2023-08-05,29,Unknown,Pomona,06-037-1701,AQS
2023-08-06,25,Unknown,Pomona,06-037-1701,AQS
2023-08-07,33,Unknown,Pomona,06-037-1701,AQS
2023-08-08,29,Unknown,Pomona,06-037-1701,AQS
2023-08-09,29,Unknown,Long Beach-Route 710 Near Road,06-037-4008,AQS
2023-08-10,19,Unknown,Long Beach-Route 710 Near Road,06-037-4008,AQS
2023-08-11,30,Unknown,Long Beach-Route 710 Near Road,06-037-4008,AQS
2023-08-12,19,Unknown,Pico Rivera #2,06-037-1602,AQS
2023-08-13,24,Unknown,Los Angeles-North Main Street,06-037-1103,AQS
2023-08-14,30,Unknown,Long Beach-Route 710 Near Road,06-037-4008,AQS
2023-08-15,30,Unknown,Long Beach-Route 710 Near Road,06-037-4008,AQS
2023-08-16,31,Unknown,Long Beach-Route 710 Near Road,06-037-4008,AQS
2023-08-17,32,Unknown,Los Angeles-North Main Street,06-037-1103,AQS
2023-08-18,31,Unknown,Long Beach-Route 710 Near Road,06-037-4008,AQS
2023-08-19,26,Unknown,Los Angeles-North Main Street,06-037-1103,AQS
2023-08-20,33,Unknown,Compton,06-037-1302,AQS
2023-08-21,21,Unknown,Long Beach-Route 710 Near Road,06-037-4008,AQS
2023-08-22,31,Unknown,Long Beach-Route 710 Near Road,06-037-4008,AQS
2023-08-23,36,Unknown,Long Beach-Route 710 Near Road,06-037-4008,AQS
2023-08-24,29,Unknown,Long Beach-Route 710 Near Road,06-037-4008,AQS
2023-08-25,32,Unknown,Long Beach-Route 710 Near Road,06-037-4008,AQS
2023-08-26,36,Unknown,Los Angeles-North Main Street,06-037-1103,AQS
2023-08-27,33,Unknown,Los Angeles-North Main Street,06-037-1103,AQS
2023-08-28,62,Unknown,Los Angeles-North Main Street,06-037-1103,AQS
2023-08-29,54,Unknown,Long Beach-Route 710 Near Road,06-037-4008,AQS
2023-08-30,58,Unknown,Pomona,06-037-1701,AQS
2023-08-31,37,Unknown,Pomona,06-037-1701,AQS
2023-09-01,23,Unknown,Pomona,06-037-1701,AQS
2023-09-02,13,Unknown,Los Angeles-North Main Street,06-037-1103,AQS
2023-09-03,15,Unknown,Los Angeles-North Main Street,06-037-1103,AQS
2023-09-04,18,Unknown,Pico Rivera #2,06-037-1602,AQS
2023-09-05,32,Unknown,Long Beach-Route 710 Near Road,06-037-4008,AQS
2023-09-06,38,Unknown,Long Beach-Route 710 Near Road,06-037-4008,AQS
2023-09-07,40,Unknown,Long Beach-Route 710 Near Road,06-037-4008,AQS
2023-09-08,50,Unknown,Long Beach-Route 710 Near Road,06-037-4008,AQS
2023-09-09,40,Unknown,Pomona,06-037-1701,AQS
2023-09-10,24,Unknown,West Los Angeles,06-037-0113,AQS
2023-09-11,44,Unknown,Los Angeles-North Main Street,06-037-1103,AQS
2023-09-12,34,Unknown,Long Beach-Route 710 Near Road,06-037-4008,AQS
2023-09-13,37,Unknown,Long Beach-Route 710 Near Road,06-037-4008,AQS
2023-09-14,32,Unknown,Long Beach-Route 710 Near Road,06-037-4008,AQS
2023-09-15,31,Unknown,Long Beach-Route 710 Near Road,06-037-4008,AQS
2023-09-16,24,Unknown,Long Beach-Route 710 Near Road,06-037-4008,AQS
2023-09-17,19,Unknown,Long Beach-Route 710 Near Road,06-037-4008,AQS
2023-09-18,33,Unknown,Long Beach-Route 710 Near Road,06-037-4008,AQS
2023-09-19,33,Unknown,Long Beach-Route 710 Near Road,06-037-4008,AQS
2023-09-20,29,Unknown,Long Beach-Route 710 Near Road,06-037-4008,AQS
2023-09-21,37,Unknown,Long Beach-Route 710 Near Road,06-037-4008,AQS
2023-09-22,38,Unknown,Long Beach-Route 710 Near Road,06-037-4008,AQS
2023-09-23,31,Unknown,Long Beach-Route 710 Near Road,06-037-4008,AQS
2023-09-24,25,Unknown,Los Angeles-North Main Street,06-037-1103,AQS
2023-09-25,35,Unknown,Los Angeles-North Main Street,06-037-1103,AQS
2023-09-26,40,Unknown,Long Beach-Route 710 Near Road,06-037-4008,AQS
2023-09-27,41,Unknown,Pomona,06-037-1701,AQS
2023-09-28,32,Unknown,Long Beach-Route 710 Near Road,06-037-4008,AQS
2023-09-29,25,Unknown,Long Beach-Route 710 Near Road,06-037-4008,AQS
2023-09-30,23,Unknown,Anaheim Near-Road,06-059-0008,AQS
2023-10-01,24,Unknown,Los Angeles-North Main Street,06-037-1103,AQS
2023-10-02,33,Unknown,Long Beach-Route 710 Near Road,06-037-4008,AQS
2023-10-03,43,Unknown,Long Beach-Route 710 Near Road,06-037-4008,AQS
2023-10-04,53,Unknown,Long Beach-Route 710 Near Road,06-037-4008,AQS
2023-10-05,58,Unknown,Long Beach-Route 710 Near Road,06-037-4008,AQS
2023-10-06,69,Unknown,Long Beach-Route 710 Near Road,06-037-4008,AQS
2023-10-07,38,Unknown,Los Angeles-North Main Street,06-037-1103,AQS
2023-10-08,37,Unknown,Los Angeles-North Main Street,06-037-1103,AQS
2023-10-09,41,Unknown,Pomona,06-037-1701,AQS
2023-10-10,32,Unknown,Long Beach-Route 710 Near Road,06-037-4008,AQS
2023-10-11,36,Unknown,Long Beach-Route 710 Near Road,06-037-4008,AQS
2023-10-12,42,Unknown,Long Beach-Route 710 Near Road,06-037-4008,AQS
2023-10-13,43,Unknown,Long Beach-Route 710 Near Road,06-037-4008,AQS
2023-10-14,39,Unknown,Long Beach-Route 710 Near Road,06-037-4008,AQS
2023-10-15,40,Unknown,Los Angeles-North Main Street,06-037-1103,AQS
2023-10-16,50,Unknown,Pomona,06-037-1701,AQS
2023-10-17,48,Unknown,Pomona,06-037-1701,AQS
2023-10-18,57,Unknown,Long Beach-Route 710 Near Road,06-037-4008,AQS
2023-10-19,53,Unknown,Pomona,06-037-1701,AQS
2023-10-20,55,Unknown,Anaheim Near-Road,06-059-0008,AQS
2023-10-21,40,Unknown,Pomona,06-037-1701,AQS
2023-10-22,22,Unknown,Los Angeles-North Main Street,06-037-1103,AQS
2023-10-23,40,Unknown,Long Beach-Route 710 Near Road,06-037-4008,AQS
2023-10-24,31,Unknown,Long Beach-Route 710 Near Road,06-037-4008,AQS
2023-10-25,30,Unknown,Long Beach-Route 710 Near Road,06-037-4008,AQS
2023-10-26,39,Unknown,Long Beach-Route 710 Near Road,06-037-4008,AQS
2023-10-27,32,Unknown,Pomona,06-037-1701,AQS
2023-10-28,35,Unknown,Long Beach-Route 710 Near Road,06-037-4008,AQS
2023-10-29,42,Unknown,Los Angeles-North Main Street,06-037-1103,AQS
2023-10-30,53,Unknown,Long Beach-Route 710 Near Road,06-037-4008,AQS
2023-10-31,60,Unknown,Long Beach-Route 710 Near Road,06-037-4008,AQS
2023-11-01,54,Unknown,Long Beach-Route 710 Near Road,06-037-4008,AQS
2023-11-02,65,Unknown,Long Beach-Route 710 Near Road,06-037-4008,AQS
2023-11-03,68,Unknown,Long Beach-Route 710 Near Road,06-037-4008,AQS
2023-11-04,50,Unknown,Pomona,06-037-1701,AQS
2023-11-05,43,Unknown,Los Angeles-North Main Street,06-037-1103,AQS
2023-11-06,43,Unknown,Pomona,06-037-1701,AQS
2023-11-07,40,Unknown,Long Beach-Route 710 Near Road,06-037-4008,AQS
2023-11-08,49,Unknown,Long Beach-Route 710 Near Road,06-037-4008,AQS
2023-11-09,60,Unknown,Long Beach-Route 710 Near Road,06-037-4008,AQS
2023-11-10,50,Unknown,Pomona,06-037-1701,AQS
2023-11-11,60,Unknown,Pomona,06-037-1701,AQS
2023-11-12,44,Unknown,Compton,06-037-1302,AQS
2023-11-13,55,Unknown,Long Beach-Route 710 Near Road,06-037-4008,AQS
2023-11-14,56,Unknown,Pomona,06-037-1701,AQS
2023-11-15,51,Unknown,Long Beach-Route 710 Near Road,06-037-4008,AQS
2023-11-16,42,Unknown,Long Beach-Route 710 Near Road,06-037-4008,AQS
2023-11-17,29,Unknown,Long Beach-Route 710 Near Road,06-037-4008,AQS
2023-11-18,17,Unknown,Anaheim Near-Road,06-059-0008,AQS
2023-11-19,32,Unknown,Long Beach-Route 710 Near Road,06-037-4008,AQS
2023-11-20,55,Unknown,Long Beach-Route 710 Near Road,06-037-4008,AQS
2023-11-21,50,Unknown,Long Beach-Route 710 Near Road,06-037-4008,AQS
2023-11-22,44,Unknown,Anaheim Near-Road,06-059-0008,AQS
2023-11-23,38,Unknown,Long Beach-Route 710 Near Road,06-037-4008,AQS
2023-11-24,36,Unknown,Long Beach-Route 710 Near Road,06-037-4008,AQS
2023-11-25,31,Unknown,Compton,06-037-1302,AQS
2023-11-26,35,Unknown,Long Beach-Route 710 Near Road,06-037-4008,AQS
2023-11-27,47,Unknown,Long Beach-Route 710 Near Road,06-037-4008,AQS
2023-11-28,47,Unknown,Long Beach-Route 710 Near Road,06-037-4008,AQS
2023-11-29,45,Unknown,Long Beach-Route 710 Near Road,06-037-4008,AQS
2023-11-30,35,Unknown,Long Beach-Route 710 Near Road,06-037-4008,AQS
2023-12-01,41,Unknown,Long Beach-Route 710 Near Road,06-037-4008,AQS
2023-12-02,36,Unknown,Long Beach-Route 710 Near Road,06-037-4008,AQS
2023-12-03,38,Unknown,Long Beach-Route 710 Near Road,06-037-4008,AQS
2023-12-04,58,Unknown,Long Beach-Route 710 Near Road,06-037-4008,AQS
2023-12-05,55,Unknown,Anaheim Near-Road,06-059-0008,AQS
2023-12-06,47,Unknown,Long Beach-Route 710 Near Road,06-037-4008,AQS
2023-12-07,44,Unknown,Long Beach-Route 710 Near Road,06-037-4008,AQS
2023-12-08,45,Unknown,Long Beach-Route 710 Near Road,06-037-4008,AQS
2023-12-09,41,Unknown,Los Angeles-North Main Street,06-037-1103,AQS
2023-12-10,43,Unknown,Anaheim Near-Road,06-059-0008,AQS
2023-12-11,51,Unknown,Los Angeles-North Main Street,06-037-1103,AQS
2023-12-12,45,Unknown,Reseda,06-037-1201,AQS
2023-12-13,47,Unknown,Long Beach-Route 710 Near Road,06-037-4008,AQS
2023-12-14,57,Unknown,Long Beach-Route 710 Near Road,06-037-4008,AQS
2023-12-15,50,Unknown,Long Beach-Route 710 Near Road,06-037-4008,AQS
2023-12-16,41,Unknown,Los Angeles-North Main Street,06-037-1103,AQS
2023-12-17,47,Unknown,Anaheim Near-Road,06-059-0008,AQS
2023-12-18,51,Unknown,Long Beach-Route 710 Near Road,06-037-4008,AQS
2023-12-19,35,Unknown,Long Beach-Route 710 Near Road,06-037-4008,AQS
2023-12-20,22,Unknown,Pomona,06-037-1701,AQS
2023-12-21,32,Unknown,Long Beach-Route 710 Near Road,06-037-4008,AQS
2023-12-22,36,Unknown,Long Beach-Route 710 Near Road,06-037-4008,AQS
2023-12-23,26,Unknown,Long Beach-Route 710 Near Road,06-037-4008,AQS
2023-12-24,26,Unknown,Pomona,06-037-1701,AQS
2023-12-25,31,Unknown,Long Beach-Route 710 Near Road,06-037-4008,AQS
2023-12-26,44,Unknown,Pico Rivera #2,06-037-1602,AQS
2023-12-27,48,Unknown,Long Beach-Route 710 Near Road,06-037-4008,AQS
2023-12-28,44,Unknown,Pomona,06-037-1701,AQS
2023-12-29,42,Unknown,Pomona,06-037-1701,AQS
2023-12-30,28,Unknown,Anaheim Near-Road,06-059-0008,AQS
2023-12-31,28,Unknown,Long Beach-Route 710 Near Road,06-037-4008,AQS
2024-01-01,30,Unknown,Los Angeles-North Main Street,06-037-1103,AQS
2024-01-02,46,Unknown,Long Beach-Route 710 Near Road,06-037-4008,AQS
2024-01-03,42,Unknown,Long Beach-Route 710 Near Road,06-037-4008,AQS
2024-01-04,43,Unknown,Long Beach-Route 710 Near Road,06-037-4008,AQS
2024-01-05,41,Unknown,Long Beach-Route 710 Near Road,06-037-4008,AQS
2024-01-06,35,Unknown,Long Beach-Route 710 Near Road,06-037-4008,AQS
2024-01-07,22,Unknown,Pomona,06-037-1701,AQS
2024-01-08,43,Unknown,Long Beach-Route 710 Near Road,06-037-4008,AQS
2024-01-09,45,Unknown,Long Beach-Route 710 Near Road,06-037-4008,AQS
2024-01-10,45,Unknown,Long Beach-Route 710 Near Road,06-037-4008,AQS
2024-01-11,40,Unknown,Long Beach-Route 710 Near Road,06-037-4008,AQS
2024-01-12,44,Unknown,Long Beach-Route 710 Near Road,06-037-4008,AQS
2024-01-13,37,Unknown,Long Beach-Route 710 Near Road,06-037-4008,AQS
2024-01-14,35,Unknown,Los Angeles-North Main Street,06-037-1103,AQS
2024-01-15,46,Unknown,Long Beach-Route 710 Near Road,06-037-4008,AQS
2024-01-16,54,Unknown,Long Beach-Route 710 Near Road,06-037-4008,AQS
2024-01-17,38,Unknown,Long Beach-Route 710 Near Road,06-037-4008,AQS
2024-01-18,43,Unknown,Long Beach-Route 710 Near Road,06-037-4008,AQS
2024-01-19,41,Unknown,Pomona,06-037-1701,AQS
2024-01-20,39,Unknown,Los Angeles-North Main Street,06-037-1103,AQS
2024-01-21,25,Unknown,Pomona,06-037-1701,AQS
2024-01-22,44,Unknown,Long Beach-Route 710 Near Road,06-037-4008,AQS
2024-01-23,32,Unknown,Long Beach-Route 710 Near Road,06-037-4008,AQS
2024-01-24,42,Unknown,Long Beach-Route 710 Near Road,06-037-4008,AQS
2024-01-25,29,Unknown,Los Angeles-North Main Street,06-037-1103,AQS
2024-01-26,45,Unknown,Anaheim Near-Road,06-059-0008,AQS
2024-01-27,42,Unknown,Los Angeles-North Main Street,06-037-1103,AQS
2024-01-28,40,Unknown,Long Beach-Route 710 Near Road,06-037-4008,AQS
2024-01-29,55,Unknown,Long Beach-Route 710 Near Road,06-037-4008,AQS
2024-01-30,60,Unknown,Long Beach-Route 710 Near Road,06-037-4008,AQS
2024-01-31,43,Unknown,Long Beach-Route 710 Near Road,06-037-4008,AQS
2024-02-01,41,Unknown,Long Beach-Route 710 Near Road,06-037-4008,AQS
2024-02-02,38,Unknown,Long Beach-Route 710 Near Road,06-037-4008,AQS
2024-02-03,31,Unknown,Long Beach-Route 710 Near Road,06-037-4008,AQS
2024-02-04,19,Unknown,Pomona,06-037-1701,AQS
2024-02-05,35,Unknown,Long Beach-Route 710 Near Road,06-037-4008,AQS
2024-02-06,44,Unknown,Long Beach-Route 710 Near Road,06-037-4008,AQS
2024-02-07,37,Unknown,Long Beach-Route 710 Near Road,06-037-4008,AQS
2024-02-08,42,Unknown,Long Beach-Route 710 Near Road,06-037-4008,AQS
2024-02-09,35,Unknown,Long Beach-Route 710 Near Road,06-037-4008,AQS
2024-02-10,33,Unknown,Los Angeles-North Main Street,06-037-1103,AQS
2024-02-11,34,Unknown,Los Angeles-North Main Street,06-037-1103,AQS
2024-02-12,44,Unknown,Long Beach-Route 710 Near Road,06-037-4008,AQS
2024-02-13,42,Unknown,Long Beach-Route 710 Near Road,06-037-4008,AQS
2024-02-14,40,Unknown,Long Beach-Route 710 Near Road,06-037-4008,AQS
2024-02-15,40,Unknown,Long Beach-Route 710 Near Road,06-037-4008,AQS
2024-02-16,36,Unknown,Long Beach-Route 710 Near Road,06-037-4008,AQS
2024-02-17,33,Unknown,Long Beach-Route 710 Near Road,06-037-4008,AQS
2024-02-18,26,Unknown,Los Angeles-North Main Street,06-037-1103,AQS
2024-02-19,20,Unknown,Los Angeles-North Main Street,06-037-1103,AQS
2024-02-20,29,Unknown,Long Beach-Route 710 Near Road,06-037-4008,AQS
2024-02-21,42,Unknown,Long Beach-Route 710 Near Road,06-037-4008,AQS
2024-02-22,38,Unknown,Long Beach-Route 710 Near Road,06-037-4008,AQS
2024-02-23,53,Unknown,Long Beach-Route 710 Near Road,06-037-4008,AQS
2024-02-24,39,Unknown,Long Beach-Route 710 Near Road,06-037-4008,AQS
2024-02-25,30,Unknown,Compton,06-037-1302,AQS
2024-02-26,44,Unknown,Long Beach-Route 710 Near Road,06-037-4008,AQS
2024-02-27,42,Unknown,Long Beach-Route 710 Near Road,06-037-4008,AQS
2024-02-28,38,Unknown,Long Beach-Route 710 Near Road,06-037-4008,AQS
2024-02-29,35,Unknown,Long Beach-Route 710 Near Road,06-037-4008,AQS
2024-03-01,25,Unknown,Los Angeles-North Main Street,06-037-1103,AQS
2024-03-02,19,Unknown,Anaheim Near-Road,06-059-0008,AQS
2024-03-03,26,Unknown,Compton,06-037-1302,AQS
2024-03-04,37,Unknown,Long Beach-Route 710 Near Road,06-037-4008,AQS
2024-03-05,36,Unknown,Long Beach-Route 710 Near Road,06-037-4008,AQS
2024-03-06,39,Unknown,Long Beach-Route 710 Near Road,06-037-4008,AQS
2024-03-07,39,Unknown,Long Beach-Route 710 Near Road,06-037-4008,AQS
2024-03-08,36,Unknown,Long Beach-Route 710 Near Road,06-037-4008,AQS
2024-03-09,31,Unknown,Long Beach-Route 710 Near Road,06-037-4008,AQS
2024-03-10,27,Unknown,Los Angeles-North Main Street,06-037-1103,AQS
2024-03-11,29,Unknown,Long Beach-Route 710 Near Road,06-037-4008,AQS
2024-03-12,36,Unknown,Long Beach-Route 710 Near Road,06-037-4008,AQS
2024-03-13,30,Unknown,Long Beach-Route 710 Near Road,06-037-4008,AQS
2024-03-14,36,Unknown,Long Beach-Route 710 Near Road,06-037-4008,AQS
2024-03-15,37,Unknown,Long Beach-Route 710 Near Road,06-037-4008,AQS
2024-03-16,33,Unknown,Long Beach-Route 710 Near Road,06-037-4008,AQS
2024-03-17,24,Unknown,Long Beach-Route 710 Near Road,06-037-4008,AQS
2024-03-18,46,Unknown,Long Beach-Route 710 Near Road,06-037-4008,AQS
2024-03-19,39,Unknown,Long Beach-Route 710 Near Road,06-037-4008,AQS
2024-03-20,38,Unknown,Long Beach-Route 710 Near Road,06-037-4008,AQS
2024-03-21,30,Unknown,Long Beach-Route 710 Near Road,06-037-4008,AQS
2024-03-22,30,Unknown,Long Beach-Route 710 Near Road,06-037-4008,AQS
2024-03-23,15,Unknown,Anaheim Near-Road,06-059-0008,AQS
2024-03-24,24,Unknown,Long Beach-Route 710 Near Road,06-037-4008,AQS
2024-03-25,31,Unknown,North Hollywood (NOHO),06-037-4010,AQS
2024-03-26,36,Unknown,Long Beach-Route 710 Near Road,06-037-4008,AQS
2024-03-27,33,Unknown,Los Angeles-North Main Street,06-037-1103,AQS
2024-03-28,36,Unknown,Long Beach-Route 710 Near Road,06-037-4008,AQS
2024-03-29,37,Unknown,Long Beach-Route 710 Near Road,06-037-4008,AQS
2024-03-30,22,Unknown,Long Beach-Route 710 Near Road,06-037-4008,AQS
2024-03-31,34,Unknown,Long Beach-Route 710 Near Road,06-037-4008,AQS
2024-04-01,36,Unknown,Long Beach-Route 710 Near Road,06-037-4008,AQS
2024-04-02,35,Unknown,Long Beach-Route 710 Near Road,06-037-4008,AQS
2024-04-03,41,Unknown,Long Beach-Route 710 Near Road,06-037-4008,AQS
2024-04-04,25,Unknown,Anaheim Near-Road,06-059-0008,AQS
2024-04-05,31,Unknown,Long Beach-Route 710 Near Road,06-037-4008,AQS
2024-04-06,30,Unknown,Long Beach-Route 710 Near Road,06-037-4008,AQS
2024-04-07,29,Unknown,Long Beach-Route 710 Near Road,06-037-4008,AQS
2024-04-08,34,Unknown,Long Beach-Route 710 Near Road,06-037-4008,AQS
2024-04-09,51,Unknown,Long Beach-Route 710 Near Road,06-037-4008,AQS
2024-04-10,40,Unknown,Pomona,06-037-1701,AQS
2024-04-11,42,Unknown,Pomona,06-037-1701,AQS
2024-04-12,26,Unknown,Anaheim Near-Road,06-059-0008,AQS
2024-04-13,23,Unknown,Anaheim Near-Road,06-059-0008,AQS
2024-04-14,31,Unknown,Compton,06-037-1302,AQS
2024-04-15,39,Unknown,Long Beach-Route 710 Near Road,06-037-4008,AQS
2024-04-16,43,Unknown,Long Beach-Route 710 Near Road,06-037-4008,AQS
2024-04-17,38,Unknown,Long Beach-Route 710 Near Road,06-037-4008,AQS
2024-04-18,36,Unknown,Los Angeles-North Main Street,06-037-1103,AQS
2024-04-19,24,Unknown,Anaheim Near-Road,06-059-0008,AQS
2024-04-20,28,Unknown,Los Angeles-North Main Street,06-037-1103,AQS
2024-04-21,22,Unknown,Long Beach-Route 710 Near Road,06-037-4008,AQS
2024-04-22,25,Unknown,Los Angeles-North Main Street,06-037-1103,AQS
2024-04-23,38,Unknown,Long Beach-Route 710 Near Road,06-037-4008,AQS
2024-04-24,38,Unknown,Long Beach-Route 710 Near Road,06-037-4008,AQS
2024-04-25,36,Unknown,Long Beach-Route 710 Near Road,06-037-4008,AQS
2024-04-26,32,Unknown,Long Beach-Route 710 Near Road,06-037-4008,AQS
2024-04-27,23,Unknown,Los Angeles-North Main Street,06-037-1103,AQS
2024-04-28,34,Unknown,Los Angeles-North Main Street,06-037-1103,AQS
2024-04-29,32,Unknown,Long Beach-Route 710 Near Road,06-037-4008,AQS
2024-04-30,28,Unknown,Long Beach-Route 710 Near Road,06-037-4008,AQS
2024-05-01,31,Unknown,Long Beach-Route 710 Near Road,06-037-4008,AQS
2024-05-02,26,Unknown,Long Beach-Route 710 Near Road,06-037-4008,AQS
2024-05-03,31,Unknown,Anaheim Near-Road,06-059-0008,AQS
2024-05-04,19,Unknown,Pico Rivera #2,06-037-1602,AQS
2024-05-05,15,Unknown,Anaheim Near-Road,06-059-0008,AQS
2024-05-06,31,Unknown,Long Beach-Route 710 Near Road,06-037-4008,AQS
2024-05-07,29,Unknown,Long Beach-Route 710 Near Road,06-037-4008,AQS
2024-05-08,24,Unknown,Anaheim Near-Road,06-059-0008,AQS
2024-05-09,22,Unknown,Long Beach-Route 710 Near Road,06-037-4008,AQS
2024-05-10,32,Unknown,Long Beach-Route 710 Near Road,06-037-4008,AQS
2024-05-11,18,Unknown,Long Beach-Route 710 Near Road,06-037-4008,AQS
2024-05-12,20,Unknown,Anaheim Near-Road,06-059-0008,AQS
2024-05-13,26,Unknown,Long Beach-Route 710 Near Road,06-037-4008,AQS
2024-05-14,27,Unknown,Long Beach-Route 710 Near Road,06-037-4008,AQS
2024-05-15,27,Unknown,Long Beach-Route 710 Near Road,06-037-4008,AQS
2024-05-16,36,Unknown,Long Beach-Route 710 Near Road,06-037-4008,AQS
2024-05-17,31,Unknown,Long Beach-Route 710 Near Road,06-037-4008,AQS
2024-05-18,25,Unknown,Long Beach-Route 710 Near Road,06-037-4008,AQS
2024-05-19,17,Unknown,Anaheim Near-Road,06-059-0008,AQS
2024-05-20,25,Unknown,Long Beach-Route 710 Near Road,06-037-4008,AQS
2024-05-21,36,Unknown,Long Beach-Route 710 Near Road,06-037-4008,AQS
2024-05-22,30,Unknown,Long Beach-Route 710 Near Road,06-037-4008,AQS
2024-05-23,28,Unknown,Anaheim Near-Road,06-059-0008,AQS
2024-05-24,36,Unknown,Long Beach-Route 710 Near Road,06-037-4008,AQS
2024-05-25,17,Unknown,Anaheim Near-Road,06-059-0008,AQS
2024-05-26,18,Unknown,Pico Rivera #2,06-037-1602,AQS
2024-05-27,21,Unknown,Los Angeles-North Main Street,06-037-1103,AQS
2024-05-28,26,Unknown,Long Beach-Route 710 Near Road,06-037-4008,AQS
2024-05-29,36,Unknown,Long Beach-Route 710 Near Road,06-037-4008,AQS
2024-05-30,26,Unknown,Long Beach-Route 710 Near Road,06-037-4008,AQS
2024-05-31,25,Unknown,Anaheim Near-Road,06-059-0008,AQS
2024-06-01,22,Unknown,Anaheim Near-Road,06-059-0008,AQS
2024-06-02,17,Unknown,Anaheim Near-Road,06-059-0008,AQS
2024-06-03,32,Unknown,Long Beach-Route 710 Near Road,06-037-4008,AQS
2024-06-04,28,Unknown,Long Beach-Route 710 Near Road,06-037-4008,AQS
2024-06-05,21,Unknown,Anaheim Near-Road,06-059-0008,AQS
2024-06-06,33,Unknown,Long Beach-Route 710 Near Road,06-037-4008,AQS
2024-06-07,20,Unknown,Anaheim Near-Road,06-059-0008,AQS
2024-06-08,16,Unknown,Anaheim Near-Road,06-059-0008,AQS
2024-06-09,17,Unknown,Anaheim Near-Road,06-059-0008,AQS
2024-06-10,30,Unknown,Long Beach-Route 710 Near Road,06-037-4008,AQS
2024-06-11,24,Unknown,Long Beach-Route 710 Near Road,06-037-4008,AQS
2024-06-12,27,Unknown,Anaheim Near-Road,06-059-0008,AQS
2024-06-13,23,Unknown,Long Beach-Route 710 Near Road,06-037-4008,AQS
2024-06-14,25,Unknown,Los Angeles-North Main Street,06-037-1103,AQS
2024-06-15,32,Unknown,Los Angeles-North Main Street,06-037-1103,AQS
2024-06-16,26,Unknown,Los Angeles-North Main Street,06-037-1103,AQS
2024-06-17,17,Unknown,Anaheim Near-Road,06-059-0008,AQS
2024-06-18,28,Unknown,Long Beach-Route 710 Near Road,06-037-4008,AQS
2024-06-19,24,Unknown,Long Beach-Route 710 Near Road,06-037-4008,AQS
2024-06-20,26,Unknown,Long Beach-Route 710 Near Road,06-037-4008,AQS
2024-06-21,33,Unknown,Los Angeles-North Main Street,06-037-1103,AQS
2024-06-22,33,Unknown,Pomona,06-037-1701,AQS
2024-06-23,29,Unknown,Pico Rivera #2,06-037-1602,AQS
2024-06-24,32,Unknown,Long Beach-Route 710 Near Road,06-037-4008,AQS
2024-06-25,29,Unknown,Long Beach-Route 710 Near Road,06-037-4008,AQS
2024-06-26,26,Unknown,Pico Rivera #2,06-037-1602,AQS
2024-06-27,27,Unknown,Los Angeles-North Main Street,06-037-1103,AQS
2024-06-28,26,Unknown,Los Angeles-North Main Street,06-037-1103,AQS
2024-06-29,21,Unknown,Pico Rivera #2,06-037-1602,AQS
2024-06-30,40,Unknown,Los Angeles-North Main Street,06-037-1103,AQS
2024-07-01,25,Unknown,Pomona,06-037-1701,AQS
2024-07-02,26,Unknown,Long Beach-Route 710 Near Road,06-037-4008,AQS
2024-07-03,35,Unknown,Pomona,06-037-1701,AQS
2024-07-04,26,Unknown,Pico Rivera #2,06-037-1602,AQS
2024-07-05,29,Unknown,Pomona,06-037-1701,AQS
2024-07-06,19,Unknown,Los Angeles-North Main Street,06-037-1103,AQS
2024-07-07,15,Unknown,Anaheim Near-Road,06-059-0008,AQS
2024-07-08,29,Unknown,Long Beach-Route 710 Near Road,06-037-4008,AQS
2024-07-09,31,Unknown,Long Beach-Route 710 Near Road,06-037-4008,AQS
2024-07-10,39,Unknown,Pomona,06-037-1701,AQS
2024-07-11,33,Unknown,Long Beach-Route 710 Near Road,06-037-4008,AQS
2024-07-12,25,Unknown,Pomona,06-037-1701,AQS
2024-07-13,27,Unknown,Long Beach-Route 710 Near Road,06-037-4008,AQS
2024-07-14,24,Unknown,Pico Rivera #2,06-037-1602,AQS
2024-07-15,27,Unknown,Long Beach-Route 710 Near Road,06-037-4008,AQS
2024-07-16,25,Unknown,Long Beach-Route 710 Near Road,06-037-4008,AQS
2024-07-17,25,Unknown,Long Beach-Route 710 Near Road,06-037-4008,AQS
2024-07-18,28,Unknown,Los Angeles-North Main Street,06-037-1103,AQS
2024-07-19,29,Unknown,Pomona,06-037-1701,AQS
2024-07-20,33,Unknown,Pico Rivera #2,06-037-1602,AQS
2024-07-21,23,Unknown,Los Angeles-North Main Street,06-037-1103,AQS
2024-07-22,35,Unknown,Los Angeles-North Main Street,06-037-1103,AQS
2024-07-23,32,Unknown,Long Beach-Route 710 Near Road,06-037-4008,AQS
2024-07-24,27,Unknown,Long Beach-Route 710 Near Road,06-037-4008,AQS
2024-07-25,26,Unknown,Pico Rivera #2,06-037-1602,AQS
2024-07-26,28,Unknown,Pico Rivera #2,06-037-1602,AQS
2024-07-27,24,Unknown,Los Angeles-North Main Street,06-037-1103,AQS
2024-07-28,23,Unknown,Los Angeles-North Main Street,06-037-1103,AQS
2024-07-29,28,Unknown,Long Beach-Route 710 Near Road,06-037-4008,AQS
2024-07-30,33,Unknown,Pomona,06-037-1701,AQS
2024-07-31,32,Unknown,Pomona,06-037-1701,AQS
2024-08-01,34,Unknown,Long Beach-Route 710 Near Road,06-037-4008,AQS
2024-08-02,36,Unknown,Pomona,06-037-1701,AQS
2024-08-03,34,Unknown,Pomona,06-037-1701,AQS
2024-08-04,31,Unknown,Los Angeles-North Main Street,06-037-1103,AQS
2024-08-05,41,Unknown,Long Beach-Route 710 Near Road,06-037-4008,AQS
2024-08-06,28,Unknown,Los Angeles-North Main Street,06-037-1103,AQS
2024-08-07,25,Unknown,Los Angeles-North Main Street,06-037-1103,AQS
2024-08-08,25,Unknown,Los Angeles-North Main Street,06-037-1103,AQS
2024-08-09,29,Unknown,Los Angeles-North Main Street,06-037-1103,AQS
2024-08-10,28,Unknown,Compton,06-037-1302,AQS
2024-08-11,29,Unknown,Los Angeles-North Main Street,06-037-1103,AQS
2024-08-12,33,Unknown,Los Angeles-North Main Street,06-037-1103,AQS
2024-08-13,33,Unknown,Los Angeles-North Main Street,06-037-1103,AQS
2024-08-14,32,Unknown,Pomona,06-037-1701,AQS
2024-08-15,33,Unknown,Los Angeles-North Main Street,06-037-1103,AQS
2024-08-16,34,Unknown,Los Angeles-North Main Street,06-037-1103,AQS
2024-08-17,16,Unknown,Santa Clarita,06-037-6012,AQS
2024-08-18,24,Unknown,Pomona,06-037-1701,AQS
2024-08-19,34,Unknown,Pomona,06-037-1701,AQS
2024-08-20,46,Unknown,Pomona,06-037-1701,AQS
2024-08-21,44,Unknown,Pomona,06-037-1701,AQS
2024-08-22,25,Unknown,Pomona,06-037-1701,AQS
2024-08-23,24,Unknown,Long Beach-Route 710 Near Road,06-037-4008,AQS
2024-08-24,26,Unknown,Long Beach-Route 710 Near Road,06-037-4008,AQS
2024-08-25,24,Unknown,Pico Rivera #2,06-037-1602,AQS
2024-08-26,30,Unknown,Pomona,06-037-1701,AQS
2024-08-27,34,Unknown,Long Beach-Route 710 Near Road,06-037-4008,AQS
2024-08-28,30,Unknown,Long Beach-Route 710 Near Road,06-037-4008,AQS
2024-08-29,30,Unknown,Long Beach-Route 710 Near Road,06-037-4008,AQS
2024-08-30,28,Unknown,Long Beach-Route 710 Near Road,06-037-4008,AQS
2024-08-31,29,Unknown,Los Angeles-North Main Street,06-037-1103,AQS
2024-09-01,25,Unknown,Los Angeles-North Main Street,06-037-1103,AQS
2024-09-02,26,Unknown,Los Angeles-North Main Street,06-037-1103,AQS
2024-09-03,48,Unknown,Long Beach-Route 710 Near Road,06-037-4008,AQS
2024-09-04,46,Unknown,Pomona,06-037-1701,AQS
2024-09-05,79,Unknown,Los Angeles-North Main Street,06-037-1103,AQS
2024-09-06,64,Unknown,Pomona,06-037-1701,AQS
2024-09-07,45,Unknown,Los Angeles-North Main Street,06-037-1103,AQS
2024-09-08,43,Unknown,Los Angeles-North Main Street,06-037-1103,AQS
2024-09-09,67,Unknown,Long Beach-Route 710 Near Road,06-037-4008,AQS
2024-09-10,46,Unknown,Pomona,06-037-1701,AQS
2024-09-11,30,Unknown,Long Beach-Route 710 Near Road,06-037-4008,AQS
2024-09-12,27,Unknown,Long Beach-Route 710 Near Road,06-037-4008,AQS
2024-09-13,27,Unknown,Long Beach-Route 710 Near Road,06-037-4008,AQS
2024-09-14,22,Unknown,Long Beach-Route 710 Near Road,06-037-4008,AQS
2024-09-15,17,Unknown,Long Beach-Route 710 Near Road,06-037-4008,AQS
2024-09-16,30,Unknown,Long Beach-Route 710 Near Road,06-037-4008,AQS
2024-09-17,28,Unknown,Long Beach-Route 710 Near Road,06-037-4008,AQS
2024-09-18,30,Unknown,Long Beach-Route 710 Near Road,06-037-4008,AQS
2024-09-19,31,Unknown,Long Beach-Route 710 Near Road,06-037-4008,AQS
2024-09-20,28,Unknown,Long Beach-Route 710 Near Road,06-037-4008,AQS
2024-09-21,21,Unknown,Lancaster - Fairgrounds,06-037-9035,AQS
2024-09-22,24,Unknown,Pomona,06-037-1701,AQS
2024-09-23,36,Unknown,Long Beach-Route 710 Near Road,06-037-4008,AQS
2024-09-24,29,Unknown,Long Beach-Route 710 Near Road,06-037-4008,AQS
2024-09-25,37,Unknown,Long Beach-Route 710 Near Road,06-037-4008,AQS
2024-09-26,29,Unknown,Long Beach-Route 710 Near Road,06-037-4008,AQS
2024-09-27,29,Unknown,Pomona,06-037-1701,AQS
2024-09-28,25,Unknown,Los Angeles-North Main Street,06-037-1103,AQS
2024-09-29,40,Unknown,Lancaster - Fairgrounds,06-037-9035,AQS
2024-09-30,51,Unknown,Los Angeles-North Main Street,06-037-1103,AQS
2024-10-01,56,Unknown,Pomona,06-037-1701,AQS
2024-10-02,60,Unknown,Pomona,06-037-1701,AQS
2024-10-03,43,Unknown,Pomona,06-037-1701,AQS
2024-10-04,33,Unknown,Long Beach-Route 710 Near Road,06-037-4008,AQS
2024-10-05,31,Unknown,Los Angeles-North Main Street,06-037-1103,AQS
2024-10-06,30,Unknown,Los Angeles-North Main Street,06-037-1103,AQS
2024-10-07,45,Unknown,Pomona,06-037-1701,AQS
2024-10-08,56,Unknown,Pomona,06-037-1701,AQS
2024-10-09,36,Unknown,Los Angeles-North Main Street,06-037-1103,AQS
2024-10-10,48,Unknown,Pomona,06-037-1701,AQS
2024-10-11,46,Unknown,Long Beach-Route 710 Near Road,06-037-4008,AQS
2024-10-12,42,Unknown,Los Angeles-North Main Street,06-037-1103,AQS
2024-10-13,32,Unknown,Pomona,06-037-1701,AQS
2024-10-14,29,Unknown,Long Beach-Route 710 Near Road,06-037-4008,AQS
2024-10-15,38,Unknown,Long Beach-Route 710 Near Road,06-037-4008,AQS
2024-10-16,33,Unknown,Long Beach-Route 710 Near Road,06-037-4008,AQS
2024-10-17,39,Unknown,Long Beach-Route 710 Near Road,06-037-4008,AQS
2024-10-18,42,Unknown,Pomona,06-037-1701,AQS
2024-10-19,41,Unknown,Compton,06-037-1302,AQS
2024-10-20,38,Unknown,Los Angeles-North Main Street,06-037-1103,AQS
2024-10-21,55,Unknown,Long Beach-Route 710 Near Road,06-037-4008,AQS
2024-10-22,67,Unknown,Long Beach-Route 710 Near Road,06-037-4008,AQS
2024-10-23,73,Unknown,Long Beach-Route 710 Near Road,06-037-4008,AQS
2024-10-24,49,Unknown,Los Angeles-North Main Street,06-037-1103,AQS
2024-10-25,64,Unknown,Los Angeles-North Main Street,06-037-1103,AQS
2024-10-26,60,Unknown,Los Angeles-North Main Street,06-037-1103,AQS
2024-10-27,42,Unknown,Pomona,06-037-1701,AQS
2024-10-28,40,Unknown,Long Beach-Route 710 Near Road,06-037-4008,AQS
2024-10-29,38,Unknown,Long Beach-Route 710 Near Road,06-037-4008,AQS
2024-10-30,46,Unknown,Long Beach-Route 710 Near Road,06-037-4008,AQS
2024-10-31,40,Unknown,Pomona,06-037-1701,AQS
2024-11-01,44,Unknown,Long Beach-Route 710 Near Road,06-037-4008,AQS
2024-11-02,31,Unknown,Long Beach-Route 710 Near Road,06-037-4008,AQS
2024-11-03,30,Unknown,Compton,06-037-1302,AQS
2024-11-04,44,Unknown,Long Beach-Route 710 Near Road,06-037-4008,AQS
2024-11-05,43,Unknown,Long Beach-Route 710 Near Road,06-037-4008,AQS
2024-11-06,43,Unknown,Long Beach-Route 710 Near Road,06-037-4008,AQS
2024-11-07,53,Unknown,Long Beach-Route 710 Near Road,06-037-4008,AQS
2024-11-08,49,Unknown,Long Beach-Route 710 Near Road,06-037-4008,AQS
2024-11-09,48,Unknown,Pasadena,06-037-2005,AQS
2024-11-10,49,Unknown,Pasadena,06-037-2005,AQS
2024-11-11,46,Unknown,Long Beach-Route 710 Near Road,06-037-4008,AQS
2024-11-12,48,Unknown,Long Beach-Route 710 Near Road,06-037-4008,AQS
2024-11-13,49,Unknown,Long Beach-Route 710 Near Road,06-037-4008,AQS
2024-11-14,61,Unknown,Long Beach-Route 710 Near Road,06-037-4008,AQS
2024-11-15,40,Unknown,Long Beach-Route 710 Near Road,06-037-4008,AQS
2024-11-16,37,Unknown,Long Beach-Route 710 Near Road,06-037-4008,AQS
2024-11-17,34,Unknown,Long Beach-Route 710 Near Road,06-037-4008,AQS
2024-11-18,42,Unknown,Long Beach-Route 710 Near Road,06-037-4008,AQS
2024-11-19,51,Unknown,Long Beach-Route 710 Near Road,06-037-4008,AQS
2024-11-20,51,Unknown,Long Beach-Route 710 Near Road,06-037-4008,AQS
2024-11-21,62,Unknown,Long Beach-Route 710 Near Road,06-037-4008,AQS
2024-11-22,55,Unknown,Los Angeles-North Main Street,06-037-1103,AQS
2024-11-23,36,Unknown,Pomona,06-037-1701,AQS
2024-11-24,25,Unknown,Pomona,06-037-1701,AQS
2024-11-25,57,Unknown,Long Beach-Route 710 Near Road,06-037-4008,AQS
2024-11-26,43,Unknown,Los Angeles-North Main Street,06-037-1103,AQS
2024-11-27,31,Unknown,Long Beach-Route 710 Near Road,06-037-4008,AQS
2024-11-28,37,Unknown,Long Beach-Route 710 Near Road,06-037-4008,AQS
2024-11-29,45,Unknown,Long Beach-Route 710 Near Road,06-037-4008,AQS
2024-11-30,40,Unknown,Pomona,06-037-1701,AQS
2024-12-01,41,Unknown,North Hollywood (NOHO),06-037-4010,AQS
2024-12-02,60,Unknown,Long Beach-Route 710 Near Road,06-037-4008,AQS
2024-12-03,49,Unknown,Pomona,06-037-1701,AQS
2024-12-04,46,Unknown,Long Beach-Route 710 Near Road,06-037-4008,AQS
2024-12-05,45,Unknown,Pico Rivera #2,06-037-1602,AQS
2024-12-06,60,Unknown,Pico Rivera #2,06-037-1602,AQS
2024-12-07,52,Unknown,La Habra,06-059-5001,AQS
2024-12-08,42,Unknown,Reseda,06-037-1201,AQS
2024-12-09,56,Unknown,Long Beach-Route 710 Near Road,06-037-4008,AQS
2024-12-10,73,Unknown,Long Beach-Route 710 Near Road,06-037-4008,AQS
2024-12-11,53,Unknown,Long Beach-Route 710 Near Road,06-037-4008,AQS
2024-12-12,46,Unknown,Long Beach-Route 710 Near Road,06-037-4008,AQS
2024-12-13,46,Unknown,Long Beach-Route 710 Near Road,06-037-4008,AQS
2024-12-14,40,Unknown,Long Beach-Route 710 Near Road,06-037-4008,AQS
2024-12-15,36,Unknown,Anaheim Near-Road,06-059-0008,AQS
2024-12-16,53,Unknown,Long Beach-Route 710 Near Road,06-037-4008,AQS
2024-12-17,58,Unknown,Long Beach-Route 710 Near Road,06-037-4008,AQS
2024-12-18,64,Unknown,Long Beach-Route 710 Near Road,06-037-4008,AQS
2024-12-19,52,Unknown,North Hollywood (NOHO),06-037-4010,AQS
2024-12-20,66,Unknown,Pomona,06-037-1701,AQS
2024-12-21,44,Unknown,Pomona,06-037-1701,AQS
2024-12-22,47,Unknown,Pasadena,06-037-2005,AQS
2024-12-23,44,Unknown,Long Beach-Route 710 Near Road,06-037-4008,AQS
2024-12-24,35,Unknown,Glendora,06-037-0016,AQS
2024-12-25,32,Unknown,Pico Rivera #2,06-037-1602,AQS
2024-12-26,39,Unknown,North Hollywood (NOHO),06-037-4010,AQS
2024-12-27,36,Unknown,Pomona,06-037-1701,AQS
2024-12-28,33,Unknown,Pomona,06-037-1701,AQS
2024-12-29,36,Unknown,Anaheim Near-Road,06-059-0008,AQS
2024-12-30,42,Unknown,Long Beach-Route 710 Near Road,06-037-4008,AQS
2024-12-31,41,Unknown,Pomona,06-037-1701,AQS
2025-01-01,37,Unknown,Pomona,06-037-1701,AQS
2025-01-02,57,Unknown,Pico Rivera #2,06-037-1602,AQS
2025-01-03,54,Unknown,Pomona,06-037-1701,AQS
2025-01-04,41,Unknown,Pomona,06-037-1701,AQS
2025-01-05,44,Unknown,Pomona,06-037-1701,AQS
2025-01-06,61,Unknown,Long Beach-Route 710 Near Road,06-037-4008,AQS
2025-01-07,47,Unknown,Long Beach-Route 710 Near Road,06-037-4008,AQS
2025-01-08,60,Unknown,Long Beach-Route 710 Near Road,06-037-4008,AQS
2025-01-09,61,Unknown,Long Beach-Route 710 Near Road,06-037-4008,AQS
2025-01-10,64,Unknown,Long Beach-Route 710 Near Road,06-037-4008,AQS
2025-01-11,49,Unknown,Pomona,06-037-1701,AQS
2025-01-12,40,Unknown,Long Beach-Route 710 Near Road,06-037-4008,AQS
2025-01-13,51,Unknown,Long Beach-Route 710 Near Road,06-037-4008,AQS
2025-01-14,56,Unknown,Long Beach-Route 710 Near Road,06-037-4008,AQS
2025-01-15,56,Unknown,Long Beach-Route 710 Near Road,06-037-4008,AQS
2025-01-16,54,Unknown,Long Beach-Route 710 Near Road,06-037-4008,AQS
2025-01-17,41,Unknown,Long Beach-Route 710 Near Road,06-037-4008,AQS
2025-01-18,36,Unknown,Long Beach-Route 710 Near Road,06-037-4008,AQS
2025-01-19,31,Unknown,North Hollywood (NOHO),06-037-4010,AQS
2025-01-20,49,Unknown,Long Beach-Route 710 Near Road,06-037-4008,AQS
2025-01-21,53,Unknown,Long Beach-Route 710 Near Road,06-037-4008,AQS
2025-01-22,69,Unknown,Long Beach-Route 710 Near Road,06-037-4008,AQS
2025-01-23,66,Unknown,Long Beach-Route 710 Near Road,06-037-4008,AQS
2025-01-24,50,Unknown,Long Beach-Route 710 Near Road,06-037-4008,AQS
2025-01-25,41,Unknown,North Hollywood (NOHO),06-037-4010,AQS
2025-01-26,16,Unknown,Compton,06-037-1302,AQS
2025-01-27,42,Unknown,Long Beach-Route 710 Near Road,06-037-4008,AQS
2025-01-28,32,Unknown,Los Angeles-North Main Street,06-037-1103,AQS
2025-01-29,40,Unknown,Long Beach-Route 710 Near Road,06-037-4008,AQS
2025-01-30,47,Unknown,Long Beach-Route 710 Near Road,06-037-4008,AQS
2025-01-31,42,Unknown,Long Beach-Route 710 Near Road,06-037-4008,AQS
2025-02-01,37,Unknown,Anaheim Near-Road,06-059-0008,AQS
2025-02-02,41,Unknown,Pomona,06-037-1701,AQS
2025-02-03,45,Unknown,Los Angeles-North Main Street,06-037-1103,AQS
2025-02-04,28,Unknown,Glendora,06-037-0016,AQS
2025-02-05,30,Unknown,Long Beach-Route 710 Near Road,06-037-4008,AQS
2025-02-06,26,Unknown,Long Beach-Route 710 Near Road,06-037-4008,AQS
2025-02-07,32,Unknown,Long Beach-Route 710 Near Road,06-037-4008,AQS
2025-02-08,29,Unknown,Anaheim Near-Road,06-059-0008,AQS
2025-02-09,30,Unknown,Los Angeles-North Main Street,06-037-1103,AQS
2025-02-10,32,Unknown,Compton,06-037-1302,AQS
2025-02-11,33,Unknown,Los Angeles-North Main Street,06-037-1103,AQS
2025-02-12,32,Unknown,Long Beach-Route 710 Near Road,06-037-4008,AQS
2025-02-13,26,Unknown,Los Angeles-North Main Street,06-037-1103,AQS
2025-02-14,30,Unknown,Long Beach-Route 710 Near Road,06-037-4008,AQS
2025-02-15,34,Unknown,Anaheim Near-Road,06-059-0008,AQS
2025-02-16,40,Unknown,Anaheim Near-Road,06-059-0008,AQS
2025-02-17,37,Unknown,Long Beach-Route 710 Near Road,06-037-4008,AQS
2025-02-18,45,Unknown,Long Beach-Route 710 Near Road,06-037-4008,AQS
2025-02-19,43,Unknown,Long Beach-Route 710 Near Road,06-037-4008,AQS
2025-02-20,45,Unknown,Anaheim Near-Road,06-059-0008,AQS
2025-02-21,43,Unknown,Pomona,06-037-1701,AQS
2025-02-22,43,Unknown,Anaheim Near-Road,06-059-0008,AQS
2025-02-23,43,Unknown,Pomona,06-037-1701,AQS
2025-02-24,56,Unknown,Long Beach-Route 710 Near Road,06-037-4008,AQS
2025-02-25,46,Unknown,Pomona,06-037-1701,AQS
2025-02-26,63,Unknown,Long Beach-Route 710 Near Road,06-037-4008,AQS
2025-02-27,61,Unknown,Long Beach-Route 710 Near Road,06-037-4008,AQS
2025-02-28,54,Unknown,Long Beach-Route 710 Near Road,06-037-4008,AQS
2025-03-01,20,Unknown,Long Beach-Route 710 Near Road,06-037-4008,AQS
2025-03-02,23,Unknown,Long Beach-Route 710 Near Road,06-037-4008,AQS
2025-03-03,33,Unknown,Long Beach-Route 710 Near Road,06-037-4008,AQS
2025-03-04,32,Unknown,Long Beach-Route 710 Near Road,06-037-4008,AQS
2025-03-05,38,Unknown,Long Beach-Route 710 Near Road,06-037-4008,AQS
2025-03-06,41,Unknown,Long Beach-Route 710 Near Road,06-037-4008,AQS
2025-03-07,30,Unknown,Pomona,06-037-1701,AQS
2025-03-08,31,Unknown,Los Angeles-North Main Street,06-037-1103,AQS
2025-03-09,39,Unknown,Long Beach-Route 710 Near Road,06-037-4008,AQS
2025-03-10,41,Unknown,Long Beach-Route 710 Near Road,06-037-4008,AQS
2025-03-11,33,Unknown,Los Angeles-North Main Street,06-037-1103,AQS
2025-03-12,33,Unknown,Long Beach-Route 710 Near Road,06-037-4008,AQS
2025-03-13,40,Unknown,Long Beach-Route 710 Near Road,06-037-4008,AQS
2025-03-14,36,Unknown,Long Beach-Route 710 Near Road,06-037-4008,AQS
2025-03-15,28,Unknown,Long Beach-Route 710 Near Road,06-037-4008,AQS
2025-03-16,29,Unknown,Los Angeles-North Main Street,06-037-1103,AQS
2025-03-17,34,Unknown,Long Beach-Route 710 Near Road,06-037-4008,AQS
2025-03-18,34,Unknown,Long Beach-Route 710 Near Road,06-037-4008,AQS
2025-03-19,42,Unknown,Anaheim Near-Road,06-059-0008,AQS
2025-03-20,44,Unknown,Long Beach-Route 710 Near Road,06-037-4008,AQS
2025-03-21,42,Unknown,Pomona,06-037-1701,AQS
2025-03-22,32,Unknown,Los Angeles-North Main Street,06-037-1103,AQS
2025-03-23,24,Unknown,Pomona,06-037-1701,AQS
2025-03-24,47,Unknown,Long Beach-Route 710 Near Road,06-037-4008,AQS
2025-03-25,42,Unknown,Pomona,06-037-1701,AQS
2025-03-26,35,Unknown,Long Beach-Route 710 Near Road,06-037-4008,AQS
2025-03-27,27,Unknown,Long Beach-Route 710 Near Road,06-037-4008,AQS
2025-03-28,26,Unknown,Pico Rivera #2,06-037-1602,AQS
2025-03-29,25,Unknown,Los Angeles-North Main Street,06-037-1103,AQS
2025-03-30,18,Unknown,Anaheim Near-Road,06-059-0008,AQS
2025-03-31,19,Unknown,Los Angeles-North Main Street,06-037-1103,AQS
2025-04-01,34,Unknown,Long Beach-Route 710 Near Road,06-037-4008,AQS
2025-04-02,31,Unknown,Long Beach-Route 710 Near Road,06-037-4008,AQS
2025-04-03,30,Unknown,Los Angeles-North Main Street,06-037-1103,AQS
2025-04-04,30,Unknown,Long Beach-Route 710 Near Road,06-037-4008,AQS
2025-04-05,32,Unknown,Long Beach-Route 710 Near Road,06-037-4008,AQS
2025-04-06,33,Unknown,Anaheim Near-Road,06-059-0008,AQS
2025-04-07,36,Unknown,Long Beach-Route 710 Near Road,06-037-4008,AQS
2025-04-08,52,Unknown,Long Beach-Route 710 Near Road,06-037-4008,AQS
2025-04-09,42,Unknown,Los Angeles-North Main Street,06-037-1103,AQS
2025-04-10,44,Unknown,Pomona,06-037-1701,AQS
2025-04-11,41,Unknown,Pomona,06-037-1701,AQS
2025-04-12,27,Unknown,Pomona,06-037-1701,AQS
2025-04-13,17,Unknown,Anaheim Near-Road,06-059-0008,AQS
2025-04-14,28,Unknown,Long Beach-Route 710 Near Road,06-037-4008,AQS
2025-04-15,27,Unknown,Long Beach-Route 710 Near Road,06-037-4008,AQS
2025-04-16,37,Unknown,Long Beach-Route 710 Near Road,06-037-4008,AQS
2025-04-17,28,Unknown,Long Beach-Route 710 Near Road,06-037-4008,AQS
2025-04-18,35,Unknown,Long Beach-Route 710 Near Road,06-037-4008,AQS
2025-04-19,36,Unknown,Long Beach-Route 710 Near Road,06-037-4008,AQS
2025-04-20,25,Unknown,Los Angeles-North Main Street,06-037-1103,AQS
2025-04-21,31,Unknown,Pomona,06-037-1701,AQS
2025-04-22,26,Unknown,Long Beach-Route 710 Near Road,06-037-4008,AQS
2025-04-23,30,Unknown,Long Beach-Route 710 Near Road,06-037-4008,AQS
2025-04-24,34,Unknown,Long Beach-Route 710 Near Road,06-037-4008,AQS
2025-04-25,25,Unknown,Anaheim Near-Road,06-059-0008,AQS
2025-04-26,23,Unknown,Anaheim Near-Road,06-059-0008,AQS
2025-04-27,24,Unknown,Compton,06-037-1302,AQS
2025-04-28,36,Unknown,Long Beach-Route 710 Near Road,06-037-4008,AQS
2025-04-29,34,Unknown,Long Beach-Route 710 Near Road,06-037-4008,AQS
2025-04-30,26,Unknown,Long Beach-Route 710 Near Road,06-037-4008,AQS
2025-05-01,23,Unknown,Anaheim Near-Road,06-059-0008,AQS
2025-05-02,34,Unknown,Long Beach-Route 710 Near Road,06-037-4008,AQS
2025-05-03,18,Unknown,Los Angeles-North Main Street,06-037-1103,AQS
2025-05-04,16,Unknown,Los Angeles-North Main Street,06-037-1103,AQS
2025-05-05,20,Unknown,Anaheim Near-Road,06-059-0008,AQS
2025-05-06,27,Unknown,Long Beach-Route 710 Near Road,06-037-4008,AQS
2025-05-07,38,Unknown,Long Beach-Route 710 Near Road,06-037-4008,AQS
2025-05-08,38,Unknown,Long Beach-Route 710 Near Road,06-037-4008,AQS
2025-05-09,41,Unknown,Pomona,06-037-1701,AQS
2025-05-10,37,Unknown,Pomona,06-037-1701,AQS
2025-05-11,37,Unknown,Los Angeles-North Main Street,06-037-1103,AQS
2025-05-12,19,Unknown,Long Beach-Route 710 Near Road,06-037-4008,AQS
2025-05-13,23,Unknown,Anaheim Near-Road,06-059-0008,AQS
2025-05-14,23,Unknown,Compton,06-037-1302,AQS
2025-05-15,23,Unknown,Long Beach-Route 710 Near Road,06-037-4008,AQS
2025-05-16,22,Unknown,Long Beach-Route 710 Near Road,06-037-4008,AQS
2025-05-17,13,Unknown,Long Beach-Route 710 Near Road,06-037-4008,AQS
2025-05-18,22,Unknown,Pomona,06-037-1701,AQS
2025-05-19,31,Unknown,Long Beach-Route 710 Near Road,06-037-4008,AQS
2025-05-20,35,Unknown,Los Angeles-North Main Street,06-037-1103,AQS
2025-05-21,37,Unknown,Pomona,06-037-1701,AQS
2025-05-22,40,Unknown,Pomona,06-037-1701,AQS
2025-05-23,30,Unknown,Pomona,06-037-1701,AQS
2025-05-24,16,Unknown,Anaheim Near-Road,06-059-0008,AQS
2025-05-25,15,Unknown,Anaheim Near-Road,06-059-0008,AQS
2025-05-26,18,Unknown,Anaheim Near-Road,06-059-0008,AQS
2025-05-27,25,Unknown,Long Beach-Route 710 Near Road,06-037-4008,AQS
2025-05-28,35,Unknown,Long Beach-Route 710 Near Road,06-037-4008,AQS
2025-05-29,32,Unknown,Long Beach-Route 710 Near Road,06-037-4008,AQS
2025-05-30,35,Unknown,Long Beach-Route 710 Near Road,06-037-4008,AQS
2025-05-31,25,Unknown,Los Angeles-North Main Street,06-037-1103,AQS
2025-06-01,20,Unknown,Long Beach-Route 710 Near Road,06-037-4008,AQS
2025-06-02,23,Unknown,Los Angeles-North Main Street,06-037-1103,AQS
2025-06-03,27,Unknown,Long Beach-Route 710 Near Road,06-037-4008,AQS
2025-06-04,31,Unknown,Long Beach-Route 710 Near Road,06-037-4008,AQS
2025-06-05,31,Unknown,Long Beach-Route 710 Near Road,06-037-4008,AQS
2025-06-06,32,Unknown,Long Beach-Route 710 Near Road,06-037-4008,AQS
2025-06-07,16,Unknown,Anaheim Near-Road,06-059-0008,AQS
2025-06-08,16,Unknown,Long Beach-Route 710 Near Road,06-037-4008,AQS
2025-06-09,25,Unknown,Long Beach-Route 710 Near Road,06-037-4008,AQS
2025-06-10,22,Unknown,Lancaster - Fairgrounds,06-037-9035,AQS
2025-06-11,25,Unknown,Long Beach-Route 710 Near Road,06-037-4008,AQS
2025-06-12,22,Unknown,Anaheim Near-Road,06-059-0008,AQS
2025-06-13,21,Unknown,Long Beach-Route 710 Near Road,06-037-4008,AQS
2025-06-14,17,Unknown,Los Angeles-North Main Street,06-037-1103,AQS
2025-06-15,25,Unknown,Los Angeles-North Main Street,06-037-1103,AQS
2025-06-16,27,Unknown,Long Beach-Route 710 Near Road,06-037-4008,AQS
2025-06-17,32,Unknown,Long Beach-Route 710 Near Road,06-037-4008,AQS
2025-06-18,30,Unknown,Los Angeles-North Main Street,06-037-1103,AQS
2025-06-19,20,Unknown,Anaheim Near-Road,06-059-0008,AQS
2025-06-20,20,Unknown,Long Beach-Route 710 Near Road,06-037-4008,AQS
2025-06-21,14,Unknown,Anaheim Near-Road,06-059-0008,AQS
2025-06-22,20,Unknown,Los Angeles-North Main Street,06-037-1103,AQS
2025-06-23,19,Unknown,Pico Rivera #2,06-037-1602,AQS
2025-06-24,26,Unknown,Long Beach-Route 710 Near Road,06-037-4008,AQS
2025-06-25,21,Unknown,Long Beach-Route 710 Near Road,06-037-4008,AQS
2025-06-26,25,Unknown,Long Beach-Route 710 Near Road,06-037-4008,AQS
2025-06-27,21,Unknown,Anaheim Near-Road,06-059-0008,AQS
2025-06-28,21,Unknown,Los Angeles-North Main Street,06-037-1103,AQS
2025-06-29,20,Unknown,Pomona,06-037-1701,AQS
2025-06-30,27,Unknown,Long Beach-Route 710 Near Road,06-037-4008,AQS
2025-07-01,26,Unknown,Long Beach-Route 710 Near Road,06-037-4008,AQS
2025-07-02,24,Unknown,Long Beach-Route 710 Near Road,06-037-4008,AQS
2025-07-03,17,Unknown,Anaheim Near-Road,06-059-0008,AQS
2025-07-04,24,Unknown,Pico Rivera #2,06-037-1602,AQS
2025-07-05,23,Unknown,Los Angeles-North Main Street,06-037-1103,AQS
2025-07-06,19,Unknown,Pomona,06-037-1701,AQS
2025-07-07,28,Unknown,Long Beach-Route 710 Near Road,06-037-4008,AQS
2025-07-08,30,Unknown,Long Beach-Route 710 Near Road,06-037-4008,AQS
2025-07-09,36,Unknown,Long Beach-Route 710 Near Road,06-037-4008,AQS
2025-07-10,32,Unknown,Pomona,06-037-1701,AQS
2025-07-11,28,Unknown,Los Angeles-North Main Street,06-037-1103,AQS
2025-07-12,13,Unknown,Los Angeles-North Main Street,06-037-1103,AQS
2025-07-13,18,Unknown,Signal Hill (LBSH),06-037-4009,AQS
2025-07-14,21,Unknown,Long Beach-Route 710 Near Road,06-037-4008,AQS
2025-07-15,18,Unknown,Long Beach-Route 710 Near Road,06-037-4008,AQS
2025-07-16,23,Unknown,Pico Rivera #2,06-037-1602,AQS
2025-07-17,28,Unknown,Long Beach-Route 710 Near Road,06-037-4008,AQS
2025-07-18,29,Unknown,Long Beach-Route 710 Near Road,06-037-4008,AQS
2025-07-19,18,Unknown,Long Beach-Route 710 Near Road,06-037-4008,AQS
2025-07-20,13,Unknown,Anaheim Near-Road,06-059-0008,AQS
2025-07-21,21,Unknown,Long Beach-Route 710 Near Road,06-037-4008,AQS
2025-07-22,27,Unknown,Long Beach-Route 710 Near Road,06-037-4008,AQS
2025-07-23,27,Unknown,Long Beach-Route 710 Near Road,06-037-4008,AQS
2025-07-24,24,Unknown,Pomona,06-037-1701,AQS
2025-07-25,24,Unknown,Long Beach-Route 710 Near Road,06-037-4008,AQS
2025-07-26,14,Unknown,Pico Rivera #2,06-037-1602,AQS
2025-07-27,16,Unknown,Los Angeles-North Main Street,06-037-1103,AQS
2025-07-28,21,Unknown,Long Beach-Route 710 Near Road,06-037-4008,AQS
2025-07-29,20,Unknown,Los Angeles-North Main Street,06-037-1103,AQS
2025-07-30,30,Unknown,Pomona,06-037-1701,AQS
2025-07-31,26,Unknown,Pomona,06-037-1701,AQS
2025-08-01,20,Unknown,Long Beach-Route 710 Near Road,06-037-4008,AQS
2025-08-02,23,Unknown,Pico Rivera #2,06-037-1602,AQS
2025-08-03,22,Unknown,Los Angeles-North Main Street,06-037-1103,AQS
2025-08-04,34,Unknown,Long Beach-Route 710 Near Road,06-037-4008,AQS
2025-08-05,30,Unknown,Pomona,06-037-1701,AQS
2025-08-06,39,Unknown,Long Beach-Route 710 Near Road,06-037-4008,AQS
2025-08-07,49,Unknown,Pomona,06-037-1701,AQS
2025-08-08,36,Unknown,Pomona,06-037-1701,AQS
2025-08-09,22,Unknown,North Hollywood (NOHO),06-037-4010,AQS
2025-08-10,24,Unknown,Compton,06-037-1302,AQS
2025-08-11,27,Unknown,Long Beach-Route 710 Near Road,06-037-4008,AQS
2025-08-12,30,Unknown,Long Beach-Route 710 Near Road,06-037-4008,AQS
2025-08-13,25,Unknown,Long Beach-Route 710 Near Road,06-037-4008,AQS
2025-08-14,25,Unknown,Long Beach-Route 710 Near Road,06-037-4008,AQS
2025-08-15,21,Unknown,Anaheim Near-Road,06-059-0008,AQS
2025-08-16,16,Unknown,Long Beach-Route 710 Near Road,06-037-4008,AQS
2025-08-17,19,Unknown,Pomona,06-037-1701,AQS
2025-08-18,27,Unknown,Long Beach-Route 710 Near Road,06-037-4008,AQS
2025-08-19,31,Unknown,Pomona,06-037-1701,AQS
2025-08-20,33,Unknown,Long Beach-Route 710 Near Road,06-037-4008,AQS
2025-08-21,42,Unknown,Los Angeles-North Main Street,06-037-1103,AQS
2025-08-22,34,Unknown,Los Angeles-North Main Street,06-037-1103,AQS
2025-08-23,25,Unknown,Los Angeles-North Main Street,06-037-1103,AQS
2025-08-24,19,Unknown,Pico Rivera #2,06-037-1602,AQS
2025-08-25,27,Unknown,Long Beach-Route 710 Near Road,06-037-4008,AQS
2025-08-26,27,Unknown,Long Beach-Route 710 Near Road,06-037-4008,AQS
2025-08-27,30,Unknown,Long Beach-Route 710 Near Road,06-037-4008,AQS
2025-08-28,35,Unknown,Pomona,06-037-1701,AQS
2025-08-29,34,Unknown,Long Beach-Route 710 Near Road,06-037-4008,AQS
2025-08-30,34,Unknown,Pomona,06-037-1701,AQS
2025-08-31,23,Unknown,Pomona,06-037-1701,AQS
2025-09-01,22,Unknown,Los Angeles-North Main Street,06-037-1103,AQS
2025-09-02,29,Unknown,Pomona,06-037-1701,AQS
2025-09-03,30,Unknown,Los Angeles-North Main Street,06-037-1103,AQS
2025-09-04,32,Unknown,Long Beach-Route 710 Near Road,06-037-4008,AQS
2025-09-05,28,Unknown,Pomona,06-037-1701,AQS
2025-09-06,28,Unknown,Pomona,06-037-1701,AQS
2025-09-07,25,Unknown,Los Angeles-North Main Street,06-037-1103,AQS
2025-09-08,32,Unknown,Pomona,06-037-1701,AQS
2025-09-09,25,Unknown,Long Beach-Route 710 Near Road,06-037-4008,AQS
2025-09-10,19,Unknown,Long Beach-Route 710 Near Road,06-037-4008,AQS
2025-09-11,24,Unknown,Long Beach-Route 710 Near Road,06-037-4008,AQS
2025-09-12,24,Unknown,Long Beach-Route 710 Near Road,06-037-4008,AQS
2025-09-13,18,Unknown,Los Angeles-North Main Street,06-037-1103,AQS
2025-09-14,17,Unknown,Pico Rivera #2,06-037-1602,AQS
2025-09-15,32,Unknown,Long Beach-Route 710 Near Road,06-037-4008,AQS
2025-09-16,51,Unknown,Long Beach-Route 710 Near Road,06-037-4008,AQS
2025-09-17,35,Unknown,Long Beach-Route 710 Near Road,06-037-4008,AQS
2025-09-18,37,Unknown,Long Beach-Route 710 Near Road,06-037-4008,AQS
2025-09-19,28,Unknown,Long Beach-Route 710 Near Road,06-037-4008,AQS
2025-09-20,24,Unknown,Pomona,06-037-1701,AQS
2025-09-21,21,Unknown,Pomona,06-037-1701,AQS
2025-09-22,35,Unknown,Pomona,06-037-1701,AQS
2025-09-23,44,Unknown,Pomona,06-037-1701,AQS
2025-09-24,26,Unknown,Pico Rivera #2,06-037-1602,AQS
2025-09-25,26,Unknown,Long Beach-Route 710 Near Road,06-037-4008,AQS
2025-09-26,20,Unknown,Anaheim Near-Road,06-059-0008,AQS
2025-09-27,19,Unknown,Los Angeles-North Main Street,06-037-1103,AQS
2025-09-28,19,Unknown,Pico Rivera #2,06-037-1602,AQS
2025-09-29,33,Unknown,Long Beach-Route 710 Near Road,06-037-4008,AQS
2025-09-30,29,Unknown,Long Beach-Route 710 Near Road,06-037-4008,AQS
2025-10-01,27,Unknown,Long Beach-Route 710 Near Road,06-037-4008,AQS
2025-10-02,24,Unknown,Pomona,06-037-1701,AQS
2025-10-03,25,Unknown,Long Beach-Route 710 Near Road,06-037-4008,AQS
2025-10-04,23,Unknown,Compton,06-037-1302,AQS
2025-10-05,26,Unknown,West Los Angeles,06-037-0113,AQS
2025-10-06,32,Unknown,Long Beach-Route 710 Near Road,06-037-4008,AQS
2025-10-07,36,Unknown,Long Beach-Route 710 Near Road,06-037-4008,AQS
2025-10-08,36,Unknown,Long Beach-Route 710 Near Road,06-037-4008,AQS
2025-10-09,39,Unknown,Long Beach-Route 710 Near Road,06-037-4008,AQS
2025-10-10,37,Unknown,Pomona,06-037-1701,AQS
2025-10-11,35,Unknown,Pomona,06-037-1701,AQS
2025-10-12,27,Unknown,Los Angeles-North Main Street,06-037-1103,AQS
2025-10-13,26,Unknown,Los Angeles-North Main Street,06-037-1103,AQS
2025-10-14,33,Unknown,Long Beach-Route 710 Near Road,06-037-4008,AQS
2025-10-15,35,Unknown,Long Beach-Route 710 Near Road,06-037-4008,AQS
2025-10-16,42,Unknown,Pomona,06-037-1701,AQS
2025-10-17,47,Unknown,Long Beach-Route 710 Near Road,06-037-4008,AQS
2025-10-18,40,Unknown,Los Angeles-North Main Street,06-037-1103,AQS
2025-10-19,35,Unknown,Long Beach-Route 710 Near Road,06-037-4008,AQS
2025-10-20,50,Unknown,Pomona,06-037-1701,AQS
2025-10-21,51,Unknown,Los Angeles-North Main Street,06-037-1103,AQS
2025-10-22,32,Unknown,Long Beach-Route 710 Near Road,06-037-4008,AQS
2025-10-23,37,Unknown,Long Beach-Route 710 Near Road,06-037-4008,AQS
2025-10-24,34,Unknown,Pomona,06-037-1701,AQS
2025-10-25,23,Unknown,Pomona,06-037-1701,AQS
2025-10-26,25,Unknown,Los Angeles-North Main Street,06-037-1103,AQS
2025-10-27,44,Unknown,Long Beach-Route 710 Near Road,06-037-4008,AQS
2025-10-28,53,Unknown,Long Beach-Route 710 Near Road,06-037-4008,AQS
2025-10-29,52,Unknown,Long Beach-Route 710 Near Road,06-037-4008,AQS
2025-10-30,50,Unknown,Long Beach-Route 710 Near Road,06-037-4008,AQS
2025-10-31,43,Unknown,Pomona,06-037-1701,AQS
2025-11-01,42,Unknown,Pomona,06-037-1701,AQS
2025-11-02,28,Unknown,Pico Rivera #2,06-037-1602,AQS
2025-11-03,46,Unknown,Long Beach-Route 710 Near Road,06-037-4008,AQS
2025-11-04,42,Unknown,Long Beach-Route 710 Near Road,06-037-4008,AQS
2025-11-05,32,Unknown,Long Beach-Route 710 Near Road,06-037-4008,AQS
2025-11-06,37,Unknown,Long Beach-Route 710 Near Road,06-037-4008,AQS
2025-11-07,44,Unknown,Pomona,06-037-1701,AQS
2025-11-08,29,Unknown,Reseda,06-037-1201,AQS
2025-11-09,33,Unknown,Pomona,06-037-1701,AQS
2025-11-10,48,Unknown,Long Beach-Route 710 Near Road,06-037-4008,AQS
2025-11-11,49,Unknown,Los Angeles-North Main Street,06-037-1103,AQS
2025-11-12,47,Unknown,Pomona,06-037-1701,AQS
2025-11-13,50,Unknown,Pomona,06-037-1701,AQS
2025-11-14,25,Unknown,Compton,06-037-1302,AQS
2025-11-15,28,Unknown,Long Beach-Route 710 Near Road,06-037-4008,AQS
2025-11-16,21,Unknown,Long Beach-Route 710 Near Road,06-037-4008,AQS
2025-11-17,39,Unknown,Long Beach-Route 710 Near Road,06-037-4008,AQS
2025-11-18,45,Unknown,Long Beach-Route 710 Near Road,06-037-4008,AQS
2025-11-19,41,Unknown,Long Beach-Route 710 Near Road,06-037-4008,AQS
2025-11-20,31,Unknown,Long Beach-Route 710 Near Road,06-037-4008,AQS
2025-11-21,42,Unknown,Long Beach-Route 710 Near Road,06-037-4008,AQS
2025-11-22,35,Unknown,Long Beach-Route 710 Near Road,06-037-4008,AQS
2025-11-23,27,Unknown,Los Angeles-North Main Street,06-037-1103,AQS
2025-11-24,47,Unknown,Long Beach-Route 710 Near Road,06-037-4008,AQS
2025-11-25,57,Unknown,Compton,06-037-1302,AQS
2025-11-26,50,Unknown,Long Beach-Route 710 Near Road,06-037-4008,AQS
2025-11-27,37,Unknown,Compton,06-037-1302,AQS
2025-11-28,39,Unknown,Long Beach-Route 710 Near Road,06-037-4008,AQS
2025-11-29,35,Unknown,North Hollywood (NOHO),06-037-4010,AQS
2025-11-30,31,Unknown,Long Beach-Route 710 Near Road,06-037-4008,AQS
2025-12-01,61,Unknown,Long Beach-Route 710 Near Road,06-037-4008,AQS
2025-12-02,47,Unknown,Long Beach-Route 710 Near Road,06-037-4008,AQS
2025-12-03,51,Unknown,Long Beach-Route 710 Near Road,06-037-4008,AQS
2025-12-04,44,Unknown,Long Beach-Route 710 Near Road,06-037-4008,AQS
2025-12-05,43,Unknown,Long Beach-Route 710 Near Road,06-037-4008,AQS
2025-12-06,40,Unknown,Reseda,06-037-1201,AQS
2025-12-07,47,Unknown,Anaheim Near-Road,06-059-0008,AQS
2025-12-08,56,Unknown,Long Beach-Route 710 Near Road,06-037-4008,AQS
2025-12-09,52,Unknown,Long Beach-Route 710 Near Road,06-037-4008,AQS
2025-12-10,62,Unknown,Long Beach-Route 710 Near Road,06-037-4008,AQS
2025-12-11,60,Unknown,Pomona,06-037-1701,AQS
2025-12-12,61,Unknown,Los Angeles-North Main Street,06-037-1103,AQS
2025-12-13,49,Unknown,Glendora,06-037-0016,AQS
2025-12-14,33,Unknown,Pomona,06-037-1701,AQS
2025-12-15,54,Unknown,Pomona,06-037-1701,AQS
2025-12-16,55,Unknown,Los Angeles-North Main Street,06-037-1103,AQS
2025-12-17,48,Unknown,Pomona,06-037-1701,AQS
2025-12-18,64,Unknown,Long Beach-Route 710 Near Road,06-037-4008,AQS
2025-12-19,55,Unknown,Reseda,06-037-1201,AQS
2025-12-20,35,Unknown,Reseda,06-037-1201,AQS
2025-12-21,31,Unknown,Anaheim,06-059-0007,AQS
2025-12-22,54,Unknown,Pomona,06-037-1701,AQS
2025-12-23,38,Unknown,Pomona,06-037-1701,AQS
2025-12-24,34,Unknown,Long Beach-Route 710 Near Road,06-037-4008,AQS
2025-12-25,22,Unknown,West Los Angeles,06-037-0113,AQS
2025-12-26,39,Unknown,Long Beach-Route 710 Near Road,06-037-4008,AQS
2025-12-27,31,Unknown,Long Beach-Route 710 Near Road,06-037-4008,AQS
2025-12-28,35,Unknown,Long Beach-Route 710 Near Road,06-037-4008,AQS
2025-12-29,47,Unknown,Long Beach-Route 710 Near Road,06-037-4008,AQS
2025-12-30,44,Unknown,Long Beach-Route 710 Near Road,06-037-4008,AQS
2025-12-31,39,Unknown,Long Beach-Route 710 Near Road,06-037-4008,AQS
